pitcher,pitcher_name,pitch_hand,n_pitches,team_id,ball_angle,relative_release_ball_x,release_ball_z,relative_shoulder_x,shoulder_z,season
434378,"Verlander, Justin",R,2608,137,55.2,-1.2552690968938744,7.100084355828221,0.160509351898177,5.057793650074363,2025
445276,"Jansen, Kenley",R,867,108,52.6,-1.1475166653666429,6.340911188004614,0.3389573378811522,4.397376129913011,2025
445926,"Chavez, Jesse",R,171,144,21.1,-2.125787446250982,5.010350877192982,-0.1432804135263887,4.2440294706612045,2025
448179,"Hill, Rich",L,171,118,35.5,2.3052994357261034,5.383918128654971,0.4336209108630161,4.03749546079995,2025
450203,"Morton, Charlie",R,2512,9999,21.1,-2.6282574963473464,5.355453821656051,-0.2906700476571636,4.451435468964656,2025
453286,"Scherzer, Max",R,1390,141,33.1,-2.1957902932491704,5.626553956834532,-0.2934500979750958,4.383412255799638,2025
455119,"Martin, Chris",R,638,140,41.4,-1.93723093394603,6.161347962382445,-0.1075702134287742,4.544759579149414,2025
458677,"Wilson, Justin",L,816,111,51.6,1.2670792807502105,6.369387254901961,-0.1718693433032749,4.555379567080843,2025
471911,"Carrasco, Carlos",R,778,9999,34.5,-2.0855681412953024,5.881375321336761,-0.1785195567500194,4.56853271941401,2025
472610,"García, Luis",R,896,9999,44.0,-1.7268751009577317,6.211897321428571,-0.1229208339301629,4.665614009183219,2025
476594,"Stock, Robert",R,59,111,5.5,-2.56126900246043,4.5530508474576274,-0.5010861627239495,4.358541072237832,2025
477132,"Kershaw, Clayton",L,1768,119,55.7,1.137604738152653,6.059485294117647,-0.1110448103439236,4.226807536840322,2025
489119,"Miley, Wade",L,205,113,49.6,1.5829275158590954,6.172439024390244,0.1161520629537846,4.447391710360419,2025
489446,"Yates, Kirby",R,762,119,19.0,-2.3542686994135504,5.148910761154856,-0.3821551324968069,4.469794442923913,2025
493603,"Ottavino, Adam",R,42,147,24.7,-2.692509249671605,5.388095238095239,-0.5006418109668109,4.379316687887276,2025
500779,"Quintana, Jose",L,2174,158,41.6,1.8917294286296595,5.734392824287029,0.2061587727346521,4.238435241560035,2025
502043,"Gibson, Kyle",R,280,110,44.0,-1.716346343851325,6.266607142857143,-0.0165435488286223,4.6223161888846445,2025
502085,"Robertson, David",R,304,143,43.3,-1.4649904963421407,5.911875,0.0274191261492635,4.507871000152454,2025
506433,"Darvish, Yu",R,1156,135,30.8,-2.0520635107049383,5.334022491349481,-0.3086536197256506,4.303036311054777,2025
518397,"Alexander, Scott",L,313,9999,35.3,1.964054859285997,5.594057507987221,0.1828149695602899,4.331533971741471,2025
518489,"Brasier, Ryan",R,404,112,38.5,-1.8745147707595733,5.683762376237624,-0.2102081001482501,4.360978378426078,2025
518585,"Cruz, Fernando",R,792,147,48.7,-1.4769021783793044,6.018863636363636,-0.0165521910279263,4.353802078269324,2025
518876,"Kelly, Merrill",R,2832,9999,23.8,-2.295629784385351,5.478255649717514,-0.2608682371446267,4.579793028112632,2025
518886,"Kimbrel, Craig",R,230,9999,23.3,-2.230058010840146,4.8593913043478265,-0.3559767767185925,4.0529172560644815,2025
519008,"McFarland, T.J.",L,272,133,13.8,2.9154586409397325,5.379926470588235,0.6424319322113873,4.8217929878368455,2025
519141,"Pomeranz, Drew",L,800,112,39.3,1.899044975207991,6.2173375,0.0384049936497326,4.692659704545455,2025
519151,"Pressly, Ryan",R,661,112,55.7,-1.139372372192177,5.897413010590015,0.1751382787112919,3.968252863645802,2025
519242,"Sale, Chris",L,2031,144,8.3,3.2805820360899385,4.867552929591335,0.9098423813686436,4.519881097840864,2025
519326,"Strickland, Hunter",R,332,108,34.8,-2.0732010280880595,5.960722891566265,-0.1487277213130597,4.619523998400017,2025
521230,"Hendriks, Liam",R,231,111,47.1,-1.707427780362686,5.8404329004329005,-0.2062891419928853,4.225469825065012,2025
527048,"Pérez, Martín",L,902,145,46.5,1.5709766081043806,5.680465631929047,-0.0074116078945184,4.014827392484912,2025
534910,"Hahn, Jesse",R,79,136,25.2,-2.447748460087477,5.672911392405063,-0.3828633340102439,4.699410195401521,2025
541640,"Ramírez, Erasmo",R,158,142,32.5,-2.087947361833901,5.255506329113924,-0.3151591755229134,4.12225986202306,2025
542881,"Anderson, Tyler",L,2333,108,54.6,1.0876391762643187,6.291513073296185,-0.2076994675709975,4.459138449266626,2025
542888,"Armstrong, Shawn",R,1117,140,41.0,-1.9183101066702968,5.779785138764548,-0.1846425801540605,4.272659475661348,2025
543056,"Coulombe, Danny",L,719,9999,57.1,0.8911410073854291,6.087607788595271,-0.2946586308970421,4.250021891540786,2025
543101,"DeSclafani, Anthony",R,634,109,34.8,-1.738845192032483,5.475299684542587,0.0123387620405202,4.258154867097399,2025
543135,"Eovaldi, Nathan",R,1918,140,32.4,-2.6157880945483383,5.401120959332638,-0.6128320231543182,4.126953478584532,2025
543243,"Gray, Sonny",R,2718,138,47.6,-1.2920980886415414,5.5599521707137605,0.147425504624219,3.983655176259413,2025
543294,"Hendricks, Kyle",R,2571,108,42.6,-1.7834868251679208,6.084558537534034,-0.0081792620764581,4.449326292057787,2025
543391,"Kelly, Casey",R,24,109,52.5,-1.247367244440287,6.5408333333333335,0.1866099896019013,4.668302365567439,2025
543518,"McGough, Scott",R,297,9999,45.9,-1.448913825763598,5.946363636363636,0.0303430307231554,4.42091715701279,2025
543859,"Tonkin, Michael",R,397,142,14.3,-2.9354844759845955,5.312468513853904,-0.6020319753319234,4.717480720151583,2025
544150,"Suárez, Albert",R,173,110,40.7,-1.7532468988590553,6.294104046242775,0.0397219771671148,4.751760788950367,2025
547001,"Poteet, Cody",R,68,110,36.8,-1.8695422791695413,6.156617647058823,-0.0883269974834853,4.823189772727273,2025
547179,"Lorenzen, Michael",R,2318,118,41.1,-1.6999019796699857,5.761345987920621,0.0477422652141882,4.232532277425834,2025
547184,"Kelly, Michael",R,658,133,34.8,-1.9040405069431128,6.133723404255319,-0.0073387402543222,4.813015712687396,2025
547973,"Chapman, Aroldis",L,917,111,52.4,1.3020081041431482,6.194362050163577,-0.1779707598792466,4.271201429718314,2025
548384,"Raley, Brooks",L,367,121,30.7,2.277310820316867,5.552397820163487,0.271666786878239,4.360458600348735,2025
552640,"Kittredge, Andrew",R,768,9999,40.9,-1.675205838008747,5.875611979166667,0.0069167069360888,4.421200322387477,2025
554340,"García, Yimi",R,358,141,27.1,-2.4815752033770444,5.207430167597765,-0.2783752803254364,4.080909784502933,2025
554430,"Wheeler, Zack",R,2389,143,23.2,-2.7022149100472044,5.162699874424446,-0.4378716164924054,4.190970747461814,2025
554431,"Matzek, Tyler",L,127,147,45.4,1.6724657095721631,5.968110236220473,-0.0111800005614271,4.25475955970076,2025
570632,"Ureña, José",R,934,9999,29.5,-2.322577055609869,5.670182012847966,-0.2244344880662017,4.485157941424575,2025
571510,"Boyd, Matthew",L,2744,112,25.2,2.5794445768627154,5.458483965014577,0.3463481128490357,4.408286328654839,2025
571578,"Corbin, Patrick",L,2584,140,36.6,1.898149912238244,6.171184210526316,0.021672665118679,4.776591958121554,2025
571760,"Heaney, Andrew",L,2076,9999,24.6,2.481160598657254,4.805370905587669,0.4108616177071634,3.8550176238756144,2025
571771,"Hernández, Enrique",R,103,119,63.0,-1.1006331036436503,6.747184466019418,-0.047985918003565,4.684423647093436,2025
571912,"Maile, Luke",R,2,118,29.4,-2.311184504476606,6.025,-0.3141856060606061,4.901206060606061,2025
571927,"Matz, Steven",L,1159,9999,34.5,2.005212071920747,5.709637618636756,0.0981696569050398,4.39937297089045,2025
571945,"Mikolas, Miles",R,2480,138,42.8,-1.971728160742249,6.504350806451613,-0.1147757990124202,4.784091844344776,2025
571946,"Miller, Shelby",R,704,9999,43.9,-1.5985269704543388,5.367542613636363,0.012976207639564,3.8153452407176713,2025
571948,"Milner, Hoby",L,1157,140,-6.0,2.9165420529656907,4.170639585133968,0.703979466534787,4.403394221409786,2025
572955,"Johnson, Pierce",R,968,144,39.2,-1.9055946107238169,6.203729338842975,-0.1537700865301041,4.771146719719067,2025
573009,"Mantiply, Joe",L,191,109,15.8,2.81471488951686,5.218795811518325,0.4842561511325139,4.559642072869129,2025
573124,"Rogers, Taylor",L,893,9999,29.4,1.8934755843621864,5.6357222844344905,-0.1700482788493591,4.472564928249626,2025
573186,"Stroman, Marcus",R,704,147,33.2,-1.8945069521829088,5.252428977272728,-0.1816591543358045,4.132878217291565,2025
573204,"Thielbar, Caleb",L,839,112,55.6,0.8933933966914784,6.148164481525626,-0.4105166483951908,4.244517096471268,2025
573262,"Yastrzemski, Mike",L,9,137,52.3,1.4164375786667636,6.26,0.1578944840562487,4.627749574173103,2025
579328,"Kikuchi, Yusei",L,3094,108,36.5,1.8951155329191645,5.383448610213316,0.1313343243261928,4.080591543375886,2025
592094,"Adam, Jason",R,1086,135,37.6,-1.9607060886585528,6.391648250460405,-0.0403130473568968,4.911827985411476,2025
592155,"Booser, Cam",L,571,145,36.4,1.9675649878640509,5.756287215411558,0.2137408104429481,4.466311270685635,2025
592254,"De León, José",R,101,111,26.0,-2.3424048084833884,4.718712871287129,-0.3434352499955878,3.744530295970774,2025
592332,"Gausman, Kevin",R,3030,141,36.6,-2.034580733679949,5.735277227722772,-0.1183583981633457,4.309230247142361,2025
592351,"Gray, Jon",R,210,140,28.1,-2.221027904722266,5.388904761904762,-0.1851626704014939,4.301316247347424,2025
592426,"Jackson, Luke",R,782,9999,51.1,-1.2853804363577184,6.324872122762148,0.1924642850955774,4.4920435025370296,2025
592454,"Kahnle, Tommy",R,1035,116,32.6,-2.0173605541467583,5.535101449275363,-0.076846233003522,4.294147377095766,2025
592662,"Ray, Robbie",L,3069,137,45.7,1.6443389627911822,6.175461062235256,0.0385794963028014,4.53125368511752,2025
592773,"Stanek, Ryne",R,1063,121,49.5,-1.2100959434842968,6.498099717779868,0.362788576289149,4.657149636702368,2025
592779,"Stewart, Brock",R,610,9999,25.3,-2.316916119213613,5.3254590163934425,-0.1700413940270594,4.31216757999474,2025
592791,"Taillon, Jameson",R,1979,112,46.4,-1.5281296346621112,6.15543708943911,0.0644209051097125,4.476874241433447,2025
592836,"Walker, Taijuan",R,2061,143,40.8,-1.93837192187478,6.494687045123726,-0.1300896496863489,4.933270419539171,2025
592866,"Williams, Trevor",R,1448,120,16.3,-2.7420821613939244,4.947203038674033,-0.4924476285441349,4.287036445315193,2025
593423,"Montas, Frankie",R,708,121,47.0,-1.4682135862603083,6.067118644067796,0.1333510017926019,4.348497467320262,2025
593576,"Neris, Héctor",R,547,9999,38.7,-1.765955931627771,6.0326691042047536,0.0545873714019428,4.575576312050497,2025
593833,"Suero, Wander",R,142,144,36.0,-2.576897710545029,5.805281690140845,-0.7798342384072707,4.500770325249178,2025
593958,"Rodriguez, Eduardo",L,2588,109,40.3,1.9317556425846087,5.909617465224112,0.1299809661071116,4.38319407242945,2025
593974,"Peralta, Wandy",L,1137,135,45.1,1.495877542922247,6.082656112576957,-0.1507637617052098,4.427998124344485,2025
594580,"Moll, Sam",L,332,113,13.3,2.2511981891789703,4.882560240963856,0.0966209272920559,4.370830217662093,2025
594798,"deGrom, Jacob",R,2613,140,31.2,-2.1429133730760084,5.492640642939151,-0.0527400825298981,4.2238567192830585,2025
594902,"Lively, Ben",R,668,114,36.9,-1.7808834726659954,5.11812874251497,-0.1019597061225143,3.855937409672633,2025
595014,"Treinen, Blake",R,511,119,32.9,-2.189007963127445,6.27187866927593,-0.0806124332422882,4.906744653104081,2025
595345,"Okert, Steven",L,1049,117,34.7,2.402291507790581,5.91,0.4417506751188212,4.548802378804022,2025
595897,"Burdi, Nick",R,83,111,14.4,-2.6861904407034927,5.222168674698795,-0.3054212486308871,4.609063676094753,2025
595928,"Curtiss, John",R,545,109,41.7,-1.763353859521546,6.345981651376147,-0.0956954988634319,4.860102035519796,2025
596001,"Junis, Jakob",R,1032,114,27.5,-2.297717074277017,5.580077519379845,-0.2629331456666528,4.521326459188327,2025
596112,"Stephenson, Robert",R,147,108,48.6,-1.4360716057920189,6.13795918367347,0.1290057125880655,4.358540241551166,2025
596133,"Weaver, Luke",R,1049,147,47.1,-1.3818518636017612,5.586939942802669,0.1568953490209672,3.9297125343889183,2025
596271,"Lawrence, Casey",R,276,9999,19.6,-2.6235314477618794,5.116594202898551,-0.5149311713684156,4.365100866400579,2025
596295,"Gomber, Austin",L,999,115,53.2,1.0658016964696295,6.605875875875876,-0.3296720246984952,4.739223483197993,2025
600917,"Leclerc, José",R,228,133,38.8,-1.48506702097938,5.873640350877193,0.2930427717578259,4.444728156174751,2025
601713,"Pivetta, Nick",R,2850,135,56.2,-1.0154707553294051,6.784098245614035,0.2849311597085405,4.840509872220658,2025
605130,"Barlow, Scott",R,1271,113,22.6,-2.475282293317454,5.201439811172305,-0.3302062638931547,4.307050450401174,2025
605135,"Bassitt, Chris",R,2829,141,32.0,-2.256179404968115,5.446924708377519,-0.0621166388480904,4.074209031428375,2025
605154,"Brebbia, John",R,459,9999,38.7,-1.723200164018667,5.722047930283225,0.0110031512743738,4.330398360187806,2025
605177,"Chafin, Andrew",L,614,9999,51.7,1.4810974377678,6.568876221498371,0.046095410707961,4.745869061180883,2025
605182,"Clevinger, Mike",R,114,145,41.0,-1.7760677275031542,5.604298245614035,-0.0198030045032367,4.076408454514182,2025
605218,"Edwards Jr., Carl",R,65,9999,56.6,-0.8733778653870644,6.553384615384616,0.3550218593171534,4.693021010558069,2025
605242,"Fulmer, Michael",R,90,9999,41.7,-1.6899770372294516,6.024666666666667,0.0115904070112893,4.511413222420281,2025
605280,"Holmes, Clay",R,2671,121,43.6,-1.7729182748978425,6.464193186072632,0.0322382032272423,4.746152938840694,2025
605288,"Houser, Adrian",R,1864,9999,36.5,-2.039569987689464,5.723540772532189,-0.1330974028023226,4.311609873922257,2025
605347,"López, Jorge",R,386,120,40.1,-1.632391146786728,5.948367875647668,0.1037065131657938,4.485047783611797,2025
605400,"Nola, Aaron",R,1568,143,19.7,-2.3965203753300024,5.05344387755102,-0.2295091281398923,4.27589335626296,2025
605447,"Romano, Jordan",R,701,143,49.9,-1.42820727030753,6.113281027104137,0.111675966342963,4.285708638792049,2025
605452,"Ross, Joe",R,862,143,34.6,-2.000221273880533,5.820858468677495,-0.1425726262557332,4.540322219499485,2025
605463,"Scott, Tayler",R,536,9999,12.9,-2.855099998910499,4.717574626865671,-0.6496438600779525,4.2138433303070215,2025
605483,"Snell, Blake",L,1028,119,56.0,1.1402111626039582,6.516284046692607,-0.2029237662734,4.528401990001873,2025
605488,"Springs, Jeffrey",L,2847,133,43.2,1.6005944590760477,6.075767474534598,-0.0158574454643753,4.556783508424604,2025
605507,"Thompson, Zach",R,60,144,47.8,-1.576686858820071,6.649333333333333,0.0932153594771241,4.806399284016637,2025
605513,"Turnbull, Spencer",R,125,141,24.0,-2.610920628731148,5.60768,-0.3585902638146167,4.6046510452762925,2025
605540,"Woodruff, Brandon",R,964,158,43.9,-1.5825540391872892,5.953744813278008,0.0360020801436379,4.398387335337756,2025
606160,"Montero, Rafael",R,1088,9999,34.0,-1.9323403336471416,5.023005514705883,-0.035890912695292,3.742429818240799,2025
606303,"Payamps, Joel",R,449,9999,30.2,-1.9860795139115963,5.6319153674832965,0.0699703113276085,4.434023504797748,2025
606930,"Barnes, Jacob",R,146,141,42.2,-1.5986603780591764,5.641849315068494,0.1813101555441603,4.025996466681318,2025
606965,"Devenski, Chris",R,262,121,37.7,-1.8765470778497064,6.260458015267176,-0.0263306057884638,4.831183426882204,2025
606996,"Hart, Kyle",L,691,135,34.6,2.077291525599019,5.565455861070912,0.1075283205770138,4.207025450469623,2025
607067,"Rea, Colin",R,2533,112,30.4,-2.0784298843964715,5.570505329648638,-0.1551240161420057,4.4414554800695,2025
607074,"Rodón, Carlos",L,3210,147,44.4,1.800911662174558,6.350417445482866,0.0680408647219862,4.654143873590217,2025
607179,"Weems, Jordan",R,98,117,49.2,-1.006592770497136,6.042040816326531,0.5440314107461166,4.242548409363746,2025
607192,"Glasnow, Tyler",R,1480,119,56.1,-1.1491685852154243,5.968324324324325,0.1833524598930481,3.980582462904081,2025
607200,"Fedde, Erick",R,2369,9999,34.9,-1.9214445156264215,5.823993246095399,0.0088858382072657,4.474031290683509,2025
607259,"Martinez, Nick",R,2576,113,57.8,-0.8769047581448076,6.180151397515528,0.3221687823844953,4.273989776706137,2025
607455,"Banda, Anthony",L,1065,119,34.6,2.0317670731263062,5.521286384976526,0.050534089360883,4.151095658323082,2025
607481,"Bummer, Aaron",L,932,144,10.7,2.535865275852605,5.239077253218884,0.2634639856020441,4.810274663862814,2025
607536,"Freeland, Kyle",L,2478,115,28.3,2.120838536727372,5.73500403551251,0.1135821115297685,4.654255386258253,2025
607625,"Lugo, Seth",R,2380,118,31.6,-2.253212180765103,5.573113445378152,-0.1946372828008208,4.302167883094414,2025
607732,"Stallings, Jacob",R,9,115,32.0,-2.2634260697259365,6.365555555555556,-0.5006960685284214,5.22134605862547,2025
608032,"Estévez, Carlos",R,1043,118,41.5,-1.6355618823497855,5.969060402684564,0.2122414140274779,4.336124753171555,2025
608331,"Fried, Max",L,3109,147,46.1,1.5894061802947044,6.017266001929881,-0.0998800980592827,4.265398647133932,2025
608334,"Fulmer, Carson",R,456,108,35.0,-2.138198421214791,5.552719298245614,-0.3223779501673077,4.282036998858555,2025
608337,"Giolito, Lucas",R,2365,111,52.1,-1.4697333247488364,6.297577167019028,0.0247895551586,4.377825190406742,2025
608371,"Sims, Lucas",R,279,120,40.0,-1.5727394175353464,5.719032258064516,0.1300890288080041,4.291087330611619,2025
608372,"Sugano, Tomoyuki",R,2564,110,40.9,-1.872912126249429,5.994656786271451,-0.1652042780401055,4.516294674966143,2025
608379,"Wacha, Michael",R,2659,118,50.9,-1.262355206845343,6.5181948100789775,0.1854796338269315,4.733458887717965,2025
608566,"Márquez, Germán",R,2085,115,40.6,-1.8390911863342367,6.156470023980815,-0.0766321220670522,4.643610724725033,2025
608650,"Enns, Dietrich",L,741,9999,48.9,1.2059268252913544,6.300377867746289,-0.2544058765795607,4.627413047959952,2025
608665,"Graveman, Kendall",R,324,109,42.0,-1.695996802244331,5.744753086419753,0.011173052694703,4.209571245406131,2025
608671,"Jankowski, Travis",R,4,121,67.1,-0.8468533763603255,7.5975,0.0698010249554367,5.431012121212121,2025
608717,"Stratton, Chris",R,411,9999,36.6,-1.8962465784823224,5.9145985401459855,0.0259243148531255,4.484854789847812,2025
608718,"Suter, Brent",L,1115,113,51.0,1.338369316540787,6.086044843049328,0.0369444247540027,4.476899525351111,2025
612434,"Castro, Miguel",R,105,145,11.5,-2.8716193967465333,4.953619047619048,-0.4419344885833121,4.4571835073423305,2025
614179,"Ruiz, José",R,302,9999,45.2,-1.5874831470390662,6.364370860927152,0.084756218790948,4.679035879047586,2025
615698,"Quantrill, Cal",R,2002,9999,44.6,-1.57148041671127,6.328111888111888,0.1622157347109218,4.620476495563261,2025
620443,"Torrens, Luis",R,1,121,35.5,-2.2495277342604627,6.42,-0.4275,5.120963636363636,2025
620454,"Castillo, José",L,543,9999,39.3,1.9705603822960929,5.999834254143647,0.08127929982306,4.45066954481441,2025
621028,"Newman, Kevin",R,5,108,24.5,-2.331516952101936,5.984,-0.4379000713012477,5.124797575757576,2025
621051,"Wilson, Steven",R,974,145,47.7,-1.6221451627732555,5.866457905544148,-0.1355311283202846,4.232352381436054,2025
621053,"Ferguson, Tyler",R,990,133,27.7,-2.70450264695096,5.919808080808081,-0.5900902205657286,4.809262170276742,2025
621057,"Garza, Justin",R,83,121,45.5,-1.4569364345938387,5.696385542168675,0.0530044004896591,4.158641474990873,2025
621107,"Eflin, Zach",R,1125,110,23.8,-2.732703269246316,5.555591111111111,-0.4756929620122797,4.559148209308774,2025
621111,"Buehler, Walker",R,2188,9999,42.6,-1.6457124792178688,5.485786106032907,-0.1307139980023919,4.091710927128039,2025
621112,"Blackburn, Paul",R,666,9999,41.7,-1.8136159039837896,5.859174174174174,-0.0810985601912072,4.312769978133214,2025
621114,"Burr, Ryan",R,39,141,58.5,-1.0288364631376323,6.326666666666667,0.1736679030120206,4.361682586041409,2025
621121,"McCullers Jr., Lance",R,1147,117,24.8,-2.474049784882574,5.117253705318221,-0.4067733998013884,4.16058728854782,2025
621139,"Kriske, Brooks",R,381,9999,45.6,-1.4475290630822495,6.096062992125984,0.0849606827889829,4.528462921479735,2025
621199,"Bowman, Matt",R,446,110,30.2,-1.9166010786619208,5.575201793721973,-0.2045857619321679,4.576463926524544,2025
621237,"Alvarado, José",L,457,143,59.1,0.8697960767987974,6.505733041575493,-0.4244683819141343,4.341094380151105,2025
621242,"Díaz, Edwin",R,1067,121,19.2,-2.817543388132431,4.934367385192128,-0.7362137385208833,4.206977382569284,2025
621244,"Berríos, José",R,2583,141,38.7,-2.206353047152934,5.649833526906698,-0.3852377055379924,4.190353175396791,2025
621345,"Minter, A.J.",L,185,121,41.4,1.7309264863242355,5.642648648648649,0.1389724839813075,4.241305024329142,2025
621363,"Poche, Colin",L,244,9999,55.7,1.2084458297854836,6.161516393442623,-0.0197862752403494,4.365006556281231,2025
621366,"Borucki, Ryan",L,594,9999,28.1,2.2532272689731685,5.631077441077441,0.1714422020262038,4.51855060453015,2025
621381,"Strahm, Matt",L,993,143,30.8,2.158988788946287,5.36877139979859,0.0450866623404832,4.109133922394372,2025
621383,"Banks, Tanner",L,1083,143,48.2,1.7560271342640832,6.40258541089566,0.163471385107388,4.620125187264531,2025
621512,"Nido, Tomás",R,9,116,44.7,-1.5078393345538048,6.724444444444444,0.0010024361259655,5.229841760744702,2025
622253,"Tate, Dillon",R,139,141,20.6,-2.4383514464912754,5.155179856115108,-0.3108744540196719,4.355586529706716,2025
622379,"Castillo, Luis F.",R,168,136,12.6,-3.061728279259778,4.839166666666666,-0.6827189781215517,4.308603777268483,2025
622491,"Castillo, Luis",R,2884,136,15.0,-2.473169882319292,5.053075589459085,-0.1496611326613611,4.429314794916201,2025
622503,"Crismatt, Nabil",R,534,109,35.7,-2.143781880220076,5.681441947565543,-0.3128222233905479,4.3668539556169765,2025
622554,"Domínguez, Seranthony",R,1101,9999,31.6,-2.0019236816808013,5.597093551316984,-0.0516659466114907,4.400118109286486,2025
622608,"Senzatela, Antonio",R,2283,115,42.9,-1.9534058028112693,6.105532194480946,-0.2342693237546681,4.509485699344844,2025
622663,"Severino, Luis",R,2731,133,39.5,-1.5791208572175388,5.936034419626511,0.0714377622151686,4.574834578983886,2025
622780,"Perdomo, Angel",L,72,133,40.2,1.747795612786704,6.356944444444444,-0.1513627463359081,4.749045845712022,2025
622786,"Tinoco, Jesus",R,304,146,21.0,-2.427024143321836,5.1401315789473685,-0.2477145683811802,4.303831510636552,2025
623149,"Sewald, Paul",R,317,9999,15.8,-2.674866333944339,4.435268138801262,-0.655076946867075,3.860568890894471,2025
623167,"Flexen, Chris",R,673,112,64.9,-0.611685195065457,6.816166419019316,0.3631384244066396,4.73246659608055,2025
623211,"Brazobán, Huascar",R,1011,121,36.4,-2.1461008302207767,5.856913946587537,-0.0401194399043674,4.301571178092674,2025
623352,"Hader, Josh",L,847,117,28.6,2.339125531818804,5.564876033057852,0.2538069595531676,4.428567088202674,2025
623433,"Anderson, Nick",R,241,115,46.3,-1.4118793592205887,6.41253112033195,0.1860248215619707,4.742071469515758,2025
623437,"Topa, Justin",R,979,142,10.4,-2.8426950525250314,4.987671092951992,-0.4998272240217472,4.556037463926048,2025
623465,"Phillips, Evan",R,92,119,26.7,-2.156436085631113,5.51304347826087,-0.123657756916996,4.489761859645044,2025
623474,"Herget, Jimmy",R,1281,115,4.7,-2.9042826692567565,5.08536299765808,-0.5965430114619121,4.891463659949822,2025
624133,"Suarez, Ranger",L,2430,143,36.9,1.890081026244005,5.805061728395062,0.0674645472884252,4.433989431130477,2025
624431,"Trevino, Jose",R,13,113,48.9,-1.614312946300078,6.614615384615385,-0.2807465651995064,5.086004079254079,2025
624512,"McGuire, Reese",R,17,112,61.1,-1.190308986080096,7.647647058823529,-0.0355352259620425,5.547195559400231,2025
625643,"López, Reynaldo",R,94,144,40.6,-1.7432717970943985,5.728297872340425,-0.1829182330185459,4.391894264611067,2025
628317,"Maeda, Kenta",R,170,116,40.5,-1.8626587100147525,5.747176470588236,-0.1381541302296319,4.275145600293594,2025
628452,"Iglesias, Raisel",R,963,144,30.7,-2.401546764301873,5.466552440290758,-0.3528199839701764,4.249451721262469,2025
640448,"Finnegan, Kyle",R,846,9999,50.0,-1.051731651841061,5.685862884160756,0.3527716160351955,4.00779445129223,2025
640451,"Harvey, Hunter",R,167,118,43.7,-1.413456213877247,5.815029940119761,0.2060654188948306,4.268554002689808,2025
640454,"Krook, Matt",L,71,133,27.6,2.372442614350251,6.005211267605634,0.2291759433606989,4.883650356506239,2025
640455,"Manaea, Sean",L,1095,121,15.8,3.236799133888225,5.130109589041096,0.9502427205170154,4.481760006592924,2025
640462,"Puk, A.J.",L,156,109,26.5,2.3828496591462973,5.5532051282051285,0.1124424356689062,4.420498223182046,2025
640902,"Pereda, Jhonny",R,9,133,33.5,-1.9778458132873031,5.958888888888889,-0.1553759556347791,4.754735026737968,2025
641154,"López, Pablo",R,1258,142,35.4,-2.2013121953481654,5.51956279809221,-0.231479331423276,4.1200541985836105,2025
641302,"Alexander, Tyler",L,1585,9999,32.6,2.180624561827637,5.429943217665615,0.225361571157858,4.176510961498451,2025
641312,"Anderson, Shaun",R,216,108,44.9,-1.654783112778801,6.069351851851852,-0.1554849330725556,4.575146178286129,2025
641329,"Baker, Bryan",R,1102,9999,54.3,-1.1400758380372855,6.587994555353902,0.3372282228713957,4.530646170631262,2025
641343,"Bauers, Jake",L,3,158,54.5,1.0314419103979449,6.8933333333333335,-0.2622140819964349,5.0836696969696975,2025
641386,"Bowden, Ben",L,187,133,33.4,2.039205067334134,6.045187165775401,-0.0462764477108295,4.6688151095732415,2025
641401,"Brogdon, Connor",R,839,108,30.6,-2.095791282901201,5.704648390941597,-0.0670885700233067,4.506657281820519,2025
641482,"Cortes, Nestor",L,598,9999,51.2,1.499837724886088,5.720886287625418,0.2240654777660532,4.135047853510513,2025
641540,"Dunning, Dane",R,371,9999,39.2,-1.8483984200648271,5.71099730458221,-0.029643584809567,4.224589894105155,2025
641585,"France, J.P.",R,76,117,40.4,-1.4321503461169136,5.392105263157895,0.0452754256965944,4.133303343418707,2025
641656,"Hamilton, Ian",R,641,147,36.2,-1.8054782359710737,5.883447737909516,0.0173660415293617,4.54595438875309,2025
641658,"Hampson, Garrett",R,3,138,58.2,-1.613729687161502,6.68,-0.5040067736185384,4.890592632204397,2025
641672,"Hatch, Thomas",R,586,9999,42.1,-1.6772029330532467,5.7197269624573375,0.0345006041138143,4.17142317457855,2025
641745,"Keller, Brad",R,1113,112,47.0,-1.4844976254378246,6.352066486972148,0.1505420678162631,4.59906862168538,2025
641755,"Kinley, Tyler",R,1225,9999,45.8,-1.4242280871836446,6.51614693877551,0.1580575822328931,4.885044452981193,2025
641778,"Lauer, Eric",L,1682,141,38.6,1.5977007545069184,6.084964328180737,-0.2497867242227125,4.604150753919555,2025
641793,"Littell, Zack",R,2787,9999,39.3,-2.0115855248864563,6.122034445640473,-0.2610318489459913,4.686458920107169,2025
641816,"Mahle, Tyler",R,1381,140,41.1,-1.892631728145067,5.618877624909486,-0.2351734327342944,4.1723585118768725,2025
641835,"Mayza, Tim",L,301,9999,40.3,2.035652043332284,6.188106312292359,0.1788009975660454,4.611879745471127,2025
641927,"Ober, Bailey",R,2354,142,31.5,-2.359747975721502,5.932812234494477,-0.2361724407350026,4.627110922736284,2025
641941,"Pagán, Emilio",R,1066,113,42.5,-1.5436632040012226,5.600975609756097,0.1515149197526528,4.048056738252183,2025
642016,"Robert, Daniel",R,255,143,34.6,-2.058734616365833,6.107882352941177,-0.1291643196672608,4.777350522526301,2025
642048,"Saucedo, Tayler",L,203,136,25.4,2.4787965825627776,5.503300492610838,0.2493255450769649,4.443271824591906,2025
642100,"Speier, Gabe",L,920,136,27.8,2.0165633899360778,5.343684782608696,0.0777706818181818,4.319546831066419,2025
642121,"Sulser, Cole",R,387,139,41.7,-1.6927022438707413,5.739560723514212,-0.10517044590916,4.323368756189344,2025
642152,"Trivino III, Lou",R,841,9999,34.8,-2.049854175107956,6.072033293697978,-0.1141328615242443,4.725124295730615,2025
642207,"Williams, Devin",R,1115,147,21.0,-2.443704243265835,5.260448430493273,-0.4697101060725961,4.507891500683437,2025
642216,"Winans, Allan",R,171,147,28.5,-2.180759859477728,5.599122807017544,-0.1193819010538824,4.479710958397181,2025
642232,"Yarbrough, Ryan",L,1017,147,13.0,3.241339449550072,5.037148475909538,0.9307659005463276,4.503181169319431,2025
642239,"Zastryzny, Rob",L,347,158,41.5,2.01090261707816,5.652391930835735,0.3478773428470156,4.1805436743259,2025
642397,"Soto, Gregory",L,1031,9999,36.0,2.129313712059382,5.656818622696411,0.1675036419135152,4.228785785826543,2025
642520,"Garabito, Gerson",R,121,140,43.5,-1.942743574552768,5.725619834710744,-0.2797456571058175,4.14487309188138,2025
642528,"Loáisiga, Jonathan",R,467,147,44.6,-1.6596147427594337,5.401605995717345,-0.0282163458492215,3.78913593976037,2025
642547,"Peralta, Freddy",R,3086,158,38.4,-2.1211873368620857,5.320466623460791,-0.357119044549417,3.9200493286915896,2025
642585,"Bautista, Félix",R,626,110,65.8,-0.2771028046804213,6.96832268370607,0.7644215206471784,4.63745625039153,2025
642701,"Santana, Dennis",R,1001,134,31.9,-2.3949736423246297,5.75975024975025,-0.3330267980682419,4.47391254921549,2025
642759,"Fernández, Julian",R,76,9999,47.6,-1.1988418641122192,6.348421052631579,0.4826488694999531,4.504623782718829,2025
643338,"Green, Chad",R,709,141,46.1,-1.5642065636138027,6.138631875881523,0.0726407583677143,4.434513002421125,2025
643361,"Herget, Kevin",R,216,9999,49.6,-1.0791079998069553,6.166898148148148,0.3343986531986532,4.508181882551,2025
643377,"Jax, Griffin",R,1092,9999,43.2,-1.4509927736199657,5.493159340659341,0.2114033038856568,3.930092331443067,2025
643410,"Leiter Jr., Mark",R,832,147,50.1,-1.3027851167379343,5.7946875,0.0795341902123611,4.140508791499554,2025
643511,"Rogers, Tyler",R,964,9999,-60.6,-2.822497623247724,1.3316182572614108,-1.6652346694920896,3.389811450174185,2025
645261,"Alcantara, Sandy",R,2891,146,31.8,-2.3420964718068578,5.954600484261501,-0.1476821470344686,4.591814671014785,2025
645305,"Sánchez, Ali",R,14,141,44.5,-1.9955730218582508,7.020714285714286,-0.3086302393684746,5.3626156671759615,2025
646242,"Díaz, Jhonathan",L,26,136,29.9,2.2588089835780565,5.445769230769231,0.3419010592348828,4.34176663924311,2025
647315,"Pop, Zach",R,127,9999,29.3,-2.514608016020694,5.5705511811023625,-0.3940287668252698,4.376230367594425,2025
647336,"Soroka, Michael",R,1527,9999,32.8,-2.215811586402778,5.77931892599869,-0.208410153657224,4.483790314096705,2025
650556,"Abreu, Bryan",R,1188,117,40.7,-1.805113993961364,5.636767676767676,-0.0468369968250538,4.1180868863921445,2025
650633,"King, Michael",R,1219,135,26.6,-2.267994619383855,5.500278917145201,-0.2624817227674126,4.493773769739083,2025
650644,"Civale, Aaron",R,1747,9999,42.5,-1.4169719247400332,6.278380080137379,0.2134329083113705,4.782495134516314,2025
650671,"Quijada, José",L,41,108,35.0,2.110528576675424,5.301951219512195,0.2228743880700839,3.977927992261206,2025
650893,"Cabrera, Génesis",L,714,9999,45.1,1.5314459875723716,5.982521008403361,-0.1512678073368384,4.29458592511871,2025
650911,"Sánchez, Cristopher",L,2893,143,29.6,2.189838693230404,5.914662979605946,0.1743098920314755,4.768564839556789,2025
655889,"Rodríguez, Manuel",R,431,139,47.4,-1.533059430117968,5.549512761020882,-0.0035554747695323,3.8846317811663793,2025
656186,"Altavilla, Dan",R,456,145,24.7,-2.1889848905777978,5.17796052631579,-0.2986496004941051,4.306935172545892,2025
656222,"Beeks, Jalen",L,916,109,47.9,1.798225444627401,5.944650655021834,0.2308759842841463,4.210010532307405,2025
656234,"Bird, Jake",R,957,9999,17.5,-2.494325495502351,5.211462904911181,-0.3074234016357564,4.521978319894501,2025
656240,"Blewett, Scott",R,711,9999,45.0,-1.4441520505300638,6.160028129395218,0.1544889929325521,4.563198450125479,2025
656257,"Brigham, Jeff",R,63,109,37.2,-1.9140423011586685,5.591428571428572,-0.0871799054975525,4.203268647256882,2025
656271,"Burke, Brock",L,1014,108,40.9,1.9252803784356696,6.2934516765286,0.1373924782984737,4.743578857580328,2025
656288,"Canning, Griffin",R,1343,121,42.3,-1.6558817060304931,5.757334326135518,-0.0087402270039539,4.2585766355022345,2025
656302,"Cease, Dylan",R,3044,135,51.3,-1.4154893299678568,6.138521681997372,-0.0310270702600715,4.411051662573404,2025
656420,"Feyereisen, J.P.",R,81,9999,44.3,-1.7047118012744018,6.101234567901234,-0.0556782025043463,4.492954622477498,2025
656427,"Flaherty, Jack",R,2829,116,27.0,-2.05025909188672,5.3180240367621066,-0.0624885871061686,4.303888332706392,2025
656457,"Gilbert, Tyler",L,835,145,10.8,3.0887204176233163,4.890634730538922,0.7538870306445932,4.443301933459285,2025
656458,"Gilbreath, Lucas",L,18,115,49.7,1.4333218613912424,5.767777777777778,-0.0701755793226381,3.994268473955239,2025
656464,"Ginkel, Kevin",R,491,109,41.8,-1.7312656934640005,6.51908350305499,0.0780383652627872,4.90021606202192,2025
656546,"Hoffman, Jeff",R,1127,141,37.2,-1.9090117504234867,5.770292812777285,0.084437322755189,4.25838289726958,2025
656550,"Holmes, Grant",R,1964,144,38.8,-1.973252707445376,5.87337067209776,-0.2476683809007772,4.487358124720912,2025
656557,"Houck, Tanner",R,749,111,20.3,-2.6755458243305754,5.498798397863818,-0.3507925884542432,4.637244144182737,2025
656605,"Keller, Mitch",R,2870,134,37.9,-1.769971987077145,5.825606271777003,-0.0496539420956852,4.487432908010211,2025
656629,"Kopech, Michael",R,231,119,46.4,-1.481936429648643,5.805324675324675,-0.0199446134376615,4.268766724541056,2025
656638,"Lange, Alex",R,20,116,40.0,-1.7139805252729214,5.668,0.0894347459893048,4.152220494652407,2025
656641,"Latz, Jacob",L,1386,140,48.8,1.2196541468733788,5.899805194805195,-0.2804490172285627,4.181204685767788,2025
656686,"Martin, Corbin",R,332,110,43.5,-1.4550762520838774,5.906084337349397,0.1520350143891072,4.382855380881816,2025
656730,"Megill, Trevor",R,753,158,53.8,-1.206986504260288,6.519070385126162,0.274124118380903,4.494396412093752,2025
656731,"Megill, Tylor",R,1231,121,35.4,-2.111337618670235,5.889642567018684,-0.2194555438023374,4.544645374613918,2025
656794,"Newcomb, Sean",L,1545,9999,30.6,2.409402862909989,6.003915857605178,0.2200935787342298,4.70645469642167,2025
656848,"Petersen, Michael",R,327,9999,49.0,-1.2934424788728631,6.395412844036697,0.3243341014025849,4.535716053137963,2025
656849,"Peterson, David",L,2695,121,40.4,1.8316658458057211,6.114356215213358,-0.0584406764027925,4.504520544647611,2025
656876,"Rasmussen, Drew",R,2316,139,54.9,-1.1535318289744028,5.925738341968912,0.1672091715309141,4.04464597618212,2025
656896,"Rivera, Emmanuel",R,1,110,18.1,-2.667130215684792,5.98,-0.4331833333333333,5.2449,2025
656945,"Scott, Tanner",L,911,119,34.7,2.252374452701804,5.239626783754116,0.4204572841151229,3.9729885638199,2025
656986,"Sousa, Bennett",L,727,117,54.5,1.1177765825993875,6.353480055020633,-0.2297892886302951,4.46392925913394,2025
657006,"Steele, Justin",L,268,112,44.7,1.6992481852062244,6.112164179104478,0.0761483112512304,4.503974577646527,2025
657024,"Swanson, Erik",R,128,141,53.2,-1.3885515636361314,6.17015625,-0.083861617786319,4.426479545454545,2025
657044,"Thompson, Ryan",R,650,109,-9.0,-3.32002234750988,3.6596,-0.8620511075003428,4.048324423145482,2025
657053,"Toussaint, Touki",R,36,108,31.0,-2.2077541538300687,5.539166666666667,-0.117418308080808,4.27934705882353,2025
657097,"Webb, Jacob",R,978,140,34.2,-2.155093061418754,5.558640081799591,-0.2765072270886417,4.282654220024131,2025
657240,"Merryweather, Julian",R,353,112,57.0,-0.9786666800192806,6.248186968838527,0.3718392772921685,4.170515103543349,2025
657277,"Webb, Logan",R,3282,137,22.1,-2.66814707532393,4.990505789152955,-0.506557473134398,4.113438241893068,2025
657376,"Schmidt, Clarke",R,1226,147,35.1,-1.9090026694725248,5.600048939641109,0.0279288510525076,4.235467386730757,2025
657424,"Gage, Matt",L,531,9999,50.3,1.532863891830465,6.3724293785310735,0.0059531291646944,4.529559681729223,2025
657514,"Bernardino, Brennan",L,833,111,17.6,2.410738589610975,5.044105642256903,0.2631391540573448,4.3625967023172905,2025
657571,"Ferguson, Caleb",L,1030,9999,45.2,1.5327470938960266,5.898116504854369,-0.1641389282314867,4.186682608293097,2025
657585,"Garrett, Reed",R,955,121,33.8,-1.8249434976911765,5.633549738219895,0.026860544371961,4.393258781439277,2025
657612,"Hill, Tim",L,899,147,-24.3,3.138132560810545,3.0308898776418243,0.9698012415260372,4.01179793115345,2025
657649,"Koenig, Jared",L,1043,158,31.1,2.46532645037187,5.931850431447747,0.4607502272171834,4.72464714111392,2025
657746,"Ryan, Joe",R,2794,142,25.3,-2.059482161133692,4.797734430923407,0.0295740645858135,3.8084680065635936,2025
657756,"Seabold, Connor",R,185,9999,21.8,-2.5896949284605597,5.145783783783783,-0.5921661810473575,4.349656211398565,2025
660271,"Ohtani, Shohei",R,753,119,35.4,-1.9867043346958748,5.732204515272245,-0.1449343892404239,4.423706882511546,2025
660604,"Rangel, Alan",R,174,143,71.5,-0.2992166062873349,6.307298850574712,0.4786130232343721,3.972999430921794,2025
660644,"Bruján, Vidal",R,1,144,37.1,-2.008114177564317,6.24,-0.3283647058823529,4.966473529411765,2025
660730,"Rodríguez, Elvin",R,331,9999,50.1,-1.4594750921057469,6.015105740181269,-0.0254117972868905,4.3007376695693385,2025
660761,"Suarez, José",L,295,144,40.4,1.8400951776796064,5.665152542372882,0.1903619979455572,4.2606358639233815,2025
660787,"De los Santos, Yerry",R,589,147,29.2,-2.128474548063324,5.973803056027164,-0.0847535621873382,4.829492470091911,2025
660825,"Bazardo, Eduard",R,1224,136,44.2,-1.5375941750286717,5.845220588235294,0.1259110495089301,4.226492013852481,2025
660853,"De Los Santos, Enyel",R,1104,9999,23.3,-2.540777516751649,5.423659420289855,-0.3600984263188147,4.4834951099873415,2025
660896,"Alcala, Jorge",R,1058,9999,51.1,-1.4097601834486344,6.624839319470699,0.1038425955035734,4.7437970832533045,2025
661395,"Duran, Jhoan",R,1073,9999,33.0,-2.1367054711900315,6.010055917986953,-0.0740440698027919,4.672496489509978,2025
661403,"Clase, Emmanuel",R,746,114,51.3,-1.341464299428745,5.99328418230563,0.1169418011928144,4.171439041973114,2025
661527,"Martinez, Seth",R,120,146,9.9,-2.5066187603609724,4.432,-0.3981668790849673,4.061567297979798,2025
661563,"Gil, Luis",R,969,147,34.6,-2.047643357089853,5.591960784313725,-0.0979489878754766,4.241263818847738,2025
662253,"Muñoz, Andrés",R,1035,136,29.9,-1.8628017914566355,5.32687922705314,-0.0163887954566982,4.267979936707226,2025
663158,"Suarez, Robert",R,1075,135,44.8,-1.375748521341066,6.1632,0.2675381897773908,4.531924013845708,2025
663321,"Hernandez, Nick",R,220,117,47.5,-1.371971691604555,5.767863636363637,0.2065070827256522,4.039508495381623,2025
663362,"Waldron, Matt",R,104,135,32.6,-2.265766540701009,5.7548076923076925,-0.4080862736528178,4.568194235911148,2025
663372,"Feltner, Ryan",R,522,115,41.0,-1.853962560674553,5.524272030651341,-0.1482576568593303,4.039076534103715,2025
663399,"Waddell, Brandon",L,512,121,40.7,2.1278986844137746,6.0031640625,0.3800643288352273,4.499623580938057,2025
663423,"Thornton, Trent",R,656,136,41.3,-1.7626799742026824,5.419603658536586,-0.0923297396037128,3.953493470936046,2025
663432,"Rainey, Tanner",R,200,9999,43.0,-1.8967279569676097,6.11135,-0.1724446221033868,4.502274560606061,2025
663436,"Martin, Davis",R,2302,145,38.3,-2.000849449813579,5.937215464813206,-0.2115240431865029,4.527151522623899,2025
663455,"Pilkington, Konnor",L,500,120,29.3,2.345844184563365,5.69884,0.3181148390374331,4.558045323351159,2025
663460,"Bubic, Kris",L,1795,118,37.8,1.9870901301195611,5.643526462395543,0.1787611738389962,4.243502026723072,2025
663462,"Campbell, Isaiah",R,109,111,43.9,-1.911375146436697,6.256605504587156,-0.176791206724558,4.587581021766505,2025
663465,"Allard, Kolby",L,1000,114,46.0,1.6475815551694144,5.41259,0.1454206647058823,3.851022224777184,2025
663474,"McKenzie, Triston",R,123,114,49.2,-1.2659298353193509,6.24739837398374,0.2014127479964639,4.550326715505123,2025
663485,"Sands, Cole",R,1143,142,24.1,-2.403781694821668,5.615249343832021,-0.2589801772550267,4.655739164300095,2025
663542,"Hudson, Bryan",L,318,9999,12.9,2.870116404806956,5.012201257861635,0.3954298016233366,4.445416006625635,2025
663546,"Hjelle, Sean",R,254,137,26.9,-2.306278020343861,6.278346456692914,-0.0283628935253414,5.123316984925681,2025
663554,"Mize, Casey",R,2352,116,45.0,-1.569148590004177,5.787695578231292,-0.012655476698255,4.232681473915323,2025
663558,"Morán, Jovani",L,80,111,49.6,1.4136010406192543,5.911875,0.0290631940730837,4.285219604500892,2025
663559,"Falter, Bailey",L,1951,9999,55.1,0.8801274308529048,5.820615069195284,-0.3283645695200871,4.089118704425995,2025
663562,"Davis, Noah",R,251,9999,26.8,-2.2329759767926776,5.568725099601593,-0.2670532621741199,4.573964136679663,2025
663568,"Kolek, Stephen",R,1687,9999,33.0,-2.149163410917458,5.260746887966805,-0.1312381002570775,3.951372390578261,2025
663574,"Santillan, Tony",R,1230,113,26.2,-2.115313345804552,5.3835853658536585,-0.0347971033868092,4.359545507151863,2025
663623,"Irvin, Jake",R,2943,120,27.1,-2.2813190926189164,5.673092082908597,-0.1980274646991592,4.606861241757383,2025
663671,"Enright, Nic",R,531,114,54.0,-0.9236502332557724,6.2129566854990586,0.4273782741002581,4.35375910987576,2025
663687,"Harris, Hogan",L,1125,133,54.5,1.236591859294799,6.071795555555555,-0.1006977503664091,4.1990967653792834,2025
663738,"Lynch IV, Daniel",L,1088,118,36.0,1.66401119760929,5.788584558823529,-0.2240706961210286,4.414394814685567,2025
663765,"Woodford, Jake",R,625,109,25.1,-2.512369470578476,5.052864,-0.4399823107308377,4.079280383315508,2025
663767,"Shugart, Chase",R,692,134,35.3,-2.02596699210534,5.384812138728324,-0.3047063806631428,4.168413404789136,2025
663773,"Hoeing, Bryan",R,131,135,31.7,-2.1521866967340224,6.096030534351145,-0.1302745567484453,4.847171163815977,2025
663795,"Hagenman, Justin",R,383,121,23.3,-2.4634799396890505,5.2133942558746735,-0.5030515714664694,4.371283763840214,2025
663804,"Kowar, Jackson",R,263,136,40.1,-1.7248589870169395,5.971330798479087,0.1233836762842019,4.416016968273656,2025
663855,"Hicks, Jordan",R,1199,9999,35.1,-2.1857852343394155,5.649282735613011,-0.2814896052711781,4.309584473618092,2025
663878,"Pearson, Nate",R,280,112,39.8,-1.8190185279231648,5.591357142857143,0.0513769989814107,4.027918898968679,2025
663893,"Little, Brendon",L,1240,141,33.4,2.1208824358084186,6.037774193548387,0.1895452315853027,4.766109792636996,2025
663903,"Singer, Brady",R,2850,113,25.1,-2.0663716338726874,5.233708771929825,-0.2196243325515214,4.367346675735685,2025
663941,"Beck, Tristan",R,817,137,43.0,-1.791061265610262,5.970636474908201,-0.07135374942455,4.372217705749264,2025
663947,"Holton, Tyler",L,1159,116,40.7,1.8201075120213157,5.833891285591027,0.0922355098208394,4.348902575211589,2025
663969,"Phillips, Tyler",R,1114,146,30.0,-2.0678365202861477,5.905071813285458,0.0421798881997715,4.69088321004426,2025
663978,"Paddack, Chris",R,2546,9999,47.5,-1.5486104807416516,6.099202670856245,0.1016224012571535,4.298503468899521,2025
663992,"Lovelady, Richard",L,221,9999,20.2,2.533965402251041,5.302171945701358,0.5840447088666811,4.585695252498367,2025
664062,"Gonsolin, Tony",R,609,119,40.3,-1.857246537773964,6.110738916256158,-0.1153311903444763,4.633609647474454,2025
664068,"Kingery, Scott",R,1,108,75.6,-0.8347483747933016,8.1,-0.1924636363636363,5.608254545454546,2025
664076,"Cleavinger, Garrett",L,874,139,31.6,2.179050143382932,5.225320366132723,0.2601560569349437,4.045750261669053,2025
664123,"Effross, Scott",R,156,147,-5.2,-3.1386192419206957,3.836153846153846,-0.8350252730929202,4.044201152932035,2025
664126,"Fairbanks, Pete",R,986,139,58.5,-0.9359050460259912,7.000547667342799,0.3978463974249113,4.822029348219096,2025
664129,"Hartlieb, Geoff",R,109,9999,36.3,-2.1025626041061614,5.911926605504587,-0.1399392254983728,4.470787640844494,2025
664139,"Gibaut, Ian",R,387,113,49.7,-1.3543319734221992,5.806976744186047,0.1335264404187796,4.046287487736461,2025
664141,"Brubaker, JT",R,467,9999,46.4,-1.5193738343828451,6.364967880085653,0.2027294493619912,4.554718457022677,2025
664192,"Lucchesi, Joey",L,632,137,48.0,1.6881539851034817,6.0575158227848105,0.0993703068943342,4.291065362062547,2025
664199,"Clarke, Taylor",R,865,118,44.3,-1.6375255153610373,6.054219653179191,0.082425827743604,4.371563441624679,2025
664208,"Maton, Phil",R,1008,9999,26.0,-2.266808005546448,5.164761904761905,-0.2304528947563874,4.168817743877854,2025
664285,"Valdez, Framber",L,2889,117,41.6,1.8198108344926407,5.983821391484943,0.2029974241529583,4.545334767502772,2025
664294,"Moreta, Dauri",R,284,134,43.8,-1.7647925785873833,5.973133802816902,-0.1852866363510833,4.459493258705531,2025
664299,"Javier, Cristian",R,616,117,35.0,-2.136980560705639,5.715844155844156,-0.1688758791119753,4.339412178363081,2025
664351,"Contreras, Luis",R,224,117,47.6,-1.2251460726624828,5.466696428571429,0.2076892837248535,3.8959979174624393,2025
664353,"Urquidy, José",R,56,116,50.9,-1.552450291021768,5.8430357142857146,-0.1913574516170104,4.167092801438757,2025
664744,"Espada, Jose",R,29,110,46.9,-1.5059554209349846,6.342413793103448,0.0713516903313049,4.6544643801094105,2025
664747,"Díaz, Alexis",R,360,9999,17.9,-2.522053239655923,4.942638888888889,-0.4423189260249554,4.271479514507823,2025
664849,"Young, Danny",L,158,121,14.8,2.7243752504771024,5.070569620253164,0.4290810764006408,4.464115370946998,2025
664854,"Helsley, Ryan",R,955,9999,62.1,-0.9298199199681442,6.12717277486911,0.1780251400360239,4.028656586312773,2025
664875,"Lawrence, Justin",R,270,134,-0.7,-3.1525689089342306,4.360814814814815,-0.7242806106819832,4.38965436456064,2025
664948,"Misiewicz, Anthony",L,115,142,49.6,1.2994278600962306,6.05895652173913,-0.1803242245989305,4.322198981632178,2025
664991,"Wolfram, Grant",L,520,110,42.0,1.935063593198519,6.218846153846154,0.0109249883449883,4.483834070855615,2025
665152,"Kremer, Dean",R,2692,110,43.3,-1.6629771861364184,6.212135958395245,-0.0153940031598212,4.656551316007289,2025
665625,"Peguero, Elvis",R,187,9999,21.2,-2.783799780232923,5.425133689839572,-0.4753212283260412,4.529143851220605,2025
665660,"Alvarado, Elvis",R,765,133,18.6,-2.697558516716448,5.661816993464052,-0.3122563562965293,4.8592372976594085,2025
665665,"Sanmartin, Reiver",L,25,113,26.1,2.3979348261541915,5.3512,0.4306028021390374,4.3883981497326205,2025
665795,"Cabrera, Edward",R,2251,146,35.9,-1.967876591518302,6.043465126610395,0.0094276495849339,4.610372853459465,2025
665871,"Assad, Javier",R,567,112,51.8,-1.1664352516328438,5.96925925925926,0.2109240067968826,4.221844722355834,2025
666120,"Anderson, Ian",R,203,108,63.3,-0.7260488846824543,6.133596059113301,0.2781593358973683,4.135854201241625,2025
666142,"Ragans, Cole",L,1079,118,38.2,1.8921059099341149,6.1652734012974975,0.0380498489226341,4.704917922616009,2025
666157,"Lodolo, Nick",L,2478,113,15.1,3.0134801700267144,5.406957223567393,0.5920212555695108,4.755026713510263,2025
666168,"Thompson, Mason",R,239,120,35.4,-1.8077158940026328,5.824225941422594,0.008390818099777,4.53315278529822,2025
666171,"Zeferjahn, Ryan",R,1029,108,37.5,-1.8711017098221896,5.89069970845481,-0.0479462777318719,4.492233794816628,2025
666200,"Luzardo, Jesús",L,3009,143,32.5,2.174603207601466,5.814001329345297,0.2163101803028229,4.563199859482752,2025
666214,"Wentz, Joey",L,1815,9999,49.0,1.309964305611942,6.258292011019284,-0.3155085622879254,4.387301756848996,2025
666215,"Whitley, Forrest",R,256,9999,40.1,-1.7771503273340647,6.182421875,0.0367042443042558,4.653407517616421,2025
666277,"Soriano, George",R,692,146,29.2,-2.0143384016308,5.491835260115607,0.0064009581105169,4.365284734629532,2025
666374,"Brash, Matt",R,822,136,29.7,-2.0520096374386614,5.2562043795620434,0.0551531643181492,4.053570705878016,2025
666619,"Santos, Gregory",R,132,136,36.4,-1.8727429323405889,5.951818181818182,0.141419944768541,4.4662287919299954,2025
666659,"Lao, Sauryn",R,185,9999,34.1,-2.161129279940629,5.805513513513514,-0.278912575034928,4.530202714265068,2025
666661,"Morillo, Juan",R,617,109,46.4,-1.6217718447519875,5.783679092382496,0.046259620757099,4.030922846445193,2025
666711,"Peguero, Joel",R,314,137,43.7,-1.6688957105447708,6.055987261146496,0.1047951244365725,4.360015562235317,2025
666808,"Doval, Camilo",R,1103,9999,15.7,-2.287005349222788,5.365213055303717,-0.0518409114342184,4.735539940738514,2025
666974,"Cano, Yennier",R,986,110,17.0,-2.95579167067246,5.544584178498986,-0.5146408201451335,4.797479601316831,2025
667297,"Nance, Tommy",R,461,141,42.2,-1.7914734002984036,6.131713665943601,0.027219231616922,4.4802218578537705,2025
667463,"King, John",L,782,138,28.7,2.3989009183117007,5.58925831202046,0.4163591652192148,4.500897629484252,2025
667755,"Soriano, José",R,2784,108,36.5,-2.1133107724062765,5.875068247126436,-0.2067659261542913,4.46811055387803,2025
668390,"Winn, Cole",R,619,140,37.9,-2.083016972826935,5.436203554119548,-0.2491646468486058,4.006763793307013,2025
668670,"Rogers, Jake",R,5,116,25.9,-2.3180830681462683,5.352,-0.5059470588235294,4.472484705882353,2025
668674,"Erceg, Lucas",R,962,118,41.4,-1.6436663338020727,5.980561330561331,0.1063744740421211,4.436923028190676,2025
668678,"Gallen, Zac",R,3133,109,42.1,-1.4166426287503004,5.966157037982764,0.168083501117709,4.534202899159258,2025
668716,"Murdock, Noah",R,391,133,16.6,-2.6261113402367786,5.043427109974425,-0.2763962521255886,4.340867401333935,2025
668820,"Kranick, Max",R,529,121,42.3,-1.5844082144976284,5.867693761814745,-0.0338489658623373,4.457833231402201,2025
668834,"McGee, Easton",R,223,158,24.8,-2.25605538985363,5.549551569506726,-0.0569068319704563,4.534136633414067,2025
668881,"Greene, Hunter",R,1748,113,34.8,-2.0688159455826503,5.970120137299771,-0.1784597102571005,4.660160577099573,2025
668909,"Williams, Gavin",R,2924,114,34.6,-2.102293758469255,6.006217510259918,-0.169119224909837,4.671834570467286,2025
668933,"Ashcraft, Graham",R,1038,113,55.1,-1.121168478916439,6.490953757225434,0.2489699563640485,4.5263123747677385,2025
668941,"Romero, JoJo",L,990,138,30.7,2.0432618503560795,5.3882525252525255,0.0942879556707899,4.230182835484975,2025
668964,"Myers, Tobias",R,826,158,60.7,-0.7970202583541349,5.890278450363196,0.2845313137427544,3.959668538108618,2025
668970,"Hollowell, Gavin",R,172,112,10.1,-3.0416278458619126,5.151744186046511,-0.6483387985532479,4.72813764042615,2025
668984,"Legumina, Casey",R,861,136,17.0,-2.431311894236148,4.644576074332172,-0.3627506084621579,4.011475039180491,2025
669020,"Rolison, Ryan",L,676,115,46.2,1.5292361593926715,5.93862426035503,0.0345059669968041,4.378803454445253,2025
669022,"Gore, MacKenzie",L,2818,120,45.1,1.7019237639860896,5.68875798438609,0.0937858050297995,4.078040908173709,2025
669060,"Wilson, Bryse",R,846,145,39.7,-2.0547008850527093,5.8075768321513,-0.2487619626595534,4.307656473685541,2025
669062,"Miller, Erik",L,482,137,32.0,2.223335824647195,6.243692946058092,0.1384318921457681,4.940271329169163,2025
669084,"Hall, DL",L,588,158,43.2,1.6827330687234896,5.4734013605442176,0.0818774590139085,3.968808403967648,2025
669093,"Estrada, Jeremiah",R,1235,135,66.3,-0.5690179345581731,5.841076923076924,0.3525365371264442,3.723775550022733,2025
669145,"Zimmermann, Bruce",L,91,158,44.7,1.6679000453499355,5.962637362637363,-0.0358917562829327,4.274326016140722,2025
669160,"May, Dustin",R,2169,9999,21.1,-2.5632875030081888,5.019815583218072,-0.385701964893422,4.179116907912417,2025
669193,"Little, Jack",R,44,119,24.9,-2.2006825750880727,4.985681818181818,-0.0871661703937773,4.0028579626478695,2025
669194,"Nelson, Ryne",R,2466,109,53.1,-1.03365001061307,6.187084347120844,0.3076887184063333,4.399473807670233,2025
669199,"Bachar, Lake",R,1143,146,36.2,-1.9187342395359857,5.664514435695538,-0.0113228337879333,4.269081620902557,2025
669203,"Burnes, Corbin",R,1009,109,41.1,-1.7011747491384548,5.87378592666006,-0.0052637287584643,4.391749617170952,2025
669211,"Akin, Keegan",L,1058,110,38.4,1.8769233686211195,5.8641398865784495,0.0749885494273323,4.434334932051528,2025
669212,"Morgan, Eli",R,132,112,43.3,-1.334898431074974,5.560681818181818,0.3123543861070599,4.011237247474748,2025
669276,"Lee, Dylan",L,1102,144,46.5,1.4812478903380426,6.517558983666062,-0.1287194265166882,4.817195291011966,2025
669302,"Gilbert, Logan",R,2155,136,40.2,-1.6895465740966804,5.750487238979118,0.0871217288071102,4.249151112820576,2025
669308,"Reynolds, Sean",R,494,135,39.8,-1.6628762816605185,6.539291497975708,0.1164819291389724,5.055174705918437,2025
669330,"Wells, Tyler",R,342,110,48.9,-1.5539074270273947,7.023216374269006,0.1124990954436001,5.113299724541598,2025
669358,"Baz, Shane",R,2718,139,36.7,-1.87359916010548,5.790250183958793,-0.0417991619873583,4.424298615357575,2025
669371,"Henry, Cole",R,965,120,22.6,-2.681624422289272,5.316279792746114,-0.4578075757575757,4.388022397365917,2025
669372,"Ginn, J.T.",R,1575,133,44.6,-1.6707662595931936,5.631542857142857,-0.0159175686274509,3.9993051542313895,2025
669373,"Skubal, Tarik",L,2849,116,49.5,1.785064518447548,6.12034749034749,0.1603438519254027,4.21544139676867,2025
669387,"Mlodzinski, Carmen",R,1647,134,30.3,-2.15180523074951,5.252234365513054,-0.2137167520052123,4.1190739879779255,2025
669391,"White, Owen",R,119,145,40.3,-1.948532623576937,6.025042016806723,-0.2090150556479276,4.550499641246873,2025
669422,"Sauer, Matt",R,512,119,44.5,-1.3966003253009642,5.9925,0.2012879809700868,4.420632203410484,2025
669432,"Rogers, Trevor",L,1626,110,22.1,2.3806651731121,5.789151291512916,0.1338521335560949,4.878598642491773,2025
669438,"Englert, Mason",R,724,139,40.4,-2.081573432665464,5.891381215469614,-0.2773997807535872,4.35326440821934,2025
669449,"Palisch, Jake",L,24,145,27.7,2.540824327751463,5.864583333333333,0.4235600155971479,4.751913751485443,2025
669456,"Bieber, Shane",R,645,141,39.2,-1.609757907722228,5.636976744186047,0.0607939496193121,4.275059460818859,2025
669459,"Nelson, Kyle",L,44,109,43.8,1.368873576062133,5.766590909090909,-0.0617308438664722,4.396317837465565,2025
669461,"Liberatore, Matthew",L,2385,138,47.0,1.5464087490838885,6.524213836477988,-0.0439397721573859,4.8206913730721945,2025
669467,"Pallante, Andre",R,2720,138,57.9,-1.3872161549998554,6.103974264705882,-0.2040464597423193,4.217973899975097,2025
669620,"Basso, Brady",L,205,133,52.8,1.345097110203341,6.624048780487805,-0.0890554462849441,4.73309593148124,2025
669622,"Bender, Anthony",R,783,146,16.5,-2.507610795659107,5.538084291187739,-0.297056571917052,4.8852285018314765,2025
669674,"Long, Sam",L,786,118,48.6,1.5148762350287537,5.875648854961832,-0.0356052446331296,4.103581860704032,2025
669684,"Murphy, Chris",L,569,111,41.4,1.7783757222995606,5.402267135325132,0.1713762520793586,3.984469812567941,2025
669704,"Strowd, Kade",R,406,110,45.9,-1.602440620386697,5.846773399014778,-0.1278208927144525,4.324481699639104,2025
669711,"Weissert, Greg",R,1068,111,16.2,-2.756430801943938,4.950065543071161,-0.4960485051272807,4.294287856923498,2025
669713,"Wesneski, Hayden",R,508,117,46.2,-1.631525896685981,5.94251968503937,-0.0048244096242648,4.2405918657978585,2025
669717,"Wilson, Will",R,26,114,35.1,-2.149094281989999,6.355,-0.3629367372823255,5.099017551076375,2025
669721,"Daniel, Davis",R,183,144,50.8,-1.2038714289702166,5.68,0.0967262202546194,4.085096281036011,2025
669724,"Hanifee, Brenan",R,946,116,32.2,-2.6407887099909124,5.505835095137421,-0.5791316638590859,4.206729419301836,2025
669854,"Blanco, Ronel",R,793,117,45.5,-1.531411155802917,5.966519546027743,0.0461405499996628,4.361648699853666,2025
669920,"Alexander, Jason",R,1248,9999,21.7,-2.2843107287542312,5.490088141025641,-0.1441744576705973,4.638676060091869,2025
669923,"Kirby, George",R,1989,136,29.5,-2.055829597810616,5.653177476118652,0.0601389620631835,4.457226849678579,2025
669947,"Scholtens, Jesse",R,154,139,41.2,-1.891839622943916,5.847597402597403,-0.0709858659166145,4.252393437622983,2025
670036,"Festa, Matt",R,817,114,32.9,-1.9697833106075304,5.088445532435741,-0.2291044534916448,3.960790608220589,2025
670059,"Holderman, Colin",R,492,134,30.0,-2.2486398312010305,5.656422764227642,-0.2319562890381577,4.492150348716723,2025
670102,"Francis, Bowden",R,1141,141,39.2,-1.9132904642699016,5.955460122699386,-0.1347500851428134,4.50396715862028,2025
670167,"Schreiber, John",R,1047,118,11.8,-2.793066590798144,4.534231136580707,-0.5517761090595829,4.063869912082224,2025
670174,"Winckowski, Josh",R,207,111,54.3,-0.9572335447151632,6.072995169082126,0.3561620381134447,4.23919360097135,2025
670183,"Acton, Garrett",R,21,139,48.0,-1.4700316818674606,6.124761904761905,0.0516322595704948,4.435633443680502,2025
670280,"Bednar, David",R,1015,9999,38.9,-1.6825052997191292,5.873852216748769,0.0131980768859267,4.504456473222518,2025
670329,"Garcia, Rico",R,585,9999,49.4,-1.4515823461995323,5.954820512820513,0.0117212614836144,4.247378069229246,2025
670766,"McCaughan, Darren",R,86,142,29.7,-2.1277602563847022,5.376395348837209,-0.1055796138539982,4.223634900302616,2025
670810,"Gillaspie, Logan",R,111,135,45.7,-1.6841819175438877,5.738558558558559,-0.0796698744198744,4.094230884360297,2025
670912,"Oviedo, Johan",R,665,134,26.1,-2.348185730718711,5.439473684210526,-0.3232998506962594,4.449300312009972,2025
670950,"Richards, Trevor",R,116,9999,52.3,-1.121249148377002,6.2941379310344825,0.3219238282930727,4.42935853002643,2025
670955,"Uceta, Edwin",R,1214,139,13.7,-2.847687845388592,4.539332784184514,-0.7016651633350659,4.017738267303327,2025
670970,"Morejon, Adrian",L,999,135,43.2,1.7734930034084548,5.942842842842842,0.1339543084974457,4.403562635719498,2025
670990,"Ramírez, Yohan",R,604,134,30.3,-2.319448048534852,5.29567880794702,-0.3920597422412674,4.172537951682781,2025
671096,"Abbott, Andrew",L,2677,113,47.5,1.701611240366618,6.023107956667912,0.1998039340203769,4.383376649207583,2025
671106,"Allen, Logan",L,2707,114,36.2,1.6618832462218869,5.236490579977835,-0.0981321909527487,3.945678239258225,2025
671109,"Eder, Jake",L,302,108,37.7,2.120220847179936,5.765298013245033,0.2517419771340203,4.320183203480068,2025
671111,"Peralta, Sammy",L,153,108,16.2,2.678404408970483,4.7615686274509805,0.5761152610301399,4.150583452751273,2025
671131,"Rutledge, Jackson",R,1338,120,32.2,-2.228858571464248,6.058893871449925,-0.2718313212579501,4.827818806303606,2025
671162,"Thomas, Connor",L,119,158,29.1,2.283029614584383,5.181008403361345,0.3203043245105528,4.08433481253464,2025
671212,"Boyle, Joe",R,934,139,32.1,-2.0512116770484705,5.814593147751606,0.0165592546576738,4.519852117280628,2025
671305,"Otañez, Michel",R,121,133,28.8,-2.29820276166204,5.60305785123967,-0.2687138035680087,4.486624495808842,2025
671737,"Bradley, Taj",R,2272,9999,54.0,-1.3414181879148823,6.228094190140845,0.0054617531727799,4.371721699218259,2025
671922,"Smith, Cade",R,1182,114,37.4,-1.9207127880183077,5.838967851099831,-0.0019232096268748,4.369389697663406,2025
672282,"Detmers, Reid",L,1058,108,46.6,1.358612439212045,6.062155009451796,-0.1582671758168811,4.456873658215649,2025
672335,"Pérez, Cionel",L,437,110,38.0,1.9280500252608173,5.554828375286041,0.1671682656420171,4.177710020925367,2025
672391,"Ort, Kaleb",R,788,117,41.7,-1.6565751335107035,5.858832487309645,0.0363188483445985,4.349329033203037,2025
672456,"Montero, Keider",R,1473,116,41.0,-1.7168334096356774,5.779300746775289,-0.0047742413956263,4.28943998103716,2025
672578,"Hernández, Carlos",R,759,9999,41.3,-1.5980819534353028,6.0062450592885375,0.2718776273546908,4.364709277499477,2025
672582,"Zerpa, Angel",L,1099,118,29.5,1.995607148141004,5.329390354868062,0.1192544311876458,4.267648009209474,2025
672710,"Contreras, Roansy",R,197,9999,46.2,-1.2040732422040918,6.246395939086295,0.365353199507768,4.60948340933974,2025
672724,"Peraza, Oswald",R,40,108,38.9,-2.224500883302533,6.88475,-0.4837023997326203,5.479782056595365,2025
672782,"Gómez, Yoendrys",R,1099,9999,33.7,-1.933228397948071,5.541756141947225,-0.0107778904497525,4.260196447832173,2025
672841,"Vargas, Carlos",R,1095,136,33.3,-2.1391121013221146,5.797735159817352,-0.2354037512921316,4.546669222523381,2025
673380,"Núñez, Dedniel",R,183,121,39.2,-1.7625557315527458,5.535136612021858,0.0503856228631542,4.055752180435015,2025
673513,"Matsui, Yuki",L,1063,135,54.9,1.2207071751565968,6.060592662276576,0.0236684867601363,4.358909264047704,2025
673540,"Senga, Kodai",R,1900,121,45.6,-1.5286058504094402,5.934663157894737,0.068529066141289,4.2989783500328365,2025
673820,"Piña, Robinson",R,61,9999,29.8,-2.5180283503870613,6.207049180327869,-0.4910180254814295,5.045978377312177,2025
673929,"Leasure, Jordan",R,1130,145,53.3,-1.0813528545362048,5.860823008849557,0.2564233733219756,4.064354522344739,2025
673965,"Freeman, Caleb",R,70,145,45.8,-1.5602783584430584,5.879,0.0268783880825057,4.24368868347339,2025
674072,"Henry, Tommy",L,107,109,44.4,1.6541870008170108,5.7776635514018695,-0.1103151306911889,4.050851885818049,2025
674285,"Salazar, Eduardo",R,545,120,35.1,-1.8602802916250325,5.546,0.001024128113297,4.238329901061342,2025
674370,"Bido, Osvaldo",R,1378,133,35.2,-2.037241057878884,5.921066763425254,-0.0789091238302947,4.540991632257865,2025
674384,"Núñez, Eduarniel",R,249,9999,32.3,-2.275986890898062,5.512449799196787,-0.2760256580689961,4.245826473809677,2025
674444,"Cruz, Steven",R,642,118,32.8,-2.3784541218257824,5.629423676012461,-0.3839440150543367,4.34446585133912,2025
674841,"Alvarez, Andrew",L,415,120,46.4,1.713450706134158,6.314939759036145,0.0261696868758456,4.542092214419174,2025
674944,"Guenther, Sean",L,154,116,44.6,1.6470108710090825,5.494935064935065,0.1055586875245966,3.9736058603606734,2025
675512,"Melton, Troy",R,656,116,36.6,-1.7922032467913456,5.441265243902439,0.0198257499673927,4.09590497940307,2025
675540,"Curry, Xzavion",R,56,146,61.1,-0.7271357053179691,6.027857142857143,0.3425631923223835,4.089572254583652,2025
675650,"Mercado, Michael",R,85,143,35.8,-1.915560941069297,6.0828235294117645,-6.84806542938e-05,4.70294631854881,2025
675848,"Mejia, Juan",R,1074,115,37.7,-2.1362126619286435,5.967011173184358,-0.2163226862778292,4.484091401942528,2025
675911,"Strider, Spencer",R,2105,144,42.5,-1.6161567239021193,5.774988123515439,-0.0586656066322015,4.348760453592796,2025
675919,"Raquet, Nick",L,27,138,43.5,1.7080076384745966,5.697777777777778,0.0611946028916617,4.134705436720143,2025
675989,"Bolton, Cody",R,40,114,38.5,-1.7752657581576838,5.643,0.0638160806595365,4.178490323083779,2025
676051,"Heuer, Codi",R,87,9999,29.0,-2.3651999746746584,5.57551724137931,-0.3548046724855041,4.458351202696335,2025
676083,"Junk, Janson",R,1622,146,52.6,-1.143130261192396,5.773557336621455,0.1876391859041565,4.029017514083315,2025
676092,"Snider, Collin",R,477,136,18.6,-2.546446634485912,5.17167714884696,-0.2633873122643378,4.403273434679761,2025
676106,"Hancock, Emerson",R,1423,136,18.5,-2.5591088702815186,5.380780042164441,-0.3495071620049029,4.642017552608471,2025
676130,"Buttó, José",R,1093,9999,37.8,-1.9920501408472604,5.516111619396157,-0.0705229885366772,4.024352487797082,2025
676206,"Tarnok, Freddy",R,130,146,47.0,-1.325630536424948,6.555846153846153,0.3502617201426025,4.757599525572466,2025
676254,"Walker, Ryan",R,1018,137,17.9,-2.8174486981108853,5.031178781925344,-0.5476768509958011,4.296181396537897,2025
676263,"Dreyer, Jack",L,1146,119,56.2,0.9694428077309633,5.941910994764398,-0.2891320451201264,4.062040950387771,2025
676272,"Miller, Bobby",R,116,119,45.1,-1.367616519428562,5.986637931034482,0.2975745574405311,4.310646434169279,2025
676282,"Cantillo, Joey",L,1637,114,53.3,1.083679522091539,5.85620036652413,-0.2523561010587385,4.060382393230519,2025
676395,"Garcia, Robert",L,971,140,26.2,2.431148473403092,5.651493305870237,0.2922246298631802,4.60016860358599,2025
676428,"Hurter, Brant",L,1052,116,28.8,2.671344281626503,5.851730038022814,0.4162448198999613,4.609715479978718,2025
676440,"Bibee, Tanner",R,2964,114,54.1,-1.2413872070805658,6.295418353576248,0.0480516039172385,4.512476169320016,2025
676467,"Gordon, Colton",L,1451,117,31.1,2.2773768152889216,5.49802894555479,0.2514789260833084,4.277761846952928,2025
676475,"Burleson, Alec",L,7,138,54.8,1.2548416080644282,6.61,0.1605504456327985,5.060436554621849,2025
676477,"Whitlock, Garrett",R,1179,111,39.5,-1.8087465169620016,5.777201017811705,-0.1205696493448177,4.387593357312082,2025
676508,"Casparius, Ben",R,1262,119,46.5,-1.3863546540958462,6.191735340729002,0.1865470523261891,4.534006614574947,2025
676510,"Hoffman, Nolan",R,26,143,6.5,-2.925078591218548,4.293076923076924,-0.5624306972439326,4.022907263814616,2025
676534,"Faucher, Calvin",R,1054,146,43.5,-1.8370639516557192,5.811650853889943,-0.215286461049833,4.26868395400596,2025
676571,"Poulin, PJ",L,419,120,15.8,2.632515052728249,4.37307875894988,0.4665337853475085,3.759168205641988,2025
676604,"Zuber, Tyler",R,245,9999,35.5,-1.7320285210569033,5.164408163265306,-0.0150732565753574,3.939943292589763,2025
676609,"Caballero, José",R,1,139,37.8,-1.895019830899579,5.34,-0.2917545454545455,4.09680909090909,2025
676617,"O'Brien, Riley",R,758,138,28.9,-2.241495639885944,5.492519788918206,-0.1665000152855577,4.345845092512898,2025
676661,"Lazar, Max",R,645,143,53.1,-1.0276357001639131,5.886062015503876,0.3487279972087496,4.051537822962871,2025
676664,"Sears, JP",L,2366,9999,25.3,2.2040207186018783,4.836360946745562,0.2532941347867818,3.9140223287647498,2025
676679,"Vázquez, Luis",R,1,110,59.7,-1.4853219296123603,7.82,-0.3288058823529412,5.838444117647059,2025
676680,"Cosgrove, Tom",L,64,112,21.0,2.5300065243119017,5.0796875,0.3350964446858289,4.235418776459447,2025
676684,"Vest, Will",R,1136,116,52.4,-1.2145946714508602,5.643961267605634,0.1146044433826667,3.919000595249303,2025
676701,"Trejo, Alan",R,3,115,36.8,-2.118174794062062,6.23,-0.2902489898989899,4.863065656565657,2025
676702,"Stratton, Hunter",R,343,9999,37.9,-1.6700818985984816,5.940991253644315,0.1158216283916163,4.548327512823311,2025
676742,"Sanders, Cam",R,147,134,35.3,-2.1200919458366467,6.005102040816326,-0.2303535026131664,4.667367103811221,2025
676755,"Mattson, Isaac",R,777,134,49.4,-1.631913556360884,6.032651222651222,-0.1430702064937359,4.292722038922039,2025
676760,"Marinaccio, Ron",R,164,135,28.9,-2.287891464839912,5.097560975609756,-0.2682384494152428,3.983376235815834,2025
676775,"Winn, Keaton",R,165,137,40.8,-1.9611672556473332,6.225515151515151,-0.0312315707880948,4.559382934154378,2025
676879,"Ashby, Aaron",L,1033,158,50.2,1.1260483572363291,6.456786060019361,-0.446653434780583,4.5671906650066525,2025
676917,"Cavalli, Cade",R,788,120,43.9,-1.513837295019603,6.180203045685279,0.1859630526299121,4.545400045015699,2025
676961,"Boushley, Caleb",R,742,140,43.1,-1.9069113491863643,5.907601078167116,-0.1935762996622319,4.300953486265861,2025
676962,"Brown, Ben",R,1759,112,45.0,-1.4414709972999118,6.456964184195566,0.1632638333642413,4.851494472785238,2025
676969,"de Geus, Brett",R,47,143,29.2,-2.2428142095731967,6.045531914893617,-0.1763483407289415,4.892666916979557,2025
676974,"Meyer, Max",R,1039,146,36.9,-1.758571232368937,5.628488931665062,0.1034339659689232,4.227705240195649,2025
676979,"Crochet, Garrett",L,3144,111,35.0,2.0220054244629773,6.120410305343512,0.0190927252146521,4.7183293153243255,2025
677020,"Walker, Josh",L,92,141,39.8,1.9270719573609831,6.113913043478261,0.0583533403084553,4.555571984228474,2025
677161,"Kelly, Zack",R,581,111,36.5,-1.8243040415921368,5.5284509466437175,-0.0191072043713432,4.190323523889293,2025
677649,"Duran, Ezequiel",R,5,140,63.4,-1.19665363569237,6.662,-0.2753108199643493,4.813678930481284,2025
677651,"Garcia, Luis",R,106,117,37.6,-1.785934150842309,6.140660377358491,-0.148880931120304,4.88074055006222,2025
677865,"Bruihl, Justin",L,219,141,29.4,2.3503846705985163,5.10662100456621,0.5089205548637056,4.067107124020218,2025
677944,"Cecconi, Slade",R,2063,114,39.8,-1.7462316703075478,5.849117789626757,0.0398424299019391,4.363925571503003,2025
677952,"Ashcraft, Braxton",R,1102,134,41.1,-1.7750037751105674,6.249464609800363,0.1390858545959218,4.575953328820392,2025
677955,"Hill, Jaden",R,488,115,25.3,-2.2717759780873528,5.695594262295082,-0.182919459907659,4.709635875814558,2025
677958,"Rocker, Kumar",R,1127,140,29.7,-2.4710879074369214,5.6791126885536825,-0.4442300512299781,4.522805992910999,2025
677960,"Weathers, Ryan",L,642,146,41.5,1.7258161713502858,5.730124610591901,0.0661669500113837,4.256610202631038,2025
677961,"Wilcox, Cole",R,39,139,27.9,-2.346435977623157,5.658461538461538,-0.1495840394899218,4.495595038621509,2025
677976,"Dobnak, Randy",R,79,142,22.7,-2.5079637498140706,5.593670886075949,-0.363760301450845,4.695899846566936,2025
678020,"Halvorsen, Seth",R,636,115,44.3,-1.5792930057890535,5.810927672955975,-0.0498663289386652,4.316273494658012,2025
678022,"Perkins, Jack",R,637,133,29.3,-2.085799988620254,5.330832025117739,-0.2998441527660015,4.328755662544738,2025
678024,"Vasil, Mike",R,1645,145,30.2,-2.25507809011594,5.902717325227964,-0.2547764437148166,4.738322818566498,2025
678215,"Arias, Luarbert",R,207,146,36.6,-1.6129738641580322,6.077246376811594,0.1506222049996986,4.766636574181715,2025
678226,"Hernández, Daysbel",R,717,144,40.8,-2.0361803466821007,5.93907949790795,-0.2879198796977901,4.428465443382882,2025
678316,"Cruz, Omar",L,81,135,49.0,1.365189531653915,5.929382716049383,-0.1729109735701239,4.156594548975595,2025
678368,"Bellozo, Valente",R,1322,146,45.5,-1.4816518677137622,6.001497730711044,0.0422933302725573,4.452315785244093,2025
678394,"Bello, Brayan",R,2694,111,32.8,-2.139732061124591,5.323092056421678,-0.1926000210079307,4.068376656615944,2025
678495,"Rodríguez, Randy",R,808,137,39.6,-1.7567109538405854,5.5208168316831685,-0.1385092013245442,4.181736529755916,2025
678606,"Ferrer, José A.",L,1208,120,32.1,2.315978375008568,5.810140728476822,0.3837690741904829,4.5999901607376845,2025
678692,"Henriquez, Ronny",R,1157,146,41.9,-1.4090019430889638,5.239204840103716,0.0465789756069002,3.935048384321121,2025
678821,"Peralta, Luis",L,436,115,26.5,2.3227535880995247,5.15098623853211,0.2653693463916008,4.123420277518847,2025
678906,"Teng, Kai-Wei",R,573,137,23.6,-2.537520625289543,5.438464223385689,-0.5001597034403163,4.548535588406392,2025
679358,"Orze, Eric",R,681,139,45.6,-1.2019334142609133,5.863920704845815,0.4243020196785161,4.202810686549349,2025
679775,"Backhus, Kyle",L,430,109,9.2,2.9641883598269065,4.320348837209302,0.6815120298055798,3.952304946109522,2025
679883,"Avila, Luinder",R,217,118,51.5,-1.3808290295166772,6.213087557603687,0.0735385544247024,4.3837604729868485,2025
679885,"Martinez, Justin",R,268,109,37.9,-2.0450667665198345,6.126455223880597,-0.1979021011253891,4.689927634887062,2025
679922,"Duran, Carlos",R,27,133,22.5,-2.580469423102198,5.812592592592592,-0.2388718162012279,4.8430849970291145,2025
680573,"Woods Richardson, Simeon",R,1872,142,46.0,-1.3545492636269942,6.410689102564103,0.248258358233542,4.749833939365373,2025
680604,"Castaño, Blas",R,50,136,26.6,-1.8710388465444463,4.759,0.0026713368983957,3.816537106951872,2025
680684,"Hoglund, Gunnar",R,547,133,48.9,-1.338356683215872,6.181937842778793,0.1184314686818719,4.50872909745916,2025
680689,"Richardson, Lyon",R,674,113,31.3,-2.089851669890023,5.5132195845697325,-0.1757945097245804,4.349535886134869,2025
680694,"Bradish, Kyle",R,494,110,56.3,-1.087106160387623,6.431052631578948,0.1552649449363845,4.569760981871585,2025
680701,"Rooney, John",L,23,117,15.4,2.830676849920823,5.155652173913044,0.4743985003487561,4.505752886925522,2025
680702,"Gerber, Joey",R,64,139,36.7,-1.8201987296411264,5.43390625,-0.0523364973262032,4.115431705381016,2025
680704,"Sandlin, Nick",R,289,141,11.8,-2.512037547150152,4.282560553633218,-0.49055278358591,3.857907136909498,2025
680729,"McDaniels, Garrett",L,191,108,48.0,1.3396850105814389,6.1672774869109945,-0.2223083685639891,4.429949618295677,2025
680730,"Parker, Mitchell",L,2703,120,60.8,0.981653811484872,6.242970773214946,-0.1860766894973103,4.145442497574821,2025
680732,"Burke, Sean",R,2370,145,42.3,-1.5298879101912657,6.246168776371308,0.1366393180501966,4.730833396737291,2025
680735,"Cox, Austin",L,426,144,52.8,1.1237075331455386,6.336056338028169,-0.2512975375126576,4.5244434671905465,2025
680736,"Wrobleski, Justin",L,1092,119,36.7,1.7719233014099507,5.466108058608059,0.0474607316702904,4.179037186179833,2025
680742,"Bowlan, Jonathan",R,726,118,41.1,-1.930967284926511,6.165922865013775,-0.1696693985307621,4.628770770907912,2025
680755,"Fisher, Braydon",R,833,141,49.1,-1.013356683158713,6.474873949579832,0.5338533347028651,4.688773462326107,2025
680767,"Vodnik, Victor",R,918,115,40.7,-1.5891733186301726,5.325337690631808,0.1433398912228785,3.829798279410794,2025
680837,"Fitzgerald, Ryan",R,13,142,45.2,-1.5508736061164112,6.504615384615384,-0.1475955093925682,5.0831039764157415,2025
680880,"Holman, Grant",R,374,133,39.7,-2.027199997453183,6.00331550802139,-0.1132400936067183,4.414005444822557,2025
680885,"Schwellenbach, Spencer",R,1573,144,35.8,-2.11176229527981,5.394787031150668,-0.4166659443052491,4.171142626689467,2025
680951,"Nikhazy, Doug",L,107,114,44.7,1.5849442556916151,5.4655140186915885,0.0461017850300697,3.943642169357122,2025
681006,"Simpson, Josh",L,612,146,25.1,2.2767144317164365,5.1566503267973856,0.2669210034310812,4.215189847145037,2025
681146,"Bride, Jonah",R,26,142,23.1,-2.2436305000941505,5.893461538461539,-0.2147908542437954,5.025967509941039,2025
681151,"Murray, Jayden",R,176,117,27.8,-2.4441557164167267,5.688465909090909,-0.3357040572840706,4.576975578816238,2025
681168,"Curvelo, Luis",R,325,140,34.2,-2.0257362427640317,5.73476923076923,-0.1692424409707939,4.472114911833264,2025
681190,"Vásquez, Randy",R,2142,135,35.4,-1.964387764921827,5.96047152194211,-0.0668682807228654,4.609530086704914,2025
681217,"Silseth, Chase",R,212,108,32.7,-2.047388167288626,5.795141509433963,-0.1522983318198634,4.576606084569334,2025
681293,"Arrighetti, Spencer",R,618,117,21.5,-2.276730657210493,4.971343042071197,-0.2003415906639207,4.154389156412786,2025
681343,"Smith, Shane",R,2391,145,33.7,-2.0755292067935023,5.792091175240485,-0.128412499748388,4.495263086283903,2025
681347,"Burrows, Mike",R,1537,134,47.7,-1.3767734294943232,6.124248536109304,0.1893638293455431,4.400195123437676,2025
681432,"Little, Luke",L,76,112,19.4,2.761888141213353,5.246447368421053,0.3468457582793883,4.396049710338681,2025
681517,"Leahy, Kyle",R,1349,138,45.2,-1.5318280553136367,5.7661304670126015,0.1049650450125464,4.117234490459032,2025
681676,"Fernandez, Ryan",R,523,138,56.3,-0.9881239928142396,5.932695984703633,0.2926093547100745,4.009575284165465,2025
681751,"Estrada, Lazaro",R,119,141,48.6,-1.358801868682029,5.580672268907563,0.1924404424871553,3.820094456178193,2025
681799,"Roberts, Ethan",R,144,112,31.3,-1.8020787002643848,5.1159027777777775,-0.074325854748465,4.067767380917013,2025
681810,"Warren, Austin",R,146,121,27.0,-2.4342365461976696,4.957534246575342,-0.3751970948404268,3.9064642645227456,2025
681857,"Olson, Reese",R,1159,116,36.5,-1.974360613064108,5.982424503882657,-0.0527109783312493,4.557587025587551,2025
681867,"Criswell, Cooper",R,276,111,9.3,-2.842016618229686,4.768079710144928,-0.4341741549122943,4.373389996835361,2025
681869,"Dubin, Shawn",R,551,9999,35.3,-1.967908856492424,5.762885662431942,-0.0953973566129966,4.437853992255209,2025
681870,"Sabrowski, Erik",L,503,114,48.2,1.3582926704060636,6.023359840954274,-0.2523709904565477,4.219831623272841,2025
681882,"Selby, Colin",R,211,110,48.4,-1.335756023356368,5.738909952606635,0.2703554709346039,3.932366662020258,2025
681892,"Funderburk, Kody",L,724,142,32.0,2.288100742003255,5.727776243093922,0.1934085780620636,4.415918787361756,2025
681895,"Sisk, Evan",L,329,9999,16.1,2.428336257778249,4.870638297872341,0.3952826698958113,4.286417984872866,2025
681911,"Vesia, Alex",L,1023,119,64.8,0.5499926987928127,6.011818181818182,-0.4349504301249514,3.913454742264808,2025
681916,"Smith, Dylan",R,165,116,48.6,-1.4789562184096032,5.981575757575758,0.0060110905849943,4.297756191325015,2025
681962,"Capra, Vinny",R,1,145,51.8,-1.2263982022817437,6.74,-0.0416833333333333,5.230499999999999,2025
681982,"Anderson, Grant",R,1156,158,3.8,-3.054184626795156,4.342404844290657,-0.9240854756860278,4.202654600272005,2025
682052,"Lopez, Jacob",L,1666,133,20.8,2.8285460804016926,5.20374549819928,0.5749539073918337,4.3498992669260215,2025
682120,"Herrin, Tim",L,750,114,31.2,2.4465394325993066,5.781506666666667,0.4127772818775995,4.550541635412953,2025
682144,"Sandridge, Jayvien",L,31,147,40.3,2.0169022917542407,6.226451612903226,0.0655359093784141,4.57293715715025,2025
682171,"Murfee, Penn",R,232,145,-2.8,-3.2295084986189866,4.082025862068965,-0.9691463077785972,4.192404644569426,2025
682243,"Miller, Bryce",R,1542,136,44.1,-1.5312495988544228,5.673002594033722,0.1638955491629501,4.028086291213809,2025
682254,"Montgomery, Mason",L,859,139,52.3,1.2699109766747216,5.822898719441211,-0.0776270763168215,4.078337409083646,2025
682274,"Hiraldo, Yaramil",R,314,110,62.1,-0.959856217771974,6.358980891719745,0.1742411055099515,4.216661491933195,2025
682515,"Porter, Logan",R,15,137,57.8,-1.4376883630447792,6.967333333333333,-0.2456662210338681,5.074808342245989,2025
682610,"Muñoz, Roddery",R,229,138,38.7,-1.8053062773897453,5.677336244541484,0.1098559913286473,4.14503370929952,2025
682790,"González, Wikelman",R,368,145,27.5,-2.051878068441312,5.197173913043478,-0.1113926853251181,4.187930197919089,2025
682825,"Mey, Luis",R,414,113,35.3,-2.1009328466718555,5.847705314009662,-0.1468844185676027,4.466585545351211,2025
682842,"Uribe, Abner",R,1164,158,38.2,-2.109636387449357,5.86963058419244,-0.0336970709214644,4.232356264509865,2025
682847,"Ortiz, Luis",R,1500,114,21.9,-2.243207705012551,5.055746666666667,-0.1427203252525252,4.2127036178847295,2025
682989,"Mederos, Victor",R,314,108,23.2,-2.526399571958865,5.31108280254777,-0.4855959186280186,4.435935246999785,2025
682990,"Priester, Quinn",R,2468,158,46.9,-1.475284399787936,6.068598055105348,0.1642334234349405,4.313596218693754,2025
682995,"Barco, Hunter",L,46,134,22.4,2.9736224007567182,5.380434782608695,0.7042499554367202,4.443771396186934,2025
683004,"Leiter, Jack",R,2583,140,45.5,-1.6250694917677282,5.608656600851723,-0.1310412612150058,4.086441410173332,2025
683155,"Estes, Joey",R,186,133,38.4,-1.8000923224322,5.786236559139785,-0.0335217013589404,4.385421270580569,2025
683175,"Phillips, Connor",R,377,113,40.4,-1.7185681300137787,5.815198938992042,-0.098899020789893,4.442501793642463,2025
683232,"Mears, Nick",R,845,158,55.3,-0.9050429549115668,6.237136094674556,0.3923106614350958,4.360591952873673,2025
683409,"Chivilli, Angel",R,1022,115,34.5,-2.165887661412813,5.788326810176125,-0.1576050586735316,4.410335273885395,2025
683618,"Henriquez, Edgardo",R,279,119,41.2,-1.7021542035255597,5.894695340501792,0.0559126997361342,4.355291433308416,2025
683627,"Molina, Anthony",R,608,115,49.3,-1.254391488610099,6.143059210526316,0.1844554532847828,4.472953835080683,2025
683766,"Koss, Christian",R,2,137,45.9,-1.6214301823323911,6.11,-0.1193600713012477,4.563492736185383,2025
683769,"Gaddis, Hunter",R,1049,114,36.8,-1.983984469324367,6.224966634890372,-0.0711841685231159,4.793422849280105,2025
684007,"Imanaga, Shota",L,2176,112,35.8,2.0206647303208016,5.416681985294118,0.2158267426781876,4.113387091639797,2025
684320,"Rodríguez, Yariel",R,1158,141,36.4,-2.080785944171509,5.723385146804836,-0.2266866601861344,4.355891178240805,2025
684974,"Yoho, Craig",R,176,158,18.5,-2.2550690574275256,4.975,0.0375922804245665,4.205096613697132,2025
685005,"Roa, Christian",R,41,146,42.4,-1.624918714452472,6.245609756097561,0.1218292509021346,4.651102841180818,2025
685068,"Ragsdale, Carson",R,95,110,44.5,-1.829676707147894,6.241473684210527,-0.1237230875316633,4.56350899709166,2025
685107,"Veneziano, Anthony",L,481,9999,34.8,2.156073131363037,6.185426195426196,0.1777499809146868,4.808710737248973,2025
685126,"Eisert, Brandon",L,1216,145,32.0,2.444596995064493,5.075773026315789,0.6616971611431653,3.96393587637208,2025
685299,"Gordon, Tanner",R,1244,115,42.9,-1.786606984321361,6.159782958199357,-0.0119532814909068,4.508792992030195,2025
685314,"Saalfrank, Andrew",L,427,109,48.8,1.4510506125596017,6.269672131147541,-0.1145211968841187,4.483605644821267,2025
685326,"Brown, McCade",R,501,115,30.5,-2.2383684178235748,5.730399201596806,-0.1996462436979872,4.527316838515483,2025
685801,"Bigge, Hunter",R,226,139,53.7,-1.2153819787568956,5.731061946902655,0.0491303570583502,4.0107535449497576,2025
686218,"Sheehan, Emmet",R,1145,119,34.7,-2.064549385295661,5.488323144104804,-0.1487776908047856,4.159677600666309,2025
686228,"Burgos, Juan",R,220,9999,33.1,-1.9271230900357856,5.100090909090909,-0.0778411258304974,3.8956866678820288,2025
686249,"Wiles, Nathan",R,24,144,43.7,-1.7550432199533588,6.431666666666667,-0.0045929664289958,4.758301905080214,2025
686563,"Cannon, Jonathan",R,1793,145,26.4,-2.5878814324369,5.841779141104294,-0.4516614556211371,4.779345722819879,2025
686580,"Slaten, Justin",R,499,111,50.9,-1.6715687392388128,5.959779559118236,-0.1516932488863645,4.088938995638335,2025
686613,"Brown, Hunter",R,2962,117,56.1,-1.0552096504099844,6.155472653612424,0.1738011400797505,4.324050656443291,2025
686642,"Ellard, Fraser",L,329,145,27.5,2.231271396420302,5.724316109422492,0.2360239644794088,4.682147141177555,2025
686654,"Adcock, Ty",R,82,121,47.0,-1.5657546275579746,6.040731707317073,-0.0201061149515238,4.380077689013521,2025
686676,"Lee, Korey",R,2,145,46.1,-1.3759971942276636,6.17,0.0763537878787879,4.659963636363636,2025
686701,"Bergert, Ryan",R,1312,9999,49.3,-1.2830544474099943,5.920586890243903,0.114418354976414,4.300298129836746,2025
686730,"Spiers, Carson",R,245,113,27.8,-2.026315197864198,5.3342857142857145,-0.0692429993815708,4.3033332012805126,2025
686747,"La Sorsa, Joe",L,100,113,24.9,2.5059716185553853,5.445,0.3725763449197861,4.455565299465241,2025
686751,"Johnson, Seth",R,214,143,48.5,-1.4014366325008312,5.735046728971962,0.1042116610025488,4.030840555083546,2025
686752,"Pepiot, Ryan",R,2698,139,41.3,-1.750623519698849,5.914536693847294,-0.0787614697755913,4.443519934882774,2025
686753,"Jameson, Drey",R,53,109,40.3,-1.6663116187590798,5.649433962264151,0.0525160192378838,4.191788965122927,2025
686790,"McDonald, Trevor",R,212,137,33.2,-2.393355460550027,5.349669811320755,-0.3405019338781825,4.0033595218276,2025
686799,"Kochanowicz, Jack",R,1840,108,29.9,-2.407436767032607,5.923755434782609,-0.1861974198829729,4.643797868858018,2025
686826,"Jarvis, Bryce",R,409,109,36.9,-1.7283375063754691,5.618973105134474,-0.0324314941446683,4.34241067208835,2025
686930,"Barnett, Mason",R,431,133,56.2,-1.0323257327913165,6.057795823665893,0.1920763982116786,4.229720389096369,2025
686973,"Varland, Louis",R,1066,9999,41.8,-1.9014875774200104,5.503386491557223,-0.2347641563243069,4.013327364863735,2025
686993,"Sterner, Justin",R,1092,133,35.2,-1.9189849202854072,5.4489194139194135,-0.1409138778704955,4.192800750393397,2025
687003,"Van Belle, Brian",R,129,139,30.1,-2.2778554238156503,5.294728682170542,-0.2045486423744973,4.09263717130263,2025
687064,"Young, Brandon",R,938,110,48.9,-1.2733154950021313,6.023134328358209,0.3046855908577814,4.209762058785523,2025
687074,"Owens, Tyler",R,66,116,45.6,-1.4843327198645695,5.506969696969697,0.0180614338572894,3.974498929130881,2025
687075,"Sproat, Brandon",R,290,121,33.3,-2.1171287898891986,5.583896551724138,-0.1964658642202962,4.320703190116172,2025
687134,"Blalock, Bradley",R,1033,115,62.4,-0.8213056390135709,6.312642787996128,0.2882885837763777,4.19453822709758,2025
687166,"Pope, Austin",R,36,109,50.9,-1.5039164300229082,5.844166666666666,-0.0027639507823331,3.993868934442464,2025
687209,"Maxwell, Zach",R,165,113,37.5,-1.941871105511642,6.193939393939394,0.0933778085669529,4.632300734618917,2025
687223,"Palmquist, Carson",L,705,115,20.7,2.3767739475717,4.980283687943262,0.3451944487427466,4.213034683126636,2025
687287,"Monteverde, Patrick",L,87,146,41.5,1.5667669895568612,5.934137931034483,-0.0673055401889073,4.48833246870326,2025
687330,"Kelly, Kevin",R,588,139,3.6,-2.797569785814303,3.8042006802721087,-0.6653558715910607,3.6699476511816846,2025
687362,"Gillispie, Connor",R,418,146,42.4,-2.0043729979464864,5.586315789473685,-0.3023833248044759,4.032672187822498,2025
687377,"Ribalta, Orlando",R,501,120,39.6,-1.9712338387269448,6.398483033932136,-0.0814564035921027,4.834068148551382,2025
687396,"Headrick, Brent",L,366,147,42.9,1.6836920445987351,6.425109289617486,-0.1369743970563884,4.730711743520061,2025
687424,"Maldonado, Anthony",R,129,133,35.3,-2.1000046483341475,6.236201550387597,-0.1975636854177893,4.88846190772292,2025
687473,"Gusto, Ryan",R,1759,9999,43.7,-1.373048056478062,5.789556566230813,0.4056553986678138,4.088872962072316,2025
687589,"Hamel, Dom",R,13,121,36.0,-2.294278085762102,5.585384615384616,-0.3956840326340326,4.2051135335252985,2025
687606,"Schultz, Paxton",R,448,141,35.6,-1.8273611771920348,5.811964285714286,-0.0134591987363127,4.510578146286924,2025
687765,"Spence, Mitch",R,1350,133,43.6,-1.8631611493046785,6.105088888888889,-0.162666522875817,4.484471725688255,2025
687830,"Gipson-Long, Sawyer",R,463,116,29.2,-2.506905205783266,5.350107991360691,-0.4416815436797142,4.192743991175893,2025
687847,"Church, Marc",R,99,140,61.6,-0.6757978222274893,6.514646464646464,0.398947475647743,4.530891434847584,2025
687849,"Kent, Zak",R,308,114,51.6,-1.1962439022214344,6.225162337662337,0.2255299282936315,4.431397018022085,2025
687863,"Hodge, Porter",R,624,112,40.5,-1.816978061073529,5.638301282051282,-0.1564168443484619,4.223851836949815,2025
687888,"Walter, Brandon",L,814,117,26.9,2.4067423336159197,5.503587223587224,0.320758892180951,4.444144408129569,2025
687911,"King, Bryan",L,1046,117,33.5,1.96526907645696,5.491845124282983,0.1187233035279121,4.269584723656541,2025
687922,"Lucas, Easton",L,438,141,48.2,1.4450659125160676,6.183036529680365,-0.115078276113268,4.441035431673708,2025
687931,"Whisenhunt, Carson",L,408,137,48.2,1.3538359968156015,6.245612745098039,-0.1440012964856174,4.5719699162909375,2025
688107,"Gasser, Robert",L,102,158,28.4,2.3384388241076124,5.164313725490196,0.35306911240432,4.089139089860543,2025
688138,"Evans, Logan",R,1337,136,33.4,-2.165781139597927,5.935078534031414,-0.0292939505264266,4.523298092878274,2025
688158,"Morgan, David",R,766,135,32.4,-2.0991764601235414,5.345966057441253,-0.1929247689225227,4.136885574877946,2025
688297,"Roycroft, Chris",R,394,138,17.0,-2.696156892346665,4.936802030456853,-0.2790876179682763,4.198529390501009,2025
688497,"Rashi, Taylor",R,319,109,71.4,-0.1402001579508699,6.376551724137931,0.5985369741113886,4.1856844618041,2025
688642,"Agnos, Zach",R,527,115,40.1,-1.929724775808942,5.893776091081594,-0.2289192890507936,4.460972315971412,2025
689017,"Knack, Landon",R,773,119,54.3,-1.0863594818336202,5.785523932729625,0.2262559928099194,3.9591753875794704,2025
689147,"Kerkering, Orion",R,1073,143,31.3,-2.1674382616323085,5.720503261882572,-0.2111374355639061,4.537522566130578,2025
689225,"Brieske, Beau",R,405,116,49.1,-1.243303103758733,6.085506172839506,0.2955797176558614,4.308420730837789,2025
689254,"Fluharty, Mason",L,859,141,32.6,2.0086136338035065,5.665389988358556,0.212342409820315,4.520408564865252,2025
689266,"Dodd, Dylan",L,536,144,37.1,2.0516297880745467,5.889384328358209,0.0817787187059355,4.397664745789768,2025
689520,"Laweryson, Cody",R,93,142,30.4,-2.211393553806855,5.573118279569893,-0.1364794529737603,4.354012440342706,2025
689690,"Jacob, Alek",R,585,135,-0.6,-2.489719720382859,3.8728547008547007,-0.305852718740954,3.894537769246005,2025
689958,"Walters, Andrew",R,29,114,38.5,-1.7530291229684989,5.8293103448275865,0.0233295008912656,4.416079964964042,2025
690382,"Darrell-Hicks, Michael",R,158,9999,32.1,-2.231306598132148,5.844683544303797,-0.2977432207405401,4.633075116202983,2025
690544,"Horn, Bailey",L,224,116,45.2,1.3020588703091938,5.938348214285714,-0.2354988767666157,4.390127997278457,2025
690829,"Joyce, Ben",R,70,108,31.2,-2.005192857977125,5.2907142857142855,0.0329759371021135,4.055259237331296,2025
690916,"Fitts, Richard",R,735,111,52.6,-1.2099917805700948,6.019523809523809,0.2260708363345338,4.136984803133375,2025
690925,"Beeter, Clayton",R,465,9999,51.5,-1.2912784955440717,6.096258064516129,0.1266860698062216,4.316224016061947,2025
690928,"Dobbins, Hunter",R,928,111,49.1,-1.5110961950068782,6.058717672413793,-0.0076062320402298,4.317460893801094,2025
690953,"Abel, Mick",R,720,9999,28.5,-2.1951503934175047,5.644416666666666,-0.1221167707714398,4.516424774088929,2025
690986,"Harrison, Kyle",L,587,9999,27.1,2.3508476469684187,4.819216354344123,0.3055766022283158,3.773079827789874,2025
690990,"Horton, Cade",R,1788,112,48.6,-1.5825107624743555,6.013092841163311,-0.0760123414863199,4.3046433256269765,2025
690997,"McLean, Nolan",R,738,121,27.4,-2.529659422935918,5.158292682926829,-0.5403848158775706,4.126813417411803,2025
691094,"Wynne, Randy",R,47,113,32.7,-1.910723195693983,5.506808510638298,-0.0269165092729548,4.299877437706224,2025
691172,"Zulueta, Yosver",R,140,113,26.3,-2.294139270442866,5.646071428571428,-0.1551599229691876,4.589918617901707,2025
691251,"Lara, Andry",R,255,120,38.9,-1.931196387607982,6.307764705882353,-0.1076323564363356,4.83818353325644,2025
691441,"Mena, Cristian",R,100,109,46.9,-1.418435769745143,6.228,0.0993489768270944,4.605175615864527,2025
691548,"Muñoz, Rolddy",R,78,144,33.9,-2.2702029695331354,5.959871794871795,-0.2543271973124914,4.603130303030303,2025
691587,"Pérez, Eury",R,1673,146,30.2,-2.3329623570838143,5.892659892408847,-0.065237604695739,4.570550720364221,2025
691594,"Sanoja, Javier",R,1,146,34.5,-2.0892164654972265,5.65,-0.4419833333333333,4.522266666666666,2025
691769,"Abner, Philip",L,71,109,40.5,1.6245752712078332,5.6326760563380285,-0.0211194697597348,4.226393482463408,2025
691799,"Taylor, Grant",R,610,145,57.9,-0.7522838252394802,5.848295081967213,0.4472022521258876,3.937354183834488,2025
691951,"Aldegheri, Sam",L,302,108,39.2,1.5982828976392338,6.0318211920529805,-0.0332767238021036,4.698290866888597,2025
692024,"Carrillo, Alex",R,84,121,18.3,-2.747301880756522,5.206785714285714,-0.4940233341821577,4.460789983872337,2025
692030,"Corniell, Jose",R,41,140,35.5,-2.0233940270400765,5.705365853658536,-0.1250568497021868,4.3524021281683405,2025
692230,"Rodriguez, Carlos",R,208,158,37.2,-1.80808961412598,5.732740384615385,-0.0797179375771287,4.423457779720279,2025
692285,"Guerrero, Luis",R,288,111,36.1,-1.9912946204789048,5.884166666666666,-0.0860307044092889,4.496192533484353,2025
693312,"Nicolas, Kyle",R,652,134,47.5,-1.3037724852231325,6.045736196319019,0.2581393218999814,4.342594318728607,2025
693313,"Seymour, Carson",R,621,137,41.6,-1.7775095372175544,5.952721417069244,0.0641219872782958,4.314454707920351,2025
693433,"Woo, Bryan",R,2714,136,24.9,-2.343345346748277,5.029786293294031,-0.2871676267968164,4.075497256287791,2025
693645,"Schlittler, Cam",R,1253,147,41.8,-1.892197857124988,6.391819632881085,-0.1942186130826124,4.877664657086807,2025
693821,"Elder, Bryce",R,2514,144,51.5,-1.3173237962262898,6.464081145584726,0.1347634280116907,4.637133516372486,2025
693855,"Seymour, Ian",L,995,139,46.6,1.680727041024905,5.877035175879397,0.120751357500515,4.226545287489139,2025
694037,"Palencia, Daniel",R,841,112,34.4,-1.8415117128614875,5.553912009512485,-0.0234628817022431,4.307859404600668,2025
694297,"Pfaadt, Brandon",R,2918,109,26.8,-2.449895006708608,5.522693625771076,-0.3995541977448965,4.484095320030935,2025
694335,"Svanson, Matt",R,956,138,31.7,-2.2320547478527373,5.710554393305439,-0.2449584698200314,4.484659588190544,2025
694350,"Brzykcy, Zach",R,459,120,51.4,-1.1723314982700794,5.889084967320262,0.23607137270436,4.125572042998225,2025
694361,"Klein, Will",R,305,119,53.6,-1.2866423181143984,5.8878360655737705,0.0527916825925601,4.070396617574004,2025
694363,"Shuster, Jared",L,280,145,31.5,1.9852054711244715,5.364535714285714,0.1300858330150242,4.225016172969188,2025
694462,"Waldrep, Hurston",R,851,144,55.6,-1.0339620432972263,6.214923619271445,0.3896161005925712,4.133308883959524,2025
694477,"Patrick, Chad",R,2008,158,33.9,-2.10438959540134,5.522858565737052,-0.252961910690571,4.280456564029088,2025
694646,"McDermott, Chayce",R,195,110,43.2,-1.7555752919130556,5.889435897435898,-0.0911316540975364,4.328299809863339,2025
694738,"Roupp, Landen",R,1851,137,23.0,-2.5285337921020457,5.400837385197191,-0.4257784170237025,4.505572458255932,2025
694819,"Misiorowski, Jacob",R,1164,158,29.8,-2.2432401461476044,5.24245704467354,-0.1759288327483445,4.058489140648449,2025
694851,"Hoffmann, Andrew",R,245,9999,48.8,-1.321297794813946,5.848367346938775,0.2782363694568736,4.020559694787005,2025
694918,"Tidwell, Blade",R,309,121,43.9,-1.987751264819205,6.220323624595469,-0.2494031797126029,4.550108106190402,2025
694973,"Skenes, Paul",R,2997,134,23.4,-2.8219313990022994,5.579325992659326,-0.630411210140622,4.632596068379729,2025
695243,"Miller, Mason",R,972,9999,35.0,-2.0838825422000413,6.1544855967078185,-0.1075032975910154,4.768053741940098,2025
695418,"Lord, Brad",R,2127,120,19.5,-2.7154290560323906,5.361382228490832,-0.3901904794229526,4.539649718624895,2025
695445,"Lee, Chase",R,600,116,-4.1,-3.064899656406159,3.75045,-0.9665336675579322,3.901966451426025,2025
695505,"Burns, Chase",R,764,113,51.8,-0.948694209215836,6.443743455497383,0.486202913411914,4.620143355521647,2025
695534,"Petty, Chase",R,169,113,31.3,-1.9476016499156643,5.42207100591716,0.0359291385838897,4.2148720590872175,2025
695549,"Jobe, Jackson",R,877,116,43.2,-1.3448950213080897,5.814697833523375,0.2545283940755736,4.315026678821212,2025
696131,"Black, Mason",R,74,137,29.1,-2.071383063378817,5.469594594594595,-0.0150319169436816,4.324645735173676,2025
696136,"Wicks, Jordan",L,217,112,53.8,1.4120845939070166,6.092304147465438,0.0064540998217468,4.169071182959987,2025
696147,"Bachman, Sam",R,334,108,34.8,-2.116446361188391,5.408143712574851,-0.1567310824874315,4.042514029160929,2025
696149,"Chandler, Bubba",R,460,134,41.6,-1.763735244487575,5.826108695652174,0.0145503760753313,4.248504470084477,2025
696270,"Johnson, Ryan",R,274,108,24.7,-2.4318994026068426,5.79529197080292,-0.1597432361398441,4.747686506108748,2025
697812,"Rock, Joe",L,145,139,24.1,2.306342167171955,5.739862068965517,-0.0020305114020529,4.706669296822177,2025
699134,"Rodriguez, Bradgley",R,127,135,45.6,-1.361245882952207,5.895905511811024,0.2245321059132314,4.273745648237821,2025
699911,"Darnell, Dugan",R,186,115,51.2,-1.3124560237820373,5.820806451612903,0.059458367354762,4.115872171908841,2025
700187,"Taylor, Troy",R,136,136,31.2,-2.1701721243634573,5.590955882352941,-0.2690515040106951,4.439260147976303,2025
700241,"McGreevy, Michael",R,1465,138,33.4,-2.1417777789276062,5.778013651877133,-0.1610541341947886,4.470258383615314,2025
700249,"Povich, Cade",L,1970,110,41.3,1.7439414961083606,5.970005076142132,-0.0353219189355483,4.403869085570546,2025
700270,"Díaz, Yilber",R,60,109,45.6,-1.3746356709407823,5.755,0.20307768419489,4.142457058823529,2025
700363,"Smith-Shawver, AJ",R,711,144,43.3,-1.5835946325697152,5.689774964838256,0.1760526334328642,4.027877656059228,2025
700669,"Graceffo, Gordon",R,756,138,51.9,-1.3600775930366198,6.117314814814815,0.0446286296673551,4.327834416881231,2025
701121,"VanWey, Logan",R,182,117,18.3,-2.832957353718697,5.028791208791209,-0.6909090948267419,4.322660409198645,2025
701487,"Ohl, Pierson",R,543,142,47.4,-1.3521456190595502,5.95219152854512,0.1359105699503977,4.3322958391191735,2025
701519,"Adams, Travis",R,663,142,39.8,-1.8040475341477629,5.83817496229261,-0.1569969261419088,4.467436782921039,2025
701542,"Warren, Will",R,2796,147,27.2,-2.1196294331300107,5.547896995708155,-0.0569597396586414,4.4855650836820615,2025
701552,"Granillo, Andre",R,361,138,43.1,-1.580355106161614,6.320609418282548,0.1064674144903491,4.741902510356951,2025
701581,"Festa, David",R,882,142,49.7,-1.3064826573177426,6.004852607709751,0.2223922759002591,4.205240656767757,2025
701656,"Henderson, Logan",R,410,158,32.7,-1.863729912281004,5.21619512195122,-0.1333738022259901,4.105484230903004,2025
702056,"Yesavage, Trey",R,239,141,63.2,-0.7477360828567847,7.088242677824268,0.374613302978095,4.862485878101716,2025
702070,"Cameron, Noah",L,2164,118,57.8,1.104291639959747,6.416252310536044,-0.1331345611711328,4.444831133340582,2025
702352,"Bivens, Spencer",R,1294,137,36.8,-2.085302780534453,6.198732612055641,-0.2246092472593927,4.808544520851758,2025
702674,"Dana, Caden",R,562,108,40.5,-1.833457524074496,5.873345195729537,-0.1382577084958862,4.425733409138486,2025
702752,"Pintaro, Jonathan",R,29,121,27.9,-2.366978248184652,5.2,-0.5240393048128342,4.223216715839941,2025
702795,"Loutos, Ryan",R,231,9999,33.3,-2.419820340174832,5.9907792207792205,-0.3333369064981364,4.618073600404349,2025
800048,"Messick, Parker",L,625,114,44.6,1.504412893890383,5.618928,-0.0049183770409982,4.13274233368984,2025
800049,"Mazur, Adam",R,489,146,55.0,-0.9410822624109634,6.0605316973415135,0.4684726177327223,4.046767254282267,2025
800311,"Fuentes, Didier",R,293,144,29.5,-1.942133243096364,5.11901023890785,-0.1717686438770357,4.118666149854295,2025
801139,"Tolle, Payton",L,304,111,32.9,2.458690238904092,5.551546052631579,0.4829221544000375,4.271503613143822,2025
801216,"Montes De Oca, Christian",R,46,109,46.8,-1.586119682647515,6.337826086956522,0.016765494458653,4.63043087654034,2025
801403,"Dollander, Chase",R,1778,115,25.8,-2.400959482485609,5.388937007874016,-0.260844024961452,4.356332444824744,2025
801434,"Gervase, Paul",R,136,9999,30.6,-2.279996455092517,5.604338235294118,-0.1926483970326098,4.367041873099507,2025
802419,"Harrington, Thomas",R,200,134,32.9,-1.89242088159106,5.5155,-0.0531050111408199,4.327299827094474,2025
802686,"Harris, Hayden",L,50,144,16.9,2.446876795865609,4.6212,0.5018027718360072,4.029849224598931,2025
804636,"Tong, Jonah",R,371,121,64.3,-0.4781291794773857,5.854097035040431,0.491402883520475,3.830606392848735,2025
805123,"Blubaugh, AJ",R,507,117,43.1,-1.751393899113427,5.943826429980276,-0.019967672900252,4.319234479497376,2025
805299,"Garcia, Brandyn",L,277,9999,14.9,2.6047883825751628,5.444296028880866,0.1538418778998307,4.79038008520113,2025
805427,"Sommers, Drew",L,78,116,13.7,2.9387899542131017,4.76,0.822974789752731,4.243783777823484,2025
805673,"Matthews, Zebby",R,1352,142,39.6,-1.92923370358067,5.8763757396449705,-0.2677748717816874,4.505111752246623,2025
806185,"Birdsong, Hayden",R,1191,137,48.2,-1.206868851144648,6.475952980688497,0.3353679859043839,4.75198299067127,2025
806188,"Gibson, Cade",L,908,146,35.0,2.0261407963123754,5.839988986784141,0.1311525503152803,4.510262129751781,2025
806960,"Morales, Luis",R,821,133,39.2,-1.820829126175477,5.676041412911084,-0.0193257253338717,4.20297092791496,2025
808963,"Sasaki, Roki",R,567,119,44.2,-1.6605557764803456,6.140987654320988,-0.0801521173452546,4.606902505289433,2025
808967,"Yamamoto, Yoshinobu",R,2789,119,43.3,-1.4983026457817028,5.458694872714235,-0.0561292397111391,4.101854313610447,2025
813349,"Early, Connelly",L,323,111,31.1,1.993574206783847,5.463157894736842,0.0944945086450003,4.315671167419966,2025
815083,"Farris, Mitch",L,405,108,43.9,1.686621097065448,6.033530864197531,-0.0395845245483154,4.371753851367708,2025
820862,"Fermin, José",R,645,108,45.6,-1.522832059450207,6.257658914728682,0.1857479274274896,4.509533819591262,2025
829272,"Ogasawara, Shinnosuke",L,674,120,47.6,1.3555727015087584,5.695192878338279,-0.0691285997080245,4.13304259760284,2025
434378,"Verlander, Justin",R,171,116,54.1,-1.331536834268441,6.975555555555555,0.1379672535468201,4.940664596949891,2026
445276,"Jansen, Kenley",R,725,116,60.3,-0.8408527415700523,6.386510344827586,0.3982505766795746,4.209953613989796,2026
453286,"Scherzer, Max",R,1347,141,31.4,-2.278586226449133,5.608292501855976,-0.3475405500703352,4.428504192653643,2026
455119,"Martin, Chris",R,248,140,42.4,-1.8798233414814576,6.234516129032258,-0.0614758359208786,4.571248943778391,2026
471911,"Carrasco, Carlos",R,246,144,33.6,-2.077640415412586,5.744308943089431,-0.1905131222555541,4.489113571511384,2026
472610,"García, Luis",R,265,9999,43.5,-1.836285817765414,6.281698113207547,-0.2198849137322167,4.747013812935123,2026
476594,"Stock, Robert",R,560,121,14.0,-2.2448235677767494,4.8765,-0.2720262469760632,4.383172631143366,2026
489446,"Yates, Kirby",R,726,9999,18.3,-2.381976429135778,5.105785123966943,-0.3861438282926493,4.444250545685342,2026
500779,"Quintana, Jose",L,816,115,42.1,1.9153524689239148,5.757916666666667,0.265908266706861,4.268119070680857,2026
518585,"Cruz, Fernando",R,944,147,47.4,-1.531359648817454,5.976218220338983,-0.0478655955429167,4.359510542142512,2026
518876,"Kelly, Merrill",R,2615,109,23.5,-2.305830264627719,5.412240917782027,-0.2638191970088922,4.523983113328766,2026
518886,"Kimbrel, Craig",R,776,9999,23.6,-2.291986680655528,4.743685567010309,-0.4348613163165922,3.930175322394656,2026
519141,"Pomeranz, Drew",L,478,9999,37.0,1.9510560685389349,6.067907949790795,0.0235943971464584,4.615638830652078,2026
519242,"Sale, Chris",L,2571,144,11.0,3.2068968448598265,4.844955270322831,0.8303344153318483,4.382595971070441,2026
527048,"Pérez, Martín",L,2244,144,43.8,1.6834493882001462,5.587000891265597,0.0374206457862678,4.003373065588251,2026
529017,"Cornielle, Alexander",R,34,147,26.4,-2.2219560057109637,5.245882352941177,-0.1946584303240012,4.237898191255112,2026
542888,"Armstrong, Shawn",R,628,114,40.2,-2.081878994936173,5.81515923566879,-0.3065375628711241,4.311526063699945,2026
543037,"Cole, Gerrit",R,1919,147,37.6,-2.035304887741872,5.828019801980198,-0.263243316808461,4.46113544566531,2026
543056,"Coulombe, Danny",L,385,111,55.7,1.0244083807391349,6.057636363636363,-0.2085685167951478,4.250330998680464,2026
543135,"Eovaldi, Nathan",R,2219,140,37.5,-2.3291416553233786,5.717507886435331,-0.410403273463099,4.246455442985913,2026
543238,"Gose, Anthony",L,200,118,53.9,1.0633440661453255,5.88965,-0.2213679055258467,4.130901745098039,2026
543243,"Gray, Sonny",R,2472,111,47.1,-1.2915455255509902,5.556448220064725,0.1398278328328978,4.015591059437897,2026
543510,"McCann, James",R,1,109,30.0,-1.7835719088869433,5.96,-0.134480303030303,5.011339393939394,2026
544150,"Suárez, Albert",R,970,110,42.5,-1.6487871143218475,6.324371134020619,0.0893915469430508,4.724758492015363,2026
545121,"Vargas, Ildemaro",R,7,109,17.8,-2.618593463984357,4.7057142857142855,-0.8204409982174687,4.118215317035905,2026
547179,"Lorenzen, Michael",R,2399,9999,39.5,-1.7772385033652092,5.700687786577741,0.023638306179268,4.214035013920684,2026
547184,"Kelly, Michael",R,121,133,29.1,-2.163588213316246,5.8835537190082645,-0.1141212408479545,4.744520775327411,2026
547973,"Chapman, Aroldis",L,841,111,52.8,1.2981501674618452,6.165719381688466,-0.1459116187757126,4.260909046610753,2026
548384,"Raley, Brooks",L,828,9999,31.9,2.23145797976922,5.622971014492753,0.279146024718627,4.403056799667605,2026
552640,"Kittredge, Andrew",R,711,110,41.1,-1.7409881563282583,5.923600562587905,-0.053343636288424,4.453041466539307,2026
554430,"Wheeler, Zack",R,2552,143,22.1,-2.766378033594971,4.970916927899687,-0.4744895119133432,4.039932170811471,2026
571510,"Boyd, Matthew",L,1957,112,23.4,2.65877446095766,5.351170158405723,0.375344714480766,4.361243391654985,2026
571578,"Corbin, Patrick",L,1397,141,38.3,1.88093980902085,6.261868289191124,0.0341931336183852,4.804415312542665,2026
571882,"Law, Derek",R,154,109,51.1,-1.2279615840309543,6.486623376623377,0.2010922616153899,4.7156268693427785,2026
571927,"Matz, Steven",L,1341,139,33.1,2.0967944705764427,5.694317673378076,0.1422324518377617,4.420618187201665,2026
571945,"Mikolas, Miles",R,1826,120,43.9,-1.8761758623940643,6.59314895947426,-0.033788589750348,4.820053907072139,2026
571948,"Milner, Hoby",L,647,9999,-4.5,2.909573974701522,4.184451313755796,0.7019224585155124,4.356878380128221,2026
572143,"Smith, Burch",R,287,116,36.2,-1.934817844998037,5.574878048780488,-0.1690694637500233,4.283981266963548,2026
572955,"Johnson, Pierce",R,840,113,41.5,-1.810671303133943,6.159964285714286,-0.096415588023088,4.63947898714031,2026
573009,"Mantiply, Joe",L,399,141,15.0,2.874867201056838,5.19062656641604,0.5445982190324296,4.564480930936968,2026
573124,"Rogers, Taylor",L,1066,142,28.9,1.8978811750410545,5.551848030018761,-0.1514490216980532,4.419682908184594,2026
573204,"Thielbar, Caleb",L,848,112,54.8,0.9096215272849882,6.105176886792453,-0.4257617606069014,4.215771633790737,2026
579328,"Kikuchi, Yusei",L,1083,108,46.9,1.4709502085997237,5.670637119113573,-0.00910445254237,4.093799387224041,2026
592094,"Adam, Jason",R,568,135,35.0,-2.063306091817069,6.273362676056338,-0.0522350485488689,4.866069815909719,2026
592155,"Booser, Cam",L,573,139,33.1,2.1148009651034214,5.5220942408376965,0.245428019337197,4.302204330648649,2026
592288,"Emanuel, Kent",L,96,113,23.9,2.520025130229909,5.98125,0.243193327577243,4.970092058452169,2026
592332,"Gausman, Kevin",R,3003,9999,37.4,-2.010910851951256,5.768061938061938,-0.1222066871927834,4.32163141098355,2026
592454,"Kahnle, Tommy",R,168,111,37.0,-1.8275869961727051,5.64202380952381,-0.013355808080808,4.276099221734148,2026
592662,"Ray, Robbie",L,2854,9999,43.8,1.7763673329587903,6.070571128241065,0.1524295543234813,4.512186341682624,2026
592773,"Stanek, Ryne",R,1079,138,46.4,-1.3412602704404697,6.362455977757183,0.3324860050650979,4.603879438279651,2026
592779,"Stewart, Brock",R,382,119,20.8,-2.528807153535852,5.178821989528796,-0.2543958455824024,4.317237715466958,2026
592791,"Taillon, Jameson",R,1443,9999,45.2,-1.5582960032778328,6.016465696465697,0.0545183514859985,4.386911831597126,2026
592826,"Velasquez, Vince",R,43,112,44.4,-1.693913569824744,5.552790697674419,-0.012967864693446,3.902978889441612,2026
592836,"Walker, Taijuan",R,424,143,43.6,-1.8952864674287653,6.547452830188679,-0.1617319623818652,4.898880968746847,2026
592866,"Williams, Trevor",R,514,9999,15.9,-2.7591525860066106,4.889902723735409,-0.5476469275612615,4.260058048093662,2026
593958,"Rodriguez, Eduardo",L,3065,109,43.8,1.7599879425333995,5.991236541598695,0.0596466233101575,4.3581856514962505,2026
593974,"Peralta, Wandy",L,1208,135,41.8,1.6488305592629664,5.997110927152318,-0.0871836456451936,4.440870625051646,2026
594027,"Guerrero, Tyron",R,607,111,42.1,-2.0237620782600736,6.303525535420099,-0.1828309696441104,4.638867843225354,2026
594580,"Moll, Sam",L,1073,113,13.5,2.260631570247616,4.864287045666356,0.1029876806827111,4.347154850212558,2026
594798,"deGrom, Jacob",R,2735,140,34.4,-2.03788989155247,5.653550274223035,-0.0243221517139346,4.273703729628797,2026
594835,"Gonzales, Marco",L,118,140,37.1,1.771421067124103,5.318050847457627,0.1074650910903652,4.061562199764343,2026
595014,"Treinen, Blake",R,494,119,32.0,-2.276239898792328,6.208684210526315,-0.1516881479717393,4.879068269862233,2026
595345,"Okert, Steven",L,1050,117,33.9,2.428114226962057,5.876952380952381,0.4624068067226891,4.557093022154317,2026
595978,"Hedges, Austin",R,15,114,11.3,-2.886284145620838,5.301333333333333,-0.7418828045157457,4.874146922162804,2026
596001,"Junis, Jakob",R,824,140,30.1,-2.2531696265511103,5.622973300970874,-0.2657360784097399,4.471650068142879,2026
596133,"Weaver, Luke",R,902,9999,47.1,-1.4234008199065702,5.538957871396896,0.1161245535767219,3.883416418950164,2026
596142,"Sánchez, Gary",R,4,158,54.5,-1.5855607279120374,7.4375,-0.2765510472370765,5.603288235294118,2026
601713,"Pivetta, Nick",R,578,135,56.6,-0.9826180090773246,6.659965397923876,0.304000222662201,4.712430057238372,2026
605130,"Barlow, Scott",R,581,133,23.7,-2.4884402841489357,5.172564543889845,-0.3421532298790272,4.228074570551112,2026
605135,"Bassitt, Chris",R,1731,110,30.2,-2.371442635443437,5.343044482957827,-0.1335471707594859,4.039676734775629,2026
605154,"Brebbia, John",R,94,115,39.4,-1.7107627437488195,5.7261702127659575,0.0253916676148215,4.299666837334547,2026
605156,"Brooks, Aaron",R,17,139,37.8,-2.0074130867335485,6.052941176470588,-0.1234628080109049,4.592677120687847,2026
605218,"Edwards Jr., Carl",R,99,121,54.3,-1.0153905101509344,6.442323232323233,0.2955840166369578,4.621578444876573,2026
605242,"Fulmer, Michael",R,264,9999,37.8,-1.8123031115516623,6.016666666666667,-0.0080847320126397,4.617322389672123,2026
605280,"Holmes, Clay",R,1613,9999,39.3,-1.9801354800123063,6.349057656540608,-0.0493111305425061,4.770870900040115,2026
605288,"Houser, Adrian",R,1731,137,38.1,-2.0250316516332165,5.781767764298094,-0.1432703097855916,4.306647733271135,2026
605335,"Leibrandt, Brandon",L,99,113,50.8,1.544317172050793,6.114848484848485,0.0489171636147571,4.2770837285511085,2026
605400,"Nola, Aaron",R,2849,143,19.4,-2.3868075300966645,4.978782028782029,-0.2204539673363202,4.21627794397634,2026
605441,"Ríos, Yacksel",R,13,112,40.6,-1.85367282409664,5.4484615384615385,0.023762806801042,3.8388923625394216,2026
605447,"Romano, Jordan",R,643,9999,51.8,-1.2378244707870292,6.029735614307931,0.190798784663024,4.215503331780895,2026
605452,"Ross, Joe",R,205,9999,35.1,-1.925209249864911,5.6755609756097565,-0.0836890600408677,4.380644111995131,2026
605483,"Snell, Blake",L,741,119,57.4,1.1110895848822464,6.559757085020243,-0.1896879932932564,4.528814035929671,2026
605488,"Springs, Jeffrey",L,2459,133,46.6,1.4461435895105308,6.106860512403416,-0.0789664308564196,4.492848029429525,2026
605540,"Woodruff, Brandon",R,639,158,42.4,-1.6522349895161277,5.940672926447574,0.0120096364082693,4.418738667118576,2026
606303,"Payamps, Joel",R,151,144,28.4,-2.1008499498286635,5.562317880794702,0.0011161490243297,4.424812828322178,2026
606965,"Devenski, Chris",R,134,9999,38.1,-1.8121629450779484,6.16,0.002780407454705,4.735359899699364,2026
606996,"Hart, Kyle",L,1071,135,38.3,1.9152612595417424,5.631120448179272,0.0311030243945468,4.140334881106335,2026
607067,"Rea, Colin",R,2203,112,29.6,-2.141202092947774,5.472355878347708,-0.2165116913170583,4.378168413959897,2026
607074,"Rodón, Carlos",L,1438,147,45.6,1.7585051604122306,6.322218358831711,0.0772975584404959,4.603281956024286,2026
607192,"Glasnow, Tyler",R,1149,119,55.8,-1.1621832104773673,6.062106179286336,0.1832667499755658,4.079293453115086,2026
607200,"Fedde, Erick",R,2412,145,34.8,-1.9367950768980235,5.870733830845771,-0.0016958962614142,4.522287800820615,2026
607259,"Martinez, Nick",R,2467,139,54.5,-1.0541936840172457,6.045403323875152,0.2512252888936095,4.21132064596705,2026
607455,"Banda, Anthony",L,608,142,34.9,2.0091096032343216,5.483782894736842,0.0486904668296744,4.11075754585327,2026
607481,"Bummer, Aaron",L,328,9999,10.3,2.487636781506815,5.041432926829268,0.2125556307334463,4.62900086164732,2026
607536,"Freeland, Kyle",L,2125,115,28.2,2.125628571081853,5.771651764705882,0.1312186919156967,4.70249873259935,2026
607625,"Lugo, Seth",R,2858,118,28.4,-2.3557742516508315,5.469545136459062,-0.2487664440685619,4.32699121473451,2026
608032,"Estévez, Carlos",R,27,118,37.5,-1.88464961186456,6.04037037037037,0.087328097973196,4.5305547369116,2026
608331,"Fried, Max",L,1696,147,45.7,1.6625592486991725,5.878466981132076,-0.0475553151170416,4.12912407163337,2026
608337,"Giolito, Lucas",R,550,135,54.8,-1.330531858927761,6.297945454545454,0.0607177120401879,4.323897861286663,2026
608344,"Irvin, Cole",L,102,119,38.1,2.164430300161165,5.988529411764706,0.3801109127608262,4.588425468351334,2026
608371,"Sims, Lucas",R,171,145,39.3,-1.631931043765783,5.703216374269005,0.0751099451689235,4.30596096882134,2026
608372,"Sugano, Tomoyuki",R,2511,115,40.6,-1.91825883828378,5.930151334129829,-0.2006228748231489,4.455714080221712,2026
608379,"Wacha, Michael",R,3028,118,53.0,-1.1812256581543576,6.581387054161162,0.19776265697224,4.748972148126694,2026
608566,"Márquez, Germán",R,843,135,38.5,-1.931638204712564,6.038196915776987,-0.0881236903259092,4.570991210091283,2026
608650,"Enns, Dietrich",L,291,110,49.1,1.2432683779031568,6.1987628865979385,-0.1955309697949782,4.535704914518135,2026
608718,"Suter, Brent",L,1525,9999,47.5,1.5049398915139054,6.0349901639344266,0.0700977471727886,4.467940381403232,2026
608723,"Voth, Austin",R,214,9999,37.9,-1.7496492663174508,5.773831775700935,-0.023770227980742,4.430287261982108,2026
615698,"Quantrill, Cal",R,1669,140,43.8,-1.6322309260789707,6.262983822648293,0.124286968030853,4.5777716298785975,2026
621016,"Cuas, Jose",R,473,118,1.9,-3.245780312746797,4.064841437632135,-0.8047711631298685,3.981952179737934,2026
621053,"Ferguson, Tyler",R,293,9999,27.6,-2.7680851478598862,5.814744027303754,-0.6450880354437772,4.704421495926947,2026
621074,"Rucker, Michael",R,757,136,35.3,-1.7525543827604606,5.389299867899604,0.0084721418866573,4.140134089319647,2026
621097,"Waguespack, Jacob",R,672,116,68.1,-0.4472820731734639,6.294583333333334,0.4648255505421865,4.024018260069179,2026
621107,"Eflin, Zach",R,74,110,28.4,-2.546494867261892,5.681081081081081,-0.3770937659584718,4.508613247338247,2026
621111,"Buehler, Walker",R,2591,135,45.3,-1.5401342387630998,5.584673871092242,-0.0686058206420001,4.097188842393559,2026
621112,"Blackburn, Paul",R,1234,147,46.4,-1.603752575764119,5.983987034035656,-0.0044359356266449,4.305358826996248,2026
621121,"McCullers Jr., Lance",R,772,9999,31.1,-2.1628137046056435,5.375880829015544,-0.2413532415745384,4.218873645207023,2026
621139,"Kriske, Brooks",R,38,133,45.3,-1.439030160270425,6.204473684210527,0.0992650483159771,4.646263312693499,2026
621237,"Alvarado, José",L,1127,143,58.0,0.929733628815044,6.481020408163265,-0.4036810525000514,4.338006460212544,2026
621242,"Díaz, Edwin",R,384,119,15.2,-2.9391192181253767,4.726015625,-0.7974444437481432,4.144029235832591,2026
621345,"Minter, A.J.",L,668,9999,41.6,1.7545341058919528,5.594236526946108,0.1732935461963773,4.1906431356538265,2026
621366,"Borucki, Ryan",L,380,137,27.6,2.2826310499172737,5.641815789473684,0.1727026421334083,4.536690417253026,2026
621381,"Strahm, Matt",L,633,118,30.4,2.1506431162638764,5.280142180094787,0.0385800007321613,4.040965018881314,2026
621383,"Banks, Tanner",L,668,143,49.5,1.7020028177750468,6.424311377245509,0.1436194848271371,4.598789139368322,2026
621389,"Blach, Ty",L,30,112,21.1,2.384754855725082,5.5873333333333335,0.2067100029708853,4.74741761734997,2026
622088,"Antone, Tejay",R,906,113,26.7,-2.675134318777121,5.611037527593819,-0.4994398582631928,4.517399270165622,2026
622491,"Castillo, Luis",R,2356,9999,15.9,-2.4956757376861174,5.068790322580645,-0.2303666240326969,4.423098934415563,2026
622554,"Domínguez, Seranthony",R,1111,9999,29.5,-2.0924965478953355,5.582457245724573,-0.094508157125873,4.4536541548539885,2026
622608,"Senzatela, Antonio",R,1165,9999,39.5,-2.1644357838712738,5.881519313304721,-0.3509218033401421,4.383479680903966,2026
622663,"Severino, Luis",R,1086,133,39.1,-1.6259799324998905,5.807366482504604,0.0315022411308404,4.46173996792757,2026
622694,"Hernández, Elieser",R,203,144,36.9,-1.5907861796037628,5.314433497536946,-0.0793153148406698,4.1799088424084365,2026
623149,"Sewald, Paul",R,834,9999,15.2,-2.7729132057907844,4.4606235011990405,-0.6989235644639369,3.896540469763227,2026
623211,"Brazobán, Huascar",R,1040,9999,37.8,-2.0766759366683325,5.98975,-0.0005218029274646,4.379768413290141,2026
623352,"Hader, Josh",L,676,117,31.8,2.1990966322021177,5.704526627218935,0.1920309365408347,4.461301553913658,2026
623381,"Pannone, Thomas",L,56,158,29.8,2.0553905786994884,5.449821428571429,0.1698426645658263,4.371775342182327,2026
623437,"Topa, Justin",R,413,9999,11.4,-2.829090709330052,4.942566585956416,-0.494374082082756,4.470684354728023,2026
623454,"Anderson, Drew",R,1769,116,41.8,-1.8620182166573616,5.6765460712266815,-0.0017214296222625,4.01339839562116,2026
623465,"Phillips, Evan",R,406,119,26.5,-2.208922979818887,5.471699507389163,-0.1347046907791329,4.436529385860927,2026
623474,"Herget, Jimmy",R,946,115,4.0,-2.9494804787889115,5.021057082452431,-0.6317255720681507,4.853110030129677,2026
624133,"Suarez, Ranger",L,2384,111,41.2,1.761669463109106,5.882479026845638,0.0532074206459582,4.387515755175621,2026
624428,"Frazier, Adam",R,4,108,44.1,-1.994316866634316,6.635,-0.4207556818181818,5.106332575757576,2026
624431,"Trevino, Jose",R,49,113,43.3,-1.816348406929236,6.4504081632653065,-0.3902140237913347,5.101869033067772,2026
624522,"Thompson, Keegan",R,195,115,34.0,-1.89080598968874,5.703948717948718,-0.0230836573883632,4.44661878650761,2026
625643,"López, Reynaldo",R,1368,144,40.9,-1.6848615209469868,5.702288011695907,-0.144414521570191,4.368473754052392,2026
628452,"Iglesias, Raisel",R,893,144,29.9,-2.4397491422453403,5.412777155655095,-0.3748301040175817,4.224365628786382,2026
628708,"Marte, Yunior",R,21,113,27.7,-2.42324299341301,5.410952380952381,-0.2330876623376623,4.259685985909515,2026
640448,"Finnegan, Kyle",R,1062,116,51.7,-0.982151109814435,5.651459510357816,0.3738678687842197,3.931818850854843,2026
640451,"Harvey, Hunter",R,76,112,43.3,-1.4009113342611643,5.791842105263158,0.2073602331363167,4.278805648982081,2026
640454,"Krook, Matt",L,179,9999,29.1,2.3860721512745235,6.026536312849162,0.2558587448590406,4.84038640446529,2026
640455,"Manaea, Sean",L,2393,121,15.5,3.231545151705076,5.152753865440869,0.949870941166042,4.518566007137574,2026
640902,"Pereda, Jhonny",R,2,136,35.5,-2.291545441271301,5.545,-0.3758916666666666,4.186107575757576,2026
641302,"Alexander, Tyler",L,1184,140,33.8,2.1491077843827053,5.489298986486486,0.2380423427187214,4.208286332396902,2026
641312,"Anderson, Shaun",R,344,108,43.7,-1.6565346366900844,6.007238372093023,-0.152812670998632,4.572581202845832,2026
641329,"Baker, Bryan",R,969,139,55.2,-1.124989496650204,6.5531578947368425,0.3105768329810581,4.486550643569183,2026
641386,"Bowden, Ben",L,40,133,30.7,2.124920257957851,5.7605,-0.0448494875222816,4.472429523172906,2026
641401,"Brogdon, Connor",R,281,114,32.7,-2.0749980119667515,5.81288256227758,-0.0947657081596792,4.5416700782156925,2026
641585,"France, J.P.",R,117,117,41.1,-1.4585829258398704,5.421880341880342,0.0288686457333516,4.125042642869113,2026
641656,"Hamilton, Ian",R,92,144,37.5,-1.7838450040836602,5.821521739130435,0.0311829138572425,4.427543978144618,2026
641743,"Kay, Anthony",L,2714,145,34.6,1.933956273946196,5.736547531319086,0.0497686833767472,4.434167335214383,2026
641745,"Keller, Brad",R,517,143,48.9,-1.4042765013268772,6.321276595744681,0.1618558347728048,4.520580477318411,2026
641755,"Kinley, Tyler",R,909,9999,44.8,-1.466590141749733,6.44006600660066,0.1504730792687111,4.830976948283063,2026
641778,"Lauer, Eric",L,1814,9999,37.4,1.6711816560393076,6.0780705622932745,-0.2555413408191782,4.604934788002602,2026
641793,"Littell, Zack",R,1956,9999,39.4,-1.9545338953213605,6.112730061349693,-0.2083452689562532,4.678467549684868,2026
641816,"Mahle, Tyler",R,2308,9999,41.2,-1.8827191012505269,5.509904679376083,-0.2230932554209646,4.0586721292597705,2026
641835,"Mayza, Tim",L,1085,143,42.8,1.9261853015607808,6.237557603686636,0.1663694831480979,4.606128898937874,2026
641927,"Ober, Bailey",R,2098,142,28.2,-2.486683872583989,5.866253574833174,-0.3052473920922906,4.69447519826199,2026
641941,"Pagán, Emilio",R,674,113,40.5,-1.61697464727315,5.498323442136498,0.1514454701492142,3.9888833359780382,2026
642048,"Saucedo, Tayler",L,343,108,25.5,2.511540935278622,5.445714285714286,0.3028521748959324,4.389274271007104,2026
642100,"Speier, Gabe",L,698,136,28.8,2.0507563163825,5.439269340974212,0.1314626084713646,4.384342794539019,2026
642121,"Sulser, Cole",R,932,139,42.5,-1.6668169773077437,5.717607296137339,-0.1163960934451814,4.295620749562017,2026
642152,"Trivino III, Lou",R,144,9999,36.3,-2.03541217253172,6.115972222222222,-0.1308156448059021,4.715660572019212,2026
642207,"Williams, Devin",R,759,121,18.4,-2.504121133852673,5.223359683794467,-0.4393139643352849,4.539492829715429,2026
642232,"Yarbrough, Ryan",L,1059,147,16.7,3.131937338088425,5.115297450424929,0.8958107139550816,4.44538941666288,2026
642376,"Yan, Jefry",L,366,121,50.6,1.422167220197334,6.027103825136612,-0.0047601441122897,4.283897556812094,2026
642397,"Soto, Gregory",L,1153,134,33.5,2.2836064556813014,5.565255854293149,0.2850565377771387,4.239103330612384,2026
642528,"Loáisiga, Jonathan",R,928,109,41.5,-1.814626237047412,5.377467672413793,-0.0971995269953592,3.855063325573176,2026
642546,"Hernández, Jonathan",R,413,119,29.2,-2.2509175802780867,5.573365617433414,-0.1852516327640455,4.420406031041076,2026
642547,"Peralta, Freddy",R,2959,9999,33.6,-2.3887178760715915,5.20438999662048,-0.4635889814391454,3.922942881953544,2026
642585,"Bautista, Félix",R,36,110,64.0,-0.4152543145138517,6.897777777777778,0.6769924489998019,4.650572917904536,2026
642701,"Santana, Dennis",R,929,9999,30.3,-2.4404053956410494,5.6502260495156085,-0.3248262950213846,4.413237370987146,2026
642759,"Fernández, Julian",R,71,120,49.5,-1.1786967089416946,6.43112676056338,0.4370926351334387,4.536866693028044,2026
643361,"Herget, Kevin",R,11,121,45.0,-1.2722263836332084,6.03,0.2719237724842003,4.489927880408362,2026
643377,"Jax, Griffin",R,1724,139,43.0,-1.435426073140882,5.507906032482599,0.2264770258198196,3.957912426589493,2026
643410,"Leiter Jr., Mark",R,551,133,46.4,-1.542356257698399,5.798765880217786,-0.0417769275438272,4.225074209426388,2026
643511,"Rogers, Tyler",R,1018,141,-60.6,-2.8102875831960654,1.2620432220039293,-1.6617386886313732,3.2967759919488424,2026
645261,"Alcantara, Sandy",R,3283,146,33.1,-2.341531567510009,5.898272921108742,-0.1916650513936918,4.494025189885996,2026
645302,"Robles, Victor",R,22,136,24.0,-2.532857497602753,6.193181818181818,-0.4634467185221196,5.271789466861125,2026
646241,"De Jesus, Enmanuel",L,669,116,43.5,1.871754933207601,5.86932735426009,0.1258683669989262,4.2126122437777935,2026
646242,"Díaz, Jhonathan",L,25,136,27.2,2.2590748867358093,5.2568,0.3021860427807487,4.25107640285205,2026
647315,"Pop, Zach",R,126,143,30.6,-2.4204068995525154,5.688095238095238,-0.3488254229974818,4.466117479416009,2026
647336,"Soroka, Michael",R,1759,109,26.5,-2.41072716017426,5.5221148379761225,-0.248115232686697,4.441700807408601,2026
650556,"Abreu, Bryan",R,1093,117,42.1,-1.7327468947294733,5.666102470265325,0.0173991411885389,4.081117480140189,2026
650633,"King, Michael",R,2875,135,25.3,-2.3988401030640456,5.43304347826087,-0.343327841773231,4.461178876943347,2026
650644,"Civale, Aaron",R,1880,9999,44.4,-1.3286463714330996,6.272276595744681,0.2329401207475253,4.742578778966132,2026
650911,"Sánchez, Cristopher",L,3158,143,31.3,2.131765770614704,6.06085497150095,0.1669335759901289,4.868098361854961,2026
650960,"Duarte, Daniel",R,463,121,38.7,-1.5443676965101194,5.654686825053996,0.1028328823105916,4.333526283287712,2026
655316,"Monasterio, Andruw",R,28,111,58.4,-1.2116906730415358,6.982142857142857,-0.1333316781257957,5.239099729437229,2026
655889,"Rodríguez, Manuel",R,122,139,44.7,-1.6245870398723112,5.429590163934426,-0.0190043986148855,3.842734007626896,2026
656212,"Barnes, Charlie",L,201,9999,22.9,2.2710368282990854,5.533582089552239,0.1922575447184753,4.653331238637472,2026
656222,"Beeks, Jalen",L,407,140,45.1,1.9444949005875145,5.917616707616707,0.3140806665440355,4.28213704511512,2026
656234,"Bird, Jake",R,666,9999,18.7,-2.506263722237572,5.280645645645645,-0.3420049363534657,4.544943541402365,2026
656240,"Blewett, Scott",R,562,9999,43.6,-1.567815958328502,6.126530249110321,0.0914134915726238,4.544433585171371,2026
656271,"Burke, Brock",L,1180,113,43.2,1.8248448032820777,6.331474576271186,0.0925099290008761,4.698968021239312,2026
656288,"Canning, Griffin",R,1480,135,38.5,-1.8012411274699278,5.611506756756757,-0.0438096168762345,4.214430704400925,2026
656302,"Cease, Dylan",R,2893,141,53.5,-1.3339129099321247,6.1523159350155545,-0.0118769753717406,4.368641565047601,2026
656427,"Flaherty, Jack",R,1639,116,28.3,-1.9701425856493755,5.357699816961562,-0.0074243834823851,4.302854276389129,2026
656457,"Gilbert, Tyler",L,134,145,10.9,3.194522782102955,4.767910447761194,0.859771747545694,4.319771943092027,2026
656464,"Ginkel, Kevin",R,1072,109,42.6,-1.6318150947676553,6.516240671641791,0.1545676803150025,4.869341640726847,2026
656492,"Griffin, Foster",L,2832,9999,44.7,1.6806349976902035,5.811564265536723,0.0584794770675347,4.205983880429419,2026
656529,"Hentges, Sam",L,666,137,37.1,1.910500533926551,6.245195195195195,-0.0411783371606901,4.768356759968524,2026
656546,"Hoffman, Jeff",R,1211,9999,32.8,-2.1055024234367834,5.63391412056152,0.0006101132518167,4.2735028842120135,2026
656550,"Holmes, Grant",R,2382,144,39.1,-1.961897796533392,5.813467674223341,-0.2471651904659276,4.417957930018813,2026
656605,"Keller, Mitch",R,1887,134,35.3,-1.8293870112196389,5.68890832008479,-0.0636875218093211,4.437664176601893,2026
656638,"Lange, Alex",R,1135,118,40.7,-1.6526222181070096,5.8017621145374445,0.1429254152041273,4.253488397999168,2026
656641,"Latz, Jacob",L,1128,140,51.7,1.109520959638982,6.000673758865248,-0.2773355069784199,4.225987818263992,2026
656686,"Martin, Corbin",R,111,112,42.8,-1.522220098004097,5.776576576576576,0.1292656902892197,4.245524696086461,2026
656730,"Megill, Trevor",R,874,158,54.2,-1.2152977246474612,6.581006864988559,0.2617870083252773,4.531103441876023,2026
656756,"Montgomery, Jordan",L,376,140,46.5,1.521011541941499,6.469122340425532,-0.1488376083266962,4.708100008533394,2026
656786,"Mushinski, Parker",L,139,115,41.6,1.7794806596215509,5.597194244604316,0.1707528661562728,4.164930647994973,2026
656794,"Newcomb, Sean",L,1455,145,25.8,2.614866037534275,5.783615120274914,0.3148889306037941,4.6705768621938,2026
656848,"Petersen, Michael",R,1103,146,51.5,-1.1323703453200178,6.585530371713508,0.3890971193455541,4.670478013617052,2026
656849,"Peterson, David",L,2476,9999,40.0,1.8195358575445555,6.096611470113086,-0.0758262446401677,4.504294945271397,2026
656876,"Rasmussen, Drew",R,2596,139,52.4,-1.231808221446401,5.852519260400617,0.1532098313530482,4.0497603628851735,2026
656945,"Scott, Tanner",L,963,119,33.6,2.3144688026009703,5.172284527518173,0.4743592419522326,3.950175380708311,2026
656986,"Sousa, Bennett",L,533,117,57.8,1.007059011870737,6.436735459662289,-0.2292176891974596,4.468827211358703,2026
657044,"Thompson, Ryan",R,648,109,-12.2,-3.330684415683882,3.5189351851851853,-0.8932181998360511,4.047240131984331,2026
657097,"Webb, Jacob",R,1129,112,32.7,-2.2790808748274727,5.509734278122232,-0.3565218949774933,4.275885679832768,2026
657265,"Strzelecki, Peter",R,251,138,20.7,-2.669585104702224,4.923545816733068,-0.684697724609583,4.174423449162353,2026
657277,"Webb, Logan",R,2487,137,20.8,-2.6991163879075266,4.882866907921191,-0.5411151152122947,4.061790090216004,2026
657376,"Schmidt, Clarke",R,24,147,38.0,-1.732966355129703,5.829583333333333,0.1288548128342246,4.375832219251337,2026
657424,"Gage, Matt",L,526,137,49.0,1.6114474575609956,6.422642585551331,0.0488802352534515,4.62069459208502,2026
657514,"Bernardino, Brennan",L,1001,115,12.3,2.551674515404267,4.800759240759241,0.3421978084304287,4.320917668071679,2026
657571,"Ferguson, Caleb",L,586,9999,39.0,1.8137436391247856,5.6225085324232085,-0.0739587306005244,4.092542513368984,2026
657612,"Hill, Tim",L,815,147,-22.1,3.162114248462211,3.116871165644172,0.9377467115033408,4.02097055695898,2026
657649,"Koenig, Jared",L,161,158,32.4,2.421706292338262,5.876832298136646,0.4782711883172241,4.639788899037876,2026
657746,"Ryan, Joe",R,2440,142,23.5,-2.0934944708215557,4.729049180327869,0.0115030182490283,3.812966525196517,2026
657756,"Seabold, Connor",R,476,9999,32.6,-2.2332589058837518,5.311302521008403,-0.4383672720157582,4.165783556336973,2026
660271,"Ohtani, Shohei",R,1335,119,33.7,-2.0849244636226687,5.654816479400749,-0.1793250489027752,4.386170387683844,2026
660604,"Rangel, Alan",R,491,143,69.9,-0.3543014129155171,6.205193482688391,0.4868729002617525,3.8972128679874096,2026
660710,"Durán, Rodolfo",R,1,135,22.4,-2.3299492565729034,5.4,-0.3357454545454545,4.582972727272727,2026
660761,"Suarez, José",L,1031,9999,41.2,1.8341142845659864,5.741173617846751,0.2106005510113401,4.320418889125176,2026
660787,"De los Santos, Yerry",R,358,147,25.8,-2.2358372750213467,5.7320111731843575,-0.149206323504516,4.721074737101545,2026
660825,"Bazardo, Eduard",R,1107,136,42.8,-1.5723979786414737,5.8082113821138215,0.1401013312625699,4.218832186603803,2026
660853,"De Los Santos, Enyel",R,1153,117,24.7,-2.5224734439063634,5.4077189939288814,-0.3635452685623646,4.4137334192133055,2026
661395,"Duran, Jhoan",R,925,143,38.2,-1.96359787344402,6.179113513513514,-0.0181718362961892,4.6480273113648405,2026
661527,"Martinez, Seth",R,22,111,4.4,-2.622125202024902,4.125,-0.4945141954302382,3.961019948144547,2026
661563,"Gil, Luis",R,495,147,35.9,-1.99656278086754,5.697191919191919,-0.0906729978933722,4.31436083328832,2026
662144,"Keller, Brian",R,39,143,35.9,-1.8938629402697549,5.875128205128205,-0.0980879564879564,4.5727687919923214,2026
662253,"Muñoz, Andrés",R,953,136,29.9,-1.937785376239408,5.414648478488982,-0.0696918303770998,4.343139803098574,2026
663158,"Suarez, Robert",R,487,144,43.1,-1.4548542103981998,6.116960985626283,0.2533207487363061,4.519264870775639,2026
663362,"Waldron, Matt",R,690,9999,29.6,-2.417749499586202,5.498840579710145,-0.4584959838797179,4.387721112402801,2026
663372,"Feltner, Ryan",R,2049,115,44.0,-1.6516235761202944,5.530878477306003,-0.0222973648725651,3.9554584949921225,2026
663423,"Thornton, Trent",R,708,112,45.3,-1.6142851359708674,5.497471751412429,-0.0393342816248225,3.904334995770265,2026
663432,"Rainey, Tanner",R,127,116,42.3,-1.8942936793290337,6.09267716535433,-0.1438962728255224,4.501048580992884,2026
663436,"Martin, Davis",R,2317,145,35.7,-2.168574457162704,5.83639188605956,-0.2742705707330996,4.475609538772939,2026
663460,"Bubic, Kris",L,882,9999,38.2,1.9759281252468264,5.613163265306122,0.1824845639265807,4.200029658327978,2026
663465,"Allard, Kolby",L,177,114,45.4,1.710033337093323,5.362485875706215,0.2000516888727756,3.826449139953876,2026
663485,"Sands, Cole",R,209,142,25.6,-2.338951096476304,5.642200956937799,-0.2273722202321555,4.627637973031753,2026
663542,"Hudson, Bryan",L,1056,145,11.8,2.9279625603791035,5.029782196969697,0.4296699897538216,4.509411252143764,2026
663554,"Mize, Casey",R,2080,9999,43.7,-1.6851689176869684,5.805033653846154,-0.1026186720571095,4.295992339272248,2026
663556,"McClanahan, Shane",L,1830,139,39.5,1.7292640395854044,6.198065573770492,0.0366299556315322,4.801919694437139,2026
663558,"Morán, Jovani",L,1044,111,46.5,1.614767958715302,5.78985632183908,0.1411617519857124,4.237491615871357,2026
663559,"Falter, Bailey",L,217,9999,54.4,0.8851175569394446,5.7700460829493085,-0.3385392908483041,4.057034685839145,2026
663567,"Lambert, Peter",R,2601,117,48.7,-1.4582558028401884,6.033114186851211,0.0608124160048137,4.305728218784631,2026
663568,"Kolek, Stephen",R,837,118,34.3,-2.1109042635431194,5.408446833930705,-0.1329232312583989,4.060232888765368,2026
663574,"Santillan, Tony",R,698,113,25.5,-2.1508439971428435,5.290458452722063,-0.0511359346030675,4.290757765885724,2026
663623,"Irvin, Jake",R,1939,120,26.7,-2.2336447398984536,5.4408922124806605,-0.1754065233838858,4.403577820218997,2026
663687,"Harris, Hogan",L,1333,133,55.7,1.2018418984841717,6.023855963990997,-0.1015037592285771,4.106847088911265,2026
663738,"Lynch IV, Daniel",L,1224,118,40.1,1.5676936205109382,6.016805555555556,-0.2176131942988128,4.51111049406988,2026
663765,"Woodford, Jake",R,485,9999,25.0,-2.5205714373372934,4.959134020618556,-0.4309339316757631,3.9853369748424208,2026
663767,"Shugart, Chase",R,867,143,38.2,-1.9145629875056631,5.443148788927336,-0.2646289376566397,4.145898681913785,2026
663776,"Sandoval, Patrick",L,1121,111,50.3,1.240993697062213,5.906208742194469,-0.1308428171625474,4.254899409983765,2026
663795,"Hagenman, Justin",R,132,121,21.1,-2.553559524766144,5.203106060606061,-0.5878396079781775,4.445320974450386,2026
663855,"Hicks, Jordan",R,881,145,36.5,-2.123087025101013,5.915312145289444,-0.2414744096503527,4.52632452953114,2026
663878,"Pearson, Nate",R,763,9999,43.6,-1.7117003447155736,5.704587155963303,0.0458547297818209,4.031099593615595,2026
663884,"Kingham, Nolan",R,22,140,33.0,-2.3081877825995543,5.842272727272728,-0.2335080335439961,4.4930895114244045,2026
663893,"Little, Brendon",L,552,141,38.9,1.992266520457688,6.22215579710145,0.1933478264098788,4.770499950915808,2026
663903,"Singer, Brady",R,2801,113,22.9,-2.140318437004576,5.096758300606926,-0.2129364384441258,4.280937316695527,2026
663941,"Beck, Tristan",R,313,137,39.1,-1.9543711885484627,5.856485623003195,-0.1325524089798568,4.379275488202833,2026
663947,"Holton, Tyler",L,1130,116,38.6,1.939622364024332,5.821610619469027,0.1555675507548152,4.398190022873188,2026
663969,"Phillips, Tyler",R,2037,146,32.9,-1.9634476213722545,6.076043200785469,0.0688450599733801,4.76220051892047,2026
663978,"Paddack, Chris",R,1015,9999,46.3,-1.597926322990558,6.101192118226601,0.0760212158092076,4.348980365814037,2026
663992,"Lovelady, Richard",L,640,9999,20.0,2.5610336499393203,5.302296875,0.6343064859068628,4.602483547515598,2026
664062,"Gonsolin, Tony",R,63,118,43.3,-1.702288752456546,6.366825396825397,-0.0425295192824604,4.800513146874912,2026
664074,"Ponce, Cody",R,47,141,44.1,-1.8986913758047383,6.4980851063829785,-0.1300408123791102,4.786225666552888,2026
664076,"Cleavinger, Garrett",L,734,139,30.5,2.187596401569797,5.168950953678474,0.2327300995206108,4.018958553721216,2026
664126,"Fairbanks, Pete",R,766,146,55.0,-1.0654826375304856,6.923825065274151,0.3760131295290487,4.86398644031313,2026
664129,"Hartlieb, Geoff",R,407,133,42.2,-1.80445501271394,6.227174447174448,0.0267776866073657,4.56839937808494,2026
664141,"Brubaker, JT",R,999,137,45.6,-1.531733481242161,6.233103103103103,0.2051573522720581,4.45474678912424,2026
664192,"Lucchesi, Joey",L,111,108,45.2,1.833353020211628,5.953783783783784,0.1606194898106663,4.26745383725972,2026
664199,"Clarke, Taylor",R,1055,109,43.6,-1.6391396083157526,5.999545023696682,0.1106487013711128,4.329282974799571,2026
664208,"Maton, Phil",R,546,112,25.0,-2.312620062771785,5.095641025641026,-0.2491360761787232,4.134092717576541,2026
664238,"Moore, Dylan",R,3,143,37.9,-2.171141062678653,6.773333333333333,-0.3420941176470589,5.351194444444444,2026
664285,"Valdez, Framber",L,2756,116,42.7,1.7730342848452874,5.935043541364296,0.1863965485125307,4.467563434438295,2026
664299,"Javier, Cristian",R,1108,117,35.0,-2.104814270502931,5.5321028880866425,-0.1438221012953918,4.156712638918384,2026
664353,"Urquidy, José",R,607,9999,46.3,-1.867550210351806,5.934728171334432,-0.3580139900800818,4.350979090204301,2026
664702,"Straw, Myles",R,11,141,49.3,-1.4440487524735124,6.820909090909091,-0.1653568708475125,5.297696443040026,2026
664731,"Higgins, P.J.",R,10,113,29.2,-2.529554100896961,6.351,-0.5989136185383244,5.270266096256685,2026
664744,"Espada, Jose",R,15,110,47.2,-1.5746129497303625,6.142666666666667,-0.0013935591206179,4.4426474688057045,2026
664849,"Young, Danny",L,265,144,14.9,2.662901315049443,4.908226415094339,0.4061314747923183,4.307596449399657,2026
664854,"Helsley, Ryan",R,268,110,60.9,-1.026660937633962,6.105895522388059,0.1293435862133184,4.030729249474552,2026
664875,"Lawrence, Justin",R,684,9999,2.7,-3.042712124090328,4.351052631578948,-0.6217117309576675,4.236693960502861,2026
664991,"Wolfram, Grant",L,901,110,40.6,2.041756771224986,6.142785793562708,0.0811854151952376,4.459648614037483,2026
665152,"Kremer, Dean",R,1391,9999,45.1,-1.5521235245566758,6.1904457225017975,0.0451577689398744,4.5832420384544905,2026
665622,"Medina, Luis",R,1270,133,39.5,-1.9565374626543743,6.089086614173229,-0.1008963444074838,4.557404639353236,2026
665645,"Castro, Kervin",R,94,147,62.6,-1.0277505144488308,5.81595744680851,-0.0017240186596882,3.83454103709182,2026
665660,"Alvarado, Elvis",R,930,133,22.0,-2.60662153002922,5.772172043010753,-0.2551748619975849,4.818297512123129,2026
665665,"Sanmartin, Reiver",L,345,137,21.9,2.502937718491675,5.237652173913044,0.4797245849802372,4.424530689762071,2026
665795,"Cabrera, Edward",R,1353,112,33.4,-2.223911794968179,5.938750923872875,-0.1513746993213733,4.574137561805613,2026
665871,"Assad, Javier",R,1506,112,51.2,-1.209043244986609,5.888824701195219,0.1781260234759121,4.164548242206457,2026
666129,"Garrett, Braxton",L,129,146,38.6,1.905359894374152,5.663410852713178,0.1083491101162099,4.227413503019249,2026
666142,"Ragans, Cole",L,637,118,42.1,1.75935888092497,6.283500784929356,-0.003518369025932,4.6913906785091655,2026
666157,"Lodolo, Nick",L,1899,113,14.3,2.9942559013357664,5.330821484992101,0.5754174384867164,4.715721281019469,2026
666171,"Zeferjahn, Ryan",R,1269,9999,35.9,-1.982598299408732,5.644373522458629,-0.1530533071642583,4.322702722047341,2026
666200,"Luzardo, Jesús",L,2853,143,29.1,2.3587248076977207,5.6518682089029095,0.3540598662757969,4.535094110836828,2026
666201,"Manoah, Alek",R,161,108,45.2,-2.098343193417196,6.034285714285715,-0.2630369969331606,4.187146411133623,2026
666277,"Soriano, George",R,1142,138,34.3,-1.918593900381608,5.572977232924694,0.0150658313588132,4.254129866372596,2026
666374,"Brash, Matt",R,262,136,30.6,-2.005331071063483,5.2221374045801525,0.1075317327972132,3.971537413084596,2026
666619,"Santos, Gregory",R,86,137,28.9,-2.2656383638215,5.726627906976744,-0.0756827322472329,4.515618270944741,2026
666661,"Morillo, Juan",R,1007,109,46.9,-1.5921111922157207,5.753286991062562,0.0814694418039853,3.9627202081861914,2026
666711,"Peguero, Joel",R,169,137,44.6,-1.678679967184154,6.042130177514793,0.072923440285205,4.309057652754485,2026
666745,"Brito, Jhony",R,123,135,51.4,-1.1371348413156963,6.128536585365854,0.4257503840412736,4.168294055330928,2026
666808,"Doval, Camilo",R,1010,9999,19.2,-2.218174921127194,5.435851485148515,0.0145113116605778,4.657581322426361,2026
666974,"Cano, Yennier",R,790,110,16.8,-2.967008717400076,5.477936708860759,-0.5248296309709154,4.7376208967937,2026
667297,"Nance, Tommy",R,965,9999,45.7,-1.6915783355968017,6.338020725388601,0.0190731850969309,4.585777816168389,2026
667463,"King, John",L,714,146,26.3,2.483599260993128,5.504859943977591,0.4880376273860703,4.517590109448414,2026
667652,"Ralston, Jack",R,311,146,62.5,-0.6640373992614804,7.056977491961415,0.5323457018644933,4.7576660952249945,2026
667755,"Soriano, José",R,2916,9999,34.7,-2.2246922092353687,5.76119341563786,-0.2985676801909191,4.428666788405723,2026
668390,"Winn, Cole",R,787,140,39.6,-2.01908508150834,5.466810673443456,-0.2332060840484975,3.988061936956832,2026
668670,"Rogers, Jake",R,1,116,24.8,-2.087906798619656,5.37,-0.492880303030303,4.630215151515152,2026
668674,"Erceg, Lucas",R,884,118,42.7,-1.6060308169417128,5.957149321266968,0.1164256414289286,4.365660429420637,2026
668678,"Gallen, Zac",R,1730,109,43.6,-1.323498792400724,5.968040462427746,0.2332963498809928,4.487199587390395,2026
668716,"Murdock, Noah",R,64,134,26.0,-2.282098599660173,5.3515625,-0.0970406305704099,4.284002130681818,2026
668820,"Kranick, Max",R,340,120,40.4,-1.6354581135576298,5.804058823529412,-0.0400896348432421,4.448049610464507,2026
668831,"Stallings, Garrett",R,194,158,40.4,-1.8366015403382248,5.279690721649485,-0.174842572633552,3.869762910946947,2026
668834,"McGee, Easton",R,184,9999,24.8,-2.2560665179467785,5.56820652173913,-0.0849056256296985,4.56352560887003,2026
668873,"Kilian, Caleb",R,782,9999,46.5,-1.5124213952511982,5.9357289002557545,0.0351401478680288,4.303614726397418,2026
668881,"Greene, Hunter",R,456,113,40.2,-1.8790938912331372,6.090570175438597,-0.0992588233339587,4.586108498686556,2026
668909,"Williams, Gavin",R,2960,114,33.3,-2.185890063824988,5.915091216216216,-0.2155091419159801,4.620682040576673,2026
668933,"Ashcraft, Graham",R,611,113,54.9,-1.125478845082179,6.415891980360065,0.2473784474182472,4.460716478056779,2026
668941,"Romero, JoJo",L,922,9999,28.8,2.165314884405458,5.263861171366594,0.1728689662672404,4.167661730002591,2026
668942,"Rojas, Josh",R,6,118,29.8,-2.177474476999521,6.001666666666667,-0.2519998217468805,4.900708689839572,2026
668964,"Myers, Tobias",R,836,121,63.7,-0.6867782118000921,5.945992822966507,0.308110713950652,3.931922130998985,2026
668970,"Hollowell, Gavin",R,259,112,9.7,-3.0407865880088782,5.231467181467181,-0.6367053771877301,4.820080438268674,2026
668984,"Legumina, Casey",R,1102,9999,15.1,-2.44229969479244,4.488039927404719,-0.3709402132243757,3.927948234533873,2026
669020,"Rolison, Ryan",L,990,112,47.8,1.496356650595234,5.919868686868687,-0.0029428100073821,4.268547943157061,2026
669022,"Gore, MacKenzie",L,2927,140,47.2,1.6329612597707772,5.6437717799795015,0.0921525048917601,3.981258893716197,2026
669060,"Wilson, Bryse",R,535,9999,43.0,-1.9509647380983848,5.875682242990655,-0.253131650923751,4.292531168640778,2026
669062,"Miller, Erik",L,969,9999,39.3,1.9548734894744464,6.462641898864809,0.0404706973210524,4.894080711596018,2026
669084,"Hall, DL",L,955,158,43.4,1.6824955337867962,5.492167539267015,0.0721272514488898,3.9702632915231777,2026
669093,"Estrada, Jeremiah",R,512,135,69.7,-0.4369787738922952,5.801796875,0.3528413265235071,3.650606199344084,2026
669145,"Zimmermann, Bruce",L,72,138,42.1,1.7312401674010485,5.934583333333333,-0.0355160019310754,4.338918561843929,2026
669160,"May, Dustin",R,2398,9999,34.5,-2.067836059585437,5.468102585487906,-0.1270331187308497,4.130933681885826,2026
669165,"Hurt, Kyle",R,742,119,44.5,-1.5478347916648525,5.689824797843666,0.0676897473225997,4.102245991106563,2026
669169,"Heasley, Jonathan",R,64,139,52.6,-1.2827597087469451,5.9221875,0.1361242549576649,4.067246731561943,2026
669194,"Nelson, Ryne",R,1259,109,54.6,-1.0304157190410623,6.279340746624305,0.2620769963570669,4.456700857002487,2026
669199,"Bachar, Lake",R,1419,9999,40.1,-1.81354418527146,5.860021141649049,0.0193563242799842,4.315894345770854,2026
669203,"Burnes, Corbin",R,198,109,36.9,-1.7931064904402574,5.66919191919192,-0.0088890036730945,4.331023331802878,2026
669211,"Akin, Keegan",L,443,110,39.2,1.864105086708412,5.8618735891647855,0.0941847169074894,4.414905765261163,2026
669212,"Morgan, Eli",R,339,118,49.6,-1.018535883009097,5.832477876106195,0.4446608797501301,4.11576275850646,2026
669270,"Kuhnel, Joel",R,736,9999,38.3,-2.091335932459389,6.344239130434783,-0.1431763056556614,4.805658914593505,2026
669276,"Lee, Dylan",L,1033,144,47.4,1.411860987392725,6.532642787996128,-0.1419795423053494,4.84008276397596,2026
669298,"Shook, TJ",R,134,115,32.2,-1.9980415184771332,5.571791044776119,-0.1014576389443158,4.374831707771304,2026
669302,"Gilbert, Logan",R,2920,136,42.4,-1.6096062736100116,6.008239726027397,0.1537957758283886,4.395735029515542,2026
669310,"Van Eyk, CJ",R,225,141,31.6,-2.2154701513981943,5.270088888888889,-0.2131668116458704,4.038824124381065,2026
669330,"Wells, Tyler",R,1064,9999,52.5,-1.3586127070731748,7.031842105263158,0.1962347082612949,5.007527858834922,2026
669358,"Baz, Shane",R,2909,110,37.4,-1.7999947784543515,5.7700515641113785,0.0359813456486691,4.366702635468388,2026
669371,"Henry, Cole",R,282,120,21.6,-2.7566916311726053,5.331099290780142,-0.4617803823592622,4.421031867485873,2026
669372,"Ginn, J.T.",R,2185,133,41.7,-1.802273408515927,5.55441647597254,-0.0740423874904653,4.012174887806589,2026
669373,"Skubal, Tarik",L,2356,9999,47.6,1.9015512117246784,6.167516977928693,0.2184635353585793,4.3252470792893485,2026
669387,"Mlodzinski, Carmen",R,2080,134,30.7,-2.082532353510026,5.258216346153846,-0.1330781345553955,4.100302797159948,2026
669432,"Rogers, Trevor",L,2662,110,22.4,2.391382560654477,5.758046581517656,0.1526492462410823,4.83449418420739,2026
669438,"Englert, Mason",R,663,139,41.7,-2.055788045678793,5.958778280542987,-0.2886644241187494,4.3835862399615,2026
669456,"Bieber, Shane",R,930,141,38.5,-1.6567694075472104,5.586913978494624,0.0501744259482874,4.2268131385007575,2026
669461,"Liberatore, Matthew",L,2593,138,46.5,1.5785362804209364,6.541608175858079,-0.0332608292722832,4.846302550229502,2026
669467,"Pallante, Andre",R,2536,138,56.3,-1.5045788795007415,5.955938485804416,-0.2598355368258574,4.090277218745255,2026
669620,"Basso, Brady",L,677,133,49.4,1.5465406361503269,6.44533234859675,-7.7709671219e-05,4.642284634818074,2026
669622,"Bender, Anthony",R,539,146,15.3,-2.538233495471449,5.432411873840445,-0.3215544022567704,4.82846667013913,2026
669684,"Murphy, Chris",L,614,145,38.7,1.8360973202321416,5.30928338762215,0.1390649691976287,3.9518090025083175,2026
669704,"Strowd, Kade",R,59,109,43.4,-1.7281615973429922,5.697627118644068,-0.2203117707483609,4.271096401703979,2026
669711,"Weissert, Greg",R,991,111,12.8,-2.8514928390169807,4.821392532795157,-0.586117912999527,4.30610413849422,2026
669713,"Wesneski, Hayden",R,898,117,46.6,-1.636345065632537,6.052260579064588,0.0085130111874674,4.311674725970566,2026
669724,"Hanifee, Brenan",R,321,116,31.0,-2.648098418603633,5.467476635514019,-0.5820131196517123,4.226887619182479,2026
669854,"Blanco, Ronel",R,570,117,47.6,-1.4717073762548778,6.051105263157894,0.0486224071989242,4.387835224067298,2026
669920,"Alexander, Jason",R,298,117,23.5,-2.269352222011586,5.561174496644295,-0.1476194325808419,4.6398818026295325,2026
669923,"Kirby, George",R,2744,136,33.8,-1.858123447792665,5.761570699708455,0.1633380530783742,4.40603338017025,2026
669947,"Scholtens, Jesse",R,723,139,40.2,-1.862847009832429,5.778990318118948,-0.0427887765869581,4.24221279896845,2026
670036,"Festa, Matt",R,1101,114,33.6,-1.9383002144456447,5.110272479564033,-0.2162862892428047,3.9639024033409913,2026
670059,"Holderman, Colin",R,857,114,24.0,-2.55060930424262,5.403488914819136,-0.3982248655821722,4.447179912308617,2026
670062,"Garcia, Julian",R,708,113,52.0,-1.0739015875845002,5.953036723163842,0.2980534158886975,4.195722175141243,2026
670090,"Mills, Wyatt",R,149,119,-6.2,-3.045451746415006,3.375771812080537,-0.7432222900142363,3.626365854358827,2026
670103,"Burgos, Raymond",L,292,111,28.5,2.0382551541571585,5.662602739726028,-0.153323691793031,4.472900790235148,2026
670167,"Schreiber, John",R,997,9999,9.0,-2.903983869227324,4.532988966900702,-0.6447637484646452,4.173821243051794,2026
670183,"Acton, Garrett",R,203,142,43.9,-1.6283370208391958,6.009655172413793,0.0456308013487526,4.395950817944732,2026
670245,"Watson, Ryan",R,1138,9999,35.9,-1.9473110668371976,5.530026362038664,-0.0997429125588564,4.189597594522711,2026
670280,"Bednar, David",R,1154,147,39.7,-1.6642975010294223,5.923448873483536,0.0074683667905479,4.536357062468914,2026
670329,"Garcia, Rico",R,997,110,47.4,-1.523691481769559,5.91641925777332,0.023470338645169,4.235257476618805,2026
670871,"Zuñiga, Guillo",R,18,121,28.3,-2.5346688043685277,5.872777777777777,-0.4076589918795801,4.72871559714795,2026
670912,"Oviedo, Johan",R,72,111,23.5,-2.390501010113273,5.457638888888889,-0.3527549341453753,4.575184690037632,2026
670950,"Richards, Trevor",R,1256,9999,52.7,-1.0883854814220049,6.290414012738854,0.3313128392628041,4.426305055661524,2026
670970,"Morejon, Adrian",L,1289,135,41.2,1.8731309513150889,5.918339798293251,0.178761526159233,4.436742113924348,2026
670990,"Ramírez, Yohan",R,1410,134,26.2,-2.447960945335272,5.198361702127659,-0.4240252071402384,4.2046352203511965,2026
671096,"Abbott, Andrew",L,2854,113,50.6,1.5531008605235002,6.020714786264891,0.1499904690168097,4.308587867701709,2026
671106,"Allen, Logan",L,325,114,26.1,2.0534114953210887,4.966523076923077,0.1025163403263403,4.009357900178253,2026
671109,"Eder, Jake",L,56,119,37.9,2.0860983797802457,5.8575,0.2597344410491469,4.440197891201935,2026
671111,"Peralta, Sammy",L,359,9999,15.0,2.6968468858292645,4.657409470752089,0.5823838720649059,4.09053700862467,2026
671131,"Rutledge, Jackson",R,44,120,41.2,-1.903733573214042,6.131818181818182,-0.1278428070815103,4.578228816237239,2026
671162,"Thomas, Connor",L,407,9999,30.7,2.215425555832193,5.081572481572482,0.3001033598742155,3.941776373140277,2026
671212,"Boyle, Joe",R,340,139,29.2,-2.187561031552287,5.663882352941177,-0.0701705557303135,4.479728603334382,2026
671345,"Foley, Jason",R,433,137,25.9,-2.5056070899315523,5.511154734411085,-0.2721718265387196,4.425834488479414,2026
671382,"Foster, Cameron",R,189,110,48.5,-1.424859489973647,6.192433862433862,0.2405777669316885,4.309502854879326,2026
671737,"Bradley, Taj",R,2906,142,55.7,-1.3019582148489517,6.150736407432897,-0.0024594912732032,4.242855875145528,2026
671922,"Smith, Cade",R,1226,114,38.5,-1.92816261206446,5.677137030995106,-0.03799136984469,4.17093631696487,2026
671936,"Macko, Adam",L,577,9999,43.8,1.53884043810622,5.649670710571924,-0.0933475991436436,4.081679373611742,2026
672021,"Cerantola, Eric",R,122,118,43.0,-1.5986164430602725,6.432131147540984,0.1511240919318547,4.8035552745390255,2026
672282,"Detmers, Reid",L,2951,108,41.3,1.6217650570455715,6.0170010166045405,-0.0493827092964045,4.547122718453698,2026
672335,"Pérez, Cionel",L,760,9999,35.1,2.0550119897656893,5.519171052631579,0.2235046567454733,4.232102450394033,2026
672442,"Cruz, Yovanny",R,256,9999,31.6,-2.246170365848418,6.00234375,-0.1537779846952985,4.715758010945856,2026
672456,"Montero, Keider",R,2303,116,42.4,-1.571006841169803,5.832535822839774,0.1033941077398077,4.302187161595779,2026
672578,"Hernández, Carlos",R,51,114,36.8,-1.691650690149583,5.785882352941177,0.2957980130019922,4.30104675124952,2026
672582,"Zerpa, Angel",L,216,158,25.2,2.226844070516873,5.114768518518519,0.2588014218987258,4.1880922397999605,2026
672629,"Carrillo, Gerardo",R,316,109,34.5,-2.1576418828897674,5.309208860759494,-0.3057554203614702,4.033627889562039,2026
672782,"Gómez, Yoendrys",R,1123,9999,30.8,-2.0182925924861954,5.365520926090828,-0.002357399171115,4.161153923711474,2026
672841,"Vargas, Carlos",R,282,136,36.9,-1.9901020734113568,5.934751773049645,-0.1640154388060833,4.562627862479615,2026
673380,"Núñez, Dedniel",R,213,121,36.8,-1.837683287532244,5.413521126760563,-0.0023456997481024,4.039208182069243,2026
673513,"Matsui, Yuki",L,1086,135,54.2,1.2880503696142394,6.090690607734807,0.0759713881584778,4.409092519852408,2026
673540,"Senga, Kodai",R,1129,121,47.1,-1.462948660774839,5.973418954827281,0.0894929398186523,4.3014470341933375,2026
673929,"Leasure, Jordan",R,299,145,53.8,-1.102113379932602,5.915585284280937,0.2245434955496336,4.099646633758399,2026
674003,"Bradford, Cody",L,696,140,52.5,1.1825205387003568,6.218764367816092,-0.2709619907236666,4.321786737430082,2026
674073,"Weisenburger, Jack",R,205,121,41.1,-1.655780372374118,5.687463414634147,0.0528529885657145,4.194820718229642,2026
674370,"Bido, Osvaldo",R,317,9999,32.6,-2.1194208502524674,5.881829652996846,-0.0839171657191698,4.579655319196792,2026
674444,"Cruz, Steven",R,930,118,27.7,-2.657829784897512,5.489258064516129,-0.5088604456327985,4.360874192973377,2026
674841,"Alvarez, Andrew",L,1856,120,46.6,1.702156496001478,6.4025,0.0432929705747894,4.646584186998664,2026
675512,"Melton, Troy",R,1773,116,38.6,-1.707938147261215,5.616756909193457,0.0635876780646114,4.203788986360068,2026
675540,"Curry, Xzavion",R,348,121,55.8,-1.1309224437537757,6.110431034482759,0.1376080434159034,4.241529688108263,2026
675627,"Grove, Michael",R,89,139,54.0,-1.0151478244263947,5.983370786516854,0.2122820535159927,4.293743612930361,2026
675660,"Drohan, Shane",L,1897,158,32.9,2.2974084072242733,5.458777016341592,0.2685247331606242,4.145431859996599,2026
675848,"Mejia, Juan",R,1303,115,35.2,-2.2648034779851605,5.879102072141213,-0.3116012052947879,4.500142914062297,2026
675911,"Strider, Spencer",R,691,144,45.1,-1.5538041572921626,5.806483357452967,-0.0446203086023252,4.289863058653273,2026
675916,"Karinchak, James",R,162,144,54.4,-1.007282197363088,6.450246913580247,0.3661843863471314,4.526101149842653,2026
675919,"Raquet, Nick",L,75,110,45.7,1.547906520820494,5.776666666666666,0.001479513963161,4.193410806892454,2026
675920,"Lonsway, Seth",L,33,137,35.4,2.225749628699568,5.796060606060606,0.234231061956463,4.380341967806406,2026
675989,"Bolton, Cody",R,391,117,36.8,-1.8111686266565672,5.636751918158568,0.0686372519386736,4.231963965972346,2026
676051,"Heuer, Codi",R,189,114,27.3,-2.3513943068732184,5.5685714285714285,-0.2795205193862056,4.500928534646182,2026
676083,"Junk, Janson",R,1917,146,46.0,-1.459172932160129,5.663568075117371,0.0539607861734346,4.096583548827128,2026
676105,"Criswell, Jeff",R,79,115,33.6,-1.9718807406571637,5.569493670886076,0.0745978914235429,4.20713597441278,2026
676106,"Hancock, Emerson",R,2171,136,11.3,-2.918687769264733,5.036826347305389,-0.6191076317131267,4.577609280041316,2026
676130,"Buttó, José",R,63,137,38.0,-2.0111035802644013,5.411746031746032,-0.0834153269388563,3.901550357920946,2026
676254,"Walker, Ryan",R,598,137,16.6,-2.86923406139522,4.991739130434783,-0.5849703497695825,4.312435114076035,2026
676263,"Dreyer, Jack",L,1005,119,58.6,0.8692778403013086,5.998975124378109,-0.2897061950497069,4.103326482471776,2026
676272,"Miller, Bobby",R,100,119,44.5,-1.4717948562820358,6.185,0.2218022932263814,4.521704906417113,2026
676282,"Cantillo, Joey",L,2747,114,50.2,1.257970588498577,5.890283946123043,-0.1858228162046166,4.152281289684355,2026
676395,"Garcia, Robert",L,283,140,25.5,2.4531606081794397,5.679611307420495,0.3323781262006891,4.6682053372007335,2026
676428,"Hurter, Brant",L,507,116,29.5,2.656923250290928,5.928224852071006,0.4114904984407247,4.655759417003308,2026
676440,"Bibee, Tanner",R,2968,114,54.7,-1.1676283931991196,6.259117250673855,0.0814560244509467,4.495063854405399,2026
676454,"Cellucci, Brendan",L,112,141,39.6,1.8419920210649805,5.538482142857143,-0.0143866262414056,4.002920804685511,2026
676467,"Gordon, Colton",L,270,9999,30.7,2.2876718855047047,5.539962962962963,0.2590974001452433,4.335001729055258,2026
676477,"Whitlock, Garrett",R,743,111,42.9,-1.6854305090833197,5.958048452220726,-0.0718491509585603,4.459176289936016,2026
676508,"Casparius, Ben",R,99,119,49.2,-1.289063165977553,6.164343434343435,0.1912940582293523,4.449627521201318,2026
676510,"Hoffman, Nolan",R,222,9999,-0.6,-3.0244093903831533,3.756171171171171,-0.639412208331326,3.781578619260973,2026
676534,"Faucher, Calvin",R,1142,146,41.4,-1.9117376354493243,5.6311471103327495,-0.2381928546565896,4.15647366193094,2026
676568,"Vanasco, Ricky",R,170,116,41.3,-1.5627688557998598,5.586941176470588,0.2492554849533396,3.9919302610883927,2026
676571,"Poulin, PJ",L,633,120,14.7,2.662376906812061,4.359778830963665,0.5017481811423407,3.791332041772619,2026
676596,"Fleming, Josh",L,77,141,29.7,2.293200341464288,5.34038961038961,0.2233139743500706,4.160624587355604,2026
676604,"Zuber, Tyler",R,694,146,30.1,-2.008215067962719,4.977463976945245,-0.2009410019417775,3.931639554341517,2026
676617,"O'Brien, Riley",R,1063,138,30.7,-2.2073685434076045,5.571589840075259,-0.1456061922417132,4.3455646879396586,2026
676620,"Weiman, Blake",L,284,108,33.5,1.9744610367079107,5.625176056338028,0.0464776323717707,4.349354865243153,2026
676661,"Lazar, Max",R,156,143,55.7,-0.9223692888220066,5.970448717948718,0.3813095468257232,4.056394709538827,2026
676664,"Sears, JP",L,529,135,26.0,2.142026756022511,4.845992438563327,0.2113105991528764,3.903158591699268,2026
676680,"Cosgrove, Tom",L,268,120,10.9,2.802834196201525,4.664701492537313,0.563104075877298,4.236819582568441,2026
676684,"Vest, Will",R,484,116,50.7,-1.2963537416145063,5.660702479338843,0.0874628983073319,3.967404575470309,2026
676702,"Stratton, Hunter",R,56,9999,39.7,-1.6514226797214917,5.880178571428571,0.1115935080850522,4.41654766679399,2026
676742,"Sanders, Cam",R,547,9999,32.7,-2.266807486429187,5.95164533820841,-0.3080941456722293,4.691429462275187,2026
676755,"Mattson, Isaac",R,728,134,46.3,-1.787373247437643,5.879560439560439,-0.2040958608793167,4.223241853489648,2026
676760,"Marinaccio, Ron",R,1018,9999,26.8,-2.393487213997167,4.997416502946955,-0.3354525457101933,3.957552388206577,2026
676775,"Winn, Keaton",R,644,137,39.0,-1.9971838671203108,6.155170807453416,-0.0484533863940833,4.577380639054041,2026
676879,"Ashby, Aaron",L,1566,158,53.8,0.996377934233172,6.532611749680715,-0.4510562137603213,4.55404165926791,2026
676910,"Seelinger, Matt",R,52,121,63.5,-0.7080138099461724,5.682884615384616,0.3524960647195941,3.554401581996435,2026
676917,"Cavalli, Cade",R,2772,120,36.0,-1.92816455360995,5.99449494949495,0.007020604504428,4.586935277655599,2026
676962,"Brown, Ben",R,1004,112,40.8,-1.6271413657016804,6.336185258964143,0.097390629549538,4.84350432467989,2026
676974,"Meyer, Max",R,1789,146,41.9,-1.58061442202293,5.851721632196758,0.1640360401104392,4.285531844934732,2026
676979,"Crochet, Garrett",L,518,111,31.8,2.112781589824113,6.078223938223938,0.03717858536535,4.7909332681229735,2026
677020,"Walker, Josh",L,505,110,40.6,1.882643233952785,6.10829702970297,0.0461501134819364,4.535327229487654,2026
677053,"Nardi, Andrew",L,378,146,40.3,2.2176908768117767,5.595264550264551,0.4523830187967443,4.099505237482198,2026
677161,"Kelly, Zack",R,283,111,35.5,-1.9431127936289092,5.39113074204947,-0.1270378791028136,4.097031328773077,2026
677865,"Bruihl, Justin",L,1300,138,26.5,2.5284878494106757,4.858353846153846,0.6337395174139586,3.913277406005759,2026
677944,"Cecconi, Slade",R,2003,114,38.8,-1.8755266234394905,5.836475287069396,-0.0548887008613639,4.374439732602522,2026
677952,"Ashcraft, Braxton",R,2413,134,37.7,-1.9045209633313944,6.126071280563614,0.0885134344345431,4.583890734642197,2026
677955,"Hill, Jaden",R,677,115,24.2,-2.3120186410199066,5.594579025110783,-0.1856606599051598,4.640453545973243,2026
677958,"Rocker, Kumar",R,2496,140,33.8,-2.415443840289799,5.849463141025641,-0.4628066772075963,4.545473134733935,2026
677960,"Weathers, Ryan",L,2260,147,32.8,1.9926396528675197,5.4439424778761065,0.0841828760273216,4.214220448629975,2026
677961,"Wilcox, Cole",R,488,136,26.5,-2.2581619842600147,5.728340163934426,-0.0684014939656935,4.633964665337074,2026
677976,"Dobnak, Randy",R,1264,118,18.9,-2.555552597161816,5.395783227848101,-0.3877937279298946,4.654051148985198,2026
678020,"Halvorsen, Seth",R,521,9999,49.2,-1.4014993535635032,6.050287907869482,0.0279895189902867,4.394990380147871,2026
678022,"Perkins, Jack",R,2066,133,33.2,-1.9924560821577388,5.39878509196515,-0.2694192430540816,4.271925836003679,2026
678061,"Kerr, Ray",L,212,144,26.7,2.278580320523818,5.311415094339623,0.1615576182188141,4.248479958295497,2026
678368,"Bellozo, Valente",R,170,115,36.7,-1.8963363602302568,5.710411764705882,-0.1054777042046765,4.375848413547237,2026
678394,"Bello, Brayan",R,1906,111,39.4,-1.9216044623075568,5.614291710388248,-0.1095447803914086,4.12761871077917,2026
678576,"Ramos, Wilkin",R,61,137,30.1,-1.9959509840262897,5.409672131147541,0.0739354051605739,4.20928956780924,2026
678606,"Ferrer, José A.",L,1090,136,31.8,2.3151756460819293,5.721743119266055,0.3941130021750151,4.533118765556265,2026
678868,"Yean, Eddy",R,168,120,32.4,-2.2491400280295064,5.527261904761905,-0.1685177579365079,4.205511585391733,2026
678906,"Teng, Kai-Wei",R,1266,117,23.5,-2.4918124723479025,5.511611374407583,-0.4624700924776057,4.626866452439083,2026
679358,"Orze, Eric",R,677,142,42.5,-1.307832320855658,5.762791728212704,0.380413776043518,4.212988650515934,2026
679775,"Backhus, Kyle",L,354,143,6.0,3.0487957313227088,4.257824858757062,0.7409892242464525,4.0186357546048725,2026
679883,"Avila, Luinder",R,1293,118,51.6,-1.3898766963304652,6.141964423820572,0.0799164258939883,4.288643726331143,2026
679885,"Martinez, Justin",R,210,109,37.5,-2.0528183665839967,6.170142857142857,-0.1875469493251846,4.7398566441728205,2026
679922,"Duran, Carlos",R,35,118,20.4,-2.6437572936222287,5.577714285714285,-0.294907695441813,4.703621061879297,2026
680570,"Rodriguez, Grayson",R,1771,108,38.0,-1.899380509594456,5.688475437605873,0.0044208085605783,4.201663505315889,2026
680573,"Woods Richardson, Simeon",R,1161,9999,47.6,-1.3012865617281009,6.446175710594315,0.233494300506202,4.767147570399235,2026
680604,"Castaño, Blas",R,460,115,31.1,-1.764104829545833,4.9392826086956525,0.0109652226226458,3.8656461627140977,2026
680686,"Gray, Josiah",R,58,120,33.5,-2.1685706996262595,5.093620689655173,-0.1535080106337205,3.7575912102772144,2026
680689,"Richardson, Lyon",R,68,9999,27.9,-2.297236596659473,5.266470588235294,-0.3184422761350529,4.221000035388487,2026
680694,"Bradish, Kyle",R,2619,110,52.9,-1.307981189812682,6.251172203130966,0.0135383591320522,4.500594780668351,2026
680702,"Gerber, Joey",R,129,121,32.4,-1.9818473665662544,5.235271317829457,-0.108514674100789,4.04499270267656,2026
680704,"Sandlin, Nick",R,157,108,11.6,-2.504295922027956,4.269936305732484,-0.5193585033550189,3.861862004268992,2026
680723,"Rom, Drew",L,287,9999,47.0,1.4304934285851874,5.761951219512195,-0.1342137068574658,4.083418476836411,2026
680730,"Parker, Mitchell",L,663,120,56.8,1.1736159079508304,6.103815987933635,-0.1120318384806274,4.13895563043262,2026
680732,"Burke, Sean",R,2878,145,40.0,-1.6350171606485278,6.173398193189716,0.0923780841877467,4.723802150185995,2026
680736,"Wrobleski, Justin",L,2110,119,35.7,1.7793802359258273,5.56839336492891,0.0295951507548301,4.310502077197962,2026
680742,"Bowlan, Jonathan",R,954,143,41.5,-1.9191316958654503,6.229308176100629,-0.1437840701689481,4.656555336195847,2026
680744,"Madden, Ty",R,719,116,42.5,-1.8520656267912623,5.908901251738525,-0.1012682713166187,4.30423921618211,2026
680755,"Fisher, Braydon",R,1256,141,48.5,-1.0044617581532287,6.563009554140128,0.561244993869001,4.792311657697242,2026
680767,"Vodnik, Victor",R,1027,9999,43.7,-1.5001009088658877,5.3500778967867575,0.1628673207532105,3.757258213355272,2026
680802,"Weiss, Ryan",R,517,117,41.0,-2.087550682890318,5.913307543520309,-0.2834065210645538,4.345802068184404,2026
680880,"Holman, Grant",R,34,143,40.4,-2.029473363128203,5.924117647058823,-0.1018668527838942,4.284980926916221,2026
680899,"Tolman, Erik",L,267,120,46.8,1.562654048532167,6.033333333333333,-0.0315194432761187,4.332134398846362,2026
680916,"Aleman, Franco",R,427,114,19.9,-2.422041707772057,5.637002341920375,-0.1460123005088771,4.813637863133331,2026
680951,"Nikhazy, Doug",L,39,145,50.8,1.436008151665611,5.595384615384615,0.0989855980620686,3.9570108003108,2026
681006,"Simpson, Josh",L,153,136,21.0,2.3347151747629145,5.038235294117647,0.2305883704402735,4.232861583540131,2026
681035,"Scott, Christian",R,1964,121,29.3,-2.332089348829372,5.2435794297352345,-0.3137632096997288,4.109962490424794,2026
681084,"Andrews, Tanner",R,43,141,45.8,-1.55296603253777,6.296976744186047,0.1286949674584421,4.567508170625544,2026
681151,"Murray, Jayden",R,304,9999,29.8,-2.38874692023077,5.740230263157895,-0.3409231957735247,4.566454826027301,2026
681168,"Curvelo, Luis",R,187,140,36.2,-2.069472054948613,5.969893048128342,-0.2290142959955008,4.620531613238392,2026
681190,"Vásquez, Randy",R,2158,135,33.4,-2.032705232609676,5.947803521779425,-0.0765531023311675,4.657109392774719,2026
681217,"Silseth, Chase",R,1078,9999,34.6,-2.0807552769349607,5.824573283858999,-0.2211191390605829,4.543987578419798,2026
681252,"Anderson, Jack",R,180,9999,64.4,-0.4811937628818456,6.320833333333333,0.5291009090909091,4.209137027629233,2026
681293,"Arrighetti, Spencer",R,1939,9999,19.4,-2.432411601443004,4.823032490974729,-0.3227247945584535,4.082097026280154,2026
681320,"Lavender, Nate",L,294,121,43.7,1.807137973353928,5.504387755102041,0.1877434931548376,3.952754997453527,2026
681343,"Smith, Shane",R,225,145,37.5,-1.840970642064999,5.8068888888888885,-0.0547431138839374,4.435568071301248,2026
681347,"Burrows, Mike",R,1562,117,39.6,-1.819926690649554,5.9451728553137,-0.0718449882001456,4.49742391456175,2026
681402,"Varland, Gus",R,579,120,51.3,-1.086397956710674,5.322780656303973,0.2845448982356328,3.610314433884717,2026
681432,"Little, Luke",L,19,112,26.2,2.5761273667187403,5.498421052631579,0.3356557838446384,4.393004812834224,2026
681517,"Leahy, Kyle",R,2326,138,42.8,-1.619236498166826,5.573761822871883,0.0680015168758037,4.012685250512305,2026
681520,"Kelly, Antoine",L,18,112,36.8,2.2055857219748813,5.778888888888889,0.3014145276292335,4.355411452762923,2026
681544,"Olds, Wyatt",R,266,111,32.2,-2.0776394151874324,5.561729323308271,-0.1712011697023307,4.361252380952381,2026
681676,"Fernandez, Ryan",R,387,138,59.8,-0.8482696677563013,5.922997416020672,0.297161310782241,3.9514832481218938,2026
681751,"Estrada, Lazaro",R,228,141,53.3,-1.1427986602750502,5.706315789473684,0.248429173312068,3.839550327188292,2026
681799,"Roberts, Ethan",R,436,112,34.7,-1.7298523740679554,5.242798165137614,-0.0691405043418535,4.093318445722743,2026
681806,"Wantz, Andrew",R,81,9999,36.0,-2.044756060066691,5.88,-0.0962830637529983,4.464592622301446,2026
681810,"Warren, Austin",R,907,121,25.6,-2.5021535225484337,4.905854465270122,-0.4422623603896806,3.91732292419624,2026
681867,"Criswell, Cooper",R,630,136,7.4,-2.917905459235845,4.754190476190476,-0.4730434980052627,4.437109173952409,2026
681870,"Sabrowski, Erik",L,820,114,45.4,1.5441145918719312,6.010841463414634,-0.1395282736620147,4.3032778218338334,2026
681892,"Funderburk, Kody",L,876,142,32.8,2.312637433892218,5.740993150684932,0.2213458089150977,4.390739036619214,2026
681895,"Sisk, Evan",L,833,134,21.7,2.2679329289556365,5.107587034813926,0.3229728083746868,4.332653643168498,2026
681911,"Vesia, Alex",L,1002,119,69.6,0.3149931645583872,6.0151796407185625,-0.4966112086877937,3.8349125479878032,2026
681916,"Smith, Dylan",R,690,137,51.4,-1.418208020056729,6.098028985507247,-0.0147059989924823,4.33989093182464,2026
681973,"Hendrickson, Josh",L,35,117,41.4,1.885926157645762,6.056857142857143,0.0848218461930226,4.470273852813853,2026
681982,"Anderson, Grant",R,894,158,6.7,-2.909248039750012,4.394519015659955,-0.7762924561445486,4.147937701432007,2026
682052,"Lopez, Jacob",L,2219,133,19.2,2.929147591004257,5.130869761153673,0.6291558182091305,4.330921581922129,2026
682120,"Herrin, Tim",L,983,114,33.5,2.361043783465481,5.830701932858596,0.3913695566157657,4.525280357159048,2026
682227,"Williamson, Brandon",L,831,113,40.9,1.8190584192720047,6.501841155234657,-0.0190723015888337,4.9055482602624245,2026
682243,"Miller, Bryce",R,1884,136,46.2,-1.4747717441502757,5.6148673036093415,0.1549244386540565,3.9130903915986393,2026
682254,"Montgomery, Mason",L,1155,134,55.3,1.0796246070128594,5.647047619047619,-0.1258335445362718,3.9038243885763673,2026
682274,"Hiraldo, Yaramil",R,193,110,61.3,-0.999175822261091,6.236839378238342,0.1710489572654309,4.092599822670472,2026
682445,"Gonzalez, Domingo",R,129,136,17.9,-2.590701512417744,4.65108527131783,-0.5369146658099463,3.988615047188713,2026
682608,"Gray, Peyton",R,944,140,38.6,-1.631957479029682,5.577616525423728,0.2115671048407807,4.106660641276926,2026
682610,"Muñoz, Roddery",R,112,117,37.4,-1.8108176282921984,5.745,0.1022514697924624,4.283849351445124,2026
682668,"Acuña, Luisangel",R,3,145,54.4,-1.3419870297005845,6.85,-0.0571641414141414,5.052377777777778,2026
682769,"Castellano, Eiberson",R,35,115,30.5,-2.397534957455182,5.680857142857143,-0.2918527272727272,4.437242093200917,2026
682825,"Mey, Luis",R,652,113,30.1,-2.2772866119829094,5.498174846625767,-0.2027193898111391,4.29273333401682,2026
682842,"Uribe, Abner",R,918,158,36.9,-2.202543417784909,5.85041394335512,-0.0887721819308036,4.260039158501587,2026
682982,"Espino, Daniel",R,273,114,42.3,-1.5794655228238732,5.868681318681318,0.1729685265714677,4.27484169098875,2026
682989,"Mederos, Victor",R,586,144,23.6,-2.4627041905387377,5.221467576791809,-0.4172909839207169,4.329515978597458,2026
682995,"Barco, Hunter",L,351,134,22.7,2.979040962724894,5.147492877492877,0.7303320213192762,4.207769708904023,2026
682997,"Callihan, Tyler",R,29,134,43.3,-1.6540224408623116,6.386551724137931,-0.0569945079599237,4.8824832780134,2026
683000,"Cornelio, Riley",R,654,120,43.1,-1.6832303644056574,5.902675840978593,-0.0278846901284839,4.354410645581558,2026
683003,"Jones, Jared",R,1577,134,40.5,-1.7735827657124812,5.455199746353836,-0.075758120746425,4.000715878600244,2026
683004,"Leiter, Jack",R,1396,140,46.3,-1.694473032676859,5.6676074498567335,-0.2090530691203285,4.114514790667505,2026
683155,"Estes, Joey",R,125,133,34.9,-1.8305907569861373,5.72968,-0.0436410110516934,4.484522676648841,2026
683175,"Phillips, Connor",R,590,113,37.5,-1.819517987234769,5.689,-0.1553497345841264,4.416102447808091,2026
683232,"Mears, Nick",R,341,118,54.6,-1.0373464804071184,6.191818181818181,0.2750437146172785,4.347629678883017,2026
683352,"Bratt, Mitch",L,726,109,34.4,2.074171367598048,5.531887052341598,0.1866968393217542,4.239632721846565,2026
683363,"Wilkinson, Matt",L,419,137,30.6,2.156433602135557,4.886038186157518,0.2540727966170196,3.759833023411144,2026
683409,"Chivilli, Angel",R,285,147,31.9,-2.2578930702983864,5.673368421052632,-0.1732677777777777,4.374413071895425,2026
683618,"Henriquez, Edgardo",R,968,119,38.0,-1.9551691194389988,6.020144628099174,-0.0665258534236384,4.54150880023497,2026
683627,"Molina, Anthony",R,540,9999,50.3,-1.2269140922699515,6.232185185185185,0.1689476766026275,4.550647308212848,2026
683734,"Vaughn, Andrew",R,50,158,63.3,-1.0767775673622753,6.7112,-0.2225980837789661,4.973822786096257,2026
683742,"Franco, Jose",R,347,113,36.9,-1.7342631267426312,5.840057636887608,0.0740761718729933,4.482961619586268,2026
683769,"Gaddis, Hunter",R,982,114,35.3,-2.00672336792733,6.1219755600814665,-0.0634749891995309,4.746041936133832,2026
684007,"Imanaga, Shota",L,2783,112,38.2,1.9219644115281889,5.471789435860583,0.1492589453538577,4.078658627534247,2026
684049,"Bidois, Brandan",R,325,134,64.7,-0.921743690196378,6.220707692307692,0.0618521541203894,4.136026348827643,2026
684320,"Rodríguez, Yariel",R,172,141,40.0,-1.995286278931541,5.927383720930233,-0.2089240968163163,4.431529522654728,2026
684442,"Drake, Kohl",L,382,109,38.7,2.231483170946096,5.811806282722513,0.3153281068305475,4.276746301481087,2026
684516,"Rincon, Hancel",R,43,138,36.4,-1.768727881731318,5.683953488372093,0.0115442668822285,4.370644654479128,2026
684665,"Murphy, Luke",R,380,108,42.0,-1.6776588438272662,5.891447368421052,0.0696226010882822,4.315894359226944,2026
684974,"Yoho, Craig",R,635,9999,18.6,-2.407877683562965,4.88696062992126,-0.1119994687495613,4.114091139977823,2026
685005,"Roa, Christian",R,178,117,36.4,-1.946672163115196,6.253426966292135,-0.0416816078831941,4.846658917162371,2026
685112,"McCambley, Zach",R,214,113,30.8,-2.1282073797424177,5.656588785046729,-0.1836298952971163,4.497000120778983,2026
685126,"Eisert, Brandon",L,784,9999,34.5,2.327303075702024,5.04045918367347,0.6376445250827604,3.879433764983266,2026
685299,"Gordon, Tanner",R,1691,115,43.6,-1.775958812931924,6.276978119455944,-0.0248843833506737,4.6092643719871695,2026
685464,"Winquest, Cade",R,245,138,42.3,-1.5960948891323932,5.147918367346938,0.0872414198406635,3.6148545698279313,2026
685801,"Bigge, Hunter",R,315,139,54.5,-1.16858214740139,5.673460317460317,0.0638157728545963,3.945672254477549,2026
686218,"Sheehan, Emmet",R,1954,119,32.1,-2.1814691211076407,5.4214227226202665,-0.1828320080204781,4.167459906959899,2026
686228,"Burgos, Juan",R,53,109,26.9,-2.216746580735748,4.961320754716981,-0.1987883815962062,3.934911588134396,2026
686560,"Collyer, Gavin",R,480,140,17.2,-2.9332605482354355,5.027520833333333,-0.669946990493167,4.327609250037136,2026
686563,"Cannon, Jonathan",R,80,145,26.4,-2.527793180682876,5.75275,-0.4521697526737968,4.720715259581105,2026
686580,"Slaten, Justin",R,508,111,47.2,-1.83772497286826,5.902224409448819,-0.207256002708886,4.141725631956433,2026
686610,"Waldichuk, Ken",L,149,120,38.7,1.7106178431141243,5.812080536912752,-0.0722764227350488,4.384685818708204,2026
686613,"Brown, Hunter",R,1859,117,52.7,-1.2728856704626497,6.065346960731576,0.0487348432110875,4.325610023166194,2026
686628,"Burkhalter, Blake",R,23,144,43.3,-1.7005836849271505,5.684347826086957,-0.1968187902038286,4.267065043013253,2026
686678,"Solesky, Chase",R,58,139,48.1,-1.3809871308882913,5.628620689655173,0.0470333609933001,4.03555641403897,2026
686730,"Spiers, Carson",R,62,113,29.8,-2.04952262727893,5.195645161290322,-0.0513809844172272,4.048586261572077,2026
686747,"La Sorsa, Joe",L,8,111,22.3,2.6673842799036622,5.3225,0.4216170343137254,4.404489193404634,2026
686751,"Johnson, Seth",R,569,9999,44.7,-1.526731390146804,5.611195079086116,0.0884157840161148,4.010084725368019,2026
686753,"Jameson, Drey",R,306,109,39.5,-1.644910517696214,5.572875816993464,0.0862046162315193,4.146555801090489,2026
686780,"Pagés, Pedro",R,16,138,40.1,-1.8501736446317636,6.54375,-0.1633400066844919,5.1229055202762925,2026
686790,"McDonald, Trevor",R,1137,137,27.2,-2.633812575517089,5.062770448548813,-0.5250957754637795,3.976984213154359,2026
686796,"Walston, Blake",L,42,109,35.9,2.0839266181944707,6.163333333333333,0.1489100055173584,4.763026587301588,2026
686799,"Kochanowicz, Jack",R,1105,108,36.4,-2.1381003109083507,6.241022624434389,-0.074310806736516,4.7195999570095415,2026
686894,"Wiemer, Joey",R,20,120,36.8,-2.0315289379857004,6.4815,-0.2793244251336898,5.1714170677361855,2026
686930,"Barnett, Mason",R,909,133,55.2,-1.0503660137894435,6.045929592959296,0.209954281310484,4.232486140967038,2026
686934,"McFarlane, Alex",R,290,143,24.7,-2.232195028387121,5.400896551724138,-0.0440713203024156,4.393731467514906,2026
686973,"Varland, Louis",R,1236,141,39.2,-1.999864604661384,5.389377022653722,-0.250973299745023,3.959990345415895,2026
686993,"Sterner, Justin",R,726,133,38.2,-1.83768616333862,5.435757575757576,-0.1361211738188889,4.095267278030671,2026
687060,"Adams, Blake",R,37,115,38.4,-1.8387943247563547,5.699189189189189,-0.0770589343354049,4.303894365756131,2026
687064,"Young, Brandon",R,2530,110,42.0,-1.638507906278442,5.993055335968379,0.1419069208006594,4.388527191421304,2026
687075,"Sproat, Brandon",R,1727,158,33.1,-2.1458903210012146,5.5780775911986105,-0.207819745016499,4.313389859750817,2026
687134,"Blalock, Bradley",R,200,146,59.2,-0.9944007462991552,6.19195,0.2235693573975044,4.151033896167558,2026
687209,"Maxwell, Zach",R,291,113,36.6,-2.0306474917984354,6.141752577319588,0.0448955148819915,4.60220121836926,2026
687223,"Palmquist, Carson",L,313,120,16.1,2.377838371188979,4.884057507987221,0.3224608332906209,4.289951698814873,2026
687239,"Peoples, Ben",R,282,140,48.8,-1.1107241551245404,5.990248226950355,0.402707437959065,4.262730919330982,2026
687273,"Mathews, Quinn",L,867,138,37.7,1.6730380967491738,5.335086505190311,-0.0559724092132396,3.998913900762151,2026
687287,"Monteverde, Patrick",L,65,146,38.1,1.7003604692924792,5.879846153846154,-0.0686100781571369,4.492418020019197,2026
687309,"Hjerpe, Cooper",L,254,138,-0.7,2.942406874954701,3.8193700787401577,0.882788856022008,3.84581277913456,2026
687312,"Hughes, Gabriel",R,1142,115,43.7,-1.593191426154882,5.506444833625219,-0.0044696064383403,3.9845901520614615,2026
687330,"Kelly, Kevin",R,981,139,1.1,-2.772659504903205,3.665626911314985,-0.5832960382744516,3.622805907337451,2026
687377,"Ribalta, Orlando",R,750,120,41.9,-1.947480842817165,6.526866666666667,-0.1215737654188948,4.887245375282234,2026
687396,"Headrick, Brent",L,1282,147,40.3,1.84570213207872,6.319422776911076,-0.037556170380505,4.719622913381776,2026
687473,"Gusto, Ryan",R,1436,146,46.4,-1.301500119259416,5.7477019498607245,0.3892619570479496,3.969398667632411,2026
687531,"Kempner, William",R,199,146,14.7,-3.027898843721159,4.447989949748743,-0.7202815888712726,3.841750729583748,2026
687562,"Bennett, Jake",L,1618,111,31.0,2.2565017627350543,5.597558714462299,0.1324100745512273,4.31980680105057,2026
687570,"Prielipp, Connor",L,2067,142,39.2,1.8389211564463528,6.009879051765844,-0.0038064969251983,4.504383510724077,2026
687606,"Schultz, Paxton",R,610,120,33.6,-1.9421971361014012,5.84272131147541,-0.094408595014757,4.615112810554923,2026
687721,"Weston, Cameron",R,17,110,4.1,-2.6319561968719185,4.637058823529412,-0.4144812729369823,4.4797283841879,2026
687765,"Spence, Mitch",R,200,118,44.6,-1.835413769296939,6.01005,-0.1569316831550802,4.353503948752228,2026
687792,"Herz, DJ",L,63,120,36.2,1.8559273849741968,5.61968253968254,0.0415516537928302,4.29346575983929,2026
687849,"Kent, Zak",R,294,9999,52.2,-1.1722365861295494,6.247551020408164,0.2253267725271927,4.441726826791323,2026
687859,"Johnston, Troy",L,35,115,45.0,1.6822946841921862,6.2782857142857145,0.1598306289788642,4.750039047619048,2026
687911,"King, Bryan",L,1044,117,34.6,1.944633067419825,5.572519157088123,0.141090223994509,4.32977962040964,2026
687924,"Aguiar, Julian",R,54,113,26.3,-2.210047446319339,5.3657407407407405,-0.1221598699412424,4.336016958803723,2026
687931,"Whisenhunt, Carson",L,617,137,48.8,1.3078485545868923,6.090858995137763,-0.1968891586279421,4.374547656997085,2026
687941,"Gamboa, Alec",L,466,111,60.6,0.9518729627997574,6.327961373390558,-0.1909067204486164,4.296256774383573,2026
687985,"White, Josh",R,43,146,58.8,-0.8452546264590862,6.318604651162791,0.3390447974961655,4.368366658375824,2026
688107,"Gasser, Robert",L,1817,158,23.8,2.4912059295372733,5.033560814529444,0.4457925372080087,4.131774299814487,2026
688158,"Morgan, David",R,587,135,35.6,-1.9679144739457428,5.325178875638842,-0.1324194787842347,4.014080345999326,2026
688297,"Roycroft, Chris",R,647,9999,26.0,-2.3849710366394308,5.390695517774343,-0.1027028815291748,4.279086639694517,2026
688497,"Rashi, Taylor",R,88,9999,73.2,-0.0834333200665666,6.342954545454545,0.5948099406498136,4.096872870077784,2026
688642,"Agnos, Zach",R,1502,115,39.1,-1.9579803950217665,5.763588548601864,-0.2472427256231145,4.376564565961962,2026
688692,"Simpson, Jared",L,93,120,34.8,1.968794262247637,5.767096774193549,0.0467152013493569,4.433040602418876,2026
688883,"Pallette, Peyton",R,442,114,39.4,-1.813718018081823,5.965497737556561,-0.1068842389156403,4.564082013171373,2026
689017,"Knack, Landon",R,187,119,56.6,-1.123582580526646,5.960427807486631,0.1434445966427407,4.033999668277617,2026
689147,"Kerkering, Orion",R,1077,143,33.5,-2.1074377572555147,5.798272980501393,-0.1911749868834171,4.536451611477713,2026
689149,"Dallas, Chad",R,260,141,54.4,-1.077956033083459,5.914384615384615,0.1698246071575483,4.168014794666118,2026
689225,"Brieske, Beau",R,357,116,51.1,-1.1246415761811157,6.153025210084033,0.3385694310879432,4.33772255800716,2026
689254,"Fluharty, Mason",L,1027,141,34.9,2.0631123442311825,5.8351217137293085,0.3314459631830071,4.626715569116909,2026
689266,"Dodd, Dylan",L,779,144,42.9,1.7660542863996087,6.050706033376123,-0.0510810250812893,4.363828603218624,2026
689296,"Nunez, Anthony",R,993,110,37.6,-1.991727381836114,5.646183282980866,-0.1221257743599133,4.206009515898275,2026
689441,"Crow, Coleman",R,295,158,29.3,-2.046767357539365,5.190305084745763,-0.2376610362850841,4.176247586331914,2026
689520,"Laweryson, Cody",R,296,142,25.0,-2.416545155194459,5.198141891891892,-0.2863536123355976,4.20329765410464,2026
689546,"Davila, Nick",R,446,136,27.7,-2.2519011062389067,5.836053811659193,-0.1457084991966619,4.7279453300480405,2026
689690,"Jacob, Alek",R,87,135,-2.6,-2.474981617859352,3.816551724137931,-0.3472711434835167,3.9126816419775854,2026
689818,"Sandlin, David",R,638,145,42.8,-1.6996615366197585,5.86166144200627,0.0279606840114216,4.261691211115395,2026
689981,"Ryan, River",R,43,116,43.0,-1.612738314775863,5.667674418604651,0.0617886249637275,4.109064944244082,2026
690155,"Pushard, Matt",R,120,138,40.9,-2.06071501943146,6.179,-0.1618499027035056,4.533073380867498,2026
690279,"Adams, Mason",R,468,115,27.6,-1.997019933204792,5.0631623931623935,-0.0936583080046315,4.069233363613511,2026
690440,"Hanner, Bradley",R,128,147,20.2,-2.6315876208787965,4.983359375,-0.4271143117758467,4.173241805230615,2026
690829,"Joyce, Ben",R,259,108,27.7,-2.1294607704727277,5.0982239382239385,-0.0531917384152678,4.007701011706894,2026
690925,"Beeter, Clayton",R,792,120,52.0,-1.3003050172720605,6.010984848484848,0.0980872402726012,4.220789946704118,2026
690928,"Dobbins, Hunter",R,931,138,44.9,-1.76043523410598,6.006788399570355,-0.1024251065976629,4.350869321412776,2026
690953,"Abel, Mick",R,357,142,27.2,-2.2333412184080523,5.477450980392157,-0.145140510892414,4.402962460492218,2026
690978,"Fulton, Dax",L,479,146,43.3,1.715824652951746,6.293528183716076,-0.127529766410265,4.555227795020077,2026
690986,"Harrison, Kyle",L,2106,158,31.6,2.141528225207834,5.001277302943969,0.2171061018683567,3.814524619794391,2026
690990,"Horton, Cade",R,92,112,52.8,-1.4174912120321828,5.9205434782608695,-0.0326805093776641,4.097519360807564,2026
690997,"McLean, Nolan",R,2914,121,30.8,-2.40471084105496,5.278023335621139,-0.5092747508187776,4.147429286088305,2026
691008,"Rajcic, Max",R,163,138,42.6,-1.8409144572892304,5.760858895705521,-0.164651673720241,4.220022846472666,2026
691384,"Perales, Luis",R,250,120,45.1,-1.4977234471276706,5.87732,0.1541918438502673,4.219736270231729,2026
691548,"Muñoz, Rolddy",R,49,144,31.1,-2.377929377671351,5.767142857142857,-0.3388698824984539,4.535341620284478,2026
691587,"Pérez, Eury",R,2671,146,30.8,-2.3129243345568127,5.929019093972295,-0.0474911137383035,4.576980556462059,2026
691725,"Painter, Andrew",R,2125,143,44.6,-1.469813481387691,6.425284705882353,0.2124103351158645,4.769533134528678,2026
691769,"Abner, Philip",L,313,9999,38.8,1.7890355494540395,5.601757188498403,0.0965715754614364,4.238356480041915,2026
691799,"Taylor, Grant",R,1333,145,58.2,-0.731607656102082,5.913488372093023,0.4608288764035929,3.988591654865588,2026
691945,"Baumler, Carter",R,117,140,41.5,-1.5622615386603462,5.570940170940171,0.2119649130825601,3.9997999291558113,2026
691946,"Klassen, George",R,483,108,43.5,-1.8621927063601973,5.857722567287785,-0.1457062327697877,4.231147093330086,2026
691951,"Aldegheri, Sam",L,610,108,41.4,1.5691584785167187,6.11283606557377,-0.0484439128020805,4.68607969477806,2026
692030,"Corniell, Jose",R,104,140,31.6,-2.114539793141112,5.33875,-0.1458038153023447,4.129796235259838,2026
692064,"Rodríguez, José",R,68,141,28.2,-2.260826146420022,6.023088235294118,-0.0980689813358498,4.860529111617909,2026
692230,"Rodriguez, Carlos",R,182,158,35.2,-1.9147953316987485,5.731538461538461,-0.115098698360463,4.462784928796694,2026
692437,"Santos, Winston",R,33,140,40.0,-1.9011293990571692,5.590909090909091,-0.1735478960730297,4.141407913358181,2026
693308,"Frasso, Nick",R,376,115,47.3,-1.74011414595237,6.194468085106383,-0.0811727640137292,4.396964077492699,2026
693312,"Nicolas, Kyle",R,198,113,45.2,-1.3536151267154046,5.757777777777778,0.3048948198563171,4.088359253857649,2026
693313,"Seymour, Carson",R,520,137,39.2,-1.8943144431708372,5.925365384615384,0.0083462738242149,4.374107372823255,2026
693433,"Woo, Bryan",R,2667,136,24.3,-2.432387665357401,5.039696287964005,-0.3775493112157772,4.110232651800878,2026
693645,"Schlittler, Cam",R,3004,147,42.2,-1.9102586832016388,6.110019973368842,-0.1815732055417494,4.544334351286817,2026
693686,"Miles, Spencer",R,1502,141,37.4,-1.9018633340189552,5.84436085219707,-0.0341911218197483,4.4131342504112165,2026
693713,"Teodo, Emiliano",R,43,140,39.8,-1.88867937414288,5.602093023255814,-0.0960944534261907,4.10853263275712,2026
693821,"Elder, Bryce",R,2245,144,48.3,-1.5745242173006484,6.189487750556793,-0.0446211589628765,4.471518848381629,2026
693855,"Seymour, Ian",L,2118,139,41.1,1.9015264364075344,5.636109537299339,0.1958798528528073,4.144630823861006,2026
694037,"Palencia, Daniel",R,477,112,35.7,-1.827743297424184,5.462431865828092,-0.0402713726237588,4.176203253960246,2026
694297,"Pfaadt, Brandon",R,1976,109,27.5,-2.502241484706265,5.475096153846154,-0.4288326211778417,4.396659546555096,2026
694335,"Svanson, Matt",R,788,138,28.0,-2.384924028508648,5.555672588832487,-0.3206142194187319,4.456300241591792,2026
694341,"Beck, Brendan",R,246,147,47.6,-1.7028788168395197,6.079308943089431,-0.1500554200542005,4.379716748909468,2026
694346,"Gibson, Trey",R,711,110,38.8,-1.7120286427340623,5.882165963431786,0.078525080289116,4.443205139380902,2026
694350,"Brzykcy, Zach",R,48,146,51.6,-1.2119936914918414,5.8225,0.2049283311051693,4.036836488042186,2026
694357,"Tiedemann, Ricky",L,123,141,23.5,2.5950389592146337,5.585528455284553,0.4454222323667087,4.651153506369289,2026
694360,"Way, Beck",R,389,118,29.4,-2.353310790269177,5.539305912596401,-0.2077277472288284,4.331239913806139,2026
694361,"Klein, Will",R,762,119,42.8,-1.784156444950665,5.525839895013124,-0.172169492048788,4.034532410721387,2026
694363,"Shuster, Jared",L,166,138,38.7,1.7520237541031125,5.48289156626506,0.0667055516182376,4.132933602860641,2026
694397,"Raya, Marco",R,100,142,43.3,-1.5181475547685197,5.6434,0.0494576131907308,4.164206229946524,2026
694462,"Waldrep, Hurston",R,215,144,52.9,-1.2194484908360983,6.112046511627907,0.2769880591137089,4.128214120134312,2026
694477,"Patrick, Chad",R,1704,158,31.6,-2.2377027904614555,5.46568661971831,-0.3051839923154494,4.279682074472982,2026
694494,"Johnson, Ty",R,161,139,28.2,-2.46160659607764,5.499875776397516,-0.3133658434915468,4.345579869022708,2026
694646,"McDermott, Chayce",R,155,9999,42.6,-1.7637802283608028,5.69,-0.0891064033120579,4.148326442987752,2026
694680,"Martin, Trevor",R,229,9999,27.7,-2.415608484486159,5.481397379912663,-0.3916951381267076,4.417461624983459,2026
694738,"Roupp, Landen",R,2694,137,23.4,-2.48169324337231,5.2864513734224206,-0.3676350879090922,4.370396360963229,2026
694753,"Curtis, Khristian",R,349,134,46.2,-1.5004423372581113,5.849512893982808,0.1474417163374857,4.129311500646104,2026
694795,"Ekness, Josh",R,535,146,24.1,-2.574445459162713,5.171981308411215,-0.2769283912239492,4.142732806237193,2026
694819,"Misiorowski, Jacob",R,2579,158,29.8,-2.2950110999186464,5.199507561070182,-0.236605798928546,4.018011783194719,2026
694820,"Roxby, Braxton",R,76,137,23.0,-2.526928255972568,5.103684210526316,-0.3950512078994277,4.201563175485505,2026
694851,"Hoffmann, Andrew",R,206,109,51.1,-1.3028236139816427,5.991747572815534,0.240624408130419,4.07547073360677,2026
694918,"Tidwell, Blade",R,959,137,38.8,-2.1503713900256054,6.003138686131387,-0.2726476067799382,4.491554427517523,2026
694973,"Skenes, Paul",R,2889,134,25.8,-2.849071364225252,5.591481481481481,-0.6788893279197201,4.541475214024059,2026
695001,"Santa, Alimber",R,238,117,30.5,-2.0647681493165675,5.577142857142857,0.0512345586362887,4.331424374990638,2026
695034,"Morris, Kade",R,322,133,22.5,-2.6376464737895966,5.224906832298137,-0.519072649771371,4.344988293420135,2026
695049,"Kerry, Brett",R,212,108,52.0,-1.3121764639916726,5.927075471698113,-0.0584293831769414,4.318051296539199,2026
695076,"Lowder, Rhett",R,2296,113,28.4,-2.451586965887996,5.570357142857143,-0.3785620746691138,4.446886532650755,2026
695239,"Ahlstrom, Robby",L,648,140,49.3,1.255933340688166,6.130648148148148,-0.1751629243139455,4.461504809258159,2026
695243,"Miller, Mason",R,1136,135,40.4,-1.8550449699731284,6.2180633802816905,-0.006414969809947,4.64299141929339,2026
695378,"Sinclair, Jack",R,151,120,18.6,-2.560570263446303,5.231523178807947,-0.3415743539800026,4.486644085773984,2026
695380,"Hoppe, Alex",R,729,9999,50.3,-1.304694282453459,5.710192043895748,0.1035405908516293,4.016037489394062,2026
695418,"Lord, Brad",R,1463,120,17.4,-2.8281016156985275,5.355167464114833,-0.4645092864026863,4.612718409294993,2026
695445,"Lee, Chase",R,146,141,-3.4,-3.0856000367060985,3.9013698630136986,-0.9910063060093278,4.026094151832589,2026
695505,"Burns, Chase",R,2552,113,53.1,-0.886532292959484,6.511967084639498,0.5168033852376801,4.639246005719187,2026
695534,"Petty, Chase",R,477,113,32.5,-1.8468994862689825,5.313060796645702,0.1001895878877565,4.073621854131399,2026
695549,"Jobe, Jackson",R,771,116,38.0,-1.6000803390926517,5.711828793774319,0.0923183566033417,4.39100555948591,2026
695611,"Jump, Gage",L,1756,133,43.5,1.6474955990977225,5.556953302961276,0.0965025457408061,4.085611131937761,2026
695684,"Rodríguez, Elmer",R,497,147,30.4,-2.000495722789151,5.687122736418512,-0.0851849759878343,4.5638998877399874,2026
696062,"Dotel, Wilber",R,706,134,43.4,-1.719083387317163,5.828101983002833,-0.082719426181495,4.282970569677781,2026
696070,"Rojas, Kendry",L,521,142,43.4,1.7715837782929316,5.88725527831094,0.074331305832401,4.279679997160267,2026
696131,"Black, Mason",R,556,118,26.6,-2.2275809830769284,5.121043165467626,-0.1343411200451403,4.073506373671116,2026
696136,"Wicks, Jordan",L,180,112,53.7,1.434278876005659,5.8758888888888885,0.0485355897207367,3.98520218013468,2026
696146,"Smith, Hagen",L,469,145,20.8,2.5509430869216376,5.318059701492538,0.5405930511689072,4.55648478444295,2026
696147,"Bachman, Sam",R,830,108,34.1,-2.151819723396857,5.432421686746988,-0.1434418012155574,4.0705475770461526,2026
696149,"Chandler, Bubba",R,2685,134,42.9,-1.6355052496631473,5.646912476722533,0.1151865189190624,4.016681847094009,2026
696270,"Johnson, Ryan",R,1722,108,20.0,-2.637151974246292,5.756178861788618,-0.3138858248399138,4.910140028176829,2026
696519,"Natera Jr., Samy",L,580,108,49.4,1.4809594928774068,6.099172413793103,0.003576481652222,4.376564092906755,2026
696522,"Juenger, Hayden",R,291,9999,37.2,-1.8158469777898816,5.400481099656357,-0.0134690813532535,4.030294540002818,2026
697811,"Ross, Dylan",R,11,121,50.5,-1.4706687355095822,6.14,0.0170677604926268,4.33777941986712,2026
697812,"Rock, Joe",L,211,9999,18.9,2.4598062253100768,5.448815165876777,0.0955736747176251,4.639448715479298,2026
699008,"Kelly, Antwone",R,263,134,38.5,-1.8241931854078224,5.756653992395437,-0.011305583457026,4.312618658628332,2026
699044,"Ullola, Miguel",R,218,117,45.3,-1.6079009034185348,5.706926605504587,-0.1378237182946573,4.224573173314363,2026
699134,"Rodriguez, Bradgley",R,1163,135,43.8,-1.434490406349913,5.936483233018056,0.2038421854476176,4.365105097839964,2026
699151,"Paez, Jedixson",R,229,9999,40.5,-1.6980761485906868,5.689082969432315,0.0334260794432898,4.208753721520367,2026
699823,"Davis, Tyler",R,488,145,45.4,-1.5902362316264536,5.831495901639344,0.010751482094328,4.209264021726425,2026
700187,"Taylor, Troy",R,31,136,30.8,-2.1897895933961293,5.75,-0.2686883934218849,4.603348125467195,2026
700241,"McGreevy, Michael",R,2773,138,33.2,-2.16671309074403,5.733260007212405,-0.1746435516789412,4.428771139257919,2026
700249,"Povich, Cade",L,611,110,46.3,1.522242392903451,5.947250409165303,-0.0943018815769128,4.2556812771500505,2026
700270,"Díaz, Yilber",R,146,9999,42.9,-1.5359324886886745,5.773424657534247,0.1304665433545772,4.227797770615095,2026
700327,"Herrera, Welinton",L,45,115,39.8,1.673007454843333,5.615555555555556,0.0149099584076054,4.238824468211528,2026
700363,"Smith-Shawver, AJ",R,557,144,38.1,-1.795820575698555,5.6822800718132855,0.0669464286971521,4.220630391676828,2026
700413,"Uberstine, Tyler",R,45,111,18.9,-2.5753827996048173,5.1177777777777775,-0.5141162745098039,4.41434697167756,2026
700669,"Graceffo, Gordon",R,1222,138,50.0,-1.531796027355916,6.001194762684125,-0.0478227509765995,4.232798446995225,2026
700712,"Ureña, Walbert",R,2480,108,42.1,-1.902997726311617,6.3175846774193545,-0.0544463405640848,4.645954398791042,2026
700842,"Rivera, Eduardo",L,210,111,47.0,1.501209824887492,6.316809523809524,-0.2608825477463712,4.427394663865546,2026
701121,"VanWey, Logan",R,178,117,21.2,-2.834189913548064,5.0220224719101125,-0.7580831145226221,4.217126187185804,2026
701474,"Davitt, Duncan",R,111,9999,17.9,-2.5137765857191723,4.93981981981982,-0.4323980014774132,4.267527768142474,2026
701519,"Adams, Travis",R,908,142,42.0,-1.7032503261809129,5.941145374449339,-0.0978950663345033,4.49629842310773,2026
701542,"Warren, Will",R,2573,147,30.1,-1.9765057217102575,5.4966420520792845,0.0150321120258158,4.341596114178986,2026
701552,"Granillo, Andre",R,190,120,43.3,-1.5733267922155418,6.556,0.094490083966601,4.982270160427808,2026
701656,"Henderson, Logan",R,1505,158,30.1,-2.074292106304663,5.168099667774087,-0.3130468762473277,4.148043572346486,2026
701719,"Samaniego, Tyler",L,314,111,36.7,1.7936025079465858,5.630127388535032,-0.0179294991882103,4.279953825062162,2026
701780,"McDougal, Tanner",R,25,145,35.8,-1.817869606492054,6.0956,0.0613758360071301,4.740765796791444,2026
702021,"Dion, Will",L,755,9999,66.6,0.3783282259643036,5.9796688741721855,-0.4868666548618243,3.9703471806495023,2026
702047,"Cook, Alex",R,98,139,45.0,-1.5410211002036005,5.586122448979592,0.0479536687402233,3.997996798719488,2026
702056,"Yesavage, Trey",R,1619,141,65.8,-0.6266354647061733,7.115027794935145,0.3941956789858399,4.83972621256712,2026
702070,"Cameron, Noah",L,2892,118,52.9,1.3344110636773476,6.269505532503458,-0.0749909772918346,4.405358208580805,2026
702153,"Fitzpatrick, Brian",L,109,158,32.5,2.3497189262383205,5.891100917431193,0.2807149642676086,4.570752529886016,2026
702193,"Morris, Andrew",R,1279,142,59.4,-1.055641611777894,6.440594214229867,0.0276602303911115,4.607041844118414,2026
702273,"Schultz, Noah",L,1262,145,21.1,2.692941479874886,5.8127812995245645,0.2588733582915949,4.873845802365032,2026
702275,"Ritchie, JR",R,1191,144,25.6,-2.17208846676504,5.411788413098237,-0.0954067561075266,4.4174115408792325,2026
702281,"Snelling, Robby",L,86,146,39.4,1.9313910297038197,5.558139534883721,0.1962418459561414,4.132585024665257,2026
702303,"Martin, Riley",L,118,112,50.2,1.3424456073061684,6.0539830508474575,-0.0646006563642406,4.357732433004018,2026
702352,"Bivens, Spencer",R,182,9999,29.5,-2.299601014194244,5.865879120879121,-0.3202714652994065,4.747195561301444,2026
702474,"Paredes, Mike",R,551,142,37.2,-1.773809405946659,5.200580762250453,-0.0779138819064996,3.91331931199472,2026
702566,"Murphy, Owen",R,212,144,42.8,-1.841423093193086,5.52561320754717,-0.1063492205630108,3.918238866326977,2026
702752,"Pintaro, Jonathan",R,523,121,22.4,-2.410707465018158,5.060535372848949,-0.4822544408203051,4.264502892949288,2026
702885,"Perdomo, Cesar",L,375,137,38.2,1.7625438098949084,5.7241333333333335,-0.0073711096850861,4.331499609031491,2026
703615,"Cabrera, Jose",R,463,109,30.8,-2.538265205785044,5.750388768898488,-0.4048949076587242,4.478219152777938,2026
703725,"Gastelum, Luis",R,599,138,23.9,-2.165866010876292,5.281435726210351,-0.1163276322093566,4.374327581322406,2026
800048,"Messick, Parker",L,2876,114,41.7,1.6226156031556898,5.424593184979138,0.0284423484724525,4.003652731933588,2026
800311,"Fuentes, Didier",R,1206,144,23.8,-2.2940499597344246,4.9544278606965175,-0.385551320122501,4.112146427399544,2026
800600,"Kent, Jackson",L,677,120,40.8,1.7829925622432996,5.557754800590842,0.019959796944157,4.035325739803105,2026
801139,"Tolle, Payton",L,2275,111,27.7,2.62949303738812,5.476927472527472,0.5182918172024055,4.369614558186911,2026
801403,"Dollander, Chase",R,743,115,23.3,-2.493321694223189,5.177698519515478,-0.3175230288395794,4.239420296384797,2026
801434,"Gervase, Paul",R,124,119,28.1,-2.459764673201261,5.483225806451613,-0.3170669527341728,4.34008878227244,2026
801725,"De León, Luis",L,126,110,34.8,1.827050218423202,6.175793650793651,-0.0179293381999264,4.890298985654868,2026
802408,"Mautz, Brycen",L,302,138,23.5,2.5966164931042632,5.256258278145696,0.5337323612045661,4.358544981171277,2026
804267,"Thornton, Zac",L,1257,121,50.3,1.3881532969347434,6.179824980111376,-0.0984200451801462,4.388260598119338,2026
804619,"Klein, John",R,148,9999,40.1,-1.8959423457234168,6.030540540540541,-0.1960224044900515,4.5986304734547385,2026
804636,"Tong, Jonah",R,539,121,54.9,-0.9358563583815362,5.697031539888683,0.3224866880636552,3.9017526556076976,2026
804668,"Flores Jr., Rafael",R,8,134,43.1,-2.0601660348831325,7.33125,-0.3293786764705882,5.707904578877006,2026
804926,"Peterson, Austin",R,31,114,28.7,-2.1163026412966985,5.353225806451613,0.0220354234949111,4.179088965556898,2026
805074,"Marte, Yunior",R,381,137,49.0,-1.4762364513339696,6.077900262467192,0.1533875863779059,4.20086785689222,2026
805123,"Blubaugh, AJ",R,1640,117,44.0,-1.7786356487921822,6.082420731707317,-0.0438141357984435,4.405371301465154,2026
805299,"Garcia, Brandyn",L,687,109,17.2,2.532239997650719,5.609752547307132,0.1062126171813174,4.857539172744657,2026
805326,"Schweitzer, Tyler",L,566,145,44.9,1.4645494357148634,5.82416961130742,-0.1163418375188173,4.247333234758728,2026
805345,"Harris, Trent",R,355,137,70.5,-0.3445785477624171,6.09625352112676,0.4007811239988953,3.990546954382265,2026
805427,"Sommers, Drew",L,642,116,11.9,3.047522066717492,4.690420560747664,0.8371637743570949,4.22543330168091,2026
805673,"Matthews, Zebby",R,2117,142,37.3,-2.036235884913794,5.83478979688238,-0.3293710512976608,4.535942607715994,2026
806188,"Gibson, Cade",L,876,146,31.4,2.229055183814704,5.625650684931506,0.2430105882556426,4.411097994754149,2026
806960,"Morales, Luis",R,346,133,41.8,-1.6934803236270208,5.640202312138729,0.0644448033548679,4.069895136420306,2026
807739,"Anderson, Kade",L,541,136,52.9,1.206692600149867,5.993493530499076,-0.1440082772379662,4.203256396684031,2026
807743,"Sullivan, Sean",L,412,115,31.4,2.2019393077985057,5.509514563106796,0.2958327804025406,4.344636009293391,2026
808825,"Sears, Andrew",L,364,116,24.4,2.7531763440370485,5.219697802197802,0.5859343301306537,4.234194077246283,2026
808963,"Sasaki, Roki",R,2086,119,49.2,-1.3962682580484786,6.244194630872483,0.0522378355063807,4.567314118655394,2026
808967,"Yamamoto, Yoshinobu",R,2731,119,40.4,-1.6432824682931015,5.397275723178323,-0.1230860126128278,4.1059716378139415,2026
808970,"Go, Woo-Suk",R,86,142,38.5,-1.888940678551897,5.188604651162791,-0.114240624093189,3.774349814492393,2026
811315,"Hopkins, Brody",R,103,139,31.0,-2.2033548796501536,5.03873786407767,-0.1014733883668206,3.777710573178963,2026
813349,"Early, Connelly",L,1562,9999,30.4,2.032268774580344,5.447061459667093,0.0861116274213095,4.307034969564592,2026
814305,"Tur, Yunior",R,293,133,54.8,-1.0478836815788657,6.001877133105802,0.3923479123700364,3.95868041405827,2026
814490,"Pecko, Ethan",R,538,117,38.0,-2.2385728659919795,5.606412639405204,-0.3063565397027348,4.097552549218404,2026
815081,"Manfredi, Mark",L,270,115,27.4,2.212168412322173,5.43937037037037,0.143268629761669,4.366798674324949,2026
815083,"Farris, Mitch",L,953,108,50.0,1.3332489635613023,6.163462749213012,-0.2178729497617992,4.316365938784175,2026
820862,"Fermin, José",R,981,108,44.0,-1.6472543352703115,6.253445463812437,0.1228776703898128,4.54176514061282,2026
837227,"Imai, Tatsuya",R,1441,117,25.8,-2.2461450467346284,5.309757113115892,-0.3433819546240046,4.390896090554069,2026
