rank	season	name	team	ip	stf_fa	stf_si	stf_fc	stf_fs	stf_sl	stf_cu	stf_ch	stf_kc	stf_fo	stuff_plus	location_plus	pitching_plus
1	2024	Wander Suero	HOU	0.0			116							116	136	158
2	2026	Ty Blach	CHC	3.0		100	142				95			110	130	142
3	2023	Orion Kerkering	PHI	3.0	111	89			128					125	111	134
4	2023	Jonathan Loáisiga	NYY	17.2	97	137				135	101			131	103	133
5	2025	Scott Effross	NYY	10.2	117	108			99		88			109	129	133
6	2023	José Alvarado	PHI	41.1		119	121							120	107	133
7	2024	Jacob deGrom	TEX	10.2	115				119	107	100			116	113	131
8	2026	Adrian Morejon	SDP	86.0	127	129			129		132			129	104	131
9	2025	Tyler Rogers	2 Tms	77.1		139			132					137	104	130
10	2025	Jhoan Duran	2 Tms	70.0	117			133	109			145		128	101	130
11	2026	Jacob Misiorowski	MIL	174.2	131	126	116		129	130	98			128	100	129
12	2023	Emmanuel Clase	CLE	72.2	121		132		137					133	97	129
13	2024	Griffin Jax	MIN	71.0	93	116			116	134	114			110	120	129
14	2023	Jacob deGrom	TEX	30.1	121				130	150	104			124	106	129
15	2025	Aroldis Chapman	BOS	61.1	114	131		134	143					126	105	128
16	2024	Emmanuel Clase	CLE	74.1	92	96	125		143					128	101	128
17	2023	Félix Bautista	BAL	61.0	130			139	87					126	96	127
18	2025	Emmanuel Clase	CLE	47.1		95	128		125					126	102	126
19	2023	Guillo Zuñiga	STL	2.0	98				157		113			122	110	126
20	2024	Jonathan Loáisiga	NYY	4.0	124	143				121	106			133	95	126
21	2025	José Alvarado	PHI	26.0	119	125	111			126				120	99	126
22	2023	Tyler Rogers	SFG	74.0		119			130					125	106	126
23	2026	Jhoan Duran	PHI	59.1	102			132	139		127	134		124	99	125
24	2025	A.J. Puk	ARI	8.0	125	112			122					123	107	125
25	2026	Tyler Rogers	TOR	71.0		139			129					136	99	125
26	2026	Josh Hader	HOU	44.2		120			113					118	109	124
27	2023	Brusdar Graterol	LAD	67.1	84	135	98		137					122	106	124
28	2024	Brusdar Graterol	LAD	7.1	82	131	94		127					118	107	124
29	2024	Seth Halvorsen	COL	12.1	104	119		100	143					114	111	124
30	2025	Griffin Jax	2 Tms	66.0	97	106	99		127	151	119			116	107	124
31	2024	Andrew Wantz	LAA	1.1	82	89	100		140					105	114	124
32	2024	Adrian Morejon	SDP	63.2	115	119		144	133					124	104	124
33	2026	Jonathan Loáisiga	ARI	67.0	97	118	92			112	98			106	117	124
34	2025	Tarik Skubal	DET	195.1	125	120		124	108	112	132			123	102	124
35	2024	Daniel Duarte	MIN	4.0	98	96	92		139		93			111	113	123
36	2024	Orion Kerkering	PHI	63.0	99	114			132					119	108	123
37	2023	Ryan Helsley	STL	36.2	112				143	128				124	100	123
38	2025	Reid Detmers	LAA	63.2	114	104			125	102	95			115	111	123
39	2025	Trevor Megill	MIL	47.0	116							141		125	103	123
40	2023	Tanner Scott	MIA	78.0	117				130					124	100	123
41	2024	Brooks Raley	NYM	7.0		98	112		160		105			132	100	122
42	2023	Yennier Cano	BAL	72.2	78	127			111		95			114	109	122
43	2024	Yennier Cano	BAL	60.0	77	127			118		93			112	111	122
44	2025	Jeremiah Estrada	SDP	73.0	117			147	112					123	101	122
45	2023	Zack Wheeler	PHI	192.0	120	122	105		113	116	76			117	106	122
46	2023	Griffin Jax	MIN	65.1	90	114	96		123		110			113	111	122
47	2025	Adrian Morejon	SDP	73.2	120	130	98		124		122			126	99	122
48	2024	Clay Holmes	NYY	63.0		109			148					126	102	122
49	2026	Seth Martinez	BOS	1.0	93	98			135		88			111	128	122
50	2026	Chris Sale	ATL	162.2	112	127			128		93			118	109	122
51	2023	Blair Calvo	COL	1.0		111			85					97	112	121
52	2025	Paul Skenes	PIT	187.2	107	114		96	129	111	100			110	112	121
53	2024	Ryan Helsley	STL	66.1	107				149	138				129	95	121
54	2026	Tarik Skubal	2 Tms	158.2	117	118			108	117	123			117	106	121
55	2023	Jeffrey Springs	TBR	16.0	104				107		113			108	116	121
56	2024	Jeremiah Estrada	SDP	61.0	113			114	87					107	114	121
57	2023	Jhoan Duran	MIN	62.1	115			133		142				130	93	121
58	2025	Hunter Greene	CIN	107.2	117			107	128	166				120	105	121
59	2023	Gregory Soto	PHI	60.1	113	114			132		96			122	104	121
60	2025	Zack Wheeler	PHI	149.2	117	113	89	94	114	110				111	109	121
61	2024	Yimi García	2 Tms	39.0	127	115			147	110	96			122	101	121
62	2026	Louis Varland	TOR	78.0	118	108			97		101	125		115	106	121
63	2026	Evan Phillips	LAD	26.0	116	103	99		124					116	108	121
64	2024	Mason Miller	OAK	65.0	126			96	136		96			129	93	120
65	2023	Pete Fairbanks	TBR	45.1	135				139		84			136	87	120
66	2024	Tyler Rogers	SFG	70.1	100	113			131					119	111	120
67	2024	Marc Church	TEX	1.0	90				127					110	117	120
68	2026	Blake Snell	LAD	42.2	107				110	147	122			119	105	120
69	2025	Edgardo Henriquez	LAD	19.0	128	131	113		123					124	98	120
70	2026	Tanner Scott	LAD	63.2	120				122					121	104	120
71	2025	Chase Burns	CIN	43.1	112	108			126	108	97			116	104	120
72	2023	DL Hall	BAL	19.1	109				114	127	112			112	111	120
73	2024	Mason Montgomery	TBR	9.2	118				135					122	99	120
74	2025	Jacob Misiorowski	MIL	66.0	122				102	125	103			116	103	119
75	2024	Josh Hader	HOU	71.0		113			115		84			113	106	119
76	2023	Paul Sewald	2 Tms	60.2	124				113					121	101	119
77	2023	Vinny Nittoli	NYM	3.2		96	93		95					94	120	119
78	2024	Corbin Burnes	BAL	194.1		94	111		133	118	98			113	104	119
79	2025	Randy Rodríguez	SFG	50.2	119				122					120	99	119
80	2023	Jason Foley	DET	69.0	97	121			105		78			112	108	119
81	2025	Grant Taylor	CHW	36.2	120		95		129	118				116	100	119
82	2023	Gregory Santos	CHW	66.1	87	105			117		94			110	108	119
83	2023	Aroldis Chapman	2 Tms	58.1	101	168		123	115					118	99	119
84	2024	Drew Rasmussen	TBR	28.2	129	126	128		142					128	96	119
85	2025	Justin Bruihl	TOR	13.2		116	101		100					108	112	119
86	2025	Devin Williams	NYY	62.0	108		90				124			116	101	119
87	2024	Justin Martinez	ARI	72.2	108	128		136	100					121	94	119
88	2023	Craig Kimbrel	PHI	69.0	117							117		117	104	118
89	2025	Chris Martin	TEX	42.1	104	108	107	104	103					109	117	118
90	2024	A.J. Puk	2 Tms	71.1	111	96		94	111		85			109	111	118
91	2024	Tanner Scott	2 Tms	72.0	121				127		199			124	96	118
92	2025	Tanner Banks	PHI	67.1	106	106			111		115			112	111	118
93	2024	Luis Guerrero	BOS	10.0	99				130		93			112	108	118
94	2026	Alex McFarlane	PHI	19.0	123	113			127					122	97	118
95	2025	Josh Hader	HOU	52.2		125			126		82			123	100	118
96	2023	Elvin Rodríguez	TBR	3.1	107				96	88	90			99	115	118
97	2025	Tanner Scott	LAD	57.0	116				119					117	104	118
98	2024	Stephen Kolek	SDP	46.2	107	116	99		109		102			109	110	118
99	2026	Jacob deGrom	TEX	162.2	108	101			112	104	105			109	108	118
100	2025	Jacob deGrom	TEX	172.2	110				109	99	107			109	108	118
101	2024	Alex Cobb	CLE	16.1		108		97				96		101	113	117
102	2026	Aroldis Chapman	BOS	51.2	105	116		133	124					115	105	117
103	2023	Kenley Jansen	BOS	44.2		122	125		117					124	97	117
104	2023	Jordan Hicks	2 Tms	65.2	115	125		121	129					125	93	117
105	2026	Brendan Cellucci	TOR	8.2	94	106			115					106	111	117
106	2026	Ryan Thompson	ARI	40.2	105	123			122					121	102	117
107	2026	Mason Montgomery	PIT	68.2	110	104			115	123	81			111	107	117
108	2023	Evan Phillips	LAD	61.1	106	111	97		129					115	104	117
109	2023	A.J. Puk	MIA	56.2	112	103		103	120		116			115	108	117
110	2024	Evan Phillips	LAD	54.2	114	105	100		126					116	103	117
111	2025	Shohei Ohtani	LAD	47.0	111	98	100	110	126	110				115	102	117
112	2025	Aaron Ashby	MIL	66.2	88	124			143	111	114			120	97	117
113	2025	Spencer Schwellenbach	ATL	110.2	112	108	93	118	108	95				108	110	117
114	2026	Hunter Harvey	CHC	4.0	101			113	113	84				106	113	117
115	2024	Abner Uribe	MIL	14.1	110	114			114					114	100	117
116	2026	Mason Miller	SDP	70.0	105	122			131		110			118	102	117
117	2023	James McArthur	KCR	23.1	77	102	114		87	109				101	113	117
118	2023	Camilo Doval	SFG	67.2		110	113		124					116	98	117
119	2023	Trevor Megill	MIL	34.2	113							137		120	99	117
120	2024	Aroldis Chapman	PIT	61.2	85	130		111	103					105	113	117
121	2026	Aaron Ashby	MIL	89.1	88	119			133	114	115			118	95	117
122	2025	Tim Hill	NYY	67.0	110	127			96					123	99	116
123	2023	Devin Williams	MIL	58.2	104		90				114			110	103	116
124	2025	Cristopher Sánchez	PHI	202.0		112			108		129			118	99	116
125	2023	Gabe Speier	SEA	54.2	118	113			119		97			116	107	116
126	2023	Robert Suarez	SDP	27.2	119	115	123		119		104			113	103	116
127	2024	Tony Santillan	CIN	30.0	95				117		83			104	114	116
128	2023	Matt Brash	SEA	70.2	96	128	120		140		88	125		124	92	116
129	2025	Mason Miller	2 Tms	61.2	120				137		95			127	93	116
130	2025	Jordan Wicks	CHC	14.1	98	116			110	88	113			107	112	116
131	2023	Andrés Muñoz	SEA	49.0	106	121			136					123	93	116
132	2024	Steven Okert	MIN	35.1	90	106			128		79			113	105	116
133	2023	Beau Brieske	DET	35.0	95	107			114		108			103	112	116
134	2024	Garrett Crochet	CHW	146.0	110	113	124		137		91			116	103	116
135	2025	Cody Laweryson	MIN	7.2	96		117				93			98	126	116
136	2026	Yennier Cano	BAL	49.2	77	108		101	125					108	107	116
137	2026	José A. Ferrer	SEA	64.2	96	126			130		121			125	94	116
138	2023	Tim Mayza	TOR	53.1		109			103					108	106	116
139	2025	Graham Ashcraft	CIN	65.1			90		141					113	105	116
140	2026	Tyron Guerrero	BOS	40.2		113		108	113					113	106	116
141	2025	Isaiah Campbell	BOS	7.2	97	103			104	119				103	109	115
142	2026	Grant Taylor	CHW	84.0	106	104	114		108	100				105	110	115
143	2024	Kevin Kelly	TBR	70.2	128	119	99		135					122	106	115
144	2024	Paul Skenes	PIT	133.0	99	107			155	119	116			108	110	115
145	2023	Shane McClanahan	TBR	115.0	105				110	107	130			113	103	115
146	2024	Steven Cruz	KCR	5.2	129	118	115		112					119	94	115
147	2023	Drew Rasmussen	TBR	44.2	124	120	110		122	94				116	104	115
148	2025	Kenley Jansen	LAA	59.0		111	116		112					115	102	115
149	2023	Bobby Miller	LAD	124.1	106	110			109	111	110			109	107	115
150	2025	Andrew Walters	CLE	1.1	112				115					113	108	115
151	2024	Lucas Erceg	2 Tms	61.2	103	129			120		93			111	105	115
152	2026	Steven Okert	HOU	67.2	93	91			125		76			114	105	115
153	2023	Chris Martin	BOS	51.1	111	113	106	127	130					112	110	115
154	2023	Andrew Kittredge	TBR	11.2	94	109			109					107	113	115
155	2023	José Rodríguez	SEA	3.0	93	97			101		112			101	116	115
156	2024	Jhoan Duran	MIN	54.1	109			116		137				125	93	115
157	2025	Gabe Speier	SEA	62.0	111	105			114					110	111	115
158	2024	Trevor Megill	MIL	46.1	108							140		117	99	115
159	2026	Didier Fuentes	ATL	73.1	116			89	120	95				115	102	115
160	2023	Sandy Alcantara	MIA	184.2	99	120			111	113	108			110	105	115
161	2023	Ryan Pressly	HOU	65.1	95	102	103		119	121	109			113	100	115
162	2023	Brock Stewart	MIN	27.2	120	118	102		154		98			121	96	115
163	2023	Yoendrys Gómez	NYY	2.0	104				117	89	98			102	119	115
164	2023	Steven Wilson	SDP	53.0	104		122		122		90			115	101	115
165	2025	Garrett Crochet	BOS	205.1	117	109	110		142		100			117	100	115
166	2023	Tyler Glasnow	TBR	120.0	113	102			97	129	77			111	100	115
167	2026	Cade Smith	CLE	74.0	115			108	115					114	102	114
168	2023	Tarik Skubal	DET	80.1	99	106			109		123	95		107	109	114
169	2024	Justin Sterner	TBR	4.0	113		105		95					110	105	114
170	2026	Jonathan Bowlan	PHI	56.1	114	114			117	107	89			112	103	114
171	2025	Blake Snell	LAD	61.1	94				98	125	106			104	109	114
172	2026	Cam Schlittler	NYY	193.2	120	110	107		111	110				113	102	114
173	2023	Joe Jiménez	ATL	56.1	111				110		76			109	108	114
174	2024	Dedniel Núñez	NYM	35.0	104	108			117	141	112			111	104	114
175	2025	José A. Ferrer	WSN	76.1		125			126		115			122	96	114
176	2023	Spencer Strider	ATL	186.2	118				120		96			117	100	114
177	2024	Kaleb Ort	HOU	24.2	121		102		123		80			115	100	114
178	2025	Max Fried	NYY	195.1	107	115	103		113	113	104			109	104	114
179	2025	Cade Smith	CLE	73.2	108			114	123					110	105	114
180	2026	Dedniel Núñez	NYM	19.0	97				115		105			105	108	114
181	2024	José Alvarado	PHI	61.2		108	116			126				111	97	114
182	2023	Julian Merryweather	CHC	72.0	103				130		140			119	100	114
183	2025	Jake Bird	2 Tms	55.1	73	87	116		128	123				116	104	114
184	2026	Chase Burns	CIN	154.1	105	89			126	90	88			112	101	114
185	2024	Ryan Thompson	ARI	66.1	119	116			121					118	101	114
186	2023	A.J. Minter	ATL	64.2	113		127				111			118	100	114
187	2023	Thyago Vieira	MIL	3.0	114	111			114					113	106	114
188	2026	José Alvarado	PHI	58.1	112	115	111			150				115	94	114
189	2025	Alex Vesia	LAD	59.2	118				119		104			117	99	114
190	2023	Kevin Kelly	TBR	67.0	140	119	95		127					120	103	114
191	2024	Caleb Thielbar	MIN	47.1	101				119	124				112	106	114
192	2023	Brandon Woodruff	MIL	67.0	118	100			100	95	106			108	107	114
193	2025	José De León	BOS	6.2	115				89	115	76			103	114	114
194	2025	Darren McCaughan	MIN	5.1	83	92			101		92			93	123	114
195	2025	Ryan Thompson	ARI	41.1	112	117		6	123					119	100	114
196	2024	Kenley Jansen	BOS	54.2		124	120		119					120	97	114
197	2026	Drew Rasmussen	TBR	172.0	117	117	102		110	83	109			110	106	114
198	2025	Julian Fernández	2 Tms	5.0	91						120			100	113	114
199	2026	Kyle Harrison	MIL	115.2	107	106	85			103	108			106	111	114
200	2025	Dylan Lee	ATL	68.1	113				112		87			109	105	114
201	2023	Andrés Machado	WSN	50.0	117	114			99		82			104	108	114
202	2023	Clay Holmes	NYY	63.0		110			140					119	96	114
203	2023	Jhony Brito	NYY	90.1	77	110			126		107	100		104	109	114
204	2024	Edwin Díaz	NYM	53.2	111				118					115	96	114
205	2023	Alex Vesia	LAD	49.2	116				109		97			113	102	113
206	2026	Cristopher Sánchez	PHI	207.0		115			109		122			117	97	113
207	2024	Jesus Tinoco	3 Tms	40.2	105	99	81		120		82			109	106	113
208	2024	Zack Wheeler	PHI	200.0	109	117	97	94	108	126				110	104	113
209	2025	Evan Phillips	LAD	5.2	106	104	89		114					109	100	113
210	2026	Brandyn Garcia	ARI	51.1		103	86		145					114	101	113
211	2024	Greg Weissert	BOS	63.1	120	103			111		90			109	108	113
212	2024	Bryan Woo	SEA	121.1	109	108			111		84			107	110	113
213	2024	Anthony Bender	MIA	53.0	82	105			134		105			117	100	113
214	2024	Joe Ryan	MIN	135.0	107	103		98	108					105	110	113
215	2023	Trent Thornton	2 Tms	31.1	93	93			111	99				102	114	113
216	2025	Bryan Woo	SEA	186.2	114	107			113		81			109	106	113
217	2023	John McMillon	KCR	4.0	89	103			123					109	100	113
218	2025	Ryan Helsley	2 Tms	56.0	99		94		145	123				123	97	113
219	2023	George Kirby	SEA	190.2	99	106		126	104		93	105		104	114	113
220	2023	Hunter Harvey	WSN	60.2	105			113	124	100				109	107	113
221	2025	Caleb Thielbar	CHC	58.0	100				119	126				113	103	113
222	2024	Dylan Cease	SDP	189.1	100		108		121		96	98		110	104	113
223	2025	Chris Sale	ATL	125.2	105	122			128		97			116	102	113
224	2023	Carlos Hernández	KCR	70.0	113	122		106	129			118		117	97	113
225	2026	Bryce Miller	SEA	118.2	109	86	92	113	105			113		106	108	113
226	2024	Collin Snider	SEA	41.2	111	90	103		124					114	106	113
227	2026	Griffin Jax	TBR	112.1	110	100	93		105	116	100			104	107	113
228	2025	Jesús Luzardo	PHI	183.2	93	107			123		91			106	109	113
229	2023	Gerardo Reyes	LAA	9.2	112	96			114					111	105	113
230	2023	Hunter Greene	CIN	112.0	105				128		71			112	102	113
231	2026	Luis De León	BAL	9.1		108		131	109					113	99	113
232	2026	Tim Hill	NYY	58.2	105	131			109					127	91	113
233	2024	José A. Ferrer	WSN	32.0	113	119			144		115			119	98	113
234	2023	Yency Almonte	LAD	48.0	85	117	90		126		94			115	99	113
235	2026	Blake Weiman	LAA	17.2	87	87			99		83			95	119	113
236	2025	Will Vest	DET	68.2	102	114			107		106			106	109	113
237	2024	Grayson Rodriguez	BAL	116.2	105	108			108	97	122			108	106	113
238	2026	Michael Petersen	MIA	65.2	114	100			118		96			113	102	113
239	2026	Zack Wheeler	PHI	162.0	113	112	84	89	103	121				105	107	113
240	2026	Cade Horton	CHC	7.1	100	96			117	103	88			99	116	113
241	2026	Bryan Baker	TBR	62.1	102				114		126			113	103	113
242	2024	Brendon Little	TOR	45.2		116	93					126		117	92	113
243	2024	Jordan Romano	TOR	13.2	102				104					103	105	113
244	2023	Matt Bowman	NYY	4.0		104	83	87	125					108	99	113
245	2024	Spencer Schwellenbach	ATL	123.2	107	100	100	116	114	101				107	107	113
246	2023	Logan Webb	SFG	216.0	88	106			106		112			108	104	112
247	2024	Michael Kopech	2 Tms	67.2	127		131		127					127	86	112
248	2023	Danny Coulombe	BAL	51.1	91	91	110		123		117	143		114	90	112
249	2024	Logan Webb	SFG	204.2	92	111	80		109		112			109	104	112
250	2025	Ben Casparius	LAD	77.2	95	70	104		126	114				111	105	112
251	2025	Orion Kerkering	PHI	60.0	110	109			122					115	101	112
252	2023	Jordan Romano	TOR	59.0	113	121			107					110	101	112
253	2025	Jonathan Loáisiga	NYY	29.2	92	122	94			110	92			112	99	112
254	2025	Luis García	3 Tms	55.1	89	103		98	125					109	105	112
255	2025	Robert Suarez	SDP	69.2	110	110	76				101			107	107	112
256	2026	Jordan Wicks	CHC	10.1	93	95			99	89	103			97	114	112
257	2026	Payton Tolle	BOS	148.2	125	100	103			130	107			115	100	112
258	2023	Yimi García	TOR	66.0	113	112			101	112	90			110	102	112
259	2026	Logan Gilbert	SEA	186.0	102	104	91	141	111	105	105			110	103	112
260	2024	Zack Kelly	BOS	56.2	110		99		133		114			115	99	112
261	2025	Ben Joyce	LAA	4.1	110	102			95		108			106	108	112
262	2024	Ben Joyce	LAA	34.2	136	116			130		129			128	85	112
263	2024	George Kirby	SEA	191.0	103	108	97	116	93			118		104	110	112
264	2026	Drew Sommers	DET	39.2	123	118			110		87			116	101	112
265	2024	Tarik Skubal	DET	192.0	104	111			108		127	98		112	100	112
266	2026	Daniel Espino	CLE	15.1	108				110	127				110	104	112
267	2026	Gabe Speier	SEA	46.0	116	111			114		93			114	103	112
268	2023	Grayson Rodriguez	BAL	122.0	108		91		127	103	122			113	101	112
269	2025	Bailey Horn	DET	11.1	103	116	112		112					110	99	112
270	2026	George Kirby	SEA	174.2	94	112	86	112	104		84	107		101	112	112
271	2026	Will Dion	2 Tms	49.2	112	78	100			86	123			107	107	112
272	2026	Justin Martinez	ARI	13.1	125	136		122	97					127	84	112
273	2024	Tyler Glasnow	LAD	134.0	107	114			101	115				108	100	112
274	2024	Tyler Zuber	TBR	3.1	93		114		140					114	98	112
275	2023	Pablo López	MIN	194.0	102	109			97	100	89			99	114	112
276	2025	Spencer Turnbull	TOR	6.1	89	88			109	105	85			97	113	112
277	2026	Shohei Ohtani	LAD	85.2	106	105	92	115	130	109				114	98	112
278	2025	Jose Espada	BAL	3.0	96			82	56					83	120	112
279	2025	Louis Varland	2 Tms	72.2	109	109			89		84	118		109	101	112
280	2023	Gerrit Cole	NYY	209.0	105		101		119		83	115		107	106	112
281	2025	Cole Ragans	KCR	61.2	112		95		123		112	105		112	102	112
282	2025	Justin Slaten	BOS	34.0	118		91		121	109				107	101	111
283	2025	Steven Okert	HOU	71.2	91		86		128		130			112	101	111
284	2025	Carlos Vargas	SEA	77.0	96	109	96		108		114			107	106	111
285	2026	Jesús Luzardo	PHI	179.2	97	111			123		102			110	103	111
286	2023	John Means	BAL	23.2	106				97	134	112	116		107	107	111
287	2023	Colin Holderman	PIT	56.0		108	108		139					117	96	111
288	2024	Robert Suarez	SDP	65.0	119	113	88				107			116	97	111
289	2026	Jhony Brito	SDP	9.0	74	100			104		98			99	118	111
290	2023	Dustin May	LAD	48.0	119	105	100			139	89			117	98	111
291	2026	Bryan Woo	SEA	173.0	110	104			114	118	84			108	107	111
292	2026	Juan Morillo	ARI	64.1	110	117			115		94			109	104	111
293	2024	Matt Strahm	PHI	62.2	122	105	94		116					115	101	111
294	2026	Seth Lonsway	SFG	2.1	84	97	84		96		94			94	112	111
295	2024	Blake Snell	SFG	104.0	96				99	123	108			105	103	111
296	2025	Angel Zerpa	KCR	64.2	88	128			110		92			113	103	111
297	2023	Justin Topa	SEA	69.0		122	92		118		88			113	105	111
298	2026	Robert Suarez	ATL	34.0	118	101	100				99			108	103	111
299	2025	Daniel Palencia	CHC	52.2	106	119		121	128	106				112	100	111
300	2024	Aaron Nola	PHI	199.1	111	109	96				81	127		112	101	111
301	2025	Connelly Early	BOS	19.1	97	105			99	104	103			101	109	111
302	2025	José Castillo	4 Tms	32.0	91	115			114		92			110	102	111
303	2023	Joe Kelly	2 Tms	39.1	123	111			112		104	123		114	98	111
304	2025	Drew Pomeranz	CHC	49.2	108							117		110	104	111
305	2024	Luis García	2 Tms	59.0	87	102	131	108	113					105	105	111
306	2026	Ryan Zeferjahn	2 Tms	69.2	119	100			123	130				118	92	111
307	2024	Hunter Bigge	2 Tms	17.1	105				101	109				104	107	111
308	2024	Mitch White	3 Tms	23.2	89	83			105	99				95	116	111
309	2026	Tim Mayza	PHI	67.1	82	101		87	95					97	113	111
310	2024	Alex Speas	HOU	2.0	90		106		133					120	89	111
311	2025	Bubba Chandler	PIT	31.1	108				115	100	93			105	103	111
312	2024	Andrew Kittredge	STL	70.2	89	101	111		101					99	112	111
313	2024	Logan Gilbert	SEA	208.2	96	96	93	124	87	93				96	113	111
314	2024	Blake Treinen	LAD	46.2	78	96	92		126					105	109	111
315	2026	Michael Grove	TBR	7.0	102	82	76		102			92		93	120	111
316	2024	Cristopher Sánchez	PHI	181.2		103	88		105		113			107	103	111
317	2025	Logan Webb	SFG	207.0	109	114	87		99		107			106	105	111
318	2024	Justin Slaten	BOS	55.1	121		94		110	121				108	100	111
319	2026	Will Warren	NYY	156.0	110	103			94	102	96			102	106	111
320	2025	Zach Pop	2 Tms	6.2		106	86		115					104	109	111
321	2026	Trevor Megill	MIL	61.2	103							135		115	100	111
322	2025	Mason Montgomery	TBR	46.0	119				130					123	91	111
323	2024	Spencer Bivens	SFG	48.2	78	102	93		125		92			104	106	111
324	2026	Jacob Latz	TEX	72.0	118				106	121	105			113	101	111
325	2023	Abner Uribe	MIL	30.2	100	116			119					116	96	111
326	2025	Framber Valdez	HOU	192.0	78	98			111	122	99			106	101	111
327	2025	Abner Uribe	MIL	75.1	106	102			130					115	98	111
328	2023	Luis Ortiz	PHI	19.0	77	99			125	101	89			107	106	111
329	2026	Jeremiah Estrada	SDP	31.0	102			137	92					112	98	111
330	2026	Michael Rucker	SEA	43.2	103	105	102		118	103	87			103	109	111
331	2025	Yoshinobu Yamamoto	LAD	173.2	96	97	90	107	108	105				100	108	110
332	2023	Ty Adcock	SEA	15.2	97				111					105	106	110
333	2024	Trent Thornton	SEA	72.1	101	103	102		110	123	101			108	105	110
334	2024	Seranthony Domínguez	2 Tms	58.2	113	110			128		79			118	93	110
335	2026	Mick Abel	MIN	20.1	118	85			106	127	94			111	102	110
336	2024	Framber Valdez	HOU	176.1	96	96			114	126	104			107	101	110
337	2023	Huascar Brazobán	MIA	58.2	100	104	109				110			112	99	110
338	2023	Caleb Thielbar	MIN	30.2	100				115	134				111	103	110
339	2026	Reid Detmers	LAA	185.0	102	100			110	101	101			104	109	110
340	2024	Yusei Kikuchi	2 Tms	175.2	107				104	99	100			104	106	110
341	2026	Brock Stewart	LAD	26.2	108	100	92		124		94			107	103	110
342	2025	Rafael Montero	3 Tms	60.1	98	110		91	106					96	112	110
343	2024	Aaron Ashby	MIL	28.1	71	101			132	123	100			109	105	110
344	2024	Chris Roycroft	STL	34.1	93	119			110					109	104	110
345	2023	Corbin Burnes	MIL	193.2		87	108		126	123	95			109	99	110
346	2026	Dylan Lee	ATL	67.0	116				118		91			113	100	110
347	2024	Tim Hill	2 Tms	67.0	103	123			100					116	98	110
348	2025	Nathan Wiles	ATL	1.0	90		97				91			92	121	110
349	2023	Garrett Cleavinger	TBR	12.0	98	125			115					113	101	110
350	2024	Jared Jones	PIT	121.2	104				108	91	100			104	105	110
351	2025	John Schreiber	KCR	64.0	111	109	91		96		108			103	109	110
352	2025	Ryne Stanek	NYM	56.0	106	130		123	129					115	98	110
353	2023	Brenan Hanifee	DET	5.0		103	92		124		90			104	111	110
354	2025	Justin Hagenman	NYM	23.2		112	104		100		81			100	108	110
355	2024	Jeff Hoffman	PHI	66.1	115	111		105	118					115	99	110
356	2024	Jorge Alcala	MIN	58.1	100	110			119		84			107	102	110
357	2026	Ryan Weathers	NYY	137.1	100	96			110		102			103	108	110
358	2023	Aaron Nola	PHI	193.2	109	109	100				82	117		108	104	110
359	2024	Hunter Gaddis	CLE	74.2	95				98		112			99	110	110
360	2026	Braxton Ashcraft	PIT	165.1	92	105		88	104	131				107	107	110
361	2026	Roki Sasaki	LAD	122.1	98			128	110				121	111	98	110
362	2024	José Soriano	LAA	113.0	96	112		113	95			104		107	102	110
363	2025	Yimi García	TOR	21.0	124	99			137	104	88			118	94	110
364	2023	Jimmy Cordero	NYY	32.2	109	108			103		77			107	102	110
365	2025	Michael Petersen	2 Tms	18.0	110	90	112				85			110	101	110
366	2023	Tommy Milone	SEA	9.0	93				99		97			96	111	110
367	2023	Louis Varland	MIN	68.0	101	120	96		95		99			98	111	110
368	2026	Yoshinobu Yamamoto	LAD	185.0	106	103	95	103	103	100				102	107	110
369	2023	Josh Hader	SDP	56.1		111			118		95			112	99	110
370	2024	Chris Sale	ATL	177.2	97	95			114		100			104	111	110
371	2023	Eury Pérez	MIA	91.1	114				116	111	81			111	98	110
372	2023	Alek Jacob	SDP	3.0	141	115			130		139			129	95	110
373	2024	Sean Hjelle	SFG	80.2	70	107	82					113		107	105	110
374	2024	Cole Ragans	KCR	186.1	110		93		124		115	98		110	99	110
375	2023	Phil Maton	HOU	66.0		72	86		111	113				102	103	110
376	2026	Joe Ryan	MIN	144.2	114	106		78	99			123		107	106	110
377	2026	Kevin Kelly	TBR	73.2	122	118	86		113		108			115	97	110
378	2023	Cole Sulser	ARI	5.1	84				115		89			92	110	110
379	2024	Michael McGreevy	STL	23.0	83	96	78		96	100	75			91	118	110
380	2025	George Kirby	SEA	126.0	93	100		104	98		86	113		99	112	110
381	2024	Kris Bubic	KCR	30.1	103	105	139		90		92			95	116	110
382	2026	Gavin Williams	CLE	184.1	105	94	83		120	99				105	105	110
383	2026	Yacksel Ríos	CHC	1.2	102	112		108	94					106	106	110
384	2024	Ryan Walker	SFG	80.0	105	98			128					111	105	110
385	2025	Christian Montes De Oca	ARI	2.2	94	86			111		79			96	111	110
386	2025	Justin Wrobleski	LAD	66.2	107	86	97		112	98	101			101	110	110
387	2025	Emmet Sheehan	LAD	73.1	99				102	87	113			101	107	109
388	2026	Max Fried	NYY	112.2	102	110	101		112	119	99			107	102	109
389	2024	Zach Pop	TOR	48.1		112	90		124					111	99	109
390	2023	Kyle Bradish	BAL	168.2	92	98			109	112	80			101	106	109
391	2023	José De León	MIN	17.1	121		94		118		95			111	101	109
392	2024	Raisel Iglesias	ATL	69.1	100	103			130		91			107	103	109
393	2024	Sam Hentges	CLE	23.2	86	98			102	113				100	112	109
394	2025	Tommy Nance	TOR	31.2		91			92	149				108	101	109
395	2025	Nolan McLean	NYM	48.0	108	116	99		97	119	107			109	99	109
396	2026	Justin Slaten	BOS	31.1	120	93	99		121	113				108	101	109
397	2024	Daniel Robert	TEX	5.2	94	101			132					113	99	109
398	2025	Paul Sewald	2 Tms	19.2	109				110					109	102	109
399	2025	Pete Fairbanks	TBR	60.1	99		158		134		102			115	99	109
400	2026	Devin Williams	NYM	40.2	104		97				117			109	99	109
401	2024	Keegan Akin	BAL	78.2	114				110		97			111	100	109
402	2025	Steven Matz	2 Tms	76.2		99			89	112	112			104	110	109
403	2026	Luis Curvelo	TEX	10.1	92	100		113	103					100	110	109
404	2024	Tyson Miller	2 Tms	62.0	100	82			112	110	76			104	106	109
405	2024	Grant Anderson	TEX	26.2	96	122			106		83			106	106	109
406	2024	David Robertson	TEX	72.0		111	114		99		83	113		112	97	109
407	2023	Zach Eflin	TBR	177.2	116	106	95		134	113	85			106	107	109
408	2023	Sam Moll	2 Tms	62.1	108	116			120		96			115	98	109
409	2025	Mason Fluharty	TOR	52.2		139	104		110					107	103	109
410	2025	Pierson Ohl	MIN	30.0	91	100	96			86	107			98	115	109
411	2025	Brock Stewart	2 Tms	37.2	110	102	97		136		89			110	101	109
412	2025	Andrés Muñoz	SEA	62.1	106	110			127		123			120	94	109
413	2025	Drew Rasmussen	TBR	150.0	113	115	99		112	86	117			108	103	109
414	2026	Tyler Zuber	MIA	39.2	109	97			120	108				112	101	109
415	2024	Andrew Nardi	MIA	49.2	104				111		91			106	104	109
416	2023	Miguel Castro	ARI	64.2		93			119		84			102	107	109
417	2024	Chris Martin	BOS	44.1	106	104	100	112	145					104	110	109
418	2023	John Brebbia	SFG	38.1	108				98		94			103	109	109
419	2024	Tyler Ferguson	OAK	51.1	110	108	109		128		96			114	99	109
420	2026	Andrés Muñoz	SEA	57.1	107	111			130		120			118	92	109
421	2025	Ronny Henriquez	MIA	73.0	115	110			112		89			109	99	109
422	2026	Blake Treinen	LAD	29.2	90	105	98		119		74			108	105	109
423	2026	Anthony Gose	KCR	13.2	105				129		94			112	98	109
424	2024	Hunter Harvey	2 Tms	50.2	104			111	121	97				106	105	109
425	2024	Anthony Banda	LAD	49.2	95	118			117		88			106	103	109
426	2023	Zack Burdi	TBR	4.0	95				94		80			94	109	109
427	2023	Shawn Armstrong	TBR	52.0	132	105	103		127					114	102	109
428	2024	Jhony Brito	SDP	43.2	86	113			108		109	94		104	103	109
429	2025	J.T. Ginn	ATH	90.1	86	109	76		90		87			97	106	109
430	2023	Matt Strahm	PHI	87.2	115	113	101		118		81			114	98	109
431	2025	Hunter Barco	PIT	3.0		102		106	98					102	110	109
432	2026	Elvis Alvarado	ATH	55.1	117	91		103	112					111	97	109
433	2025	Logan Gilbert	SEA	131.0	96	100		136	96	98				104	103	109
434	2025	David Bednar	2 Tms	62.2	112			102	136	107				108	105	109
435	2026	Justin Wrobleski	LAD	140.0	95	91	98		107	80	90			97	114	109
436	2023	Nestor Cortes	NYY	63.1	117	123	105		106		96			111	103	109
437	2023	Simeon Woods Richardson	MIN	4.2	102				82		101			99	110	109
438	2023	Alex Cobb	SFG	151.1	81	104		92	108			102		99	107	109
439	2023	Julio Urías	LAD	117.1	97		132			123	96			108	103	109
440	2024	Kyle Leahy	STL	48.2	90				99	94	86			93	110	109
441	2025	Eury Pérez	MIA	95.1	118	86			119	114	87			115	98	109
442	2023	Rafael Montero	HOU	67.1	102	127			100		81			101	107	109
443	2025	Phil Maton	2 Tms	61.1		87	102		94	130				110	96	109
444	2025	Bryan Baker	2 Tms	68.2	94				110		133			109	102	109
445	2026	JoJo Romero	2 Tms	56.1	116	105			118		93			108	100	109
446	2026	Cionel Pérez	2 Tms	45.1	92	110				110				106	103	109
447	2026	Anthony Bender	MIA	34.1	98	95			125		97			114	101	109
448	2026	Riley Martin	CHC	8.1	106				109	114				109	105	109
449	2026	Trent Harris	SFG	23.1		88	99	18	105	108				99	106	109
450	2024	Clayton Beeter	NYY	3.2	90				134					105	108	109
451	2024	Alex Vesia	LAD	66.1	116				115		87			114	97	109
452	2026	Garrett Whitlock	BOS	52.1		95			102		108			99	112	109
453	2026	Edgardo Henriquez	LAD	60.0	123	132	118		139	112				127	82	109
454	2024	Josh Winckowski	BOS	76.0	104	112	101		110		89			105	102	109
455	2024	Nick Pivetta	BOS	145.2	100		93		118	88				103	107	109
456	2025	Ty Adcock	NYM	3.0	107	81	95	124	122					110	105	109
457	2025	Aaron Nola	PHI	94.1	102	102	91				69	121		102	108	109
458	2026	Caleb Thielbar	CHC	50.0	103				116	126				113	100	109
459	2026	Hunter Greene	CIN	27.2	107	100		115	118					111	98	109
460	2026	Gavin Hollowell	CHC	14.2	100	109			120		99			108	102	109
461	2023	Logan Gilbert	SEA	190.2	89	85		133	103			97		101	108	109
462	2024	Sean Guenther	DET	21.0	86	99		91	90					94	115	109
463	2025	Max Kranick	NYM	37.0	100	94			98	105				100	110	109
464	2025	Ryan Weathers	MIA	38.1	100	92			115		104			104	105	109
465	2025	Garrett Cleavinger	TBR	61.1	108	91	106		123					109	102	108
466	2024	Hunter Greene	CIN	150.1	105			108	128	107				113	96	108
467	2026	Janson Junk	MIA	123.2	98	91			104	95	102			100	110	108
468	2024	Brandon Pfaadt	ARI	181.2	98	100		77	122	94	81			103	107	108
469	2025	Garrett Whitlock	BOS	72.0		105			110		121			110	103	108
470	2024	Matt Bowman	4 Tms	30.2	100	108	92	96	120					106	99	108
471	2023	Keegan Akin	BAL	23.2	109				110	78	93			107	104	108
472	2025	Dietrich Enns	2 Tms	46.1	105	103	114			100	112			108	103	108
473	2024	Bryce Miller	SEA	180.1	106	104	89	115	97			104		105	103	108
474	2023	Jimmy Herget	LAA	29.0	69	82			99	137	78			108	106	108
475	2025	Calvin Faucher	MIA	60.1	89	106	103		112	117	91			107	103	108
476	2023	Ryne Stanek	HOU	50.2	101			119	127					109	99	108
477	2025	Joe Ryan	MIN	171.0	115	103		92	101	115				108	103	108
478	2026	Will Vest	DET	26.2	99	115			109		104			105	107	108
479	2023	Ryan Borucki	PIT	40.1		105			103		87			101	106	108
480	2024	Camilo Doval	SFG	59.0		91	96		128					111	92	108
481	2024	José Ruiz	PHI	51.0	99	94			85	118	92			105	105	108
482	2024	Gregory Santos	SEA	7.1	79	94			120		73			107	101	108
483	2023	Tanner Banks	CHW	61.0	94	84			106	133	90			102	106	108
484	2023	David Robertson	2 Tms	65.1		71	113		95		70	120		110	96	108
485	2023	Nicholas Padilla	CHW	4.2		89	95		120	89				100	102	108
486	2025	Reed Garrett	NYM	55.1	115	95	103	104	110					103	102	108
487	2023	Ryan Walker	SFG	61.1		102			123	71				113	101	108
488	2026	Zack Kelly	BOS	16.1	124	105	95		125		112			108	99	108
489	2025	Trevor McDonald	SFG	15.0		105			75	96	86			98	108	108
490	2025	Nick Raquet	STL	2.0	71	97			112		87			102	105	108
491	2026	Luis Severino	ATH	62.2	112	103	92		122		88			107	102	108
492	2023	Trevor Rogers	MIA	18.0	87	85			106		97			92	117	108
493	2025	Bobby Miller	LAD	5.0	94	108			125	103	97			103	109	108
494	2024	Cade Smith	CLE	75.1	101			111	109					104	106	108
495	2023	Jackson Stephens	ATL	12.0	72	97	92		100	103	90			93	118	108
496	2023	Wander Suero	LAD	8.0	107		101			99	85			95	107	108
497	2023	Freddy Peralta	MIL	165.2	103				110	109	82			102	107	108
498	2025	Shelby Miller	2 Tms	46.0	105			107	97					105	105	108
499	2023	Emilio Pagán	MIN	69.1	114		105	95		100				109	102	108
500	2025	Parker Messick	CLE	39.2	95	88			100	109	104			99	109	108
501	2024	Ryan Pepiot	TBR	130.0	112		97		99	104	117			110	98	108
502	2026	Luke Weaver	2 Tms	60.1	105	70	94		93		99			101	106	108
503	2023	Josh Sborz	TEX	52.1	97				110	120				108	99	108
504	2026	Logan VanWey	HOU	12.2	99	91	96		114		105			103	110	108
505	2023	Bryce Miller	SEA	131.1	102	98			107	94	97			102	107	108
506	2023	Nick Sandlin	CLE	60.0	111	96		77	114					108	102	108
507	2024	Pete Fairbanks	TBR	45.1	103				131		94			116	94	108
508	2026	Alex Hoppe	2 Tms	42.2	104	122			118		99			114	96	108
509	2025	Edwin Díaz	NYM	66.1	113				115		77			114	91	108
510	2024	Ranger Suarez	PHI	150.2	84	104	96		60	101	97			97	111	108
511	2026	Paul Sewald	2 Tms	53.1	106		100		110					108	102	108
512	2026	Jared Jones	PIT	101.2	93				110	112	99			101	105	108
513	2023	Hoby Milner	MIL	64.1	105	117			104		88			104	108	108
514	2023	Keaton Winn	SFG	42.1	83	102		120	97					107	99	108
515	2023	Ryan Thompson	2 Tms	30.2	114	123			118		94			121	90	108
516	2025	Dylan Cease	SDP	168.0	106	89			114		105	92		108	101	108
517	2026	Anthony Kay	CHW	158.0	93	112	102		108		102			104	103	108
518	2025	Bennett Sousa	HOU	50.2	94	101			122					110	99	108
519	2026	Bradgley Rodriguez	SDP	74.0	108	101			117		95			102	106	108
520	2023	Justin Steele	CHC	173.1	98	92			120	128	86			106	103	108
521	2025	Michael Stefanic	TOR	1.0										60	140	108
522	2025	Jacob Latz	TEX	85.2	110				101	91	102			105	103	108
523	2025	Kyle Harrison	2 Tms	35.2	107	111	87			102	94			104	108	108
524	2023	Bruce Zimmermann	BAL	13.1	74	85			96	94	80			88	114	108
525	2025	Cam Schlittler	NYY	73.0	103	94	120		141	106				112	98	108
526	2024	John King	STL	60.0	95	107			120		84			102	107	108
527	2025	Kyle Finnegan	2 Tms	57.0	101			106	111					103	107	108
528	2025	Brock Burke	LAA	61.2	103	112			102		111			105	102	108
529	2024	Paul Sewald	ARI	39.2	123				109		85			117	92	108
530	2023	Jorge López	3 Tms	59.0	92	112			113		102	118		109	99	108
531	2026	Wandy Peralta	SDP	77.1	99	98			100		107			101	106	108
532	2024	Angel Zerpa	KCR	53.2	80	122			123	141	94			111	96	108
533	2023	Michael Kelly	CLE	16.2	73	81			126					111	104	108
534	2024	Kodai Senga	NYM	5.1	108		93		82	130			119	107	102	108
535	2023	Brock Burke	TEX	59.2	94	92			108		95			97	113	108
536	2025	Manuel Rodríguez	TBR	30.1	97	111			110					108	98	108
537	2025	Rico Garcia	3 Tms	34.1	109				108	118	91			107	104	108
538	2025	Casey Legumina	SEA	49.2	120	102			123		90			113	96	108
539	2026	Emmet Sheehan	LAD	112.1	103				99	91	105			100	106	107
540	2024	Gus Varland	2 Tms	26.1	99	119			100		87			99	108	107
541	2025	Carlos Hernández	3 Tms	43.1	109	114		88	112			99		105	102	107
542	2023	John King	2 Tms	37.1	90	116			110		89			105	101	107
543	2023	Josh Fleming	TBR	51.2	86	112				105	93			104	102	107
544	2024	Anthony Veneziano	2 Tms	13.1	93				116		101			104	107	107
545	2026	Aaron Nola	PHI	175.1	106	102	90		89		67	126		104	104	107
546	2026	José Rodríguez	TOR	4.2	108	89			106		97			98	106	107
547	2023	Génesis Cabrera	2 Tms	55.2	110	99	118			96	85			108	100	107
548	2026	Brian Fitzpatrick	MIL	6.2	92	95			100		105			99	108	107
549	2026	Graham Ashcraft	CIN	35.1			83		143					110	100	107
550	2023	Luis Castillo	SEA	197.0	107	100			117		100			107	101	107
551	2025	Logan Henderson	MIL	25.1	103		94		103		101			102	109	107
552	2025	Zach Maxwell	CIN	10.0	114		92		117					109	94	107
553	2024	Tanner Houck	BOS	178.2		102	87	89	115					104	105	107
554	2023	Sawyer Gipson-Long	DET	20.0	95	113	91		98		94			99	106	107
555	2025	Eli Morgan	CHC	7.1	87				92		109			97	111	107
556	2026	Spencer Miles	TOR	95.2	96	96			104	108	95			100	110	107
557	2025	Pablo López	MIN	75.2	94	106			94	98	99			96	111	107
558	2024	Vinny Nittoli	2 Tms	12.0		93	112		102	107	80			107	101	107
559	2026	Dylan Dodd	ATL	49.2	116	113	99		118					109	104	107
560	2024	Erik Sabrowski	CLE	12.2	111				84	103				104	105	107
561	2025	Brooks Raley	NYM	25.2		100	97		127		91			110	100	107
562	2026	Erik Miller	2 Tms	51.1	100	122			116		101			117	90	107
563	2026	Grant Wolfram	BAL	52.1	92	109	96		128	117				110	100	107
564	2025	Max Meyer	MIA	64.2	95	104			97		94			97	106	107
565	2023	Tyler Duffey	CHC	2.0	85	88			101		82	41		90	103	107
566	2026	CJ Van Eyk	TOR	11.2	94	95	96		96	82	87			91	114	107
567	2026	Josh Ekness	MIA	30.2	112	112			131	125				118	91	107
568	2026	Chris Martin	TEX	14.0	97	110	101	102	109	108				102	107	107
569	2023	Shohei Ohtani	LAA	132.0	113	108	110	127	131	118				119	88	107
570	2026	Abner Uribe	MIL	59.1	100	101			121					109	100	107
571	2024	Kevin Ginkel	ARI	70.0	84	97			110					95	112	107
572	2025	Danny Coulombe	2 Tms	43.0	83	84	108		122			131		103	105	107
573	2025	Andrew Kittredge	2 Tms	53.0	93	101		97	104					101	106	107
574	2024	Sonny Gray	STL	166.1	87	105	84		128	85	80			97	106	107
575	2026	David Bednar	NYY	69.1	105			104		97				103	105	107
576	2024	Spencer Strider	ATL	9.0	106				109	115	99			107	102	107
577	2026	Brian Keller	PHI	3.0	88	72	86		122					100	127	107
578	2025	Hoby Milner	TEX	70.1	107	115			107		86			106	105	107
579	2026	Drew Pomeranz	2 Tms	29.0	103							115		106	100	107
580	2023	Josh Winckowski	BOS	84.1	109	114	104		108		103			109	99	107
581	2026	Ryne Nelson	ARI	87.1	111	80	90		109	104				106	101	107
582	2023	Andrew Nardi	MIA	57.1	101				118		86			107	101	107
583	2023	David Bednar	PIT	67.1	111			101		104				108	102	107
584	2025	Shane Baz	TBR	166.1	99		102		108		84	120		105	101	107
585	2026	Antwone Kelly	PIT	18.2	100	91			128		121			110	97	107
586	2026	Ray Kerr	ATL	18.1	97	96	89			101				100	108	107
587	2023	Taylor Clarke	KCR	59.0	83				104		94			96	109	107
588	2026	Miguel Ullola	HOU	16.2	111		100		92	105	81			105	99	107
589	2024	Austin Pruitt	TEX	4.1	72	94			90	88	110			88	108	107
590	2024	Trey Wingenter	2 Tms	8.1	95			106	118					106	100	107
591	2025	Brenan Hanifee	DET	60.0	74	101			108		83			99	109	107
592	2023	Trevor Richards	TOR	72.2	90						120			107	101	107
593	2026	A.J. Minter	2 Tms	45.2	104	110	106				91			104	104	107
594	2026	Brody Hopkins	TBR	5.1	130		113			96				116	81	107
595	2024	Gerrit Cole	NYY	95.0	107	87	106		112		82	109		107	100	107
596	2025	Ryan Burr	TOR	2.0	92				100					98	113	107
597	2023	Michael King	NYY	104.2	100	105			122		77			105	102	107
598	2024	Nate Pearson	2 Tms	66.1	106	118		137	114	133				113	94	107
599	2026	Alex Vesia	LAD	58.0	123				107		105			115	92	107
600	2024	Brett de Geus	3 Tms	11.1	129	90	102	61				117		99	103	107
601	2026	Orlando Ribalta	WSN	43.0	99	103			109		90			102	106	107
602	2024	Michael Grove	LAD	51.0	102	101	95		90			107		95	111	107
603	2023	Brandon Pfaadt	ARI	96.0	95	98			118	91	86			100	106	107
604	2023	Liam Hendriks	CHW	5.0	101				104	87				102	103	107
605	2023	Reynaldo López	3 Tms	66.0	106				131	109	99			113	96	107
606	2026	Andrew Painter	PHI	126.2	97	84		98	115	119	97			103	103	107
607	2025	Ranger Suarez	PHI	157.1	86	98	90		115	109	95			97	111	107
608	2026	Cam Booser	TBR	41.0	108		113		125		129			112	99	107
609	2024	Emilio Pagán	CIN	38.0	110		100	100						106	105	107
610	2026	Kenley Jansen	DET	45.0		128	107		104					108	99	107
611	2026	Daniel Palencia	CHC	29.2	95	108		113	109					100	103	107
612	2026	Jackson Jobe	DET	46.0	96	96	97		104	126	105			103	104	107
613	2024	Kyle Bradish	BAL	39.1	87	93			106	99				97	110	107
614	2024	Amos Willingham	WSN	1.0	115		108		101					111	101	107
615	2023	Eduard Bazardo	2 Tms	16.0	83	105		96	119					105	105	107
616	2026	Eddy Yean	WSN	11.0	83	93			95		81			89	114	107
617	2026	Mason Fluharty	TOR	62.2			105		108		97			106	99	107
618	2025	Robert Garcia	TEX	64.0	114				103		108			109	100	107
619	2023	Kyle Nelson	ARI	56.0	85		102		109					100	109	107
620	2025	A.J. Minter	NYM	11.0	112		111				94			110	97	107
621	2024	Jason Foley	DET	60.0	99	110			106		70			105	103	107
622	2024	Edwin Uceta	TBR	41.2			104		109	130	90			103	105	107
623	2025	Jeff Hoffman	TOR	68.0	117	104		94	110					110	98	107
624	2026	Logan Henderson	MIL	98.1	109		94		110		96			102	108	107
625	2023	Grant Anderson	TEX	35.2	99	116			100		77			103	103	107
626	2024	Brayan Bello	BOS	162.1	92	109			95		84			97	107	107
627	2023	Tyler Alexander	DET	44.0	112	102	97		96		81			99	112	107
628	2023	Graham Ashcraft	CIN	145.2		84	108		124		52			111	97	107
629	2023	Erich Uelmen	PHI	1.0	92	100			83		78			89	106	107
630	2024	Chase Shugart	BOS	8.2	104	104	103		134		85			108	101	107
631	2024	Will Warren	NYY	22.2	104	103	121		109		83			103	102	107
632	2024	Patrick Sandoval	LAA	79.2	84	91			108	99	105			100	104	107
633	2023	Joel Payamps	MIL	70.2	100	99			111		85			102	106	107
634	2025	JoJo Romero	STL	61.0	96	110	72		113	111	86			105	101	106
635	2024	Hoby Milner	MIL	64.2	111	108			108		86			105	107	106
636	2024	Luke Jackson	2 Tms	53.0	88		72		106	109				100	104	106
637	2025	Zebby Matthews	MIN	79.1	103	98	88		112	99	86			101	107	106
638	2026	Andrew Morris	MIN	73.2	100	96	118		134	103	105			107	102	106
639	2023	Tanner Houck	BOS	106.0	81	113	83	86	105					100	106	106
640	2023	Jesús Luzardo	MIA	178.2	91	96	103		131		102			105	101	106
641	2024	Aaron Bummer	ATL	55.1	106	108	103		123	130	86			114	98	106
642	2025	José Soriano	LAA	169.0	81	102		112	120		141	105		103	102	106
643	2026	Cooper Criswell	SEA	40.2	107	106	96		115	113	89			101	108	106
644	2026	Gerrit Cole	NYY	127.0	104	93	121		107		95	106		103	106	106
645	2026	Robby Ahlstrom	TEX	37.0	108	104			108	108	101			106	102	106
646	2026	Joel Peguero	SFG	11.1	85	105			118					99	108	106
647	2025	Kyle Bradish	BAL	32.0	89	100			113	107				103	104	106
648	2026	Blake Walston	ARI	3.0	80	69	97		90	82	84			85	110	106
649	2025	Janson Junk	MIA	110.0	92				100	98	90			96	112	106
650	2023	Luis García	SDP	59.2	84	113		114	121					112	95	106
651	2025	Anthony DeSclafani	ARI	38.2	92	102		96	93			111		98	106	106
652	2023	Yu Darvish	SDP	136.1	119	104	95	105	100	106	154	97		104	101	106
653	2023	Taylor Rogers	SFG	51.2		104	92		117					111	99	106
654	2024	Hunter Strickland	LAA	73.1	95	96	127		105		73			106	102	106
655	2023	Connor Brogdon	PHI	29.0	107		99				111			107	102	106
656	2024	John Curtiss	COL	2.1	90				96		91			93	117	106
657	2023	JT Chargois	MIA	42.1	88	99			108					102	104	106
658	2026	Ryan Helsley	BAL	15.1	110			111	136	114				121	88	106
659	2025	Riley O'Brien	STL	48.0		104			99	131	90			107	102	106
660	2023	Brayan Bello	BOS	157.0	87	118	96		97		95			102	103	106
661	2024	Mitch Spence	OAK	151.1		87	97		111	124	80			103	102	106
662	2023	Garrett Acton	OAK	5.2	109				110		100			108	96	106
663	2024	Michael Wacha	KCR	166.2	90	90	78		90	87	128			100	104	106
664	2024	Chris Paddack	MIN	88.1	87				87	90	105			92	113	106
665	2024	James McArthur	KCR	56.2	81	105			90	113				102	104	106
666	2024	Tanner Banks	2 Tms	72.1	97	96			100	121	92			101	105	106
667	2023	Jakob Junis	SFG	86.0	94	91			119		84			107	103	106
668	2024	A.J. Minter	ATL	34.1	107		117				95			108	100	106
669	2023	Max Scherzer	2 Tms	152.2	104		108		113	107	96			105	103	106
670	2023	Reed Garrett	2 Tms	19.2	102	115		109	106	102				106	99	106
671	2024	Alek Jacob	SDP	14.2	115	95			98		119			107	101	106
672	2024	Nick Martinez	CIN	142.1	91	90	83		97	86	120			95	113	106
673	2023	Kevin Gausman	TOR	185.0	99			104	91					100	104	106
674	2025	Tyler Zuber	2 Tms	12.0	106	101	95		115		92			108	101	106
675	2025	Bryan Abreu	HOU	71.0	109	108			116		94			112	92	106
676	2023	John Schreiber	BOS	46.2	93	107	85		103		95			100	107	106
677	2025	Richard Fitts	BOS	45.0	102	95			105	102	91			102	104	106
678	2024	Pablo López	MIN	185.1	95	107			89	97	89			94	113	106
679	2023	Jeremiah Estrada	CHC	10.2	105				106	145	95			105	99	106
680	2025	Bryan King	HOU	68.0	96	95			113	89	88			101	108	106
681	2024	Richard Fitts	BOS	20.2	92			101	104					98	105	106
682	2026	Robert Garcia	TEX	18.2	105				102		115			108	96	106
683	2025	Jesse Scholtens	TBR	8.1	81			102	102					94	113	106
684	2024	Danny Coulombe	BAL	29.2	88	91	109		104			141		106	100	106
685	2023	Zach McAllister	NYY	5.1		124	113		107		100			109	104	106
686	2026	Keegan Akin	BAL	25.1	100				107		91			100	107	106
687	2026	Ryan Rolison	CHC	63.0	95	113			111	103	88			103	102	106
688	2024	Steven Matz	STL	44.1		93			90	106	106			97	110	106
689	2025	Félix Bautista	BAL	34.2		96	79	110	96					100	100	106
690	2023	Lyon Richardson	CIN	16.2	76	84			117	87	89			84	113	106
691	2024	Cole Sands	MIN	71.1	90	90	101	101		116				99	108	106
692	2025	Sean Manaea	NYM	60.2	107	88			119		94			110	101	106
693	2024	Nick Mears	2 Tms	57.2	108				113	106				109	96	106
694	2025	Zack Kelly	BOS	35.1	107	108	96		127	112	113			109	101	106
695	2026	Edwin Díaz	LAD	18.2	105	155			112					108	97	106
696	2025	Edward Cabrera	MIA	137.2	95	100			102	123	96			104	102	106
697	2024	Ryan Borucki	PIT	11.0		108			99		90			100	100	106
698	2023	Garrett Whitlock	BOS	71.2	106	101			103		105			103	106	106
699	2023	Cole Ragans	2 Tms	96.0	106		102		131		109	109		109	98	106
700	2025	Anthony Bender	MIA	50.0	93	102			116		94			111	99	106
701	2026	Antonio Senzatela	2 Tms	73.1	97	104	110		118	108	90			104	105	106
702	2025	Sandy Alcantara	MIA	174.2	109	105			103	108	98			104	105	106
703	2025	Payton Tolle	BOS	16.1	122	98	97		109	122	115			116	91	106
704	2023	Ranger Suarez	PHI	125.0	86	109	100		102	111	91			100	106	106
705	2026	Dustin May	2 Tms	145.2	103	113	88		111	106	85			102	103	106
706	2026	Tyler Schweitzer	CHW	37.1	95	101			99	120	97			98	106	106
707	2026	Ben Casparius	LAD	4.2	89		96		119	113	122			103	99	106
708	2026	Andrew Nardi	MIA	22.2	105	133			114		100			109	98	106
709	2026	Juan Burgos	ARI	4.1	80	102	105		142					111	98	106
710	2023	Joe Ryan	MIN	161.2	107			91	104					102	107	106
711	2025	Nick Lodolo	CIN	156.2	108	101				121	89			106	104	106
712	2024	Shota Imanaga	CHC	173.1	105	78	80	85	111	81	100			97	109	106
713	2024	Robert Garcia	WSN	59.2	105				118		93			103	107	106
714	2026	Trevor Rogers	BAL	169.2	102	102	102		119		87			102	107	106
715	2024	Clarke Schmidt	NYY	85.1		89	99		116		84	131		107	100	106
716	2023	Matt Gage	HOU	6.2	87	87	109		107					99	102	106
717	2023	Mauricio Llovera	2 Tms	35.0		112	86		120					114	96	106
718	2026	Ryan Watson	2 Tms	72.0	99	102	72	86	93	97				91	113	106
719	2025	Cody Bolton	CLE	2.0	80	103	89		116					103	110	106
720	2026	Jack Dreyer	LAD	64.2	107				100	98				103	102	106
721	2026	Alec Gamboa	BOS	33.0	103	120			112	120	139			111	96	106
722	2023	Robert Stephenson	2 Tms	52.1	95		121	98	118	107				112	98	106
723	2025	Ryne Nelson	ARI	154.0	114		89		102	95	81			106	101	106
724	2026	Luke Little	CHC	1.0	89	129			122					98	115	106
725	2024	Miguel Díaz	HOU	1.0	85				88		102			94	106	106
726	2023	Ian Gibaut	CIN	75.2	105		90		111		92			101	106	106
727	2023	Framber Valdez	HOU	198.0	52	94	105		126	119	100			104	100	106
728	2023	Ryan Brasier	2 Tms	59.2	110	115	99		104					107	103	106
729	2025	Freddy Peralta	MIL	176.2	100				114	105	85			99	107	106
730	2023	Aaron Civale	2 Tms	122.1	93	88	103	77	119	138				108	103	106
731	2024	Carlos Rodón	NYY	175.0	107		93		124	100	113			111	95	106
732	2024	Bryan Baker	BAL	23.1	90				104	108	137			102	100	106
733	2026	José Soriano	2 Tms	177.1	95	102		99	97			92		97	106	106
734	2025	Kyle Leahy	STL	88.0	103	104			97	105	85			99	104	105
735	2025	Shota Imanaga	CHC	144.2	99	81		92	110	93				98	108	105
736	2026	Anthony Molina	2 Tms	34.0	94	80			110	115	103			102	106	105
737	2025	Blake Treinen	LAD	26.2	85	103	96		127					112	98	105
738	2025	Corbin Burnes	ARI	64.1		77	100		110	122	89			102	100	105
739	2026	Grant Anderson	MIL	59.0	109	101			102		71			103	101	105
740	2023	Yunior Marte	PHI	39.1	99	112			112					111	96	105
741	2024	Joe Jiménez	ATL	68.2	106				103		83			104	104	105
742	2024	Dan Altavilla	KCR	3.2	95				110		69			99	100	105
743	2024	Devin Williams	MIL	21.2	104		84				129			115	90	105
744	2023	Chad Green	TOR	12.0	107				103		71			105	106	105
745	2024	Dylan Lee	ATL	59.2	103				110		83			105	102	105
746	2023	Kyle Finnegan	WSN	69.1	99			111	98					102	105	105
747	2023	Colin Poche	TBR	60.2	106				101					104	98	105
748	2025	Edwin Uceta	TBR	76.0	106	94	104		115		96			103	99	105
749	2024	Yoshinobu Yamamoto	LAD	90.0	85	103	86	114	115	99				97	108	105
750	2025	Yusei Kikuchi	LAA	178.1	103	97			93	97	102			98	105	105
751	2023	Hayden Wesneski	CHC	89.1	86	109	89		117		98			103	102	105
752	2025	Luis Morales	ATH	48.2	88				121		72			98	107	105
753	2026	Angel Zerpa	MIL	12.2	104	110			106		77			107	103	105
754	2026	Nolan McLean	NYM	179.2	104	113	101		94	116	102			107	95	105
755	2023	Chris Devenski	2 Tms	42.1	70				106		121	99		103	103	105
756	2023	Bowden Francis	TOR	36.1	106				99	114				108	102	105
757	2026	Parker Messick	CLE	186.1	96	93	94		96	99	103			97	106	105
758	2024	Ryan Zeferjahn	LAA	17.0	109		111		146	86				116	90	105
759	2023	Cole Waites	SFG	2.1	115				99					110	94	105
760	2023	Braden Bristo	2 Tms	7.0		89	100		133		71			99	111	105
761	2023	Zac Gallen	ARI	210.0	100	96	93		93		86	102		98	105	105
762	2024	Zach Eflin	2 Tms	165.1	93	98	95		111	113	83			100	109	105
763	2026	Kevin Ginkel	ARI	67.2	83	98			107					95	111	105
764	2026	Max Lazar	PHI	10.0	99		91	110				79		97	107	105
765	2023	Bryan Abreu	HOU	72.0	107				119	92				114	89	105
766	2023	Lucas Luetge	ATL	13.2	67		90		94	144				97	107	105
767	2025	Emilio Pagán	CIN	68.2	114		101	114						112	97	105
768	2023	Justin Lawrence	COL	75.0		86			118					102	107	105
769	2025	Lucas Erceg	KCR	61.1	93	109			104		86			99	106	105
770	2024	Elvis Peguero	MIL	51.1		103			110	60				107	97	105
771	2025	Steven Wilson	CHW	55.1	96		100		101		96			99	104	105
772	2025	Jesus Tinoco	MIA	19.1	94	96			105		80			97	107	105
773	2025	Camilo Doval	2 Tms	65.1		95	95		125					109	96	105
774	2024	Luis Castillo	SEA	175.1	99	98			119		96			103	103	105
775	2023	Victor Vodnik	COL	8.2	90				115		115			97	108	105
776	2026	Casey Legumina	2 Tms	71.2	122	112			105		79			111	97	105
777	2026	Max Meyer	MIA	111.0	97	92			101		87			98	105	105
778	2023	Blake Snell	SDP	180.0	92				97	120	93			98	101	105
779	2024	Yency Almonte	CHC	15.2	82	116	84		131		84			113	94	105
780	2024	Michael Petersen	2 Tms	19.2	104		122		153		78			109	101	105
781	2023	Janson Junk	MIL	7.1	92	93		85	96	103				94	114	105
782	2025	Carmen Mlodzinski	PIT	99.0	88	110	88	108	106	102				102	104	105
783	2025	Victor Vodnik	COL	50.2	96		96		113		93			98	101	105
784	2024	Jared Koenig	MIL	62.0	153	97	110			144	89			107	101	105
785	2025	Carl Edwards Jr.	2 Tms	6.0	96					93	87			94	108	105
786	2026	Enmanuel De Jesus	DET	42.1	107	101	116		92		89			103	104	105
787	2023	JoJo Romero	STL	36.2	86	102	135		129		98			105	101	105
788	2024	Hunter Brown	HOU	170.0	111	112	99		95		93	101		105	99	105
789	2026	Paul Skenes	PIT	174.1	95	95		85	119	126	85			99	107	105
790	2024	Brent Suter	CIN	65.2	113	105			87		106			106	99	105
791	2024	Craig Kimbrel	BAL	52.1	113				110		63	92		106	98	105
792	2024	Yunior Marte	PHI	26.0	93	104	101	98	108					104	98	105
793	2025	Nathan Eovaldi	TEX	130.0	96	106	92	101	90	108				100	104	105
794	2023	Luke Jackson	SFG	33.1	87				105	91				100	104	105
795	2024	Cionel Pérez	BAL	53.2	91	114			98					103	102	105
796	2023	Zack Littell	2 Tms	90.0	89	79		118	90					94	111	105
797	2024	Joel Payamps	MIL	59.0	111	91			106		80			102	105	105
798	2023	Tyler Kinley	COL	16.1	62	68			101		94			86	115	105
799	2023	Easton McGee	SEA	6.2	78	103	74		110	88	75			92	108	105
800	2025	Jonathan Bowlan	KCR	44.1	108	98			108	95	89			103	102	105
801	2026	José Urquidy	3 Tms	36.1	90	91		116	108	88	105			97	111	105
802	2026	Jack Ralston	MIA	17.1	73			119	118					107	100	105
803	2025	Cooper Criswell	BOS	17.2		100	91		115		82			94	112	105
804	2024	Jakob Junis	2 Tms	67.0	106	83	79		114		71			98	112	105
805	2025	Enyel De Los Santos	2 Tms	66.0	93				103		83			95	109	105
806	2026	Garrett Crochet	BOS	30.0	117	101	103	99	150		85			113	95	105
807	2026	Spencer Bivens	2 Tms	7.2	97	111	100		124	123	95			108	102	105
808	2023	Elvis Peguero	MIL	61.1		102			104					103	99	105
809	2024	Cody Bolton	SEA	18.2	95	107	103		120		93			107	99	105
810	2026	Tyler Wells	2 Tms	72.0	91		99		100	95	97			97	108	105
811	2025	Brandon Walter	HOU	53.2	87	102	89		107		103			97	110	105
812	2023	Sam Hentges	CLE	52.1	86	112			102	109				101	102	105
813	2023	Joe Musgrove	SDP	97.1	97	91	97		116	120	85			104	104	105
814	2026	Jake Bennett	BOS	113.1	88	103	75		102	110	87			92	114	105
815	2026	Mason Englert	TBR	39.1	104	90	84		99	96	96			95	110	105
816	2025	Hayden Wesneski	HOU	32.0	81	96	84		125	95	93			96	111	105
817	2025	Grant Anderson	MIL	69.2	114	107			97		80			104	102	105
818	2024	Brock Stewart	MIN	15.2	113	114	101		133		117			116	89	105
819	2025	Joel Payamps	2 Tms	26.1	107	92	82		104		86			103	102	105
820	2026	Bubba Chandler	PIT	154.0	102	95			104	112	89			101	102	105
821	2026	Walbert Ureña	LAA	148.1	75	109			121		98			101	102	105
822	2023	Raisel Iglesias	ATL	55.2	93	98			127		89			98	106	105
823	2025	Max Scherzer	TOR	85.0	88		93		102	99	88			94	111	105
824	2025	Will Klein	LAD	15.1	104		98		96	108				103	100	105
825	2024	Nestor Cortes	NYY	174.1	112	119	103		111		96			108	98	105
826	2024	Jason Adam	2 Tms	73.2	105				116		105			109	94	105
827	2025	Easton McGee	MIL	14.2	109	94	87		120	111	80			102	109	105
828	2025	Jordan Romano	PHI	42.2	103				105					104	99	105
829	2024	Chad Green	TOR	53.1	101		81		108					104	103	105
830	2024	Gregory Soto	2 Tms	53.0	102	114	89		128					118	89	105
831	2023	Tyler Mahle	MIN	25.2	110		91	82	77					95	107	105
832	2025	José Ruiz	2 Tms	16.1	95	95			107	101	100			98	106	104
833	2024	Justin Wilson	CIN	46.2	108		96	98	123					109	98	104
834	2023	Jake Diekman	2 Tms	56.2	122	106	97		114		90			120	88	104
835	2026	Noah Cameron	KCR	177.1	89	94	89		102	107	103			97	105	104
836	2024	Nabil Crismatt	LAD	7.0	71	79			92	92	95			90	113	104
837	2023	Yusei Kikuchi	TOR	167.2	101				102	92	91			98	105	104
838	2024	David Bednar	PIT	57.2	115			105		99				109	96	104
839	2024	Bailey Ober	MIN	178.2	93		91		91	86	112			97	107	104
840	2024	Jack Flaherty	2 Tms	162.0	100	77			94		79	106		99	105	104
841	2026	Logan Webb	SFG	160.2	98	111	84		95		98			99	104	104
842	2023	Mason Miller	OAK	33.1	110		109		124		91			112	91	104
843	2025	Tyler Holton	DET	78.2	98	108	98		114	136	83			102	103	104
844	2026	Justin Bruihl	STL	77.2	118	104	84		102		90			102	103	104
845	2023	Joe Boyle	OAK	16.0	101				129	110				110	98	104
846	2023	Max Fried	ATL	77.2	99	97	102		101	107	102			101	101	104
847	2024	Carlos Estévez	2 Tms	55.0	101				114	99	80			102	103	104
848	2025	Jacob Webb	TEX	66.0	103				92		93			97	107	104
849	2024	J.T. Ginn	OAK	34.0	80	101			87		84			93	109	104
850	2025	Austin Cox	ATL	21.1	95	110	89	121	97	103				99	104	104
851	2024	Joe Musgrove	SDP	99.2	100	89	100		122	125	81			108	97	104
852	2024	Max Fried	ATL	174.1	101	107	104		109	108	93			104	99	104
853	2025	Matt Svanson	STL	60.1	91	101	91		117					105	103	104
854	2023	José Lopez	TBR	2.0	98				109		87			97	97	104
855	2025	Justin Topa	MIN	60.0		91	95		118		90			100	108	104
856	2023	Adam Kolarek	2 Tms	6.0		119			133					120	95	104
857	2023	Kevin Ginkel	ARI	65.1	81	96			111					95	108	104
858	2025	Luinder Avila	KCR	14.0	96	110				109	102			105	100	104
859	2026	Pete Fairbanks	MIA	41.1	110		141		132		86			123	87	104
860	2023	Bryan Baker	BAL	45.0	93				106		141			104	102	104
861	2025	José Fermin	LAA	34.1	98	102			109		92			103	100	104
862	2023	Dylan Floro	2 Tms	56.2	90	121			101		86			102	103	104
863	2026	Eury Pérez	MIA	159.0	125	105			117	105	83			114	93	104
864	2025	Brent Suter	CIN	67.2	101	92			92		107			99	107	104
865	2025	Hunter Brown	HOU	185.1	113	110	94		87		84	104		105	97	104
866	2023	Trevor Gott	2 Tms	58.0	101	101	99			90	78			98	105	104
867	2024	Gavin Williams	CLE	76.0	102		102		101	104	79			101	103	104
868	2024	Cam Booser	BOS	42.2	115		106		114					112	94	104
869	2025	Gregory Soto	2 Tms	60.1	104	113		108	118					115	92	104
870	2023	Scott Alexander	SFG	48.1		106			111		92			106	99	104
871	2025	Génesis Cabrera	4 Tms	42.2	102	98	108	113		98				103	102	104
872	2025	Anthony Molina	COL	34.2	77		86		113	122	93			94	111	104
873	2025	Eduard Bazardo	SEA	78.2	98	105	88	87	104					103	105	104
874	2026	Nathan Eovaldi	TEX	145.2	88	101	93	94	95	100				95	106	104
875	2023	José A. Ferrer	WSN	34.0	100				114		106			109	97	104
876	2026	Christian Scott	NYM	110.0	104	88	96	112	120	123				107	99	104
877	2025	Tyler Kinley	2 Tms	72.2	69				116	124	99			106	100	104
878	2023	Brooks Raley	NYM	54.2	80	103	101		149		86			116	90	104
879	2026	Nick Martinez	TBR	180.0	96	101	87		91	87	109			98	107	104
880	2023	José Berríos	TOR	189.2	91	98				98	90			95	108	104
881	2024	Matt Festa	2 Tms	23.2	117		98		106		77			108	98	104
882	2025	Kevin Kelly	TBR	39.2	124	104	82		111					104	102	104
883	2026	Jason Foley	SFG	26.0	95	102		91	101					99	104	104
884	2024	Gavin Stone	LAD	140.1	98	111	86		94	82	98			99	103	104
885	2024	Kyle Finnegan	WSN	63.2	101			106	124					103	104	104
886	2023	Antonio Senzatela	COL	7.2	75	80			103	93	76			81	118	104
887	2025	Sonny Gray	STL	180.2	88	103	86		133	100	82			102	100	104
888	2025	Juan Morillo	ARI	34.1	110	119			115		89			110	94	104
889	2026	Jake Bird	2 Tms	38.2	102	96			124	117	103			110	97	104
890	2023	Mitch Keller	PIT	194.1	105	104	99		134	94	96			107	100	104
891	2023	Nick Martinez	SDP	110.1	95	106	84		86	90	119			102	103	104
892	2023	Griffin Canning	LAA	127.0	78	92			112	90	102			94	108	104
893	2024	MacKenzie Gore	WSN	166.1	110				93	102	99			104	98	104
894	2024	Erik Miller	SFG	67.1	85				133		114			103	101	104
895	2025	Anthony Veneziano	2 Tms	25.0	90	101			111		89			102	103	104
896	2026	Colton Gordon	2 Tms	14.1	98	94			112	88	79			99	104	104
897	2023	Dylan Lee	ATL	23.2	105				109		82			104	104	104
898	2025	Ryan Pepiot	TBR	167.2	110	93	95		98	102	112			106	98	104
899	2025	Hurston Waldrep	ATL	56.1	79	93	89	115	102	89				99	99	104
900	2026	Kevin Gausman	2 Tms	177.2	96			100	91		98			97	107	104
901	2023	Domingo Tapia	SDP	17.2	103	113			133		95			109	96	104
902	2025	Tylor Megill	NYM	68.1	118	102			102	93	96			108	97	104
903	2025	Caleb Ferguson	2 Tms	65.1	100	115	110			100				106	100	104
904	2025	Joel Peguero	SFG	22.1	85	124			130					113	94	104
905	2024	Kutter Crawford	BOS	183.2	104		95	98	108			82		100	104	104
906	2024	Lucas Sims	2 Tms	49.1	97		93	83	133	102				114	90	104
907	2023	Clayton Kershaw	LAD	131.2	95	88		109	116	122	89			109	94	104
908	2023	Matt Waldron	SDP	41.1	88	94	92		110					94	110	104
909	2023	Seth Lugo	SDP	146.1	93	103			98	103	89			99	105	104
910	2025	Tyler Phillips	MIA	77.2	79	91		98	108	103				98	105	104
911	2023	Tim Herrin	CLE	27.2	85	107			104	135				100	102	104
912	2025	Braxton Ashcraft	PIT	69.2	88	112			103	131	85			105	100	104
913	2024	Slade Cecconi	ARI	77.0	91				101	101	96			95	111	104
914	2026	Greg Weissert	BOS	60.2	101	99			112	122	96			103	105	104
915	2024	Anthony Misiewicz	NYY	1.0	88		104			121				110	94	104
916	2023	Ben Joyce	LAA	10.0	109				140					115	96	104
917	2026	Freddy Peralta	2 Tms	169.0	97				114	96	87			97	106	104
918	2025	Luis Severino	ATH	162.2	104	96	91		120		89			104	101	104
919	2026	Steven Matz	TBR	80.1		96	81		103	98	108			100	105	104
920	2024	Tucker Davidson	BAL	4.2	92	83		120	111	88				102	100	104
921	2024	Sean Burke	CHW	19.0	108				93	94	103			100	103	104
922	2023	Will Smith	TEX	57.1	83				116	98	85			101	106	104
923	2024	Ryne Stanek	2 Tms	55.1	99	91		129	113					107	95	104
924	2026	Tanner Houck	BOS	3.0	81	87		94						87	121	104
925	2025	Jack Flaherty	DET	161.0	104	82			92		77	113		102	102	104
926	2025	Justin Wilson	BOS	48.1	106		93	116	111					106	97	104
927	2025	Blade Tidwell	NYM	15.0	104	103	60		112		100			106	95	104
928	2024	Ryan Brasier	LAD	28.0	106	107	87		99					101	109	103
929	2025	Ben Bowden	ATH	10.2	97				117	125	95			103	107	103
930	2023	Taj Bradley	TBR	104.2	116	155	103	105		98				108	97	103
931	2025	Hunter Dobbins	BOS	61.0	86	102		95	106	104				97	106	103
932	2023	Clarke Schmidt	NYY	159.0		88	99		108		83	123		103	102	103
933	2026	Landen Roupp	SFG	155.0	96	96	91			117	85			98	104	103
934	2024	Phil Maton	2 Tms	64.0		86	83		100	114				97	100	103
935	2026	Garrett Cleavinger	TBR	41.1	110	99			116					110	93	103
936	2024	Spencer Turnbull	PHI	54.1	85	83			122	105	88			101	101	103
937	2026	Aaron Civale	2 Tms	111.1	95	82	100	73	91	109				96	109	103
938	2023	Ryan Pepiot	LAD	42.0	95				100		102			98	106	103
939	2025	Robert Stephenson	LAA	10.0	104		120	102	115					114	96	103
940	2025	Mick Abel	2 Tms	39.0	108	100			111	121	95			109	97	103
941	2025	Cam Booser	CHW	31.0	106		109		109		103			107	99	103
942	2023	Ryan Yarbrough	2 Tms	89.2	90	114	97			125	82			107	104	103
943	2025	Jared Koenig	MIL	66.0	143	112	100			126	86			110	96	103
944	2025	Casey Mize	DET	149.0	97	100		95	79	103				95	107	103
945	2024	Carlos Hernández	KCR	30.0	104			94	114			116		106	98	103
946	2024	Manuel Rodríguez	TBR	37.2	94	114			109					107	96	103
947	2023	Bailey Ober	MIN	144.1	96				105	93	107			101	105	103
948	2023	Eli Morgan	CLE	67.1	86				98	96	127			102	104	103
949	2023	Chris Stratton	2 Tms	82.2	93				92	101	99			95	107	103
950	2025	Seth Johnson	PHI	12.2	92			116	113	135				104	103	103
951	2023	Cristopher Sánchez	PHI	99.1		103			99		124			109	94	103
952	2025	Tyler Mahle	TEX	86.2	97		93	85	89					93	111	103
953	2023	Dylan Covey	2 Tms	43.0	48	103	94	109	109		89			102	101	103
954	2026	Gage Jump	ATH	98.2	101	89			116	126	94			107	99	103
955	2024	Scott Alexander	OAK	38.2		99			112		94			101	101	103
956	2024	Daniel Hudson	LAD	63.0	97	98			103		79			101	105	103
957	2024	Josh Sborz	TEX	16.1	96				105	111				102	102	103
958	2026	Kade Anderson	SEA	35.2	88	91			100	99	112			97	106	103
959	2023	Nick Pivetta	BOS	142.2	106		102	114	104	94				102	101	103
960	2025	Tim Mayza	2 Tms	16.2	97	104			90					99	103	103
961	2024	Logan Gillaspie	SDP	11.1	78		77		123	103	107			92	115	103
962	2025	Luis Castillo	SEA	180.2	102	87			108		83			98	107	103
963	2023	Jameson Taillon	CHC	154.1	94	96	93		124	102	82			99	106	103
964	2026	Chase Dollander	COL	44.0	111	103			119	112	102			110	95	103
965	2026	Steven Cruz	KCR	58.2	106		103		126					109	97	103
966	2024	Pierce Johnson	ATL	56.1	86		88			113				105	100	103
967	2023	Yerry Rodríguez	TEX	13.2	96	106			130		107			110	97	103
968	2023	Joe Mantiply	ARI	39.0	78	105				110	106			105	98	103
969	2025	Matt Krook	ATH	3.1		95	77		112		83			97	107	103
970	2023	Adbert Alzolay	CHC	64.0	103	96	104		111		92			106	97	103
971	2023	Lucas Sims	CIN	61.0	95				127	94				111	93	103
972	2026	Dylan Cease	TOR	169.0	110	91			106		109	88		105	98	103
973	2026	Cade Gibson	MIA	50.1	86	99			112	110	91			106	98	103
974	2025	Porter Hodge	CHC	33.0	104			122	113					109	92	103
975	2026	Shota Imanaga	CHC	174.1	94	80		89	98	91				92	110	103
976	2025	Brendon Little	TOR	68.1	90	103	90					119		109	89	103
977	2026	Coleman Crow	MIL	18.2	94	96	93		129	115				101	105	103
978	2026	Ryan Walker	SFG	32.2	93	107			104					106	98	103
979	2025	Kevin Gausman	TOR	193.0	100	120		108	93					102	102	103
980	2025	Nick Pivetta	SDP	181.2	103	81	81	86	114	98				102	102	103
981	2025	Jordan Hicks	2 Tms	67.1	93	107		100	107					105	100	103
982	2024	Colin Holderman	PIT	51.1	113	104	96		127					113	91	103
983	2023	Andre Pallante	STL	68.0	104	102			108	88				103	99	103
984	2024	Ryan Pressly	HOU	56.2	89	98			106	119	97			102	99	103
985	2026	Connor Prielipp	MIN	125.2	86	93			110	128	99			103	103	103
986	2023	Aaron Loup	LAA	48.2	149	113	100			113	113			111	98	103
987	2026	Samy Natera Jr.	LAA	31.2	108			89	123					111	92	103
988	2024	Randy Rodríguez	SFG	52.1	110	102			111		92			109	93	103
989	2023	Greg Weissert	NYY	20.0	122	113	90		114		89			112	91	103
990	2026	Reiver Sanmartin	SFG	21.1	105	99			101		90			97	103	103
991	2025	Cade Cavalli	WSN	48.2	102	111	98		89		96	107		104	97	103
992	2023	Bryan Hoeing	MIA	70.2	87	106		94	105		84			103	101	103
993	2023	Jacob Webb	2 Tms	53.2	105				103		93			101	102	103
994	2025	Grant Wolfram	BAL	26.2	94	108		110	119	119				111	94	103
995	2024	Joel Kuhnel	2 Tms	10.0	78	101			88	117	97			89	111	103
996	2025	Chris Paddack	2 Tms	158.0	94	87	79		85	87	94			91	112	103
997	2026	Craig Yoho	2 Tms	38.1	101	94	93		146		98			98	103	103
998	2026	Patrick Sandoval	BOS	70.1	87	99			112	98	106			101	99	103
999	2023	Sean Hjelle	SFG	29.0	28	114					82	107		110	94	103
1000	2023	Justin Verlander	2 Tms	162.1	91				122	114	115			105	99	103
1001	2026	Cole Sulser	TBR	56.1	97		86		132		97			97	104	103
1002	2023	Tim Hill	SDP	44.1	107	122	101		112					114	95	103
1003	2024	Carmen Mlodzinski	PIT	50.2	99		96		116		97			105	99	103
1004	2026	Andre Pallante	STL	162.0	97	107		102	91			97		97	105	103
1005	2024	Ryne Nelson	ARI	150.2	107		87		104	89	107			102	103	103
1006	2023	Matt Moore	3 Tms	52.2	95						129	111		109	97	103
1007	2024	Casey Mize	DET	102.1	97	106		105	97			95		99	104	103
1008	2026	Bryan King	HOU	60.2	98	100			107	90	85			101	105	103
1009	2023	Andrew Wantz	LAA	39.1	105		99		120		98			107	97	103
1010	2026	Hoby Milner	2 Tms	42.0	110	111			108		86			105	101	103
1011	2023	Mason Englert	DET	56.0	79				84	88	99			87	111	103
1012	2026	Sandy Alcantara	MIA	214.0	95	100	103		111	89	95			100	103	103
1013	2025	Michael King	SDP	73.1	99	107			110		83			101	101	103
1014	2024	John Means	BAL	20.2	96				103		100	102		99	106	103
1015	2024	Reed Garrett	NYM	57.1	107	110	106	117	123					115	86	103
1016	2025	Caleb Freeman	CHW	3.1	83				151	103				104	110	103
1017	2024	Austin Warren	SFG	10.2	94	111	93		114					106	102	103
1018	2026	Tyler Alexander	TEX	73.0	107	106	94		110		88			100	104	103
1019	2026	Shane Baz	BAL	179.2	101	92	97				82	100		98	103	103
1020	2024	David Festa	MIN	64.1	101				97		91			97	102	103
1021	2026	Kyle Hart	SDP	64.0	101	102		112	108					106	95	103
1022	2025	Raisel Iglesias	ATL	67.1	101	95			121		83			97	106	103
1023	2025	Jackson Jobe	DET	49.0	101	115			107	106	107			107	98	103
1024	2024	Andrés Muñoz	SEA	59.1	107	118			116					114	91	103
1025	2025	Troy Melton	DET	45.2	104	99	94	109	108	100				103	98	103
1026	2025	Ryan Walker	SFG	61.1		110			103					108	99	103
1027	2025	Joey Gerber	TBR	4.1	93				97		80			94	109	103
1028	2026	Brad Keller	PHI	31.1	97	105			127		94			109	94	103
1029	2023	Bryan Woo	SEA	87.2	109	121			101		91			110	95	103
1030	2025	Carlos Rodón	NYY	195.1	104	108	105		113	97	108			107	97	103
1031	2026	Gus Varland	WSN	33.0	107				96		92			102	104	103
1032	2026	Erik Tolman	WSN	15.1	109				121		136			119	87	103
1033	2026	Alimber Santa	HOU	15.1	84	93			110					103	100	103
1034	2024	Ricky Vanasco	2 Tms	4.0	92		94		87	87				90	106	103
1035	2024	Jorge López	2 Tms	53.0	86	107			111		103	114		104	99	103
1036	2025	Jorge Alcala	3 Tms	55.0	98	106			109	120	57			105	100	103
1037	2025	AJ Blubaugh	HOU	32.0	103		90		110	97	98			103	100	103
1038	2026	Seth Johnson	2 Tms	33.2	107	101		103	109	133				109	93	103
1039	2024	Daysbel Hernández	ATL	18.0	91	104			128					112	93	103
1040	2025	Connor Brogdon	LAA	47.0	105		94				103			102	101	103
1041	2026	Nick Pivetta	SDP	34.2	106	85	74		120	94				101	103	103
1042	2023	Robert Garcia	2 Tms	32.0	103				105		101			103	103	103
1043	2024	Christian Scott	NYM	47.1	97			97	106					100	101	103
1044	2025	Drew Sommers	DET	3.0	97	94			110		79			101	100	103
1045	2024	Kevin Gausman	TOR	181.0	98	95		93	93					96	105	103
1046	2026	Nate Lavender	NYM	21.2	97				105		95			98	106	103
1047	2026	Jacob Webb	CHC	67.0	102				100	83	94			97	107	103
1048	2026	Wilber Dotel	PIT	42.1	104	103	90		112		84			102	100	103
1049	2023	Miguel Díaz	DET	14.0	83	107			118		118			108	93	103
1050	2025	Will Warren	NYY	162.1	104	104			107	106	87			103	97	102
1051	2024	JoJo Romero	STL	59.0	91	110			122		86			108	95	102
1052	2023	J.C. Mejía	MIL	11.1	79	108			121					113	93	102
1053	2024	Brant Hurter	DET	45.1	80	104			123		81			105	101	102
1054	2023	Seranthony Domínguez	PHI	50.0	120	114			117		82			116	87	102
1055	2025	Braydon Fisher	TOR	50.0	79		92		131	113				111	95	102
1056	2025	Elvis Alvarado	ATH	42.1	113	90			103		79			104	93	102
1057	2024	Drew Smyly	CHC	58.2		92	77					119		105	102	102
1058	2024	Erick Fedde	2 Tms	177.1	78	84	87		113		82			91	109	102
1059	2023	Luis Guillorme	NYM	1.0										18	159	102
1060	2024	Will Vest	DET	70.1	93	110			101		105			98	107	102
1061	2025	Yuki Matsui	SDP	63.1	98	93		113	98	123				103	97	102
1062	2025	Mason Englert	TBR	44.2	99	94	95		96	91	94			95	108	102
1063	2023	Jason Adam	TBR	54.1	108				119		99			108	95	102
1064	2025	Wander Suero	ATL	6.1			107			102	64			97	104	102
1065	2024	Kumar Rocker	TEX	11.2	79	117			109	83	92			97	106	102
1066	2026	Yovanny Cruz	2 Tms	16.0	104	123		136	117					116	84	102
1067	2025	Nick Martinez	CIN	165.2	95	97	88		98	92	118			98	105	102
1068	2024	Tyler Alexander	TBR	107.2	104	92	101		118		84			101	106	102
1069	2024	Derek Law	WSN	90.0	94	82	88		109	97	98			95	107	102
1070	2026	Jonathan Hernández	LAD	25.1	93	107		172	107					105	99	102
1071	2025	Matt Strahm	PHI	62.1	119	103	91		111		104			110	96	102
1072	2023	Chris Sale	BOS	102.2	96	108			113		96			103	104	102
1073	2025	Wandy Peralta	SDP	71.2	75	98			104		99			99	102	102
1074	2024	Parker Mushinski	HOU	11.0	92	95	98		118	120				103	97	102
1075	2026	Sonny Gray	BOS	169.0	88	103	84		128	103	84			101	98	102
1076	2026	AJ Smith-Shawver	ATL	31.1	102	95	98	113	101	99				105	100	102
1077	2023	Cionel Pérez	BAL	53.1	101	114			100	105				106	96	102
1078	2023	Kyle Hurt	LAD	2.0	82						117			100	113	102
1079	2023	Carlos Estévez	LAA	62.1	105				118	95	80			107	98	102
1080	2024	Joe Mantiply	ARI	59.2	88	106				107	106			106	98	102
1081	2026	Jordan Hicks	CHW	48.0	111	116		112	118					115	91	102
1082	2026	Brenan Hanifee	DET	21.1	94	105			110		92			104	101	102
1083	2025	Landen Roupp	SFG	106.2	96	91	85			110	90			97	106	102
1084	2025	Ethan Roberts	CHC	9.0		87	100		106					103	95	102
1085	2026	Jeff Hoffman	2 Tms	66.0	115	102		97	104					106	96	102
1086	2025	Frankie Montas	NYM	38.2	89	101	90	110	109					101	102	102
1087	2025	Chad Patrick	MIL	119.2	106	94	113	82	111	104	82			105	99	102
1088	2023	Kutter Crawford	BOS	129.1	108		92	107	117			82		101	101	102
1089	2025	Ryan Zeferjahn	LAA	57.0	113	117	100		116	113				111	91	102
1090	2024	Jordan Wicks	CHC	46.0	103	97	108		112	91	101			102	100	102
1091	2023	Anthony Banda	WSN	7.0	121	122	129		105		92			105	99	102
1092	2024	Bryan Hoeing	2 Tms	53.2	84	97		103	102					98	103	102
1093	2024	Justin Steele	CHC	134.2	93	100			117	116	86			101	102	102
1094	2024	Luis Gil	NYY	151.2	108				117		89			106	92	102
1095	2025	Tyler Alexander	2 Tms	97.2	100	96	93		114		85			99	106	102
1096	2026	Brandon Pfaadt	ARI	136.0	101	99	87		113	95	73			96	105	102
1097	2026	Carlos Vargas	SEA	19.0		103	92		129					107	100	102
1098	2024	Daulton Jefferies	2 Tms	14.2	99	90	83		120		69			94	107	102
1099	2026	José Fermin	LAA	53.2	97	105			108		78			105	98	102
1100	2024	Tom Cosgrove	SDP	14.2	108	87			123					110	99	102
1101	2024	Luis Ortiz	PHI	0.2	74	82			133	88				105	102	102
1102	2023	Wandy Peralta	NYY	54.0	77	99			103		99			98	99	102
1103	2024	Austin Kitchen	MIA	7.0	83	101			105	81	70			91	110	102
1104	2025	Aaron Bummer	ATL	54.1	95	104			112	107				105	100	102
1105	2026	Eduardo Rodriguez	ARI	189.2	93	96	94			92	90			92	109	102
1106	2025	Julian Merryweather	CHC	18.2	85				114		150			101	101	102
1107	2024	Mason Englert	DET	21.2	85	96	87		95	86	101			93	108	102
1108	2024	Luke Weaver	NYY	84.0	106		90				99	88		100	98	102
1109	2024	Shawn Armstrong	3 Tms	66.2	104	105	95		125					105	104	102
1110	2025	Clay Holmes	NYM	165.2	77	102	88		107		94			100	101	102
1111	2026	Brendon Little	TOR	28.1	80	116	97		100			128		109	89	102
1112	2025	Cole Sulser	TBR	22.2	94		89		119		104			97	106	102
1113	2026	Beau Brieske	DET	25.1	87	103			104	122	101			99	104	102
1114	2024	Miguel Castro	ARI	13.2		99			110		92			99	100	102
1115	2025	Nick Mears	MIL	56.2	97				106	93				101	103	102
1116	2025	Clarke Schmidt	NYY	78.2	98	89	95		105			115		101	101	102
1117	2026	Chris Roycroft	3 Tms	38.1	84	102	101		117		84			98	105	102
1118	2024	Eduard Bazardo	SEA	27.2	91	109		88	114					105	100	102
1119	2024	Paul Blackburn	2 Tms	75.1	82	86	92		95	97	82			88	110	102
1120	2024	Luis Severino	NYM	182.0	102	99	96		135		98			109	96	102
1121	2023	Michael Fulmer	CHC	57.0	95	102	95		123		91			104	95	102
1122	2023	Will Vest	DET	48.1	90	112			90		96			91	112	102
1123	2026	Craig Kimbrel	3 Tms	46.0	116	113			96		80	91		109	92	102
1124	2025	Brandon Woodruff	MIL	64.2	114	88	91		112	87	91			97	106	102
1125	2026	Matt Waldron	3 Tms	42.2	97	94	89		98					94	107	102
1126	2026	Joe La Sorsa	BOS	0.1	72	97			137					111	110	102
1127	2026	Daniel Lynch IV	KCR	86.0	98	105			112		95	91		101	97	102
1128	2025	Michael McGreevy	STL	95.2	81	98	80		94	91	76			88	111	102
1129	2025	Pierce Johnson	ATL	59.0	81		81			106				99	106	102
1130	2026	Easton McGee	2 Tms	11.1	103	102	91		102	96	76			98	107	102
1131	2023	Daniel Palencia	CHC	28.1	112	121			127	131	92			117	85	102
1132	2025	Tanner Bibee	CLE	182.1	87	110	103		111	102	122			104	99	102
1133	2023	Reid Detmers	LAA	148.2	93				113	106	96			102	100	102
1134	2023	Tom Cosgrove	SDP	51.1	103	92			126		85			112	97	102
1135	2025	David Robertson	PHI	17.2		65	100		100		81	101		98	99	102
1136	2026	Ian Seymour	TBR	132.2	98	91	92		121	100	94			102	102	102
1137	2026	Troy Melton	DET	114.1	101	101	95		99	104	106			100	100	102
1138	2026	Luis Castillo	2 Tms	130.2	96	93	86		103		83			96	108	102
1139	2026	Rico Garcia	BAL	67.0	94				93	114	92			98	101	102
1140	2024	Max Scherzer	TEX	43.1	98		108		105	101	91			100	104	102
1141	2025	Daysbel Hernández	ATL	37.0	89				114					103	98	102
1142	2024	Mike Baumann	5 Tms	58.1	101	103			87		89	118		103	96	102
1143	2023	Peter Strzelecki	2 Tms	37.0	98	89	84		112		94			101	103	102
1144	2023	Trevor Kelley	TBR	15.1		103			110		85			107	98	102
1145	2023	Jordan Wicks	CHC	34.2	92	87	93		96	104	101			95	104	102
1146	2025	Brandon Pfaadt	ARI	176.2	103	93	93		115	96	74			97	105	102
1147	2026	Tyler Mahle	2 Tms	149.0	93	77	81	83	87					88	111	102
1148	2024	Michel Otañez	OAK	34.0	131	118			121					124	80	102
1149	2025	Andrew Abbott	CIN	166.1	96		90		121	101	95			99	105	102
1150	2026	Caleb Kilian	2 Tms	47.2	103	97			107			106		103	100	102
1151	2025	Joe La Sorsa	CIN	6.2	100	96			114		90			100	101	102
1152	2026	Emerson Hancock	SEA	138.2	92	99	99		125	133	82			101	106	102
1153	2023	Braxton Garrett	MIA	159.2	88	108	94		113	85	98			103	99	102
1154	2026	Riley O'Brien	STL	64.0		108			105		86			106	98	102
1155	2026	Brent Suter	2 Tms	91.0	96	92			102		106			98	108	102
1156	2024	Bryan King	HOU	26.1	93	92			117	89				101	98	102
1157	2025	Collin Snider	SEA	26.1	103	87	101		108	98				101	107	102
1158	2023	Marcus Stroman	CHC	136.2	98	94	101	82	109	111				99	101	102
1159	2023	MacKenzie Gore	WSN	136.1	101				93	106	97			100	100	102
1160	2025	Matthew Boyd	CHC	179.2	92	97			114	108	102			99	107	102
1161	2025	JP Sears	2 Tms	135.2	86	83	81		121	119	79			98	105	102
1162	2024	Janson Junk	2 Tms	8.0	98	96			91	100				96	107	101
1163	2026	Dax Fulton	MIA	28.2	99	108			114		103			109	90	101
1164	2026	Connor Thomas	2 Tms	25.2	98	104	87		89		95			96	105	101
1165	2023	Joe Jacques	BOS	26.2	95	114			100		92			108	97	101
1166	2024	Burch Smith	2 Tms	56.1	110	68	99		118	90	72			104	97	101
1167	2023	Cody Bradford	TEX	56.0	107		91		88		91			100	106	101
1168	2025	Paul Blackburn	2 Tms	39.0	103	95	92		100	96	75			94	106	101
1169	2025	Gunnar Hoglund	ATH	32.1	93	94			97		96			95	105	101
1170	2025	Dylan Dodd	ATL	35.0	100		98		118		81			103	103	101
1171	2024	Nathan Eovaldi	TEX	170.2	93		95	108	97	104				100	104	101
1172	2024	Reid Detmers	LAA	87.1	102				120	98	93			104	98	101
1173	2026	Javier Assad	CHC	94.1	91	106	85		109	92	103			100	100	101
1174	2025	Shane Bieber	TOR	40.1	94		84		90		101	89		92	106	101
1175	2025	Sam Bachman	LAA	20.1	49	95			106		90			100	101	101
1176	2025	Luke Weaver	NYY	64.2	102		83		82		94			97	102	101
1177	2023	Steven Okert	MIA	58.2	95	115			121					111	93	101
1178	2025	Didier Fuentes	ATL	13.0	109			99	111	104				109	95	101
1179	2023	Kaleb Ort	BOS	23.0	103		71		117		90			105	95	101
1180	2025	Craig Kimbrel	2 Tms	12.0	115				87		78	86		105	95	101
1181	2025	Ron Marinaccio	SDP	10.2	104		96		110		108			104	105	101
1182	2025	Noah Cameron	KCR	138.1	81		94		105	104	106			96	101	101
1183	2024	Cooper Criswell	BOS	99.1		104	93		121		88			103	101	101
1184	2023	J.B. Bukauskas	2 Tms	7.0	81	110			115		64			108	94	101
1185	2025	Brandon Waddell	NYM	31.1	85	99			106		81			96	103	101
1186	2025	J.P. Feyereisen	2 Tms	4.0	86				100		105			97	109	101
1187	2023	Kenta Maeda	MIN	104.1	79	79		97	97	82				90	108	101
1188	2026	Justin Hagenman	NYM	8.0	97		99		94		79			93	108	101
1189	2023	Ryne Nelson	ARI	144.0	98		98		100	86	101			98	105	101
1190	2026	Ryne Stanek	STL	62.2	99	102		116	123					108	95	101
1191	2024	Troy Taylor	SEA	19.1	92				132		109			109	100	101
1192	2026	Joe Mantiply	TOR	27.0		112				111	111			112	90	101
1193	2026	Shane McClanahan	TBR	118.0	86				113	102	134			107	94	101
1194	2023	Jonathan Bowlan	KCR	3.0	115	85			102	87	84			104	101	101
1195	2023	Sean Reid-Foley	NYM	7.2	95				82		100			94	106	101
1196	2026	Tyler Ferguson	2 Tms	18.2	94	103	110		119		94			104	103	101
1197	2026	Kyle Leahy	STL	140.0	88	106			91	91	93			93	106	101
1198	2023	Lance Lynn	2 Tms	183.2	104	86	99			103	80			99	102	101
1199	2025	Hunter Harvey	KCR	10.2	88			104	117	107				99	106	101
1200	2026	Thomas Pannone	MIL	3.0	108	83	106		146	123	61			102	104	101
1201	2023	Mike Mayers	KCR	26.1	90	88	90		91	88	85			89	111	101
1202	2023	Alan Busenitz	CIN	7.0	80	96	93		110	107	81			93	115	101
1203	2024	Bailey Horn	BOS	18.0	91		98		111	122				106	97	101
1204	2026	Eduard Bazardo	SEA	67.1	91	102		81	110					104	101	101
1205	2024	Brock Burke	2 Tms	34.0	99	110			107		110			103	99	101
1206	2026	Will Klein	LAD	41.2	96				93	94				95	103	101
1207	2026	Hunter Brown	HOU	107.1	105	111	87		88	106	84	107		104	95	101
1208	2024	Frankie Montas	2 Tms	150.2	97	97	102	110	118					102	98	101
1209	2023	Johnny Cueto	MIA	52.1	101	94	71		88	88	81			92	110	101
1210	2026	Tanner Banks	PHI	36.1	96	96			103		110			101	103	101
1211	2023	Jacob Barnes	STL	13.2	104		91		106		83			98	103	101
1212	2024	Bryan Abreu	HOU	78.1	102				115		105			109	92	101
1213	2025	Jameson Taillon	CHC	129.2	92	92	94		113	89	102			96	108	101
1214	2024	Robert Gasser	MIL	28.0	104	96	101		123		88			105	98	101
1215	2025	Kody Funderburk	MIN	41.0		112	85		102		102			101	98	101
1216	2023	Carlos Rodón	NYY	64.1	105				114	98	105			107	94	101
1217	2026	Chase Silseth	2 Tms	60.0	95	86		99	108					97	103	101
1218	2024	Jacob Barnes	WSN	66.0	106		95		102					100	100	101
1219	2025	Andrew Alvarez	WSN	23.1	82	98			83	102	84			89	106	101
1220	2024	Sean Reynolds	SDP	11.0	98				121		82			108	93	101
1221	2023	Phil Bickford	2 Tms	67.1	109				106		85			108	95	101
1222	2023	Dean Kremer	BAL	172.2	109	92	106		108	94	89			102	98	101
1223	2026	Hogan Harris	ATH	70.1	108		90		115	101	104			106	98	101
1224	2026	Enyel De Los Santos	HOU	71.1	97				98		88			95	106	101
1225	2023	Jeff Hoffman	PHI	52.1	111	109		108	121					118	86	101
1226	2023	Wade Miley	MIL	120.1	90	104	97		111	83	88			94	105	101
1227	2024	Adam Kloffenstein	STL	1.0		117	97			118				116	75	101
1228	2023	Adam Cimber	TOR	20.2	116	124			111					117	90	101
1229	2023	Jordan Montgomery	2 Tms	188.2	84	96	100			119	94			99	102	101
1230	2023	James Paxton	BOS	96.0	97	110	121				114	101		103	99	101
1231	2023	Steven Matz	STL	105.0		94			87	103	101			97	107	101
1232	2026	Camilo Doval	3 Tms	60.2		90	89		126		92			101	98	101
1233	2025	Justin Verlander	SFG	152.0	94	84			114	108	106			103	99	101
1234	2023	Nick Lodolo	CIN	34.1	103	104				115	91			105	102	101
1235	2026	Taylor Clarke	ARI	73.0	103	89	80		101		89			91	105	101
1236	2025	Mason Black	SFG	4.0	96	85	79		100		83			94	112	101
1237	2025	Nolan Hoffman	PHI	1.0		80	96			91	76			83	114	101
1238	2023	Luis Severino	NYY	89.1	94	93	110		118		98			102	102	101
1239	2025	Seth Halvorsen	COL	39.2	106			105	122					109	91	101
1240	2023	Anthony Bass	TOR	20.0	86	108		114	101					103	99	101
1241	2024	Hayden Wesneski	CHC	67.2	86	106	80		105		97			96	105	101
1242	2026	Tyler Glasnow	LAD	74.0	105	102			85	153		93		101	96	101
1243	2023	Nate Pearson	TOR	42.2	97				108	111				102	95	101
1244	2024	Eduardo Salazar	2 Tms	29.1	85	105			94	71	59			99	99	101
1245	2024	Yu Darvish	SDP	81.2	111	98	92	96	99	92		96		100	101	101
1246	2023	Jackson Wolf	SDP	5.0	85				102		80			90	108	101
1247	2026	Tanner Bibee	CLE	188.0	91	102	102		113	92	124			102	100	101
1248	2025	Hogan Harris	ATH	64.2	95	86	103		109	109	108			101	104	101
1249	2023	Edward Cabrera	MIA	99.2	95	106			105	111	96			101	97	101
1250	2023	Angel Perdomo	PIT	29.0	100				108		76			101	98	101
1251	2024	Geoff Hartlieb	COL	9.0	92	90	100		118					98	105	101
1252	2026	Ben Joyce	LAA	15.1	127	98			137					121	81	101
1253	2024	Yohan Ramírez	4 Tms	45.0	89	110			125	94				109	93	101
1254	2025	Justin Lawrence	PIT	17.2	103	101			105					103	97	101
1255	2024	Tyler Holton	DET	94.1	97	108	96		113	122	91			101	102	101
1256	2024	Sam Moll	CIN	37.2	107	101			115		98			106	97	101
1257	2024	Shaun Anderson	2 Tms	16.1	86	80			81		81			82	111	101
1258	2025	Colton Gordon	HOU	86.0	90	94			113	96	80			97	107	101
1259	2026	Brandon Young	BAL	156.2	98	90		96	105	92				97	105	101
1260	2023	James Naile	STL	15.1	71	98	82			108	90			101	98	101
1261	2023	Sonny Gray	MIN	184.0	90	98	90		128	94	85			99	98	101
1262	2023	Austin Pruitt	OAK	48.1	70	94			104	92	100			92	105	101
1263	2026	Jesse Scholtens	TBR	47.2	100	93		102	87					93	106	101
1264	2024	Jose E. Hernandez	PIT	5.1	78				109					99	103	101
1265	2024	T.J. McFarland	OAK	56.2	83	96	68		94		73			92	110	101
1266	2024	Garrett Cleavinger	TBR	60.0	109	124	102		120					113	89	101
1267	2023	Derek Law	CIN	55.0	98	85	93		115	106	94			98	102	101
1268	2025	Trevor Richards	2 Tms	5.2	75				99		116			90	113	101
1269	2023	Cristian Javier	HOU	162.0	93				113		91	88		98	101	101
1270	2025	Brent Headrick	NYY	23.0	104			113	119					109	97	100
1271	2026	Tyler Kinley	2 Tms	57.1	73	75			107	114				102	100	100
1272	2026	Hagen Smith	CHW	28.0	107		100		114		104			108	93	100
1273	2023	Nick Ramirez	NYY	40.2	82	112			115		103	81		110	94	100
1274	2024	Andrew Heaney	TEX	160.0	104	116	88		95	86	95			99	103	100
1275	2024	Matthew Liberatore	STL	86.0	87	98	97		120	151	83			104	98	100
1276	2023	Michael Tonkin	ATL	80.0	100				102					99	106	100
1277	2024	Tommy Nance	TOR	22.0	71	105			102	96				100	96	100
1278	2023	Bailey Falter	2 Tms	80.2	99	92		77	91	92	77			94	107	100
1279	2026	Orion Kerkering	PHI	58.0	95	105		96	120					107	95	100
1280	2023	J.P. France	HOU	136.1	88		98		106	96	98			94	103	100
1281	2025	Ryan Johnson	LAA	14.2	84	84	101	88	117					101	103	100
1282	2024	Graham Ashcraft	CIN	77.1		73	98		123		98			102	96	100
1283	2025	Kris Bubic	KCR	116.1	101	95			91		96			96	101	100
1284	2025	Scott Alexander	2 Tms	17.2		97			105		91			98	100	100
1285	2025	Cole Sands	MIN	72.0	90	88	103	92		106				96	105	100
1286	2023	Caleb Ferguson	LAD	60.1	101		120		96					107	96	100
1287	2023	Tristan Beck	SFG	85.0	89				102	88	106			96	101	100
1288	2024	Freddy Peralta	MIL	173.2	100				106	102	84			99	102	100
1289	2023	Lucas Erceg	OAK	55.0	102	121	111		112		97			109	93	100
1290	2025	Tyler Wells	BAL	21.2	88		107		104	107	105			99	106	100
1291	2023	Ross Stripling	SFG	89.0	85	90		121	88		102	94		92	110	100
1292	2023	Calvin Faucher	TBR	25.2		95	104		121	104				102	100	100
1293	2024	Taj Bradley	TBR	138.0	111		106	110		96				109	90	100
1294	2024	José Leclerc	TEX	66.2	102	80	109		118		73			104	96	100
1295	2026	Gregory Santos	SFG	5.0	90	94			105		91			99	100	100
1296	2024	Victor Vodnik	COL	73.2	94				112		104			99	99	100
1297	2025	Cole Henry	WSN	52.2	104	107	96			113	82			110	93	100
1298	2026	Tommy Nance	2 Tms	59.2	97	86			84	146				102	97	100
1299	2024	Tim Mayza	2 Tms	42.2	86	101			99					100	98	100
1300	2025	Hunter Gaddis	CLE	66.2	92				95		108			96	105	100
1301	2026	Cristian Javier	HOU	63.0	97	88	95		114		82	96		99	103	100
1302	2025	Trevor Rogers	BAL	109.2	97	89			110		91			97	104	100
1303	2025	Chad Green	TOR	43.2	100	86			99					99	101	100
1304	2026	Stephen Kolek	KCR	54.0	87	102	88		96		77			92	106	100
1305	2025	Jason Adam	SDP	65.1	96		125		105		103			102	96	100
1306	2023	Scott Barlow	2 Tms	68.0	89	98			98	110				101	100	100
1307	2026	Brayan Bello	BOS	116.1	77	102	88		103	97	77			92	107	100
1308	2026	Cole Winn	TEX	48.0	108	112	85	101	101	93				99	100	100
1309	2023	Aaron Bummer	CHW	58.1	103	103	103		131		110			114	91	100
1310	2024	Bowden Francis	TOR	103.2	98	77		102	90	107				99	103	100
1311	2024	Landen Roupp	SFG	50.1	89	98			93	103	80			98	102	100
1312	2025	Greg Weissert	BOS	67.0	97	92			99	135	87			97	103	100
1313	2024	John Schreiber	KCR	51.2	98	112	91		102		78			100	102	100
1314	2023	Carlos Vargas	ARI	4.2	107	122	119				118			115	85	100
1315	2026	Kyle Bradish	BAL	155.0	87	96			112	104	80			100	98	100
1316	2026	Seranthony Domínguez	2 Tms	62.0	103	100		118	123	99				110	91	100
1317	2026	Raisel Iglesias	ATL	60.0	104	96			121		82			96	106	100
1318	2025	Jordan Leasure	CHW	64.1	105			101	98					102	95	100
1319	2026	Tristan Beck	SFG	19.0	89				103	86	95			96	102	100
1320	2023	Sean Newcomb	OAK	15.0	86	98	94			97	90			91	111	100
1321	2024	Michael King	SDP	173.2	98	97			113		76			96	104	100
1322	2023	Merrill Kelly	ARI	177.2	97	93	97		105	105	90			96	103	100
1323	2024	Ethan Roberts	CHC	26.2	104	85	96		115					106	97	100
1324	2024	Jake Bloss	HOU	11.2	95	88			92	84	82			92	106	100
1325	2024	Zack Littell	TBR	156.1	85	84		105	85					89	110	100
1326	2023	Chi Chi González	MIA	3.2	87	76			95	95	88			88	112	100
1327	2023	Michael Grove	LAD	69.0	85	91	97		103		92	94		95	106	100
1328	2026	Framber Valdez	DET	174.0	69	98	84		123	116	95			103	96	100
1329	2024	Shane Baz	TBR	79.1	99				106	115	82			102	96	100
1330	2024	Andre Pallante	STL	121.1	96	104			90			96		97	101	100
1331	2026	Brooks Raley	2 Tms	52.2		96	98		134		88			109	92	100
1332	2024	Hunter Stratton	PIT	37.2	105	104	99		118					106	96	100
1333	2026	Lucas Erceg	KCR	48.1	92	101	107		111		88			100	102	100
1334	2023	Nate Eaton	KCR	1.0	63	105			108		106			86	109	100
1335	2024	Ryan Miller	LAA	13.0		101			98					100	103	100
1336	2025	David Festa	MIN	53.1	98	92			85		82			89	106	100
1337	2026	Josh Fleming	TOR	3.0		115	95			106	97			107	92	100
1338	2024	Jonathan Cannon	CHW	124.1	100	90	87		120		83			96	104	100
1339	2024	Cole Sulser	2 Tms	16.1	92		88		105		103			95	103	100
1340	2024	Jack Kochanowicz	LAA	65.1	85	99				112	92			101	100	100
1341	2026	Adrian Houser	SFG	109.2	86	93			89	80	91			90	108	100
1342	2026	Jakob Junis	TEX	54.1	85	85			106		77			94	106	100
1343	2023	Chasen Shreve	2 Tms	44.2	82			92	96					89	109	100
1344	2026	Calvin Faucher	MIA	68.1	89	104	101		104	114				103	96	100
1345	2023	Darren McCaughan	SEA	5.0	64	78			113		86			98	104	100
1346	2024	Zac Gallen	ARI	148.0	95	104	94		94		81	90		92	104	100
1347	2026	Grayson Rodriguez	LAA	98.2	102				104	92	108			103	99	100
1348	2026	Connelly Early	2 Tms	94.2	106	96			102	105	104			103	97	100
1349	2025	Gordon Graceffo	STL	43.0	83	93			99	106	94			94	107	100
1350	2026	Keaton Winn	SFG	43.0	79	96		108	100					98	101	100
1351	2025	Chris Devenski	NYM	16.2	82	87	90		102		119			102	98	100
1352	2023	Casey Lawrence	STL	27.1	90	83	83		106	66	80			89	107	100
1353	2025	Jakob Junis	CLE	66.2	72	86			109		74			92	107	100
1354	2024	Austin Voth	SEA	61.0	102		97		101	105				101	102	100
1355	2023	Brooks Kriske	KCR	6.2	90			127	126					116	88	100
1356	2023	Hunter Brown	HOU	155.2	99	96	97		88			100		99	99	100
1357	2023	Dylan Cease	CHW	177.0	97				115		117	88		103	97	100
1358	2024	Walker Buehler	LAD	75.1	97	101	98		118		82	101		100	98	100
1359	2024	Garrett Whitlock	BOS	18.1		97	77		100		90			92	105	100
1360	2023	Drey Jameson	ARI	40.2	87	108			113	91	100			102	97	100
1361	2026	Tobias Myers	NYM	53.2	100		85	122	95	90				103	98	100
1362	2026	Ben Peoples	TEX	16.1	93				115		100			101	100	100
1363	2026	Austin Warren	NYM	50.1	114	104	83		90	111	80			99	100	100
1364	2026	Matt Brash	SEA	16.2	99	100			105		95			102	97	100
1365	2026	Taj Bradley	MIN	178.1	106		115	110		113				110	91	100
1366	2024	Carlos Rodriguez	MIL	12.1	107	91	89		104	112	76			96	106	100
1367	2023	Martín Pérez	TEX	141.2	80	96	80		103	93	85			89	108	100
1368	2024	Jameson Taillon	CHC	165.1	82	85	92		120	99	77			93	108	100
1369	2024	Tylor Megill	NYM	78.0	104	106	88	122	108	92	119			103	95	100
1370	2026	Edward Cabrera	CHC	80.0	86	95			100	106	89			94	104	100
1371	2025	Hunter Bigge	TBR	15.0	92	88		98	112	115				102	97	100
1372	2026	Jacob Lopez	ATH	123.1	92	81	86		116		83			98	103	100
1373	2026	DL Hall	MIL	61.1	93	104	101		117	102	91			103	96	100
1374	2026	Matthew Boyd	CHC	126.2	86	96			108	106	99			95	107	100
1375	2025	Tanner Houck	BOS	43.2	90	97		85	101					96	102	100
1376	2024	Clayton Kershaw	LAD	30.0	90	88		87	106	117	77			101	97	100
1377	2024	Keaton Winn	SFG	55.1	83	99		115	105					102	96	100
1378	2026	Cade Cavalli	WSN	169.2	95	96	94		111		93	111		102	99	100
1379	2023	Reiver Sanmartin	CIN	14.0	96	106			105		96			100	98	100
1380	2026	Joey Gerber	NYM	8.1	99		100		104		92			100	98	100
1381	2023	Joe Barlow	TEX	9.2	92				97	93				95	102	100
1382	2026	Luis Perales	WSN	11.0	116		97	131	118					115	84	100
1383	2025	Taylor Rogers	2 Tms	50.2	92	95			122					109	98	100
1384	2023	Archie Bradley	MIA	7.1	89	94					80	77		87	107	100
1385	2026	Ethan Pecko	HOU	34.1	98	100	98		104	97	75			98	99	100
1386	2025	José Buttó	2 Tms	67.0	98	95			98		87			97	98	100
1387	2024	Brent Headrick	MIN	3.0	107				111		90			102	101	100
1388	2026	Jack Perkins	ATH	121.0	95	93	87		106		99			98	101	100
1389	2024	Génesis Cabrera	TOR	62.2	120	98	123			95	87			110	91	100
1390	2025	Adrian Houser	2 Tms	125.0	98	98			92	79	94			94	105	100
1391	2023	Gavin Williams	CLE	82.0	97				106	87	73			96	104	100
1392	2023	Spencer Howard	TEX	3.1	102				108		106			105	93	100
1393	2023	Luke Little	CHC	6.2	93				114					102	100	100
1394	2025	Yu Darvish	SDP	72.0	106	93	88	99	98	111	85	100		99	100	100
1395	2025	Jacob Lopez	ATH	92.2	97	87	91		112		82			98	101	100
1396	2023	Reese Olson	DET	103.2	82	104			108	98	98			98	104	99
1397	2024	Raymond Burgos	SFG	1.0	94	78			98		81			84	107	99
1398	2026	Scott Blewett	2 Tms	37.1	95	90	82	113	105					94	104	99
1399	2026	Jordan Leasure	CHW	18.2	111	89		107	98					105	94	99
1400	2024	Tanner Bibee	CLE	173.2	92	115			116	109	113			103	100	99
1401	2025	Connor Phillips	CIN	25.0	99				131	111				114	89	99
1402	2026	Yusei Kikuchi	LAA	67.2	98		76	107	93	99				98	101	99
1403	2023	Austin Warren	LAA	1.2		159	73		97		91			98	94	99
1404	2025	Joe Mantiply	ARI	9.2	93	109				103	111			107	91	99
1405	2023	Patrick Sandoval	LAA	144.2	85	97			111	94	114			102	96	99
1406	2024	Adam Ottavino	NYM	56.0	119	107	96		111		89			107	96	99
1407	2026	Ben Brown	CHC	68.0	88	100					100	116		102	99	99
1408	2023	Mike Baumann	BAL	64.2	96				86		87	119		100	98	99
1409	2023	Tyler Holton	DET	85.1	96	112	91		111	107	95			99	101	99
1410	2025	Zac Gallen	ARI	192.0	97	79	89		86		81	97		93	105	99
1411	2026	Alex Cook	TBR	5.2	102				105		94			102	97	99
1412	2023	Andre Jackson	2 Tms	61.1	90				93	81	105			95	103	99
1413	2024	Ryan Weathers	MIA	86.2	96	88			115		100			100	100	99
1414	2026	Danny Young	ATL	12.1		108	150		109		111			109	91	99
1415	2024	Ian Gibaut	CIN	2.0	87		82		109		72			87	109	99
1416	2026	Trevor McDonald	SFG	70.1	83	106	72		90		89			99	100	99
1417	2023	Hunter Stratton	PIT	12.0	103		107		125					108	94	99
1418	2024	Beau Brieske	DET	67.2	98	102			112		103			102	96	99
1419	2024	Aaron Civale	2 Tms	161.0	93	82	102	76	124	145				106	98	99
1420	2026	Sean Burke	CHW	172.1	119	89	89		89		83	86		99	101	99
1421	2023	Michael Wacha	SDP	134.1	85	90	74			87	124			98	103	99
1422	2026	Joel Payamps	ATL	7.2	97	88	86		99		73			96	102	99
1423	2025	MacKenzie Gore	WSN	159.2	99		96		98	106	91			100	99	99
1424	2025	Casey Lawrence	2 Tms	17.2	75	77	74		98	72	78			83	115	99
1425	2025	Lake Bachar	MIA	71.0	98			105	103					101	99	99
1426	2024	Jackson Jobe	DET	4.0	99		121		115		108			107	93	99
1427	2025	Stephen Kolek	2 Tms	112.2	87	109	86		96	106	91			95	103	99
1428	2023	Germán Márquez	COL	20.0	80	81			97		79	130		93	103	99
1429	2024	Jacob Latz	TEX	43.2	108				103	87	95			103	95	99
1430	2024	Edgardo Henriquez	LAD	3.1	101		139							115	92	99
1431	2026	J.T. Ginn	ATH	138.1	81	108	78		95		81			93	102	99
1432	2023	Jonathan Hernández	TEX	31.2		93			112		84			100	98	99
1433	2024	Alan Busenitz	CIN	4.0	75	88	76		117	91	99			90	105	99
1434	2026	Peyton Gray	TEX	56.0	92				81		96			92	106	99
1435	2026	Kyle Backhus	PHI	20.0		116			104		92			110	95	99
1436	2025	Rob Zastryzny	MIL	22.0	100		93	90	118		91			100	100	99
1437	2025	Matt Brash	SEA	47.1	92	105			101		108	148		104	93	99
1438	2024	Jake Cousins	NYY	38.0	111	97			110					106	95	99
1439	2025	Bryce Elder	ATL	156.1	78	91			100		86			92	104	99
1440	2026	Sean Newcomb	CHW	90.1	94	105	94			116	84			104	97	99
1441	2025	Randy Wynne	CIN	3.0		113	94		109	106	100			99	113	99
1442	2023	Jack Flaherty	2 Tms	144.1	101	76	93		89		75	110		97	100	99
1443	2025	Colin Holderman	PIT	25.2	101	107	96	93	124					108	94	99
1444	2025	Michael Wacha	KCR	172.2	91	87	79		85	92	125			96	103	99
1445	2025	Troy Taylor	SEA	6.2	92				114		85			99	102	99
1446	2026	Chase Solesky	TBR	3.0	108	122	83		115		92			109	95	99
1447	2025	Huascar Brazobán	NYM	63.0	95	103	100				102			101	96	99
1448	2026	Luis Gastelum	STL	36.2	96	98			92		110			100	99	99
1449	2026	Hunter Gaddis	CLE	60.1	96			108	94		106			98	99	99
1450	2025	Jack Dreyer	LAD	76.1	101				96	101				99	100	99
1451	2026	John Schreiber	2 Tms	60.1	109	106	91		98		95			102	97	99
1452	2026	Andrew Kittredge	BAL	48.1	90	94			103					98	103	99
1453	2025	Joey Cantillo	CLE	95.1	90				83	113	113			101	98	99
1454	2026	Alek Jacob	SDP	5.0	67	83			82		112			86	119	99
1455	2023	Jon Gray	TEX	157.1	85				114	94	79			96	103	99
1456	2023	JP Sears	OAK	172.1	88	69			125		88			101	102	99
1457	2024	José Berríos	TOR	192.1	89	94	87			100	87			94	104	99
1458	2024	Bryan Hudson	MIL	62.1	102		95		99					100	103	99
1459	2025	Sean Guenther	DET	10.1	82	97		82	106					97	103	99
1460	2025	Gavin Williams	CLE	167.2	99	95	79		114	109	92			101	98	99
1461	2026	Max Scherzer	TOR	84.2	90		98		107	103	84			94	106	99
1462	2024	Seth Martinez	HOU	52.2	101	92			111		88			101	99	99
1463	2025	Justin Steele	CHC	22.2	97	101			116	110	87			103	100	99
1464	2026	Brandon Woodruff	MIL	45.1	100	95	88		115	91	88			95	105	99
1465	2024	Joey Estes	OAK	127.2	86	68	97		122		79			97	107	99
1466	2024	Isaiah Campbell	BOS	6.2	92	87			103					101	96	99
1467	2026	Zac Gallen	ARI	105.1	92	78			80		83	93		87	109	99
1468	2025	Yaramil Hiraldo	BAL	19.2	93				106		102			100	96	99
1469	2026	Erick Fedde	CHW	141.0	97	83	86		100		75			89	108	99
1470	2024	Caleb Ferguson	2 Tms	54.1	97	118	105		111	99				102	100	99
1471	2026	Ranger Suarez	BOS	148.1	83	97	91		116	105	92			94	105	99
1472	2024	Bobby Miller	LAD	56.0	98	113			101	103	119			106	92	99
1473	2026	Chase Petty	CIN	31.2	106	90			108		100			100	100	99
1474	2024	Jordan Hicks	SFG	109.2	86	98		113	117					105	94	99
1475	2023	Angel Zerpa	KCR	42.2	82	110			110		87			96	102	99
1476	2023	Frankie Montas	NYY	1.1	87	94	102	115						102	101	99
1477	2026	Drew Anderson	DET	108.0	89	95			88	86	116			97	100	99
1478	2025	Jayden Murray	HOU	11.2	94	99	79		116	114	70			98	105	99
1479	2026	Michael Wacha	KCR	200.2	94	91	75		87	87	130			98	101	99
1480	2024	Grae Kessinger	HOU	1.0										66	134	99
1481	2024	Ronny Henriquez	MIN	19.1	107	111			97		86			96	99	99
1482	2025	Spencer Bivens	SFG	81.0	99	98	95		120	100	83			97	103	99
1483	2025	Ryan Gusto	2 Tms	101.2	104	101	90		106	91	81			98	102	99
1484	2026	Andrew Alvarez	WSN	112.2	85	100			94	104	89			95	99	99
1485	2026	Chad Dallas	TOR	14.1	86	89	96		99	98				97	100	99
1486	2026	Erik Sabrowski	CLE	48.1	113				103	108				110	91	99
1487	2025	Bryce Miller	SEA	90.1	105	96	86	107	99			103		102	97	99
1488	2025	Brandon Eisert	CHW	69.2	87	88			89		90			88	104	99
1489	2025	Roddery Muñoz	STL	11.0	93	107	90		111		95			101	98	99
1490	2026	Quinn Mathews	STL	49.1	94	102			100	103	93			97	102	99
1491	2026	Duncan Davitt	2 Tms	8.0	106	111			81	116	85			96	97	99
1492	2025	Keaton Winn	SFG	10.0	76	91		107	113					95	102	99
1493	2025	Ryan Yarbrough	NYY	64.0	92	89	86		120		98			96	107	99
1494	2025	Sawyer Gipson-Long	DET	31.1	95	101	88		94		94			95	105	99
1495	2025	Beau Brieske	DET	22.0	91	98			109		87			93	101	99
1496	2026	John Brebbia	COL	4.1	90				88		86			88	119	99
1497	2025	Brian Van Belle	TBR	8.1	86	88			77		96			89	106	99
1498	2026	Jake Woodford	3 Tms	27.2	119	100	97	90	109	119				98	101	99
1499	2024	Davis Daniel	LAA	30.1	83				116	96	84			92	108	99
1500	2024	Jack Leiter	TEX	35.2	110		83		105	96	93			105	94	99
1501	2023	Bryan Shaw	CHW	45.2		73	99		103	83	81			95	105	99
1502	2025	Brandon Young	BAL	57.2	92		86	102	95	104	71			95	102	99
1503	2024	Luis Ortiz	PIT	135.2	95	105	86		104		83			98	101	99
1504	2023	Brendan White	DET	40.2	103	102		91	96					99	101	99
1505	2024	Colin Poche	TBR	37.1	95				94					94	100	99
1506	2026	Chris Paddack	3 Tms	57.0	95	87	82		90	80	87			89	110	99
1507	2024	Kenta Maeda	DET	112.1	82	86	96	98	95	88				92	104	99
1508	2023	Thomas Hatch	2 Tms	28.2	105	99	106				101			107	91	99
1509	2025	Luke Jackson	3 Tms	51.0	92		79		94	91	121			93	102	99
1510	2025	Ryan Brasier	CHC	26.0	100	104	84		89					95	104	99
1511	2025	Tomoyuki Sugano	BAL	157.0	97	88	83	76	98	84				88	107	99
1512	2026	Bryan Hudson	CHW	67.1	108	96	94		105					106	94	99
1513	2024	Ian Hamilton	NYY	37.2	89	102			116					107	95	99
1514	2024	Lyon Richardson	CIN	0.2	92	95			120		112			105	100	99
1515	2025	Caleb Boushley	TEX	43.1	84	97	86		91	81	77			88	109	99
1516	2023	Andrew Chafin	2 Tms	51.1	81	86			105		66			92	101	99
1517	2023	Tejay Antone	CIN	5.2	79	97			96	106				97	105	99
1518	2026	Gregory Soto	PIT	67.0	110	105		90	120					112	91	99
1519	2023	Andrew Heaney	TEX	147.1	106				100	96	96			103	97	99
1520	2026	Daniel Duarte	NYM	29.2	98	88	101		115		81			100	103	99
1521	2025	Jack Leiter	TEX	151.2	111	96			100	96	102			104	94	99
1522	2023	Adrian Houser	MIL	111.1	74	100			91	78	89			90	109	99
1523	2024	Ryan Yarbrough	2 Tms	98.2	97	94	101			124	84			109	96	98
1524	2024	Braxton Garrett	MIA	37.0	80	104	88		97	77	101			96	102	98
1525	2026	Tyler Davis	CHW	32.0	100			118	102					102	98	98
1526	2024	Reynaldo López	ATL	135.2	92				111	96	94			98	103	98
1527	2025	Andre Pallante	STL	162.2	95	97			93			100		95	101	98
1528	2026	David Morgan	SDP	33.1	94	105			108	112				104	96	98
1529	2025	Jared Shuster	CHW	15.2	84	101			91		100			92	105	98
1530	2026	Derek Law	ARI	9.0	81	83	89		104	95	98			93	101	98
1531	2026	Foster Griffin	2 Tms	172.2	99	94	97	111	105	100	83			98	102	98
1532	2025	Mitch Spence	ATH	84.2		83	92		99	107	74			95	101	98
1533	2026	Wyatt Olds	BOS	15.2	109		99		119		82			110	86	98
1534	2023	Juan Then	SEA	11.0	86	103			94		86			95	98	98
1535	2023	José Leclerc	TEX	57.0	97	75	108		126		79			104	93	98
1536	2023	Nick Burdi	CHC	3.0	105				122					110	88	98
1537	2026	Johan Oviedo	BOS	3.2	118	90	68		90	110				105	94	98
1538	2024	Jake Irvin	WSN	187.2	98	106	88		116	98	80			99	103	98
1539	2025	Elvis Peguero	2 Tms	9.1		97			107					102	96	98
1540	2026	Eduardo Rivera	BOS	10.0	92				106		119			100	96	98
1541	2026	Pierce Johnson	CIN	48.2	79		122			112				100	103	98
1542	2025	Trey Yesavage	TOR	14.0	94			133	103					107	91	98
1543	2025	Merrill Kelly	2 Tms	184.0	97	90	91		99	93	87			92	103	98
1544	2024	Joe Kelly	LAD	32.0	99	105			113		102	120		108	91	98
1545	2025	Keegan Akin	BAL	63.1	103				109		93			103	98	98
1546	2026	Gavin Collyer	TEX	25.0	110	113	109		131					115	86	98
1547	2024	Wandy Peralta	SDP	38.1	73	91			99		102			95	101	98
1548	2024	Spencer Arrighetti	HOU	145.0	99		87		111	117	84			100	98	98
1549	2025	Brad Keller	CHC	69.2	91	106			131		94			108	94	98
1550	2026	Zach Eflin	BAL	3.2	90	105	90		99	101	88			95	107	98
1551	2024	Jesús Luzardo	MIA	66.2	88	88			121	89	95			99	98	98
1552	2023	Daniel Lynch IV	KCR	52.1	87	94			88		84	90		87	107	98
1553	2024	Randy Vásquez	SDP	98.0	103	99	96		116	106	84			101	97	98
1554	2025	Eric Orze	TBR	41.2	88	93		116	75					101	95	98
1555	2025	Jake Woodford	ARI	36.1	101	101	89		102		90			98	101	98
1556	2025	Shaun Anderson	LAA	11.1	78	92			91		93			87	106	98
1557	2025	Bailey Ober	MIN	146.1	91	77			96	91	107			97	101	98
1558	2024	Brandon Hughes	ARI	17.2	89	86			111					97	100	98
1559	2024	Buck Farmer	CIN	71.0	78	92			115		101			99	100	98
1560	2025	Kyle Hart	SDP	43.0	93	96		105	108		85			100	99	98
1561	2024	Richard Lovelady	2 Tms	34.1	95	116			99					104	94	98
1562	2023	Matt Manning	DET	78.0	92				116	84	80			98	101	98
1563	2025	Clayton Beeter	2 Tms	25.1	89				119					103	92	98
1564	2025	Cade Horton	CHC	118.0	97	83			111	97	86			98	101	98
1565	2024	Shane Bieber	CLE	12.0	93		88		89		79	102		90	103	98
1566	2026	Hunter Stratton	2 Tms	3.1	102	106	107		110					106	99	98
1567	2025	Matt Bowman	BAL	24.2	69	110	96	81	105					102	97	98
1568	2023	Erik Swanson	TOR	66.2	87			106	94					98	100	98
1569	2025	Carson Ragsdale	BAL	5.0	89	83		90	84	95				89	108	98
1570	2025	Trent Thornton	SEA	42.1	94	85	101	102	100	102	89			98	103	98
1571	2024	Julian Merryweather	CHC	15.0	91				112		141			106	94	98
1572	2025	Andre Granillo	STL	21.0	77	78			111		92			100	98	98
1573	2023	Ryan Feltner	COL	43.1	93	108			85	109	95			95	103	98
1574	2023	Richard Bleier	BOS	30.2	86	116	100	102	107					107	99	98
1575	2024	John Brebbia	2 Tms	55.1	102				96		85			99	103	98
1576	2023	Dennis Santana	NYM	10.2	118	93	118		112		79			104	99	98
1577	2026	Yohan Ramírez	PIT	85.0	101	101			120	105	88			110	91	98
1578	2026	Matt Strahm	KCR	35.2	112	103	76		106		89			104	95	98
1579	2024	Will Smith	KCR	41.1	78				114	91	87			97	101	98
1580	2025	Carlos Estévez	KCR	66.0	97				107		82			97	102	98
1581	2023	Nathan Eovaldi	TEX	144.0	100		89	105	102	104				100	96	98
1582	2025	Patrick Corbin	TEX	155.1	82	95	90		98	89	85			93	104	98
1583	2024	Simeon Woods Richardson	MIN	133.2	75				95	92	114			90	106	98
1584	2024	Cody Bradford	TEX	76.1	85		75		84	95	94			89	112	98
1585	2024	Bryse Wilson	MIL	104.2	109	103	98			106	81			102	98	98
1586	2025	Tobias Myers	MIL	50.2	100		84	113	93	101	128			98	99	98
1587	2024	Adam Cimber	LAA	24.1	107	112			118					112	88	98
1588	2023	Miles Mikolas	STL	201.1	87	92			97	98	84			93	108	98
1589	2025	Lucas Gilbreath	COL	1.0	84			86	87					86	126	98
1590	2025	Joe Ross	PHI	51.0	87	96			95	114	75			92	107	98
1591	2024	J.B. Bukauskas	MIL	6.0		93			104					98	100	98
1592	2026	Victor Vodnik	2 Tms	58.2	99	116	77		104	122	102			102	91	98
1593	2024	Brenan Hanifee	DET	29.1	96	98			109		81			99	104	98
1594	2025	Joey Lucchesi	SFG	38.1	89	108		132		104				103	97	98
1595	2024	Anthony Gose	CLE	4.1	87				114					99	101	98
1596	2025	Josh Simpson	MIA	30.2	92	105			112	110	103			107	91	98
1597	2025	Justin Sterner	ATH	65.0	102		97		114					102	99	98
1598	2025	John Curtiss	ARI	36.2	94		98		100		86			95	105	98
1599	2025	Chris Bassitt	TOR	170.1	86	100	96	83	111	107	74			99	101	98
1600	2026	Chris Murphy	CHW	33.2	104	108			112	107	107			108	92	98
1601	2023	Luke Weaver	3 Tms	123.2	78		81		103		93	89		86	110	98
1602	2023	Tanner Bibee	CLE	142.0	90					94	114			102	98	98
1603	2025	Logan VanWey	HOU	10.2	96	89	83		108		90			98	101	98
1604	2025	Kade Strowd	BAL	26.1	114	101	95		124	122				106	94	98
1605	2024	Chase Anderson	2 Tms	58.1	84	86	94		101	88	92			93	103	98
1606	2024	Nick Vespi	BAL	12.1			91		121	101				100	96	98
1607	2024	Michael Kelly	OAK	31.1	75	90			123					107	94	98
1608	2023	Lucas Giolito	3 Tms	184.1	83				99	91	118			97	101	98
1609	2025	Justin Garza	NYM	6.2	86		101	86	99					95	101	98
1610	2023	Andrew Vasquez	2 Tms	48.1	76	98			117	101	98			112	95	98
1611	2023	Kyle Gibson	BAL	192.0	80	100	76		113	95	86			93	101	98
1612	2026	TJ Shook	COL	7.2	75		85		98		88			84	112	98
1613	2025	Brandyn Garcia	2 Tms	14.1		98			123		59			108	90	98
1614	2026	Luis Mey	CIN	34.2	85	101			112					105	94	98
1615	2026	Chris Bassitt	BAL	102.0	85	95	90		113	113	75			98	101	98
1616	2023	Anthony Misiewicz	3 Tms	11.0	84		104		103	105				99	100	98
1617	2026	Jack Leiter	TEX	80.0	106	98	86		105	94	107			102	94	98
1618	2026	Joe Boyle	TBR	19.0	101	110		111	111					109	86	98
1619	2023	Jimmy Yacabonis	NYM	13.2		91			102		66			92	106	98
1620	2025	Mason Barnett	ATH	22.1	87				120	91	105			97	103	98
1621	2026	Bryse Wilson	3 Tms	35.1	99	93	93	82		99				94	109	98
1622	2026	Brent Headrick	NYY	78.1	101	107		106	105					103	97	98
1623	2023	José Soriano	LAA	42.0	91	117		111	118			120		111	87	98
1624	2024	Louis Varland	MIN	49.2	100	96	99				94	106		98	97	98
1625	2026	Luis Medina	ATH	73.0	92	103			117	99	122			104	92	98
1626	2026	Tom Cosgrove	WSN	16.1	89	77			105					99	106	98
1627	2024	Casey Legumina	CIN	9.1	97				106		90			97	100	98
1628	2024	Justin Wrobleski	LAD	36.1	92	86	112		117	103	93			100	98	98
1629	2025	Gavin Hollowell	CHC	9.1	121	112			110					116	87	98
1630	2023	José Urquidy	HOU	63.0	87	95			115	96	106			98	101	98
1631	2024	Rafael Montero	HOU	38.1	103	118			101		84			102	95	98
1632	2026	Shane Drohan	MIL	124.2	101	99	88		110	98	91			100	99	98
1633	2026	Ryan Yarbrough	NYY	63.1	94	96	90		125		95			100	103	98
1634	2024	Josh Winder	MIN	9.0	74	103			108		99			96	104	98
1635	2025	Angel Chivilli	COL	58.2	90				110		93			94	101	98
1636	2025	Mike Burrows	PIT	96.0	86	100			104	89	104			95	101	98
1637	2024	Ryan Fernandez	STL	66.2	100	107	95		108					103	93	98
1638	2024	Michael Tonkin	3 Tms	79.1	103	94			105					103	98	98
1639	2023	Nick Robertson	2 Tms	22.1	93				126		96			99	98	98
1640	2025	Ben Brown	CHC	106.1	85						90	119		99	99	98
1641	2023	Austin Adams	ARI	17.1	93				93					93	101	98
1642	2024	Yuki Matsui	SDP	62.2	99			101	106	85				102	94	98
1643	2023	Carmen Mlodzinski	PIT	36.0	95	81	97		111		89			98	100	98
1644	2026	MacKenzie Gore	TEX	173.0	94	107	94		101	105	95			98	100	98
1645	2025	Brayan Bello	BOS	166.2	90	104	92		91		76			93	103	98
1646	2026	Anthony Nunez	BAL	59.2	105	96	90		112		110			106	90	98
1647	2024	Cristian Javier	HOU	34.2	97				113		89	92		99	94	98
1648	2026	Josh Simpson	SEA	7.1	83	98			120	120	92			109	98	97
1649	2026	George Soriano	STL	66.0	86	111			97		115			100	95	97
1650	2025	Jonah Tong	NYM	18.2	102				95	97	94			99	97	97
1651	2024	Miles Mikolas	STL	171.2	85	90			105	106	83			94	108	97
1652	2024	Joely Rodríguez	BOS	13.2		109			101		92			102	99	97
1653	2025	Austin Pope	ARI	2.0	92	83			92	67				87	106	97
1654	2023	Alex Faedo	DET	64.2	86				108		78			93	107	97
1655	2024	Kyle Muller	OAK	49.1	83				111	109	92			94	103	97
1656	2024	Kyle Nelson	ARI	10.2	84		91		105					96	106	97
1657	2026	David Sandlin	CHW	40.1	102	91	97		113	98	87			99	98	97
1658	2025	Luis Ortiz	CLE	88.2	96	107	90		106		93			100	98	97
1659	2025	Tyler Glasnow	LAD	90.1	102	99			91	112				101	90	97
1660	2026	AJ Blubaugh	HOU	96.0	99		90		114	89	108			104	94	97
1661	2024	Alexis Díaz	CIN	56.1	89				96					92	104	97
1662	2023	Sammy Peralta	CHW	20.0	97				125		99			105	98	97
1663	2025	Carson Seymour	SFG	36.0	95	108	82		107	104				102	94	97
1664	2026	Bruce Zimmermann	STL	5.0	78	86	83	75	78	82				81	110	97
1665	2024	Dennis Santana	2 Tms	71.2	112	95	99		110		84			105	93	97
1666	2026	Ryan Gusto	MIA	88.0	101	96	90		98	89	93			96	102	97
1667	2025	Zach Eflin	BAL	71.1	87	96	90		102	97	79			92	106	97
1668	2023	Parker Mushinski	HOU	14.2	104	100	102		121	143				117	84	97
1669	2023	Rico Garcia	2 Tms	11.2	91					91	93			91	103	97
1670	2023	Sean Manaea	SFG	117.2	97	94	88		106		86			98	102	97
1671	2025	Yennier Cano	BAL	58.0	74	108	83	97	114		76			101	96	97
1672	2023	Erasmo Ramírez	2 Tms	60.1	117	100	93		106	101	81			97	102	97
1673	2025	Juan Mejia	COL	61.1	89				122					100	100	97
1674	2023	Joely Rodríguez	BOS	11.0	110	110			103		97			104	92	97
1675	2025	Ian Gibaut	CIN	25.1	90		77		91		95			89	106	97
1676	2024	Joe Ross	MIL	74.0	95	91			97	103	77			93	103	97
1677	2025	Ryan Bergert	2 Tms	76.1	94	87			92	102	81			92	102	97
1678	2025	Orlando Ribalta	WSN	24.1	107	103			100		96			102	94	97
1679	2025	Tyler Owens	DET	3.0	89		101	97	99					95	101	97
1680	2026	Walker Buehler	SDP	153.2	90	96	92		101		88	109		95	101	97
1681	2023	Michael Lorenzen	2 Tms	153.0	88	97	91		100	95	97			95	103	97
1682	2023	Shintaro Fujinami	2 Tms	79.0	103		112	108	125	97				107	88	97
1683	2026	JT Brubaker	SFG	60.1	75	89			99	106	74			90	106	97
1684	2026	Jefry Yan	NYM	20.1	118	132			119		133			126	71	97
1685	2024	Yosver Zulueta	CIN	16.1	70	105			121		80			108	86	97
1686	2025	Robbie Ray	SFG	182.1	108				96		87	91		100	97	97
1687	2026	Elieser Hernández	ATL	12.0	96		80		123	91	80			102	98	97
1688	2025	Sam Moll	CIN	18.1	111	98			113		98			107	90	97
1689	2023	Giovanny Gallegos	STL	55.0	73				128		75			99	102	97
1690	2026	Brant Hurter	DET	35.1	98	119			120		99			116	84	97
1691	2026	Michael King	SDP	185.0	98	94			107		82			95	101	97
1692	2024	Cole Winn	TEX	17.1	105	107		108	90	93				101	97	97
1693	2025	Penn Murfee	CHW	12.2	100	93			106		100			102	90	97
1694	2026	Hayden Wesneski	HOU	61.0	82	96	76		120	100	90			96	100	97
1695	2026	Chase Shugart	PHI	53.2	100	104	101		115		79			103	95	97
1696	2025	Jonathan Cannon	CHW	103.2	108	93	90		107		86			95	100	97
1697	2025	Anthony Banda	LAD	65.0	95	105			107		92			105	92	97
1698	2026	Sam Bachman	LAA	48.2	101	104			105		89			102	94	97
1699	2023	Joe La Sorsa	2 Tms	32.2		94			114		78			106	97	97
1700	2023	Yonny Chirinos	2 Tms	85.0	76	96		98	76					91	104	97
1701	2023	Denyi Reyes	NYM	19.2	88	90	88		95		83			89	108	97
1702	2026	Alan Rangel	PHI	26.0	85				100	92	117			100	101	97
1703	2025	José Suarez	ATL	19.1	98	107			95	130	99			99	94	97
1704	2023	Sam Bachman	LAA	17.0		99			101		48			99	92	97
1705	2024	Austin Gomber	COL	165.0	77	81			97		104	100		91	106	97
1706	2024	Yoendrys Gómez	NYY	11.1	81				102	96	69			91	100	97
1707	2024	Will Klein	2 Tms	7.1	92				106	104				98	95	97
1708	2025	Luis Curvelo	TEX	19.0	97	101			101		82			98	101	97
1709	2025	Cade Povich	BAL	112.1	97	97	91		101	104	97			99	99	97
1710	2024	Mitch Keller	PIT	178.0	96	95	94		117	92	91			100	97	97
1711	2026	Brock Burke	CIN	74.1	99	111			106		111			105	92	97
1712	2026	Sam Moll	CIN	56.1	117	100			103		92			102	93	97
1713	2026	Tyler Holton	DET	72.0	88	109	96		116	127	84			100	97	97
1714	2025	Erasmo Ramírez	MIN	11.0	86	85	94			99	77			89	110	97
1715	2026	Yaramil Hiraldo	BAL	9.1	86			113	124					104	95	97
1716	2023	Tommy Hunter	NYM	23.2	99	83	90			108	76			90	107	97
1717	2025	Yariel Rodríguez	TOR	73.0	92	107		104	107					100	94	97
1718	2024	Justin Bruihl	PIT	5.2		108	87		111					104	102	97
1719	2026	Sean Manaea	NYM	150.2	97	96	91		119		86			102	98	97
1720	2023	José Ruiz	2 Tms	44.1	88	89				115	81			97	99	97
1721	2023	Mike Clevinger	CHW	131.1	101	87	100		102	91	90			100	98	97
1722	2026	Patrick Corbin	TOR	80.0	81	86	96		104	89	95			94	103	97
1723	2023	Seth Martinez	HOU	43.0	107	98			118		83			104	96	97
1724	2023	Victor González	LAD	33.2		105			117		90			108	91	97
1725	2025	Shawn Armstrong	TEX	74.0	101	109	90		120	134				105	95	97
1726	2026	Josh Walker	BAL	30.1	93	107			101		84			99	97	97
1727	2024	Zebby Matthews	MIN	37.2	97		89		105	105	89			97	99	97
1728	2025	Kyle Backhus	ARI	25.1		111			103		95			108	94	97
1729	2024	Nick Lodolo	CIN	115.1	101	100				122	93			104	97	97
1730	2023	Sam Long	OAK	45.0	95			102	119	100	99			100	100	97
1731	2024	Dillon Tate	2 Tms	36.2		103			123		82			107	91	97
1732	2026	Chad Patrick	MIL	106.0	97	92	107			107	74			101	96	97
1733	2023	Jake Irvin	WSN	121.0	95	99				101	74			97	102	97
1734	2025	Erik Miller	SFG	30.0	94	132			123		91			107	88	97
1735	2025	David Peterson	NYM	168.2	81	97			98	88	87			91	103	97
1736	2023	Quinn Priester	PIT	50.0	79	99			94	102	85			93	103	97
1737	2024	Tyler Kinley	COL	64.0	65	70			109		89			94	100	97
1738	2026	JR Ritchie	ATL	73.1	99	91	90		91	101	90			95	96	97
1739	2023	Brandon Williamson	CIN	117.0	88		102		124	108	100			99	99	97
1740	2024	Guillo Zuñiga	LAA	17.2	87	106			114		110			102	92	97
1741	2026	Jhonathan Díaz	SEA	1.1		98			80	157	116			97	100	97
1742	2025	Scott Blewett	3 Tms	44.1	74	86		96	89					85	107	97
1743	2024	Kyle Freeland	COL	113.1	93	88			79		76	110		90	106	97
1744	2025	Reese Olson	DET	68.2	82	89			103	97	94			93	103	97
1745	2025	Spencer Arrighetti	HOU	35.1	106	107	92		102	114	74			102	94	97
1746	2026	Justin Sterner	ATH	42.2	104		88		107					100	97	97
1747	2026	Zach Pop	PHI	7.1		108	86		108					105	92	97
1748	2024	Seth Lugo	KCR	206.2	93	94	93	86	102	107	77			97	100	97
1749	2023	Dylan Dodd	ATL	34.1	85		101		97		97			91	106	97
1750	2025	Matthew Liberatore	STL	151.2	85	95	89		104	121	79			95	102	97
1751	2024	Tim Herrin	CLE	65.2	88	115			94	109				101	99	97
1752	2023	James Karinchak	CLE	39.0	84					117				98	98	97
1753	2023	Colin Rea	MIL	124.2	104	103	97	83	99	98				99	99	97
1754	2025	Johan Oviedo	PIT	40.1	121	100			103	99	80			108	86	97
1755	2023	Justin Garza	BOS	18.1	95	92	99		96		93			95	101	97
1756	2023	Kyle Hendricks	CHC	137.0	77	95				81	91			89	104	97
1757	2026	Jeffrey Springs	ATH	142.2	89		88		97		110			96	100	97
1758	2023	Ian Hamilton	NYY	58.0	91	108			115					108	89	97
1759	2026	Hunter Dobbins	STL	54.0	87	97		89	106	99				96	100	97
1760	2024	Chayce McDermott	BAL	4.0	96				87	96	109			96	100	97
1761	2023	Tommy Kahnle	NYY	40.2	88	89			101		96			95	96	97
1762	2023	Jordan Weems	WSN	54.2	89				113	144				101	95	97
1763	2024	Matt Manning	DET	27.2	95			93	108	96				100	98	97
1764	2023	Alex Lange	DET	66.0	77	103					93			103	90	97
1765	2026	Tyler Samaniego	BOS	20.1	96	108	76		107		92			101	95	97
1766	2023	Chris Murphy	BOS	47.2	89				96	107	95			95	98	97
1767	2025	Chase Shugart	PIT	45.0	95	93	101		107		79			98	98	97
1768	2024	Dallas Keuchel	MIL	16.2		89	86		82		83			87	100	97
1769	2023	Zach Pop	TOR	13.2		116			112					115	80	97
1770	2023	Josh Walker	NYM	10.0	91					109	91			97	97	97
1771	2026	Raymond Burgos	BOS	21.1	91	89	85		112		84			96	109	97
1772	2026	Kervin Castro	NYY	6.1	100	106	92			94				99	103	97
1773	2025	Yohan Ramírez	PIT	33.1	103	107	89		116	103				106	91	97
1774	2025	John King	STL	48.1	92	105			117	122	88			105	95	97
1775	2024	Keegan Thompson	CHC	30.1	90	88	95		113	110	81			98	97	97
1776	2024	Huascar Brazobán	2 Tms	51.2	88	102	100				108			100	93	97
1777	2025	Tyler Gilbert	CHW	51.0	99	88	93	69	120					100	103	97
1778	2026	Michael Soroka	ARI	116.0	95	95	94		137	97	83			94	104	97
1779	2025	Yerry De los Santos	NYY	35.2	81	96			104		104			97	99	96
1780	2024	Ronel Blanco	HOU	167.1	87				83	89	106			90	103	96
1781	2024	Dylan Floro	2 Tms	68.2	86	98			91		86			93	103	96
1782	2023	Justin Martinez	ARI	10.0	96			146	96					106	85	96
1783	2026	William Kempner	MIA	12.1	121	105	101		124		90			116	84	96
1784	2026	Cesar Perdomo	SFG	24.2	88				96		78			87	104	96
1785	2025	Jack Perkins	ATH	38.2	92		88		116	124	100			100	96	96
1786	2025	Mark Leiter Jr.	NYY	48.1	63	91	67	101	96	92				94	98	96
1787	2023	Trevor Stephan	CLE	68.2	85			104	106					95	98	96
1788	2026	Trey Yesavage	TOR	97.2	91			137	106					108	90	96
1789	2026	Randy Vásquez	SDP	140.2	104	88	96		106	96	81			97	102	96
1790	2025	Daniel Robert	PHI	13.0	98	98	102		115		69			106	92	96
1791	2026	Brooks Kriske	ATH	2.2	93		94	103						98	100	96
1792	2026	Caleb Ferguson	2 Tms	33.0	95	116	101			100				104	95	96
1793	2023	Matt Carasiti	COL	24.1		90	92						116	97	98	96
1794	2024	Porter Hodge	CHC	43.0	99			116	116					105	89	96
1795	2024	JP Sears	OAK	180.2	88	75			122		75			95	104	96
1796	2025	Carlos Rodriguez	MIL	9.2	101	94	93		110	113	84			98	99	96
1797	2025	Landon Knack	LAD	42.1	90				107		108	78		95	103	96
1798	2024	Dean Kremer	BAL	129.2	102	88	102	92		86				96	100	96
1799	2024	Danny Young	NYM	37.2		116	87		107					111	89	96
1800	2023	Amos Willingham	WSN	24.1	91	99	94		109		83			97	100	96
1801	2026	Taylor Rogers	MIN	60.1		101	95		113					106	95	96
1802	2024	Orlando Ribalta	WSN	3.1	93				120		104			102	98	96
1803	2025	Sean Burke	CHW	134.1	102	85			86	85	86			92	101	96
1804	2026	Miles Mikolas	WSN	116.0	85	86			92	99	85			89	108	96
1805	2025	Luis Mey	CIN	21.0	88	101			130					108	89	96
1806	2025	Steven Cruz	KCR	45.2	99		96		113					102	94	96
1807	2026	Alexander Cornielle	NYY	1.0	109	125	90		111					110	85	96
1808	2023	Brent Suter	COL	69.1	107	95			79		103			99	96	96
1809	2026	Carson Palmquist	WSN	16.1	109	97	80		121					107	93	96
1810	2024	JT Chargois	2 Tms	36.1	69	89			109		58			97	99	96
1811	2026	Robert Stock	NYM	30.1	118	86	100		95		93	128		100	97	96
1812	2026	Cody Bolton	HOU	20.0	102	101	99		108	90	83			98	98	96
1813	2024	Alex Lange	DET	18.2	80	111					105	100		101	91	96
1814	2024	Lake Bachar	MIA	9.1	90				104		90			96	99	96
1815	2024	Jimmy Herget	ATL	12.1	65	78			98	140	78			103	95	96
1816	2026	Mitchell Parker	WSN	39.2	87			146	98	103				95	102	96
1817	2026	Lance McCullers Jr.	2 Tms	44.0	80	90	93		122		79	106		97	96	96
1818	2023	José Quijada	LAA	9.0	105				116		83			103	95	96
1819	2023	Jay Jackson	TOR	29.2	92	86			103					98	97	96
1820	2024	Eli Morgan	CLE	42.0	78				97		121			95	104	96
1821	2026	Paul Blackburn	NYY	85.0	102	97	93		108	95	78			93	100	96
1822	2025	George Soriano	MIA	36.2	95	99			95		104			98	95	96
1823	2024	Josh Fleming	PIT	31.1	99	116	83			97	93			99	94	96
1824	2025	Keider Montero	DET	90.2	93	101			105		86	95		97	101	96
1825	2026	Kris Bubic	2 Tms	55.0	98	89			92		94			95	99	96
1826	2025	Héctor Neris	3 Tms	26.2	95	87		99	79		83			95	97	96
1827	2023	Daniel Duarte	CIN	31.2	91	99	102		137		93			104	94	96
1828	2024	Enyel De Los Santos	3 Tms	64.0	83				110		79			94	104	96
1829	2023	Josh Taylor	KCR	17.2	89	92			96	86				92	103	96
1830	2026	Casey Mize	2 Tms	131.1	97	91		86	76	91				88	106	96
1831	2026	Zebby Matthews	MIN	130.1	95	96	89		100	99	88			95	102	96
1832	2025	Jimmy Herget	COL	83.1	93	80			98	127	80			101	96	96
1833	2023	Kodai Senga	NYM	166.1	100		86		95	76			126	101	93	96
1834	2026	Joe Ross	2 Tms	11.2	95	95		80	89	103				90	102	96
1835	2023	Chris Paddack	MIN	5.0	99	120			99	89	114			103	93	96
1836	2025	Dean Kremer	BAL	171.2	100	86	100	103	114	86				96	101	96
1837	2025	Tristan Beck	SFG	56.2	88				102	79				93	102	96
1838	2023	Cody Morris	CLE	8.0	97		101			84	102			97	95	96
1839	2024	José Ureña	TEX	109.0	93	95			102		74			93	100	96
1840	2024	Jacob Webb	BAL	56.2	98				96		92			96	100	96
1841	2023	Chris Bassitt	TOR	200.0	89	99	96	84	110	102	84			98	99	96
1842	2023	Nick Nelson	PHI	5.1	85	82			114		98			91	107	96
1843	2026	Julian Aguiar	CIN	3.0	75	87			99	85	84			87	106	96
1844	2024	Fernando Cruz	CIN	66.2	89		82	129						104	89	96
1845	2026	Cal Quantrill	TEX	110.0	82	86	92	95	100	92				89	108	96
1846	2023	Isaiah Campbell	SEA	28.2	86	77	88		111					99	97	96
1847	2026	Cole Ragans	KCR	35.1	109		91		116		114	101		109	86	96
1848	2026	Robert Gasser	MIL	109.1	115	102	91		122		84			106	94	96
1849	2025	Brady Singer	CIN	169.2	102	102	81		89					95	101	96
1850	2026	Carlos Rodón	NYY	84.1	106	106			114	97	106			108	90	96
1851	2024	Patrick Corbin	WSN	174.2	76	88	100		99	77	92			93	102	96
1852	2025	Matt Gage	2 Tms	31.0	94	102			100	107	100			99	96	96
1853	2025	Nick Sandlin	TOR	16.1	105	95		85	106					101	96	96
1854	2026	Matt Svanson	STL	43.1	88	91	86		109					96	100	96
1855	2025	Tony Santillan	CIN	73.2	93				113	102	66			98	102	96
1856	2026	Keegan Thompson	COL	12.0	94	84	97		99	81	87			91	105	96
1857	2023	Cooper Criswell	TBR	33.0		100	81		123		84			103	97	96
1858	2023	Zack Greinke	KCR	142.1	77	80	102		110	88	76			87	108	96
1859	2024	Edward Cabrera	MIA	96.1	90	101			109	107	98			99	95	96
1860	2024	Justin Anderson	CHW	53.1	109	109	95		106					107	89	96
1861	2023	Austin Voth	BAL	34.2	99		94		120	96				101	95	96
1862	2025	Adam Mazur	MIA	30.0	101	97			102	92	88			99	98	96
1863	2026	Zach Maxwell	CIN	13.0	108		97		122					110	87	96
1864	2026	Jordan Montgomery	TEX	26.0	59	93			103	100	93			90	108	96
1865	2024	Kody Funderburk	MIN	34.2		121	95		118		100			108	88	96
1866	2025	Lazaro Estrada	TOR	7.1	93			108	100	106				98	101	96
1867	2023	Brent Honeywell	2 Tms	52.1	79	106			123		93			95	101	96
1868	2025	Chase Lee	DET	37.1	102	90			89		75			91	105	96
1869	2023	Héctor Neris	HOU	68.1	98	97		106	90					100	95	96
1870	2026	Carmen Mlodzinski	PIT	123.0	80	93	86	98	97	94				91	104	96
1871	2026	Yerry De los Santos	NYY	22.0	87	96			103		102			97	101	96
1872	2025	Colin Rea	CHC	159.1	86	97	90	94	108	91				93	103	96
1873	2023	Taylor Hearn	3 Tms	15.0	109	93			117		76			110	92	96
1874	2023	Fernando Cruz	CIN	66.0	91	80	86	128	94					103	89	96
1875	2026	Connor Brogdon	CLE	16.0	100		88				91			96	97	96
1876	2023	Paul Blackburn	OAK	103.2	84	93	90		95	93	79			90	103	96
1877	2023	Brandon Walter	BOS	23.0	102	94	95		100		95			96	100	96
1878	2026	Matthew Liberatore	STL	155.0	85	90	87	118	107	118	84			97	99	96
1879	2025	Hunter Strickland	LAA	22.0	86	102			102		89			95	100	96
1880	2026	Brett Kerry	LAA	13.2	75				98	84	96			86	110	96
1881	2025	Yosver Zulueta	CIN	7.1	89	96			100		82			95	100	96
1882	2024	Trevor Rogers	2 Tms	124.1	90	84			90		91			89	104	96
1883	2026	Jameson Taillon	2 Tms	86.0	95	93	86		105	77	93			92	99	96
1884	2026	Brandan Bidois	PIT	15.2	98				126		122			110	87	96
1885	2026	Alex Lange	KCR	60.0	88	107	82		98		93			96	96	96
1886	2025	Sammy Peralta	LAA	10.2	105	93			95		81			94	104	96
1887	2024	Drew Smith	NYM	17.2	99	101	106		106	98	94			101	97	96
1888	2024	David Peterson	NYM	121.0	82	97			104	93	92			93	98	96
1889	2025	Ian Seymour	TBR	57.0	95	90	89		102	92	100			95	99	96
1890	2023	Logan Allen	CLE	125.1	89		91		101		91			92	103	96
1891	2025	Luis Gil	NYY	57.0	99				107		85			98	95	96
1892	2023	Michael Soroka	ATL	32.1	82	85			94		93			88	104	95
1893	2024	Colin Rea	MIL	167.2	105	93	93	82	103	98				96	100	95
1894	2025	Alex Lange	DET	1.0	39	96					103	84		84	101	95
1895	2026	Matt Wilkinson	SFG	27.2	87		92		94		77			86	107	95
1896	2026	Eric Orze	MIN	41.1	97			104	74	84				96	97	95
1897	2026	Clay Holmes	2 Tms	101.1	74	90	102		103	130	89			96	99	95
1898	2026	Sammy Peralta	2 Tms	23.0	97	96			105		76			96	101	95
1899	2023	Tayler Scott	3 Tms	17.2	104	86			104		91			96	101	95
1900	2023	Jake Woodford	STL	47.2	80	92	82		93	91	77			90	105	95
1901	2023	Drew Smith	NYM	56.1	98	121			112	93	91			100	95	95
1902	2026	Kyle Hurt	LAD	45.2	87				102		104			94	100	95
1903	2026	Josiah Gray	WSN	4.0	81				83	93	66			85	104	95
1904	2025	Gerson Garabito	TEX	8.0	97	106			80	89	82			90	104	95
1905	2024	Emmanuel Ramirez	MIA	20.2	86			116	106					99	97	95
1906	2024	Austin Adams	OAK	41.1	89	92			90					90	101	95
1907	2026	Colin Holderman	CLE	52.2	106	92	127		120	133				107	93	95
1908	2026	Bennett Sousa	HOU	30.0	91	101			112					106	89	95
1909	2023	Dauri Moreta	PIT	58.0	86				116		87			105	89	95
1910	2023	David Peterson	NYM	111.0	82	99			101	89	82			91	98	95
1911	2025	Kyle Freeland	COL	162.2	89	86	85		106		73	106		94	102	95
1912	2025	Hunter Stratton	2 Tms	19.0	93	88	95	89	108					98	99	95
1913	2023	Dominic Leone	3 Tms	54.0	104	106	95		107					102	92	95
1914	2025	Elvin Rodríguez	2 Tms	19.2	103		84		102	84	82			94	98	95
1915	2024	Justin Verlander	HOU	90.1	96				120	113	115			106	89	95
1916	2026	Brady Basso	ATH	43.0	90	103	93		105	103	91			96	100	95
1917	2025	Matt Festa	CLE	54.2	104	96	100		98					100	95	95
1918	2025	Joe Boyle	TBR	52.0	93			113	120					106	88	95
1919	2024	Logan Allen	ARI	28.0	86	91	94	95	112	83				96	97	95
1920	2026	Ethan Roberts	CHC	25.2		93	92		103					96	95	95
1921	2024	Ben Casparius	LAD	8.1	77		100		130	115				101	100	95
1922	2026	Luis García	2 Tms	15.0	51	93		89	114					95	97	95
1923	2023	Gus Varland	2 Tms	20.1	96				104		95			100	98	95
1924	2024	Carson Spiers	CIN	90.2	98	94	87		114		71			96	101	95
1925	2025	Colin Selby	BAL	14.0	93	96			92			103		97	95	95
1926	2026	Paxton Schultz	WSN	32.1	91		93		95		85			91	104	95
1927	2026	Trent Thornton	CHC	48.1	93	94	96		104	102	79			97	99	95
1928	2023	Tyler Wells	BAL	118.2	90		93		98	94	99			94	101	95
1929	2026	DJ Herz	WSN	7.0	95				83		89	96		91	102	95
1930	2025	Taj Bradley	2 Tms	142.2	102	102	105	94		110				102	93	95
1931	2025	Slade Cecconi	CLE	132.0	90	93	87		95	100	93			93	105	95
1932	2024	Mike Clevinger	CHW	16.0	98	97	105		99	84	79			95	98	95
1933	2023	Anthony DeSclafani	SFG	99.2	89	98			89		81	116		92	101	95
1934	2026	Ronel Blanco	HOU	33.2	93				85	92	99			93	101	95
1935	2026	Emilio Pagán	CIN	42.2	104		94	114						104	94	95
1936	2026	Tejay Antone	CIN	55.0	96	96	92		105	97				100	97	95
1937	2023	Austin Cox	KCR	35.2	87		109		101	104	100			96	102	95
1938	2023	Hobie Harris	WSN	19.1	69		91	100						88	103	95
1939	2025	Kirby Yates	LAD	41.1	103			90						97	98	95
1940	2023	Ray Kerr	SDP	27.0	91					114				101	94	95
1941	2024	Nick Robertson	2 Tms	13.1	90		95		110		89			96	100	95
1942	2026	Jack Weisenburger	NYM	12.2	104	98	90		112	102	98			102	99	95
1943	2025	Randy Vásquez	SDP	133.2	89	93	91		111	92	84			94	102	95
1944	2025	Willi Castro	MIN	1.0										27	149	95
1945	2025	Chase Dollander	COL	98.0	91	94	114		105	109	83			97	98	95
1946	2024	Brady Basso	OAK	22.1	81	94	103			109	73			90	105	95
1947	2023	Jaime Barria	LAA	82.1	85	80			96		95			92	102	95
1948	2026	Huascar Brazobán	2 Tms	67.0	100	95	98		120		96			96	98	95
1949	2024	Thyago Vieira	3 Tms	38.0	104	96			105		102			100	94	95
1950	2025	Robinson Piña	2 Tms	2.1	87	89		82	86					86	104	95
1951	2024	Matt Waldron	SDP	146.2	82	84	79		99					90	105	95
1952	2024	Tyler Duffey	KCR	9.0	86	85			101		76	98		91	102	95
1953	2023	Konnor Pilkington	CLE	2.0	90				120		94			95	96	95
1954	2023	José Cisnero	DET	59.1	113	96	102		106		103			106	90	95
1955	2024	Sam Long	KCR	42.2	95			93	114	97				101	95	95
1956	2025	Sean Newcomb	2 Tms	92.1	98	99	92			122	82			103	94	95
1957	2026	Matt Festa	CLE	66.2	104	94	101		101					102	92	95
1958	2024	Zach Logue	LAD	2.0	85	99	87			123	92			91	108	95
1959	2023	Mason Thompson	WSN	54.0	91	94			110	117	84			101	97	95
1960	2024	Merrill Kelly	ARI	73.2	96	86	91		100	103	80			91	102	95
1961	2024	Trevor Richards	2 Tms	65.1	87						115			102	95	95
1962	2024	Colten Brewer	CHC	20.2	87	91	102		99	115				98	97	95
1963	2026	Adam Macko	2 Tms	31.0	89				103		105	100		98	99	95
1964	2024	Randy Dobnak	MIN	9.2	51	81			90		79			79	111	95
1965	2026	Jose Cuas	KCR	23.1	108	97	88		109		80			103	94	95
1966	2026	Franco Aleman	CLE	22.1	100				105		84			100	96	95
1967	2023	Jorge Alcala	MIN	17.1	75	87			110		89			94	95	95
1968	2023	Tyler Gilbert	ARI	17.1	97	85	102	79				113		99	96	95
1969	2026	Joel Kuhnel	3 Tms	45.0	92	98	101		125	109	78			98	98	95
1970	2025	Dustin May	2 Tms	132.1	101	90	83		108		80			98	97	95
1971	2025	AJ Smith-Shawver	ATL	44.1	92			114	80	91				99	95	95
1972	2026	Merrill Kelly	ARI	162.0	91	86	88		99	92	85			89	101	95
1973	2023	Bennett Sousa	2 Tms	9.0	91	91			125					106	91	95
1974	2025	Erick Fedde	3 Tms	141.0		87	81		105		72			89	103	95
1975	2025	Jeffrey Springs	ATH	171.0	86		90		95		110			94	100	95
1976	2024	Jesse Chavez	ATL	63.1		86	103		112	115	72			95	102	95
1977	2025	Jackson Kowar	SEA	17.0	81	89			122		114			97	101	95
1978	2024	Jake Diekman	NYM	32.0	114	47			115		89			111	86	95
1979	2024	Jackson Rutledge	WSN	8.1	96	88	105	105	110	128				100	97	95
1980	2025	Nestor Cortes	2 Tms	34.1	93	117	100		105		94			98	97	95
1981	2024	Bailey Falter	PIT	142.1	100	101		71	90	90				96	98	95
1982	2023	Luis Garcia	HOU	27.0	81		104		114	99	90			99	98	95
1983	2023	Emmet Sheehan	LAD	60.1	90				109		112			98	95	95
1984	2025	Charlie Morton	3 Tms	142.0	88	89	88			115	91			99	96	95
1985	2024	Easton Lucas	3 Tms	11.2	103	95	103		121		93			106	91	95
1986	2025	Corbin Martin	BAL	18.0	91				92	123	87			97	96	95
1987	2025	Joey Wentz	3 Tms	98.0	90		94		95	110	97			91	104	95
1988	2026	Tyler Uberstine	BOS	2.2	132	93	92		119		90			107	95	95
1989	2025	Cam Sanders	PIT	6.2	91				109		104			100	95	95
1990	2026	Michael McGreevy	STL	168.2	73	88	79		89	84	80			81	110	95
1991	2026	Kyle Finnegan	DET	60.2	97			100	102					99	96	95
1992	2023	Garrett Crochet	CHW	12.2	97				133		66			106	88	95
1993	2025	Ryan Borucki	2 Tms	35.0		102		107	108					106	89	95
1994	2026	Brennan Bernardino	COL	64.0	98	91	83		119	96	77			92	106	95
1995	2023	Cole Irvin	BAL	77.1	92	90	101			105	85			94	102	95
1996	2026	Noah Schultz	CHW	74.1	96	88	105		115	126	82			98	99	95
1997	2025	Quinn Priester	MIL	157.1		101	87		94	101	89			96	99	95
1998	2023	Drew Smyly	CHC	142.1		80	78					108		93	103	95
1999	2025	Jason Alexander	2 Tms	77.1	85	87	78		102		99			93	100	95
2000	2023	Javier Assad	CHC	109.1	84	101	85		106	93	96			93	97	95
2001	2025	David Morgan	SDP	47.1	107	111			117	118	98			112	88	95
2002	2023	Trevor May	OAK	46.2	88				98		77			89	101	95
2003	2025	Max Lazar	PHI	41.1	94		90	109				92		93	101	95
2004	2024	Chris Devenski	TBR	26.2	80		99		113		112			101	94	95
2005	2023	Max Castillo	KCR	20.1	87				104		93			94	100	95
2006	2025	Jaden Hill	COL	29.1	88	83			113		99			95	100	95
2007	2023	Kendall Graveman	2 Tms	66.1	95	106			106	101	85			101	93	95
2008	2025	Kaleb Ort	HOU	46.0	103		100		114		79			103	91	95
2009	2026	David Peterson	2 Tms	148.1	79	98			88	86	89			89	102	95
2010	2026	Carson Spiers	CIN	6.0	93	95	91		107		77			98	105	95
2011	2023	Gavin Stone	LAD	31.0	83	104	92		90	77	98			93	98	95
2012	2023	Kyle Harrison	SFG	34.2	97				88	84	93			93	104	95
2013	2025	Alan Rangel	PHI	11.0	79				96	100	119			96	101	95
2014	2023	Taijuan Walker	PHI	172.2	93	89	99	88	119	89				92	98	95
2015	2024	Ross Stripling	OAK	85.1	79	80	79		99		94	80		85	111	95
2016	2023	Eduardo Rodriguez	DET	152.2	91	114	99		108		89			96	99	95
2017	2025	Michael Lorenzen	KCR	141.2	88	95	82		95	94	94			92	103	95
2018	2025	Bailey Falter	2 Tms	125.1	98	100		80	82	93				93	100	95
2019	2023	Jose E. Hernandez	PIT	50.2	83				118		86			103	93	95
2020	2024	Germán Márquez	COL	4.0	78	72			92		84	123		90	97	95
2021	2024	Colin Selby	2 Tms	7.0	84	108			89			95		95	96	95
2022	2026	Gordon Graceffo	STL	81.0	81	95	90		101	102	102			93	99	95
2023	2024	Anthony Molina	COL	59.2	76				96	124	107			91	102	95
2024	2026	Tyler Gilbert	CHW	6.0	111	98	95	74	114					104	95	95
2025	2023	Alexis Díaz	CIN	67.1	87				97					92	99	95
2026	2026	Trevor Martin	2 Tms	15.1	101	92	90	105		113				100	93	95
2027	2025	Randy Dobnak	MIN	5.1	62	78			96		91			84	107	94
2028	2023	Carson Spiers	CIN	13.0	98	102	87		128		71			99	98	94
2029	2026	Tyler Phillips	MIA	126.2	76	87		95	104	104				95	99	94
2030	2024	Brennan Bernardino	BOS	51.0		111	96		93	103				105	94	94
2031	2026	Keider Montero	DET	155.0	92	99			99		81	90		93	101	94
2032	2025	Trevor Williams	WSN	82.2	99	81			90		68			90	103	94
2033	2023	Jonathan Heasley	KCR	15.0	86				108	101	84			94	100	94
2034	2026	José Suarez	3 Tms	61.1	92	94	83		95		102			95	98	94
2035	2024	Kyle Gibson	STL	169.2	73	91	77		103	90	81			87	100	94
2036	2023	Nick Vespi	BAL	14.2		78	92		101	105				97	99	94
2037	2025	Michael Kelly	ATH	39.2	81	84	95		112		76			100	97	94
2038	2023	Bryan Hudson	LAD	8.2	105		113		105					106	93	94
2039	2024	Rhett Lowder	CIN	30.2	84	86			96		92			90	103	94
2040	2026	Jack Flaherty	DET	88.1	106	77			90		75	105		100	95	94
2041	2023	Colin Selby	PIT	24.0	92	106			95					104	89	94
2042	2026	Mason Barnett	ATH	50.0	87				107	87	104			95	99	94
2043	2026	Corbin Burnes	ARI	10.1		85	91		103	105	87			94	98	94
2044	2026	Bryce Elder	ATL	149.0	81	86	82		88		83			84	106	94
2045	2024	Taylor Rogers	SFG	60.0		93			116					104	97	94
2046	2026	Bradley Hanner	NYY	7.1	116	97	99		113					110	84	94
2047	2026	Landon Knack	LAD	11.2	88				98		101	86		93	103	94
2048	2026	Phil Maton	CHC	27.2		88	94		84	133				103	89	94
2049	2026	Yariel Rodríguez	TOR	9.1	94	105		109	93					99	91	94
2050	2026	Zac Thornton	NYM	84.1	99	92	100		99	105	92			99	97	94
2051	2024	Tyler Phillips	PHI	36.2	83	87			106	96	87			93	103	94
2052	2023	Charlie Morton	ATL	163.1	79	93	89			118	91			99	96	94
2053	2025	Shinnosuke Ogasawara	WSN	38.2	82	85			97		96	101		92	99	94
2054	2025	Brady Basso	ATH	11.2	87	78	101			108	102			94	101	94
2055	2024	Justin Lawrence	COL	59.2		93			120					104	94	94
2056	2026	Andrew Sears	DET	19.0	104	108			105		89			103	92	94
2057	2024	Scott Effross	NYY	3.1	105	110			105		91			105	90	94
2058	2024	Nick Avila	SFG	11.2	94	94	98		105			91		95	103	94
2059	2026	Trey Gibson	BAL	39.2	97	100	96		110	77				98	93	94
2060	2024	Trevor Williams	WSN	66.2	90	84			95		82			90	103	94
2061	2024	Sixto Sánchez	MIA	35.2	82	95	107				83			91	100	94
2062	2025	Andrew Hoffmann	2 Tms	12.0	81				90		107			94	98	94
2063	2023	Alex Young	CIN	53.2	88	90				109	98			97	95	94
2064	2026	Jake Irvin	WSN	106.2	100	96	91		109	105	81			99	98	94
2065	2024	Adbert Alzolay	CHC	17.1	101	94	107		104		82			101	91	94
2066	2026	Braxton Roxby	SFG	5.1	117	87			99					101	95	94
2067	2024	Peter Strzelecki	CLE	11.2	92	94	87		115		96			99	95	94
2068	2023	Jeff Brigham	NYM	37.2	100		83		111					101	94	94
2069	2024	Landon Knack	LAD	69.0	90				112	81	94			94	101	94
2070	2024	Tyler Wells	BAL	15.1	89		98		97	95	91			93	100	94
2071	2023	Richard Lovelady	OAK	23.1	93	97			90		77			92	102	94
2072	2026	Jedixson Paez	2 Tms	11.2	88	98	74			87	81			85	105	94
2073	2025	Mitchell Parker	WSN	164.2	85			100	102	100				92	103	94
2074	2025	Jake Irvin	WSN	180.0	92	95	91		95	96	74			93	103	94
2075	2025	Tyler Anderson	LAA	136.1	88	87	95		103	74	119			100	97	94
2076	2024	Chris Bassitt	TOR	171.0	91	103	90	89	107	100	79			98	97	94
2077	2025	Tyler Matzek	NYY	6.1	102	122			110					106	91	94
2078	2026	Lake Bachar	2 Tms	86.2	97	87		97	94	106				97	97	94
2079	2026	Ryan Fernandez	STL	23.0	91		88		102		102			97	96	94
2080	2023	Marco Gonzales	SEA	50.0	85	96	86			88	92			87	107	94
2081	2023	James Kaprielian	OAK	61.0	87	88			110	85	87			94	102	94
2082	2025	Luis Guerrero	BOS	17.1	81				107		104			97	97	94
2083	2026	John King	MIA	49.2	74	97			99	87	86			94	98	94
2084	2024	Gabe Speier	SEA	23.2	102	104			109		83			105	93	94
2085	2024	Sean Manaea	NYM	181.2	100	99	89		104		86			98	97	94
2086	2025	Clayton Kershaw	LAD	112.2	87	93		90	96	115				96	96	94
2087	2025	Ryan Rolison	COL	42.1	93				101	97	89			96	97	94
2088	2023	Chase Anderson	2 Tms	86.1	80	81	93		107	84	91			88	100	94
2089	2023	Josh Winder	MIN	34.2	72	97			106	94	96			94	100	94
2090	2025	Ryan Fernandez	STL	30.1	87		91		107		96			98	93	94
2091	2026	Justin Topa	2 Tms	22.0		93	89		114		83			95	98	94
2092	2026	Jonathan Pintaro	NYM	30.2	122	96	108			112	103			108	86	94
2093	2025	Chris Murphy	BOS	34.2	94	100		105	102	109	96			101	92	94
2094	2024	Kirby Yates	TEX	61.2	100			92	89					97	99	94
2095	2025	Bowden Francis	TOR	64.0	97	77		93	87	91				94	99	94
2096	2023	Daniel Castano	MIA	3.0	88	87	90		96		88			91	96	94
2097	2024	Erasmo Ramírez	TBR	20.2	104	94	90			107	90			94	102	94
2098	2025	Shane Smith	CHW	146.1	94	99			92	94	97			95	98	94
2099	2025	Cole Winn	TEX	41.2	111	111	87	95	97	103				102	90	94
2100	2025	Ronel Blanco	HOU	48.1	89				86	90	98			90	103	94
2101	2023	Declan Cronin	CHW	11.0	58	98			92					94	99	94
2102	2024	Tyler Anderson	LAA	179.1	90	93	102		109	85	105			98	96	94
2103	2023	Penn Murfee	SEA	14.0	107	100			116					112	87	94
2104	2026	Connor Phillips	CIN	30.0	100				130	126				115	80	94
2105	2026	Troy Taylor	SEA	3.0	94				108					98	94	94
2106	2026	Brandon Williamson	CIN	52.2	95	91	98		127	106	85			98	94	94
2107	2024	Scott Blewett	MIN	20.1	78			96	95					88	105	94
2108	2026	Colin Rea	CHC	137.0	86	92	92		110	87	95			94	99	94
2109	2025	Kevin Ginkel	ARI	25.2	84	96			99					91	102	94
2110	2025	Grant Holmes	ATL	115.0	81	72	82		101	105	94			92	100	94
2111	2023	Vince Velasquez	PIT	37.1	98	84			93		77	84		93	99	94
2112	2023	Matt Barnes	MIA	21.1	75			110				98		88	105	94
2113	2025	Mitch Keller	PIT	176.1	90	90	86		103	90	86			94	100	94
2114	2024	Jon Gray	TEX	102.2	83				96	90	83			89	104	94
2115	2026	Robby Snelling	MIA	5.0	112	108			100	106	93			105	91	94
2116	2023	Xzavion Curry	CLE	95.0	82				99	93	89			89	104	94
2117	2026	Chris Devenski	2 Tms	7.2	90	78	102		93		117			102	94	94
2118	2026	Kodai Senga	NYM	61.1	93	85	85		87	72			117	97	92	94
2119	2023	Spenser Watkins	OAK	4.1	72	72	91	93	101	90				82	112	94
2120	2026	Yuki Matsui	SDP	64.0	96	94		116	103					103	91	94
2121	2024	Declan Cronin	MIA	70.1	104	89			94					93	100	94
2122	2023	George Soriano	MIA	52.0	78				103		92			91	100	94
2123	2026	Mason Adams	COL	29.0	91	101	77		94	95	80			93	100	94
2124	2024	José Marte	LAA	19.1	98	108			110		78			104	88	94
2125	2024	Mason Black	SFG	36.1	105	97			95		78			98	99	94
2126	2025	Fernando Cruz	NYY	48.0	91	95		107	79					101	88	94
2127	2026	Ryan Borucki	SFG	23.2		97	86	100	100					98	92	94
2128	2026	Seth Lugo	KCR	172.1	92	82	90		94	100	70			90	103	94
2129	2026	Luinder Avila	KCR	70.0	94	107			104	98	96			100	90	94
2130	2024	Ryan Feltner	COL	162.1	85	101			94	107	95			93	100	94
2131	2023	Clayton Andrews	MIL	3.1	83				102		96			90	101	94
2132	2023	Bryse Wilson	MIL	76.2	113	104	96	104		107	93			103	91	94
2133	2026	Garrett Stallings	MIL	14.0	88	93	87		97	99	84			88	102	94
2134	2023	Logan Gillaspie	BAL	9.0	81				121	104	108			99	99	94
2135	2024	Keider Montero	DET	98.1	88	97			103		94	95		95	99	94
2136	2026	Cade Winquest	STL	13.2	96	82	75			89	109			87	103	94
2137	2024	Tobias Myers	MIL	138.0	99	94	79		82	82	109			91	102	94
2138	2025	Tayler Scott	2 Tms	27.1	90	92		95	88					91	103	94
2139	2024	Ben Brown	CHC	55.1	85						76	126		100	95	94
2140	2025	Miles Mikolas	STL	156.1	84	93			89	99	80			89	107	94
2141	2026	Cole Wilcox	SEA	27.0	85	102			105		110			99	95	94
2142	2023	Bryce Elder	ATL	174.2	65	82			102		89			88	104	94
2143	2026	Hayden Juenger	2 Tms	16.0	85		82		98		81			87	103	94
2144	2024	Davis Martin	CHW	50.0	89		84		100	93	101			94	97	94
2145	2023	Buck Farmer	CIN	75.0	73				117		95			93	101	94
2146	2025	Erik Sabrowski	CLE	29.1	115				98	108				111	86	94
2147	2026	Mike Paredes	MIN	34.1	85		93		113		90			94	98	94
2148	2026	Kyle Freeland	COL	135.1	87	87	92		103		76	96		90	103	94
2149	2026	Peter Lambert	HOU	155.2	97	94	85		102	95	81			92	100	94
2150	2026	Jason Adam	SDP	34.1	90				105		93			97	97	94
2151	2025	Kyle Nicolas	PIT	38.0	94	135			112	108	73			102	91	94
2152	2026	Mark Leiter Jr.	ATH	33.2	84	86	76	102	96	94				92	99	94
2153	2023	José Suarez	LAA	33.2	91	102	73		107		96			97	94	94
2154	2024	Eduardo Rodriguez	ARI	50.0	88	101	97		106		86			92	102	94
2155	2024	Cade Povich	BAL	79.2	97	103	100		110	99	76			97	97	94
2156	2024	Alex Faedo	DET	57.1	94	89			104		92			97	97	94
2157	2024	Ty Madden	DET	23.0	98	82	100	91	95			83		95	95	94
2158	2025	Nate Pearson	CHC	14.2	95	97			103	136				101	91	94
2159	2024	Max Meyer	MIA	57.0	79	95			96		88			88	100	94
2160	2023	Tyler Cyr	LAD	1.2	90		93		86		92			91	100	93
2161	2023	Joel Kuhnel	2 Tms	13.0	75	112			107		82			92	101	93
2162	2024	Max Lazar	PHI	13.2	82		80		74	81				82	108	93
2163	2026	Mitch Keller	PIT	115.2	91	87	84		102	90	81			92	101	93
2164	2024	Jeff Criswell	COL	19.2	86	100			104	102	82			94	96	93
2165	2024	Victor Mederos	LAA	5.1	99	114			96	120	72			102	89	93
2166	2023	Yohan Ramírez	2 Tms	38.1	118	105			131		84			111	87	93
2167	2024	Mark Leiter Jr.	2 Tms	58.0		88	78	97	88	79	95			89	101	93
2168	2023	Austin Gomber	COL	139.0	74	85			100		101	106		89	103	93
2169	2025	Taylor Clarke	KCR	55.1	90	92			100		97			96	96	93
2170	2025	Lucas Giolito	BOS	145.0	82				96	106	107			92	101	93
2171	2024	Ryan Loutos	STL	2.1		62			94		90			72	114	93
2172	2026	Andrew Abbott	CIN	166.0	90		91		113	90	86			94	99	93
2173	2024	Matt Andriese	MIA	6.0	92	83	97			88	118			92	107	93
2174	2023	Jesse Scholtens	CHW	85.0	76				78	95	86			80	109	93
2175	2023	Alec Mills	CIN	1.0	69	86			89	95	75			84	106	93
2176	2026	Braydon Fisher	TOR	75.2	73	61	88		114	91				98	96	93
2177	2023	Shelby Miller	LAD	42.0	101			93	92					97	97	93
2178	2025	Chris Roycroft	STL	20.2	88	103	113		105					101	95	93
2179	2023	Ethan Small	MIL	4.0	84				126		119			97	100	93
2180	2026	Rolddy Muñoz	ATL	2.0	78	78			104		90			93	103	93
2181	2025	Carson Fulmer	LAA	29.1	97	87			87	86	83			88	102	93
2182	2024	Jonathan Hernández	2 Tms	43.1		99			112		83			103	89	93
2183	2025	Grant Holman	ATH	23.0	84	92		103	84					92	97	93
2184	2025	Eduardo Rodriguez	ARI	154.1	91	96	93		100	94	84			91	100	93
2185	2024	Vladimir Gutierrez	MIA	4.0	81				95	105	76			86	106	93
2186	2024	Shelby Miller	DET	55.2	93		110	90	77					89	103	93
2187	2025	Justin Martinez	ARI	15.1	127	115		107	91					112	80	93
2188	2025	Isiah Kiner-Falefa	TOR	0.2										29	160	93
2189	2024	Calvin Faucher	MIA	53.2		90	114		129	106				100	94	93
2190	2026	Yoendrys Gómez	2 Tms	67.0	119	105	91		124		89			113	81	93
2191	2023	Tucker Davidson	2 Tms	51.1	85	102		102	101					95	95	93
2192	2023	Pierce Johnson	2 Tms	62.2	78				118	119				104	92	93
2193	2026	Cole Sands	MIN	12.0	87	84	93	87		112				91	101	93
2194	2023	Brad Hand	2 Tms	53.2	82	83			123					101	97	93
2195	2024	Alex Young	2 Tms	15.2	80	84			80	111	91			91	101	93
2196	2024	Cody Poteet	NYY	24.1	85	84			109	95	85			90	101	93
2197	2026	Chase Lee	TOR	9.2	89	90			108		83			96	96	93
2198	2024	Charlie Morton	ATL	165.1	79	92	88			116	88			98	96	93
2199	2023	Zack Thompson	STL	66.1	85				84	105	84			90	104	93
2200	2023	Ben Lively	CIN	88.2	78	101	73		96	90	75			88	104	93
2201	2023	Jose Cuas	2 Tms	65.1	109	97			95		83			98	95	93
2202	2025	Dennis Santana	PIT	70.1	83	92	93		101		81			93	102	93
2203	2026	Ricky Vanasco	DET	6.1	87					82	100			89	102	93
2204	2024	Cole Irvin	2 Tms	111.0	90	96	97		113	96	85			94	100	93
2205	2026	Rhett Lowder	CIN	133.1	81	84			94	99	87			87	104	93
2206	2025	Cade Gibson	MIA	54.2	84	90			105	108	89			98	92	93
2207	2026	Chayce McDermott	2 Tms	7.2	102		87	126	93					96	93	93
2208	2024	Brad Keller	2 Tms	41.1	83	82			106	92	82			93	98	93
2209	2023	Jordan Lyles	KCR	177.2	79	84	82		100	83	83			86	104	93
2210	2023	Andrew Abbott	CIN	109.1	88				113	90	73			90	103	93
2211	2026	Ryan Weiss	HOU	26.0	102	80			113	97	96			102	90	93
2212	2025	Dedniel Núñez	NYM	9.2	91	99			102		99			96	94	93
2213	2024	Albert Suárez	BAL	133.2	86		97			101	81			89	103	93
2214	2025	Kodai Senga	NYM	113.1	93	80	80		85	67			111	93	96	93
2215	2026	Jayden Murray	2 Tms	16.1	93	84	87	92	113		68			95	100	93
2216	2023	Gavin Hollowell	COL	33.2	94	95	95		112					100	93	93
2217	2023	Adrian Morejon	SDP	9.0	98				109	97	75			98	91	93
2218	2024	Xzavion Curry	2 Tms	42.2	79			93	100	97	89			89	106	93
2219	2023	Emerson Hancock	SEA	12.0	79	87			93		99			87	107	93
2220	2025	Antonio Senzatela	COL	130.0	78	80			101	99	78			85	106	93
2221	2023	Hunter Gaddis	CLE	42.0	89		86		93	106	101			94	99	93
2222	2026	Welinton Herrera	COL	2.1	83				107		99			91	100	93
2223	2023	Jose Quintana	NYM	75.2	88	91				91	76			87	105	93
2224	2023	Keynan Middleton	2 Tms	50.2	101				103		98			100	90	93
2225	2025	Tommy Kahnle	DET	63.0	88				101		92			92	97	93
2226	2023	Osvaldo Bido	PIT	50.2	100	99	110		108		76			101	93	93
2227	2025	Andrew Heaney	2 Tms	122.1	91	98			94	104	77			90	104	93
2228	2026	Dylan Smith	SFG	39.2	101	97		110	114	86				103	90	93
2229	2023	Connor Phillips	CIN	20.2	96				133	90	70			105	88	93
2230	2024	Martín Pérez	2 Tms	135.0	78	86	79		97	82	87			84	107	93
2231	2025	Kolby Allard	CLE	65.0	89	98	97			93	87			92	104	93
2232	2023	Julio Teheran	MIL	71.2	93	100	92			99	78			94	102	93
2233	2026	Mason Black	KCR	31.1	111	95	75		88	97	73			94	96	93
2234	2025	Isaac Mattson	PIT	47.2	96				103	90	97			97	97	93
2235	2023	Jesse Chavez	ATL	34.2		93	109			121	71			100	96	93
2236	2025	JT Brubaker	2 Tms	28.2	64	91			111	106	82			94	100	93
2237	2026	Cam Sanders	2 Tms	29.1	100	97			107		94			102	89	93
2238	2024	Justin Topa	MIN	2.1		90	73		131		80			97	105	93
2239	2023	Patrick Corbin	WSN	180.0	70	78			96		88			84	106	93
2240	2026	Cody Bradford	TEX	44.0	80	99			86	87	97			87	110	93
2241	2023	Jovani Morán	MIN	42.1	93				108		105			100	88	93
2242	2026	Gabriel Hughes	COL	64.0	84	81			94	82	80			85	107	93
2243	2024	Reese Olson	DET	112.1	73	98			103	97	96			93	99	93
2244	2026	Mike Burrows	HOU	94.2	98	92			95	96	88			94	98	93
2245	2026	Kendry Rojas	MIN	29.2	103	98			106		108			104	88	93
2246	2025	Kumar Rocker	TEX	64.1	90	98	97		100	93	75			95	99	93
2247	2026	Tanner Gordon	COL	103.2	82	77	77		86	96	91			86	109	93
2248	2023	Matt Dermody	BOS	4.0	98	105	92		105	82	81			98	99	93
2249	2025	Kyle Hendricks	LAA	164.2	95	101				74	101			98	97	93
2250	2026	Bradley Blalock	MIA	11.1	104	99	107	107	106	101				104	91	93
2251	2025	Cristian Mena	ARI	6.2	84	92			106	103	85			94	96	93
2252	2024	Luis Frías	2 Tms	9.2	91	101	102		112					100	90	93
2253	2024	Yerry Rodríguez	2 Tms	21.2	88				125		93			100	95	93
2254	2025	Josh Winckowski	BOS	11.2	95	121	95		101		108			103	92	93
2255	2025	Mason Thompson	WSN	10.2	110	101			96	100	80			100	92	93
2256	2025	Brant Hurter	DET	63.0	101	114			117		95			112	84	93
2257	2024	Jose Quintana	NYM	170.1	87	91				88	85			88	101	93
2258	2026	Andrew Hoffmann	ARI	11.2	74				96		115			91	101	93
2259	2026	Brandon Sproat	MIL	97.0	89	97	99		135	118	83			100	93	93
2260	2023	Justin Bruihl	2 Tms	28.0		111	90		120					106	88	93
2261	2024	Griffin Canning	LAA	171.2	74	81			101	86	91			86	102	93
2262	2026	Kody Funderburk	MIN	51.0		108	95		110		91			103	89	93
2263	2024	Wes Parsons	2 Tms	9.0	100	109			94	100	85			99	92	93
2264	2023	Zach Logue	DET	11.0	77	96	84			95	74			83	109	93
2265	2023	Thaddeus Ward	WSN	35.1	110	98	92		105		61			99	90	92
2266	2025	Davis Martin	CHW	142.2	93	97	94		95	91	89			93	98	92
2267	2024	Diego Castillo	MIN	10.0	77	108			115		88			109	86	92
2268	2026	Nick Davila	SEA	27.1	79	86			97					93	100	92
2269	2023	Albert Abreu	NYY	59.0	95	96			107		77			96	93	92
2270	2023	Jackson Rutledge	WSN	20.0	77	91			116	97	85			89	101	92
2271	2024	Riley O'Brien	STL	8.0	83	120			86	107				107	81	92
2272	2025	José Ureña	5 Tms	55.0	89	86		95	98		76			87	101	92
2273	2026	Danny Coulombe	BOS	22.0	78	82	97		113			121		95	90	92
2274	2023	Luis Cessa	CIN	26.0	63	83			87		89			82	109	92
2275	2023	Johan Oviedo	PIT	177.2	82	90			103	101	83			93	97	92
2276	2024	Jay Jackson	MIN	26.1	92	79			100		74			94	99	92
2277	2025	Mike Vasil	CHW	101.0	90	91	96		106	92	83			93	98	92
2278	2026	Albert Suárez	BAL	63.0	79		94			98	82			85	106	92
2279	2023	Jake Bird	COL	89.1		88	107		114	146	92			104	94	92
2280	2025	Bryse Wilson	CHW	47.1	91	102	88			98	78			92	98	92
2281	2024	Andrew Chafin	2 Tms	56.1	81	91			108					97	91	92
2282	2025	Cristian Javier	HOU	37.0	104	85			105		76	87		95	96	92
2283	2023	Shawn Dubin	HOU	9.0	95		107		99	97	108			99	92	92
2284	2023	Rob Zastryzny	PIT	20.2	105		96				98			105	90	92
2285	2026	Ryan Feltner	COL	123.1	90	99			89	92	97			92	97	92
2286	2025	T.J. McFarland	ATH	15.2	73	94			98		72			93	102	92
2287	2025	José Leclerc	ATH	9.0	86	73	102		102	109	70			88	100	92
2288	2025	Nabil Crismatt	ARI	34.0	69	74	89		77	83	84			79	108	92
2289	2024	Javier Assad	CHC	147.0	83	98	79		97	97	94			91	98	92
2290	2025	Sam Long	KCR	40.1	90	101		94	104	103				97	95	92
2291	2023	Ryan Sherriff	BOS	6.2		101			95		80			98	97	92
2292	2026	Spencer Arrighetti	2 Tms	110.2	104	101	95		96	107	67			100	89	92
2293	2024	Kyle Hendricks	CHC	130.2	75	90				82	85			85	106	92
2294	2023	Zack Weiss	2 Tms	14.0	97		116		108					105	88	92
2295	2025	Lou Trivino III	3 Tms	47.2	92	92	93		115	89	81			95	96	92
2296	2024	Kyle Hurt	LAD	6.2	79	97			89	55	106			94	100	92
2297	2025	Javier Assad	CHC	37.0	88	97	81		105	90	102			93	97	92
2298	2026	Hunter Barco	PIT	17.2	106	95		111	108		83			103	89	92
2299	2024	Nick Sandlin	CLE	57.2	104	98		83	109					100	91	92
2300	2024	Joe La Sorsa	WSN	17.2	108	93			116		74			98	101	92
2301	2025	Lance McCullers Jr.	HOU	55.1	88	85	93		111		83	105		97	92	92
2302	2025	Zack Littell	2 Tms	186.2	87	83		99	82					88	101	92
2303	2023	Trevor Williams	WSN	144.1	88	84			85	81	75			84	106	92
2304	2025	Jack Little	LAD	3.0	107			94	98					102	92	92
2305	2024	Jeffrey Springs	TBR	33.0	84	59	87		95		104			93	99	92
2306	2024	Adrian Houser	NYM	69.1	80	99			88	75	88			90	100	92
2307	2023	Yerry De los Santos	PIT	24.1		94			107		79			94	99	92
2308	2023	Ryan Weathers	2 Tms	57.2	90	85			109		80			91	100	92
2309	2025	Griffin Canning	NYM	76.1	80	83	88		102		91	90		90	99	92
2310	2025	Reynaldo López	ATL	5.0	95				105	90	89			97	96	92
2311	2024	Antonio Senzatela	COL	12.1	76	88			103	115	84			86	105	92
2312	2025	Dillon Tate	TOR	6.1	50	97			107		73			95	96	92
2313	2024	Ryan Burr	TOR	32.2	89				95					93	97	92
2314	2025	Chase Petty	CIN	6.0	97	85			101		85			95	96	92
2315	2023	Carson Fulmer	LAA	10.0	109	80			87	84	77			81	103	92
2316	2026	Angel Chivilli	NYY	16.2	96				97		92			94	93	92
2317	2024	Jared Shuster	CHW	73.1	77	92			93		86			85	104	92
2318	2026	Nick Lodolo	CIN	108.2	103	105				119	91			105	89	92
2319	2025	José Berríos	TOR	166.0	88	89	84			93	78			88	103	92
2320	2023	Alex Wood	SFG	97.2		97			105		94			99	96	92
2321	2025	Brad Lord	WSN	130.2	91	85			101	114	83			91	102	92
2322	2025	Logan Allen	CLE	156.2	94	85	92		99		82			92	100	92
2323	2024	Hogan Harris	OAK	72.1	96				89	102	101			97	96	92
2324	2023	Hyun Jin Ryu	TOR	52.0	78	83	88			97	87			85	109	92
2325	2024	Yonny Chirinos	MIA	30.0	80	100		104	106					100	95	92
2326	2026	Brandon Eisert	2 Tms	44.0	83	88			84		78			83	104	92
2327	2024	Joey Wentz	2 Tms	67.1	91		103			104	99			98	95	92
2328	2023	Kris Bubic	KCR	16.0	85				88	89	99			89	103	92
2329	2023	Chase Silseth	LAA	52.1	84	92	98	115	97	82				94	97	92
2330	2023	Collin Snider	KCR	20.1	75	96	107		118		80			104	93	92
2331	2023	Kirby Snead	OAK	11.2	91	96			113		94			102	94	92
2332	2025	Reiver Sanmartin	CIN	1.2	87	98			107		84			91	98	92
2333	2023	Matt Bush	MIL	10.1	103	90			99	113				106	87	92
2334	2023	Jalen Beeks	TBR	42.1	90		106		108		103			98	92	92
2335	2026	Connor Seabold	3 Tms	24.0	90		100		92		90			91	101	92
2336	2023	Jackson Kowar	KCR	28.0	82				115		118			104	88	92
2337	2025	Matt Sauer	LAD	29.2	103	100	99	94	99	108				100	93	92
2338	2025	Logan Evans	SEA	81.1	74	95	89		101	99	81			91	100	92
2339	2026	Anthony Banda	MIN	34.1	99	101			109		90			103	89	92
2340	2024	River Ryan	LAD	20.1	94	112	97		108	109	94			101	87	92
2341	2025	Nick Anderson	COL	14.2	70	81				120	94			89	108	92
2342	2023	Adam Ottavino	NYM	61.2	104	111	94		112		88			105	87	92
2343	2025	DL Hall	MIL	38.2	91	95	86		97	95	94			92	95	92
2344	2025	Bradley Blalock	COL	58.2	86		91	98	100	92				91	98	92
2345	2023	Levi Stoudt	CIN	10.1	83				110	87	95			94	96	92
2346	2023	Brady Singer	KCR	159.2	47	87			95		66			89	101	92
2347	2024	Jake Woodford	2 Tms	35.0	87	92	83		99		78			91	99	92
2348	2023	Jordan Balazovic	MIN	24.1	86				102	84	94			90	100	92
2349	2025	Chase Silseth	LAA	11.0	98	84		102	107					100	94	92
2350	2024	Brady Singer	KCR	179.2	77	91			94		68			91	100	92
2351	2025	Walker Buehler	2 Tms	126.0	94	99	92		97		77	110		96	94	92
2352	2026	Isaac Mattson	PIT	38.2	99				97		101			99	97	92
2353	2023	Kody Funderburk	MIN	12.0		119	96		142		111			114	84	92
2354	2026	Seth Halvorsen	2 Tms	29.0	97	115		94	123					105	86	92
2355	2026	Joey Cantillo	CLE	159.0	88		78		83	96	105			94	96	92
2356	2024	Kyle Tyler	MIA	31.2	78		87		72	50	76			73	112	92
2357	2023	Domingo Germán	NYY	108.2	88	94				100	79			92	97	92
2358	2024	Bryce Elder	ATL	49.2	64	80			107		87			87	101	92
2359	2026	Slade Cecconi	CLE	121.0	97	93	91	87	98	96	92			95	101	92
2360	2024	Lance Lynn	STL	117.1	104	84	101		113	102	73			98	95	92
2361	2023	Michael Rucker	CHC	40.1	91	100	98		100	95	80			95	93	92
2362	2023	Brennan Bernardino	BOS	50.2		97				92	80			94	100	92
2363	2026	JP Sears	SDP	32.2	87	86	82		111		77			91	99	92
2364	2023	McKinley Moore	PHI	3.1	81				132		99			101	90	92
2365	2026	Blade Tidwell	SFG	56.2	93	87			114	112	101			102	92	92
2366	2023	Dane Dunning	TEX	172.2	82	99	83		97	83	82	79		91	99	92
2367	2024	Kyle Harrison	SFG	124.1	89				94	88	94			89	103	92
2368	2025	Taijuan Walker	PHI	123.2	92	84	94	70	99	85				86	102	92
2369	2024	José Cisnero	LAA	15.2	114	96	95		103		95			104	87	92
2370	2024	Ray Kerr	ATL	22.1	99		90	81		107				101	91	92
2371	2026	Carlos Carrasco	ATL	16.2	78	84	82		76		84			82	108	92
2372	2025	Thomas Hatch	2 Tms	34.0	98	97	89		94		74			90	96	91
2373	2023	Oliver Ortega	MIN	14.2	70	94			118	96				98	96	91
2374	2023	Joey Krehbiel	BAL	5.0	79	128	97				89			87	101	91
2375	2025	Forrest Whitley	2 Tms	12.0	91	101	99			124	101			103	89	91
2376	2023	Jacob Lopez	TBR	12.1		95			95		84			90	103	91
2377	2024	Matthew Boyd	CLE	39.2	84	96			107	96	87			91	104	91
2378	2026	Matt Gage	SFG	27.1	81	81			102		107			94	95	91
2379	2025	Jose Quintana	MIL	131.2	76	89				90	80			86	104	91
2380	2023	Noah Syndergaard	2 Tms	88.2	85	88	82	82	88	105	72			85	105	91
2381	2023	Slade Cecconi	ARI	27.0	82			93	103	102	93			90	103	91
2382	2023	Jimmy Lambert	CHW	37.2	81				108		99	99		94	97	91
2383	2025	Eric Lauer	TOR	104.2	90	77	102		100	95	88			94	102	91
2384	2026	Jalen Beeks	TEX	26.0	87		103				87			89	101	91
2385	2025	Osvaldo Bido	ATH	79.2	98	96	99		105		74			97	95	91
2386	2026	Tim Herrin	CLE	56.2	85	108			101	105	82			101	92	91
2387	2026	Wilkin Ramos	SFG	2.0	92	92	80			104				94	97	91
2388	2024	Andrew Abbott	CIN	138.0	88				123	90	85			94	98	91
2389	2026	Nick Mears	KCR	19.1	100	89			103	78	130			100	92	91
2390	2023	Peter Lambert	COL	87.1	74				92	87	92			84	103	91
2391	2024	DJ Herz	WSN	88.2	98				98		103	89		99	93	91
2392	2024	Daniel Lynch IV	KCR	43.1	76	103	88		101		99	90		92	98	91
2393	2025	Eduardo Salazar	WSN	29.0	86	97			98		86			95	96	91
2394	2023	Tayler Saucedo	SEA	47.2	92	105			102	114	88			100	90	91
2395	2025	Seranthony Domínguez	2 Tms	62.2	107	102		115	129	110				112	77	91
2396	2023	Carl Edwards Jr.	WSN	31.2	83	78				82	86			84	102	91
2397	2026	Shane Bieber	TOR	55.2	93	82	82		100		86	90		90	96	91
2398	2025	Hayden Harris	ATL	2.2	97			71	117					99	95	91
2399	2023	Reiss Knehr	SDP	5.2	85	97	84		95		69			85	97	91
2400	2025	Spencer Strider	ATL	125.1	91				99	96	101			95	96	91
2401	2023	Shane Bieber	CLE	128.0	89		86		96		72	105		91	99	91
2402	2025	Kyle Gibson	BAL	12.1	63	87	60		97	90	67			82	101	91
2403	2026	Shane Smith	CHW	8.1	105	99			88	86	103			98	92	91
2404	2025	Jorge López	WSN	24.2	79	103			111		90	105		98	96	91
2405	2025	Brett de Geus	PHI	2.0		79	81	85				91		82	106	91
2406	2023	Kyle Wright	ATL	31.0	78	99			80		82	109		99	93	91
2407	2024	Elieser Hernández	2 Tms	15.2	100	80	104		95		80			96	98	91
2408	2024	Grant Holmes	ATL	68.1	77		84		101	98	69			90	100	91
2409	2025	Cionel Pérez	BAL	21.2	93	102	135		116	106				105	86	91
2410	2026	Julian Garcia	CIN	46.0	88				89					89	102	91
2411	2026	Carlos Hernández	CLE	3.0	93			124	104			85		102	86	91
2412	2023	Brad Boxberger	CHC	20.0	81				95		84			86	103	91
2413	2025	Sean Reynolds	SDP	27.0	76				114		107			94	96	91
2414	2025	Tyler Ferguson	ATH	58.0	110	102	98		112		95			107	86	91
2415	2024	Mitchell Parker	WSN	151.0	88			92	99	84				89	102	91
2416	2023	Tylor Megill	NYM	126.1	84			141	98	92	89			89	100	91
2417	2025	Scott Barlow	CIN	68.1	97	90			103	114				101	90	91
2418	2025	Tony Gonsolin	LAD	36.0	79			110	103	99				95	98	91
2419	2026	Jack Sinclair	WSN	11.0	91	102			111		80			103	87	91
2420	2024	Quinn Priester	2 Tms	49.2	78	99			94	93	81			91	98	91
2421	2026	Griffin Canning	SDP	88.2	85	97	86		98		92	84		91	97	91
2422	2025	John Brebbia	2 Tms	23.1	93				93	101	89			93	101	91
2423	2023	Collin McHugh	ATL	58.2	93		90		93	112	68			92	101	91
2424	2024	Nick Nelson	PHI	5.1	87	93			92		106			94	97	91
2425	2024	José Suarez	LAA	52.1	100	96	99		109	90	96			101	88	91
2426	2024	Adam Oller	MIA	42.1	100				97	85	79			92	94	91
2427	2025	Taylor Rashi	ARI	16.1	76			100	85	94				85	104	91
2428	2023	Fernando Abad	COL	6.1	82	79					100	103		86	107	91
2429	2025	Craig Yoho	MIL	8.2	94		87		125		95			97	93	91
2430	2025	Michael Soroka	2 Tms	89.2	93	96				97	96			95	97	91
2431	2026	Carson Seymour	SFG	31.2	89	110	96	107	120	134				106	82	91
2432	2024	Julian Aguiar	CIN	31.2		80			124	95	80			89	103	91
2433	2025	Tanner Gordon	COL	75.1	81				97	88	97			89	104	91
2434	2024	Tayler Saucedo	SEA	38.2	88	106			108	104	84			101	88	91
2435	2025	Jalen Beeks	ARI	57.1	87		117				92			92	95	91
2436	2024	Emerson Hancock	SEA	60.2	87	92			98		87			91	99	91
2437	2024	Steven Wilson	CHW	34.2	95		118		115		96			106	85	91
2438	2025	Richard Lovelady	2 Tms	11.2	99	105			97					100	94	91
2439	2026	Jack Kochanowicz	LAA	64.0	81	101			96		96			95	93	91
2440	2026	Kolby Allard	CLE	8.2	92	103	97			92	86			93	104	91
2441	2025	Easton Lucas	TOR	24.1	101		103		116		93			103	89	91
2442	2023	Matthew Boyd	DET	71.0	87	98			102	94	89			93	100	91
2443	2026	Beck Way	KCR	23.1	84	89	99		128		102			99	91	91
2444	2025	Seth Martinez	MIA	6.2	102	85	93		115		72			101	98	91
2445	2023	Matthew Liberatore	STL	61.2	87	91			107	113	72			95	95	91
2446	2023	Kyle Muller	OAK	77.0	85				90	107	85			90	98	91
2447	2025	Kevin Herget	2 Tms	13.0	79		89			71	113			93	97	91
2448	2026	Blas Castaño	COL	27.1	88	88	98		103		70			91	102	91
2449	2023	Packy Naughton	STL	5.0	92	98	112				83			97	90	91
2450	2023	Wil Crowe	PIT	9.2	86				98		83			91	93	91
2451	2024	J.P. Feyereisen	LAD	11.0	73				99		102			88	101	91
2452	2025	Shawn Dubin	2 Tms	33.2	81	100	90		121	97	96			96	96	90
2453	2024	Darius Vines	ATL	13.2	83		91		98	78	76			84	106	90
2454	2023	Luis Medina	OAK	109.2	96	107			115	106	100			103	86	90
2455	2023	Easton Lucas	OAK	6.2	90		96		119		92			97	92	90
2456	2025	Ryan Pressly	CHC	41.1	89	95			90	101	84			93	93	90
2457	2023	Enyel De Los Santos	CLE	65.2	85				118		80			95	98	90
2458	2025	Daniel Lynch IV	KCR	67.2	86	103			97		95	91		95	91	90
2459	2024	Josh Walker	NYM	12.1	96	82				104				95	91	90
2460	2026	Owen Murphy	ATL	12.0	97	83			88	90	90			93	101	90
2461	2026	Jack Anderson	2 Tms	12.1	63			111	101	106				91	101	90
2462	2023	José Buttó	NYM	42.0	84	70			104	81	90			87	98	90
2463	2024	Yariel Rodríguez	TOR	86.2	87	89		101	103	92				94	93	90
2464	2026	Nate Pearson	2 Tms	46.0	100	104			107	110	120			104	85	90
2465	2024	Luis Contreras	HOU	6.0	91				97	110	81			95	91	90
2466	2023	Brent Headrick	MIN	25.2	95				111		89			100	94	90
2467	2026	Jovani Morán	BOS	65.2	97	97	96		114	81	105			100	88	90
2468	2023	Joey Estes	OAK	10.0	82		100		104		80			89	104	90
2469	2023	Kyle Nicolas	PIT	5.1	98				114	116				105	83	90
2470	2024	Alec Marsh	KCR	129.0	90	97			100	99	85			94	97	90
2471	2023	Ryan Tepera	2 Tms	10.2	92	100			100		71			96	88	90
2472	2025	Ryan Loutos	2 Tms	12.0	68	92			98		88			82	103	90
2473	2026	Jake Eder	LAD	4.0	80				110	120	102			92	97	90
2474	2026	Clarke Schmidt	NYY	0.2	113	115	90		86			115		97	91	90
2475	2026	Grant Holmes	ATL	151.2	83	85	78		95	96	80			88	99	90
2476	2024	Joey Cantillo	CLE	38.2	87				77	90	107			92	99	90
2477	2024	Tanner Gordon	COL	34.1	80	110			98	102	89			88	104	90
2478	2024	Jordan Leasure	CHW	31.1	100				97	96				98	90	90
2479	2024	Jack Neely	CHC	6.0	96				122					108	82	90
2480	2023	Joey Wentz	DET	105.2	91		99			109	91			96	97	90
2481	2024	Tayler Scott	HOU	68.2	99	92		84	90					94	95	90
2482	2025	Connor Seabold	2 Tms	10.1	95				93		91			94	97	90
2483	2026	Spencer Strider	ATL	39.0	96				98	94	98			97	94	90
2484	2025	Tayler Saucedo	SEA	13.1	84	101			117		77			100	89	90
2485	2026	Marco Raya	MIN	6.0	78		86		98	104	96			89	95	90
2486	2023	Josh Staumont	KCR	20.0	86	106			103	105				96	92	90
2487	2026	Martín Pérez	ATL	142.0	75	86	92			83	82			86	101	90
2488	2026	Logan Allen	CLE	16.2	109	94	95		102		77			98	96	90
2489	2023	Amir Garrett	KCR	24.1	102	93			107					101	85	90
2490	2025	Alex Carrillo	NYM	4.2	83			89	111					94	88	90
2491	2025	Seth Lugo	KCR	145.1	90	89	91	82	98	101	75			93	96	90
2492	2023	Scott McGough	ARI	70.1	85	83		97	104					92	97	90
2493	2024	Brent Honeywell	2 Tms	37.2	72	73			109		133			92	101	90
2494	2023	Dany Jiménez	OAK	23.1	65				116					97	91	90
2495	2023	Adrián Martinez	OAK	55.0		83			102		92			85	105	90
2496	2023	Matt Festa	SEA	9.0	99		78		107					101	86	90
2497	2025	Valente Bellozo	MIA	81.1	82		96	80	117	90	85			93	98	90
2498	2026	Peter Strzelecki	STL	14.0	95	92			85	110	85			96	94	90
2499	2025	Tom Cosgrove	CHC	4.0	90	71			105					90	112	90
2500	2024	Marcus Stroman	NYY	154.2	79	88	85	61	91	94				85	101	90
2501	2025	Paxton Schultz	TOR	24.2	94	72	95		91		92			93	97	90
2502	2024	Héctor Neris	2 Tms	59.1	86	86		103	92					95	99	90
2503	2025	Zach Agnos	COL	31.1	77		91	92	100					89	96	90
2504	2023	Randy Vásquez	NYY	37.2	107	98	101		126	111	91			105	89	90
2505	2023	Caleb Boushley	MIL	2.1	102	75			127	99				99	94	90
2506	2026	Marco Gonzales	TEX	6.2	97	76	83			93	98			93	99	90
2507	2024	Erik Swanson	TOR	39.1	87			113	86					95	95	90
2508	2025	Luis Garcia	HOU	7.2	82		99		101	85	80			88	103	90
2509	2025	Brandon Sproat	NYM	20.2	93	106			122	111	94			107	86	90
2510	2024	Daniel Palencia	CHC	14.2	106	115		106	114	90				109	77	90
2511	2025	Jacob Barnes	TOR	8.0	96		94	82	98					94	95	90
2512	2025	Danny Young	NYM	8.1		114	89		107					110	80	90
2513	2026	Vince Velasquez	CHC	3.1	100	68	85		87		79	79		91	101	90
2514	2026	Nick Sandlin	LAA	8.2	107	90		73	110					99	86	90
2515	2026	Jose Corniell	TEX	4.1	94	108	83		105		77			92	96	90
2516	2024	Dominic Leone	CHW	19.0	104	105	94		102		92			99	88	90
2517	2026	Clayton Beeter	WSN	48.0	89				111					100	89	90
2518	2023	Ron Marinaccio	NYY	47.1	100				110		99			100	89	90
2519	2024	Jalen Beeks	2 Tms	70.0	89		106			128	99			95	93	90
2520	2024	Prelander Berroa	CHW	19.0	93	98			127					112	77	90
2521	2024	Eric Orze	NYM	1.2	86				76		98			91	88	90
2522	2023	Kenny Rosenberg	LAA	33.0	88		105		88	85	91			91	96	90
2523	2023	Ronel Blanco	HOU	52.0	93				86	86	105			90	96	90
2524	2025	Austin Warren	NYM	9.1	112	99	91		102		76			99	91	90
2525	2025	Jesse Hahn	SEA	5.0		99			113	104				101	84	90
2526	2024	John McMillon	MIA	12.0	92		88		98					96	90	90
2527	2023	Pedro Avila	SDP	50.1	80	92			94	96	106			92	97	90
2528	2023	Ken Waldichuk	OAK	141.0	86				101	88	92			91	99	90
2529	2025	Patrick Monteverde	MIA	3.2	90	83	104		98	105	85			97	91	90
2530	2023	Joey Lucchesi	NYM	46.2		99	71			108	87			95	93	90
2531	2023	Andrew Bellatti	PHI	24.2	96				108		86			101	85	90
2532	2023	Luis Ortiz	PIT	86.2	86	110	81		95		83			95	92	90
2533	2025	Martín Pérez	CHW	56.0	79	87	89			86	82			86	101	90
2534	2023	Randy Wynne	CIN	2.1	73	62			90		62			73	117	90
2535	2026	River Ryan	DET	4.1	102	101	92		99	115	91			100	85	90
2536	2024	Amir Garrett	LAA	5.1	102	107			111					108	78	90
2537	2026	Eric Lauer	2 Tms	108.1	83		95		102	93	78			88	104	90
2538	2024	Joe Boyle	OAK	47.2	92				123	114				105	83	90
2539	2026	Zach Agnos	COL	91.0	85	85	88	93	94					90	99	90
2540	2026	Michael Lorenzen	2 Tms	127.1	84	88	82		95	85	88			87	100	90
2541	2025	Roansy Contreras	2 Tms	12.2	86	98			106	106	90			95	98	90
2542	2024	Jordan Montgomery	ARI	117.0	76	89			111	107	88			93	98	90
2543	2024	Robbie Ray	SFG	30.2	112				91			109		105	86	90
2544	2026	Juan Mejia	COL	70.0	82	95			117		77			97	96	90
2545	2024	Kai-Wei Teng	SFG	11.0	70	95			100	98	78			95	90	90
2546	2025	Marcus Stroman	NYY	39.0	75	89	84	75	88	90				86	100	90
2547	2026	Fernando Cruz	NYY	54.2	85	81		108	94					98	89	89
2548	2026	Shawn Armstrong	CLE	35.1	93	102	88		121					101	90	89
2549	2024	Aaron Brooks	OAK	26.2	67	97			99		86	86		88	100	89
2550	2024	Paolo Espino	TOR	8.2	67				114	116	77			91	93	89
2551	2024	Cristian Mena	ARI	3.0	97	108			115	104	88			101	87	89
2552	2025	Philip Abner	ARI	3.2	101				113					104	89	89
2553	2024	Nick Hernandez	HOU	8.0	86				88		82			87	103	89
2554	2026	Ryan Johnson	LAA	100.0		82	104	74	107					95	94	89
2555	2025	Simeon Woods Richardson	MIN	111.1	88			93	97	87	100			91	97	89
2556	2025	Ben Lively	CLE	44.2	84	109	85		88	87	67			90	102	89
2557	2023	Anthony Veneziano	KCR	2.1	99				101		88			95	91	89
2558	2024	Matt Carasiti	COL	8.2	71	77	92						111	89	103	89
2559	2024	Tyler Mahle	TEX	12.2	91		97	66	91					84	110	89
2560	2025	Dauri Moreta	PIT	16.2	83				108		82			97	93	89
2561	2026	Mark Manfredi	COL	17.2	86	98			106		95			94	96	89
2562	2023	Nick Anderson	ATL	35.1	76	77				113				93	103	89
2563	2025	Josh Walker	TOR	5.0	90	93				87				88	95	89
2564	2024	Carson Fulmer	LAA	86.2	95	92			91	89	80			89	95	89
2565	2025	Aaron Civale	3 Tms	102.0	85	77	95	68	86	120				92	96	89
2566	2023	Roansy Contreras	PIT	68.1	80				97	100	84			90	100	89
2567	2024	Spencer Howard	2 Tms	29.0	85				98	88	103			92	100	89
2568	2024	Andrew Walters	CLE	8.2	112				106					110	78	89
2569	2023	Sean Nolin	MIA	3.0	87		98		101	102	83			93	95	89
2570	2024	Ron Marinaccio	NYY	23.1	94				117		102			100	91	89
2571	2025	Scott McGough	2 Tms	16.0	83	75		95	92					89	99	89
2572	2025	Travis Adams	MIN	33.2	98	95	98		100	88	85			96	94	89
2573	2025	Bruce Zimmermann	MIL	6.0	81	91	80	95	98	86				90	98	89
2574	2025	Dane Dunning	2 Tms	20.2	68	88	78		96		72	81		81	104	89
2575	2023	Corey Kluber	BOS	55.0	84	81	94			118	88			96	94	89
2576	2024	Gerson Garabito	TEX	26.1	93	98			76	89	84			90	98	89
2577	2026	Kumar Rocker	TEX	148.0	83	98	83	80	95		72			91	96	89
2578	2023	Grant Hartwig	NYM	35.1		96	82		106		80			96	96	89
2579	2024	Hayden Birdsong	SFG	72.0	80				104	118	124			100	89	89
2580	2026	Bryan Abreu	HOU	62.2	99		92		106		44			101	86	89
2581	2025	Hayden Birdsong	SFG	65.2	93				90	92	115			96	89	89
2582	2026	Reynaldo López	ATL	79.1	87				92	93	91			90	99	89
2583	2025	Alek Jacob	SDP	33.1	82	86			92		102			90	100	89
2584	2024	Michael Mercado	PHI	13.0	92		101			108	102			98	91	89
2585	2026	Trevor Richards	2 Tms	83.0	80	86			93		111			90	103	89
2586	2026	Bobby Miller	LAD	7.1	87	91			117	111	112			101	93	89
2587	2025	Cal Quantrill	2 Tms	117.2	88	87	89	83	96	98	75			88	100	89
2588	2026	Tomoyuki Sugano	COL	154.1	86	82	82	73	87	85				82	103	89
2589	2024	Chris Stratton	KCR	58.1	83	94			90	103	85			90	96	89
2590	2025	Freddy Tarnok	MIA	7.1	82	80			107	105	111			97	93	89
2591	2026	Brad Lord	WSN	83.1	90	87			106		79			94	99	89
2592	2026	Kevin Herget	NYM	1.0	48		80				90			72	118	89
2593	2026	Philip Abner	2 Tms	19.0	86	93			106	87	89			90	96	89
2594	2025	Cody Poteet	BAL	2.2	80	79			83		55			76	102	89
2595	2024	Roansy Contreras	2 Tms	68.1	89	92			104	91	86			94	94	89
2596	2024	Osvaldo Bido	OAK	63.1	107	110	114		111		78			104	82	89
2597	2024	Ty Adcock	NYM	4.1	91		96		115					101	87	89
2598	2025	Michael Fulmer	2 Tms	5.2	98	88	92		127	106	78			94	93	89
2599	2025	Jon Gray	TEX	14.0	84				102	95	90			92	94	89
2600	2026	Jonah Tong	NYM	30.2	109		87			87	83			96	92	89
2601	2026	Yunior Tur	ATH	12.2	91		84	115	79					96	88	89
2602	2025	Andrew Saalfrank	ARI	29.0	87	89				86				87	100	89
2603	2024	Michael Lorenzen	2 Tms	130.1	83	100	87		102	83	91			91	96	89
2604	2025	Brooks Kriske	2 Tms	18.0	87		104	107	94					99	87	89
2605	2023	Andrew Saalfrank	ARI	10.1		92				94				93	91	89
2606	2026	Jaden Hill	COL	39.2	87	82			114		106			97	93	89
2607	2023	Daysbel Hernández	ATL	3.2	87				111					100	90	89
2608	2026	Bailey Ober	MIN	131.0	80	77			100	87	97			92	95	89
2609	2024	Matt Moore	LAA	48.1	88		116				123	110		103	87	89
2610	2023	Zach Davies	ARI	82.1	74	83	77		93	81	82			80	105	89
2611	2024	Sammy Peralta	CHW	15.0	93				118		95			101	93	89
2612	2025	Chris Flexen	CHC	43.2	73		90		89	105	102			86	103	89
2613	2023	Hogan Harris	OAK	63.0	100		90		92	90	108			99	92	89
2614	2023	Silvino Bracho	CIN	7.1	69				105		82			80	106	89
2615	2026	Kohl Drake	ARI	20.2	91		89		105	97	94			94	96	89
2616	2024	Shawn Dubin	HOU	45.1	93		100		114	98	102			98	86	89
2617	2025	Ian Hamilton	NYY	40.0	92	93			112					100	90	89
2618	2026	Geoff Hartlieb	ATH	28.0	85	98	85		101					93	95	89
2619	2026	Jose Espada	BAL	1.0	77			76	104					91	98	89
2620	2025	Ryan Feltner	COL	30.1	83	92			95	102	95			91	97	89
2621	2023	Zach Neal	OAK	27.0	88	90	86			89	89			88	99	89
2622	2024	DL Hall	MIL	43.0	82				103	94	92			89	98	89
2623	2025	Austin Gomber	COL	57.2	70		85	99	98		95	108		90	101	89
2624	2026	Jake Meyers	HOU	1.0										62	139	89
2625	2026	Burch Smith	DET	17.0	106	81	91			86	98			97	88	89
2626	2023	Rich Hill	2 Tms	146.1	86	96	91		121	100	81			95	99	89
2627	2023	José Ureña	2 Tms	44.2	84	93			106		73			90	97	89
2628	2023	Tyler Anderson	LAA	141.0	91	97	102		122	76	107			100	91	89
2629	2025	Alexis Díaz	3 Tms	17.2	99				86					94	93	89
2630	2026	Ron Marinaccio	3 Tms	57.2	98		91		103		88			94	94	89
2631	2024	Luis Medina	OAK	40.0	87	112			109	122	96			101	89	89
2632	2024	Adam Mazur	SDP	33.2	76	87			110	104	82			92	93	89
2633	2023	Zach Plesac	CLE	21.1	77				97	93	93			88	100	89
2634	2024	Joan Adon	WSN	10.2	88	97			94	108	89			93	94	89
2635	2026	Patrick Monteverde	MIA	4.0	74	76	89	89	101	91				87	98	89
2636	2023	Thomas Pannone	MIL	2.2	82		98			104	72			94	95	89
2637	2025	Fraser Ellard	CHW	17.0	97	105	86		114		86			102	87	89
2638	2025	Michael Tonkin	MIN	24.0	93	85			97					93	95	89
2639	2024	Matt Sauer	KCR	16.1	85	95		108	123	111				105	87	88
2640	2024	Tyler Matzek	ATL	10.0	94		96		104					97	92	88
2641	2023	Jacob Latz	TEX	6.1	101				104	79	98			100	88	88
2642	2026	Shaun Anderson	LAA	20.0	90	87			83		89			86	96	88
2643	2026	Ty Johnson	TBR	7.2	109				97					104	85	88
2644	2026	Richard Lovelady	2 Tms	35.0	89	99			97					96	93	88
2645	2024	Jonathan Bowlan	KCR	2.2	114	88			105	115	90			106	83	88
2646	2025	Carlos Carrasco	2 Tms	45.2	68	84			83	81	85			80	101	88
2647	2024	Noah Davis	COL	20.1	84	76	91		117	119	71			90	102	88
2648	2026	Cade Povich	BAL	37.0	99	97			99	104	94			99	89	88
2649	2024	Josh Rogers	COL	11.0	69	78	79		98		79			85	100	88
2650	2025	Jackson Rutledge	WSN	73.1	99	92	99	96	107					99	90	88
2651	2023	Luis Frías	ARI	31.0	85	94	105		123		98			99	90	88
2652	2024	Gordon Graceffo	STL	7.2	76				90	85	84			82	100	88
2653	2023	Shane Greene	CHC	3.0	92	88	108		129		83			105	85	88
2654	2025	Noah Murdock	ATH	17.0	114	103	94		127		80			105	92	88
2655	2025	Joe Rock	TBR	7.2	102	102			122		92			106	85	88
2656	2026	PJ Poulin	WSN	36.2	94	93			100		81			94	95	88
2657	2026	Joey Estes	ATH	7.1	93	71	94		103		80			94	97	88
2658	2026	Justin Verlander	DET	9.0	83				110	114	93			97	92	88
2659	2023	Nick Mears	COL	19.1	90				97	95				92	95	88
2660	2025	Yoendrys Gómez	3 Tms	62.2	104	91	79		110	94	73			97	91	88
2661	2026	Randy Dobnak	KCR	74.1	67	77			90		83			81	106	88
2662	2023	Spencer Turnbull	DET	31.0	87	92			99	103	85			91	96	88
2663	2024	Jhonathan Díaz	SEA	9.2	77	103			122	98	85			96	93	88
2664	2026	Luke Murphy	LAA	20.0	89		93		112		91			94	96	88
2665	2023	Davis Daniel	LAA	12.1	86				111	92	77			91	99	88
2666	2024	Rob Zastryzny	MIL	7.2	95		101		132		100			101	91	88
2667	2024	Brandon Eisert	TOR	6.2	110				76		84			90	94	88
2668	2026	Tanner Andrews	TOR	3.0	74			97	91					88	88	88
2669	2024	Scott Barlow	CLE	55.0	83	88			105	120				103	84	88
2670	2026	Drey Jameson	ARI	19.1	89	85			105		95			96	90	88
2671	2024	Ricardo Pinto	PHI	10.2	71	94		88	89					89	93	88
2672	2024	Clayton Andrews	NYY	0.1	11	94			47		80			70	110	88
2673	2025	Luke Little	CHC	2.2	85				87					86	102	88
2674	2025	Carson Spiers	CIN	13.1	125	102	87		100		65			94	91	88
2675	2026	Dean Kremer	2 Tms	90.1	95	78	95	97	102	80				91	96	88
2676	2023	Nabil Crismatt	2 Tms	13.0	74	78			77	78	92			83	97	88
2677	2025	Lyon Richardson	CIN	37.2	90	95			120	92	92			93	95	88
2678	2026	Jimmy Herget	COL	53.2	90	80			109		73			98	92	88
2679	2023	Chris Flexen	2 Tms	102.1	73	58	87		97	94	100			84	101	88
2680	2023	Ryan Weber	NYY	14.1		95			77		111			91	96	88
2681	2024	Chase Silseth	LAA	8.0	88	97		106	96	106				95	90	88
2682	2026	Victor Mederos	ATL	34.1	100	96	101	100	125					101	88	88
2683	2025	Zach McKinstry	DET	0.1										46	126	88
2684	2023	Brandon Hughes	CHC	13.2	95	106			106					101	89	88
2685	2023	Kevin Herget	CIN	24.1	71	69	94		89	71	100			84	102	88
2686	2025	Luis Contreras	HOU	12.0	86	68			84		92			86	95	88
2687	2024	Brandon Bielak	2 Tms	29.2	67	91			98	85	90			87	96	88
2688	2023	Jake Cousins	MIL	9.1	88	102			99					98	86	88
2689	2023	Tony Gonsolin	LAD	103.0	74			108	98	82				89	98	88
2690	2025	Emerson Hancock	SEA	90.0	90	87			104		86			90	100	88
2691	2023	Jeff Lindgren	MIA	7.0		75			112		81			85	98	88
2692	2024	Nick Anderson	KCR	35.2	72	73				111	85			90	103	88
2693	2023	Carlos Carrasco	NYM	90.0	77	94	81		99	87	95			89	95	88
2694	2026	James Karinchak	ATL	9.2	86					107				95	92	88
2695	2024	Forrest Whitley	HOU	3.1	93	108	123	138		130	104			113	75	88
2696	2023	Tyson Miller	3 Tms	15.1	90	99			80	66	74			85	94	88
2697	2024	Tanner Rainey	WSN	51.0	103				104		80			103	85	88
2698	2025	Gregory Santos	SEA	7.0	71	85			113		85			96	88	88
2699	2023	Anthony Kay	2 Tms	14.2	93				108		102			100	86	88
2700	2026	Yilber Díaz	2 Tms	6.0	96				107			114		102	91	88
2701	2025	Tommy Henry	ARI	6.2	76	62			82	84	88			82	103	88
2702	2026	Dennis Santana	2 Tms	56.2	89	88	85		99		78			91	98	88
2703	2024	Ben Heller	PIT	12.0	102	104	95		109		118			107	79	88
2704	2026	Carson Whisenhunt	SFG	34.2	89	91			94	92	100			94	91	88
2705	2023	Glenn Otto Jr.	TEX	10.2	96	109			107			84		100	86	88
2706	2025	Nic Enright	CLE	31.0	90				101	94	115			93	96	88
2707	2024	Brandon Leibrandt	CIN	6.1	82	80			99	104	101			95	99	88
2708	2023	Cody Bolton	PIT	21.1	81				112		93			92	91	88
2709	2023	Kolby Allard	ATL	12.1	85		94			84	84			87	103	88
2710	2024	Alex Wood	OAK	39.1		92			102		83			93	99	88
2711	2026	Brandon Leibrandt	CIN	6.0	78	82			89	79	99			88	94	88
2712	2026	Brycen Mautz	STL	15.1	100	125			101	105	88			105	80	88
2713	2024	Jake Bird	COL	40.0	91	86	101		126	132	77			107	86	87
2714	2024	Trevor McDonald	SFG	3.0	106	100			90		81			95	91	87
2715	2024	Phil Bickford	NYY	8.1	101				101					101	85	87
2716	2024	Taijuan Walker	PHI	83.2	84	82	85	81	100	85				86	98	87
2717	2024	Roddery Muñoz	MIA	82.2	102	96	91		105		75			96	91	87
2718	2024	Brady Feigl	PIT	1.2	84					106	62			87	103	87
2719	2025	Bryce Jarvis	ARI	22.0	78	83	84		104	87	85			86	101	87
2720	2023	Alex Speas	TEX	2.0	99		91		113					109	66	87
2721	2023	Dallas Keuchel	MIN	37.2		88	88		97		79			87	98	87
2722	2024	Bradley Blalock	2 Tms	30.2	82		93	93	98	105				90	94	87
2723	2024	Kolby Allard	PHI	27.0	83	92	99			82	92			88	102	87
2724	2026	Khristian Curtis	PIT	21.0	100		86		102	92	96			95	89	87
2725	2025	Logan Gillaspie	SDP	7.0	89	88	73		102	96	95			91	94	87
2726	2024	George Soriano	MIA	29.1	79				101		92			90	97	87
2727	2024	Jacob Waguespack	TBR	10.0	81		83			92	67			82	101	87
2728	2024	Jordan Weems	WSN	41.2	93			115	109	133				100	88	87
2729	2023	Devin Smeltzer	MIA	22.1	80		92		98	92	91			87	102	87
2730	2025	J.P. France	HOU	4.0	89	73	97		114	103	67			94	92	87
2731	2024	Michael Soroka	CHW	79.2	96	91			100		89			95	91	87
2732	2023	Connor Seabold	COL	87.1	74				102	110	90			85	102	87
2733	2026	Sam Hentges	SFG	36.2	95	98			95	108				98	88	87
2734	2023	Diego Castillo	SEA	8.2	61	101			95		63			89	93	87
2735	2025	Joey Estes	ATH	11.0	77	62			98		82			82	98	87
2736	2023	Drew Carlton	SDP	20.2	87	93			97		78			89	101	87
2737	2026	Kirby Yates	2 Tms	42.1	90			83	109					88	100	87
2738	2026	Yunior Marte	SFG	24.1	75			107	86					85	96	87
2739	2023	Domingo Acevedo	OAK	9.1	77	91			97		89			87	101	87
2740	2024	Dany Jiménez	OAK	25.2	64				113		104			95	88	87
2741	2025	Owen White	CHW	7.0	85	84	81		100	90	80			90	92	87
2742	2023	Adam Wainwright	STL	101.0	67	76	83		118	92	66			81	101	87
2743	2026	Sam Aldegheri	LAA	33.2	81		104		99	93	96			90	96	87
2744	2023	Cole Sands	MIN	21.2	83	94	96	87		118				93	96	87
2745	2026	Bailey Falter	2 Tms	13.0	91	80		80	86	87				88	94	87
2746	2023	Steven Cruz	KCR	12.2	102	106	108		115					107	76	87
2747	2026	Tayler Saucedo	LAA	21.1	102	102			102		82			100	84	87
2748	2025	Connor Gillispie	MIA	26.0	92		89		91	68	81			89	97	87
2749	2023	Luis Patiño	2 Tms	21.2	92	99			87	88	106			94	87	87
2750	2026	Parker Mushinski	COL	6.2	89	92	97		115	108	94			102	84	87
2751	2025	Jeff Brigham	ARI	3.1	97		95		87					94	94	87
2752	2024	Zack Thompson	STL	17.0	81				90	105			93	89	99	87
2753	2025	Luarbert Arias	MIA	10.1	97			107	104					101	88	87
2754	2026	Antoine Kelly	CHC	1.1	90	107			137					117	65	87
2755	2025	Connor Thomas	MIL	5.1	102	90	87		98		82			90	93	87
2756	2024	Dane Dunning	TEX	95.0	84	99	78		93		82	78	88	90	94	87
2757	2025	PJ Poulin	WSN	24.2	95	106			107		83			96	91	87
2758	2026	Luis Gil	NYY	27.1	105	94			102		82			99	85	86
2759	2026	Winston Santos	TEX	2.0	93				113		92			99	92	86
2760	2024	Valente Bellozo	MIA	68.2	71		99		120	87	79			86	98	86
2761	2026	Peyton Pallette	CLE	20.2	84				101	102	84			92	96	86
2762	2025	Liam Hendriks	BOS	13.2	95				93	91				94	89	86
2763	2024	Jonathan Heasley	BAL	5.1	79				91	85				87	92	86
2764	2023	Casey Legumina	CIN	12.2	105				103		85			103	82	86
2765	2026	Gerardo Carrillo	ARI	17.1	96	92	97	109	103					100	86	86
2766	2023	Ian Kennedy	TEX	16.1	87		88	86				80		87	97	86
2767	2024	Zach Brzykcy	WSN	5.2	91					90	87			90	96	86
2768	2025	Andrew Chafin	2 Tms	33.2	78	88			109		73			94	91	86
2769	2026	Robbie Ray	2 Tms	165.2	106	87			96		81	91		94	90	86
2770	2026	Brady Singer	CIN	157.0	95	98	76		85					91	95	86
2771	2025	Brennan Bernardino	BOS	51.2		98	82		76	107	76			95	94	86
2772	2024	Dylan Dodd	ATL	2.0	87		105		106		104			98	91	86
2773	2026	Jason Alexander	HOU	18.1	85	86	89		101		91			90	96	86
2774	2024	Angel Chivilli	COL	31.2		70			110		101			85	98	86
2775	2025	Victor Mederos	LAA	17.0		95			102		81			98	87	86
2776	2023	Touki Toussaint	2 Tms	87.0	81	99		83	101	97				91	93	86
2777	2023	John Curtiss	NYM	19.2	87				99		88			92	91	86
2778	2026	Germán Márquez	SDP	53.0	76	78			95		80	102		87	99	86
2779	2024	Pedro Avila	2 Tms	82.2	82	88			91	83	100			88	96	86
2780	2023	Kyle Freeland	COL	155.2	78	73			78		66	94		80	105	86
2781	2026	Lyon Richardson	2 Tms	3.1	87	86			101		84			87	93	86
2782	2023	Edgar Navarro	CHW	8.2		104			104		75			103	85	86
2783	2026	Ricky Tiedemann	TOR	6.0	95		84		116		90			105	81	86
2784	2024	Joey Lucchesi	NYM	10.1		109	72			98	149			96	89	86
2785	2024	Cal Quantrill	COL	148.1		80	92	94		99	79			86	97	86
2786	2026	Jose Quintana	COL	48.0	77	85				85	77			81	104	86
2787	2026	Travis Adams	MIN	59.0	92	92	95		97		91			93	92	86
2788	2026	Carl Edwards Jr.	NYM	6.0	88					93	81			88	95	86
2789	2026	Zack Littell	2 Tms	124.1	82	79		90	81					83	101	86
2790	2026	Nick Raquet	BAL	3.2		98	94		100		86			99	87	86
2791	2026	Simeon Woods Richardson	2 Tms	66.0	84	75		88	94	88				87	94	86
2792	2024	Tommy Henry	ARI	38.1	78	84			107	87	84			84	102	86
2793	2026	Mitch Bratt	ARI	44.0	88	85			93	95	83			90	95	86
2794	2025	Nick Burdi	BOS	5.1	92	99			118		88			103	85	86
2795	2026	Kade Morris	ATH	17.1	96	86			103	101	80			92	93	86
2796	2023	Drew VerHagen	STL	61.0	80	83	94		110		88			92	93	86
2797	2023	Lane Ramsey	CHW	20.0	84				87					86	93	86
2798	2023	Cal Quantrill	CLE	99.2	83	82	93	94		105	81			89	95	86
2799	2026	Jackson Kent	WSN	36.1	91	84			88	91	82			88	95	86
2800	2026	Jared Shuster	STL	9.0	91	95	79		93		91			90	85	86
2801	2023	Matt Koch	COL	38.2	80		96		109					90	97	86
2802	2024	Owen White	TEX	3.0	87	99	99		96	113	101			95	96	86
2803	2023	Chad Kuhl	WSN	38.1	77	86			96		69	96		92	92	86
2804	2026	Austin Peterson	CLE	7.0	90	98	88		100	76	79			92	92	86
2805	2026	Jose Franco	CIN	20.1	88				104		83			94	90	86
2806	2026	Garrett Acton	MIN	11.0	94			82	102					97	89	86
2807	2025	Sean Hjelle	SFG	15.0		94	81					97		93	92	86
2808	2024	José Quijada	LAA	19.1	104				146		87			104	83	86
2809	2025	Luis Peralta	COL	19.0	95					108	82			98	92	86
2810	2023	Brandon Bielak	HOU	80.0	70	90			93	91	88			85	98	86
2811	2024	James Paxton	2 Tms	100.1	79	92	111				110	96		88	97	86
2812	2025	Davis Daniel	ATL	10.0	68			96	94					81	95	86
2813	2025	Michael Kopech	LAD	11.0	112		114		111		115			113	75	86
2814	2025	Michael Darrell-Hicks	2 Tms	9.2	116	101	96		119					104	87	86
2815	2024	Carlos Carrasco	CLE	103.2	74	87			89	101	84			84	98	86
2816	2023	Angel Felipe	OAK	15.0	84	111			102		107			100	82	86
2817	2026	Corbin Martin	CHC	5.0	85	99			110	101	92			94	89	86
2818	2026	Eli Morgan	KCR	19.1	79				90		120			96	90	86
2819	2024	Gerardo Reyes	OAK	4.0	105	76	148		117					109	84	86
2820	2025	Albert Suárez	BAL	11.2	88		88			98	77			89	95	86
2821	2023	Paolo Espino	WSN	4.0	80				108	84	79			91	90	86
2822	2026	Riley Cornelio	WSN	36.2	102		87		107					103	83	86
2823	2025	Bradgley Rodriguez	SDP	7.2	95	109	132				103			104	83	86
2824	2023	Ben Heller	ATL	18.2	101	95	89		133		87			98	91	86
2825	2025	Jack Kochanowicz	LAA	111.0	89	97			90		86			93	91	86
2826	2026	Tatsuya Imai	HOU	76.2	83	83		84	91	76	80			87	97	86
2827	2026	Osvaldo Bido	2 Tms	18.2	88	97			111		72			99	89	86
2828	2026	Domingo Gonzalez	SEA	7.2	100	94			92		84			95	84	86
2829	2023	Drew Rom	STL	33.2	96	82		84	92					91	96	85
2830	2026	Christian Roa	HOU	8.2	79	91			116		101			97	89	85
2831	2025	Caden Dana	LAA	32.1	86				100	89	86			90	92	85
2832	2024	Matt Barnes	WSN	13.1	75			88				86		82	100	85
2833	2024	Josh Staumont	MIN	24.1	97	92			95	106				94	89	85
2834	2023	Stephen Nogosek	NYM	25.2	100		99		119	78	84			102	82	85
2835	2026	Dietrich Enns	BAL	16.0	94		107		102	100	111			100	86	85
2836	2026	Luis Morales	ATH	16.0	88	96			117		82			98	86	85
2837	2026	Brendan Beck	NYY	12.2	82	83	76	108	90	88				87	99	85
2838	2023	Freddy Tarnok	OAK	14.2	81				122	102	93			95	88	85
2839	2024	Kyle Nicolas	PIT	54.2	100				116	114				107	79	85
2840	2024	J.P. France	HOU	25.1	80	80	100		102	95	89			90	88	85
2841	2024	Kenny Rosenberg	LAA	24.0	88		104			85	90			91	95	85
2842	2025	Jake Eder	LAA	18.1	81				97		96			89	95	85
2843	2023	Brett Wisely	SFG	1.0										58	121	85
2844	2026	Tony Santillan	CIN	40.2	91				95	88				90	93	85
2845	2025	Eduarniel Núñez	2 Tms	12.2	94				119	122				104	81	85
2846	2025	Germán Márquez	COL	126.1	71	78			90		70	106		86	98	85
2847	2023	Andrew Suárez	STL	27.2	73	78			105	105	96			88	98	85
2848	2023	Dakota Hudson	STL	81.1	72	85			95	102	81			86	94	85
2849	2024	Tommy Kahnle	NYY	42.2	90	82			95		92			92	89	85
2850	2023	Duane Underwood Jr.	PIT	24.1	76	99	88			106	85			93	89	85
2851	2025	Tim Herrin	CLE	42.2	84	115			94	108				100	85	85
2852	2024	Fraser Ellard	CHW	24.0	95	92	95		112		100			99	85	85
2853	2025	Dan Altavilla	CHW	29.0	103	99			103		88			99	84	85
2854	2026	Kai-Wei Teng	HOU	73.2	93	87			103	106	80			96	89	85
2855	2026	Cody Laweryson	MIN	16.2	91		107				87			93	93	85
2856	2024	Caleb Kilian	CHC	10.2	73	97	91		114		92	88		85	97	85
2857	2025	Luis F. Castillo	SEA	7.0	87	93			105		81			94	93	85
2858	2023	Tommy Henry	ARI	89.0	74				105	87	90			84	99	85
2859	2026	Josh Hendrickson	HOU	2.2	113		92			92				100	79	85
2860	2024	Kirby Snead	SEA	10.1	92	99			116		89			99	86	85
2861	2024	Chad Kuhl	CHW	53.1	103	95	85		104		84			98	84	85
2862	2024	AJ Smith-Shawver	ATL	4.1	90					92	129			108	85	85
2863	2023	Robbie Ray	SEA	3.1	114				107					111	73	85
2864	2025	Wade Miley	CIN	12.0	104	103	92		112		83			95	89	85
2865	2024	Giovanny Gallegos	STL	20.2	62				121		75			92	94	85
2866	2023	Keegan Thompson	CHC	28.2	96	79	98		116	106	80			100	84	85
2867	2026	Ty Madden	DET	47.0	85	83	91	92	93			73		89	96	85
2868	2026	Justin Lawrence	3 Tms	34.1	120	94			104					102	82	85
2869	2025	Kai-Wei Teng	SFG	29.2	92	90			98	109	84			95	90	85
2870	2025	Marc Church	TEX	4.2	83				97		99			91	85	85
2871	2025	Jake Palisch	CHW	1.0	84		85		93		75			85	104	85
2872	2024	Bryce Jarvis	ARI	59.1	81	98	99		108	113	98			95	91	85
2873	2026	Davis Martin	CHW	146.0	92	86	86		94	94	85			90	93	85
2874	2024	Ryder Ryan	PIT	20.2	69	104			101		66			98	88	85
2875	2025	Carson Palmquist	COL	34.1	86	105	75		107		72			93	91	85
2876	2026	Michael Fulmer	2 Tms	13.2	98	99	93		121	101	85			100	90	85
2877	2023	Michael Plassmeyer	PHI	3.2	96				98		90			95	95	84
2878	2024	Scott McGough	ARI	32.2	83	78		90	97					87	95	84
2879	2024	Sean Newcomb	OAK	10.0	97	95				97	88			96	85	84
2880	2026	Xzavion Curry	NYM	21.1	83	73		88	92	89				87	94	84
2881	2026	Drew Rom	2 Tms	17.2	89	90		84	93					89	93	84
2882	2026	Cole Henry	WSN	13.2	86	99	85		110	146				96	90	84
2883	2024	Jose Cuas	2 Tms	16.1	102	95			101		81			98	85	84
2884	2025	Dugan Darnell	COL	11.2	75			97	98					86	97	84
2885	2025	Roki Sasaki	LAD	36.1	83			101	93					91	91	84
2886	2024	Drew Thorpe	CHW	44.1	69		88		92		88			83	98	84
2887	2024	Matt Foster	CHW	6.2	76				104	107	98			91	92	84
2888	2023	Zach Jackson	OAK	18.0	84				106		82			93	90	84
2889	2026	Nolan Hoffman	2 Tms	15.0	85	109	90		106	105	85			95	87	84
2890	2026	Max Kranick	WSN	18.1	88	78			100	93				93	90	84
2891	2025	Anthony Misiewicz	MIN	4.2	78		97			83	76			90	87	84
2892	2025	Juan Burgos	2 Tms	13.1		98	96		113	130	89			103	83	84
2893	2024	Logan Allen	CLE	97.1	88		97		104		91			93	93	84
2894	2025	Evan Sisk	2 Tms	17.2	91	104	85		118	108				104	78	84
2895	2025	Jovani Morán	BOS	4.0	102		82		115	83	99			98	83	84
2896	2023	Josiah Gray	WSN	159.0	86	96	85		94	92	68			91	93	84
2897	2024	Yilber Díaz	ARI	28.1	77				116		99	86		89	96	84
2898	2024	Wade Miley	MIL	7.0	100	101	94		120	98	94			97	91	84
2899	2023	Zach Muckenhirn	NYM	6.0	84				93		98			89	93	84
2900	2024	Bryan Sammons	DET	27.1	99		96		112	88	90			99	88	84
2901	2026	Evan Sisk	PIT	44.2	95	99			129	107	91			105	79	84
2902	2026	Nick Frasso	COL	21.2	96		94		110		93			96	92	84
2903	2024	Peter Lambert	COL	61.1	82	97	90		93	103	99			92	90	84
2904	2026	Jonathan Heasley	TBR	4.0	75				96	90	121			92	94	84
2905	2023	Danny Young	ATL	8.1		113			90					102	87	84
2906	2025	Michael Mercado	PHI	3.0	95		115	85		100				101	82	84
2907	2025	Wikelman González	CHW	20.1	98				103	105	76			97	87	84
2908	2023	Alec Marsh	KCR	74.1	84	103			95	87	79			88	92	84
2909	2024	Johnny Cueto	LAA	11.1	79	84	72		83	86	82			82	97	84
2910	2023	Bryce Jarvis	ARI	23.2	70	91			105	82	97			85	96	84
2911	2026	Matt Pushard	STL	7.0	85	87			105	108	104			96	90	84
2912	2026	Trevor Williams	2 Tms	28.2	100	78			98		73			93	91	84
2913	2025	Chris Stratton	2 Tms	21.0	84	85			87	93	87			87	93	84
2914	2026	Jacob Waguespack	DET	47.0	93		81			92	107			92	93	84
2915	2024	Anthony Maldonado	MIA	19.0		79	74		97					92	90	84
2916	2025	McCade Brown	COL	25.2		89			96	107	83			91	93	84
2917	2023	Eric Lauer	MIL	46.2	96		88		99	87	75			92	92	84
2918	2025	Zach Brzykcy	WSN	23.0	94					91	86			91	91	84
2919	2026	Joey Lucchesi	LAA	3.1	85	102		121		100				100	83	84
2920	2023	Edwin Uceta	NYM	3.0	99					92	92			95	86	83
2921	2025	Anthony Maldonado	ATH	6.0	87				105					95	85	83
2922	2024	Enoli Paredes	2 Tms	21.2	98	85			93					93	86	83
2923	2026	Max Rajcic	STL	9.0	93	98			103	100	98			97	88	83
2924	2025	Kendall Graveman	ARI	17.2	87	96			101	94	78			92	88	83
2925	2023	Darius Vines	ATL	20.1	76		83		91		86			82	99	83
2926	2026	George Klassen	LAA	27.0	102	100			100	93	94			99	81	83
2927	2023	Mitch White	TOR	12.2	82				100	82	96			92	90	83
2928	2023	AJ Smith-Shawver	ATL	25.1	84				93	99	101			90	91	83
2929	2026	Aaron Bummer	2 Tms	16.2	101	106	92		105	105				104	81	83
2930	2025	Konnor Pilkington	WSN	28.1	95				104	96	96			97	84	83
2931	2024	Grant Hartwig	NYM	6.2	79	91	91		107		77			95	87	83
2932	2023	Eduardo Salazar	CIN	12.1	87	100			86		73			92	86	83
2933	2024	Isaac Mattson	PIT	5.1	102				98		98			100	84	83
2934	2024	Chasen Shreve	COL	1.0	71			96	93					88	76	83
2935	2024	Brandon Williamson	CIN	14.1	86		89		110	106	105			93	90	83
2936	2023	Michael Kopech	CHW	129.1	99				98	95	82			98	84	83
2937	2024	José Buttó	NYM	74.0	100	87			94		85			92	86	83
2938	2024	Darren McCaughan	2 Tms	42.0	73	84			99		88			88	97	83
2939	2025	Sauryn Lao	2 Tms	11.0	75	90			97		83			88	94	83
2940	2026	Woo-Suk Go	MIN	4.0	80			77	81	95				82	94	83
2941	2026	Cameron Foster	BAL	9.0	102		93		113					102	80	83
2942	2024	Chris Flexen	CHW	160.0	71	82	84		86	88	95			81	100	83
2943	2023	Joan Adon	WSN	51.2	78	85			100	97	90			87	95	83
2944	2023	Dylan Coleman	KCR	18.1	92		93		132					106	74	83
2945	2024	Ben Lively	CLE	151.0	70	87			91	91	72			82	103	83
2946	2024	Josiah Gray	WSN	8.1	100	110	91		96	81	85			94	89	83
2947	2023	Sam Coonrod	NYM	6.2	117	99	84		134		114			105	77	83
2948	2026	Andre Granillo	WSN	9.1	82	92			106		81			98	81	83
2949	2026	Tommy Kahnle	BOS	9.0	88				89		92			90	92	83
2950	2024	Nick Burdi	NYY	9.2	100	128			127		121			110	74	83
2951	2024	Jaden Hill	COL	10.2	89	83			115		98			93	89	82
2952	2023	T.J. McFarland	NYM	1.2		106			95		74			96	89	82
2953	2024	Caleb Boushley	MIN	4.0	74	75			114	89	78			83	93	82
2954	2023	Brett Kennedy	CIN	18.0	76	84			88		86			81	97	82
2955	2025	Thomas Harrington	PIT	8.2	88		111	100	114					98	89	82
2956	2026	Michael Kelly	ATH	5.0	84	89			109		93			102	81	82
2957	2025	Jhonathan Díaz	SEA	1.1	91	83			114	108	80			101	97	82
2958	2026	Taijuan Walker	PHI	22.2	91	90	91	74	101	94				89	93	82
2959	2023	Jeurys Familia	OAK	12.2	77	109		103	97					97	84	82
2960	2026	Paul Gervase	LAD	7.2	93		78		83		76			87	89	82
2961	2024	Evan Kravetz	CIN	0.2	81			95				87		86	79	82
2962	2026	Codi Heuer	CLE	9.2	94	106			107		92			98	84	82
2963	2024	Luke Little	CHC	26.0	84			104	108					91	90	82
2964	2024	Luis Peralta	COL	12.1	91					107	75			94	88	82
2965	2024	Tristan Beck	SFG	16.0	87				103	92				93	90	82
2966	2025	Erik Swanson	TOR	5.1	82			103	87					91	91	82
2967	2026	Lucas Giolito	SDP	29.2	74				89	93	100			87	91	82
2968	2024	Tyler Jay	2 Tms	7.2	101	104	100		135					108	79	82
2969	2024	Casey Kelly	CIN	5.1	69	62			105	86	87			83	101	82
2970	2025	Jordan Weems	HOU	4.1	83			92	100	105				89	91	82
2971	2024	Kevin Herget	MIL	11.1	78		97		110		117			95	90	82
2972	2023	Javy Guerra	2 Tms	19.1	107	99			116					107	75	82
2973	2024	Walter Pennington	2 Tms	18.0	76	109	90		103					100	83	82
2974	2025	Rich Hill	KCR	9.0	74	96	96		95	102	93			90	94	82
2975	2024	Julio Teheran	NYM	2.2	121	88	84			92	70			88	90	82
2976	2024	Sean Reid-Foley	NYM	21.2	90	104			86		103			92	87	82
2977	2023	Noah Davis	COL	30.0	67	79	96		119	133	77			91	92	82
2978	2024	Blair Henley	HOU	0.1	62	99	80		108	85	97			82	86	82
2979	2026	Ian Hamilton	ATL	4.2	83	87			100					94	84	82
2980	2025	Alan Trejo	COL	1.0							39			54	117	82
2981	2024	Tyler Beede	CLE	14.0	78	94		89		107				90	94	82
2982	2025	Jesse Chavez	ATL	8.0		85	91		84	98	60			84	96	82
2983	2023	Garrett Hill	DET	15.2	89	100			96		75	98		92	84	82
2984	2023	Spencer Patton	OAK	12.1	78	72		74	96					86	96	82
2985	2023	Cory Abbott	WSN	39.1	90				78			91		90	90	82
2986	2024	Hans Crouse	LAA	25.1	65	68			95		70			78	100	82
2987	2023	Allan Winans	ATL	32.1	67	81			91		82			81	100	82
2988	2023	Dinelson Lamet	2 Tms	27.2	74	78			114		73			93	85	82
2989	2025	Sam Aldegheri	LAA	13.2	87				107	88	90			91	89	81
2990	2023	Christian Bethancourt	TBR	0.1										36	141	81
2991	2023	Alex Claudio	MIL	0.1		92					72			87	88	81
2992	2023	Zack Kelly	BOS	9.1	95				95		99			96	84	81
2993	2024	Josh Maciejewski	NYY	7.0		76			102		90			86	93	81
2994	2026	Taylor Rashi	2 Tms	5.2	76			99	86	96				85	94	81
2995	2025	Kyle Farmer	COL	1.0										54	109	81
2996	2025	Xzavion Curry	MIA	3.0	75			84	113	102				98	88	81
2997	2026	Sean Sullivan	COL	22.1	72	81	84		88		96			81	100	81
2998	2025	Dylan Smith	DET	13.0	88	81		94	104					94	84	81
2999	2023	Devin Sweet	2 Tms	8.2	85				91		115			94	86	81
3000	2024	Victor González	NYY	23.1		99			104		77			96	82	81
3001	2023	Trey Wingenter	DET	17.0	94				105					99	81	81
3002	2024	Jackson Stephens	ATL	3.1	66	90	87		88	106	87			87	95	81
3003	2025	Cole Wilcox	TBR	1.0		103			95					89	87	81
3004	2026	Hunter Bigge	TBR	19.1	92			136	101	130				99	78	81
3005	2026	Emiliano Teodo	TEX	1.2		111			99		100			106	75	81
3006	2024	Marco Gonzales	PIT	33.2	83	79	86			87	84			84	98	81
3007	2025	Tanner Rainey	2 Tms	9.2	101				103					102	81	81
3008	2024	Seth Johnson	PHI	2.1	103				105	113	102			105	73	81
3009	2024	Eli Villalobos	MIA	4.1	86			113	90					91	86	81
3010	2024	Deivi García	CHW	14.0	107				103	81	80			99	79	81
3011	2024	Nick Ramirez	LAD	13.1	113	104			94		90			98	80	81
3012	2025	Andry Lara	WSN	14.1	74	85		76	100		63			84	95	81
3013	2025	Drey Jameson	ARI	3.0	84	107			112		95			101	73	81
3014	2026	Zach McCambley	CIN	13.1	94	84	98		102					97	86	81
3015	2024	Jordan Lyles	KCR	5.0	72	74	86		88	97	84			82	94	81
3016	2026	Ken Waldichuk	WSN	9.1	97		97		91	105	85			99	81	80
3017	2025	Michel Otañez	ATH	5.1	116	102			106					109	66	80
3018	2024	Mike Burrows	PIT	3.1	81				118	111	118			97	89	80
3019	2024	Dakota Hudson	COL	89.0	72	85	98		94	97	83			87	89	80
3020	2023	Kirby Yates	ATL	60.1	92			91	106					92	87	80
3021	2023	Ty Blach	COL	78.0		82	94			87	81			84	102	80
3022	2023	Jared Shuster	ATL	52.2	72				87		88			80	97	80
3023	2026	Jordan Romano	2 Tms	33.2	93			92	88					90	90	80
3024	2026	Eiberson Castellano	COL	3.0	84	84				102	77			90	87	80
3025	2024	Zach Penrod	BOS	4.0	110				101		99			104	72	80
3026	2026	Cody Ponce	TOR	2.1	107				81	105	97			95	84	80
3027	2026	Jose Cabrera	ARI	28.1	86	88	83		97	113	76			89	88	80
3028	2025	Bryan Hoeing	SDP	8.0	63	89		90	105					90	88	80
3029	2023	Alek Manoah	TOR	87.1	94	93			92		74			91	89	80
3030	2023	Owen White	TEX	4.0	74	88	92		108	77	91			90	88	80
3031	2025	Ian Anderson	LAA	9.1	81					89	87			84	93	80
3032	2026	Austin Voth	2 Tms	10.0	95	72	87	74	102	101				91	85	80
3033	2023	Jhonathan Díaz	LAA	7.0	75	96			105	107	86			91	88	80
3034	2024	Matt Krook	BAL	1.0		95	80		140		60			102	81	80
3035	2023	Karl Kauffmann	COL	35.0	73	80	80		92		84			81	94	80
3036	2023	Michael Mariot	CIN	2.2	76	80			113	81	72			84	92	80
3037	2026	Mitch Farris	LAA	60.0	86		77		91		113			92	87	80
3038	2023	Triston McKenzie	CLE	16.0	89				94	100				91	85	80
3039	2025	Paul Gervase	2 Tms	8.1	94		83		91					92	85	80
3040	2025	Colin Poche	2 Tms	9.1	97				96					96	79	80
3041	2023	Mark Leiter Jr.	CHC	64.1	81	87	80	95		79				87	86	80
3042	2025	Touki Toussaint	LAA	2.0		93		89		79				90	88	80
3043	2026	Austin Hedges	CLE	4.1							63			67	109	80
3044	2026	Lucas Sims	CHW	10.0	81	62		106	117	112				100	79	79
3045	2026	Zak Kent	2 Tms	16.1	82	81			98	103				92	85	79
3046	2025	José Urquidy	DET	2.1	102		90			90	108			99	86	79
3047	2023	Reyes Moronta	LAA	1.1	90				104		95			97	82	79
3048	2023	Daniel Hudson	LAD	3.0	94	81			108		73			101	78	79
3049	2024	Ty Blach	COL	71.1	68	85	97		64	81	77			79	104	79
3050	2024	David Bote	CHC	1.0										42	111	79
3051	2023	Caleb Kilian	CHC	5.1	74	99	88		141		98	94		90	86	79
3052	2023	Nick Wittgren	KCR	29.0	90	86	89		91		80			89	91	79
3053	2024	Nick Pratto	KCR	1.0										84	99	79
3054	2024	Jacob Lopez	TBR	10.1	86		92		91		82			88	88	79
3055	2024	Grant Holman	OAK	15.2	79				84		106			89	87	79
3056	2023	Colten Brewer	NYY	8.1		73	96		95	113				98	77	79
3057	2024	Alek Manoah	TOR	24.1	91	94			90		61			87	91	79
3058	2025	Mitch Farris	LAA	24.1	77				95		102			88	91	79
3059	2026	Elmer Rodríguez	NYY	26.2	81	94	80		111	99	92			95	84	79
3060	2023	Drew Rucinski	OAK	18.0	68	78			74	88	80			75	95	79
3061	2023	Francisco Pérez	OAK	16.2	75	79			116	102	73			89	91	79
3062	2026	Mitch Spence	KCR	9.1		83	93		91	95	70			89	84	79
3063	2024	Domingo Germán	PIT	20.2	85	80				95	74			86	89	79
3064	2024	Blake Walston	ARI	18.1	85	69	87		104	92	86			89	90	79
3065	2023	Lane Thomas	WSN	1.0						51				35	128	78
3066	2025	John Rooney	HOU	1.1	81	115			99					99	69	78
3067	2026	Dylan Ross	NYM	1.0	88			105	84					98	74	78
3068	2024	Bryan Shaw	CHW	4.0		80	91		103	93	74			92	83	78
3069	2024	Allan Winans	ATL	7.2	72	83			80		88			83	91	78
3070	2024	Humberto Castellanos	ARI	10.1	99	112	94			94	68			97	83	78
3071	2024	Gavin Hollowell	CHC	1.1	80	87			102					90	82	78
3072	2024	Kent Emanuel	MIA	17.2		96			100		76			95	84	78
3073	2023	Kolton Ingram	LAA	5.1	82		81		101		64			87	89	78
3074	2026	Tony Gonsolin	KCR	2.2	72			111	109	126				88	86	78
3075	2025	Miguel Castro	CHW	6.0		83			107		89			88	87	78
3076	2025	Garrett McDaniels	LAA	10.2		96			101	113				99	76	78
3077	2026	Andrew Wantz	2 Tms	3.2	100	95	96		143	88	100			103	79	77
3078	2023	Jake Reed	LAD	0.2	92	86	59		100		115			90	95	77
3079	2025	Lucas Sims	WSN	12.1	98	92	92	85	119	94				108	69	77
3080	2026	Yunior Marte	CIN	0.1	118	111			129					123	71	77
3081	2025	Allan Winans	NYY	9.1	59	85			92	81	93			86	91	77
3082	2025	José Quijada	LAA	1.1	97						79			95	74	77
3083	2026	Carson Kelly	CHC	3.0										41	131	77
3084	2025	Zach Thompson	ATL	3.2	71	71	98			106	89			86	88	77
3085	2023	Brad Keller	KCR	45.1	91	84			94	93	85			91	81	77
3086	2023	Zach McKinstry	DET	1.0										50	128	77
3087	2024	Zac Kristofak	LAA	2.0	83				103	68	87			90	83	77
3088	2026	Jeff Criswell	COL	4.0	71				91		71			81	88	77
3089	2025	Omar Cruz	SDP	3.2	96				92	99	107			99	80	77
3090	2024	Ky Bush	CHW	17.2	83				91	99	83			87	84	77
3091	2025	Bryan Hudson	2 Tms	15.0	92	88	82		106		76			95	80	77
3092	2026	Jared Koenig	MIL	7.0	133	110	98			138	86			104	75	77
3093	2023	Alex Colomé	CHW	3.0	73		87							80	97	77
3094	2024	Lucas Gilbreath	COL	1.0	87				95					90	85	77
3095	2025	Carson Whisenhunt	SFG	23.1		79			96	92	108			91	87	77
3096	2026	Jonathan Cannon	CHW	3.0	103	88	130		107		99			103	77	77
3097	2023	Peyton Battenfield	CLE	34.2	73		96			99	74			85	94	77
3098	2025	Angel Perdomo	ATH	3.1	102				116		79			105	71	76
3099	2026	Lazaro Estrada	TOR	13.0	93		88	101	91	104				95	84	76
3100	2024	Touki Toussaint	CHW	23.0	86	92		85	75	100				91	81	76
3101	2023	Nick Hernandez	SDP	3.0	88				87	91	94			87	89	76
3102	2024	Austin Hedges	CLE	2.0										53	113	76
3103	2026	John Klein	2 Tms	8.1	89		95		111	86	108			96	83	76
3104	2023	Enmanuel De Jesus	MIA	6.1	90	94			100		95			94	86	76
3105	2026	Grant Holman	PHI	0.1	89			113	101					100	78	76
3106	2023	Chase De Jong	PIT	11.1	77			81	106	98				91	84	76
3107	2023	Kyle Barraclough	BOS	7.2	89	87	81		108		76			92	79	76
3108	2023	Deivi García	2 Tms	15.0	98		92		93	72	87			92	81	76
3109	2025	Kyle Nelson	ARI	2.0	74		29		91					82	78	76
3110	2024	Tyler Gilbert	PHI	8.1	99	85	89	68	97			99		92	90	75
3111	2023	Jake Lamb	LAA	1.0										33	123	75
3112	2024	Austin Davis	SDP	7.0		86	104		129					103	76	75
3113	2024	Rich Hill	BOS	3.2	89	103	85		133	112				108	72	75
3114	2025	Zak Kent	CLE	17.2	88	77			94	100				93	82	75
3115	2025	José Caballero	TBR	1.0	81						21			57	101	75
3116	2026	Braxton Garrett	2 Tms	9.1	74	97			85		95			88	79	75
3117	2025	Noah Davis	2 Tms	11.0	72	87	92		110	85				94	82	75
3118	2024	Triston McKenzie	CLE	75.2	84				92	95				89	83	75
3119	2025	Robert Gasser	MIL	5.2	100	103	89		117		87			104	70	75
3120	2023	Hagen Danner	TOR	0.1	86									96	93	75
3121	2026	Kyle Nicolas	CIN	7.1	96	96			85	110				94	73	75
3122	2025	Codi Heuer	2 Tms	4.2	87				101		103			95	77	75
3123	2026	Valente Bellozo	COL	10.2	74	80	82		102	84	91			86	87	74
3124	2025	Matt Waldron	SDP	4.2	73	87			78					86	86	74
3125	2024	David Buchanan	CIN	3.1	58	86	99			76	99			92	85	74
3126	2026	Matt Krook	2 Tms	8.1		106	98		122		82			113	65	74
3127	2026	Carlos Rodriguez	MIL	9.1	100		86		110	102	70			86	83	74
3128	2025	Jacob Amaya	CHW	1.0										27	136	74
3129	2026	Scott Barlow	ATH	33.1	83	73			97	96				92	81	74
3130	2025	Doug Nikhazy	CLE	4.0	79				89	81	86			83	91	74
3131	2026	Charlie Barnes	2 Tms	13.0	73	73			91		63			76	91	74
3132	2024	Jose Trevino	NYY	2.0										60	110	74
3133	2024	Joe Jacques	2 Tms	3.0		114			92					106	71	74
3134	2026	Lou Trivino III	2 Tms	6.0	76	92	86		106		81			90	81	73
3135	2024	Riley Pint	COL	3.1	79	76			89					86	78	73
3136	2025	Jose Corniell	TEX	1.2	88		91		123		92			90	86	73
3137	2023	Adam Oller	OAK	19.2	93		77			83	80			87	82	73
3138	2024	Tucker Barnhart	ARI	1.0										39	115	73
3139	2023	José Marte	LAA	9.1	98	95	100				70			91	79	73
3140	2024	Connor Brogdon	2 Tms	3.0	104		91				107			102	65	73
3141	2026	Hurston Waldrep	ATL	10.2		86	81	110	83	93				90	74	73
3142	2024	Jack O'Loughlin	OAK	9.2	78	81			103	86	90			86	88	73
3143	2023	Tanner Rainey	WSN	1.0	106				106					106	60	73
3144	2024	Naoyuki Uwasawa	BOS	4.0	86		78	88	113	90				87	87	73
3145	2023	Victor Mederos	LAA	3.0	88	115			114	101				110	67	73
3146	2023	Prelander Berroa	SEA	1.2	84				130					111	61	72
3147	2023	Tony Santillan	CIN	3.1	82				99					91	75	72
3148	2023	Jason Vosler	CIN	2.0										62	100	72
3149	2026	Noah Murdock	PIT	3.1	94	104	91		77	117				106	68	72
3150	2024	Matt Koch	COL	0.1	92		104		106					101	87	72
3151	2023	Ricky Karcher	CIN	1.0	77				130		130			110	54	72
3152	2024	Josh Rojas	SEA	2.0						57				63	94	72
3153	2024	Connor Gillispie	CLE	8.0	84		84		101		71			86	87	72
3154	2023	Alec Burleson	STL	1.2							69			66	94	72
3155	2025	Kenta Maeda	DET	8.0	78	84	120	93	93	105				90	77	72
3156	2024	Sam Aldegheri	LAA	13.0	82				112	72	92			87	80	72
3157	2024	Nick Nastrini	CHW	35.2	94				91	76	83			90	73	72
3158	2024	Hurston Waldrep	ATL	7.0	80			132	94	85				101	64	71
3159	2023	Jake Faria	BOS	2.0	77			138	97	75				83	85	71
3160	2026	Matt Seelinger	NYM	2.0	112		98					85		101	71	71
3161	2026	Jackson Rutledge	WSN	1.1		76	93	100						91	76	71
3162	2025	Mike Clevinger	CHW	5.2	93	53	87		96	79	71			87	76	71
3163	2026	Carter Baumler	TEX	5.2	104	106			87	103				102	67	71
3164	2025	Anthony Seigler	MIL	1.0										33	129	71
3165	2026	Kent Emanuel	CIN	5.0		78			98		76			87	87	71
3166	2026	J.P. France	HOU	6.2	91	87	91		115	111	72			95	74	70
3167	2025	Chayce McDermott	BAL	8.2	89		92	105	92	117				92	70	70
3168	2023	Chad Smith	OAK	13.2		106			117		68			112	74	70
3169	2023	Connor Overton	CIN	11.0	74	88	69		98		86			84	80	70
3170	2025	Christian Roa	MIA	3.0	124	104			105		103			110	59	70
3171	2026	Guillo Zuñiga	NYM	1.0	99	82			158		88			106	69	70
3172	2024	Jonathan Bermúdez	MIA	6.2	64				100		74			79	87	70
3173	2025	Pablo Reyes	NYY	1.0										41	108	70
3174	2026	Julian Fernández	WSN	4.0	78						109			91	74	69
3175	2023	Wes Parsons	TOR	4.0	96	101			88	92	90			95	71	69
3176	2026	Roddery Muñoz	HOU	4.0	81	99	93		85		79			87	79	69
3177	2026	Cooper Hjerpe	STL	12.1	87		81		116		81			92	82	69
3178	2026	Tanner Rainey	DET	7.0	97				102	104	90			100	64	69
3179	2025	Geoff Hartlieb	2 Tms	3.1	90	113			96					97	69	69
3180	2026	Cole Irvin	LAD	6.0	91	83	95			111	80			89	82	69
3181	2023	Dereck Rodríguez	2 Tms	5.1	74		84			81	93			82	82	68
3182	2025	Blas Castaño	SEA	3.0	24	73	85		89		74			75	83	68
3183	2026	Hancel Rincon	STL	2.1	79				85		111			91	72	68
3184	2023	Jake Wong	CIN	3.0	68				87	71	94			74	86	68
3185	2024	Jairo Iriarte	CHW	6.0	87				92		79			88	76	68
3186	2024	Dinelson Lamet	LAD	4.1	65	101			106		60			85	82	68
3187	2025	Korey Lee	CHW	3.0	61									65	101	68
3188	2025	Jacob Stallings	COL	2.0							40			55	106	68
3189	2026	José Buttó	SFG	2.0	89	95			98	79	75			92	69	68
3190	2023	Tommy Doyle	COL	23.2	65	77	87		106					79	85	67
3191	2023	Peter Solomon	ARI	13.1	73		86		83	73	86			77	81	67
3192	2026	Aaron Brooks	TBR	0.1	66	83			98		82			81	82	67
3193	2025	Austin Hedges	CLE	3.0										59	104	67
3194	2024	Donovan Walton	SFG	1.0										34	109	67
3195	2023	Daniel Norris	CLE	12.2	80				88		88			85	78	67
3196	2025	Jose Herrera	ARI	2.0										42	111	67
3197	2023	Kelvin Cáceres	LAA	1.1		75				91	91			83	84	67
3198	2023	Jacob Stallings	MIA	8.0							39			44	116	67
3199	2026	Ben Bowden	ATH	1.0	85				93	85	79			84	76	67
3200	2026	Luke Maile	KCR	1.0										25	125	67
3201	2025	Nate Eaton	BOS	1.0										47	113	66
3202	2026	Zach Brzykcy	MIA	3.0	80				96	96	89			87	80	66
3203	2025	Nick Hernandez	HOU	10.2	85			106	84					87	73	66
3204	2025	Adam Ottavino	NYY	1.2	129	105	94		99					108	58	66
3205	2024	Matt Mervis	CHC	0.2										21	137	66
3206	2023	Heath Hembree	TBR	1.1	133				122					125	53	66
3207	2023	Jonathan Schoop	DET	1.1						77	33			42	127	66
3208	2024	Zach Plesac	LAA	12.0	68				100	101	81			81	82	66
3209	2026	Cameron Weston	BAL	1.0		88			87				89	88	78	65
3210	2023	Geoff Hartlieb	MIA	4.0	94	87			113					97	64	65
3211	2025	Robert Stock	BOS	2.2	97	91	71		84		74			81	79	65
3212	2023	Yacksel Ríos	OAK	1.2	103			93	103					103	59	65
3213	2024	Jhonny Pereda	MIA	0.1										54	98	65
3214	2026	Pedro Pagés	STL	2.0					24	16	30			22	139	65
3215	2023	Madison Bumgarner	ARI	16.2	76		100			95	77			88	78	64
3216	2024	Tyler Heineman	TOR	1.0										-23	160	64
3217	2023	Evan Justice	COL	7.1	78	102			103					86	77	64
3218	2024	Garrett Hampson	KCR	1.0					14	24				20	126	64
3219	2025	Garrett Hampson	STL	1.0					29	44				34	109	64
3220	2025	Luis Torrens	NYM	0.2							17			48	106	64
3221	2023	Mike Ford	SEA	2.0					17					14	137	64
3222	2026	Jhonny Pereda	SEA	0.1	84									34	117	64
3223	2024	Caden Dana	LAA	10.1	83		105		93	87	96			88	72	64
3224	2025	Jonathan Pintaro	NYM	0.2	109		111				53			107	62	63
3225	2024	Leo Rivas	SEA	2.0										57	98	63
3226	2026	Bryan Torres	STL	2.0										28	114	63
3227	2023	Seby Zavala	ARI	0.2										89	69	63
3228	2023	Matt Krook	NYY	4.0		91	95		121		93			97	70	63
3229	2026	Doug Nikhazy	CHW	2.0	55	59			82	66	68			64	80	62
3230	2023	Daniel Bard	COL	49.1	79	79			114	119	85			96	67	62
3231	2026	Félix Bautista	BAL	1.2		89		73	97					83	77	62
3232	2025	Carlos Duran	ATH	0.1	84	90			127					96	63	62
3233	2023	Ryder Ryan	SEA	1.0	75	95			101					95	66	62
3234	2025	Rowdy Tellez	TEX	2.0										39	113	62
3235	2025	Kody Clemens	MIN	1.0										28	128	61
3236	2025	Rolddy Muñoz	ATL	3.2	79	104			101		103			102	58	61
3237	2025	Ali Sánchez	TOR	1.0										34	125	61
3238	2026	Alek Manoah	LAA	7.1	64	68			75		63			66	84	61
3239	2026	Manuel Rodríguez	TBR	6.2	94	97			96					96	60	61
3240	2024	Jake Bauers	MIL	4.0										63	92	61
3241	2023	Matt Duffy	KCR	2.0							27			42	116	61
3242	2025	Casey Kelly	ARI	1.2	68	65			95	82	55			71	80	60
3243	2025	Triston McKenzie	CLE	5.2	96				87	98				95	60	60
3244	2024	Miguel Rojas	LAD	1.0										39	119	60
3245	2025	Jhonny Pereda	ATH	3.0	78									60	99	60
3246	2025	Ezequiel Duran	TEX	3.1					46	23				36	108	58
3247	2023	Austin Hedges	TEX	3.2										46	105	58
3248	2026	Jared Simpson	WSN	4.1	88	108		109	110					101	53	58
3249	2026	Rodolfo Durán	SDP	3.0						69				51	89	58
3250	2026	Kade Strowd	ARI	2.2	118	96	94			93				95	51	58
3251	2025	Luke Williams	ATL	6.0										43	107	58
3252	2023	Mychal Givens	BAL	4.0	111	75			115		93			104	53	58
3253	2024	Danny Mendick	CHW	1.0										52	113	58
3254	2024	Jake Eder	CHW	2.0	73		107			77	94			86	67	58
3255	2024	Tyler Fitzgerald	SFG	3.0										53	96	57
3256	2023	Kyle Leahy	STL	1.2	84				88	96				86	59	57
3257	2025	Willie MacIver	ATH	2.0										48	99	57
3258	2026	Blake Adams	COL	1.0	81	69	93		132	85				86	75	57
3259	2025	Javier Sanoja	MIA	9.1										41	108	57
3260	2026	Wyatt Mills	LAD	6.1	102	103			94					99	55	56
3261	2025	Jake Rogers	DET	3.2										40	103	56
3262	2023	Sandy León	TEX	1.0										62	97	56
3263	2023	Brad Miller	TEX	2.0										56	91	56
3264	2024	James Meeker	MIL	1.0	76		98		104					88	62	56
3265	2024	Emmanuel Rivera	MIA	4.0					38					50	102	56
3266	2026	Adrian Del Castillo	ARI	1.2										0	148	55
3267	2026	Miguel Rojas	LAD	4.0										36	105	55
3268	2023	Nicky Lopez	ATL	2.1										39	103	55
3269	2023	Jose Espada	SDP	1.0	72			54	115					82	64	55
3270	2024	Kyle Farmer	MIN	4.0						42				38	99	55
3271	2024	Rowdy Tellez	PIT	2.2										73	76	54
3272	2025	Weston Wilson	PHI	3.0										28	119	54
3273	2026	Carlos Duran	KCR	1.1	91	80			112		110			93	56	54
3274	2023	Josh Rojas	ARI	2.0						49				49	102	54
3275	2023	Miles Mastrobuoni	CHC	0.1										47	91	53
3276	2023	Brandon Dixon	SDP	1.0										34	99	53
3277	2026	Orlando Arcia	MIN	1.0										41	98	53
3278	2023	Carlos Pérez	OAK	1.2										54	89	53
3279	2023	Jordan Luplow	MIN	1.1										30	105	53
3280	2023	Rowdy Tellez	MIL	1.0										100	48	53
3281	2026	Nicky Lopez	TEX	1.0										14	121	52
3282	2023	Eduardo Escobar	LAA	3.2										53	91	52
3283	2026	Joe Rock	2 Tms	10.1	94	95			105		84			98	51	52
3284	2023	David Fry	CLE	5.0										42	102	51
3285	2026	Tyler Tolbert	KCR	4.2										45	105	50
3286	2024	Miguel Sanó	LAA	0.1						53				61	102	49
3287	2023	Hector Perez	TBR	0.1	86			103	98					94	45	49
3288	2024	Ildemaro Vargas	WSN	2.0						20				38	100	49
3289	2023	Hanser Alberto	CHW	1.2										38	106	49
3290	2024	Andrew Knizner	TEX	3.0										70	74	49
3291	2025	Kevin Newman	LAA	4.0										32	106	49
3292	2024	Matt Wallner	MIN	1.1										24	121	49
3293	2025	Enrique Hernández	LAD	5.1										62	86	49
3294	2024	Evan Justice	COL	0.1	84	90			117					89	49	49
3295	2023	Luke Williams	LAD	1.0										75	63	48
3296	2023	René Pinto	TBR	1.0										18	117	48
3297	2025	Yilber Díaz	ARI	3.0	77				90			87		82	63	48
3298	2025	Logan Davidson	LAA	1.0										26	136	48
3299	2025	Gary Sánchez	BAL	1.0										52	82	48
3300	2023	Jose Herrera	ARI	2.0										38	105	47
3301	2026	Carlos Cortes	ATH	9.1										59	84	47
3302	2025	Dom Hamel	NYM	1.0	71	83	82		86		76			83	60	47
3303	2025	Jake Bauers	MIL	5.0	-13									57	93	47
3304	2024	Dominic Smith	BOS	3.0										60	88	47
3305	2026	Christian Koss	SFG	2.0										17	120	47
3306	2025	Jonah Bride	MIN	6.0										49	89	47
3307	2025	Jared Triolo	PIT	1.0										58	93	47
3308	2023	Tucker Barnhart	CHC	4.0										25	110	47
3309	2025	Ryan Fitzgerald	MIN	2.0					49	42				41	100	46
3310	2026	Carlos Estévez	KCR	0.1	75				94		80			80	62	46
3311	2023	Alan Trejo	COL	2.0							33			45	92	46
3312	2025	Christian Koss	SFG	4.0										22	116	46
3313	2024	David Hensley	MIA	2.0						-1				62	63	45
3314	2026	César Salazar	HOU	1.0										25	104	45
3315	2026	Garrett Stubbs	PHI	4.2										41	94	45
3316	2025	Jose Trevino	CIN	2.1										14	125	44
3317	2025	Austin Nola	COL	1.0										3	118	44
3318	2026	Jose Trevino	CIN	9.0										33	106	44
3319	2026	Josh Rojas	KCR	1.0										30	117	44
3320	2023	Zack Short	DET	6.0						36				23	112	43
3321	2024	Owen Miller	MIL	2.0										52	85	43
3322	2023	Isiah Kiner-Falefa	NYY	4.0										37	96	43
3323	2025	Cooper Hummel	HOU	1.0										49	81	43
3324	2024	Enrique Hernández	LAD	4.1										49	83	43
3325	2023	Miguel Rojas	LAD	3.0										46	79	43
3326	2024	Willi Castro	MIN	1.1										43	107	43
3327	2026	Enrique Hernández	LAD	1.0										48	90	43
3328	2023	Ildemaro Vargas	WSN	2.0										49	91	42
3329	2026	P.J. Higgins	CIN	1.0					24		24			24	110	42
3330	2024	Kody Clemens	PHI	1.0										32	97	42
3331	2026	Blake Burkhalter	ATL	1.0	92		97			100				96	38	42
3332	2023	Mike Brosseau	MIL	2.1										32	104	42
3333	2025	Oswald Peraza	LAA	2.1					21	41				37	96	41
3334	2023	Luke Maile	CIN	4.1										31	103	41
3335	2024	Ben Rortvedt	TBR	2.0							52			51	77	41
3336	2025	Miguel Rojas	LAD	5.0										37	97	41
3337	2026	Kyle Higashioka	TEX	3.0										32	101	41
3338	2025	Logan Porter	SFG	1.0					43	33				43	96	41
3339	2025	Jayvien Sandridge	NYY	0.2	99	123		104	107					106	29	40
3340	2025	Vinny Capra	CHW	3.0										14	112	40
3341	2026	Luisangel Acuña	CHW	2.1					47	39				40	90	40
3342	2026	Javier Sanoja	MIA	4.2										50	85	40
3343	2026	Brett Sullivan	COL	7.2										22	101	39
3344	2026	Adam Frazier	LAA	2.0						4				37	94	39
3345	2024	James McCann	BAL	1.0										38	85	39
3346	2023	Chris Vallimont	BAL	0.2	69				106		89			95	44	39
3347	2023	Brandon Crawford	SFG	1.0	68				84	89	77			76	46	39
3348	2025	Jared Young	NYM	0.1										50	80	39
3349	2026	Rafael Flores Jr.	PIT	1.0					35	12				32	96	38
3350	2024	Nick Loftin	KCR	1.0					45	59				32	98	38
3351	2026	Eric Cerantola	KCR	5.1	80		75		104					89	42	37
3352	2024	Aaron Hicks	LAA	1.0										50	79	37
3353	2025	Chas McCormick	HOU	3.0										53	80	37
3354	2023	Carson Kelly	2 Tms	2.2										12	121	37
3355	2026	Andruw Monasterio	BOS	0.2					35	37				35	96	37
3356	2026	Nolan Kingham	TEX	1.0	84	110			88		87			89	36	36
3357	2024	Luis Torrens	NYM	0.1										19	107	36
3358	2023	Chris Owings	PIT	1.0										29	87	35
3359	2026	Ben Williamson	TBR	5.0										30	91	35
3360	2026	Troy Johnston	COL	2.0					52		57			55	89	35
3361	2026	Jake Rogers	DET	2.1										31	84	35
3362	2024	Tejay Antone	CIN	2.0	74	89			110	97				91	44	35
3363	2025	Tucker Barnhart	TEX	2.0										31	97	34
3364	2026	Jorge Mateo	ATL	2.1										16	99	34
3365	2026	José Tena	WSN	1.0										47	86	34
3366	2026	Josh White	MIA	0.2	72			86	94	99				83	52	33
3367	2024	Vidal Bruján	MIA	1.2						13				40	83	33
3368	2024	Luke Williams	ATL	4.0										24	103	33
3369	2026	Ildemaro Vargas	ARI	3.2										45	81	32
3370	2024	Dylan Coleman	HOU	1.0	89		105		166					99	36	32
3371	2025	Will Wilson	CLE	2.0					-9	-13	-5			-8	124	32
3372	2025	Garrett Acton	TBR	1.0	83						83			83	49	32
3373	2023	Johan Quezada	MIA	0.2	76				105		83			86	38	32
3374	2024	Parker Dunshee	ATL	2.1		74			104	84				87	49	32
3375	2026	Victor Robles	SEA	1.0	87					31				55	71	32
3376	2026	Gary Sánchez	MIL	2.0	71				42					24	102	32
3377	2023	José Castillo	SDP	0.1	89				101					91	31	31
3378	2026	James McCann	ARI	4.0						26				45	81	31
3379	2025	Austin Slater	NYY	0.2										17	107	31
3380	2025	Tomás Nido	DET	1.2					44	15				37	81	31
3381	2024	Eddy Alvarez	NYM	1.0					23	48	16			27	89	31
3382	2026	Tyler Callihan	PIT	3.0					46	34	41			41	75	30
3383	2025	Jorge Mateo	BAL	1.0										27	84	30
3384	2023	David Villar	SFG	1.0										48	75	30
3385	2023	Luke Raley	TBR	2.2										1	113	30
3386	2025	Amed Rosario	WSN	1.0										47	77	30
3387	2023	Martín Maldonado	HOU	1.0										35	84	30
3388	2023	Josh Donaldson	NYY	1.0							79			59	51	29
3389	2026	Weston Wilson	2 Tms	3.1										31	92	29
3390	2024	Pavin Smith	ARI	1.0										70	52	28
3391	2023	Kody Clemens	PHI	2.2										35	86	28
3392	2026	Max Schuemann	NYY	1.0										41	87	28
3393	2024	Luis Guillorme	2 Tms	3.0										13	97	27
3394	2024	Weston Wilson	PHI	1.0										55	52	27
3395	2025	Vidal Bruján	ATL	2.0										28	82	26
3396	2023	Josh Harrison	PHI	1.2										27	89	26
3397	2026	Leo Rivas	SEA	1.0										29	84	26
3398	2024	Garrett Stubbs	PHI	4.0										30	94	26
3399	2026	Andrew Vaughn	MIL	3.0					57					46	75	25
3400	2025	Tyler Wade	SDP	1.0										33	89	25
3401	2023	Danny Mendick	NYM	2.0										38	85	25
3402	2024	Pablo Reyes	BOS	1.0						54				36	80	25
3403	2025	Miles Mastrobuoni	SEA	1.0										41	84	24
3404	2023	Yonny Hernández	LAD	1.0										36	82	24
3405	2025	Niko Kavadas	LAA	1.2										22	94	23
3406	2025	Mike Yastrzemski	SFG	1.0						48				39	84	23
3407	2026	Jorbit Vivas	WSN	4.0										21	84	22
3408	2024	Oswaldo Cabrera	NYY	0.1										57	58	22
3409	2023	Ernie Clement	TOR	1.0										13	102	21
3410	2026	Tyler Heineman	2 Tms	5.1										9	103	21
3411	2025	Travis Jankowski	NYM	1.0						-5				-3	111	21
3412	2025	Nicky Lopez	LAA	0.1										20	61	21
3413	2026	Myles Straw	TOR	4.0					19	9				16	96	20
3414	2023	Pablo Reyes	BOS	2.0						45	46			47	77	20
3415	2025	Jon Berti	CHC	3.2										34	78	19
3416	2023	Willi Castro	MIN	2.1										12	105	19
3417	2026	Tanner McDougal	CHW	0.1	75				68	145	83			81	31	18
3418	2024	Luke Maile	CIN	3.2										30	84	18
3419	2024	Ernie Clement	TOR	1.0										46	56	18
3420	2023	Harold Castro	COL	2.0										37	82	17
3421	2026	Alex Jackson	MIN	2.0										27	75	16
3422	2025	Emmanuel Rivera	BAL	1.0							42			39	67	15
3423	2026	LaMonte Wade Jr.	HOU	1.0										23	95	15
3424	2024	Brandon Crawford	STL	1.1	64		72		69	77	76			71	31	15
3425	2026	Zack Short	NYM	1.0										23	107	12
3426	2025	Tyler Heineman	TOR	3.1										13	85	12
3427	2025	Abraham Toro	BOS	1.0										47	61	12
3428	2024	Andrew Saalfrank	ARI	1.0		79				66				75	21	12
3429	2023	Josh Lester	BAL	1.0										47	64	9
3430	2025	Alex Jackson	BAL	1.0										15	84	9
3431	2024	Zach McKinstry	DET	2.0						1				19	83	9
3432	2024	Carl Edwards Jr.	SDP	0.0	58					84	85			71	15	9
3433	2026	Chadwick Tromp	BAL	1.0										33	69	8
3434	2026	Joey Wiemer	WSN	2.0					38	8	-25			36	62	8
3435	2023	Ryan McKenna	BAL	1.0										8	87	7
3436	2026	Dylan Moore	PHI	1.2					21					13	77	6
3437	2025	Luis Vázquez	BAL	4.1										19	80	6
3438	2023	Riley Pint	COL	0.1		87			95					88	6	4
3439	2023	Jace Peterson	OAK	2.0										35	68	4
3440	2024	Isiah Kiner-Falefa	TOR	2.0										0	67	1
3441	2026	Luis Torrens	NYM	2.1										-2	81	1
3442	2026	Buddy Kennedy	SFG	1.0										12	82	1
3443	2023	Bligh Madris	HOU	1.0						22				30	59	1
3444	2024	Michael Stefanic	LAA	1.0						6				4	83	0
3445	2025	Leo Rivas	SEA	1.0										26	77	0
3446	2025	Luke Maile	KCR	1.0										36	55	-2
3447	2024	Mike Yastrzemski	SFG	1.0					7					60	32	-3
3448	2023	Brett Phillips	LAA	0.1	28									18	48	-4
3449	2025	Scott Kingery	LAA	2.0										41	35	-5
3450	2025	Reese McGuire	CHC	1.0					-11	-36				-19	105	-9
3451	2026	Reese McGuire	CHW	1.0										13	82	-11
3452	2025	César Salazar	HOU	1.0										18	64	-11
3453	2023	James McCann	BAL	1.0										32	41	-14
3454	2023	Matt Beaty	SFG	1.0										1	62	-15
3455	2024	Cole Tucker	LAA	1.0										23	34	-21
3456	2024	Patrick Wisdom	CHC	0.1										47	32	-28
3457	2026	Zach McKinstry	DET	2.0										4	54	-29
3458	2025	Alec Burleson	STL	1.0							31			31	41	-31
3459	2026	Sam Haggerty	TEX	1.0										-16	72	-48
