#	Season	Name	Team	W	L	SV	G	GS	IP	K/9	BB/9	HR/9	BABIP	LOB%	GB%	HR/FB	vFA (pi)	ERA	xERA	FIP	xFIP	WAR
1	2023	Logan Webb	SFG	11	13	0	33	33	216.0	8.08	1.29	0.83	.302	73.7%	62.1%	15.4%	92.7	3.25	3.64	3.16	2.95	4.9
2	2026	Sandy Alcantara	MIA	13	11	3	36	33	214.0	6.43	2.48	1.01	.277	73.4%	41.9%	9.4%	97.6	3.87	3.81	4.08	4.42	3.2
3	2023	Zac Gallen	ARI	17	9	0	34	34	210.0	9.43	2.01	0.94	.301	73.1%	41.8%	10.9%	93.5	3.47	4.20	3.26	3.49	5.2
4	2023	Gerrit Cole	NYY	15	4	0	33	33	209.0	9.56	2.07	0.86	.261	80.4%	39.6%	9.4%	96.8	2.63	3.45	3.16	3.60	5.3
5	2024	Logan Gilbert	SEA	9	12	0	33	33	208.2	9.49	1.60	1.12	.236	69.5%	45.1%	12.9%	96.8	3.23	3.07	3.27	3.11	4.1
6	2025	Logan Webb	SFG	15	11	0	34	34	207.0	9.74	2.00	0.61	.346	74.3%	53.2%	9.9%	92.7	3.22	3.58	2.60	2.78	5.5
7	2026	Cristopher Sánchez	PHI	18	7	0	33	33	207.0	10.04	1.96	0.83	.333	79.7%	57.7%	13.3%		2.91	3.39	2.80	2.65	6.2
8	2024	Seth Lugo	KCR	16	9	0	33	33	206.2	7.88	2.09	0.70	.277	75.1%	44.2%	7.4%	92.3	3.00	3.76	3.25	3.83	4.8
9	2025	Garrett Crochet	BOS	18	5	0	32	32	205.1	11.18	2.02	1.05	.290	84.3%	48.3%	14.1%	96.5	2.59	2.88	2.89	2.64	5.7
10	2024	Logan Webb	SFG	13	10	0	33	33	204.2	7.56	2.20	0.48	.315	71.7%	56.8%	7.9%	92.8	3.47	4.37	2.95	3.28	4.5
11	2025	Cristopher Sánchez	PHI	13	5	0	32	32	202.0	9.45	1.96	0.53	.298	79.8%	58.3%	9.2%		2.50	3.02	2.55	2.77	6.5
12	2023	Miles Mikolas	STL	9	13	0	35	35	201.1	6.12	1.74	1.16	.308	68.9%	38.8%	9.8%	93.5	4.78	5.47	4.27	4.76	3.0
13	2026	Michael Wacha	KCR	9	10	0	32	32	200.2	7.09	2.42	1.35	.245	78.6%	35.2%	11.5%	93.2	3.32	4.00	4.38	4.39	2.5
14	2023	Chris Bassitt	TOR	16	8	0	33	33	200.0	8.37	2.66	1.26	.274	76.5%	42.3%	13.2%	92.5	3.60	4.04	4.28	4.21	2.6
15	2024	Zack Wheeler	PHI	16	7	0	32	32	200.0	10.08	2.34	0.90	.246	80.1%	42.6%	10.3%	95.5	2.57	2.82	3.13	3.30	5.5
16	2024	Aaron Nola	PHI	14	8	0	33	33	199.1	8.89	2.26	1.35	.294	79.0%	44.5%	15.6%	92.6	3.57	3.77	3.94	3.44	3.2
17	2023	Framber Valdez	HOU	12	11	0	31	31	198.0	9.09	2.59	0.86	.282	71.2%	54.2%	14.0%	95.7	3.45	4.30	3.50	3.39	4.4
18	2023	Luis Castillo	SEA	14	9	0	33	33	197.0	10.01	2.56	1.28	.267	77.0%	38.9%	12.7%	96.4	3.34	3.82	3.81	3.81	3.3
19	2025	Max Fried	NYY	19	5	0	32	32	195.1	8.71	2.35	0.65	.279	74.0%	52.4%	8.7%	95.8	2.86	3.37	3.07	3.41	4.8
20	2025	Carlos Rodón	NYY	18	9	0	33	33	195.1	9.35	3.36	1.01	.228	76.4%	43.5%	11.1%	94.1	3.09	3.34	3.78	3.89	3.3
21	2025	Tarik Skubal	DET	13	6	0	31	31	195.1	11.10	1.52	0.83	.273	80.6%	41.0%	10.1%	97.7	2.21	2.71	2.45	2.66	6.7
22	2023	Mitch Keller	PIT	13	9	0	32	32	194.1	9.73	2.55	1.16	.310	71.7%	43.7%	13.5%	95.3	4.21	4.18	3.80	3.70	3.2
23	2024	Corbin Burnes	BAL	15	9	0	32	32	194.1	8.38	2.22	1.02	.269	75.5%	48.2%	11.6%		2.92	3.30	3.55	3.55	3.9
24	2023	Pablo López	MIN	11	8	0	32	32	194.0	10.86	2.23	1.11	.313	76.2%	45.2%	13.1%	94.9	3.66	3.01	3.33	3.28	4.6
25	2023	Aaron Nola	PHI	12	9	0	32	32	193.2	9.39	2.09	1.49	.285	66.4%	42.6%	15.6%	92.9	4.46	3.70	4.03	3.63	3.8
26	2023	Corbin Burnes	MIL	10	8	0	32	32	193.2	9.29	3.07	1.02	.244	74.9%	44.1%	12.8%	95.5	3.39	3.42	3.81	3.80	3.4
27	2026	Cam Schlittler	NYY	14	6	0	33	33	193.2	11.11	2.28	0.74	.251	81.7%	43.2%	9.1%	98.0	1.95	2.85	2.56	2.86	6.2
28	2025	Kevin Gausman	TOR	10	11	0	32	32	193.0	8.81	2.33	0.98	.262	72.2%	36.7%	9.5%	94.5	3.59	3.73	3.41	3.77	4.1
29	2024	José Berríos	TOR	16	11	0	32	32	192.1	7.16	2.53	1.45	.256	81.4%	43.2%	15.0%	94.2	3.60	4.69	4.72	4.25	1.1
30	2023	Kyle Gibson	BAL	15	9	0	33	33	192.0	7.36	2.58	1.08	.309	69.7%	48.9%	12.7%	92.2	4.73	4.73	4.13	4.13	2.7
31	2023	Zack Wheeler	PHI	13	6	0	32	32	192.0	9.94	1.83	0.94	.292	71.3%	41.2%	9.9%	96.0	3.61	3.21	3.15	3.54	5.9
32	2024	Tarik Skubal	DET	18	4	0	31	31	192.0	10.69	1.64	0.70	.273	80.0%	45.7%	8.8%	97.0	2.39	2.69	2.49	2.83	6.0
33	2025	Framber Valdez	HOU	13	11	0	31	31	192.0	8.77	3.19	0.70	.297	72.9%	58.6%	12.3%	95.4	3.66	3.77	3.37	3.34	4.0
34	2025	Zac Gallen	ARI	13	15	0	33	33	192.0	8.20	3.09	1.45	.270	67.6%	43.6%	14.6%	93.5	4.83	4.28	4.50	4.12	1.2
35	2024	George Kirby	SEA	14	11	0	33	33	191.0	8.43	1.08	1.04	.291	71.6%	41.3%	9.6%	96.2	3.53	3.40	3.26	3.58	4.2
36	2023	Logan Gilbert	SEA	13	7	0	32	32	190.2	8.92	1.70	1.37	.272	75.1%	41.4%	13.3%	95.8	3.73	3.63	3.85	3.76	3.0
37	2023	George Kirby	SEA	13	10	0	31	31	190.2	8.12	0.90	1.04	.292	75.1%	44.2%	10.7%	96.2	3.35	3.88	3.34	3.63	4.2
38	2023	José Berríos	TOR	11	12	0	32	32	189.2	8.73	2.47	1.19	.289	76.4%	41.6%	12.6%	94.3	3.65	4.50	3.99	4.01	2.9
39	2026	Eduardo Rodriguez	ARI	16	7	0	32	32	189.2	6.79	2.94	0.90	.274	80.2%	38.8%	8.2%	92.0	2.89	4.27	3.89	4.44	3.1
40	2024	Dylan Cease	SDP	14	11	0	33	33	189.1	10.65	3.09	0.86	.263	69.4%	39.8%	9.1%	96.9	3.47	3.31	3.10	3.44	4.8
41	2023	Jordan Montgomery	2 Tms	10	11	0	32	32	188.2	7.92	2.29	0.86	.294	75.6%	43.2%	9.3%	93.4	3.20	3.98	3.56	4.01	4.2
42	2026	Tanner Bibee	CLE	7	15	0	33	33	188.0	7.09	2.63	1.39	.270	72.3%	37.0%	11.9%	93.9	4.36	4.33	4.52	4.47	1.5
43	2024	Jake Irvin	WSN	10	14	0	33	33	187.2	7.48	2.49	1.39	.273	70.1%	43.9%	14.3%	94.1	4.41	4.30	4.41	4.03	2.0
44	2025	Paul Skenes	PIT	10	10	0	32	32	187.2	10.36	2.01	0.53	.273	82.4%	44.3%	6.3%	98.2	1.97	2.65	2.36	3.03	6.5
45	2023	Spencer Strider	ATL	20	5	0	32	32	186.2	13.55	2.80	1.06	.316	70.3%	34.1%	12.2%	97.4	3.86	3.08	2.85	2.92	5.5
46	2025	Zack Littell	2 Tms	10	8	0	32	32	186.2	6.27	1.54	1.74	.249	81.2%	40.3%	15.0%	92.0	3.81	4.36	4.88	4.35	1.3
47	2025	Bryan Woo	SEA	15	7	0	30	30	186.2	9.55	1.74	1.25	.238	80.4%	40.8%	12.8%	95.7	2.94	3.07	3.47	3.33	3.6
48	2024	Cole Ragans	KCR	11	9	0	32	32	186.1	10.77	3.24	0.72	.290	74.7%	40.7%	8.1%	95.5	3.14	3.25	2.99	3.46	5.0
49	2026	Parker Messick	CLE	12	9	0	32	32	186.1	9.32	2.37	0.82	.273	81.4%	44.3%	9.3%	94.2	2.56	3.13	3.07	3.37	4.9
50	2026	Logan Gilbert	SEA	12	11	0	32	32	186.0	9.92	2.37	1.40	.270	78.4%	38.1%	14.2%	96.3	3.73	3.62	3.83	3.46	2.8
51	2024	Pablo López	MIN	15	10	0	32	32	185.1	9.62	1.99	1.26	.309	72.2%	42.9%	13.8%	95.1	4.08	3.70	3.65	3.36	3.1
52	2025	Hunter Brown	HOU	12	9	0	31	31	185.1	10.00	2.77	0.83	.262	82.0%	48.1%	11.4%	96.6	2.43	3.15	3.14	3.19	4.5
53	2023	Kevin Gausman	TOR	12	9	0	31	31	185.0	11.53	2.68	0.92	.321	76.6%	42.6%	10.7%	94.6	3.16	3.84	2.97	3.22	5.3
54	2026	Michael King	SDP	12	10	0	32	32	185.0	7.74	3.41	0.97	.259	80.3%	44.6%	10.2%	94.2	3.21	4.40	4.13	4.34	2.7
55	2026	Reid Detmers	LAA	7	8	0	32	32	185.0	10.26	2.34	0.92	.274	73.4%	37.2%	9.2%	94.2	3.36	3.29	3.01	3.37	4.9
56	2026	Yoshinobu Yamamoto	LAD	14	9	0	28	28	185.0	8.85	2.04	0.97	.217	80.7%	48.5%	12.0%	95.9	2.53	2.94	3.33	3.28	4.7
57	2023	Sandy Alcantara	MIA	7	12	0	28	28	184.2	7.36	2.34	1.07	.287	69.6%	52.0%	12.9%	98.1	4.14	4.29	4.03	4.00	3.0
58	2023	Lucas Giolito	3 Tms	8	15	0	33	33	184.1	9.96	3.56	2.00	.274	72.8%	36.2%	17.7%	93.3	4.88	4.58	5.27	4.45	0.9
59	2026	Gavin Williams	CLE	14	8	0	32	32	184.1	12.11	2.98	1.37	.288	75.7%	43.5%	17.0%	97.4	3.76	3.82	3.48	2.85	3.5
60	2023	Sonny Gray	MIN	8	8	0	32	32	184.0	8.95	2.69	0.39	.295	76.8%	47.3%	5.2%	92.8	2.79	3.69	2.83	3.64	5.4
61	2025	Merrill Kelly	2 Tms	12	9	0	32	32	184.0	8.17	2.35	1.13	.264	73.2%	43.1%	11.5%	91.9	3.52	4.15	3.76	3.81	3.2
62	2023	Lance Lynn	2 Tms	13	11	0	32	32	183.2	9.36	3.28	2.16	.292	67.8%	35.6%	19.0%	92.6	5.73	4.83	5.53	4.50	0.5
63	2024	Kutter Crawford	BOS	9	16	0	33	33	183.2	8.58	2.50	1.67	.247	70.5%	33.0%	13.3%	92.8	4.36	3.85	4.65	4.35	1.8
64	2025	Jesús Luzardo	PHI	15	7	0	32	32	183.2	10.58	2.79	0.78	.324	69.4%	42.8%	9.0%	96.4	3.92	3.33	2.90	3.25	5.4
65	2025	Robbie Ray	SFG	11	8	0	32	32	182.1	9.18	3.60	1.09	.268	74.2%	36.1%	9.6%	93.6	3.65	3.70	3.93	4.29	2.2
66	2025	Tanner Bibee	CLE	12	11	0	31	31	182.1	8.00	2.67	1.33	.281	71.9%	44.7%	13.0%	94.4	4.24	3.62	4.34	4.17	1.8
67	2024	Luis Severino	NYM	11	7	0	31	31	182.0	7.96	2.97	1.14	.283	73.7%	46.0%	12.3%	96.3	3.91	3.85	4.21	4.12	2.1
68	2024	Sean Manaea	NYM	12	6	0	32	32	181.2	9.12	3.12	1.04	.245	74.2%	37.6%	10.2%	92.2	3.47	3.76	3.83	4.04	2.8
69	2024	Cristopher Sánchez	PHI	11	9	0	31	31	181.2	7.58	2.18	0.54	.313	71.2%	57.4%	9.3%		3.32	3.60	3.00	3.19	4.7
70	2024	Brandon Pfaadt	ARI	11	10	0	32	32	181.2	9.17	2.08	1.19	.315	64.5%	41.5%	11.8%	93.9	4.71	3.73	3.61	3.58	3.2
71	2025	Nick Pivetta	SDP	13	5	0	31	31	181.2	9.41	2.48	1.09	.235	78.7%	33.5%	9.7%	93.9	2.87	3.97	3.49	3.85	3.7
72	2024	Kevin Gausman	TOR	14	11	0	31	31	181.0	8.06	2.78	0.99	.281	70.3%	38.3%	8.9%	94.0	3.83	4.82	3.77	4.22	3.0
73	2024	JP Sears	OAK	11	13	0	32	32	180.2	6.82	2.44	1.39	.272	72.5%	37.3%	10.8%	92.3	4.38	4.43	4.71	4.86	1.2
74	2025	Sonny Gray	STL	14	8	0	32	32	180.2	10.01	1.89	1.25	.329	69.6%	43.9%	14.5%	91.7	4.28	3.87	3.39	3.07	3.6
75	2025	Luis Castillo	SEA	11	8	0	32	32	180.2	8.07	2.29	1.15	.286	76.8%	41.3%	10.5%	95.1	3.54	4.04	3.88	4.09	2.7
76	2024	Bryce Miller	SEA	12	8	0	31	31	180.1	8.53	2.25	1.05	.237	78.2%	38.1%	9.9%	95.3	2.94	3.68	3.58	3.85	2.8
77	2023	Patrick Corbin	WSN	10	15	0	32	32	180.0	6.20	2.85	1.65	.309	70.3%	44.2%	16.3%	91.8	5.20	6.13	5.28	4.76	0.8
78	2023	Blake Snell	SDP	14	9	0	32	32	180.0	11.70	4.95	0.75	.256	86.7%	44.4%	10.9%	95.7	2.25	3.77	3.44	3.62	4.1
79	2025	Jake Irvin	WSN	9	13	0	33	33	180.0	6.20	3.10	1.90	.282	68.2%	42.8%	16.9%	92.5	5.70	5.57	5.64	4.82	-0.3
80	2026	Nick Martinez	TBR	15	6	0	31	31	180.0	5.45	1.30	1.10	.265	81.6%	35.5%	8.8%	92.8	3.10	3.97	3.96	4.47	2.9
81	2024	Brady Singer	KCR	9	13	0	32	32	179.2	8.52	2.71	1.10	.302	77.8%	47.1%	14.5%	91.7	3.71	4.71	3.93	3.62	2.6
82	2025	Matthew Boyd	CHC	14	8	0	31	31	179.2	7.71	2.10	0.95	.273	76.2%	37.9%	8.4%	93.3	3.21	3.75	3.65	4.22	3.4
83	2026	Jesús Luzardo	PHI	14	5	0	30	29	179.2	11.07	2.60	0.75	.292	76.0%	48.6%	10.1%	96.9	2.86	2.83	2.78	2.94	5.5
84	2026	Shane Baz	BAL	6	15	0	31	31	179.2	7.71	3.16	0.75	.309	68.7%	37.9%	7.1%	95.9	4.11	4.26	3.62	4.31	3.4
85	2026	Nolan McLean	NYM	12	10	0	31	31	179.2	9.72	3.51	0.85	.273	74.6%	45.5%	10.8%	96.1	3.16	3.61	3.59	3.69	3.5
86	2024	Tyler Anderson	LAA	10	15	0	31	31	179.1	7.13	3.66	1.20	.258	75.8%	37.4%	10.5%	89.7	3.81	4.37	4.66	4.85	1.3
87	2023	Jesús Luzardo	MIA	10	10	0	32	32	178.2	10.48	2.77	1.11	.311	74.9%	40.2%	11.5%	96.8	3.58	3.96	3.55	3.72	3.8
88	2024	Tanner Houck	BOS	9	10	0	30	30	178.2	7.76	2.42	0.55	.282	70.9%	55.9%	8.8%	93.8	3.12	4.13	3.32	3.58	3.8
89	2024	Bailey Ober	MIN	12	9	0	31	31	178.2	9.62	2.17	1.36	.247	70.7%	33.5%	11.5%	91.7	3.98	3.25	3.82	3.83	2.9
90	2025	Yusei Kikuchi	LAA	7	11	0	33	33	178.1	8.78	3.73	1.21	.314	76.1%	39.7%	11.5%	95.0	3.99	4.47	4.23	4.28	2.3
91	2026	Taj Bradley	MIN	12	6	0	31	31	178.1	10.35	3.84	1.16	.270	78.0%	35.7%	11.8%	97.2	3.73	3.97	3.82	3.80	2.8
92	2024	Mitch Keller	PIT	11	12	0	31	31	178.0	8.39	2.53	1.16	.306	73.1%	39.4%	11.6%	94.5	4.25	4.25	4.08	4.08	2.2
93	2023	Jordan Lyles	KCR	6	17	0	31	31	177.2	6.08	2.28	1.98	.255	56.3%	33.5%	14.1%	91.4	6.28	4.90	5.62	5.34	0.2
94	2023	Merrill Kelly	ARI	12	8	0	30	30	177.2	9.47	3.50	1.01	.278	77.1%	45.2%	12.8%	92.3	3.29	4.13	3.85	3.83	3.2
95	2023	Zach Eflin	TBR	16	8	0	31	31	177.2	9.42	1.22	0.96	.295	73.2%	49.8%	11.7%	93.1	3.50	3.02	3.01	3.12	4.9
96	2023	Johan Oviedo	PIT	9	14	0	32	32	177.2	8.00	4.20	0.96	.280	72.0%	44.9%	10.0%	95.8	4.31	4.60	4.49	4.87	1.8
97	2024	Chris Sale	ATL	18	3	0	29	29	177.2	11.40	1.98	0.46	.314	79.8%	44.8%	6.3%	94.9	2.38	2.78	2.09	2.64	6.5
98	2026	Kevin Gausman	2 Tms	9	12	0	32	32	177.2	9.32	2.38	1.32	.311	68.7%	40.1%	12.7%	93.9	4.51	4.02	3.74	3.58	3.1
99	2024	Erick Fedde	2 Tms	9	9	0	31	31	177.1	7.82	2.64	1.02	.271	79.2%	42.1%	9.9%	93.4	3.30	3.89	3.86	4.12	3.4
100	2026	José Soriano	2 Tms	12	8	0	32	32	177.1	8.58	3.70	0.91	.288	72.7%	53.2%	13.3%	97.2	3.91	4.43	3.90	3.73	2.6
101	2026	Noah Cameron	KCR	9	8	0	31	30	177.1	8.02	2.94	1.07	.276	70.2%	38.8%	10.0%	92.6	4.11	4.11	3.92	4.16	2.8
102	2023	Dylan Cease	CHW	7	9	0	33	33	177.0	10.88	4.02	0.97	.330	69.4%	36.0%	10.2%	95.8	4.58	4.14	3.72	4.08	3.6
103	2025	Freddy Peralta	MIL	17	6	0	33	33	176.2	10.39	3.36	1.07	.243	85.5%	37.3%	10.4%	94.7	2.70	3.42	3.64	3.85	3.6
104	2025	Brandon Pfaadt	ARI	13	9	0	33	33	176.2	7.49	1.88	1.32	.316	66.5%	42.1%	13.3%	93.6	5.25	5.28	4.22	4.01	1.7
105	2024	Framber Valdez	HOU	15	7	0	28	28	176.1	8.63	2.81	0.66	.276	77.1%	60.6%	14.0%	95.9	2.91	3.45	3.25	3.08	3.6
106	2025	Mitch Keller	PIT	6	15	0	32	32	176.1	7.66	2.60	1.07	.290	69.6%	43.6%	10.8%	94.1	4.19	4.44	4.02	4.17	2.5
107	2024	Yusei Kikuchi	2 Tms	9	10	0	32	32	175.2	10.55	2.25	1.28	.309	71.9%	42.6%	13.5%	95.6	4.05	3.70	3.46	3.20	3.6
108	2024	Luis Castillo	SEA	11	12	0	30	30	175.1	8.98	2.41	1.28	.285	78.3%	39.3%	12.3%	95.7	3.64	4.01	3.91	3.82	2.3
109	2026	Aaron Nola	PHI	7	12	0	33	33	175.1	9.09	3.03	1.90	.299	77.9%	40.7%	18.3%	92.3	4.67	4.18	4.87	3.86	1.3
110	2024	Carlos Rodón	NYY	16	9	0	32	32	175.0	10.03	2.93	1.59	.284	79.2%	33.8%	13.4%	95.4	3.96	4.09	4.39	4.09	1.7
111	2023	Bryce Elder	ATL	12	4	0	31	31	174.2	6.60	3.25	0.98	.274	74.4%	49.9%	12.1%	90.9	3.81	4.51	4.42	4.49	1.8
112	2024	Patrick Corbin	WSN	6	13	0	32	32	174.2	7.16	2.78	1.29	.337	65.7%	46.3%	13.7%	91.4	5.62	5.47	4.41	4.14	1.9
113	2025	Sandy Alcantara	MIA	11	12	0	31	31	174.2	7.32	2.94	1.13	.278	61.9%	46.5%	12.6%	97.7	5.36	4.63	4.28	4.19	1.7
114	2026	George Kirby	SEA	9	11	0	30	30	174.2	7.63	2.42	1.13	.336	73.1%	43.3%	11.2%	96.8	4.33	4.20	3.90	3.96	2.5
115	2026	Jacob Misiorowski	MIL	16	5	0	30	30	174.2	12.98	2.27	0.72	.237	81.9%	44.1%	10.4%	100.5	1.80	2.12	2.17	2.29	6.6
116	2024	Max Fried	ATL	11	10	0	29	29	174.1	8.57	2.94	0.67	.282	72.5%	58.8%	11.7%	94.2	3.25	3.74	3.33	3.33	3.4
117	2024	Nestor Cortes	NYY	9	10	0	31	30	174.1	8.36	2.01	1.24	.287	76.4%	31.1%	9.8%	92.1	3.77	3.60	3.84	4.16	3.1
118	2026	Paul Skenes	PIT	10	11	0	32	32	174.1	10.33	2.53	1.03	.292	69.7%	39.9%	11.0%	96.8	3.82	3.28	3.33	3.41	4.2
119	2026	Shota Imanaga	CHC	11	10	0	32	32	174.1	8.98	1.91	1.81	.263	82.6%	36.9%	16.1%	91.6	3.77	3.81	4.47	3.74	1.8
120	2026	Framber Valdez	DET	10	12	0	31	31	174.0	6.98	3.47	0.83	.293	71.7%	55.3%	11.7%	94.8	4.03	4.38	4.14	4.13	2.0
121	2024	Freddy Peralta	MIL	11	9	0	32	32	173.2	10.36	3.52	1.35	.278	79.6%	36.7%	13.1%	94.4	3.68	3.83	4.16	3.93	2.2
122	2024	Michael King	SDP	13	9	0	31	30	173.2	10.42	3.26	0.88	.290	75.2%	40.4%	10.3%	93.8	2.95	3.53	3.33	3.50	4.0
123	2024	Tanner Bibee	CLE	12	8	0	31	31	173.2	9.69	2.28	1.14	.285	77.1%	34.6%	10.6%	94.7	3.47	3.74	3.56	3.72	3.3
124	2025	Yoshinobu Yamamoto	LAD	12	8	0	30	30	173.2	10.42	3.06	0.73	.243	78.5%	52.8%	10.8%	95.3	2.49	2.72	2.94	3.05	4.9
125	2023	Justin Steele	CHC	16	5	0	30	30	173.1	9.14	1.87	0.73	.317	73.0%	49.4%	9.9%		3.06	3.53	3.02	3.32	4.8
126	2024	Shota Imanaga	CHC	15	3	0	29	29	173.1	9.03	1.45	1.40	.264	80.2%	37.2%	12.2%	91.9	2.91	3.36	3.72	3.62	3.1
127	2026	MacKenzie Gore	TEX	8	11	0	34	34	173.0	9.05	3.69	0.99	.294	70.5%	39.4%	9.5%	95.3	4.58	4.16	3.87	4.20	2.8
128	2026	Bryan Woo	SEA	12	10	0	30	30	173.0	9.10	2.03	0.94	.285	66.2%	37.6%	9.0%	96.1	4.01	3.67	3.25	3.64	4.1
129	2023	Taijuan Walker	PHI	15	6	0	31	31	172.2	7.19	3.70	1.04	.272	71.4%	44.6%	10.6%	93.1	4.38	4.40	4.53	4.83	2.4
130	2023	Dean Kremer	BAL	13	5	0	32	32	172.2	8.18	2.87	1.41	.293	75.6%	39.3%	13.9%	94.6	4.12	4.87	4.51	4.34	1.6
131	2023	Dane Dunning	TEX	12	7	0	35	26	172.2	7.30	2.87	1.04	.288	77.5%	46.3%	11.8%	90.7	3.70	4.48	4.27	4.39	1.9
132	2025	Jacob deGrom	TEX	12	8	0	30	30	172.2	9.64	1.93	1.36	.230	83.6%	37.8%	13.8%	97.6	2.97	3.36	3.64	3.37	3.4
133	2025	Michael Wacha	KCR	10	13	0	31	31	172.2	6.57	2.35	0.78	.287	72.7%	37.2%	6.6%	93.3	3.86	4.17	3.66	4.56	3.8
134	2026	Foster Griffin	2 Tms	15	6	0	31	31	172.2	8.24	2.35	1.20	.291	76.6%	44.7%	13.1%	91.5	3.60	4.35	3.96	3.77	2.6
135	2023	JP Sears	OAK	5	14	0	32	32	172.1	8.41	2.77	1.78	.278	77.3%	29.1%	13.0%	93.2	4.54	4.70	5.15	5.10	0.6
136	2026	Seth Lugo	KCR	7	9	0	32	32	172.1	7.00	2.82	1.20	.333	67.6%	40.2%	11.0%	91.7	5.17	5.09	4.38	4.48	1.8
137	2026	Sean Burke	CHW	11	7	0	32	27	172.1	9.66	3.24	0.99	.283	78.6%	34.9%	9.2%	94.7	3.34	3.78	3.62	4.00	3.2
138	2026	Drew Rasmussen	TBR	16	5	0	30	30	172.0	9.10	1.67	0.73	.251	76.9%	43.9%	8.4%	95.9	2.67	3.05	2.82	3.21	5.0
139	2024	Miles Mikolas	STL	10	11	0	32	32	171.2	6.40	1.31	1.36	.310	62.9%	41.9%	12.6%	93.4	5.35	4.62	4.24	4.08	2.0
140	2024	Griffin Canning	LAA	6	13	0	32	31	171.2	6.82	3.46	1.63	.283	69.6%	40.7%	14.8%	93.7	5.19	4.76	5.26	4.75	-0.1
141	2025	Dean Kremer	BAL	11	10	0	31	29	171.2	7.44	2.36	1.15	.284	70.9%	39.9%	10.2%	93.3	4.19	3.88	3.97	4.24	2.6
142	2024	Chris Bassitt	TOR	10	14	0	31	31	171.0	8.84	3.68	0.95	.333	72.7%	40.3%	10.2%	92.7	4.16	4.52	4.08	4.28	2.3
143	2025	Jeffrey Springs	ATH	11	11	0	32	30	171.0	7.26	2.84	1.47	.255	70.3%	31.8%	11.9%	90.8	4.11	4.29	4.65	4.64	2.1
144	2025	Joe Ryan	MIN	13	10	0	31	30	171.0	10.21	2.05	1.37	.268	78.6%	36.7%	12.1%	93.6	3.42	3.43	3.74	3.70	3.0
145	2024	Nathan Eovaldi	TEX	12	8	0	29	29	170.2	8.75	2.21	1.21	.271	74.5%	48.3%	14.6%	95.6	3.80	3.89	3.83	3.47	2.6
146	2024	Jose Quintana	NYM	10	10	0	31	31	170.1	7.13	3.33	1.16	.263	78.2%	47.4%	12.6%	90.8	3.75	4.50	4.56	4.44	1.1
147	2025	Chris Bassitt	TOR	11	9	0	32	31	170.1	8.77	2.75	1.16	.315	76.4%	46.5%	13.2%	91.4	3.96	4.16	4.01	3.84	2.4
148	2024	Hunter Brown	HOU	11	9	0	31	30	170.0	9.48	3.18	0.95	.307	76.6%	48.9%	12.7%	96.1	3.49	3.31	3.58	3.47	3.1
149	2024	Kyle Gibson	STL	8	8	0	30	30	169.2	8.01	3.61	1.22	.290	70.7%	44.8%	13.4%	91.6	4.24	4.82	4.42	4.19	1.5
150	2025	Brady Singer	CIN	14	12	0	32	32	169.2	8.65	3.18	1.01	.285	72.9%	38.9%	10.0%	91.5	4.03	4.26	3.98	4.25	2.8
151	2026	Trevor Rogers	BAL	10	11	0	30	30	169.2	8.33	2.07	1.01	.297	69.3%	38.3%	8.8%	93.8	4.03	3.60	3.45	3.92	4.0
152	2026	Cade Cavalli	WSN	13	5	0	32	32	169.2	10.61	2.55	0.95	.307	77.1%	49.9%	12.8%	96.8	3.02	3.67	3.25	3.13	3.9
153	2025	José Soriano	LAA	10	11	0	31	31	169.0	8.09	4.15	0.64	.306	67.8%	65.3%	15.0%	98.0	4.26	4.03	3.73	3.54	2.8
154	2026	Sonny Gray	BOS	18	5	0	29	29	169.0	7.93	2.45	0.85	.283	83.2%	46.0%	9.9%	91.6	2.72	3.85	3.47	3.68	3.4
155	2026	Dylan Cease	TOR	11	6	0	29	29	169.0	12.73	4.15	0.59	.274	77.8%	42.1%	8.1%	97.0	2.40	2.92	2.56	2.93	5.5
156	2026	Freddy Peralta	2 Tms	10	11	0	32	32	169.0	8.31	3.36	1.22	.288	70.6%	39.4%	11.1%	94.4	4.42	3.83	4.28	4.37	1.9
157	2023	Kyle Bradish	BAL	12	7	0	30	30	168.2	8.96	2.35	0.75	.270	79.1%	49.2%	10.2%		2.83	3.76	3.27	3.53	3.9
158	2025	David Peterson	NYM	9	6	0	30	30	168.2	8.00	3.47	0.59	.316	69.2%	54.7%	9.2%	92.4	4.22	4.59	3.48	3.72	3.1
159	2026	Michael McGreevy	STL	7	9	0	31	31	168.2	6.14	2.56	1.12	.284	73.6%	43.7%	11.1%	91.9	3.95	5.36	4.23	4.30	1.9
160	2025	Dylan Cease	SDP	8	12	0	32	32	168.0	11.52	3.80	1.13	.320	69.0%	36.6%	11.9%	97.1	4.55	3.45	3.56	3.56	3.4
161	2023	Yusei Kikuchi	TOR	11	6	0	32	32	167.2	9.72	2.58	1.45	.314	77.6%	39.7%	15.3%	95.1	3.86	4.27	4.12	3.77	2.6
162	2024	Colin Rea	MIL	12	6	1	32	27	167.2	7.25	2.31	1.56	.282	76.6%	38.8%	13.7%	93.0	4.29	4.89	4.75	4.42	0.8
163	2025	Ryan Pepiot	TBR	11	12	0	31	31	167.2	8.96	3.27	1.40	.258	75.3%	38.2%	13.8%	95.1	3.86	4.00	4.36	4.07	1.9
164	2025	Gavin Williams	CLE	12	5	0	31	31	167.2	9.29	4.46	1.23	.254	83.8%	44.7%	14.4%	96.7	3.06	4.29	4.39	4.08	1.4
165	2024	Ronel Blanco	HOU	13	6	0	30	29	167.1	8.93	3.66	1.18	.220	83.6%	39.8%	12.0%	93.6	2.80	3.97	4.15	4.09	2.1
166	2024	Michael Wacha	KCR	13	8	0	29	29	166.2	7.83	2.43	0.92	.290	77.1%	38.6%	8.5%	93.8	3.35	4.03	3.65	4.14	3.4
167	2025	Brayan Bello	BOS	11	9	0	29	28	166.2	6.70	3.19	0.86	.268	75.3%	49.8%	10.3%	95.1	3.35	4.48	4.19	4.39	1.9
168	2023	Kodai Senga	NYM	12	7	0	29	29	166.1	10.93	4.17	0.92	.277	80.3%	44.7%	11.6%	95.9	2.98	3.90	3.63	3.77	3.4
169	2024	Sonny Gray	STL	13	9	0	28	28	166.1	10.98	2.11	1.14	.299	67.9%	42.3%	14.3%	92.6	3.84	3.66	3.12	2.82	3.8
170	2024	MacKenzie Gore	WSN	10	12	0	32	32	166.1	9.79	3.52	0.81	.340	68.1%	39.1%	9.0%	96.1	3.90	4.14	3.53	3.87	3.3
171	2025	Shane Baz	TBR	10	12	0	31	31	166.1	9.52	3.46	1.41	.303	71.9%	46.7%	15.6%	96.9	4.87	3.86	4.37	3.88	1.9
172	2025	Andrew Abbott	CIN	10	7	0	29	29	166.1	8.06	2.33	1.03	.274	80.0%	31.8%	8.3%	92.7	2.87	3.55	3.66	4.31	3.8
173	2025	José Berríos	TOR	9	5	0	31	30	166.0	7.48	3.04	1.41	.285	73.4%	41.5%	13.3%	93.0	4.17	4.79	4.65	4.43	1.3
174	2026	Andrew Abbott	CIN	6	11	0	32	32	166.0	7.10	4.12	1.41	.280	73.3%	38.7%	11.6%	92.4	4.61	4.92	4.93	4.94	1.4
175	2023	Freddy Peralta	MIL	12	10	0	30	30	165.2	11.41	2.93	1.41	.273	73.7%	41.7%	16.0%	94.4	3.86	3.35	3.85	3.42	3.0
176	2025	Nick Martinez	CIN	11	14	0	40	26	165.2	6.30	2.28	1.20	.274	68.5%	38.1%	10.6%	92.6	4.45	4.04	4.33	4.54	2.0
177	2025	Clay Holmes	NYM	12	8	0	33	31	165.2	7.01	3.59	0.76	.280	74.0%	55.8%	10.5%	93.5	3.53	4.33	4.11	4.25	1.9
178	2026	Robbie Ray	2 Tms	13	8	0	31	30	165.2	7.61	4.56	1.20	.260	77.9%	34.1%	10.3%	93.3	3.59	4.80	4.69	4.91	0.9
179	2024	Charlie Morton	ATL	8	10	0	30	30	165.1	9.09	3.54	1.25	.306	74.2%	46.3%	15.8%	94.3	4.19	4.54	4.46	3.99	1.2
180	2024	Jameson Taillon	CHC	12	8	0	28	28	165.1	6.80	1.80	1.14	.269	76.3%	40.1%	10.2%	92.5	3.27	4.04	3.92	4.16	2.4
181	2024	Zach Eflin	2 Tms	10	9	0	28	28	165.1	7.29	1.31	1.20	.287	75.2%	42.7%	11.3%	92.6	3.59	3.74	3.77	3.81	2.8
182	2026	Braxton Ashcraft	PIT	14	6	0	28	28	165.1	9.42	1.91	1.20	.286	73.0%	45.7%	14.3%	97.3	3.65	3.43	3.50	3.18	3.6
183	2024	Austin Gomber	COL	5	12	0	30	30	165.0	6.33	2.07	1.64	.290	73.1%	38.0%	13.5%	90.5	4.75	5.15	4.83	4.50	1.2
184	2025	Kyle Hendricks	LAA	8	10	0	31	31	164.2	6.23	2.35	1.37	.280	68.3%	38.5%	11.1%	86.6	4.76	3.92	4.60	4.73	1.6
185	2025	Mitchell Parker	WSN	9	16	1	33	30	164.2	5.63	3.17	1.37	.286	60.5%	36.9%	11.3%	93.0	5.68	5.94	4.99	5.08	1.0
186	2023	Charlie Morton	ATL	14	12	0	30	30	163.1	10.08	4.57	0.77	.321	77.6%	43.3%	9.4%	95.0	3.64	4.64	3.87	4.27	2.7
187	2025	Luis Severino	ATH	8	11	0	29	29	162.2	6.86	2.77	0.89	.293	65.7%	41.2%	8.4%	96.2	4.54	4.59	4.11	4.63	2.9
188	2025	Kyle Freeland	COL	5	17	0	31	31	162.2	6.86	2.10	1.22	.329	64.0%	41.9%	11.2%	91.6	4.98	4.96	4.18	4.29	2.4
189	2025	Andre Pallante	STL	6	15	0	31	31	162.2	6.14	3.43	1.16	.295	62.2%	59.1%	17.2%	94.5	5.31	4.30	4.68	4.16	0.8
190	2026	Chris Sale	ATL	14	9	0	27	27	162.2	11.07	1.72	0.55	.304	81.4%	44.8%	7.0%	96.2	2.16	2.97	2.29	2.82	5.8
191	2026	Jacob deGrom	TEX	11	11	0	31	31	162.2	11.12	2.55	1.11	.298	69.8%	36.2%	11.4%	97.5	4.20	3.47	3.11	3.14	4.3
192	2023	Justin Verlander	2 Tms	13	8	0	27	27	162.1	7.98	2.49	1.00	.265	76.9%	35.5%	8.5%	94.4	3.22	3.62	3.85	4.56	3.4
193	2024	Ryan Feltner	COL	3	10	0	30	30	162.1	7.65	2.88	1.11	.305	66.3%	44.9%	11.6%	94.8	4.49	4.38	4.16	4.17	2.4
194	2024	Brayan Bello	BOS	14	8	0	30	30	162.1	8.48	3.55	1.05	.303	72.1%	50.8%	14.7%	95.7	4.49	4.52	4.19	3.87	1.9
195	2025	Will Warren	NYY	9	8	0	33	33	162.1	9.48	3.60	1.22	.303	69.8%	42.1%	13.0%	93.2	4.44	4.57	4.07	3.91	2.1
196	2023	Cristian Javier	HOU	10	5	0	31	31	162.0	8.83	3.44	1.39	.272	71.8%	25.6%	9.8%	92.8	4.56	4.49	4.58	5.16	2.0
197	2024	Jack Flaherty	2 Tms	13	7	0	28	28	162.0	10.78	2.11	1.33	.285	80.9%	39.5%	15.5%	93.4	3.17	3.60	3.48	3.00	3.4
198	2026	Zack Wheeler	PHI	14	5	0	28	28	162.0	10.72	2.61	1.17	.268	82.3%	43.3%	14.4%	95.2	3.00	2.86	3.35	3.02	4.0
199	2026	Merrill Kelly	ARI	10	14	0	29	29	162.0	6.28	3.89	1.56	.282	73.2%	40.3%	14.3%	92.0	4.94	6.35	5.32	4.90	-0.1
200	2026	Andre Pallante	STL	12	9	0	29	29	162.0	6.11	2.78	0.67	.287	71.2%	55.4%	9.3%	95.2	3.83	4.15	3.74	3.98	2.7
201	2023	Joe Ryan	MIN	11	10	0	29	29	161.2	10.97	1.89	1.78	.305	74.6%	31.6%	14.9%	92.3	4.51	3.56	4.13	3.76	2.3
202	2024	Aaron Civale	2 Tms	8	9	0	31	31	161.0	8.33	2.91	1.62	.285	76.4%	35.6%	14.2%	92.1	4.36	4.06	4.74	4.31	0.9
203	2025	Jack Flaherty	DET	8	15	0	31	31	161.0	10.51	3.30	1.29	.305	70.5%	36.7%	13.0%	93.1	4.64	3.97	3.85	3.69	2.6
204	2026	Logan Webb	SFG	8	9	0	27	27	160.2	7.51	2.30	0.73	.286	65.8%	50.7%	9.2%	92.4	4.31	4.08	3.46	3.74	3.1
205	2024	Chris Flexen	CHW	3	15	0	33	30	160.0	6.92	3.54	1.35	.315	71.0%	35.6%	10.4%	91.4	4.95	4.79	4.80	5.03	1.2
206	2024	Andrew Heaney	TEX	5	14	0	32	31	160.0	8.94	2.31	1.29	.297	71.2%	33.5%	10.8%	91.8	4.28	4.44	4.04	4.18	2.2
207	2023	Braxton Garrett	MIA	9	7	0	31	30	159.2	8.79	1.63	1.13	.302	75.9%	49.1%	15.2%	90.8	3.66	4.57	3.68	3.42	3.1
208	2023	Brady Singer	KCR	8	11	0	29	29	159.2	7.50	2.76	1.13	.329	64.9%	49.5%	12.8%	92.5	5.52	4.93	4.29	4.28	1.9
209	2025	MacKenzie Gore	WSN	5	15	0	30	30	159.2	10.43	3.61	1.13	.325	75.6%	37.2%	11.6%	95.3	4.17	4.32	3.74	3.78	3.0
210	2025	Colin Rea	CHC	11	7	1	32	27	159.1	7.17	2.49	1.13	.290	74.6%	39.5%	10.6%	93.8	3.95	4.52	4.11	4.31	1.9
211	2023	Clarke Schmidt	NYY	9	9	0	33	32	159.0	8.43	2.60	1.36	.313	70.2%	43.8%	13.1%		4.64	4.31	4.42	4.36	1.9
212	2023	Josiah Gray	WSN	8	13	0	30	30	159.0	8.09	4.53	1.25	.293	80.4%	37.8%	11.5%	93.6	3.91	5.02	4.93	5.12	1.6
213	2026	Joey Cantillo	CLE	11	9	0	33	30	159.0	9.68	4.58	0.96	.308	73.4%	44.2%	10.7%	92.1	3.62	3.99	3.98	4.10	2.0
214	2026	Eury Pérez	MIA	8	11	0	30	29	159.0	9.62	3.85	1.13	.265	71.8%	38.6%	11.2%	98.2	3.91	4.05	4.07	4.12	2.4
215	2026	Tarik Skubal	2 Tms	12	7	0	26	26	158.2	10.55	1.53	0.79	.289	76.6%	43.1%	9.9%	96.9	2.72	2.94	2.51	2.70	5.2
216	2025	Chris Paddack	2 Tms	5	12	1	33	28	158.0	6.38	2.11	1.77	.277	66.4%	36.7%	13.7%	93.7	5.35	5.01	5.03	4.69	0.7
217	2026	Anthony Kay	CHW	10	9	0	33	31	158.0	7.35	3.19	1.20	.293	74.0%	43.4%	12.4%	95.9	4.44	5.05	4.75	4.65	1.3
218	2023	Jon Gray	TEX	9	8	0	29	29	157.1	8.12	3.09	1.26	.296	75.6%	40.0%	13.5%	95.7	4.12	4.48	4.47	4.36	1.7
219	2025	Ranger Suarez	PHI	12	8	0	26	26	157.1	8.64	2.17	0.80	.317	79.0%	46.8%	8.8%	91.2	3.20	3.15	3.21	3.61	4.1
220	2025	Quinn Priester	MIL	13	3	0	29	24	157.1	7.55	2.86	1.03	.284	79.1%	56.1%	13.7%		3.32	3.65	4.01	3.81	1.8
221	2023	Brayan Bello	BOS	12	11	0	28	28	157.0	7.57	2.58	1.38	.306	76.2%	56.2%	17.1%	95.7	4.24	4.21	4.54	4.02	1.6
222	2025	Tomoyuki Sugano	BAL	10	10	0	30	30	157.0	6.08	2.06	1.89	.285	77.3%	40.2%	15.6%	92.7	4.64	5.79	5.36	4.70	0.1
223	2026	Brady Singer	CIN	6	15	0	31	31	157.0	7.22	3.55	1.83	.318	71.8%	41.4%	17.2%	90.8	5.85	5.96	5.62	4.76	0.1
224	2025	Nick Lodolo	CIN	9	8	0	29	28	156.2	8.96	1.78	1.26	.276	80.7%	42.6%	12.9%	93.8	3.33	3.50	3.81	3.66	2.7
225	2025	Logan Allen	CLE	8	11	0	30	29	156.2	7.01	3.56	1.03	.297	70.6%	44.4%	9.6%	91.2	4.25	4.44	4.37	4.72	1.7
226	2026	Brandon Young	BAL	9	6	0	28	28	156.2	7.64	3.50	1.26	.285	78.2%	42.4%	11.8%	94.4	3.56	4.31	4.47	4.44	1.6
227	2024	Zack Littell	TBR	8	10	0	29	29	156.1	8.12	1.78	1.27	.311	78.0%	34.0%	10.9%	92.5	3.63	4.38	3.88	4.01	2.3
228	2025	Miles Mikolas	STL	8	11	0	31	31	156.1	5.76	2.13	1.67	.280	72.4%	40.2%	12.9%	92.9	4.84	5.27	5.03	4.83	0.3
229	2025	Bryce Elder	ATL	8	11	0	28	28	156.1	7.54	2.94	1.38	.306	67.8%	48.2%	15.9%	92.8	5.30	4.72	4.55	4.04	0.9
230	2026	Will Warren	NYY	11	6	0	32	29	156.0	9.12	3.12	1.21	.314	71.4%	44.2%	13.1%	93.7	3.92	4.34	3.94	3.74	2.2
231	2023	Kyle Freeland	COL	6	14	0	29	29	155.2	5.43	2.43	1.68	.309	70.7%	40.0%	13.7%	89.0	5.03	5.83	5.30	5.13	1.2
232	2023	Hunter Brown	HOU	11	13	0	31	29	155.2	10.29	3.18	1.50	.330	68.8%	52.4%	21.0%	95.7	5.09	4.27	4.37	3.52	1.8
233	2026	Peter Lambert	HOU	8	10	0	29	29	155.2	8.90	3.41	0.98	.282	75.9%	36.2%	8.8%	93.9	3.82	3.71	3.91	4.36	2.4
234	2025	Patrick Corbin	TEX	7	11	0	31	30	155.1	7.59	2.95	1.22	.306	73.3%	39.6%	12.1%	91.5	4.40	4.75	4.25	4.21	1.8
235	2026	Matthew Liberatore	STL	6	14	0	31	31	155.0	8.94	3.19	1.63	.336	70.7%	36.8%	15.2%	94.3	5.23	5.00	4.62	4.07	1.1
236	2026	Keider Montero	DET	10	9	1	32	25	155.0	6.21	2.15	0.99	.234	71.9%	39.4%	7.9%	94.5	3.48	3.52	3.98	4.66	2.5
237	2026	Kyle Bradish	BAL	7	14	0	29	29	155.0	8.25	4.06	1.16	.313	72.6%	44.8%	12.4%		4.12	4.46	4.36	4.25	1.5
238	2026	Landen Roupp	SFG	9	14	0	29	29	155.0	8.30	4.35	0.64	.272	69.3%	49.2%	7.6%	92.8	4.01	3.84	3.73	4.21	2.5
239	2024	Marcus Stroman	NYY	10	9	1	30	29	154.2	6.58	3.49	1.11	.312	73.9%	49.2%	12.6%	90.6	4.31	4.89	4.62	4.50	1.0
240	2023	Jameson Taillon	CHC	8	10	1	30	29	154.1	8.16	2.39	1.57	.292	64.6%	37.9%	13.4%	93.8	4.84	4.71	4.61	4.49	1.5
241	2025	Eduardo Rodriguez	ARI	9	9	0	29	29	154.1	8.34	3.50	1.46	.329	71.1%	37.2%	12.7%	92.0	5.02	4.51	4.57	4.44	1.3
242	2026	Tomoyuki Sugano	COL	12	12	0	29	29	154.1	5.60	2.10	1.92	.275	69.5%	37.0%	15.2%	92.6	5.37	6.35	5.39	4.74	0.4
243	2026	Chase Burns	CIN	15	3	0	29	29	154.1	10.79	3.27	0.99	.288	80.8%	36.6%	10.2%	97.7	2.86	3.24	3.24	3.45	4.3
244	2025	Ryne Nelson	ARI	7	3	1	33	23	154.0	7.71	2.40	0.99	.252	73.7%	39.9%	9.7%	95.6	3.39	3.93	3.73	4.05	2.1
245	2026	Bubba Chandler	PIT	8	10	0	31	30	154.0	8.18	4.68	0.88	.280	66.3%	38.6%	8.3%	98.3	4.62	4.28	4.24	4.75	2.0
246	2026	Walker Buehler	SDP	9	6	0	32	32	153.2	7.67	3.34	1.29	.295	72.6%	47.8%	13.8%	94.0	4.63	4.25	4.51	4.22	1.5
247	2023	Michael Lorenzen	2 Tms	9	9	1	29	25	153.0	6.53	2.76	1.18	.266	69.8%	41.0%	11.3%	94.5	4.18	4.48	4.46	4.68	1.7
248	2023	Max Scherzer	2 Tms	13	6	0	27	27	152.2	10.26	2.65	1.65	.265	81.0%	33.2%	14.6%	93.9	3.77	3.34	4.32	4.02	2.2
249	2023	Eduardo Rodriguez	DET	13	9	0	26	26	152.2	8.43	2.83	0.88	.274	75.9%	41.0%	9.7%	92.3	3.30	4.03	3.66	4.06	3.1
250	2025	Justin Verlander	SFG	4	11	0	29	29	152.0	8.11	3.08	0.95	.308	72.9%	34.5%	7.8%	93.9	3.85	4.24	3.85	4.57	2.3
251	2024	Luis Gil	NYY	15	7	0	29	29	151.2	10.15	4.57	1.07	.237	78.8%	35.6%	10.2%	96.6	3.50	3.76	4.14	4.36	2.1
252	2025	Matthew Liberatore	STL	8	12	0	29	29	151.2	7.24	2.37	1.13	.300	70.1%	37.4%	10.1%	93.9	4.21	4.87	4.03	4.31	1.8
253	2025	Jack Leiter	TEX	10	10	0	29	29	151.2	8.78	3.98	1.07	.267	74.8%	37.9%	9.5%	97.4	3.86	4.45	4.15	4.53	2.2
254	2026	Grant Holmes	ATL	10	6	0	31	29	151.2	6.82	3.68	1.31	.259	82.8%	43.7%	13.0%	94.3	3.44	5.04	4.76	4.55	0.8
255	2023	Alex Cobb	SFG	7	7	0	28	28	151.1	7.79	2.20	1.13	.318	76.4%	57.6%	18.3%	95.1	3.87	4.72	4.01	3.51	1.8
256	2024	Mitch Spence	OAK	8	10	0	35	24	151.1	7.49	2.62	1.19	.319	72.7%	48.4%	12.3%		4.58	4.15	4.21	4.12	1.3
257	2024	Ben Lively	CLE	13	10	0	29	29	151.0	7.03	2.92	1.37	.265	78.4%	41.9%	12.2%	90.0	3.81	4.03	4.66	4.57	0.8
258	2024	Mitchell Parker	WSN	7	10	0	29	29	151.0	7.93	2.56	1.07	.302	67.3%	38.0%	9.6%	92.6	4.29	4.37	3.85	4.17	2.5
259	2024	Frankie Montas	2 Tms	7	11	0	30	30	150.2	8.84	3.94	1.43	.282	68.9%	41.6%	14.8%	95.8	4.84	4.67	4.71	4.26	1.2
260	2024	Ranger Suarez	PHI	12	8	0	27	27	150.2	8.66	2.45	0.84	.299	73.9%	51.9%	12.7%	92.0	3.46	3.65	3.37	3.26	3.5
261	2024	Ryne Nelson	ARI	10	6	1	28	25	150.2	7.53	2.03	1.02	.308	71.1%	41.6%	10.0%	95.2	4.24	4.09	3.74	3.98	2.2
262	2026	Sean Manaea	NYM	6	8	0	33	19	150.2	8.60	2.63	1.49	.300	70.1%	38.7%	13.4%	91.4	4.78	4.74	4.54	4.26	1.0
263	2024	Hunter Greene	CIN	9	5	0	26	26	150.1	10.12	3.41	0.72	.237	80.5%	34.0%	6.9%	97.8	2.75	3.05	3.47	4.19	3.6
264	2025	Drew Rasmussen	TBR	10	5	0	31	31	150.0	7.62	2.22	1.08	.246	83.6%	49.3%	12.9%	95.8	2.76	3.48	3.84	3.72	2.5
265	2025	Zack Wheeler	PHI	10	5	0	24	24	149.2	11.73	1.98	1.14	.267	82.4%	39.9%	14.2%	96.0	2.71	2.48	3.00	2.73	4.1
266	2025	Casey Mize	DET	14	6	0	28	28	149.0	8.40	2.17	1.27	.308	76.3%	38.7%	11.4%	94.7	3.87	3.66	3.89	3.97	2.4
267	2026	Tyler Mahle	2 Tms	7	10	0	27	27	149.0	8.28	2.78	1.21	.289	74.2%	44.0%	12.7%	92.8	3.99	3.93	3.99	3.85	2.1
268	2026	Bryce Elder	ATL	8	8	0	26	26	149.0	7.31	2.96	1.45	.266	74.5%	42.9%	14.6%	92.5	4.11	4.14	4.62	4.19	1.2
269	2023	Reid Detmers	LAA	4	10	0	28	28	148.2	10.17	3.63	1.15	.318	71.0%	36.7%	11.7%	94.3	4.48	4.57	4.13	4.27	2.4
270	2026	Payton Tolle	BOS	9	6	0	26	26	148.2	10.35	2.42	0.91	.291	77.7%	37.3%	8.4%	96.2	3.03	2.69	3.04	3.55	4.1
271	2024	Cal Quantrill	COL	8	11	0	29	29	148.1	6.67	4.19	1.40	.300	75.1%	44.4%	14.9%	94.2	4.98	5.33	5.32	4.87	0.5
272	2026	Ranger Suarez	BOS	8	5	0	28	28	148.1	8.49	2.79	0.61	.293	75.1%	41.9%	7.2%	91.6	3.22	3.61	3.16	3.69	3.8
273	2026	David Peterson	2 Tms	9	8	1	32	23	148.1	8.31	3.94	0.91	.321	68.3%	50.1%	11.8%	92.6	4.79	4.75	3.96	3.94	1.7
274	2026	Walbert Ureña	LAA	9	11	0	29	27	148.1	8.62	4.13	0.61	.263	76.3%	55.6%	8.5%	98.0	2.97	3.29	3.62	3.94	2.6
275	2024	Zac Gallen	ARI	14	6	0	28	28	148.0	9.49	3.28	0.79	.305	74.7%	46.2%	9.6%	93.8	3.65	3.94	3.38	3.62	2.9
276	2026	Kumar Rocker	TEX	6	11	0	30	27	148.0	8.39	3.71	1.22	.301	75.0%	43.2%	11.8%	94.7	4.38	4.46	4.31	4.29	1.6
277	2023	Andrew Heaney	TEX	10	6	0	34	28	147.1	9.22	3.67	1.40	.302	76.9%	40.0%	13.2%	92.5	4.15	4.52	4.66	4.58	1.2
278	2024	Javier Assad	CHC	7	6	0	29	29	147.0	7.59	3.86	1.22	.289	80.3%	43.6%	11.8%	91.8	3.73	4.94	4.64	4.61	1.1
279	2024	Matt Waldron	SDP	7	11	0	27	26	146.2	8.16	2.45	1.29	.295	67.2%	38.9%	11.2%	90.8	4.91	4.10	4.26	4.32	1.8
280	2023	Rich Hill	2 Tms	8	14	0	32	27	146.1	7.93	3.57	1.41	.321	66.7%	38.0%	13.4%	88.4	5.41	5.55	4.87	4.77	0.7
281	2023	Seth Lugo	SDP	8	7	0	26	26	146.1	8.61	2.21	1.17	.298	76.8%	45.2%	13.3%	93.7	3.57	4.41	3.83	3.76	2.9
282	2025	Bailey Ober	MIN	6	9	0	27	27	146.1	7.38	1.91	1.85	.295	72.5%	30.0%	12.6%	90.3	5.10	4.34	4.90	4.75	1.1
283	2025	Shane Smith	CHW	7	8	0	29	29	146.1	8.92	3.57	1.05	.260	71.7%	40.5%	10.9%	95.8	3.81	3.98	4.10	4.23	2.1
284	2024	Garrett Crochet	CHW	6	12	0	32	32	146.0	12.88	2.03	1.11	.318	73.6%	45.1%	14.4%	97.3	3.58	2.85	2.69	2.38	4.6
285	2026	Davis Martin	CHW	9	8	0	29	28	146.0	7.52	2.84	0.86	.311	73.5%	43.4%	9.3%	93.8	3.95	4.69	3.83	4.14	2.6
286	2023	Graham Ashcraft	CIN	7	9	0	26	26	145.2	6.86	3.21	1.42	.292	74.2%	47.8%	16.7%		4.76	4.91	5.06	4.57	1.4
287	2024	Nick Pivetta	BOS	6	12	0	27	26	145.2	10.63	2.22	1.73	.279	75.5%	33.5%	15.1%	94.1	4.14	3.44	4.07	3.50	2.0
288	2026	Nathan Eovaldi	TEX	11	10	0	27	23	145.2	8.90	2.16	1.48	.295	75.6%	47.6%	16.9%	94.4	4.20	4.30	4.19	3.52	1.8
289	2026	Dustin May	2 Tms	7	9	0	31	31	145.2	8.90	3.09	0.86	.318	67.6%	41.8%	9.2%	96.9	4.70	4.43	3.63	3.97	2.8
290	2025	Seth Lugo	KCR	8	7	0	26	26	145.1	7.74	3.41	1.67	.266	79.4%	39.0%	15.4%	92.0	4.15	5.17	5.09	4.53	0.6
291	2024	Spencer Arrighetti	HOU	7	13	0	29	28	145.0	10.61	4.03	1.30	.321	72.1%	36.0%	12.8%	94.2	4.53	4.02	4.18	4.01	1.6
292	2025	Lucas Giolito	BOS	10	4	0	26	26	145.0	7.51	3.48	1.06	.273	76.7%	37.8%	9.3%	93.3	3.41	5.01	4.17	4.59	1.9
293	2023	Patrick Sandoval	LAA	7	13	0	28	28	144.2	7.96	4.60	0.75	.306	65.0%	46.6%	9.1%	93.0	4.11	4.67	4.18	4.61	2.3
294	2025	Shota Imanaga	CHC	9	8	0	25	25	144.2	7.28	1.62	1.93	.219	81.5%	29.2%	13.6%	90.8	3.73	4.06	4.86	4.51	0.9
295	2026	Joe Ryan	MIN	7	10	0	27	27	144.2	9.89	1.93	1.31	.297	70.6%	36.5%	11.3%	93.6	3.79	3.71	3.70	3.76	2.5
296	2023	Trevor Williams	WSN	6	10	0	30	30	144.1	6.92	3.30	2.12	.316	73.8%	39.5%	17.0%	89.8	5.55	5.57	5.98	5.21	-0.2
297	2023	Jack Flaherty	2 Tms	8	9	0	29	27	144.1	9.23	4.12	1.06	.356	72.6%	42.7%	12.7%	93.2	4.99	5.05	4.36	4.36	1.8
298	2023	Bailey Ober	MIN	8	6	0	26	26	144.1	9.10	1.81	1.37	.276	79.1%	34.3%	11.3%	91.4	3.43	3.58	3.96	4.20	2.5
299	2023	Nathan Eovaldi	TEX	12	5	0	25	25	144.0	8.25	2.94	0.94	.271	74.5%	51.0%	12.0%	95.3	3.63	3.95	3.88	3.96	2.3
300	2023	Ryne Nelson	ARI	8	8	0	29	27	144.0	6.00	2.88	1.50	.299	69.0%	36.7%	11.5%	94.4	5.31	5.23	5.07	5.30	0.7
301	2023	Nick Pivetta	BOS	10	9	1	38	16	142.2	11.54	3.15	1.45	.268	72.5%	36.4%	15.9%	94.7	4.04	4.00	3.96	3.55	1.9
302	2025	Davis Martin	CHW	7	10	0	26	25	142.2	6.56	3.03	1.26	.274	71.6%	45.4%	12.3%	94.1	4.10	5.11	4.64	4.57	1.2
303	2025	Taj Bradley	2 Tms	6	8	0	27	27	142.2	8.01	3.53	1.20	.281	62.7%	43.5%	11.7%	96.2	5.05	4.09	4.35	4.37	1.7
304	2026	Jeffrey Springs	ATH	4	14	0	29	29	142.2	7.07	3.60	2.21	.278	66.1%	34.3%	17.2%	91.5	6.18	4.94	6.02	4.99	-0.4
305	2023	Zack Greinke	KCR	2	15	0	30	27	142.1	6.13	1.45	1.58	.300	68.7%	43.1%	14.8%	89.7	5.06	5.14	4.74	4.42	1.1
306	2023	Drew Smyly	CHC	11	11	0	41	23	142.1	8.92	3.54	1.64	.305	69.5%	34.8%	14.2%		5.00	4.15	4.96	4.71	0.9
307	2024	Nick Martinez	CIN	10	7	0	42	16	142.1	7.33	1.14	0.82	.275	71.5%	36.9%	7.4%	92.8	3.10	3.22	3.21	3.89	3.3
308	2024	Bailey Falter	PIT	8	9	0	28	28	142.1	6.13	2.85	1.07	.281	69.7%	36.2%	9.2%	91.9	4.43	4.82	4.30	4.71	1.7
309	2023	Tanner Bibee	CLE	10	4	0	25	25	142.0	8.94	2.85	0.82	.286	80.0%	36.8%	8.0%	95.0	2.98	3.71	3.52	4.22	3.0
310	2025	Charlie Morton	3 Tms	9	11	0	33	27	142.0	9.44	4.56	1.46	.326	70.0%	44.3%	16.2%	94.2	5.83	4.65	4.96	4.40	0.4
311	2026	Martín Pérez	ATL	9	9	0	30	26	142.0	6.46	3.93	0.89	.253	79.7%	45.7%	10.0%	90.0	3.04	4.51	4.32	4.53	1.5
312	2023	Martín Pérez	TEX	10	4	0	35	20	141.2	5.91	3.11	1.33	.293	74.3%	45.5%	13.0%	92.1	4.45	4.83	4.99	4.96	0.3
313	2025	Michael Lorenzen	KCR	7	11	0	27	26	141.2	8.07	2.48	1.59	.303	74.2%	39.3%	14.0%	94.1	4.64	4.60	4.59	4.23	1.4
314	2023	Tyler Anderson	LAA	6	6	0	27	25	141.0	7.60	4.09	1.28	.301	67.2%	30.9%	9.6%	90.2	5.43	4.93	4.92	5.52	1.1
315	2023	Ken Waldichuk	OAK	4	9	1	35	22	141.0	8.43	4.53	1.53	.310	69.6%	39.8%	14.1%	93.5	5.36	4.70	5.30	5.08	-0.2
316	2025	Erick Fedde	3 Tms	4	13	0	32	24	141.0	5.30	4.28	1.21	.284	66.7%	40.4%	10.5%	93.3	5.49	5.38	5.20	5.43	-0.2
317	2026	Erick Fedde	CHW	8	9	0	33	15	141.0	6.32	3.32	1.47	.271	78.0%	38.1%	12.8%	94.2	3.83	4.79	5.01	4.82	-0.1
318	2026	Randy Vásquez	SDP	10	6	0	32	23	140.2	5.57	2.37	1.02	.283	73.5%	39.3%	8.4%	95.0	3.90	5.55	4.24	4.80	1.4
319	2024	Gavin Stone	LAD	11	5	0	25	25	140.1	7.44	2.37	1.15	.283	79.7%	44.2%	11.6%	95.0	3.53	3.97	4.01	4.02	2.1
320	2026	Kyle Leahy	STL	10	5	0	30	30	140.0	8.49	2.64	0.96	.328	78.5%	45.1%	11.2%	94.4	3.66	4.87	3.59	3.65	2.6
321	2026	Justin Wrobleski	LAD	12	5	0	28	22	140.0	7.59	1.99	1.35	.268	78.2%	41.5%	12.3%	94.7	3.66	4.52	4.14	4.03	1.9
322	2023	Austin Gomber	COL	9	9	0	27	27	139.0	5.63	2.78	1.68	.311	70.3%	41.6%	14.9%	90.8	5.50	5.77	5.43	5.08	0.9
323	2026	Emerson Hancock	SEA	7	8	0	25	25	138.2	8.18	2.08	1.30	.278	79.6%	43.3%	12.3%	95.4	3.57	4.01	4.00	3.90	1.7
324	2025	Noah Cameron	KCR	9	7	0	24	24	138.1	7.42	2.80	1.17	.241	84.0%	41.4%	12.4%	92.4	2.99	4.08	4.18	4.10	1.9
325	2026	J.T. Ginn	ATH	9	8	0	27	24	138.1	7.87	3.71	1.11	.258	74.9%	45.5%	12.2%	93.7	3.71	4.12	4.38	4.30	1.7
326	2024	Tobias Myers	MIL	9	6	0	27	25	138.0	8.28	2.35	1.17	.282	81.1%	37.6%	11.3%	92.9	3.00	4.12	3.91	3.97	2.1
327	2024	Taj Bradley	TBR	8	11	0	25	25	138.0	10.04	3.07	1.43	.284	73.7%	42.0%	15.1%	96.3	4.11	4.15	4.09	3.62	1.5
328	2024	Andrew Abbott	CIN	10	10	0	25	25	138.0	7.43	3.39	1.63	.260	82.9%	33.7%	12.3%	92.9	3.72	3.97	5.04	4.91	0.9
329	2025	Edward Cabrera	MIA	8	7	0	26	26	137.2	9.81	3.14	1.11	.292	76.7%	46.6%	13.6%	97.0	3.53	4.05	3.83	3.62	2.0
330	2026	Ryan Weathers	NYY	5	8	0	25	25	137.1	9.37	2.49	1.18	.306	75.4%	48.7%	14.9%	95.9	3.60	4.33	3.62	3.24	2.5
331	2023	Kyle Hendricks	CHC	6	8	0	24	24	137.0	6.11	1.77	0.85	.283	67.0%	46.3%	8.5%	87.8	3.74	4.14	3.81	4.42	2.7
332	2026	Colin Rea	CHC	8	8	2	34	19	137.0	6.64	3.09	1.38	.277	75.8%	43.1%	12.4%	93.9	4.34	5.35	4.80	4.68	0.4
333	2023	Marcus Stroman	CHC	10	9	0	27	25	136.2	7.84	3.42	0.59	.283	65.9%	57.1%	10.2%	92.2	3.95	4.28	3.58	3.79	2.7
334	2023	Yu Darvish	SDP	8	10	0	24	24	136.1	9.31	2.84	1.19	.319	71.3%	41.6%	13.5%	94.8	4.56	3.80	4.03	3.92	2.4
335	2023	J.P. France	HOU	11	6	0	24	23	136.1	6.67	3.10	1.25	.289	76.7%	42.8%	11.8%	93.0	3.83	4.96	4.66	4.80	1.3
336	2023	MacKenzie Gore	WSN	7	10	0	27	27	136.1	9.97	3.76	1.78	.309	78.5%	38.8%	18.2%	95.1	4.42	5.19	4.89	4.11	1.2
337	2025	Tyler Anderson	LAA	2	8	0	26	26	136.1	6.87	3.76	1.85	.263	78.3%	29.3%	12.8%	89.4	4.56	5.06	5.60	5.41	-0.1
338	2026	Brandon Pfaadt	ARI	8	3	0	29	19	136.0	6.22	2.12	0.93	.276	71.9%	45.1%	9.0%	93.1	3.77	3.90	3.89	4.28	2.2
339	2024	Reynaldo López	ATL	8	5	0	26	25	135.2	9.82	2.79	0.66	.287	87.0%	39.4%	7.5%	95.7	1.99	3.91	2.92	3.44	3.6
340	2024	Luis Ortiz	PIT	7	6	1	37	15	135.2	7.10	2.79	1.06	.243	75.6%	39.7%	9.5%	95.9	3.32	4.33	4.25	4.59	1.0
341	2025	JP Sears	2 Tms	9	11	0	27	27	135.2	7.76	2.39	1.99	.287	74.1%	29.3%	14.1%	92.3	5.04	4.23	5.21	4.76	0.7
342	2026	Kyle Freeland	COL	4	12	0	26	26	135.1	7.18	1.93	1.93	.336	63.2%	40.5%	15.9%	91.3	6.65	5.55	5.09	4.33	0.8
343	2024	Martín Pérez	2 Tms	5	6	0	26	26	135.0	7.13	3.27	1.47	.317	76.9%	44.4%	14.5%	91.5	4.53	5.46	4.90	4.48	0.5
344	2024	Joe Ryan	MIN	7	7	0	23	23	135.0	9.80	1.53	1.27	.265	70.9%	35.7%	11.7%	94.0	3.60	2.89	3.44	3.44	3.1
345	2024	Justin Steele	CHC	5	5	0	24	24	134.2	9.02	2.47	0.80	.270	72.5%	44.8%	8.7%		3.07	2.81	3.23	3.62	3.0
346	2023	Michael Wacha	SDP	14	4	0	24	24	134.1	8.31	2.88	1.00	.266	79.7%	34.5%	9.1%	92.3	3.22	4.27	3.89	4.47	2.6
347	2025	Sean Burke	CHW	4	11	0	28	22	134.1	8.91	4.22	1.54	.291	73.9%	35.2%	13.1%	94.6	4.22	4.93	4.92	4.70	0.6
348	2024	Tyler Glasnow	LAD	9	6	0	22	22	134.0	11.28	2.35	1.01	.253	69.8%	48.6%	13.6%	96.4	3.49	2.65	2.90	2.68	3.9
349	2024	Albert Suárez	BAL	9	7	0	32	24	133.2	7.27	2.90	1.14	.287	78.8%	33.9%	9.9%	94.8	3.70	4.08	4.24	4.53	1.5
350	2024	Simeon Woods Richardson	MIN	5	5	0	28	28	133.2	7.88	3.23	1.08	.283	73.6%	35.3%	9.1%	93.0	4.17	4.05	4.12	4.55	1.8
351	2025	Randy Vásquez	SDP	6	7	0	28	26	133.2	5.25	3.50	1.08	.261	77.4%	40.1%	8.3%	93.5	3.84	5.37	4.85	5.51	0.8
352	2026	Rhett Lowder	CIN	7	12	0	29	26	133.1	6.95	3.78	1.22	.307	65.8%	40.8%	10.7%	93.7	5.74	5.43	4.71	4.86	1.3
353	2024	Paul Skenes	PIT	11	3	0	23	23	133.0	11.50	2.17	0.68	.284	85.6%	51.3%	10.6%	98.9	1.96	2.50	2.44	2.54	4.3
354	2026	Ian Seymour	TBR	9	7	2	47	16	132.2	10.72	2.44	1.70	.272	73.3%	33.2%	15.2%	91.5	4.21	3.55	4.10	3.52	1.5
355	2025	Dustin May	2 Tms	7	11	0	25	23	132.1	8.37	3.81	1.43	.298	71.5%	42.2%	14.3%	95.5	4.96	5.18	4.88	4.53	0.7
356	2023	Shohei Ohtani	LAA	10	5	0	23	23	132.0	11.39	3.75	1.23	.239	80.3%	45.5%	16.7%	96.7	3.14	3.75	4.00	3.58	2.3
357	2025	Slade Cecconi	CLE	7	7	0	23	23	132.0	7.43	2.18	1.64	.268	74.4%	41.3%	15.5%	94.3	4.30	5.00	4.64	4.09	0.7
358	2023	Clayton Kershaw	LAD	13	5	0	24	24	131.2	9.36	2.73	1.30	.250	89.3%	47.5%	16.8%	90.9	2.46	3.71	4.03	3.57	2.4
359	2025	Jose Quintana	MIL	11	7	0	24	24	131.2	6.08	3.42	1.23	.259	73.4%	43.3%	11.2%	90.3	3.96	5.19	4.81	4.92	0.8
360	2023	Mike Clevinger	CHW	9	9	0	24	24	131.1	7.54	2.74	1.10	.281	77.2%	30.9%	8.2%	94.6	3.77	4.11	4.28	5.15	2.2
361	2023	Bryce Miller	SEA	8	7	0	25	25	131.1	8.15	1.78	1.23	.289	70.6%	33.5%	10.7%	95.1	4.32	4.84	3.98	4.31	1.8
362	2026	Casey Mize	2 Tms	6	10	0	26	26	131.1	7.54	2.60	1.23	.276	68.4%	33.0%	9.5%	93.4	4.32	3.86	4.14	4.55	2.3
363	2025	Logan Gilbert	SEA	6	6	0	25	25	131.0	11.89	2.13	1.37	.276	78.1%	38.9%	14.8%	95.5	3.44	3.08	3.35	2.95	2.6
364	2026	Bailey Ober	MIN	7	7	1	25	24	131.0	6.60	2.54	1.44	.277	72.2%	34.8%	10.4%	88.3	4.47	4.66	4.61	4.86	1.3
365	2024	Kyle Hendricks	CHC	4	12	0	29	24	130.2	5.99	2.96	1.45	.305	64.2%	44.5%	14.3%	88.0	5.92	4.77	4.98	4.59	0.4
366	2025	Brad Lord	WSN	5	10	0	48	19	130.2	7.44	2.96	1.17	.291	72.2%	48.6%	14.2%	94.8	4.34	4.73	4.23	3.95	1.3
367	2026	Luis Castillo	2 Tms	4	11	0	29	23	130.2	7.71	3.03	1.72	.312	64.1%	35.3%	13.7%	95.2	5.85	5.02	5.04	4.67	0.3
368	2024	Michael Lorenzen	2 Tms	7	6	0	26	24	130.1	6.70	4.14	1.17	.236	82.4%	41.8%	11.3%	94.0	3.31	4.57	4.89	4.95	0.7
369	2026	Zebby Matthews	MIN	9	11	0	23	23	130.1	8.01	2.69	1.66	.279	68.5%	43.0%	16.6%	95.2	4.90	4.38	4.70	3.99	0.7
370	2024	Ryan Pepiot	TBR	8	8	0	26	26	130.0	9.83	3.32	1.18	.262	74.3%	35.3%	11.0%	95.0	3.60	3.60	3.95	4.05	1.9
371	2025	Nathan Eovaldi	TEX	11	3	0	22	22	130.0	8.93	1.45	0.69	.243	86.5%	50.3%	9.6%	94.4	1.73	3.02	2.80	3.03	3.7
372	2025	Antonio Senzatela	COL	4	15	0	30	23	130.0	5.05	3.25	1.52	.363	66.6%	45.6%	13.7%	95.1	6.65	6.97	5.48	5.19	-0.2
373	2024	Dean Kremer	BAL	8	10	0	24	24	129.2	8.54	3.54	1.25	.257	66.3%	41.7%	11.5%	93.6	4.10	4.52	4.32	4.34	1.5
374	2025	Jameson Taillon	CHC	11	7	0	23	23	129.2	6.80	1.87	1.67	.232	80.3%	33.8%	13.6%	92.3	3.68	3.84	4.65	4.34	1.1
375	2023	Michael Kopech	CHW	5	12	0	30	27	129.1	9.32	6.33	2.02	.264	77.7%	35.5%	17.4%	95.4	5.43	5.75	6.46	5.68	-1.0
376	2023	Kutter Crawford	BOS	6	8	0	31	23	129.1	9.39	2.51	1.18	.269	71.7%	34.9%	9.9%	93.8	4.04	3.28	3.83	4.32	2.4
377	2024	Alec Marsh	KCR	9	9	0	26	25	129.0	8.58	2.72	1.33	.292	70.4%	37.7%	12.4%	94.3	4.53	4.92	4.34	4.22	1.5
378	2023	Shane Bieber	CLE	6	6	0	21	21	128.0	7.52	2.39	0.98	.293	74.3%	47.2%	12.0%	91.6	3.80	4.89	3.87	3.96	2.1
379	2024	Joey Estes	OAK	7	9	0	25	24	127.2	6.49	1.90	1.62	.274	69.7%	24.6%	10.1%	92.6	5.01	4.43	4.94	5.29	0.7
380	2026	Michael Lorenzen	2 Tms	3	13	1	32	25	127.1	6.36	3.82	1.63	.365	62.2%	44.3%	14.6%	94.1	7.21	6.14	5.45	4.96	0.2
381	2023	Griffin Canning	LAA	7	8	0	24	22	127.0	9.85	2.55	1.56	.296	76.2%	42.7%	16.1%	94.6	4.32	4.12	4.29	3.82	1.8
382	2026	Gerrit Cole	NYY	10	9	0	22	22	127.0	9.28	1.77	1.56	.274	80.9%	34.3%	13.1%	96.7	3.61	3.77	3.93	3.67	2.1
383	2026	Matthew Boyd	CHC	10	5	0	22	22	126.2	6.82	2.77	1.07	.273	72.7%	42.2%	10.9%	92.9	3.91	4.65	4.21	4.32	1.6
384	2026	Tyler Phillips	MIA	5	6	2	37	20	126.2	7.18	3.98	1.21	.263	82.2%	47.2%	13.3%	96.1	3.34	4.70	4.65	4.43	0.5
385	2026	Andrew Painter	PHI	3	10	0	25	23	126.2	8.17	3.34	1.49	.305	69.9%	42.5%	14.4%	96.6	5.40	4.40	4.67	4.26	1.1
386	2023	Tylor Megill	NYM	9	8	0	25	25	126.1	7.48	4.13	1.28	.324	71.7%	43.9%	13.0%	95.2	4.70	5.83	4.96	4.92	0.6
387	2025	Germán Márquez	COL	3	16	0	26	26	126.1	5.91	3.42	1.64	.336	61.1%	37.1%	12.5%	94.9	6.70	5.77	5.47	5.35	0.2
388	2025	Walker Buehler	2 Tms	10	7	0	26	24	126.0	6.57	4.36	1.57	.285	75.4%	42.7%	15.8%	94.1	4.93	5.39	5.66	5.09	-0.4
389	2025	George Kirby	SEA	10	8	0	23	23	126.0	9.79	2.07	1.07	.315	71.3%	44.1%	12.8%	96.1	4.21	3.88	3.37	3.25	2.4
390	2025	Chris Sale	ATL	7	5	0	21	20	125.2	11.82	2.29	0.79	.313	82.6%	39.0%	9.3%	94.9	2.58	2.85	2.67	2.98	3.6
391	2026	Connor Prielipp	MIN	6	7	0	24	22	125.2	9.17	3.15	1.00	.304	62.2%	42.4%	10.1%	95.6	4.87	3.95	3.73	3.94	2.0
392	2023	Logan Allen	CLE	7	8	0	24	24	125.1	8.55	3.45	1.15	.314	78.8%	42.7%	12.0%	91.6	3.81	4.47	4.19	4.28	1.7
393	2025	Bailey Falter	2 Tms	7	7	0	26	24	125.1	5.82	3.30	1.36	.259	69.4%	35.5%	11.3%	92.3	4.45	4.89	4.94	5.03	0.6
394	2025	Spencer Strider	ATL	7	14	0	23	23	125.1	9.41	3.66	1.44	.316	77.4%	36.2%	13.8%	95.4	4.45	4.91	4.53	4.24	1.0
395	2023	Ranger Suarez	PHI	4	6	0	22	22	125.0	8.57	3.46	0.94	.324	74.6%	48.5%	11.5%	93.4	4.18	4.38	3.90	4.05	2.4
396	2025	Adrian Houser	2 Tms	8	5	0	21	21	125.0	6.62	2.74	0.72	.303	77.3%	48.9%	8.1%	95.3	3.31	4.04	3.81	4.30	2.2
397	2023	Colin Rea	MIL	6	6	0	26	22	124.2	7.94	2.74	1.66	.254	72.6%	43.8%	16.9%	93.1	4.55	4.42	4.90	4.30	0.8
398	2026	Shane Drohan	MIL	7	5	2	33	19	124.2	9.02	3.18	1.01	.315	71.1%	39.7%	10.1%	94.7	4.19	3.81	3.73	3.96	2.0
399	2023	Bobby Miller	LAD	11	4	0	22	22	124.1	8.61	2.32	0.87	.277	71.3%	47.7%	10.7%	99.1	3.76	3.44	3.51	3.75	2.9
400	2024	Trevor Rogers	2 Tms	2	11	0	25	25	124.1	7.02	4.05	1.01	.322	69.8%	46.3%	10.4%	92.1	4.92	5.10	4.52	4.70	0.9
401	2024	Kyle Harrison	SFG	7	7	0	24	24	124.1	8.54	3.04	1.30	.308	73.3%	40.9%	12.3%	92.9	4.56	4.83	4.33	4.23	0.8
402	2024	Jonathan Cannon	CHW	5	10	1	23	21	124.1	6.59	2.90	1.30	.290	72.3%	38.1%	11.8%	94.4	4.49	4.44	4.65	4.62	1.0
403	2026	Zack Littell	2 Tms	8	8	0	26	14	124.1	5.28	2.82	2.17	.268	71.3%	34.4%	15.6%	91.7	5.21	6.61	6.08	5.27	-0.9
404	2023	Luke Weaver	3 Tms	3	6	0	29	25	123.2	7.93	2.91	2.11	.331	68.8%	35.5%	18.1%	94.1	6.40	5.58	5.61	4.70	0.4
405	2024	Spencer Schwellenbach	ATL	8	7	0	21	21	123.2	9.24	1.67	1.02	.279	74.5%	41.6%	11.2%	96.2	3.35	3.43	3.29	3.34	2.7
406	2025	Taijuan Walker	PHI	5	8	1	34	21	123.2	6.26	3.06	1.53	.288	78.1%	44.8%	14.0%	92.2	4.08	4.57	5.07	4.73	0.6
407	2026	Janson Junk	MIA	6	9	0	26	25	123.2	6.48	2.40	1.09	.293	70.6%	42.5%	9.5%	94.2	4.22	4.19	4.14	4.49	2.0
408	2026	Ryan Feltner	COL	7	10	0	26	22	123.1	6.71	3.87	1.46	.297	66.3%	42.3%	12.3%	94.8	5.40	4.88	5.05	4.93	0.8
409	2026	Jacob Lopez	ATH	7	5	0	27	24	123.1	8.17	4.23	1.68	.291	70.6%	31.3%	11.7%	90.6	5.47	3.63	5.22	5.19	0.8
410	2026	Carmen Mlodzinski	PIT	8	7	2	37	12	123.0	7.10	3.22	0.73	.301	69.8%	42.6%	7.2%	95.1	3.95	4.89	3.75	4.40	1.6
411	2023	Aaron Civale	2 Tms	7	5	0	23	23	122.1	8.53	2.43	0.88	.287	76.8%	39.0%	9.0%	91.9	3.46	3.73	3.57	4.10	2.6
412	2025	Andrew Heaney	2 Tms	5	10	0	27	23	122.1	6.33	2.94	1.84	.277	70.6%	36.7%	15.7%	90.2	5.52	5.65	5.59	4.93	-0.3
413	2026	Roki Sasaki	LAD	5	5	0	26	23	122.1	9.05	3.53	1.62	.281	76.2%	42.2%	16.7%	97.9	4.49	4.30	4.73	4.02	1.1
414	2023	Grayson Rodriguez	BAL	7	4	0	23	23	122.0	9.52	3.10	1.18	.322	72.2%	47.2%	13.9%	97.4	4.35	4.24	3.93	3.78	1.9
415	2024	Jared Jones	PIT	6	8	0	22	22	121.2	9.76	2.88	1.33	.284	72.1%	38.7%	13.1%	97.4	4.14	3.98	4.00	3.78	1.8
416	2024	Andre Pallante	STL	8	8	0	29	20	121.1	6.97	3.56	0.59	.286	70.6%	61.8%	9.6%	94.7	3.78	3.52	3.71	3.89	1.8
417	2024	Bryan Woo	SEA	9	3	0	22	22	121.1	7.49	0.96	1.04	.240	76.8%	40.6%	9.4%	95.0	2.89	2.77	3.40	3.75	2.3
418	2023	Jake Irvin	WSN	3	7	0	24	24	121.0	7.36	4.02	1.49	.281	75.0%	42.8%	13.8%	94.5	4.61	5.10	5.30	5.14	0.7
419	2024	David Peterson	NYM	10	3	0	21	21	121.0	7.51	3.42	0.60	.293	78.4%	50.1%	7.8%	93.2	2.90	4.59	3.67	4.10	1.9
420	2026	Slade Cecconi	CLE	5	7	0	28	21	121.0	7.36	2.90	1.41	.313	69.6%	43.1%	13.2%	93.6	4.91	4.76	4.55	4.30	0.7
421	2026	Jack Perkins	ATH	3	13	3	37	17	121.0	10.41	3.79	1.71	.322	63.1%	36.5%	16.0%	95.9	6.10	4.09	4.77	4.10	0.8
422	2023	Wade Miley	MIL	9	4	0	23	23	120.1	5.91	2.84	1.20	.234	81.6%	46.3%	11.7%	90.5	3.14	4.30	4.69	4.85	1.0
423	2023	Tyler Glasnow	TBR	10	7	0	21	21	120.0	12.15	2.78	0.98	.294	70.0%	51.2%	14.4%	96.5	3.53	3.55	2.91	2.75	3.2
424	2025	Chad Patrick	MIL	3	8	0	27	23	119.2	9.55	3.01	0.98	.313	77.8%	31.4%	9.0%	94.2	3.53	3.88	3.53	3.98	2.5
425	2023	Tyler Wells	BAL	7	6	1	25	20	118.2	8.87	2.58	1.90	.200	82.6%	32.3%	14.6%	92.7	3.64	3.93	4.98	4.63	0.7
426	2026	Bryce Miller	SEA	4	10	0	22	21	118.2	9.03	2.88	1.59	.259	72.3%	37.5%	14.6%	95.9	4.17	3.70	4.41	3.94	0.9
427	2025	Cade Horton	CHC	11	4	0	23	22	118.0	7.40	2.52	0.76	.258	78.3%	42.3%	7.3%	95.5	2.67	3.88	3.58	4.27	2.2
428	2026	Shane McClanahan	TBR	10	7	0	24	24	118.0	8.08	2.97	0.76	.253	68.9%	44.2%	7.9%	95.7	3.36	4.28	3.50	4.02	2.4
429	2023	Sean Manaea	SFG	7	6	1	37	10	117.2	9.79	3.21	1.07	.293	64.0%	40.9%	11.9%	93.6	4.44	4.12	3.90	4.01	1.2
430	2025	Cal Quantrill	2 Tms	4	12	0	26	26	117.2	6.50	2.68	1.68	.311	65.4%	33.9%	13.3%	93.6	6.04	5.76	5.14	4.89	0.4
431	2023	Julio Urías	LAD	11	8	0	21	21	117.1	8.97	1.84	1.84	.283	74.7%	37.1%	16.1%	92.9	4.60	4.21	4.69	4.13	1.3
432	2024	Lance Lynn	STL	7	4	0	23	23	117.1	8.36	3.38	1.23	.287	70.0%	36.3%	11.1%	92.5	3.84	4.87	4.31	4.39	1.3
433	2023	Brandon Williamson	CIN	5	5	0	23	23	117.0	7.54	3.00	1.38	.278	70.2%	37.4%	12.2%	92.8	4.46	4.76	4.63	4.72	1.8
434	2024	Jordan Montgomery	ARI	8	7	1	25	21	117.0	6.38	3.38	1.08	.347	63.9%	42.3%	10.4%	92.1	6.23	5.17	4.48	4.67	0.7
435	2024	Grayson Rodriguez	BAL	13	4	0	20	20	116.2	10.03	2.78	1.16	.308	76.0%	40.6%	12.3%	96.3	3.86	3.73	3.66	3.57	2.0
436	2025	Kris Bubic	KCR	8	7	0	20	20	116.1	8.97	3.02	0.46	.295	77.5%	47.2%	5.7%	92.4	2.55	3.17	2.89	3.63	3.4
437	2026	Brayan Bello	BOS	6	7	1	26	11	116.1	7.12	2.79	0.93	.312	70.4%	52.6%	12.4%	95.8	4.33	4.88	3.97	3.89	1.0
438	2026	Miles Mikolas	WSN	3	9	0	25	11	116.0	4.50	1.78	2.09	.284	66.0%	43.8%	17.6%	93.3	5.82	5.47	5.77	4.74	-0.9
439	2026	Michael Soroka	ARI	9	5	0	22	21	116.0	8.84	2.25	0.78	.278	73.9%	35.9%	8.0%	93.6	3.41	4.10	3.19	3.69	2.7
440	2026	Mitch Keller	PIT	6	8	0	22	22	115.2	6.93	3.27	1.17	.292	64.4%	37.3%	11.2%	93.4	5.29	5.50	4.54	4.61	1.0
441	2026	Kyle Harrison	MIL	11	5	0	28	24	115.2	10.97	2.80	1.56	.332	74.8%	36.0%	16.4%	94.7	4.20	3.99	4.03	3.37	1.7
442	2024	Nick Lodolo	CIN	9	6	0	21	21	115.1	9.52	2.89	1.01	.290	68.2%	44.7%	11.6%	94.3	4.76	3.67	3.95	3.95	1.9
443	2023	Shane McClanahan	TBR	11	2	0	21	21	115.0	9.47	3.21	1.17	.274	81.7%	43.6%	13.3%	97.0	3.29	4.08	3.92	3.84	1.9
444	2025	Grant Holmes	ATL	4	9	0	22	21	115.0	9.63	4.23	1.25	.288	78.6%	45.4%	14.8%	94.5	3.99	4.54	4.40	4.04	0.9
445	2026	Troy Melton	DET	8	5	0	20	20	114.1	7.40	2.91	1.02	.248	80.6%	42.9%	10.6%	96.4	2.76	3.84	4.09	4.24	1.6
446	2024	Kyle Freeland	COL	5	8	0	21	21	113.1	6.75	2.06	1.75	.315	67.6%	40.2%	14.7%	91.6	5.24	4.98	4.90	4.38	0.9
447	2025	Kodai Senga	NYM	7	6	0	22	22	113.1	8.66	4.37	0.95	.271	79.9%	46.6%	10.2%	94.8	3.02	3.96	4.12	4.35	1.4
448	2026	Jake Bennett	BOS	9	7	0	20	19	113.1	7.23	1.67	0.95	.280	72.8%	41.5%	9.5%	92.9	3.65	3.42	3.51	3.81	2.3
449	2024	José Soriano	LAA	6	7	0	22	20	113.0	7.73	3.58	0.64	.269	71.0%	59.7%	11.4%	99.1	3.42	4.13	3.80	3.82	1.5
450	2025	Clayton Kershaw	LAD	11	2	0	23	22	112.2	6.71	2.80	0.64	.281	72.8%	47.5%	7.1%	88.8	3.36	3.80	3.55	4.18	2.5
451	2025	Stephen Kolek	2 Tms	5	7	0	19	19	112.2	6.15	2.48	0.72	.264	70.5%	51.4%	8.9%	94.2	3.51	4.30	3.82	4.16	1.7
452	2026	Max Fried	NYY	5	5	0	20	20	112.2	8.31	2.64	0.32	.258	72.9%	49.1%	3.8%	94.9	2.80	2.52	2.65	3.59	3.5
453	2026	Andrew Alvarez	WSN	2	6	1	25	17	112.2	9.11	4.07	0.56	.295	76.1%	49.8%	8.1%	92.2	3.43	4.19	3.32	3.67	2.5
454	2024	Kenta Maeda	DET	3	7	0	29	17	112.1	7.69	2.48	1.76	.308	61.9%	36.4%	14.2%	90.9	6.09	4.36	4.96	4.51	0.1
455	2024	Reese Olson	DET	4	8	0	22	22	112.1	8.09	2.64	0.56	.291	67.6%	50.6%	6.9%	94.3	3.53	3.63	3.17	3.72	2.5
456	2025	Cade Povich	BAL	3	8	0	22	20	112.1	9.45	3.45	1.36	.350	68.2%	40.7%	13.4%	92.2	5.21	5.44	4.18	3.95	1.4
457	2026	Griffin Jax	TBR	8	10	0	34	23	112.1	9.29	2.80	1.20	.282	69.0%	46.0%	14.6%	96.1	3.53	4.27	3.76	3.41	1.6
458	2026	Emmet Sheehan	LAD	5	8	0	23	22	112.1	10.58	2.64	1.68	.281	74.1%	35.0%	15.0%	94.4	4.57	3.56	4.28	3.73	1.6
459	2023	Hunter Greene	CIN	4	7	0	22	22	112.0	12.21	3.86	1.53	.339	72.6%	34.4%	14.3%	98.6	4.82	3.81	4.25	4.00	1.9
460	2023	Adrian Houser	MIL	8	5	0	23	21	111.1	7.76	2.75	1.05	.320	72.6%	46.7%	10.6%	93.4	4.12	4.24	3.99	4.30	1.7
461	2025	Simeon Woods Richardson	MIN	7	4	0	23	22	111.1	8.65	3.72	1.37	.265	75.9%	32.5%	10.8%	93.2	4.04	3.79	4.52	4.71	1.1
462	2026	Aaron Civale	2 Tms	6	8	2	34	15	111.1	7.36	2.83	1.46	.311	78.7%	30.9%	11.0%	91.8	4.20	4.33	4.65	4.75	0.8
463	2023	David Peterson	NYM	3	8	0	27	21	111.0	10.38	4.05	1.30	.370	73.6%	54.6%	21.1%	92.9	5.03	4.92	4.34	3.59	1.1
464	2024	Cole Irvin	2 Tms	6	6	1	29	16	111.0	6.32	2.35	1.46	.316	67.7%	38.9%	11.8%	91.9	5.11	5.70	4.82	4.78	0.4
465	2025	Jack Kochanowicz	LAA	3	11	0	23	23	111.0	5.84	4.70	1.70	.325	65.3%	51.9%	18.4%	95.6	6.81	5.89	6.05	5.18	-0.7
466	2026	Max Meyer	MIA	9	1	0	20	20	111.0	9.81	3.32	0.89	.262	79.9%	41.2%	9.8%	95.1	2.68	3.88	3.51	3.74	2.3
467	2025	Spencer Schwellenbach	ATL	7	4	0	17	17	110.2	8.78	1.46	1.06	.259	71.6%	46.9%	14.1%	97.0	3.09	3.56	3.25	3.01	2.4
468	2026	Spencer Arrighetti	2 Tms	9	9	0	24	19	110.2	8.62	5.20	1.46	.246	70.7%	36.2%	13.1%	92.4	4.96	5.27	5.44	5.20	-0.2
469	2023	Nick Martinez	SDP	6	4	1	63	9	110.1	8.65	3.26	0.98	.290	77.5%	53.8%	14.0%	93.5	3.43	3.99	3.92	3.79	1.4
470	2025	Janson Junk	MIA	6	4	1	21	16	110.0	6.30	1.06	0.65	.301	63.7%	40.6%	6.0%	93.6	4.17	4.44	3.14	4.06	2.5
471	2026	Cal Quantrill	TEX	9	5	0	32	15	110.0	6.63	2.05	1.06	.239	77.6%	39.5%	9.2%	93.9	2.86	3.86	4.01	4.41	1.5
472	2026	Christian Scott	NYM	4	5	0	23	23	110.0	10.96	3.85	0.98	.298	76.4%	32.1%	9.7%	95.5	3.85	3.70	3.61	3.89	2.1
473	2023	Luis Medina	OAK	3	10	0	23	17	109.2	8.70	4.68	1.15	.306	65.4%	43.8%	12.6%	96.1	5.42	4.79	4.76	4.77	0.4
474	2024	Jordan Hicks	SFG	4	7	1	29	20	109.2	7.88	3.86	0.98	.315	75.4%	50.9%	11.9%	95.9	4.10	4.73	4.37	4.34	0.5
475	2025	Trevor Rogers	BAL	9	3	0	18	18	109.2	8.45	2.38	0.49	.226	84.2%	46.0%	5.5%	92.9	1.81	3.40	2.82	3.64	3.3
476	2026	Adrian Houser	SFG	4	7	0	26	16	109.2	6.16	2.79	1.23	.275	73.8%	43.3%	11.6%	95.7	4.02	4.95	4.55	4.55	0.4
477	2023	Javier Assad	CHC	5	3	0	32	10	109.1	7.74	3.38	1.07	.268	83.3%	46.9%	12.3%	93.2	3.05	4.62	4.29	4.35	0.9
478	2023	Andrew Abbott	CIN	8	6	0	21	21	109.1	9.88	3.62	1.32	.302	79.9%	28.6%	10.7%	92.6	3.87	3.93	4.20	4.56	2.1
479	2026	Robert Gasser	MIL	5	5	0	21	20	109.1	8.48	2.88	1.23	.267	76.5%	32.7%	10.9%	92.7	3.87	4.27	4.23	4.34	1.5
480	2024	José Ureña	TEX	5	8	1	33	9	109.0	5.78	3.22	1.07	.273	74.7%	50.1%	11.7%	96.6	3.80	4.40	4.62	4.61	0.0
481	2023	Domingo Germán	NYY	5	7	0	20	19	108.2	9.44	2.82	1.66	.233	65.3%	39.4%	17.1%	92.4	4.56	4.31	4.65	4.04	0.9
482	2026	Nick Lodolo	CIN	3	6	0	21	21	108.2	6.87	3.81	1.66	.297	78.7%	41.5%	17.1%	93.8	4.97	6.47	5.71	4.94	-0.1
483	2026	Eric Lauer	2 Tms	8	7	0	22	18	108.1	5.98	2.91	2.16	.247	75.0%	30.9%	14.4%	91.0	5.23	5.03	6.00	5.40	-0.5
484	2026	Drew Anderson	DET	5	7	2	49	11	108.0	9.50	3.58	1.33	.282	78.8%	48.4%	15.4%	95.5	3.67	3.92	4.28	3.80	0.7
485	2024	Tyler Alexander	TBR	6	5	0	23	9	107.2	7.52	2.01	1.92	.278	73.0%	31.2%	13.9%	89.8	5.10	4.65	5.08	4.63	-0.6
486	2025	Hunter Greene	CIN	7	4	0	19	19	107.2	11.03	2.17	1.25	.245	82.9%	32.9%	11.9%	99.4	2.76	3.03	3.27	3.27	2.8
487	2026	Hunter Brown	HOU	6	4	0	20	20	107.1	10.40	4.61	0.92	.272	78.7%	57.0%	14.1%	96.2	3.19	3.31	3.77	3.54	1.9
488	2025	Landen Roupp	SFG	7	7	0	22	22	106.2	8.61	3.80	0.93	.324	72.8%	45.2%	10.4%	93.0	3.80	4.25	3.91	4.10	1.1
489	2026	Jake Irvin	WSN	2	10	0	22	20	106.2	9.28	4.05	1.69	.283	67.4%	38.2%	15.3%	93.3	5.48	5.35	5.08	4.50	0.5
490	2025	Ben Brown	CHC	5	8	1	25	15	106.1	10.24	2.71	1.52	.347	63.7%	42.4%	15.5%	95.9	5.92	4.53	4.08	3.56	1.1
491	2023	Tanner Houck	BOS	6	10	0	21	21	106.0	8.41	3.48	1.19	.297	68.5%	53.0%	16.1%	94.1	5.01	4.17	4.43	4.07	1.2
492	2026	Chad Patrick	MIL	9	4	6	57	6	106.0	7.90	3.99	0.93	.256	79.6%	38.5%	8.6%	95.5	3.40	4.30	4.17	4.64	0.7
493	2023	Joey Wentz	DET	3	13	0	25	19	105.2	8.35	4.00	2.13	.329	63.6%	37.3%	16.3%	93.5	6.90	5.72	5.81	5.13	-0.5
494	2026	Zac Gallen	ARI	3	9	0	22	20	105.1	5.47	2.99	1.62	.311	63.4%	43.3%	14.2%	93.4	6.07	6.62	5.34	4.92	-0.1
495	2023	Steven Matz	STL	4	7	0	25	17	105.0	8.40	2.74	0.94	.318	74.5%	44.6%	11.0%		3.86	3.92	3.75	3.96	2.0
496	2023	Michael King	NYY	4	8	6	49	9	104.2	10.92	2.75	0.86	.304	81.1%	42.8%	10.6%	94.8	2.75	3.49	3.13	3.37	2.2
497	2023	Taj Bradley	TBR	5	8	0	23	21	104.2	11.09	3.35	1.98	.310	67.7%	36.6%	19.2%	96.2	5.59	4.41	4.79	3.83	0.8
498	2024	Bryse Wilson	MIL	5	4	0	34	9	104.2	7.05	2.67	1.72	.269	80.7%	37.8%	14.4%	93.6	4.04	5.30	5.09	4.61	-0.3
499	2025	Eric Lauer	TOR	9	2	0	28	15	104.2	8.77	2.24	1.29	.267	81.4%	29.4%	10.2%	91.6	3.18	3.86	3.85	4.15	1.3
500	2023	Kenta Maeda	MIN	6	8	0	21	20	104.1	10.09	2.42	1.47	.293	74.1%	32.6%	13.0%	91.0	4.23	3.76	4.02	3.98	1.6
501	2024	Blake Snell	SFG	5	3	0	20	20	104.0	12.55	3.81	0.52	.266	70.9%	42.0%	6.5%	96.1	3.12	2.55	2.43	3.01	3.1
502	2023	Paul Blackburn	OAK	4	7	0	21	20	103.2	9.03	3.73	0.95	.350	73.8%	41.3%	10.0%	92.0	4.43	4.49	3.96	4.33	1.5
503	2023	Reese Olson	DET	5	7	0	21	18	103.2	8.94	2.86	1.22	.255	69.8%	42.8%	13.5%	94.8	3.99	4.69	4.01	3.91	1.5
504	2024	Carlos Carrasco	CLE	3	10	0	21	21	103.2	7.73	2.86	1.65	.309	66.5%	46.5%	17.0%	91.8	5.64	4.64	4.93	4.18	0.1
505	2024	Bowden Francis	TOR	8	5	0	27	13	103.2	7.99	1.91	1.48	.211	78.3%	34.3%	12.8%	93.0	3.30	3.41	4.36	4.17	1.0
506	2025	Jonathan Cannon	CHW	4	10	0	22	17	103.2	7.47	3.30	1.65	.306	68.2%	37.4%	13.0%	94.0	5.82	5.34	5.13	4.92	0.3
507	2026	Tanner Gordon	COL	1	6	0	24	12	103.2	7.38	2.08	1.82	.372	65.7%	33.3%	12.4%	92.8	6.68	5.13	4.85	4.67	0.4
508	2023	Tony Gonsolin	LAD	8	5	0	20	20	103.0	7.17	3.50	1.66	.233	67.7%	36.0%	13.8%	92.6	4.98	5.84	5.43	5.25	0.4
509	2023	Chris Sale	BOS	6	5	0	20	20	102.2	10.96	2.54	1.31	.290	69.9%	37.3%	13.3%	94.1	4.30	3.62	3.80	3.72	2.1
510	2024	Jon Gray	TEX	5	6	0	23	19	102.2	7.54	2.45	0.96	.306	67.7%	40.1%	8.4%	95.1	4.47	4.59	3.70	4.24	1.8
511	2023	Chris Flexen	2 Tms	2	8	0	29	16	102.1	6.51	3.34	2.20	.332	67.1%	39.1%	19.4%	92.1	6.86	6.12	6.22	5.12	-0.5
512	2024	Casey Mize	DET	2	6	0	22	20	102.1	6.86	2.55	0.97	.331	69.5%	49.0%	10.9%	95.7	4.49	4.75	3.95	4.04	1.4
513	2025	Aaron Civale	3 Tms	4	9	1	23	18	102.0	7.76	2.91	1.41	.275	67.8%	34.0%	11.3%	92.0	4.85	4.10	4.63	4.73	0.9
514	2026	Chris Bassitt	BAL	9	5	0	20	18	102.0	6.53	3.35	0.88	.334	74.5%	44.6%	8.9%	92.3	4.59	4.93	4.31	4.69	1.0
515	2025	Ryan Gusto	2 Tms	7	7	0	27	17	101.2	8.59	3.19	1.50	.326	67.1%	36.9%	11.9%	94.0	5.67	4.61	4.61	4.61	0.8
516	2026	Jared Jones	PIT	5	6	0	21	21	101.2	10.89	2.74	1.06	.272	72.8%	36.2%	10.4%	98.1	3.72	3.17	3.22	3.39	2.6
517	2026	Clay Holmes	2 Tms	6	8	0	18	18	101.1	6.93	3.73	0.53	.251	73.3%	60.7%	8.7%	93.0	3.29	3.87	3.63	3.89	1.8
518	2023	Adam Wainwright	STL	5	11	0	21	21	101.0	4.90	3.65	1.78	.357	63.0%	40.1%	13.9%	85.9	7.40	7.23	5.99	5.77	-0.4
519	2025	Mike Vasil	CHW	5	3	4	47	3	101.0	7.31	4.63	0.71	.242	83.1%	51.4%	8.9%	94.7	2.50	4.07	4.32	4.67	0.4
520	2024	James Paxton	2 Tms	9	3	0	21	21	100.1	6.55	4.49	1.08	.276	72.0%	37.5%	9.2%	93.4	4.40	4.77	4.79	5.21	0.7
521	2026	Ryan Johnson	LAA	5	9	0	22	19	100.0	7.11	3.87	1.62	.268	70.1%	34.5%	12.3%	95.0	5.04	4.83	5.33	5.20	0.1
522	2023	Anthony DeSclafani	SFG	4	8	0	19	18	99.2	7.13	1.81	1.35	.299	64.8%	41.5%	14.2%	93.3	4.88	5.21	4.35	4.15	1.0
523	2023	Cal Quantrill	CLE	4	7	0	19	19	99.2	5.24	3.16	0.99	.300	68.3%	40.8%	8.8%	94.1	5.24	5.84	4.79	5.43	0.7
524	2023	Edward Cabrera	MIA	7	7	0	22	20	99.2	10.66	5.96	0.99	.285	75.4%	54.3%	13.9%	96.3	4.24	3.77	4.43	4.30	1.1
525	2024	Joe Musgrove	SDP	6	5	0	19	19	99.2	9.12	2.08	1.26	.305	77.3%	41.3%	13.2%	93.1	3.88	4.32	3.96	3.74	1.4
526	2023	Cristopher Sánchez	PHI	3	5	0	19	18	99.1	8.70	1.45	1.45	.272	74.5%	57.0%	22.2%		3.44	3.72	3.99	3.09	1.8
527	2024	Cooper Criswell	BOS	6	5	0	26	18	99.1	6.61	2.81	0.91	.307	70.1%	50.3%	9.6%	85.4	4.08	4.32	4.15	4.43	1.1
528	2025	Carmen Mlodzinski	PIT	5	8	0	34	12	99.0	8.09	2.45	0.73	.323	74.7%	47.5%	9.4%	96.1	3.55	4.06	3.33	3.60	1.7
529	2024	Ryan Yarbrough	2 Tms	5	2	1	44	0	98.2	5.93	2.92	1.00	.212	79.1%	40.8%	10.2%	86.8	3.19	4.25	4.64	4.84	0.0
530	2026	Grayson Rodriguez	LAA	5	8	0	20	20	98.2	7.75	3.92	1.46	.324	64.9%	40.1%	14.3%	96.1	6.02	5.69	5.01	4.61	0.2
531	2026	Gage Jump	ATH	6	11	0	20	20	98.2	9.85	4.20	1.09	.345	67.1%	38.4%	11.3%	96.3	5.47	4.61	4.01	4.05	1.7
532	2024	Keider Montero	DET	6	6	0	19	16	98.1	7.05	2.84	1.74	.287	74.5%	39.2%	17.3%	94.7	4.76	5.50	5.15	4.33	0.1
533	2026	Logan Henderson	MIL	11	3	0	18	18	98.1	10.07	1.74	1.28	.220	87.0%	30.7%	11.8%	93.0	2.47	2.73	3.32	3.30	2.4
534	2024	Randy Vásquez	SDP	4	7	0	20	20	98.0	5.69	2.66	1.19	.330	72.2%	38.7%	10.4%	94.3	4.87	5.89	4.70	4.90	0.8
535	2025	Joey Wentz	3 Tms	5	7	0	39	13	98.0	8.45	3.95	1.01	.336	63.5%	38.4%	9.1%	93.4	5.60	4.53	4.06	4.51	1.2
536	2025	Chase Dollander	COL	2	12	0	21	21	98.0	7.53	4.50	1.65	.297	61.7%	42.7%	15.5%	98.0	6.52	5.10	5.53	4.97	0.0
537	2023	Alex Wood	SFG	5	5	0	29	12	97.2	6.82	3.87	0.83	.301	70.9%	45.0%	8.2%		4.33	4.66	4.47	5.14	0.2
538	2025	Tyler Alexander	2 Tms	5	14	1	52	5	97.2	7.56	2.76	0.83	.327	60.9%	33.8%	7.3%	90.9	4.98	4.64	3.64	4.38	1.2
539	2026	Trey Yesavage	TOR	5	6	0	20	20	97.2	8.94	4.33	1.11	.214	74.8%	33.2%	9.5%	94.4	3.69	3.36	4.22	4.57	1.3
540	2023	Joe Musgrove	SDP	10	3	0	17	17	97.1	8.97	1.94	0.92	.305	80.2%	45.0%	11.2%	93.2	3.05	3.12	3.52	3.70	2.1
541	2024	Logan Allen	CLE	8	5	0	20	20	97.1	7.30	3.79	2.03	.318	74.7%	43.4%	18.8%	91.4	5.73	5.81	5.87	4.75	-0.7
542	2026	Brandon Sproat	MIL	3	7	0	22	19	97.0	9.37	4.82	1.58	.293	70.5%	43.6%	17.7%	96.8	5.57	5.01	5.21	4.43	0.1
543	2024	Edward Cabrera	MIA	4	8	0	20	20	96.1	10.00	4.67	1.40	.278	66.4%	47.0%	18.3%	96.3	4.95	4.70	4.68	3.94	0.6
544	2023	James Paxton	BOS	7	5	0	19	19	96.0	9.47	3.09	1.69	.292	74.9%	42.6%	17.8%	95.3	4.50	3.79	4.68	3.98	1.0
545	2023	Cole Ragans	2 Tms	7	5	0	29	12	96.0	10.59	3.84	0.66	.275	70.7%	44.0%	8.2%	96.6	3.47	3.32	3.19	3.71	2.2
546	2023	Brandon Pfaadt	ARI	3	9	0	19	18	96.0	8.81	2.44	2.06	.315	70.0%	32.3%	16.8%	93.6	5.72	4.50	5.18	4.46	0.3
547	2025	Mike Burrows	PIT	2	4	0	23	19	96.0	9.09	2.91	1.22	.293	76.6%	41.8%	12.9%	95.4	3.94	4.32	4.00	3.86	1.3
548	2026	AJ Blubaugh	HOU	5	3	1	64	0	96.0	8.81	3.94	1.22	.253	77.8%	33.5%	10.2%	95.8	3.66	4.25	4.31	4.55	0.2
549	2025	Michael McGreevy	STL	8	4	0	17	16	95.2	5.46	1.88	1.13	.287	68.7%	47.3%	11.5%	92.9	4.42	4.65	4.27	4.32	0.9
550	2026	Spencer Miles	TOR	6	2	2	49	8	95.2	8.75	2.35	0.47	.284	75.8%	51.1%	6.9%	96.2	2.63	3.06	2.65	3.11	2.0
551	2025	Joey Cantillo	CLE	5	3	1	34	13	95.1	10.20	3.97	0.94	.282	76.4%	40.8%	11.0%	91.8	3.21	3.71	3.55	3.66	1.5
552	2025	Eury Pérez	MIA	7	6	0	20	20	95.1	9.91	3.02	1.13	.240	65.0%	31.0%	9.5%	97.8	4.25	3.24	3.67	4.07	1.9
553	2023	Xzavion Curry	CLE	3	4	0	41	9	95.0	6.35	2.84	1.14	.294	73.3%	31.7%	8.6%	92.7	4.07	5.05	4.50	5.27	0.4
554	2024	Gerrit Cole	NYY	8	5	0	17	17	95.0	9.38	2.75	1.04	.273	76.8%	38.7%	9.7%	95.9	3.41	3.62	3.69	3.99	1.8
555	2024	Dane Dunning	TEX	5	7	0	26	15	95.0	8.62	3.79	1.71	.297	70.5%	43.8%	16.8%	89.4	5.31	5.10	5.17	4.41	-0.1
556	2026	Mike Burrows	HOU	4	9	0	18	17	94.2	7.13	3.33	2.00	.316	67.4%	37.7%	15.9%	95.0	5.99	4.80	5.64	4.86	-0.4
557	2026	Connelly Early	2 Tms	7	5	0	18	18	94.2	8.94	3.23	1.43	.270	86.5%	42.2%	14.4%	94.2	3.33	4.25	4.54	4.14	0.8
558	2024	Tyler Holton	DET	7	2	8	66	9	94.1	7.35	1.62	0.67	.201	77.7%	47.2%	7.6%	92.1	2.19	2.77	3.17	3.68	1.5
559	2025	Aaron Nola	PHI	5	10	0	17	17	94.1	9.25	2.67	1.72	.315	62.4%	42.5%	18.2%	91.8	6.01	4.12	4.58	3.71	1.0
560	2026	Javier Assad	CHC	6	2	2	28	11	94.1	6.01	2.58	1.53	.242	81.3%	46.1%	15.5%	93.6	3.63	4.48	4.92	4.37	-0.1
561	2025	Jacob Lopez	ATH	7	7	0	21	17	92.2	10.97	3.59	1.46	.292	75.2%	27.5%	12.6%	90.7	4.08	3.63	4.26	4.13	1.4
562	2025	Sean Newcomb	2 Tms	2	5	2	48	5	92.1	8.87	3.02	0.49	.344	76.4%	45.9%	6.2%	93.4	2.73	3.87	3.04	3.69	1.8
563	2023	Eury Pérez	MIA	5	6	0	19	19	91.1	10.64	3.05	1.48	.261	83.3%	25.4%	12.0%	97.4	3.15	3.61	4.11	4.24	1.5
564	2026	Brent Suter	2 Tms	3	2	0	54	4	91.0	7.71	2.47	0.89	.293	70.4%	49.8%	11.5%		3.36	3.95	3.53	3.54	0.8
565	2026	Zach Agnos	COL	0	2	2	41	3	91.0	5.74	3.46	0.99	.308	60.9%	38.8%	7.9%	94.5	5.93	5.29	4.57	5.25	0.1
566	2024	Carson Spiers	CIN	5	7	0	22	10	90.2	7.94	2.68	1.99	.331	73.3%	35.0%	15.3%	92.4	5.46	4.82	5.33	4.65	0.0
567	2025	Keider Montero	DET	5	3	0	20	12	90.2	7.15	3.08	1.59	.295	77.7%	41.5%	15.0%	94.0	4.37	4.65	4.93	4.46	0.2
568	2023	Jhony Brito	NYY	9	7	1	25	13	90.1	7.17	2.79	1.39	.268	71.0%	44.0%	13.2%	96.0	4.28	4.53	4.74	4.66	0.4
569	2024	Justin Verlander	HOU	5	6	0	17	17	90.1	7.37	2.69	1.49	.303	68.2%	28.2%	10.0%	93.7	5.48	3.75	4.78	5.13	0.6
570	2025	Tyler Glasnow	LAD	4	3	0	18	18	90.1	10.56	4.28	1.00	.225	78.4%	44.4%	12.2%	95.7	3.19	3.33	3.76	3.72	1.6
571	2025	J.T. Ginn	ATH	4	7	0	23	16	90.1	9.86	3.09	1.69	.314	73.2%	52.7%	21.5%	92.7	5.08	3.74	4.62	3.52	1.0
572	2025	Bryce Miller	SEA	4	6	0	18	18	90.1	7.37	3.39	1.69	.288	68.7%	37.9%	15.5%	95.0	5.68	5.30	5.17	4.60	0.0
573	2026	Sean Newcomb	CHW	2	5	4	60	6	90.1	8.37	3.39	0.40	.285	73.1%	44.4%	5.0%	94.8	3.09	4.27	3.21	3.97	1.7
574	2026	Dean Kremer	2 Tms	5	5	0	17	17	90.1	8.57	2.89	1.79	.243	68.5%	34.7%	15.9%	92.7	4.68	4.13	4.78	4.08	0.5
575	2023	Carlos Carrasco	NYM	3	8	0	20	20	90.0	6.60	3.80	1.80	.336	65.8%	45.0%	19.8%	92.9	6.80	6.61	5.86	4.93	-0.3
576	2023	Zack Littell	2 Tms	3	6	0	28	14	90.0	7.40	1.20	1.30	.293	73.0%	42.5%	11.9%	94.1	4.10	4.27	4.02	4.15	1.1
577	2024	Derek Law	WSN	7	4	1	75	0	90.0	7.60	2.40	0.70	.292	78.2%	48.5%	9.6%	95.5	2.60	3.72	3.32	3.54	1.2
578	2024	Yoshinobu Yamamoto	LAD	7	2	0	18	18	90.0	10.50	2.20	0.70	.305	75.7%	47.9%	9.3%	95.6	3.00	3.45	2.61	2.86	2.8
579	2025	Emerson Hancock	SEA	4	5	0	22	16	90.0	6.40	3.10	1.50	.289	72.2%	43.0%	15.2%	95.0	4.90	5.52	5.08	4.61	0.0
580	2023	Ryan Yarbrough	2 Tms	8	7	2	25	9	89.2	6.72	1.41	1.30	.302	73.1%	39.1%	11.1%	87.1	4.52	4.39	4.38	4.65	0.9
581	2025	Michael Soroka	2 Tms	3	8	0	22	17	89.2	9.54	2.91	1.20	.263	67.5%	44.1%	12.0%	93.6	4.52	3.53	4.23	4.21	1.2
582	2023	Luis Severino	NYY	4	8	0	19	18	89.1	7.96	3.43	2.32	.326	65.9%	42.2%	20.9%	96.6	6.65	5.82	6.14	4.83	-0.6
583	2023	Jake Bird	COL	3	3	0	70	3	89.1	7.76	2.72	0.60	.333	67.7%	53.0%	8.3%		4.33	4.58	3.55	4.01	1.5
584	2023	Hayden Wesneski	CHC	3	5	0	34	11	89.1	8.36	3.22	2.01	.257	75.3%	40.2%	20.8%	94.5	4.63	5.22	5.48	4.35	-0.3
585	2026	Aaron Ashby	MIL	13	3	4	75	1	89.1	11.69	4.13	0.81	.315	77.0%	56.3%	13.1%	97.3	3.12	2.98	3.11	2.98	1.5
586	2023	Ross Stripling	SFG	0	5	0	22	11	89.0	7.08	1.62	2.02	.308	72.3%	44.0%	22.0%	92.4	5.36	5.52	5.21	3.98	-0.2
587	2023	Tommy Henry	ARI	5	4	0	17	16	89.0	6.47	3.54	1.21	.278	76.7%	36.2%	9.8%	90.7	4.15	4.34	4.88	5.40	0.7
588	2024	Dakota Hudson	COL	2	12	0	18	18	89.0	4.96	5.06	1.11	.304	63.5%	52.3%	12.5%	90.2	6.17	6.00	5.53	5.41	0.0
589	2023	Noah Syndergaard	2 Tms	2	6	0	18	18	88.2	5.68	1.93	2.23	.289	66.5%	37.2%	18.3%	92.3	6.50	6.46	6.20	5.21	-0.4
590	2023	Ben Lively	CIN	4	7	0	19	12	88.2	8.02	2.54	2.03	.297	74.0%	39.6%	18.7%	90.9	5.38	4.97	5.35	4.42	0.4
591	2024	DJ Herz	WSN	4	9	0	19	19	88.2	10.76	3.65	1.12	.288	70.3%	36.4%	10.7%	93.5	4.16	3.30	3.71	3.85	1.7
592	2025	Luis Ortiz	CLE	4	9	0	16	16	88.2	9.74	4.26	1.22	.294	74.4%	46.5%	14.8%	96.5	4.36	4.76	4.18	3.83	0.9
593	2026	Griffin Canning	SDP	5	9	0	30	11	88.2	8.83	4.16	1.42	.328	68.9%	46.9%	15.2%	94.5	5.68	4.70	4.75	4.26	0.2
594	2024	Chris Paddack	MIN	5	3	0	17	17	88.1	8.05	2.14	1.43	.327	70.9%	37.3%	12.2%	93.4	4.99	4.89	4.19	4.09	1.0
595	2026	Jack Flaherty	DET	3	8	0	20	19	88.1	10.49	4.28	1.12	.300	68.1%	30.0%	9.2%	93.0	4.48	4.38	4.05	4.47	1.3
596	2025	Kyle Leahy	STL	4	2	1	62	1	88.0	8.18	2.86	0.51	.301	75.5%	43.8%	6.0%	95.4	3.07	4.43	3.04	3.76	1.4
597	2026	Ryan Gusto	MIA	1	5	0	23	18	88.0	7.57	2.86	1.13	.321	76.3%	40.0%	10.0%	94.7	4.09	4.99	4.17	4.43	1.0
598	2023	Matt Strahm	PHI	9	5	2	56	10	87.2	11.09	2.16	1.13	.274	75.7%	33.0%	10.9%	93.6	3.29	3.19	3.24	3.52	2.0
599	2023	Bryan Woo	SEA	4	5	0	18	18	87.2	9.55	3.18	1.33	.273	72.8%	40.3%	13.4%	95.2	4.21	3.50	4.36	4.26	0.9
600	2023	Peter Lambert	COL	3	7	0	25	11	87.1	7.32	2.89	1.85	.296	71.4%	41.7%	15.8%	93.4	5.36	5.46	5.44	4.92	0.2
601	2023	Connor Seabold	COL	1	7	0	27	13	87.1	6.90	2.89	1.96	.338	60.3%	33.4%	13.5%	92.8	7.52	5.15	5.75	5.59	-0.1
602	2023	Alek Manoah	TOR	3	9	0	19	19	87.1	8.14	6.08	1.55	.308	71.4%	37.7%	13.8%	92.9	5.87	6.09	6.01	5.85	-0.4
603	2024	Reid Detmers	LAA	4	9	0	17	17	87.1	11.23	3.92	1.85	.357	62.9%	38.3%	17.1%	94.1	6.70	4.06	4.72	3.86	0.5
604	2026	Ryne Nelson	ARI	3	5	0	19	15	87.1	6.80	2.47	1.85	.261	66.8%	33.8%	13.4%	96.4	4.95	5.28	5.26	4.90	0.0
605	2023	Touki Toussaint	2 Tms	4	7	0	20	16	87.0	8.79	5.90	1.03	.262	71.4%	49.8%	13.9%	93.7	4.97	5.32	5.00	4.88	0.4
606	2023	Luis Ortiz	PIT	5	5	0	18	15	86.2	6.13	4.98	1.35	.309	75.7%	47.9%	14.1%	96.1	4.78	6.77	5.57	5.38	-0.4
607	2024	Carson Fulmer	LAA	0	5	0	37	8	86.2	8.41	4.15	1.14	.289	73.2%	40.6%	11.2%	93.3	4.15	4.76	4.50	4.56	0.1
608	2024	Ryan Weathers	MIA	5	6	0	16	16	86.2	8.31	2.49	1.14	.276	75.3%	46.6%	12.2%	96.2	3.63	4.13	4.11	4.03	1.1
609	2024	Yariel Rodríguez	TOR	1	8	0	21	21	86.2	8.83	4.15	1.14	.275	69.9%	37.4%	11.1%		4.47	3.91	4.34	4.42	1.1
610	2025	Tyler Mahle	TEX	6	4	0	16	16	86.2	6.85	3.01	0.52	.260	84.6%	38.8%	4.9%	92.3	2.18	4.23	3.37	4.43	1.9
611	2026	Lake Bachar	2 Tms	2	4	2	53	12	86.2	9.66	3.74	1.35	.227	80.0%	38.6%	12.6%	94.5	3.43	3.38	4.32	4.17	0.5
612	2023	Chase Anderson	2 Tms	1	6	1	19	17	86.1	6.67	3.44	1.77	.291	72.5%	36.2%	14.9%	93.4	5.42	4.86	5.72	5.35	0.2
613	2023	Jakob Junis	SFG	4	3	1	40	4	86.0	10.05	2.20	1.26	.335	74.6%	43.2%	13.3%	94.0	3.87	3.77	3.74	3.66	0.8
614	2024	Matthew Liberatore	STL	3	4	0	60	6	86.0	7.95	2.93	1.15	.290	70.1%	42.2%	11.2%	94.9	4.40	4.19	4.11	4.17	0.4
615	2025	Colton Gordon	HOU	6	4	1	20	14	86.0	7.53	1.99	2.20	.309	74.0%	31.4%	16.8%	90.9	5.34	4.63	5.37	4.43	0.0
616	2026	Jameson Taillon	2 Tms	2	6	0	18	18	86.0	7.95	3.35	2.83	.249	78.8%	34.0%	21.1%	91.9	5.65	5.94	6.60	4.77	-1.0
617	2026	Adrian Morejon	SDP	9	3	3	76	0	86.0	11.20	2.93	0.42	.293	71.4%	58.0%	8.0%	99.1	2.83	2.33	2.37	2.64	2.8
618	2026	Daniel Lynch IV	KCR	6	6	1	56	10	86.0	5.86	2.72	1.15	.239	68.5%	47.0%	10.8%	94.5	4.08	4.61	4.51	4.64	0.5
619	2025	Jacob Latz	TEX	2	0	1	33	8	85.2	7.98	3.89	0.74	.272	81.1%	37.9%	7.4%	94.3	2.84	4.11	3.72	4.37	1.2
620	2026	Shohei Ohtani	LAD	8	2	0	14	14	85.2	9.98	2.73	0.42	.244	81.1%	51.2%	5.7%	98.1	1.79	2.73	2.61	3.24	2.9
621	2023	Tyler Holton	DET	3	2	1	59	1	85.1	7.80	1.90	0.95	.212	86.5%	45.6%	11.1%	91.6	2.11	3.48	3.56	3.76	1.0
622	2024	Ross Stripling	OAK	2	11	0	22	14	85.1	5.17	2.32	0.74	.338	54.8%	39.2%	6.5%	92.0	6.01	4.80	3.89	4.74	1.1
623	2024	Clarke Schmidt	NYY	5	5	0	16	16	85.1	9.81	3.16	0.84	.296	80.0%	40.5%	9.1%		2.85	3.73	3.58	3.92	1.7
624	2023	Yonny Chirinos	2 Tms	5	5	0	20	9	85.0	5.61	2.86	1.59	.285	68.6%	45.6%	16.0%	93.1	5.40	6.11	5.43	4.97	-0.3
625	2023	Jesse Scholtens	CHW	1	9	1	26	11	85.0	6.14	3.18	1.59	.313	70.3%	41.3%	12.9%	92.9	5.29	4.88	5.31	5.28	0.0
626	2023	Tristan Beck	SFG	3	3	2	33	3	85.0	7.20	2.22	1.06	.289	71.7%	40.8%	9.6%	94.6	3.92	3.71	4.00	4.49	0.5
627	2025	Max Scherzer	TOR	5	5	0	17	17	85.0	8.68	2.44	2.01	.293	73.8%	27.1%	14.0%	93.5	5.19	4.62	4.99	4.55	0.4
628	2026	Paul Blackburn	NYY	7	3	1	62	2	85.0	7.31	3.49	0.74	.235	89.1%	54.7%	10.0%	94.6	1.69	3.68	3.75	3.92	0.7
629	2026	Yohan Ramírez	PIT	7	4	2	66	1	85.0	10.80	4.66	0.42	.268	75.9%	49.0%	7.0%	96.6	2.86	3.31	3.36	3.76	1.2
630	2025	Mitch Spence	ATH	3	6	1	32	8	84.2	7.02	2.76	1.70	.304	66.6%	43.5%	17.0%		5.10	5.69	5.10	4.35	0.1
631	2026	Max Scherzer	TOR	4	9	0	18	18	84.2	7.23	3.72	1.59	.258	64.9%	30.4%	11.2%	93.1	5.74	4.22	5.11	5.20	0.3
632	2023	Josh Winckowski	BOS	4	4	3	60	1	84.1	8.75	3.31	0.96	.331	80.6%	51.2%	12.9%	96.2	2.88	3.75	3.91	3.89	0.8
633	2026	Carlos Rodón	NYY	7	3	0	16	16	84.1	9.71	4.06	0.75	.218	75.1%	35.7%	7.9%	94.3	2.67	3.87	3.44	3.96	1.8
634	2026	Zac Thornton	NYM	5	6	0	15	15	84.1	6.72	1.92	1.49	.268	83.1%	37.2%	13.9%	92.2	3.42	4.48	4.51	4.16	0.7
635	2024	Luke Weaver	NYY	7	3	4	62	0	84.0	11.04	2.79	1.07	.223	79.4%	36.4%	11.0%	95.8	2.89	3.30	3.33	3.42	1.0
636	2026	Grant Taylor	CHW	7	3	10	60	4	84.0	11.36	3.21	0.75	.276	78.8%	48.0%	9.9%	98.1	2.25	2.97	2.77	2.96	2.0
637	2024	Taijuan Walker	PHI	3	7	0	19	15	83.2	6.24	3.98	2.58	.320	69.7%	37.8%	20.9%	91.7	7.10	6.97	6.94	5.29	-1.1
638	2025	Jimmy Herget	COL	1	2	0	59	0	83.1	8.75	2.81	0.65	.291	83.9%	35.9%	5.8%	93.0	2.48	3.31	3.32	4.28	1.2
639	2026	Brad Lord	WSN	5	2	1	40	5	83.1	8.32	3.56	1.08	.258	77.1%	55.1%	14.7%	94.7	3.78	3.91	4.29	3.96	0.3
640	2026	Trevor Richards	2 Tms	0	1	2	54	0	83.0	7.92	2.82	1.30	.249	73.6%	28.7%	9.2%	91.9	3.69	4.13	4.20	4.68	0.4
641	2023	Chris Stratton	2 Tms	2	1	1	64	0	82.2	8.82	2.72	0.87	.275	67.2%	38.6%	7.7%	93.2	3.92	3.64	3.53	4.36	1.1
642	2024	Pedro Avila	2 Tms	6	1	1	54	0	82.2	8.93	3.92	0.87	.291	73.7%	45.0%	10.5%	93.5	3.81	4.62	3.89	4.02	0.2
643	2024	Roddery Muñoz	MIA	2	7	0	18	17	82.2	7.62	4.57	2.83	.267	70.3%	34.0%	21.8%	95.5	6.53	6.79	7.27	5.36	-1.6
644	2025	Trevor Williams	WSN	3	10	0	17	17	82.2	7.08	2.29	1.20	.347	61.6%	33.0%	9.5%	87.9	6.21	4.56	4.13	4.56	1.2
645	2023	Zach Davies	ARI	2	5	0	18	18	82.1	7.87	4.26	1.09	.346	57.6%	44.3%	11.2%	89.3	7.00	5.47	4.58	4.79	0.8
646	2023	Jaime Barria	LAA	2	6	0	34	6	82.1	6.78	3.28	2.19	.286	63.2%	36.3%	16.7%	92.9	5.68	5.31	6.07	5.32	-0.7
647	2023	Gavin Williams	CLE	3	5	0	16	16	82.0	8.89	4.06	0.88	.270	78.3%	38.1%	9.2%	95.8	3.29	4.24	4.05	4.53	1.1
648	2024	Yu Darvish	SDP	7	3	0	16	16	81.2	8.60	2.42	1.32	.245	79.2%	38.7%	12.2%	94.3	3.31	3.56	4.08	3.99	1.1
649	2023	Dakota Hudson	STL	6	3	0	18	12	81.1	4.98	3.76	1.00	.304	71.1%	51.5%	12.3%	91.3	4.98	6.07	5.06	5.11	0.3
650	2025	Valente Bellozo	MIA	1	4	0	32	6	81.1	5.98	2.55	1.66	.278	74.7%	31.9%	11.2%	90.8	4.65	5.23	5.20	5.34	-0.2
651	2025	Logan Evans	SEA	6	5	0	16	15	81.1	6.53	3.43	1.44	.284	72.9%	40.0%	13.0%	92.9	4.32	5.22	5.05	4.87	0.0
652	2025	Spencer Bivens	SFG	4	3	3	54	0	81.0	6.78	2.78	0.67	.313	67.9%	52.0%	7.5%	95.1	4.00	4.08	3.70	4.26	0.4
653	2026	Gordon Graceffo	STL	8	2	1	62	1	81.0	7.00	4.00	0.56	.219	75.3%	47.1%	5.7%	95.3	2.67	4.57	3.79	4.63	0.6
654	2023	Bailey Falter	2 Tms	2	9	0	18	14	80.2	6.69	2.23	1.90	.308	65.4%	40.2%	17.0%	90.9	5.36	4.95	5.25	4.56	0.4
655	2024	Sean Hjelle	SFG	3	4	0	58	0	80.2	8.37	1.56	1.12	.318	74.2%	59.0%	18.9%		3.90	3.58	3.63	3.01	0.3
656	2023	Tarik Skubal	DET	7	3	0	15	15	80.1	11.43	1.57	0.45	.289	67.7%	51.6%	6.8%	95.8	2.80	2.31	2.00	2.56	3.3
657	2026	Steven Matz	TBR	6	6	1	36	11	80.1	6.83	2.80	1.68	.247	63.7%	38.9%	15.6%		5.49	5.04	5.02	4.39	0.0
658	2023	Michael Tonkin	ATL	7	3	1	45	0	80.0	8.44	2.59	1.46	.241	67.8%	38.3%	13.5%		4.28	3.92	4.43	4.30	0.1
659	2023	Brandon Bielak	HOU	5	6	0	15	13	80.0	6.98	4.05	1.35	.311	76.2%	50.2%	15.0%	92.3	3.83	5.39	5.19	4.90	0.2
660	2024	Ryan Walker	SFG	10	4	10	76	1	80.0	11.14	2.03	0.56	.254	82.9%	46.9%	8.6%	94.8	1.91	2.61	2.52	2.80	1.7
661	2026	Patrick Corbin	TOR	3	4	1	19	15	80.0	7.09	2.81	1.35	.339	70.4%	38.5%	13.0%	91.4	5.51	5.51	4.64	4.42	0.4
662	2026	Edward Cabrera	CHC	5	5	0	18	15	80.0	7.99	4.05	1.80	.298	63.9%	43.5%	19.8%	96.4	5.96	5.40	5.35	4.28	-0.1
663	2026	Jack Leiter	TEX	3	7	0	15	15	80.0	9.34	3.94	1.58	.301	69.4%	36.6%	14.9%	97.0	5.29	4.86	4.76	4.26	0.5
664	2024	Michael Soroka	CHW	0	10	0	25	9	79.2	9.49	4.97	1.47	.261	67.5%	40.3%	14.4%	93.5	4.74	4.55	4.95	4.54	0.3
665	2024	Patrick Sandoval	LAA	2	8	0	16	16	79.2	9.15	3.95	0.90	.341	66.2%	45.0%	10.3%	94.0	5.08	4.37	3.87	4.04	1.1
666	2024	Cade Povich	BAL	3	9	0	16	16	79.2	7.79	3.84	1.36	.291	67.9%	35.2%	10.5%	92.4	5.20	4.09	4.79	4.99	0.5
667	2025	Osvaldo Bido	ATH	2	5	1	26	10	79.2	7.68	3.95	2.15	.315	72.6%	30.4%	14.7%	94.8	5.87	5.34	6.07	5.47	-0.4
668	2024	Michael Tonkin	3 Tms	4	4	2	57	0	79.1	9.64	3.40	0.68	.303	65.3%	41.0%	8.0%	93.2	3.63	4.33	3.44	3.89	0.6
669	2024	Shane Baz	TBR	4	3	0	14	14	79.1	7.83	3.06	1.02	.229	79.6%	39.3%	9.6%	95.7	3.06	3.64	4.07	4.39	1.1
670	2025	Zebby Matthews	MIN	5	6	0	16	16	79.1	9.98	2.72	1.36	.357	67.2%	31.7%	11.8%	96.2	5.56	4.67	3.79	3.81	1.3
671	2026	Reynaldo López	ATL	4	5	0	26	13	79.1	8.28	3.86	1.25	.304	71.3%	37.4%	11.3%	94.2	4.54	4.81	4.39	4.43	0.6
672	2023	Shintaro Fujinami	2 Tms	7	8	2	64	7	79.0	9.46	5.13	1.03	.300	53.4%	40.1%	9.8%	98.5	7.18	4.76	4.61	5.05	0.2
673	2024	Keegan Akin	BAL	3	1	1	66	0	78.2	11.10	2.17	1.03	.247	71.0%	37.0%	9.8%	93.9	3.32	2.47	2.99	3.27	1.4
674	2025	Clarke Schmidt	NYY	4	4	0	14	14	78.2	8.35	3.43	1.03	.232	78.0%	33.2%	8.9%	94.3	3.32	3.02	3.95	4.44	1.3
675	2025	Eduard Bazardo	SEA	5	0	0	73	0	78.2	9.38	3.09	1.03	.228	85.0%	37.6%	10.5%	95.1	2.52	3.33	3.64	3.84	0.5
676	2025	Tyler Holton	DET	6	5	0	70	6	78.2	7.32	1.94	1.72	.231	78.7%	46.9%	20.8%	92.1	3.66	3.79	4.64	3.57	-0.1
677	2024	Bryan Abreu	HOU	3	3	1	78	0	78.1	11.83	3.68	1.03	.286	82.9%	40.4%	11.7%	96.9	3.10	3.25	3.49	3.48	0.9
678	2026	Brent Headrick	NYY	7	4	0	81	0	78.1	11.26	3.10	0.57	.321	85.2%	34.5%	6.2%	94.1	2.18	3.06	2.46	3.19	2.1
679	2023	Ty Blach	COL	3	3	0	20	13	78.0	5.77	2.77	1.73	.346	73.5%	39.2%	16.9%	89.5	5.54	7.23	5.63	5.01	0.1
680	2023	Tanner Scott	MIA	9	5	12	74	0	78.0	12.00	2.77	0.35	.291	76.8%	50.9%	6.4%	96.8	2.31	2.52	2.17	2.66	2.8
681	2023	Matt Manning	DET	5	4	0	15	15	78.0	5.77	2.42	1.27	.214	69.4%	38.7%	9.9%	93.4	3.58	5.39	4.81	5.33	0.7
682	2024	Tylor Megill	NYM	4	5	0	16	15	78.0	10.50	3.69	0.92	.307	70.7%	40.2%	9.9%	95.8	4.04	4.14	3.55	3.79	1.4
683	2026	Louis Varland	TOR	5	6	35	71	0	78.0	11.19	2.65	0.23	.286	77.1%	55.7%	4.3%	99.0	1.27	2.37	1.83	2.39	3.1
684	2023	Max Fried	ATL	8	1	0	14	14	77.2	9.27	2.09	0.81	.309	82.3%	57.7%	13.2%	94.2	2.55	2.74	3.14	3.10	1.9
685	2025	Tyler Phillips	MIA	2	1	4	54	1	77.2	6.03	2.78	0.93	.251	81.5%	55.6%	11.4%	96.0	2.78	3.64	4.14	4.19	0.1
686	2025	Ben Casparius	LAD	7	5	2	46	3	77.2	8.23	2.43	0.93	.304	67.2%	33.5%	7.5%	96.2	4.64	3.72	3.57	4.36	1.2
687	2026	Justin Bruihl	STL	1	1	0	73	0	77.2	6.14	3.24	0.46	.285	67.6%	50.2%	5.2%	91.8	3.71	4.47	3.95	4.78	0.3
688	2023	Cole Irvin	BAL	1	4	0	24	12	77.1	7.91	2.44	1.28	.293	70.6%	41.4%	12.4%	92.3	4.42	5.50	4.43	4.49	0.6
689	2024	Graham Ashcraft	CIN	5	5	0	15	15	77.1	6.63	3.14	1.28	.313	67.5%	48.6%	13.6%		5.24	5.12	4.82	4.56	0.5
690	2025	Tyler Rogers	2 Tms	4	6	0	81	0	77.1	5.59	0.81	0.47	.259	78.9%	62.1%	9.1%		1.98	2.67	2.88	3.08	1.3
691	2025	Jason Alexander	2 Tms	4	2	1	18	13	77.1	7.56	3.03	1.75	.286	72.7%	44.8%	18.5%	91.8	4.77	4.85	5.10	4.19	0.2
692	2026	Wandy Peralta	SDP	3	3	0	65	5	77.1	5.82	2.68	0.81	.303	77.7%	45.6%	9.5%	96.3	3.61	4.32	3.99	4.26	0.4
693	2023	Kyle Muller	OAK	1	5	0	21	13	77.0	6.55	4.56	1.87	.372	67.6%	42.4%	16.7%	93.8	7.60	7.33	6.14	5.50	-0.7
694	2024	Slade Cecconi	ARI	2	7	0	20	13	77.0	7.48	1.99	1.87	.321	61.8%	33.6%	13.2%	94.5	6.66	4.50	5.02	4.70	0.2
695	2025	Carlos Vargas	SEA	5	5	1	70	0	77.0	6.31	2.69	1.17	.300	74.2%	56.1%	14.9%	96.5	3.97	3.61	4.59	4.24	-0.6
696	2023	Bryse Wilson	MIL	6	0	3	53	0	76.2	7.16	2.58	1.06	.232	81.2%	37.8%	9.2%	93.7	2.58	3.99	4.13	4.72	0.3
697	2025	Steven Matz	2 Tms	5	2	2	53	2	76.2	6.93	1.29	0.94	.284	73.5%	46.3%	10.0%		3.05	3.38	3.46	3.71	1.1
698	2026	Tatsuya Imai	HOU	6	4	0	23	15	76.2	11.39	5.99	1.06	.277	70.7%	41.3%	12.2%	94.8	4.93	4.59	4.25	4.18	0.5
699	2024	Cody Bradford	TEX	6	3	0	14	13	76.1	8.25	1.53	1.18	.252	71.9%	36.0%	10.2%	90.1	3.54	3.45	3.59	3.82	1.5
700	2025	Griffin Canning	NYM	7	3	0	16	16	76.1	8.25	4.13	0.94	.288	74.6%	50.9%	11.4%	94.3	3.77	4.70	4.04	4.09	0.9
701	2025	José A. Ferrer	WSN	4	4	11	72	0	76.1	8.37	1.89	0.59	.338	64.9%	62.6%	11.1%	96.9	4.48	3.56	3.03	3.09	1.4
702	2025	Ryan Bergert	2 Tms	2	2	0	19	15	76.1	8.61	4.13	0.94	.257	75.8%	29.2%	7.9%	93.5	3.66	4.32	4.00	4.68	1.0
703	2025	Jack Dreyer	LAD	3	2	4	67	5	76.1	8.72	2.83	0.47	.254	72.6%	37.4%	4.3%	92.6	2.95	2.70	2.82	4.00	1.7
704	2024	Josh Winckowski	BOS	4	2	2	40	6	76.0	7.11	3.08	1.18	.301	69.1%	51.5%	14.5%	95.1	4.14	4.27	4.48	4.14	0.2
705	2024	Gavin Williams	CLE	3	10	0	16	16	76.0	9.36	3.79	0.83	.308	66.9%	40.6%	8.4%	96.6	4.86	4.15	3.67	4.12	1.2
706	2025	Edwin Uceta	TBR	10	3	1	70	0	76.0	12.20	3.20	1.30	.297	78.4%	31.7%	13.8%	93.9	3.79	3.87	3.69	3.43	0.8
707	2023	Jose Quintana	NYM	3	6	0	13	13	75.2	7.14	2.85	0.59	.306	72.0%	41.6%	6.0%	90.4	3.57	4.62	3.52	4.47	1.5
708	2023	Ian Gibaut	CIN	8	4	3	74	0	75.2	8.21	3.33	0.95	.292	75.7%	39.9%	10.0%	95.3	3.33	3.67	4.07	4.45	0.9
709	2024	Triston McKenzie	CLE	3	5	0	16	16	75.2	8.80	5.83	2.26	.254	79.0%	35.0%	17.1%	91.2	5.11	5.46	6.46	5.41	-1.0
710	2025	Pablo López	MIN	5	4	0	14	14	75.2	8.68	2.38	0.71	.278	75.4%	38.5%	7.1%	94.7	2.74	3.94	3.19	3.87	1.8
711	2026	Braydon Fisher	TOR	3	4	1	75	10	75.2	8.80	5.23	0.95	.243	74.0%	42.9%	11.3%	94.4	3.21	4.23	4.38	4.42	0.0
712	2024	Paul Blackburn	2 Tms	5	4	0	14	14	75.1	7.05	2.51	1.43	.290	70.9%	45.7%	15.2%	92.2	4.66	4.59	4.63	4.14	0.5
713	2024	Walker Buehler	LAD	1	6	0	16	16	75.1	7.65	3.35	1.91	.316	70.3%	45.5%	18.8%	95.0	5.38	4.69	5.54	4.49	-0.1
714	2024	Cade Smith	CLE	6	1	1	74	0	75.1	12.31	2.03	0.12	.303	79.0%	43.6%	1.7%	96.1	1.91	2.50	1.40	2.41	2.7
715	2025	Abner Uribe	MIL	3	2	7	75	0	75.1	10.75	3.23	0.48	.275	84.2%	53.2%	9.1%	99.6	1.67	2.75	2.75	2.96	1.7
716	2025	Tanner Gordon	COL	6	8	0	15	15	75.1	7.41	2.03	1.91	.335	59.8%	34.5%	16.0%	92.3	6.33	5.89	5.05	4.33	0.5
717	2023	Buck Farmer	CIN	4	5	3	71	0	75.0	8.40	3.48	1.32	.241	72.8%	33.3%	11.1%	94.0	4.20	4.04	4.62	4.89	0.6
718	2023	Justin Lawrence	COL	4	7	11	69	0	75.0	9.36	4.32	0.60	.300	70.3%	48.5%	8.1%		3.72	3.73	3.76	4.26	1.2
719	2024	Hunter Gaddis	CLE	6	3	0	78	0	74.2	7.96	1.69	0.48	.205	81.2%	38.1%	4.4%	95.5	1.57	2.72	2.82	3.94	1.6
720	2023	Alec Marsh	KCR	3	9	0	17	8	74.1	10.29	4.72	1.94	.316	73.1%	34.6%	18.4%	94.4	5.69	6.00	5.70	4.84	-0.5
721	2024	Emmanuel Clase	CLE	4	2	47	74	0	74.1	7.99	1.21	0.24	.195	85.1%	57.4%	4.3%		0.61	2.45	2.22	2.81	2.2
722	2026	Brock Burke	CIN	6	5	2	77	0	74.1	8.96	4.84	0.61	.257	72.5%	38.7%	6.0%	96.2	2.30	3.66	3.76	4.59	0.8
723	2026	Randy Dobnak	KCR	3	5	0	15	13	74.1	5.93	3.15	0.85	.302	78.4%	49.4%	10.4%	92.3	3.51	4.85	4.22	4.35	0.7
724	2026	Noah Schultz	CHW	4	9	0	19	14	74.1	8.11	3.75	1.33	.277	65.9%	34.4%	11.7%	95.4	5.57	5.60	4.84	4.82	0.3
725	2023	Tyler Rogers	SFG	4	5	2	68	0	74.0	7.30	2.31	0.85	.268	78.0%	50.5%	9.7%		3.04	2.76	3.76	4.13	0.6
726	2024	Joe Ross	MIL	3	6	0	25	10	74.0	8.03	3.53	0.85	.298	72.7%	41.0%	7.5%	94.8	3.77	3.95	3.83	4.50	0.9
727	2024	José Buttó	NYM	7	3	3	30	7	74.0	9.61	4.62	0.73	.211	83.3%	41.5%	8.6%	94.4	2.55	3.51	3.83	4.20	1.0
728	2025	Shawn Armstrong	TEX	4	3	9	71	2	74.0	9.00	2.43	0.61	.196	76.3%	35.9%	5.8%	93.6	2.31	3.02	3.07	3.98	1.3
729	2026	Tyler Glasnow	LAD	5	2	0	13	13	74.0	11.92	3.04	0.85	.242	68.6%	40.1%	10.3%	95.6	3.53	2.86	2.74	2.89	2.4
730	2026	Cade Smith	CLE	6	1	41	69	0	74.0	13.01	2.80	0.61	.276	80.9%	41.3%	7.7%	97.3	1.95	2.82	2.18	2.63	2.6
731	2026	Bradgley Rodriguez	SDP	4	3	2	68	4	74.0	9.85	2.43	0.73	.273	76.5%	49.2%	8.0%	98.2	2.19	2.37	2.78	3.25	1.6
732	2024	Merrill Kelly	ARI	5	1	0	13	13	73.2	7.70	2.32	1.34	.273	73.0%	42.5%	14.3%	92.0	4.03	4.98	4.25	3.89	0.7
733	2024	Jason Adam	2 Tms	7	2	4	74	0	73.2	9.90	2.81	0.61	.210	79.0%	42.9%	7.4%	95.6	1.95	3.24	3.03	3.54	1.3
734	2024	Victor Vodnik	COL	5	4	9	64	0	73.2	7.94	4.52	0.86	.310	72.9%	54.4%	12.1%	98.2	4.28	4.96	4.18	4.14	0.3
735	2025	Tony Santillan	CIN	1	5	7	80	0	73.2	9.16	3.54	0.86	.249	82.9%	36.2%	9.3%	96.2	2.44	4.34	3.72	4.05	1.0
736	2025	Adrian Morejon	SDP	13	6	3	75	0	73.2	8.55	2.08	0.24	.239	68.0%	53.1%	3.6%	96.6	2.08	2.63	2.28	3.08	2.3
737	2025	Cade Smith	CLE	8	5	16	76	0	73.2	12.71	2.32	0.49	.302	64.9%	36.6%	6.0%	96.5	2.93	2.51	1.95	2.65	2.7
738	2026	Kai-Wei Teng	HOU	5	7	0	30	10	73.2	8.92	4.03	1.22	.295	71.3%	38.5%	12.0%	93.4	4.76	4.95	4.76	4.69	0.2
739	2026	Kevin Kelly	TBR	6	4	4	71	0	73.2	7.70	1.34	0.73	.250	75.9%	59.2%	14.6%	93.3	2.44	3.37	3.02	2.80	1.4
740	2026	Andrew Morris	MIN	4	8	5	64	3	73.2	8.43	3.30	0.61	.317	63.5%	45.0%	6.3%	97.4	4.40	3.32	3.29	4.03	1.0
741	2024	Hunter Strickland	LAA	3	2	1	72	0	73.1	7.00	2.95	1.23	.229	75.0%	35.7%	9.3%	94.5	3.31	3.47	4.45	4.88	0.1
742	2024	Jared Shuster	CHW	2	5	0	39	4	73.1	6.87	4.05	1.10	.291	73.1%	34.3%	8.8%	92.6	4.30	4.64	4.58	5.09	0.1
743	2025	Michael King	SDP	5	3	0	15	15	73.1	9.33	3.19	1.47	.263	81.1%	38.3%	13.2%	93.8	3.44	4.26	4.42	4.20	0.9
744	2025	Jackson Rutledge	WSN	4	2	0	63	0	73.1	7.98	2.95	1.96	.326	72.2%	40.5%	16.3%	95.7	5.77	4.73	5.47	4.69	-0.4
745	2025	Emmet Sheehan	LAD	6	3	0	15	12	73.1	10.92	2.70	0.86	.246	69.6%	33.1%	8.8%	95.4	2.82	3.00	2.93	3.37	2.1
746	2026	Antonio Senzatela	2 Tms	11	5	4	57	0	73.1	7.36	3.19	0.74	.309	69.1%	47.7%	8.3%	97.3	4.05	4.04	3.67	4.09	1.1
747	2026	Didier Fuentes	ATL	7	2	3	58	1	73.1	11.29	2.58	0.74	.307	83.1%	37.4%	8.6%	97.3	2.45	3.15	2.60	2.97	2.1
748	2026	JR Ritchie	ATL	1	5	1	17	11	73.1	8.35	5.28	1.60	.265	74.1%	46.4%	18.3%	94.7	4.91	5.16	5.56	4.71	-0.3
749	2025	Jeremiah Estrada	SDP	4	5	3	77	0	73.0	13.32	3.33	1.48	.299	80.1%	36.0%	14.3%	97.9	3.45	2.75	3.55	3.18	1.1
750	2025	Ronny Henriquez	MIA	7	1	7	69	0	73.0	12.08	3.33	0.99	.271	83.8%	39.8%	10.1%	96.7	2.22	2.96	3.15	3.39	1.3
751	2025	Cam Schlittler	NYY	4	3	0	14	14	73.0	10.36	3.82	0.99	.284	84.5%	36.4%	11.6%	97.8	2.96	4.11	3.74	3.77	1.3
752	2025	Yariel Rodríguez	TOR	3	2	2	66	1	73.0	8.14	4.19	0.99	.228	81.2%	39.7%	10.4%	95.7	3.08	4.17	4.40	4.60	0.1
753	2026	Taylor Clarke	ARI	2	4	0	71	2	73.0	5.55	1.73	0.86	.239	72.9%	45.0%	8.6%	94.6	2.96	4.41	3.85	4.28	0.5
754	2026	Tyler Alexander	TEX	5	2	4	75	5	73.0	7.40	2.84	0.37	.315	68.9%	49.5%	4.1%	92.1	3.70	3.33	3.10	4.08	1.2
755	2026	Luis Medina	ATH	6	3	0	60	1	73.0	11.47	4.81	0.86	.322	79.0%	38.8%	9.5%	97.9	3.08	3.85	3.57	3.85	0.9
756	2023	Trevor Richards	TOR	2	1	0	56	3	72.2	13.00	4.33	1.61	.313	72.1%	32.0%	15.5%	92.8	4.95	3.56	4.22	3.80	0.4
757	2023	Emmanuel Clase	CLE	3	9	44	75	0	72.2	7.93	1.98	0.50	.295	60.5%	55.0%	7.3%		3.22	3.11	2.91	3.45	1.7
758	2023	Yennier Cano	BAL	1	4	8	72	0	72.2	8.05	1.61	0.50	.283	81.0%	58.0%	10.3%	96.5	2.11	3.30	2.84	3.01	1.7
759	2024	Justin Martinez	ARI	5	6	8	64	0	72.2	11.27	4.46	0.25	.322	75.4%	58.9%	6.5%	100.6	2.48	3.09	2.59	2.88	1.4
760	2025	Tyler Kinley	2 Tms	6	3	3	73	0	72.2	9.04	4.09	0.74	.244	67.0%	33.0%	6.5%	95.2	3.96	3.51	3.69	4.59	0.9
761	2025	Louis Varland	2 Tms	4	3	0	74	1	72.2	9.29	2.72	0.74	.309	76.9%	52.6%	12.2%	98.1	2.97	4.00	3.14	3.10	1.2
762	2024	Tanner Banks	2 Tms	2	3	2	63	2	72.1	9.71	3.11	0.75	.317	63.2%	49.8%	8.8%	93.7	3.98	3.35	3.25	3.59	1.1
763	2024	Trent Thornton	SEA	4	3	1	71	0	72.1	9.58	2.36	1.00	.297	72.6%	38.1%	11.0%	95.6	3.61	3.41	3.47	3.56	0.6
764	2024	Hogan Harris	OAK	4	4	0	21	9	72.1	7.59	4.11	0.87	.289	78.9%	37.1%	8.5%	93.1	2.86	5.04	4.23	4.69	0.5
765	2023	Bryan Abreu	HOU	3	2	5	72	0	72.0	12.50	3.88	0.75	.259	87.6%	37.1%	9.8%	97.6	1.75	3.22	2.98	3.29	1.5
766	2023	Julian Merryweather	CHC	5	1	2	69	0	72.0	12.25	4.50	1.00	.313	80.0%	40.7%	11.9%	98.2	3.38	3.70	3.52	3.61	0.9
767	2024	David Robertson	TEX	3	4	2	68	0	72.0	12.38	3.38	0.63	.300	76.9%	48.8%	9.3%		3.00	3.17	2.65	2.88	1.8
768	2024	Tanner Scott	2 Tms	9	6	22	72	0	72.0	10.50	4.50	0.38	.247	79.7%	50.0%	6.3%	97.2	1.75	2.99	2.92	3.38	1.6
769	2024	Hayden Birdsong	SFG	5	6	0	16	16	72.0	11.00	5.38	1.38	.272	73.4%	39.8%	15.1%	95.9	4.75	4.67	4.67	4.21	0.1
770	2025	Yu Darvish	SDP	5	5	0	15	15	72.0	8.50	2.38	1.75	.275	65.8%	39.8%	16.1%	93.8	5.38	3.62	4.82	4.15	0.4
771	2025	Garrett Whitlock	BOS	7	3	1	62	0	72.0	11.38	3.00	0.25	.304	77.3%	45.1%	3.3%		2.25	2.79	2.18	3.10	2.2
772	2025	Cole Sands	MIN	4	6	3	69	3	72.0	8.00	2.38	0.88	.283	60.1%	44.0%	8.6%	95.1	4.50	3.87	3.58	4.05	0.8
773	2026	Tyler Wells	2 Tms	5	2	6	57	0	72.0	9.00	2.25	1.00	.220	78.9%	26.5%	8.0%	93.5	2.38	2.93	3.38	4.03	1.3
774	2026	Jacob Latz	TEX	3	4	30	58	1	72.0	10.38	2.88	0.75	.182	78.6%	36.4%	7.7%	95.0	2.13	2.65	2.84	3.39	2.2
775	2026	Tyler Holton	DET	2	5	2	67	3	72.0	6.88	2.38	1.00	.296	81.4%	50.9%	11.8%	91.7	2.75	3.77	4.06	4.04	0.3
776	2026	Ryan Watson	2 Tms	1	1	4	53	0	72.0	8.13	2.88	1.00	.288	73.7%	39.9%	9.5%	94.4	4.00	4.68	3.82	4.14	0.7
777	2023	Julio Teheran	MIL	3	5	0	14	11	71.2	6.28	1.63	1.63	.264	73.4%	40.0%	14.3%	89.2	4.40	4.78	4.93	4.67	0.3
778	2023	Garrett Whitlock	BOS	5	5	1	22	10	71.2	9.04	1.63	1.63	.340	68.9%	44.2%	16.5%		5.15	4.64	4.27	3.74	0.8
779	2024	Dennis Santana	2 Tms	3	1	3	62	0	71.2	8.67	2.64	0.50	.280	64.1%	36.1%	5.1%	95.7	3.89	3.26	3.01	3.95	1.2
780	2025	Steven Okert	HOU	3	2	1	68	1	71.2	10.55	2.39	0.75	.236	71.2%	24.6%	6.4%	92.0	3.01	2.63	2.76	3.69	1.6
781	2025	Wandy Peralta	SDP	6	1	0	71	1	71.2	7.91	3.77	0.63	.286	75.8%	59.7%	9.4%	95.4	3.14	4.01	3.62	3.86	0.5
782	2026	Casey Legumina	2 Tms	2	2	0	55	6	71.2	6.91	2.39	0.88	.306	77.6%	41.4%	8.9%	93.1	3.77	4.22	3.97	4.36	0.4
783	2024	Ty Blach	COL	3	8	0	20	12	71.1	4.54	2.27	2.14	.340	69.8%	40.9%	18.5%		6.94	7.18	6.26	5.12	-0.7
784	2024	A.J. Puk	2 Tms	4	9	3	62	4	71.1	11.10	3.53	0.63	.269	67.6%	36.8%	7.0%	95.7	3.15	2.75	2.87	3.47	1.7
785	2024	Cole Sands	MIN	9	1	4	62	0	71.1	10.72	1.51	0.76	.290	68.5%	36.7%	7.4%	95.7	3.28	3.40	2.63	3.26	1.5
786	2025	Zach Eflin	BAL	6	5	0	14	14	71.1	6.31	1.64	2.27	.310	70.7%	40.2%	19.4%	92.0	5.93	4.49	5.64	4.37	-0.2
787	2026	Enyel De Los Santos	HOU	3	3	5	66	0	71.1	8.45	2.52	1.39	.287	63.0%	34.6%	11.3%	95.1	4.79	3.42	4.11	4.16	0.3
788	2023	Matthew Boyd	DET	5	5	0	15	15	71.0	9.25	3.17	1.39	.302	62.0%	38.8%	12.6%	91.6	5.45	4.19	4.35	4.37	0.9
789	2024	Josh Hader	HOU	8	8	34	71	0	71.0	13.31	3.17	1.52	.230	69.0%	30.3%	15.8%		3.80	2.70	3.50	2.93	0.9
790	2024	Buck Farmer	CIN	3	2	1	61	1	71.0	8.87	3.68	0.89	.263	81.5%	35.8%	8.6%	92.9	3.04	4.14	4.00	4.44	0.5
791	2024	Griffin Jax	MIN	5	5	10	72	0	71.0	12.04	1.90	0.51	.269	77.1%	52.2%	7.7%	97.1	2.03	2.38	1.94	2.32	2.6
792	2025	Bryan Abreu	HOU	3	4	7	70	0	71.0	13.31	3.93	0.51	.309	84.6%	34.8%	6.6%	97.2	2.28	3.41	2.39	2.98	2.2
793	2025	Lake Bachar	MIA	8	2	3	53	1	71.0	9.51	3.80	1.27	.253	73.0%	34.1%	12.0%	94.8	3.93	4.47	4.25	4.22	0.1
794	2026	Tyler Rogers	TOR	2	3	4	74	0	71.0	5.07	2.79	0.25	.259	76.6%	63.7%	3.8%		1.77	2.88	3.35	4.12	1.1
795	2023	Joel Payamps	MIL	7	5	3	69	0	70.2	9.81	2.17	1.02	.272	81.1%	45.9%	11.4%	95.5	2.55	3.18	3.48	3.65	1.2
796	2023	Matt Brash	SEA	9	4	4	78	0	70.2	13.63	3.69	0.38	.380	77.2%	46.1%	5.3%	98.2	3.06	3.26	2.26	3.05	2.0
797	2023	Bryan Hoeing	MIA	2	3	0	33	7	70.2	6.75	3.18	1.66	.275	66.4%	45.1%	15.1%	94.0	5.48	5.19	5.29	4.91	-0.3
798	2024	Andrew Kittredge	STL	5	5	1	74	0	70.2	8.53	2.55	1.27	.263	81.8%	45.2%	14.1%		2.80	4.00	3.96	3.64	0.3
799	2024	Kevin Kelly	TBR	5	2	1	68	0	70.2	8.02	1.15	0.89	.268	75.9%	56.8%	13.0%	92.2	2.67	3.35	3.27	3.13	0.8
800	2023	Scott McGough	ARI	2	7	9	63	1	70.1	11.00	3.84	1.79	.272	71.8%	48.6%	24.6%	93.5	4.73	4.30	4.76	3.51	-0.1
801	2024	Tyler Rogers	SFG	3	4	1	77	0	70.1	6.53	0.77	0.90	.274	81.2%	54.5%	10.6%		2.82	3.07	3.56	3.69	0.6
802	2024	Will Vest	DET	3	4	2	69	0	70.1	8.06	2.30	0.38	.287	75.8%	48.5%	5.4%	96.3	2.82	3.91	2.83	3.47	1.2
803	2024	Declan Cronin	MIA	3	4	0	56	0	70.1	9.21	3.20	0.13	.365	61.8%	57.6%	2.1%	94.0	4.35	3.63	2.58	3.43	1.3
804	2025	Hoby Milner	TEX	3	4	0	73	0	70.1	7.42	2.69	0.64	.304	66.7%	52.7%	7.4%	88.0	3.84	3.79	3.39	3.96	0.9
805	2025	Dennis Santana	PIT	4	5	16	70	0	70.1	7.68	2.18	0.64	.211	80.7%	38.4%	5.8%	94.7	2.18	3.50	3.21	4.17	1.2
806	2026	Patrick Sandoval	BOS	1	7	0	15	13	70.1	9.34	4.09	0.90	.382	69.0%	37.8%	8.3%	93.5	5.12	4.85	3.77	4.28	1.3
807	2026	Hogan Harris	ATH	4	2	17	74	0	70.1	11.26	5.37	1.02	.310	82.5%	47.4%	13.1%	95.4	3.33	3.71	4.08	3.91	0.5
808	2026	Trevor McDonald	SFG	3	7	0	14	14	70.1	7.29	2.94	0.90	.294	64.8%	55.3%	13.0%	93.9	5.12	4.09	4.27	4.13	0.7
809	2023	Carlos Hernández	KCR	1	10	4	67	4	70.0	9.90	3.99	1.29	.287	63.7%	32.1%	12.3%	99.3	5.27	4.70	4.28	4.34	0.3
810	2024	Jalen Beeks	2 Tms	7	4	10	71	0	70.0	7.07	3.47	0.77	.321	65.9%	45.1%	7.3%	94.7	4.50	3.80	4.00	4.65	0.6
811	2024	Kevin Ginkel	ARI	8	3	5	72	0	70.0	9.90	1.93	0.77	.332	71.2%	43.8%	8.7%	96.1	3.21	3.23	2.85	3.23	1.3
812	2025	Jhoan Duran	2 Tms	7	6	32	72	0	70.0	10.29	2.44	0.39	.302	80.5%	65.0%	8.3%	100.6	2.06	2.51	2.35	2.59	2.1
813	2026	Juan Mejia	COL	4	6	4	65	1	70.0	8.49	5.14	0.77	.346	68.4%	42.7%	8.8%	96.9	5.27	4.71	4.17	4.52	0.5
814	2026	Luinder Avila	KCR	5	4	0	21	12	70.0	7.84	5.40	0.90	.325	68.4%	47.0%	9.7%	96.1	5.53	4.94	4.54	4.80	0.4
815	2026	Mason Miller	SDP	5	2	38	66	0	70.0	16.59	3.34	0.39	.304	80.6%	45.6%	7.0%	101.3	1.67	1.70	1.17	1.54	3.7
816	2025	Brad Keller	CHC	4	2	3	68	1	69.2	9.69	2.84	0.52	.243	81.6%	56.1%	7.8%		2.07	2.79	2.93	3.32	1.3
817	2025	Grant Anderson	MIL	2	6	0	66	0	69.2	9.56	3.75	1.03	.274	69.8%	41.8%	11.6%	93.4	3.23	3.72	3.84	3.87	0.4
818	2025	Braxton Ashcraft	PIT	4	4	0	26	8	69.2	9.17	3.10	0.39	.313	79.0%	50.3%	5.0%	96.8	2.71	3.45	2.78	3.54	1.6
819	2025	Brandon Eisert	CHW	3	8	2	72	3	69.2	9.56	3.23	1.55	.332	78.2%	39.5%	15.2%	89.8	4.39	4.09	4.54	4.05	0.0
820	2025	Robert Suarez	SDP	4	6	40	70	0	69.2	9.69	2.07	0.78	.241	72.4%	36.2%	8.5%	98.6	2.97	3.65	2.88	3.33	1.9
821	2026	Ryan Zeferjahn	2 Tms	4	4	7	65	0	69.2	12.14	5.17	0.90	.273	73.7%	44.7%	12.3%	97.6	3.88	3.09	3.82	3.75	0.5
822	2023	Brent Suter	COL	4	3	0	57	2	69.1	7.14	3.25	0.39	.301	64.2%	46.5%	4.5%		3.38	3.26	3.44	4.48	1.3
823	2023	Emilio Pagán	MIN	5	2	1	66	1	69.1	8.44	2.73	0.65	.221	68.3%	31.5%	5.3%	95.8	2.99	3.65	3.27	4.57	1.2
824	2023	Kyle Finnegan	WSN	7	5	28	67	0	69.1	8.18	3.12	1.43	.291	76.7%	47.2%	17.7%	97.4	3.76	4.60	4.58	4.00	0.3
825	2024	Adrian Houser	NYM	1	5	1	23	7	69.1	5.84	4.15	1.04	.300	62.8%	48.5%	10.4%	93.8	5.84	5.22	4.93	5.11	-0.1
826	2024	Raisel Iglesias	ATL	6	2	34	66	0	69.1	8.83	1.69	0.52	.199	72.3%	44.4%	5.9%	95.7	1.95	2.29	2.65	3.38	1.6
827	2026	David Bednar	NYY	7	3	35	64	0	69.1	9.87	2.60	0.52	.270	71.6%	51.4%	7.0%	96.2	2.47	2.87	2.61	3.10	1.9
828	2023	Craig Kimbrel	PHI	8	6	23	71	0	69.0	12.26	3.65	1.30	.239	77.4%	33.6%	14.5%	96.0	3.26	3.26	3.81	3.58	1.1
829	2023	Justin Topa	SEA	5	4	3	75	0	69.0	7.96	2.35	0.52	.295	73.3%	56.7%	8.3%		2.61	3.03	3.15	3.55	1.0
830	2023	Jason Foley	DET	3	3	7	70	0	69.0	7.17	1.96	0.26	.310	76.7%	57.1%	4.2%	98.1	2.61	3.72	2.73	3.51	1.6
831	2023	Michael Grove	LAD	2	3	0	18	12	69.0	9.52	2.48	1.57	.364	65.8%	39.1%	15.8%	94.8	6.13	5.02	4.36	3.92	0.8
832	2024	Landon Knack	LAD	3	5	1	15	12	69.0	9.00	2.35	1.83	.242	85.9%	31.1%	14.3%	93.5	3.65	4.00	4.72	4.23	0.5
833	2023	Trevor Stephan	CLE	7	7	2	71	0	68.2	9.83	3.41	0.79	.313	68.9%	41.6%	7.9%	95.1	4.06	4.49	3.56	4.25	0.9
834	2024	Dylan Floro	2 Tms	6	4	0	66	0	68.2	6.29	2.23	0.66	.288	68.4%	45.5%	7.1%	90.0	3.80	3.92	3.50	4.10	0.6
835	2024	Tayler Scott	HOU	7	3	0	62	1	68.2	9.31	4.59	0.92	.230	84.9%	42.4%	11.3%	92.8	2.23	3.49	4.13	4.17	0.2
836	2024	Joe Jiménez	ATL	1	5	3	69	0	68.2	10.75	3.01	0.26	.259	72.3%	41.9%	2.8%	94.6	2.62	2.57	2.34	3.52	1.8
837	2024	Valente Bellozo	MIA	3	4	0	13	13	68.2	5.77	2.75	1.97	.254	85.9%	30.0%	12.8%	89.3	3.67	4.99	5.73	5.47	-0.1
838	2025	Emilio Pagán	CIN	2	4	32	70	0	68.2	10.62	2.88	1.31	.200	76.5%	28.7%	10.8%	95.7	2.88	2.88	3.72	3.91	1.0
839	2025	Will Vest	DET	6	5	23	64	0	68.2	9.83	2.88	0.52	.313	74.0%	58.2%	8.3%	96.8	3.01	2.88	2.71	3.03	1.8
840	2025	Bryan Baker	2 Tms	4	4	3	73	0	68.2	10.88	2.23	1.70	.286	74.4%	38.2%	18.1%	96.7	4.06	4.01	3.92	3.08	0.5
841	2025	Reese Olson	DET	4	4	0	13	13	68.2	8.52	3.28	0.66	.286	79.0%	42.9%	7.6%	94.4	3.15	4.07	3.50	4.03	1.4
842	2026	Mason Montgomery	PIT	6	4	18	70	5	68.2	13.76	3.41	0.79	.279	77.0%	52.8%	13.0%	98.5	2.88	2.52	2.36	2.23	2.2
843	2023	Héctor Neris	HOU	6	3	2	71	0	68.1	10.14	4.08	0.92	.219	90.5%	31.8%	8.6%	93.1	1.71	3.28	3.83	4.45	0.9
844	2023	Roansy Contreras	PIT	3	7	1	19	11	68.1	7.24	4.21	1.45	.315	62.6%	37.7%	12.6%	94.4	6.59	5.37	5.19	5.20	0.1
845	2024	Grant Holmes	ATL	2	1	0	26	7	68.1	9.22	1.98	0.92	.314	76.5%	43.8%	9.3%	94.5	3.56	3.52	3.20	3.52	1.2
846	2024	Roansy Contreras	2 Tms	2	4	2	49	3	68.1	7.38	4.08	1.45	.265	75.1%	44.4%	13.3%	94.9	4.35	4.98	5.16	4.90	-0.5
847	2025	Scott Barlow	CIN	6	3	1	75	1	68.1	9.88	5.93	1.05	.249	73.5%	42.9%	11.8%	92.2	4.21	4.36	4.70	4.71	0.1
848	2025	Dylan Lee	ATL	2	4	2	74	0	68.1	10.01	1.84	1.71	.245	82.0%	37.1%	17.3%	94.0	3.29	2.93	4.00	3.22	0.3
849	2025	Tylor Megill	NYM	5	5	0	14	14	68.1	11.72	4.35	0.79	.318	68.8%	40.2%	9.4%	95.7	3.95	3.88	3.43	3.73	1.5
850	2025	Brendon Little	TOR	4	2	1	79	0	68.1	11.99	5.93	0.26	.297	72.7%	59.0%	5.4%	95.4	3.03	3.36	2.92	3.37	1.2
851	2026	Calvin Faucher	MIA	5	5	3	69	0	68.1	9.61	4.87	0.13	.291	65.9%	55.6%	2.3%	96.4	3.56	3.64	2.95	3.74	1.2
852	2023	Scott Barlow	2 Tms	2	6	13	63	0	68.0	10.46	4.50	0.53	.322	64.6%	42.9%	7.0%	93.2	4.37	3.76	3.42	4.04	1.0
853	2023	Andre Pallante	STL	4	1	0	62	0	68.0	5.69	3.97	0.79	.318	71.6%	77.8%	26.1%	96.3	4.76	4.10	4.59	4.01	-0.1
854	2023	Louis Varland	MIN	4	3	0	17	10	68.0	9.40	2.25	2.12	.281	79.5%	44.3%	21.1%	95.3	4.63	4.64	5.02	3.81	0.2
855	2025	Jeff Hoffman	TOR	9	7	33	71	0	68.0	11.12	3.57	1.99	.248	79.7%	39.4%	20.0%	96.4	4.37	3.75	4.90	3.73	-0.4
856	2025	Bryan King	HOU	5	4	2	68	0	68.0	9.13	1.46	1.32	.276	88.5%	41.0%	14.5%	91.9	2.78	3.06	3.68	3.33	0.7
857	2026	Ben Brown	CHC	4	2	1	20	8	68.0	8.60	2.51	0.26	.243	79.1%	44.6%	3.3%	96.4	1.85	3.25	2.50	3.47	2.0
858	2023	Camilo Doval	SFG	6	6	39	69	0	67.2	11.57	3.46	0.40	.306	65.6%	52.2%	6.3%		2.93	2.92	2.77	3.36	1.9
859	2024	Michael Kopech	2 Tms	6	8	15	67	0	67.2	11.70	4.52	1.20	.245	79.5%	37.6%	13.2%	98.8	3.46	3.49	4.02	3.81	0.4
860	2024	Beau Brieske	DET	4	5	1	46	12	67.2	9.18	3.99	0.67	.284	70.0%	37.6%	6.5%	96.0	3.59	3.33	3.51	4.27	0.8
861	2024	Hayden Wesneski	CHC	3	6	0	28	7	67.2	8.91	2.79	1.60	.243	67.5%	44.8%	15.6%	94.8	3.86	4.16	4.51	3.93	0.2
862	2025	Brent Suter	CIN	1	2	0	48	3	67.2	7.05	2.39	1.46	.280	69.3%	43.7%	13.6%		4.52	4.08	4.57	4.30	0.0
863	2025	Daniel Lynch IV	KCR	6	2	1	57	2	67.2	5.99	3.46	1.06	.284	85.3%	47.8%	11.4%	94.2	3.06	4.53	4.76	4.82	-0.1
864	2026	Steven Okert	HOU	6	2	0	68	1	67.2	9.04	1.86	0.93	.226	86.5%	26.3%	7.4%	91.1	2.13	3.11	3.23	3.99	1.2
865	2026	Kevin Ginkel	ARI	6	4	3	74	0	67.2	9.58	2.26	1.20	.284	66.8%	39.8%	11.1%	95.7	4.12	3.55	3.50	3.58	0.8
866	2026	Yusei Kikuchi	LAA	1	7	0	14	14	67.2	8.91	3.99	0.93	.338	71.0%	42.2%	9.7%	95.5	4.92	4.75	3.93	4.19	1.1
867	2023	Rafael Montero	HOU	3	3	1	68	0	67.1	10.56	3.88	1.47	.358	72.8%	41.2%	15.3%	96.1	5.08	4.52	4.46	4.10	0.1
868	2023	Phil Bickford	2 Tms	5	5	1	61	0	67.1	10.16	5.21	1.07	.288	67.2%	27.9%	9.2%	93.9	4.95	4.82	4.46	5.05	0.2
869	2023	David Bednar	PIT	3	3	39	66	0	67.1	10.69	2.81	0.40	.294	75.5%	39.4%	3.8%	96.6	2.00	2.86	2.53	3.86	2.3
870	2023	Eli Morgan	CLE	5	2	1	61	0	67.1	10.02	3.21	1.20	.337	71.4%	41.9%	12.7%	92.7	4.01	3.96	3.88	3.88	0.4
871	2023	Brusdar Graterol	LAD	4	2	7	68	1	67.1	6.42	1.60	0.40	.260	84.4%	64.4%	6.8%	98.6	1.20	3.13	3.03	3.53	1.4
872	2023	Alexis Díaz	CIN	9	6	37	71	0	67.1	11.50	4.81	0.53	.267	71.1%	38.0%	6.8%	94.7	3.07	3.46	3.52	4.20	1.7
873	2024	Joey Wentz	2 Tms	1	2	1	46	0	67.1	9.76	4.41	1.07	.312	71.9%	41.1%	11.3%	93.8	4.68	3.67	4.19	4.24	0.2
874	2024	Erik Miller	SFG	4	5	0	73	10	67.1	11.63	5.08	0.94	.285	70.7%	50.6%	13.0%	97.1	3.88	3.15	3.67	3.53	0.4
875	2025	Tanner Banks	PHI	6	2	1	69	1	67.1	8.15	1.60	1.20	.255	79.8%	36.7%	11.7%	92.5	3.07	3.79	3.64	3.67	0.8
876	2025	Raisel Iglesias	ATL	4	6	29	70	0	67.1	9.76	2.14	1.07	.257	76.1%	30.5%	9.1%	94.8	3.21	3.12	3.31	3.78	1.0
877	2025	Jordan Hicks	2 Tms	2	7	2	34	9	67.1	7.75	4.28	0.80	.352	57.3%	54.7%	11.5%	97.4	6.95	4.59	4.35	4.39	0.3
878	2026	Tim Mayza	PHI	3	4	0	60	6	67.1	8.55	2.41	0.94	.282	72.9%	48.1%	11.7%	94.4	3.48	3.47	3.40	3.39	0.8
879	2026	Bryan Hudson	CHW	5	4	8	70	9	67.1	7.89	2.41	0.67	.321	71.1%	45.4%	7.5%	91.9	3.74	3.18	3.29	3.83	1.3
880	2026	Eduard Bazardo	SEA	4	4	1	73	0	67.1	9.36	3.34	1.74	.321	80.7%	34.7%	15.3%	95.9	4.01	4.94	4.73	4.13	-0.5
881	2023	Brandon Woodruff	MIL	5	1	0	11	11	67.0	9.94	2.01	1.21	.204	90.3%	36.5%	12.5%	95.9	2.28	2.84	3.60	3.63	1.4
882	2023	Kevin Kelly	TBR	5	2	1	57	0	67.0	7.52	2.01	0.27	.264	67.8%	47.7%	3.1%	91.8	3.09	3.34	3.09	4.28	1.2
883	2024	Jakob Junis	2 Tms	4	0	1	24	6	67.0	6.85	1.07	1.07	.224	77.9%	38.7%	10.4%	92.6	2.69	3.90	3.69	3.87	0.8
884	2024	Tim Hill	2 Tms	4	0	0	62	0	67.0	4.16	2.55	0.27	.316	69.3%	68.2%	5.4%	90.8	3.36	3.56	3.57	4.02	0.5
885	2025	Tim Hill	NYY	4	4	0	70	0	67.0	4.97	2.15	1.07	.240	74.8%	64.8%	15.7%	89.9	3.09	3.39	4.30	3.92	0.0
886	2025	Greg Weissert	BOS	6	6	4	72	0	67.0	7.66	2.82	0.81	.267	74.4%	41.3%	7.6%	94.2	2.82	3.42	3.67	4.33	0.7
887	2025	José Buttó	2 Tms	5	3	1	55	0	67.0	7.79	4.30	0.54	.309	71.9%	48.1%	6.3%	95.3	3.90	4.52	3.70	4.38	0.5
888	2026	Huascar Brazobán	2 Tms	6	2	0	60	6	67.0	7.52	3.90	0.67	.222	76.1%	50.3%	8.9%	96.9	2.96	3.50	3.74	4.03	0.7
889	2026	Jacob Webb	CHC	6	5	9	68	0	67.0	9.81	3.36	1.34	.280	80.3%	40.8%	15.2%	94.2	3.36	4.34	4.03	3.57	0.3
890	2026	Gregory Soto	PIT	6	5	16	69	0	67.0	10.61	3.90	0.67	.267	69.2%	43.6%	7.8%	97.1	3.63	3.03	3.32	3.80	1.4
891	2026	Jonathan Loáisiga	ARI	7	3	2	67	0	67.0	6.45	1.75	0.40	.270	76.0%	56.4%	5.5%	97.6	2.42	3.01	2.88	3.53	1.1
892	2026	Dylan Lee	ATL	6	1	0	71	0	67.0	10.34	2.28	0.40	.273	65.8%	31.3%	3.8%	93.4	3.09	2.64	2.15	3.32	2.1
893	2026	Rico Garcia	BAL	5	1	10	75	0	67.0	9.13	2.96	1.21	.207	75.4%	40.8%	12.5%	95.4	3.09	2.92	3.89	3.77	0.8
894	2026	Yoendrys Gómez	2 Tms	3	4	22	65	0	67.0	8.73	5.24	0.94	.279	71.0%	26.2%	7.7%	96.0	4.30	5.49	4.40	5.09	0.4
895	2023	Erik Swanson	TOR	4	2	4	69	0	66.2	10.13	2.84	1.08	.278	82.5%	39.6%	10.7%	93.7	2.97	3.11	3.51	3.81	0.9
896	2024	Fernando Cruz	CIN	3	8	0	69	3	66.2	14.72	4.73	1.22	.336	69.8%	35.7%	17.6%	94.8	4.86	3.94	3.27	2.67	1.1
897	2024	Shawn Armstrong	3 Tms	3	3	1	57	7	66.2	8.91	3.38	0.81	.362	69.0%	35.8%	7.6%	93.5	4.86	5.13	3.57	4.19	0.7
898	2024	José Leclerc	TEX	6	5	1	64	0	66.2	12.02	4.32	0.95	.314	71.8%	35.2%	10.3%	95.6	4.32	3.58	3.48	3.66	0.8
899	2024	Trevor Williams	WSN	6	1	0	13	13	66.2	7.97	2.43	0.41	.267	80.2%	45.4%	4.2%	89.2	2.03	3.24	2.79	3.82	2.0
900	2024	Jesús Luzardo	MIA	3	6	0	12	12	66.2	7.83	2.97	1.22	.284	66.3%	37.0%	11.8%	95.5	5.00	4.55	4.26	4.23	0.7
901	2024	Ryan Fernandez	STL	1	6	2	62	0	66.2	9.59	4.32	0.54	.307	71.8%	42.9%	6.8%	95.8	3.51	3.46	3.35	3.90	0.8
902	2025	Jakob Junis	CLE	4	1	0	57	0	66.2	7.43	2.43	0.68	.307	78.5%	40.6%	6.7%	91.3	2.97	4.04	3.45	4.21	0.6
903	2025	Aaron Ashby	MIL	5	2	3	43	1	66.2	10.26	3.24	0.41	.313	84.8%	62.0%	8.1%	96.8	2.16	3.10	2.70	2.97	1.2
904	2025	Hunter Gaddis	CLE	2	2	3	73	0	66.2	9.86	2.84	1.08	.292	81.4%	36.9%	10.5%	94.7	3.11	3.61	3.50	3.69	0.8
905	2025	Justin Wrobleski	LAD	5	5	2	24	2	66.2	10.26	2.30	0.81	.331	66.6%	50.6%	12.5%	96.0	4.32	3.41	2.93	2.87	1.5
906	2026	Matt Festa	CLE	2	3	1	66	0	66.2	9.32	2.84	0.95	.317	73.3%	36.6%	8.6%	92.3	3.78	3.91	3.61	4.08	0.6
907	2023	Kendall Graveman	2 Tms	5	6	8	68	0	66.1	8.95	4.88	1.22	.253	81.9%	38.7%	13.2%	96.1	3.12	4.54	4.88	4.81	-0.1
908	2023	Gregory Santos	CHW	2	2	5	60	0	66.1	8.95	2.31	0.27	.337	70.3%	52.5%	4.8%	98.8	3.39	3.21	2.65	3.31	1.5
909	2023	Zack Thompson	STL	5	7	0	25	9	66.1	9.77	3.39	1.09	.339	71.9%	44.0%	13.1%	93.9	4.48	4.64	3.87	3.83	1.1
910	2024	Ryan Thompson	ARI	7	5	2	67	0	66.1	7.06	2.04	0.68	.296	74.0%	61.4%	11.1%	92.5	3.26	3.98	3.30	3.35	0.9
911	2024	Jeff Hoffman	PHI	3	3	10	68	0	66.1	12.08	2.17	0.81	.278	80.2%	37.6%	9.4%	96.9	2.17	2.93	2.52	2.80	2.1
912	2024	Ryan Helsley	STL	7	4	49	65	0	66.1	10.72	3.12	0.41	.292	78.5%	36.8%	4.5%	99.8	2.04	2.73	2.41	3.35	2.3
913	2024	Nate Pearson	2 Tms	2	2	2	60	1	66.1	10.04	2.85	1.63	.314	76.8%	37.1%	16.2%	97.8	4.48	4.49	4.37	3.71	0.1
914	2024	Alex Vesia	LAD	5	4	5	67	0	66.1	11.80	4.48	0.95	.193	83.9%	22.1%	8.0%	93.4	1.76	2.71	3.45	4.09	1.1
915	2025	Edwin Díaz	NYM	6	3	28	62	0	66.1	13.30	2.85	0.54	.260	86.1%	48.4%	9.3%	97.4	1.63	2.49	2.28	2.49	2.0
916	2023	Fernando Cruz	CIN	1	2	0	58	2	66.0	13.36	3.82	0.82	.317	58.4%	31.5%	8.1%	94.4	4.91	3.47	2.83	3.50	1.6
917	2023	Yimi García	TOR	3	4	3	73	0	66.0	10.77	2.05	1.09	.339	69.0%	45.5%	15.1%	95.9	4.09	3.51	3.39	3.14	1.0
918	2023	Reynaldo López	3 Tms	3	7	6	68	0	66.0	11.32	4.64	1.09	.276	81.3%	39.2%	11.6%	98.4	3.27	3.99	3.91	4.06	0.7
919	2023	Phil Maton	HOU	4	3	1	68	0	66.0	10.09	3.41	0.82	.269	75.1%	42.9%	9.0%		3.00	3.12	3.74	4.24	0.6
920	2023	Alex Lange	DET	7	5	26	67	0	66.0	10.77	6.14	0.82	.243	74.8%	50.6%	12.5%	96.1	3.68	3.83	4.36	4.38	0.0
921	2024	Jacob Barnes	WSN	8	3	0	63	0	66.0	7.50	2.73	1.36	.297	69.9%	37.6%	13.0%	95.5	4.36	4.89	4.38	4.17	0.1
922	2025	Carlos Estévez	KCR	4	5	42	67	0	66.0	7.36	3.00	0.68	.234	77.6%	25.0%	5.2%	96.1	2.45	3.69	3.67	4.95	1.2
923	2025	Enyel De Los Santos	2 Tms	6	3	0	65	0	66.0	8.45	3.27	0.95	.292	67.4%	33.5%	9.0%	96.2	4.36	4.11	3.82	4.26	0.4
924	2025	Jacob Webb	TEX	5	4	1	55	0	66.0	7.91	2.59	1.36	.219	82.1%	31.9%	10.5%	93.5	3.00	3.23	4.30	4.55	0.2
925	2025	Griffin Jax	2 Tms	1	7	0	73	2	66.0	13.50	2.86	0.95	.368	69.6%	44.7%	15.6%	97.0	4.23	3.25	2.51	2.19	1.7
926	2025	Jared Koenig	MIL	6	1	2	72	0	66.0	9.27	2.73	0.82	.300	82.6%	46.0%	8.6%	95.8	2.86	2.82	3.35	3.80	0.9
927	2025	Jacob Misiorowski	MIL	5	3	0	15	14	66.0	11.86	4.23	1.09	.299	69.1%	34.2%	11.6%	99.1	4.36	3.40	3.62	3.66	1.2
928	2026	Jeff Hoffman	2 Tms	6	8	6	71	0	66.0	13.91	4.09	0.55	.356	69.0%	44.7%	7.7%	96.4	3.55	3.33	2.48	2.88	1.6
929	2026	George Soriano	STL	6	5	4	70	0	66.0	9.00	4.77	1.36	.267	76.5%	44.5%	14.3%	96.6	4.23	4.55	4.80	4.43	-0.3
930	2026	Simeon Woods Richardson	2 Tms	2	7	0	20	10	66.0	5.45	5.05	1.50	.319	62.4%	36.4%	11.5%	93.0	6.68	5.97	5.83	5.86	-0.5
931	2023	Enyel De Los Santos	CLE	5	2	0	70	0	65.2	8.50	3.43	0.55	.275	72.2%	40.4%	5.9%	95.8	3.29	4.08	3.48	4.40	0.7
932	2023	Jordan Hicks	2 Tms	3	9	12	65	0	65.2	11.10	4.39	0.55	.323	72.1%	58.3%	10.8%	100.3	3.29	3.32	3.22	3.36	1.1
933	2024	Brent Suter	CIN	1	0	2	47	3	65.2	6.85	1.64	1.37	.272	82.8%	40.9%	12.3%		3.15	4.16	4.31	4.19	0.1
934	2024	Tim Herrin	CLE	5	1	0	75	0	65.2	9.32	3.43	0.27	.236	78.5%	49.7%	3.9%	95.6	1.92	3.27	2.86	3.64	1.0
935	2025	Hayden Birdsong	SFG	4	4	0	21	10	65.2	9.32	5.07	1.37	.287	68.5%	34.2%	11.6%	95.6	4.80	4.69	4.96	5.00	0.0
936	2026	Jovani Morán	BOS	2	3	0	50	3	65.2	10.01	4.52	1.23	.213	82.3%	40.5%	12.9%	92.9	3.15	3.33	4.26	4.09	0.1
937	2026	Michael Petersen	MIA	4	4	1	65	0	65.2	11.10	3.97	0.69	.267	74.6%	36.1%	6.7%	98.0	3.02	3.44	3.13	3.87	1.5
938	2023	Ryan Pressly	HOU	4	5	31	65	0	65.1	10.19	2.20	1.10	.272	63.5%	54.8%	14.8%	94.7	3.58	3.55	3.36	3.14	1.1
939	2023	David Robertson	2 Tms	6	6	18	62	0	65.1	10.74	3.44	0.96	.295	74.4%	43.1%	10.4%		3.03	3.24	3.55	3.85	1.2
940	2023	Jose Cuas	2 Tms	3	2	1	72	2	65.1	9.78	4.82	1.10	.322	80.0%	46.1%	13.8%	92.4	3.99	5.36	4.60	4.48	0.0
941	2023	Kevin Ginkel	ARI	9	1	4	60	0	65.1	9.64	3.17	0.41	.244	68.0%	50.3%	5.7%	95.7	2.48	3.07	2.86	3.60	1.3
942	2023	Griffin Jax	MIN	6	10	4	71	0	65.1	9.37	2.62	0.69	.298	68.9%	55.6%	9.4%	96.5	3.86	2.90	3.22	3.57	1.2
943	2024	Trevor Richards	2 Tms	2	2	1	55	2	65.1	8.54	4.82	0.96	.216	63.2%	35.2%	8.1%	92.4	4.55	3.69	4.36	4.96	0.1
944	2024	Jack Kochanowicz	LAA	2	6	0	11	11	65.1	3.44	1.38	0.96	.282	73.5%	57.0%	13.0%	96.5	3.99	5.08	4.62	4.48	0.5
945	2025	Jason Adam	SDP	8	4	0	65	0	65.1	9.64	3.44	0.55	.274	82.9%	42.4%	5.6%	94.7	1.93	2.75	3.07	3.98	1.3
946	2025	Caleb Ferguson	2 Tms	5	4	0	70	0	65.1	7.03	3.03	0.28	.275	69.4%	48.7%	3.9%	94.0	3.58	3.47	3.26	4.06	0.8
947	2025	Camilo Doval	2 Tms	4	3	16	69	0	65.1	9.92	4.82	0.55	.287	65.9%	53.6%	8.9%	98.2	3.58	3.54	3.47	3.74	0.6
948	2025	Graham Ashcraft	CIN	8	5	0	62	0	65.1	8.82	3.44	0.28	.342	62.1%	55.9%	4.9%		3.99	3.46	2.72	3.29	1.6
949	2024	Robert Suarez	SDP	9	3	36	65	0	65.0	8.17	2.22	0.97	.256	80.8%	41.8%	9.5%	99.2	2.77	3.04	3.49	3.81	0.9
950	2024	Mason Miller	OAK	2	2	28	55	0	65.0	14.40	2.91	0.83	.256	70.6%	40.7%	11.3%	101.1	2.49	1.78	2.18	2.21	2.3
951	2025	Anthony Banda	LAD	5	1	0	71	1	65.0	8.45	4.71	1.11	.227	83.1%	39.4%	10.3%	96.0	3.18	3.59	4.52	4.77	0.0
952	2025	Kolby Allard	CLE	2	2	0	33	2	65.0	5.82	1.94	0.69	.289	79.2%	38.0%	5.6%	90.0	2.63	3.36	3.54	4.67	0.7
953	2025	Justin Sterner	ATH	4	3	0	59	1	65.0	9.69	2.91	1.38	.234	83.6%	30.5%	12.3%	93.6	3.18	3.33	4.27	4.19	0.5
954	2023	Miguel Castro	ARI	6	6	7	75	0	64.2	8.35	3.48	1.11	.250	69.3%	43.8%	13.1%	96.9	4.31	3.86	4.31	4.26	0.2
955	2023	A.J. Minter	ATL	3	6	10	70	0	64.2	11.41	2.92	0.84	.331	71.4%	35.1%	9.1%	96.0	3.76	3.26	2.90	3.38	1.4
956	2023	Alex Faedo	DET	2	5	0	15	12	64.2	8.07	2.78	1.67	.211	65.1%	36.3%	14.3%	93.0	4.45	3.83	4.85	4.58	0.5
957	2023	Mike Baumann	BAL	10	1	0	60	0	64.2	8.49	4.59	0.97	.265	75.1%	42.0%	9.9%	96.5	3.76	5.31	4.40	4.81	0.1
958	2024	Hoby Milner	MIL	5	1	1	61	1	64.2	8.91	1.95	0.84	.313	58.1%	51.9%	11.5%	88.9	4.73	3.20	3.14	3.15	0.9
959	2025	Brandon Woodruff	MIL	7	2	0	12	12	64.2	11.55	1.95	1.25	.243	72.9%	34.0%	11.4%	93.0	3.20	2.20	3.17	3.24	1.7
960	2025	Luke Weaver	NYY	4	4	8	64	0	64.2	10.02	2.78	1.39	.226	73.6%	27.5%	10.6%	95.1	3.62	2.94	3.89	4.12	0.5
961	2025	Hogan Harris	ATH	2	1	4	48	0	64.2	9.05	4.59	0.70	.283	76.5%	34.7%	7.1%	93.4	3.20	3.85	3.71	4.37	0.7
962	2025	Angel Zerpa	KCR	5	2	0	69	2	64.2	8.07	3.06	0.97	.323	75.1%	62.4%	15.9%	96.4	4.18	4.01	3.86	3.50	0.4
963	2025	Max Meyer	MIA	3	5	0	12	12	64.2	9.46	2.78	1.67	.328	71.2%	49.2%	19.7%	95.1	4.73	4.78	4.47	3.51	0.5
964	2026	José A. Ferrer	SEA	4	4	3	73	0	64.2	7.52	2.78	0.97	.329	74.8%	56.2%	12.3%	97.7	4.18	4.08	4.09	4.01	0.1
965	2026	Jack Dreyer	LAD	5	2	2	67	3	64.2	10.16	3.20	0.97	.263	79.1%	46.5%	11.3%	94.0	3.20	3.52	3.41	3.45	1.0
966	2023	Hoby Milner	MIL	2	1	0	73	0	64.1	8.25	1.82	0.70	.254	84.2%	50.9%	8.3%	89.0	1.82	2.95	3.13	3.66	1.0
967	2023	Mark Leiter Jr.	CHC	1	3	4	69	0	64.1	10.77	3.36	0.98	.268	75.5%	45.3%	13.7%	91.4	3.50	4.10	3.77	3.66	0.6
968	2023	Carlos Rodón	NYY	3	8	0	14	14	64.1	8.95	3.92	2.10	.286	60.5%	27.1%	15.2%	95.5	6.85	5.36	5.79	5.30	-0.1
969	2024	David Festa	MIN	2	6	0	14	13	64.1	10.77	3.22	1.26	.319	68.5%	36.2%	12.9%	94.8	4.90	4.02	3.76	3.58	1.0
970	2025	Corbin Burnes	ARI	3	2	0	11	11	64.1	8.81	3.64	0.98	.253	80.6%	50.3%	14.0%		2.66	3.86	3.94	3.73	0.8
971	2025	Jordan Leasure	CHW	5	6	7	68	1	64.1	11.33	4.20	1.68	.255	79.1%	28.4%	15.6%	96.4	3.92	3.18	4.49	3.91	0.5
972	2025	Kumar Rocker	TEX	4	5	0	14	14	64.1	7.83	3.22	1.54	.311	67.8%	48.3%	17.7%	95.9	5.74	5.74	4.88	4.14	0.3
973	2026	Juan Morillo	ARI	5	4	3	70	0	64.1	10.35	3.22	0.42	.264	79.9%	50.9%	5.9%	98.6	2.24	2.44	2.71	3.30	1.6
974	2023	Adbert Alzolay	CHC	2	5	22	58	0	64.0	9.42	1.83	0.70	.288	74.6%	42.2%	8.3%	95.5	2.67	3.62	3.02	3.56	1.5
975	2024	Phil Maton	2 Tms	3	3	3	71	0	64.0	8.44	3.38	0.98	.242	75.5%	46.8%	11.5%		3.66	4.26	4.26	4.28	0.1
976	2024	Tyler Kinley	COL	6	1	12	67	0	64.0	10.13	4.64	1.55	.299	64.5%	37.9%	15.5%	96.1	6.19	4.48	4.79	4.23	-0.1
977	2024	Enyel De Los Santos	3 Tms	1	2	2	64	0	64.0	9.28	3.52	2.39	.291	80.1%	34.4%	19.5%	95.5	5.20	5.14	5.96	4.57	-1.0
978	2025	Ryan Yarbrough	NYY	3	1	1	19	8	64.0	7.73	2.67	1.83	.257	78.9%	39.0%	16.5%	88.2	4.36	4.27	5.04	4.30	0.1
979	2025	John Schreiber	KCR	3	3	1	74	0	64.0	8.72	2.67	1.41	.272	76.2%	39.0%	13.0%	94.0	3.80	4.02	4.17	3.99	0.4
980	2025	Bowden Francis	TOR	2	8	0	14	14	64.0	7.59	3.80	2.67	.286	74.9%	34.0%	20.7%	92.6	6.05	6.08	6.85	5.21	-0.9
981	2025	Robert Garcia	TEX	4	8	9	71	0	64.0	9.56	3.09	1.13	.294	78.8%	39.4%	12.1%	94.5	2.95	3.81	3.71	3.68	0.5
982	2026	Brennan Bernardino	COL	4	3	2	74	2	64.0	6.89	2.11	0.70	.280	75.0%	44.8%	7.1%	90.6	2.81	3.72	3.52	4.16	1.0
983	2026	Kyle Hart	SDP	1	3	0	46	4	64.0	8.30	3.66	0.70	.263	58.9%	50.0%	7.8%	94.0	4.92	3.63	3.63	4.13	0.6
984	2026	Riley O'Brien	STL	3	9	38	66	0	64.0	9.00	4.08	0.70	.286	67.1%	45.8%	10.2%		4.08	4.99	3.94	4.08	0.3
985	2026	Jack Kochanowicz	LAA	2	5	0	13	13	64.0	6.61	5.06	0.98	.289	61.3%	56.8%	11.5%	96.4	6.19	5.62	4.98	4.99	0.2
986	2026	Gabriel Hughes	COL	0	8	1	14	13	64.0	7.88	3.38	0.98	.316	57.5%	40.5%	9.9%		6.33	3.92	4.04	4.29	1.1
987	2026	Yuki Matsui	SDP	5	1	1	54	0	64.0	9.56	5.06	0.98	.204	93.6%	34.2%	8.9%	91.9	1.83	3.02	4.18	4.62	0.4
988	2024	Kyle Finnegan	WSN	3	8	38	65	0	63.2	8.48	3.39	1.27	.292	74.6%	45.9%	15.3%	97.4	3.68	4.38	4.25	3.81	0.0
989	2024	Adrian Morejon	SDP	3	2	2	60	0	63.2	10.04	2.97	0.57	.337	76.8%	51.4%	7.0%	97.0	2.83	3.30	2.79	3.33	1.1
990	2025	Reid Detmers	LAA	5	3	3	61	0	63.2	11.31	3.53	0.85	.340	73.1%	44.6%	12.2%	96.0	3.96	3.60	3.12	3.08	1.1
991	2026	Tanner Scott	LAD	1	6	25	69	0	63.2	11.59	2.12	0.57	.295	75.3%	39.3%	6.9%	96.9	2.69	3.04	2.10	2.65	2.4
992	2023	Nestor Cortes	NYY	5	2	0	12	12	63.1	9.52	2.84	1.56	.291	69.1%	26.3%	11.0%	91.7	4.97	3.66	4.49	4.84	0.8
993	2024	Jesse Chavez	ATL	2	2	0	46	0	63.1	7.82	2.70	1.42	.279	80.3%	43.1%	15.9%		3.13	4.24	4.43	3.88	-0.2
994	2024	Greg Weissert	BOS	4	2	1	62	0	63.1	8.24	2.84	0.99	.326	70.5%	41.2%	10.3%	94.2	3.13	3.50	3.72	3.91	0.5
995	2024	Osvaldo Bido	OAK	5	3	0	16	9	63.1	8.95	3.69	0.43	.250	71.0%	29.6%	3.8%	95.0	3.41	2.70	3.36	4.63	1.4
996	2025	Keegan Akin	BAL	5	4	8	64	3	63.1	8.38	4.69	1.42	.267	81.1%	38.2%	13.7%	93.7	3.41	4.67	4.94	4.66	-0.5
997	2025	Yuki Matsui	SDP	3	1	1	61	0	63.1	8.67	4.69	1.42	.257	79.5%	30.7%	11.5%	92.1	3.98	4.07	4.87	4.94	-0.3
998	2026	Ryan Yarbrough	NYY	2	1	3	38	2	63.1	6.96	3.27	0.43	.270	62.5%	33.9%	3.6%	87.3	3.69	3.40	3.45	4.81	0.7
999	2023	Clay Holmes	NYY	4	4	24	66	0	63.0	10.14	3.29	0.29	.301	74.1%	65.5%	7.1%	97.4	2.86	2.84	2.65	2.97	1.6
1000	2023	José Urquidy	HOU	3	3	1	16	10	63.0	6.43	3.57	1.57	.281	71.8%	36.5%	12.4%	93.2	5.29	4.69	5.38	5.45	0.2
1001	2023	Hogan Harris	OAK	3	6	0	14	6	63.0	8.00	4.00	1.43	.305	56.0%	39.7%	11.6%	92.7	7.14	5.13	5.02	5.21	0.0
1002	2024	Daniel Hudson	LAD	6	2	10	65	0	63.0	9.00	2.71	1.43	.225	78.8%	38.8%	12.3%	95.2	3.00	3.79	4.18	4.06	0.2
1003	2024	Clay Holmes	NYY	3	5	30	67	0	63.0	9.71	3.14	0.57	.322	70.5%	65.0%	11.8%	97.5	3.14	3.25	3.02	3.01	1.2
1004	2024	Orion Kerkering	PHI	5	3	0	64	2	63.0	10.57	2.43	0.29	.314	76.5%	53.5%	5.1%	97.7	2.29	3.20	2.42	2.94	1.5
1005	2025	Huascar Brazobán	NYM	5	2	2	52	3	63.0	8.14	3.86	0.86	.268	72.0%	49.4%	10.5%	96.6	3.57	3.96	4.04	4.20	0.4
1006	2025	Tommy Kahnle	DET	1	5	9	66	0	63.0	7.14	4.43	1.14	.243	71.0%	47.6%	12.3%	93.7	4.43	4.52	4.72	4.66	-0.2
1007	2025	Brant Hurter	DET	4	3	2	43	4	63.0	9.71	3.86	0.57	.317	77.2%	50.0%	7.5%	92.2	2.43	3.63	3.61	4.08	0.6
1008	2026	Albert Suárez	BAL	3	0	1	28	0	63.0	6.57	2.86	1.14	.261	68.4%	32.3%	9.6%	93.6	3.86	4.07	4.24	4.58	0.2
1009	2026	Cristian Javier	HOU	2	6	0	17	12	63.0	8.43	4.00	1.43	.305	72.5%	24.2%	10.0%	93.2	5.14	4.76	4.72	5.05	0.3
1010	2026	Ryan Rolison	CHC	9	2	3	60	2	63.0	7.86	4.00	0.86	.281	78.5%	42.7%	9.2%	94.7	3.14	4.03	3.93	4.25	0.3
1011	2023	Pierce Johnson	2 Tms	2	6	13	67	0	62.2	12.93	4.31	1.44	.361	74.7%	37.2%	18.2%	96.1	4.02	3.93	3.89	3.27	0.7
1012	2024	Matt Strahm	PHI	6	2	3	66	0	62.2	11.35	1.58	0.57	.234	82.3%	31.4%	5.7%	93.6	1.87	2.48	2.29	3.15	2.1
1013	2024	Génesis Cabrera	TOR	3	3	2	69	0	62.2	7.18	4.16	1.44	.294	78.8%	42.8%	14.3%	96.0	3.59	4.33	5.13	4.74	-0.5
1014	2024	Yuki Matsui	SDP	4	2	0	64	0	62.2	9.91	3.88	1.15	.248	74.4%	38.5%	11.0%	92.2	3.73	2.95	3.92	4.02	0.4
1015	2025	Seranthony Domínguez	2 Tms	4	4	2	67	0	62.2	11.35	5.17	0.72	.281	69.3%	43.1%	9.6%	97.7	3.16	3.24	3.47	3.71	0.9
1016	2025	David Bednar	2 Tms	6	5	27	64	0	62.2	12.35	2.73	0.57	.298	79.5%	44.1%	7.3%	97.1	2.30	2.85	2.18	2.70	2.1
1017	2025	Yoendrys Gómez	3 Tms	3	3	1	21	9	62.2	8.33	3.88	1.72	.273	68.7%	36.6%	14.5%	93.7	5.17	5.13	5.26	4.81	0.1
1018	2026	Luis Severino	ATH	2	6	0	12	12	62.2	9.34	4.45	1.29	.317	74.9%	44.4%	14.1%	97.2	4.16	4.28	4.47	4.15	0.7
1019	2026	Ryne Stanek	STL	2	3	2	70	0	62.2	9.34	4.60	1.29	.270	74.9%	39.8%	13.8%	98.1	4.02	4.09	4.52	4.22	0.0
1020	2026	Bryan Abreu	HOU	6	4	9	66	0	62.2	11.49	5.89	1.29	.263	80.1%	39.9%	15.5%	95.7	3.73	4.11	4.62	4.15	-0.3
1021	2026	Mason Fluharty	TOR	7	1	1	83	4	62.2	9.34	4.02	0.86	.270	79.3%	35.8%	7.7%	92.5	3.30	2.83	3.66	4.29	0.6
1022	2023	Carlos Estévez	LAA	5	5	31	63	0	62.1	11.26	4.48	1.01	.344	72.6%	30.7%	9.0%	97.1	3.90	4.08	3.94	4.55	0.9
1023	2023	Sam Moll	2 Tms	2	3	1	70	1	62.1	9.82	4.33	0.29	.280	76.4%	51.2%	3.8%	94.2	3.03	2.87	3.27	4.23	1.1
1024	2023	Jhoan Duran	MIN	3	6	27	59	0	62.1	12.13	3.61	0.87	.294	75.1%	65.9%	20.0%	101.8	2.45	2.55	3.21	2.75	1.1
1025	2024	Bryan Hudson	MIL	6	1	0	43	0	62.1	8.95	2.45	1.01	.148	94.2%	41.2%	11.7%	91.4	1.73	2.99	3.60	3.60	0.7
1026	2025	Matt Strahm	PHI	2	3	6	66	0	62.1	10.11	2.89	0.72	.264	75.8%	21.2%	5.4%	92.2	2.74	2.77	2.99	4.22	1.6
1027	2025	Andrés Muñoz	SEA	3	3	38	64	0	62.1	11.98	4.04	0.29	.248	76.7%	51.5%	4.8%	98.5	1.73	2.81	2.43	3.05	1.9
1028	2026	Bryan Baker	TBR	4	2	41	65	0	62.1	9.10	3.18	0.58	.203	88.0%	38.3%	6.2%	96.4	1.44	3.07	3.07	3.81	1.3
1029	2024	Tyson Miller	2 Tms	5	1	1	58	0	62.0	7.84	1.60	1.02	.203	81.9%	30.7%	8.6%		2.32	3.39	3.67	4.17	0.5
1030	2024	Jared Koenig	MIL	9	4	1	55	6	62.0	9.15	3.34	0.58	.292	78.2%	46.5%	6.5%	96.1	2.47	3.60	3.28	3.95	0.9
1031	2025	Devin Williams	NYY	4	6	18	67	0	62.0	13.06	3.63	0.73	.296	55.2%	44.6%	9.4%	94.1	4.79	3.05	2.68	2.95	1.4
1032	2025	Gabe Speier	SEA	4	3	0	76	0	62.0	11.90	1.60	0.73	.271	76.9%	40.6%	7.9%	95.1	2.61	2.49	2.31	2.83	1.7
1033	2026	Seranthony Domínguez	2 Tms	5	3	12	67	0	62.0	9.44	4.50	1.31	.243	77.2%	42.2%	13.2%	97.3	3.63	3.65	4.54	4.31	0.0
1034	2023	Adam Ottavino	NYM	1	7	12	66	0	61.2	9.05	4.23	1.02	.252	80.6%	56.3%	14.6%	93.4	3.21	3.56	4.52	4.33	-0.1
1035	2023	Matthew Liberatore	STL	3	6	0	22	11	61.2	6.71	3.65	0.73	.314	60.7%	43.4%	7.5%	94.3	5.25	6.02	4.28	5.02	0.8
1036	2024	Kirby Yates	TEX	7	2	33	61	0	61.2	12.41	4.09	0.44	.168	88.1%	45.5%	5.9%	93.4	1.17	1.86	2.50	3.12	1.9
1037	2024	Aroldis Chapman	PIT	5	5	14	68	0	61.2	14.30	5.69	0.73	.322	69.2%	44.8%	10.6%	97.9	3.79	2.98	3.04	3.14	1.1
1038	2024	José Alvarado	PHI	2	5	13	66	0	61.2	9.19	4.09	0.88	.269	69.0%	46.0%	11.5%		4.09	3.95	3.80	3.81	0.6
1039	2024	Lucas Erceg	2 Tms	2	6	14	61	0	61.2	10.51	2.34	0.44	.295	67.4%	46.5%	6.1%	98.8	3.36	3.19	2.53	3.10	1.7
1040	2025	Brock Burke	LAA	7	1	0	69	1	61.2	7.59	2.63	1.17	.284	81.1%	50.6%	14.3%	96.3	3.36	3.80	4.16	3.87	0.2
1041	2025	Cole Ragans	KCR	3	3	0	13	13	61.2	14.30	2.92	1.02	.354	64.4%	36.8%	12.3%	95.6	4.67	2.67	2.50	2.45	2.1
1042	2025	Mason Miller	2 Tms	1	2	22	60	0	61.2	15.18	4.09	0.73	.240	76.0%	40.4%	11.4%	101.2	2.63	2.52	2.23	2.27	2.1
1043	2026	Trevor Megill	MIL	3	3	30	63	0	61.2	10.07	2.19	0.15	.250	65.9%	34.6%	1.4%	97.8	2.63	2.63	1.85	3.45	2.5
1044	2023	Evan Phillips	LAD	2	4	24	62	0	61.1	9.68	1.91	0.88	.219	76.8%	42.7%	10.9%	96.5	2.05	3.12	3.16	3.37	1.2
1045	2023	Ryan Walker	SFG	5	3	1	49	13	61.1	11.45	3.52	1.17	.351	81.8%	41.4%	14.5%		3.23	3.07	3.68	3.47	0.7
1046	2023	Andre Jackson	2 Tms	1	3	2	19	7	61.1	8.36	3.23	1.61	.248	69.3%	36.4%	15.7%	94.8	4.99	5.34	4.90	4.46	0.3
1047	2023	Elvis Peguero	MIL	4	5	1	59	0	61.1	7.92	3.82	0.59	.274	73.6%	56.0%	9.5%		3.38	3.83	3.81	4.09	0.6
1048	2024	Peter Lambert	COL	2	5	0	28	3	61.1	7.34	4.26	1.03	.344	65.8%	36.5%	10.6%	94.7	5.72	4.42	4.54	4.68	0.2
1049	2025	Aroldis Chapman	BOS	5	3	32	67	0	61.1	12.47	2.20	0.44	.200	87.6%	38.6%	5.3%	98.5	1.17	2.06	1.73	2.53	2.6
1050	2025	Blake Snell	LAD	5	4	0	11	11	61.1	10.57	3.82	0.44	.314	76.9%	48.7%	7.3%	95.1	2.35	3.27	2.69	3.09	1.9
1051	2025	Garrett Cleavinger	TBR	2	6	2	67	0	61.1	12.03	2.64	1.32	.244	91.6%	44.4%	18.8%	97.1	2.35	3.22	3.59	2.89	0.7
1052	2025	Phil Maton	2 Tms	4	5	5	63	0	61.1	11.89	3.38	0.44	.291	75.2%	44.4%	7.0%		2.79	2.86	2.60	3.04	1.5
1053	2025	Lucas Erceg	KCR	8	4	2	61	0	61.1	7.04	2.64	0.59	.286	81.0%	52.8%	7.7%	97.8	2.64	3.83	3.49	3.95	0.9
1054	2025	Ryan Walker	SFG	5	7	17	68	0	61.1	8.80	2.64	0.59	.318	67.2%	49.4%	8.5%		4.11	3.83	3.30	3.63	0.6
1055	2025	Juan Mejia	COL	2	2	1	55	0	61.1	9.98	3.67	0.88	.295	65.7%	40.4%	9.2%	96.6	3.96	2.98	3.71	4.07	0.7
1056	2026	José Suarez	3 Tms	1	4	1	45	2	61.1	8.95	3.96	0.88	.367	63.0%	39.3%	9.4%	92.9	5.87	4.26	3.85	4.15	0.6
1057	2026	DL Hall	MIL	4	0	0	47	1	61.1	9.39	5.14	0.73	.178	89.8%	43.1%	8.9%	95.0	1.91	3.42	3.88	4.20	0.3
1058	2026	Kodai Senga	NYM	0	9	8	31	8	61.1	11.01	6.02	2.05	.309	63.2%	28.1%	17.7%	96.4	7.34	5.34	5.82	4.80	-0.6
1059	2023	Drew VerHagen	STL	5	1	0	60	0	61.0	8.85	3.84	1.33	.262	76.6%	42.2%	11.8%	93.6	3.98	3.97	4.93	5.07	-0.2
1060	2023	Lucas Sims	CIN	7	3	3	67	0	61.0	10.62	5.75	0.74	.212	78.7%	23.1%	6.1%	94.3	3.10	3.81	4.37	5.53	0.8
1061	2023	Tanner Banks	CHW	1	4	1	32	3	61.0	7.52	2.36	1.48	.282	72.3%	37.2%	12.7%	92.9	4.43	4.50	4.70	4.71	0.1
1062	2023	James Kaprielian	OAK	2	6	0	14	11	61.0	8.41	4.57	1.33	.320	63.8%	30.4%	9.8%	92.5	6.34	4.95	5.07	5.65	0.3
1063	2023	Félix Bautista	BAL	8	2	33	56	0	61.0	16.23	3.84	0.59	.274	84.0%	35.7%	8.5%	100.0	1.48	2.09	1.88	2.30	2.8
1064	2024	Austin Voth	SEA	2	5	0	68	0	61.0	9.00	2.66	1.33	.236	66.2%	34.8%	12.9%	93.7	3.69	3.35	4.12	3.93	0.0
1065	2024	Jeremiah Estrada	SDP	6	3	1	62	0	61.0	13.87	3.39	0.59	.290	72.4%	35.1%	6.9%	97.2	2.95	2.57	2.07	2.65	1.6
1066	2025	JoJo Romero	STL	4	6	8	65	0	61.0	8.11	4.28	0.30	.269	75.8%	54.5%	4.0%	94.3	2.07	3.49	3.28	4.12	0.9
1067	2025	Hunter Dobbins	BOS	4	1	0	13	11	61.0	6.64	2.51	0.89	.296	69.8%	48.4%	10.0%	95.7	4.13	3.94	3.87	4.11	0.9
1068	2026	Hayden Wesneski	HOU	6	2	0	11	11	61.0	6.79	2.95	0.59	.259	67.3%	44.6%	6.7%	93.5	3.25	3.79	3.53	4.16	1.2
1069	2023	Paul Sewald	2 Tms	3	2	34	65	0	60.2	11.87	3.56	1.19	.279	80.3%	32.1%	11.4%	92.3	3.12	2.76	3.57	3.76	0.8
1070	2023	Hunter Harvey	WSN	4	4	10	57	0	60.2	9.94	1.93	1.04	.253	77.2%	43.4%	12.3%	98.4	2.82	3.34	3.29	3.34	1.3
1071	2023	Colin Poche	TBR	12	3	1	66	0	60.2	9.05	3.56	0.59	.244	81.4%	34.0%	5.3%	92.7	2.23	2.67	3.34	4.55	1.1
1072	2024	Emerson Hancock	SEA	4	4	0	12	12	60.2	5.79	2.82	1.78	.263	71.2%	34.7%	14.1%	93.7	4.75	5.94	5.69	5.24	-0.4
1073	2025	Sean Manaea	NYM	2	4	0	15	12	60.2	11.13	1.78	1.93	.314	68.5%	36.4%	19.4%	91.7	5.64	4.00	4.39	3.30	0.4
1074	2026	Kyle Finnegan	DET	3	1	2	63	0	60.2	6.97	5.04	1.48	.320	80.7%	45.9%	14.3%	96.4	4.30	5.75	5.42	5.02	-0.8
1075	2026	Greg Weissert	BOS	4	2	1	63	0	60.2	8.90	2.97	1.19	.287	82.3%	41.4%	11.9%	94.3	3.26	3.58	3.97	3.93	0.3
1076	2026	Camilo Doval	3 Tms	3	2	1	66	0	60.2	9.79	4.90	1.04	.305	66.1%	52.1%	14.3%	98.8	4.15	3.76	4.21	3.92	0.1
1077	2026	Bryan King	HOU	3	6	6	60	1	60.2	7.57	3.41	1.34	.317	69.1%	49.7%	15.5%	92.0	5.19	4.08	4.78	4.30	-0.4
1078	2023	Kirby Yates	ATL	7	2	5	61	0	60.1	11.93	5.52	1.34	.211	85.4%	36.4%	15.0%	93.7	3.28	4.49	4.63	4.34	-0.1
1079	2023	Erasmo Ramírez	2 Tms	3	3	0	38	2	60.1	6.41	1.94	1.64	.350	62.2%	43.4%	14.7%	92.0	6.41	5.31	5.05	4.73	-0.3
1080	2023	Caleb Ferguson	LAD	7	4	3	68	7	60.1	10.44	3.43	0.60	.364	72.7%	49.1%	9.1%	95.9	3.43	3.83	3.34	3.68	1.3
1081	2023	Gregory Soto	PHI	3	4	3	69	0	60.1	9.70	3.28	0.90	.265	59.1%	51.3%	10.7%	98.9	4.62	2.78	3.59	3.83	0.9
1082	2023	Emmet Sheehan	LAD	4	1	1	13	11	60.1	9.55	3.88	1.64	.240	69.4%	33.1%	13.1%	95.4	4.92	3.43	4.85	4.78	0.5
1083	2025	Rafael Montero	3 Tms	1	2	0	59	0	60.1	8.65	5.52	0.75	.242	62.5%	48.4%	8.9%	95.2	4.48	3.58	4.13	4.48	0.1
1084	2025	Pete Fairbanks	TBR	4	5	27	61	0	60.1	8.80	2.69	1.04	.239	77.5%	45.1%	10.9%	97.3	2.83	3.08	3.63	3.76	0.9
1085	2025	Gregory Soto	2 Tms	1	5	1	70	0	60.1	10.44	3.58	0.60	.341	70.0%	43.9%	7.1%	97.3	4.18	3.83	3.42	3.99	0.7
1086	2025	Calvin Faucher	MIA	4	4	15	65	0	60.1	8.80	3.58	1.19	.280	77.0%	45.8%	14.5%	96.0	3.28	4.30	4.25	3.93	0.0
1087	2025	Matt Svanson	STL	4	0	0	39	0	60.1	10.14	2.98	0.45	.216	81.4%	42.1%	5.8%	96.6	1.94	3.08	2.72	3.40	1.0
1088	2026	Taylor Rogers	MIN	6	4	2	65	0	60.1	8.06	4.62	0.75	.331	70.2%	34.6%	6.0%		4.33	4.10	4.18	5.18	0.2
1089	2026	Luke Weaver	2 Tms	4	1	1	60	0	60.1	9.70	2.39	0.75	.248	77.8%	37.1%	7.6%	95.4	2.69	3.08	2.97	3.54	1.4
1090	2026	JT Brubaker	SFG	0	0	2	41	1	60.1	5.82	3.88	0.75	.247	71.4%	41.8%	6.9%	93.3	3.58	5.03	4.28	5.00	0.1
1091	2026	John Schreiber	2 Tms	2	4	2	66	0	60.1	5.97	3.88	1.04	.244	75.5%	47.2%	11.7%	93.8	3.28	4.01	4.63	4.62	-0.2
1092	2026	Hunter Gaddis	CLE	6	3	1	68	0	60.1	8.50	3.28	1.04	.286	85.5%	35.7%	9.3%	94.9	2.98	4.08	3.96	4.33	0.4
1093	2023	Nick Sandlin	CLE	5	5	0	61	0	60.0	9.90	3.60	1.80	.193	76.3%	41.0%	18.8%	92.3	3.75	3.96	4.96	4.12	-0.3
1094	2024	Taylor Rogers	SFG	1	4	0	64	0	60.0	9.60	3.30	1.05	.299	81.8%	46.3%	11.9%		2.40	3.21	3.75	3.72	0.2
1095	2024	Garrett Cleavinger	TBR	7	5	6	68	0	60.0	10.65	4.65	0.90	.305	74.8%	40.6%	9.5%	96.5	3.75	4.31	4.00	4.29	0.2
1096	2024	Jason Foley	DET	3	6	28	69	0	60.0	6.90	3.00	0.75	.260	68.2%	47.2%	9.3%	97.4	3.15	4.30	3.82	4.09	0.3
1097	2024	John King	STL	3	3	0	56	0	60.0	5.70	2.10	0.75	.279	75.8%	61.7%	11.1%	93.0	2.85	3.88	3.73	3.78	0.3
1098	2024	Yennier Cano	BAL	4	3	5	70	0	60.0	9.75	3.60	0.90	.314	77.9%	62.9%	18.2%	96.6	3.15	3.73	3.55	3.08	0.6
1099	2025	Justin Topa	MIN	1	5	4	54	1	60.0	7.35	2.70	0.30	.338	66.5%	47.7%	4.0%		3.90	4.42	3.04	3.89	0.9
1100	2025	Brenan Hanifee	DET	3	3	0	54	0	60.0	6.00	2.10	0.45	.308	65.1%	55.9%	5.9%	96.2	3.00	4.13	3.25	3.91	0.7
1101	2025	Orion Kerkering	PHI	8	4	4	69	0	60.0	9.75	4.05	0.90	.299	74.7%	42.0%	9.2%	97.4	3.30	3.64	3.82	4.19	0.7
1102	2026	Raisel Iglesias	ATL	1	2	34	59	0	60.0	9.60	2.55	0.90	.278	78.1%	37.6%	9.5%	94.4	2.55	3.48	3.17	3.45	1.1
1103	2026	Alex Lange	KCR	2	7	10	59	0	60.0	9.00	4.95	1.95	.319	66.4%	45.1%	19.7%	96.0	6.75	5.41	5.87	4.71	-1.1
1104	2026	Edgardo Henriquez	LAD	4	1	2	61	1	60.0	10.65	3.75	0.15	.259	64.6%	41.9%	1.8%	100.6	2.85	2.46	2.50	3.69	1.5
1105	2026	Chase Silseth	2 Tms	3	4	0	73	0	60.0	11.10	5.25	0.90	.325	79.7%	37.7%	9.8%	96.0	3.60	4.07	3.93	4.17	0.4
1106	2026	Mitch Farris	LAA	1	4	1	33	0	60.0	9.45	4.35	1.50	.323	80.3%	40.2%	17.2%	91.9	4.05	4.94	4.67	3.96	-0.2
1107	2023	Ryan Brasier	2 Tms	3	0	2	59	0	59.2	8.45	2.87	0.45	.248	66.9%	43.8%	5.4%	96.0	3.02	3.50	3.14	4.04	1.1
1108	2023	Luis García	SDP	2	3	0	61	0	59.2	7.99	3.62	0.91	.298	73.2%	61.5%	16.2%	97.6	4.07	4.13	4.29	4.01	0.1
1109	2023	Brock Burke	TEX	5	3	0	53	0	59.2	7.84	1.36	1.96	.293	75.7%	38.6%	17.6%	94.8	4.37	4.20	4.90	4.12	-0.3
1110	2024	Joe Mantiply	ARI	6	2	1	75	2	59.2	7.99	2.72	0.15	.298	62.7%	53.0%	1.8%	89.5	3.92	3.25	2.51	3.71	1.2
1111	2024	Justin Lawrence	COL	4	4	2	56	0	59.2	6.79	4.98	1.36	.346	60.8%	53.1%	18.0%		6.49	6.25	5.63	4.94	-0.9
1112	2024	Dylan Lee	ATL	4	2	0	52	0	59.2	11.46	2.56	1.06	.300	83.6%	35.2%	10.6%	92.5	2.11	2.62	3.00	3.15	0.8
1113	2024	Robert Garcia	WSN	3	6	0	72	0	59.2	11.31	2.41	0.60	.329	57.2%	46.8%	8.0%	94.6	4.22	2.52	2.38	2.77	1.6
1114	2024	Anthony Molina	COL	1	1	0	35	1	59.2	6.18	3.32	0.75	.345	56.2%	41.9%	8.6%	94.9	6.79	5.83	4.09	4.47	0.2
1115	2025	Alex Vesia	LAD	4	2	5	68	0	59.2	12.07	3.32	1.36	.231	83.7%	28.6%	13.2%	92.7	3.02	3.07	3.77	3.57	0.9
1116	2026	Tommy Nance	2 Tms	3	3	0	57	0	59.2	10.26	3.62	1.21	.325	76.9%	47.9%	16.3%		3.92	4.43	3.82	3.32	0.3
1117	2026	Anthony Nunez	BAL	3	2	3	52	0	59.2	9.96	3.92	0.75	.273	65.7%	40.0%	8.9%	96.2	4.07	3.92	3.49	3.81	0.6
1118	2023	José Cisnero	DET	3	4	2	63	0	59.1	10.62	3.79	1.52	.338	68.4%	43.9%	15.6%	96.0	5.31	4.65	4.60	4.20	0.0
1119	2024	Héctor Neris	2 Tms	10	5	18	62	0	59.1	9.71	4.25	1.21	.297	73.2%	40.0%	11.9%	93.2	4.10	4.21	4.28	4.23	0.0
1120	2024	Andrés Muñoz	SEA	3	7	22	60	0	59.1	11.68	3.94	0.91	.208	85.3%	52.4%	16.2%	98.6	2.12	2.92	3.35	2.98	0.6
1121	2024	Bryce Jarvis	ARI	1	2	0	44	0	59.1	5.76	5.01	0.91	.261	79.7%	43.4%	9.0%	95.8	3.19	5.37	5.12	5.51	-0.6
1122	2026	Jhoan Duran	PHI	2	6	33	61	0	59.1	12.74	1.52	0.30	.346	81.4%	59.6%	6.7%	100.4	1.82	2.05	1.42	1.74	2.9
1123	2026	Abner Uribe	MIL	6	3	6	61	0	59.1	9.40	2.88	0.46	.262	84.8%	54.0%	6.7%	98.7	1.97	2.80	2.68	3.17	1.6
1124	2023	Jorge López	3 Tms	6	2	3	61	0	59.0	7.47	3.36	1.83	.314	68.6%	47.6%	21.4%	96.9	5.95	5.36	5.76	4.69	-0.9
1125	2023	Jordan Romano	TOR	5	7	36	59	0	59.0	10.98	3.66	0.92	.292	82.3%	36.5%	9.0%	96.7	2.90	3.31	3.46	4.01	1.2
1126	2023	Albert Abreu	NYY	2	2	0	45	0	59.0	9.31	5.34	1.37	.274	67.2%	46.1%	14.8%	97.3	4.73	4.62	5.26	4.98	-0.4
1127	2023	Taylor Clarke	KCR	3	6	3	58	2	59.0	9.92	3.66	1.83	.364	69.0%	31.0%	14.1%	95.0	5.95	5.09	5.07	4.81	-0.2
1128	2024	Luis García	2 Tms	5	1	4	60	0	59.0	8.08	2.29	1.22	.303	63.4%	50.3%	15.4%	96.4	4.88	3.54	4.05	3.62	0.2
1129	2024	Joel Payamps	MIL	3	7	6	68	0	59.0	9.00	2.75	1.07	.215	73.2%	38.6%	11.1%	94.8	3.05	4.02	3.73	3.80	0.5
1130	2024	JoJo Romero	STL	7	3	1	65	0	59.0	7.78	2.44	1.22	.270	80.9%	48.8%	15.4%	95.4	3.36	4.97	4.27	3.84	-0.1
1131	2024	Camilo Doval	SFG	5	3	23	62	0	59.0	11.90	5.95	0.76	.333	68.2%	60.0%	12.5%	99.5	4.88	3.32	3.71	3.63	0.1
1132	2025	Kenley Jansen	LAA	5	4	29	62	0	59.0	8.69	2.90	1.22	.195	85.2%	27.3%	8.8%		2.59	3.73	3.98	4.60	0.5
1133	2025	Pierce Johnson	ATL	3	3	1	65	0	59.0	9.00	2.90	1.22	.291	83.9%	33.1%	11.1%	95.2	3.05	3.63	3.91	4.03	0.3
1134	2026	Grant Anderson	MIL	3	3	0	52	0	59.0	7.93	3.51	1.22	.232	71.7%	37.6%	11.0%	93.4	3.36	3.15	4.32	4.43	0.2
1135	2026	Travis Adams	MIN	3	0	3	40	0	59.0	9.46	3.81	1.22	.296	68.9%	38.7%	11.9%	94.4	4.58	4.18	4.03	3.98	0.1
1136	2023	Huascar Brazobán	MIA	5	2	0	50	0	58.2	9.97	4.76	0.77	.316	74.1%	51.9%	11.1%	96.7	4.14	3.54	3.94	4.10	0.5
1137	2023	Collin McHugh	ATL	4	1	0	41	1	58.2	7.21	3.38	0.77	.342	69.7%	43.9%	8.6%	91.3	4.30	5.14	4.09	4.62	0.3
1138	2023	Steven Okert	MIA	3	2	0	64	2	58.2	11.20	3.68	1.38	.295	71.0%	23.6%	11.8%	93.8	4.45	3.93	4.09	4.24	0.5
1139	2023	Devin Williams	MIL	8	3	36	61	0	58.2	13.35	4.30	0.61	.198	85.0%	47.8%	11.1%	94.2	1.53	2.68	2.66	2.79	1.8
1140	2024	Drew Smyly	CHC	4	8	0	50	0	58.2	8.59	3.84	1.53	.288	78.9%	35.3%	13.7%		3.84	3.70	4.91	4.57	-0.3
1141	2024	Seranthony Domínguez	2 Tms	3	4	11	63	0	58.2	10.43	3.22	1.84	.263	73.9%	35.8%	15.6%	97.9	4.45	3.73	4.68	4.01	-0.1
1142	2025	Bradley Blalock	COL	2	6	0	14	12	58.2	4.14	3.53	2.61	.332	57.3%	40.3%	21.0%	94.6	9.36	7.61	7.31	5.67	-1.0
1143	2025	Angel Chivilli	COL	1	5	0	43	0	58.2	6.60	3.53	1.99	.332	64.5%	50.7%	20.0%	97.1	7.06	5.46	6.03	4.86	-0.7
1144	2026	Tim Hill	NYY	5	2	2	67	0	58.2	3.84	1.99	1.84	.228	71.7%	68.8%	30.8%	89.3	4.60	4.50	5.93	4.27	-1.1
1145	2026	Steven Cruz	KCR	2	4	8	56	2	58.2	9.97	3.07	2.15	.278	81.9%	44.2%	23.7%	98.5	4.30	4.06	5.16	3.58	-0.4
1146	2026	Victor Vodnik	2 Tms	3	3	4	53	0	58.2	6.75	5.06	0.46	.301	63.5%	56.5%	5.9%	98.6	4.91	4.12	4.11	4.75	0.2
1147	2023	Aroldis Chapman	2 Tms	6	5	6	61	0	58.1	15.89	5.55	0.62	.314	73.1%	47.7%	11.8%	99.1	3.09	2.79	2.52	2.59	1.7
1148	2023	Aaron Bummer	CHW	5	5	0	61	0	58.1	12.03	5.55	0.62	.340	55.4%	58.2%	13.8%	94.7	6.79	3.58	3.58	3.51	0.7
1149	2024	Chase Anderson	2 Tms	0	2	3	29	1	58.1	6.48	3.24	1.85	.244	61.7%	31.6%	12.4%	93.8	5.40	4.59	5.69	5.53	-0.5
1150	2024	Chris Stratton	KCR	4	3	4	57	0	58.1	6.79	5.09	0.77	.279	62.2%	44.9%	7.8%	91.9	5.55	4.98	4.62	5.17	-0.1
1151	2024	Jorge Alcala	MIN	4	3	0	54	0	58.1	8.95	3.09	1.23	.219	77.2%	34.2%	10.3%	98.0	3.24	3.08	4.14	4.38	0.3
1152	2024	Mike Baumann	5 Tms	3	1	0	57	0	58.1	8.95	4.32	1.39	.303	65.1%	39.3%	12.5%	96.7	5.55	4.72	4.83	4.69	-0.4
1153	2026	José Alvarado	PHI	5	4	1	68	0	58.1	10.80	4.78	0.77	.377	66.0%	34.6%	8.1%	97.1	5.86	4.10	3.82	4.31	0.6
1154	2023	Trevor Gott	2 Tms	0	5	1	64	0	58.0	9.62	2.95	0.62	.343	64.7%	40.2%	6.2%	93.6	4.19	3.49	3.20	4.16	1.0
1155	2023	Ian Hamilton	NYY	3	2	2	39	3	58.0	10.71	4.03	0.31	.309	77.2%	55.3%	6.5%	96.3	2.64	3.48	2.82	3.26	1.1
1156	2023	Dauri Moreta	PIT	5	2	1	55	0	58.0	11.79	3.72	0.62	.265	66.2%	39.6%	6.6%	95.3	3.72	3.02	2.93	3.77	1.0
1157	2024	Mark Leiter Jr.	2 Tms	4	5	0	60	0	58.0	13.34	3.41	1.24	.343	66.9%	45.8%	16.7%	91.9	4.50	3.41	3.29	2.75	1.1
1158	2025	Caleb Thielbar	CHC	3	4	1	67	0	58.0	8.69	2.02	0.78	.226	77.3%	40.7%	7.4%	92.9	2.64	2.48	3.00	3.68	1.1
1159	2025	Tyler Ferguson	ATH	4	2	2	56	0	58.0	8.38	5.28	0.62	.260	65.0%	37.3%	5.8%	94.9	4.66	3.73	4.14	5.07	0.4
1160	2025	Yennier Cano	BAL	3	7	2	65	0	58.0	8.22	3.72	1.09	.335	66.9%	54.8%	15.6%	94.8	5.12	3.63	4.27	3.90	0.1
1161	2026	Alex Vesia	LAD	3	1	3	72	0	58.0	11.48	4.97	0.62	.205	78.0%	29.8%	5.7%	92.1	2.64	2.68	3.10	4.03	1.2
1162	2026	Orion Kerkering	PHI	7	1	2	62	0	58.0	9.78	5.28	0.78	.283	65.5%	35.6%	7.0%	97.1	4.97	3.85	4.17	4.90	0.3
1163	2023	Ryan Weathers	2 Tms	1	8	0	15	12	57.2	6.71	4.53	1.87	.326	66.5%	37.6%	15.4%	95.2	6.55	4.61	6.03	5.56	-0.2
1164	2024	David Bednar	PIT	3	8	23	62	0	57.2	9.05	4.37	1.40	.274	62.2%	37.1%	11.3%	97.3	5.77	4.26	4.80	4.87	-0.2
1165	2024	Nick Sandlin	CLE	8	0	1	68	1	57.2	10.61	4.21	1.87	.256	80.4%	37.6%	18.2%	92.7	3.75	4.50	5.23	4.26	-0.7
1166	2024	Nick Mears	2 Tms	1	5	0	54	0	57.2	11.71	3.75	1.09	.360	59.8%	40.8%	11.1%	96.9	5.93	3.22	3.39	3.47	0.8
1167	2025	Austin Gomber	COL	0	7	0	12	12	57.2	5.31	2.65	2.50	.324	63.1%	33.2%	15.4%	89.4	7.49	6.04	6.50	5.67	-0.4
1168	2025	Brandon Young	BAL	1	7	0	12	12	57.2	7.34	3.43	1.87	.314	65.1%	44.0%	17.1%	93.7	6.24	4.28	5.35	4.52	-0.1
1169	2026	Ron Marinaccio	3 Tms	1	0	0	41	0	57.2	7.49	4.21	1.72	.299	70.4%	39.3%	14.7%	93.7	6.09	5.21	5.68	5.17	-0.5
1170	2023	Will Smith	TEX	2	7	22	60	0	57.1	8.63	2.67	0.78	.262	55.6%	29.6%	6.9%	92.4	4.40	3.31	3.36	4.30	1.1
1171	2023	Andrew Nardi	MIA	8	1	3	63	0	57.1	11.46	3.30	1.10	.288	86.4%	43.8%	14.0%	94.6	2.67	2.73	3.60	3.46	0.9
1172	2024	Reed Garrett	NYM	8	5	4	53	0	57.1	13.03	4.71	0.94	.349	73.4%	44.3%	13.0%	97.0	3.77	3.17	3.31	3.16	0.9
1173	2024	Alex Faedo	DET	5	3	0	37	6	57.1	8.63	4.40	1.41	.265	83.1%	38.9%	15.3%	94.1	3.61	4.41	4.91	4.43	-0.4
1174	2025	Jalen Beeks	ARI	5	3	1	61	2	57.1	7.38	3.14	0.94	.231	68.3%	46.3%	9.8%	94.4	3.77	3.88	4.01	4.29	0.2
1175	2026	Tyler Kinley	2 Tms	7	5	1	64	0	57.1	7.53	4.08	1.57	.207	81.8%	32.9%	13.3%	94.5	3.45	3.47	5.21	4.92	-0.4
1176	2026	Andrés Muñoz	SEA	5	6	28	61	0	57.1	13.97	3.77	1.41	.316	71.9%	49.6%	23.1%	99.7	4.24	3.27	3.34	2.33	0.8
1177	2023	Michael Fulmer	CHC	3	5	2	58	1	57.0	10.26	4.42	1.11	.304	71.8%	38.7%	12.5%	94.3	4.42	4.31	4.15	4.18	0.4
1178	2023	José Leclerc	TEX	0	2	4	57	0	57.0	10.58	4.42	0.79	.244	80.0%	29.4%	6.5%	95.1	2.68	3.17	3.62	4.72	0.8
1179	2024	Max Meyer	MIA	3	5	0	11	11	57.0	7.26	3.00	2.21	.289	71.4%	50.0%	21.5%	94.2	5.68	4.65	5.90	4.43	-0.3
1180	2025	Kyle Finnegan	2 Tms	4	4	24	56	0	57.0	8.68	2.84	0.63	.272	68.5%	49.0%	7.8%	96.4	3.47	3.15	3.12	3.58	1.3
1181	2025	Tanner Scott	LAD	1	4	23	61	0	57.0	9.47	2.84	1.74	.297	71.0%	39.2%	17.7%	96.5	4.74	4.18	4.70	3.86	-0.1
1182	2025	Luis Gil	NYY	4	1	0	11	11	57.0	6.47	5.21	0.79	.256	78.4%	31.4%	6.3%	95.2	3.32	4.94	4.63	5.65	0.6
1183	2025	Ryan Zeferjahn	LAA	6	5	2	62	1	57.0	11.53	5.53	1.89	.278	80.1%	36.2%	19.4%	97.5	4.74	4.34	5.36	4.30	-0.7
1184	2025	Ian Seymour	TBR	4	3	0	19	5	57.0	10.11	3.00	0.79	.285	58.7%	35.1%	7.7%	91.4	3.63	3.92	3.19	3.81	1.1
1185	2026	Chris Paddack	3 Tms	0	7	0	14	9	57.0	6.32	3.00	1.42	.340	62.8%	38.4%	11.7%	93.1	6.79	5.06	4.86	4.84	0.1
1186	2023	Jake Diekman	2 Tms	0	2	0	63	0	56.2	10.16	6.04	0.48	.248	65.5%	46.8%	6.0%	95.6	3.34	3.39	3.75	4.52	0.4
1187	2023	Dylan Floro	2 Tms	5	6	7	62	0	56.2	9.21	2.70	0.48	.401	65.3%	54.4%	8.6%	92.3	4.76	3.40	2.96	3.29	1.2
1188	2023	A.J. Puk	MIA	7	5	15	58	0	56.2	12.39	2.06	1.59	.317	72.7%	44.2%	16.9%	95.9	3.97	3.09	3.59	3.02	0.9
1189	2024	T.J. McFarland	OAK	2	4	0	79	0	56.2	6.19	2.70	0.64	.287	67.3%	57.3%	10.0%		3.81	3.42	3.82	3.97	0.3
1190	2024	Ryan Pressly	HOU	2	3	4	59	0	56.2	9.21	2.86	0.64	.333	73.2%	48.8%	8.5%	93.9	3.49	3.91	3.10	3.43	0.8
1191	2024	Jacob Webb	BAL	2	5	2	60	0	56.2	9.21	4.29	0.64	.245	72.1%	34.0%	6.3%	93.5	3.02	3.41	3.52	4.31	0.7
1192	2024	Zack Kelly	BOS	6	3	0	49	3	56.2	9.69	4.29	1.59	.241	71.2%	47.3%	19.2%	96.6	3.97	4.18	4.84	3.94	-0.3
1193	2024	James McArthur	KCR	5	7	18	57	0	56.2	7.78	2.22	1.27	.347	66.4%	53.3%	16.7%	94.8	4.92	4.41	4.17	3.62	0.1
1194	2025	Tristan Beck	SFG	1	0	2	31	1	56.2	6.51	2.54	1.11	.241	65.2%	41.9%	10.3%	94.7	4.61	4.44	4.25	4.49	0.0
1195	2025	Nick Mears	MIL	5	3	1	63	0	56.2	7.31	2.06	1.11	.227	67.1%	34.0%	9.2%	95.4	3.49	4.40	3.86	4.32	0.4
1196	2026	Dennis Santana	2 Tms	2	5	3	57	0	56.2	7.78	3.97	1.59	.282	65.7%	33.7%	12.7%	94.2	5.56	4.68	5.15	4.96	-0.3
1197	2026	Tim Herrin	CLE	3	4	0	67	0	56.2	8.58	4.45	0.79	.277	79.2%	42.8%	8.5%	94.5	3.02	3.89	4.09	4.51	0.2
1198	2026	Blade Tidwell	SFG	1	2	1	17	9	56.2	7.31	3.34	1.27	.247	71.2%	37.7%	11.1%	95.2	4.45	4.25	4.74	4.83	0.4
1199	2023	Josh Hader	SDP	2	3	33	61	0	56.1	13.58	4.79	0.48	.264	88.8%	35.5%	5.8%		1.28	2.37	2.69	3.52	1.7
1200	2023	Joe Jiménez	ATL	0	3	0	59	0	56.1	11.66	2.24	1.44	.300	82.7%	27.9%	12.7%	95.4	3.04	3.79	3.59	3.60	0.5
1201	2023	Drew Smith	NYM	4	6	3	62	0	56.1	9.59	4.63	1.12	.301	71.4%	30.0%	9.0%	95.3	4.15	4.40	4.55	5.22	0.2
1202	2024	Burch Smith	2 Tms	4	1	0	50	0	56.1	7.35	1.92	0.96	.331	63.2%	43.8%	9.2%	95.1	4.95	4.46	3.66	4.02	0.4
1203	2024	Andrew Chafin	2 Tms	4	3	1	62	0	56.1	11.18	4.95	0.80	.338	75.3%	36.1%	8.6%	91.9	3.51	3.60	3.54	3.94	0.4
1204	2024	Pierce Johnson	ATL	6	6	2	58	0	56.1	10.70	3.99	0.96	.309	75.1%	45.1%	11.3%	95.6	3.67	3.78	3.61	3.65	0.5
1205	2024	Alexis Díaz	CIN	2	5	28	60	0	56.1	8.79	4.95	0.96	.250	68.0%	32.7%	8.6%	94.1	3.99	3.64	4.57	5.06	0.2
1206	2025	Hurston Waldrep	ATL	6	1	0	10	9	56.1	8.79	3.51	0.48	.288	79.0%	49.3%	7.1%	95.1	2.88	3.88	3.21	3.66	1.2
1207	2026	Sam Moll	CIN	2	7	1	65	0	56.1	8.95	4.79	0.80	.306	65.1%	51.6%	11.6%	92.7	4.79	4.46	4.18	4.18	0.3
1208	2026	Cole Sulser	TBR	1	0	3	51	2	56.1	8.95	2.72	1.12	.295	64.8%	38.1%	9.9%	92.4	4.31	4.38	3.63	3.92	0.6
1209	2026	JoJo Romero	2 Tms	3	3	0	55	0	56.1	8.63	2.88	1.12	.284	80.7%	50.9%	14.3%	94.4	3.36	4.44	3.97	3.67	0.2
1210	2026	Jonathan Bowlan	PHI	2	2	2	59	0	56.1	11.66	2.40	1.28	.271	76.8%	47.8%	16.0%	97.1	3.36	2.84	3.37	2.86	0.8
1211	2023	Kyle Nelson	ARI	7	4	0	68	2	56.0	10.77	2.25	1.93	.324	76.9%	37.1%	18.8%	92.1	4.18	3.70	4.45	3.56	0.2
1212	2023	Mason Englert	DET	4	3	0	31	1	56.0	6.59	2.73	1.93	.304	67.9%	37.6%	16.0%	91.3	5.46	6.58	5.59	5.02	-0.7
1213	2023	Colin Holderman	PIT	0	3	2	58	0	56.0	9.32	3.21	0.64	.327	72.8%	52.8%	8.7%		3.86	3.61	3.29	3.72	0.9
1214	2023	Cody Bradford	TEX	4	3	0	20	8	56.0	8.20	1.93	1.77	.283	67.2%	32.1%	14.1%	90.3	5.30	4.46	4.68	4.43	0.3
1215	2024	Adam Ottavino	NYM	2	2	1	60	0	56.0	11.25	3.70	0.96	.309	70.8%	43.4%	10.0%	93.2	4.34	3.20	3.67	3.89	0.5
1216	2024	Bobby Miller	LAD	2	4	0	13	13	56.0	8.36	4.82	2.73	.331	62.2%	44.3%	27.4%	97.8	8.52	6.90	6.97	4.70	-0.9
1217	2025	Martín Pérez	CHW	1	6	0	11	10	56.0	7.07	3.54	0.96	.221	73.7%	39.0%	8.0%	89.9	3.54	5.36	4.24	4.91	0.8
1218	2025	Ryne Stanek	NYM	4	6	3	65	0	56.0	9.32	5.14	1.13	.310	62.7%	32.7%	8.8%	98.6	5.30	4.46	4.40	4.98	0.1
1219	2025	Ryan Helsley	2 Tms	3	4	21	58	0	56.0	10.13	4.02	1.29	.342	72.6%	44.1%	14.5%	99.3	4.50	3.98	4.14	3.79	0.3
1220	2026	Peyton Gray	TEX	6	0	0	49	0	56.0	9.64	2.73	1.45	.294	74.1%	36.1%	13.4%	93.2	3.86	3.57	4.12	3.84	0.4
1221	2023	Raisel Iglesias	ATL	5	4	33	58	0	55.2	10.99	2.43	1.13	.312	76.5%	42.9%	12.3%	95.1	2.75	3.14	3.26	3.31	1.0
1222	2023	Génesis Cabrera	2 Tms	2	1	0	61	0	55.2	9.38	3.88	1.29	.279	73.7%	38.3%	11.9%	96.0	4.04	4.07	4.44	4.56	0.1
1223	2024	Shelby Miller	DET	6	8	2	51	0	55.2	7.92	2.10	1.46	.215	60.3%	39.9%	12.3%	93.6	4.53	3.76	4.48	4.36	-0.1
1224	2026	Shane Bieber	TOR	5	2	0	11	11	55.2	7.11	3.88	1.62	.274	78.5%	44.3%	14.9%	92.4	4.37	5.97	5.15	4.63	0.1
1225	2024	John Brebbia	2 Tms	0	6	2	59	0	55.1	10.90	3.09	1.79	.317	67.1%	29.6%	15.9%	94.0	5.86	4.79	4.52	3.82	0.1
1226	2024	Ryne Stanek	2 Tms	7	3	7	63	0	55.1	10.90	4.07	1.30	.290	67.9%	33.1%	11.4%	97.9	4.88	3.44	4.14	4.18	0.0
1227	2024	Aaron Bummer	ATL	4	3	0	56	0	55.1	11.22	2.93	0.33	.386	72.9%	59.7%	7.1%	93.7	3.58	2.81	2.23	2.52	1.1
1228	2024	Keaton Winn	SFG	3	8	0	12	12	55.1	7.81	3.25	1.46	.299	53.4%	50.0%	18.4%	96.2	7.16	5.54	4.85	4.07	0.0
1229	2024	Ben Brown	CHC	1	3	0	15	8	55.1	10.41	3.09	0.81	.271	72.2%	38.7%	8.1%	96.7	3.58	4.23	3.11	3.63	1.3
1230	2024	Justin Slaten	BOS	6	2	2	44	0	55.1	9.43	1.46	0.65	.285	70.6%	50.0%	8.9%	96.6	2.93	3.26	2.61	2.90	1.5
1231	2025	Luis García	3 Tms	2	2	2	58	0	55.1	7.81	4.23	0.33	.338	74.2%	49.7%	4.7%	96.8	3.42	4.46	3.28	4.01	0.7
1232	2025	Lance McCullers Jr.	HOU	2	5	0	16	13	55.1	9.92	6.34	1.63	.325	66.7%	46.4%	16.4%	91.8	6.51	5.33	5.77	5.12	-0.2
1233	2025	Reed Garrett	NYM	3	6	3	58	1	55.1	10.41	4.23	0.81	.296	70.1%	40.4%	10.2%	98.1	3.90	3.50	3.46	3.65	0.8
1234	2025	Taylor Clarke	KCR	1	1	1	51	0	55.1	7.16	1.46	1.30	.208	76.1%	44.1%	14.0%	95.0	3.25	3.66	3.97	3.68	0.4
1235	2025	Steven Wilson	CHW	2	2	2	59	0	55.1	8.30	3.58	1.14	.272	82.8%	27.3%	7.9%	94.0	3.42	3.77	4.29	5.13	0.4
1236	2025	Jake Bird	2 Tms	4	2	0	48	0	55.1	10.73	4.07	1.14	.361	65.2%	47.4%	14.9%		5.53	3.84	3.91	3.58	0.4
1237	2026	Elvis Alvarado	ATH	5	4	6	56	0	55.1	10.57	4.07	1.63	.268	80.7%	36.8%	14.9%	98.9	3.90	4.41	4.56	4.04	0.0
1238	2023	Corey Kluber	BOS	3	6	1	15	9	55.0	6.87	3.44	2.78	.301	67.0%	30.2%	18.9%	88.5	7.04	6.23	7.11	5.80	-0.8
1239	2023	Derek Law	CIN	4	6	2	54	3	55.0	7.36	4.25	0.98	.275	77.9%	39.5%	10.2%	95.7	3.60	4.75	4.62	4.97	0.3
1240	2023	Giovanny Gallegos	STL	2	4	10	56	0	55.0	9.65	1.96	1.80	.293	75.1%	35.3%	15.3%	93.9	4.42	4.18	4.36	3.93	0.3
1241	2023	Lucas Erceg	OAK	4	4	0	50	0	55.0	11.13	5.89	0.16	.357	65.5%	46.1%	2.0%	98.0	4.75	3.70	3.31	4.55	0.8
1242	2023	Adrián Martinez	OAK	0	2	0	22	1	55.0	7.69	3.11	1.31	.315	72.4%	38.2%	13.3%		4.75	5.23	4.75	4.66	-0.1
1243	2024	Carlos Estévez	2 Tms	4	5	26	54	0	55.0	8.18	1.96	0.82	.229	75.0%	32.9%	6.8%	96.9	2.45	3.23	3.24	4.09	1.1
1244	2024	Scott Barlow	CLE	3	3	2	63	0	55.0	11.13	5.07	0.98	.288	73.7%	47.1%	14.0%	91.6	4.25	4.13	4.02	3.78	0.0
1245	2025	José Ureña	5 Tms	0	1	1	19	6	55.0	5.56	3.76	1.31	.277	75.2%	35.2%	10.5%	96.3	4.58	6.72	5.21	5.45	-0.1
1246	2025	Jorge Alcala	3 Tms	0	2	0	56	0	55.0	9.98	4.91	2.13	.349	67.3%	33.3%	16.5%	97.4	6.22	4.49	5.68	4.82	-0.5
1247	2026	Tejay Antone	CIN	3	2	1	58	0	55.0	9.33	2.78	0.98	.252	76.8%	40.8%	9.7%	94.9	3.11	3.69	3.76	4.04	0.7
1248	2026	Kris Bubic	2 Tms	4	2	0	14	9	55.0	9.16	4.25	0.65	.261	72.1%	46.8%	7.8%	92.3	3.76	4.21	3.54	3.99	1.0
1249	2023	Brooks Raley	NYM	1	2	3	66	0	54.2	10.04	4.12	0.66	.286	80.7%	43.0%	7.3%	90.2	2.80	3.44	3.68	4.39	0.7
1250	2023	Jordan Weems	WSN	5	1	0	51	0	54.2	9.88	4.61	1.48	.220	78.0%	38.8%	14.5%	96.3	3.62	4.28	4.90	4.64	0.0
1251	2023	Gabe Speier	SEA	2	2	1	69	0	54.2	10.54	1.81	1.15	.305	72.3%	55.9%	20.6%	95.2	3.79	3.44	3.35	2.71	0.6
1252	2024	Kenley Jansen	BOS	4	2	27	54	0	54.2	10.21	3.29	0.66	.260	73.0%	30.6%	5.6%		3.29	3.33	3.00	4.04	1.4
1253	2024	Evan Phillips	LAD	5	1	18	61	0	54.2	10.37	2.80	0.99	.298	62.5%	39.7%	10.2%	96.3	3.62	3.26	3.28	3.48	0.9
1254	2024	Kyle Nicolas	PIT	2	2	0	51	0	54.2	9.05	5.10	0.66	.315	69.7%	45.4%	7.8%	97.4	3.95	4.37	4.03	4.49	0.1
1255	2025	Matt Festa	CLE	5	4	0	63	0	54.2	9.22	2.47	0.66	.274	59.9%	40.7%	7.4%	91.9	4.12	3.46	3.14	3.71	0.8
1256	2025	Cade Gibson	MIA	4	5	0	44	1	54.2	7.08	3.46	0.49	.261	79.3%	51.9%	7.1%	91.9	2.63	3.82	3.76	4.23	0.3
1257	2026	Fernando Cruz	NYY	4	6	2	61	0	54.2	11.03	5.27	1.15	.270	79.8%	32.1%	9.7%	93.2	3.13	3.30	4.18	4.50	0.4
1258	2023	Jason Adam	TBR	4	2	12	56	0	54.1	11.43	3.31	1.16	.239	79.3%	41.5%	14.3%	94.8	2.98	4.33	3.99	3.81	0.4
1259	2024	Spencer Turnbull	PHI	3	0	0	17	7	54.1	9.61	3.31	0.99	.233	84.0%	47.5%	12.0%		2.65	4.07	3.85	3.80	0.7
1260	2024	Caleb Ferguson	2 Tms	1	4	1	62	0	54.1	11.10	4.14	0.99	.340	66.6%	46.7%	13.3%	93.9	4.64	4.12	3.74	3.55	0.3
1261	2024	Jhoan Duran	MIN	6	9	23	58	0	54.1	10.93	2.48	0.66	.321	61.5%	60.9%	13.8%	100.4	3.64	2.82	2.85	2.70	1.2
1262	2025	Aaron Bummer	ATL	3	2	0	42	2	54.1	8.45	2.82	0.50	.314	69.5%	53.9%	9.7%	91.6	3.81	4.21	3.52	3.68	0.4
1263	2026	Jakob Junis	TEX	1	3	6	53	1	54.1	6.29	2.98	0.66	.278	76.0%	41.6%	6.6%	92.5	3.64	4.42	3.93	4.67	0.4
1264	2023	Dominic Leone	3 Tms	1	3	1	51	0	54.0	9.00	4.67	2.33	.255	85.9%	37.1%	21.2%	95.7	4.67	5.18	6.29	4.94	-0.8
1265	2023	Wandy Peralta	NYY	4	2	4	63	0	54.0	8.50	5.00	1.17	.218	85.2%	57.4%	18.9%	95.8	2.83	4.59	5.05	4.50	-0.5
1266	2023	Mason Thompson	WSN	4	4	1	51	0	54.0	7.33	3.67	0.67	.349	64.3%	50.6%	8.0%	94.7	5.50	4.57	4.03	4.60	0.5
1267	2026	Stephen Kolek	KCR	4	3	0	10	10	54.0	5.67	2.00	1.33	.280	67.5%	45.7%	14.0%	94.3	4.50	3.86	4.55	4.21	0.5
1268	2026	Hunter Dobbins	STL	3	3	1	11	8	54.0	8.67	4.00	1.17	.288	78.2%	43.4%	12.7%	94.6	3.67	3.95	4.30	4.16	0.4
1269	2023	Brad Hand	2 Tms	5	3	1	60	0	53.2	9.89	3.69	1.01	.333	66.1%	37.1%	12.8%	92.8	5.53	4.51	4.02	4.01	0.5
1270	2023	Alex Young	CIN	4	2	1	63	0	53.2	8.39	3.35	1.68	.277	78.3%	48.8%	18.2%	91.5	3.86	4.13	4.99	4.26	0.1
1271	2023	Jacob Webb	2 Tms	1	1	1	54	0	53.2	9.56	5.03	1.01	.244	78.9%	37.1%	10.2%	94.8	3.69	3.91	4.48	4.85	0.1
1272	2024	Edwin Díaz	NYM	6	4	20	54	0	53.2	14.09	3.35	1.17	.284	73.2%	44.0%	15.6%	97.6	3.52	2.48	3.02	2.59	1.1
1273	2024	Cionel Pérez	BAL	2	0	2	62	0	53.2	7.71	4.70	0.00	.296	63.7%	55.8%	0.0%	96.5	4.53	3.58	3.30	4.59	0.7
1274	2024	Calvin Faucher	MIA	2	3	6	53	0	53.2	10.57	4.36	0.00	.345	68.4%	46.4%	0.0%	96.2	3.19	3.70	2.50	3.76	1.3
1275	2024	Angel Zerpa	KCR	2	0	0	60	0	53.2	8.22	3.19	1.01	.325	78.2%	58.4%	14.3%	96.0	3.86	4.39	3.97	3.70	0.2
1276	2024	Bryan Hoeing	2 Tms	2	3	0	34	2	53.2	7.21	2.35	0.67	.262	81.7%	48.3%	9.8%	94.6	2.18	4.95	3.32	3.50	0.6
1277	2025	Brandon Walter	HOU	1	3	0	9	9	53.2	8.72	0.67	1.68	.252	84.6%	44.7%	18.5%	91.7	3.35	3.25	4.01	3.14	0.8
1278	2026	Jimmy Herget	COL	0	6	3	51	3	53.2	7.88	4.36	1.68	.305	67.6%	33.5%	13.7%	92.1	5.70	4.48	5.39	5.02	-0.3
1279	2026	Chase Shugart	PHI	2	1	0	46	0	53.2	9.89	3.35	1.68	.254	73.6%	35.7%	15.2%	96.1	4.02	3.78	4.67	4.10	-0.1
1280	2026	Tobias Myers	NYM	1	2	2	32	3	53.2	6.88	2.68	1.51	.287	60.6%	31.2%	12.0%	92.6	5.53	4.15	4.65	4.58	0.2
1281	2026	José Fermin	LAA	4	3	1	53	0	53.2	10.40	4.19	1.01	.305	73.3%	45.9%	13.6%	96.7	3.86	4.53	3.86	3.65	0.2
1282	2023	Tim Mayza	TOR	3	1	1	69	0	53.1	8.94	2.53	0.34	.331	88.4%	58.2%	7.1%		1.52	3.40	2.60	2.98	1.3
1283	2023	Cionel Pérez	BAL	4	2	3	65	0	53.1	7.43	4.56	0.34	.318	67.7%	60.7%	5.3%	96.9	3.54	3.87	3.84	4.53	0.4
1284	2024	Chad Kuhl	CHW	0	2	1	31	1	53.1	9.11	4.22	0.84	.340	67.5%	44.4%	10.0%	95.3	5.06	4.34	4.10	4.30	0.2
1285	2024	Chad Green	TOR	4	6	17	53	0	53.1	7.76	2.36	1.35	.236	80.8%	37.2%	10.8%	95.5	3.21	3.87	4.29	4.44	0.1
1286	2024	Justin Anderson	CHW	1	2	1	56	0	53.1	9.62	5.40	0.84	.297	71.1%	37.8%	8.1%	96.1	4.39	4.92	4.22	4.76	0.2
1287	2025	David Festa	MIN	3	4	0	11	10	53.1	8.94	3.21	1.69	.273	63.8%	35.1%	14.1%	94.0	5.40	4.84	4.88	4.49	0.3
1288	2026	Paul Sewald	2 Tms	2	5	24	62	0	53.1	8.94	2.19	2.19	.199	69.6%	20.9%	13.7%	91.4	4.73	4.12	5.24	4.76	-0.5
1289	2023	Steven Wilson	SDP	1	2	0	52	0	53.0	9.68	4.58	1.19	.224	76.1%	25.8%	8.8%	94.6	3.91	3.36	4.52	5.30	0.4
1290	2024	Luke Jackson	2 Tms	4	3	0	52	0	53.0	10.02	4.42	1.19	.319	67.0%	50.7%	15.6%	95.0	5.09	4.04	4.24	3.81	-0.1
1291	2024	Jorge López	2 Tms	2	3	4	52	0	53.0	8.49	3.23	1.02	.286	81.9%	51.0%	11.5%	95.8	2.89	3.61	3.94	3.95	0.2
1292	2024	Gregory Soto	2 Tms	3	5	2	66	0	53.0	11.04	4.58	0.68	.371	71.4%	50.7%	10.0%	98.2	4.42	4.54	3.68	3.84	0.5
1293	2024	Anthony Bender	MIA	5	2	1	59	0	53.0	10.02	3.06	0.51	.326	69.3%	50.0%	7.3%	95.8	4.08	3.39	2.92	3.36	0.9
1294	2025	Andrew Kittredge	2 Tms	4	3	5	54	0	53.0	10.87	1.87	1.19	.270	71.1%	49.2%	15.9%		3.40	2.78	3.06	2.62	0.8
1295	2026	Germán Márquez	SDP	4	2	1	13	10	53.0	6.28	4.08	2.38	.258	79.8%	37.4%	17.9%	94.5	5.26	5.74	6.61	5.40	-0.6
1296	2023	Matt Moore	3 Tms	5	1	0	50	0	52.2	10.25	2.56	1.20	.293	88.6%	35.0%	11.3%	94.0	2.56	3.32	3.73	3.95	0.6
1297	2023	Jared Shuster	ATL	4	3	0	11	11	52.2	5.13	4.44	1.20	.277	65.5%	35.7%	8.9%	91.5	5.81	5.38	5.38	6.13	0.1
1298	2024	Seth Martinez	HOU	3	2	1	44	0	52.2	6.15	3.08	1.20	.268	76.8%	40.4%	10.6%	91.0	3.59	4.09	4.78	4.95	-0.2
1299	2025	Josh Hader	HOU	6	2	28	48	0	52.2	12.99	2.73	1.37	.202	86.6%	21.3%	12.3%		2.05	2.00	3.25	3.18	1.1
1300	2025	Cole Henry	WSN	1	2	2	57	0	52.2	8.89	5.47	1.20	.259	77.4%	31.7%	10.0%	94.5	4.27	4.46	5.34	5.66	-0.2
1301	2025	Daniel Palencia	CHC	1	6	22	54	0	52.2	10.42	2.73	0.85	.298	78.2%	38.8%	9.6%	99.6	2.91	3.25	3.08	3.37	1.0
1302	2025	Mason Fluharty	TOR	5	2	1	55	0	52.2	9.57	4.10	1.03	.236	63.4%	41.2%	10.7%		4.44	3.30	3.97	4.13	0.2
1303	2026	Brooks Raley	2 Tms	5	7	1	61	0	52.2	8.72	3.42	1.03	.285	77.9%	35.7%	10.2%		3.25	3.96	3.96	4.17	0.5
1304	2026	Colin Holderman	CLE	6	4	1	54	0	52.2	8.54	3.42	0.17	.241	73.9%	53.9%	2.3%	96.9	2.73	3.85	3.16	4.14	0.8
1305	2026	Brandon Williamson	CIN	5	5	0	12	9	52.2	6.15	5.13	1.54	.250	68.7%	39.6%	12.9%	93.0	5.30	6.00	5.89	5.68	-0.1
1306	2023	Johnny Cueto	MIA	1	4	0	13	10	52.1	6.71	2.58	2.92	.236	73.0%	33.1%	22.4%	92.1	6.02	5.16	7.02	5.20	-0.7
1307	2023	Robert Stephenson	2 Tms	3	4	1	60	0	52.1	13.24	2.75	1.38	.220	74.7%	34.6%	15.7%	96.9	3.10	2.79	3.22	2.84	1.0
1308	2023	Brent Honeywell	2 Tms	2	4	0	40	0	52.1	7.74	3.96	1.72	.285	77.6%	48.8%	19.2%	95.0	4.82	5.69	5.62	4.78	-0.4
1309	2023	Jeff Hoffman	PHI	5	2	1	54	0	52.1	11.87	3.27	0.52	.226	74.2%	42.6%	6.7%	97.2	2.41	2.57	2.57	3.24	1.5
1310	2023	Josh Sborz	TEX	6	7	0	44	0	52.1	11.35	2.92	1.38	.285	56.2%	46.9%	17.8%	96.9	5.50	3.31	3.75	3.19	0.7
1311	2023	Sam Hentges	CLE	3	2	0	56	0	52.1	9.63	3.10	0.34	.347	68.9%	58.8%	7.4%	95.7	3.61	4.09	2.64	3.00	1.1
1312	2023	Daniel Lynch IV	KCR	3	4	0	9	9	52.1	5.85	2.75	1.55	.252	69.9%	38.8%	11.8%	92.8	4.64	4.90	5.17	5.33	0.3
1313	2023	Chase Silseth	LAA	4	1	0	16	8	52.1	9.63	4.47	1.55	.250	76.2%	48.9%	22.5%	95.0	3.96	4.25	4.96	3.98	0.2
1314	2024	Craig Kimbrel	BAL	7	5	23	57	0	52.1	12.55	5.33	1.20	.284	61.9%	32.0%	13.0%	94.0	5.33	4.30	4.18	4.00	0.2
1315	2024	José Suarez	LAA	1	2	1	22	3	52.1	9.63	4.64	1.20	.342	63.9%	40.5%	12.5%	93.2	6.02	4.83	4.54	4.42	0.0
1316	2024	Randy Rodríguez	SFG	3	2	0	35	1	52.1	9.11	3.10	0.69	.301	62.5%	41.0%	6.6%	97.9	4.30	3.27	3.34	4.11	0.5
1317	2026	Garrett Whitlock	BOS	7	2	4	54	0	52.1	10.15	1.55	0.52	.276	79.4%	38.3%	5.7%		1.72	2.62	2.11	2.89	2.0
1318	2026	Grant Wolfram	BAL	6	4	1	60	0	52.1	10.49	2.75	0.52	.352	62.5%	43.5%	5.4%	95.4	4.30	3.49	2.66	3.53	1.2
1319	2023	Shawn Armstrong	TBR	1	0	0	39	6	52.0	9.35	1.90	0.35	.250	80.9%	38.4%	3.6%	94.6	1.38	2.70	2.54	3.82	1.3
1320	2023	Hyun Jin Ryu	TOR	3	3	0	11	11	52.0	6.58	2.42	1.56	.272	77.6%	45.6%	16.4%	88.8	3.46	3.87	4.91	4.41	0.4
1321	2023	Ronel Blanco	HOU	2	1	0	17	7	52.0	9.00	4.85	2.08	.280	80.4%	34.7%	17.9%	94.5	4.50	5.07	5.99	5.12	-0.4
1322	2023	George Soriano	MIA	0	0	1	26	1	52.0	9.00	3.98	1.04	.282	73.2%	41.5%	10.5%	94.5	3.81	4.55	4.37	4.68	0.2
1323	2025	Joe Boyle	TBR	1	4	0	13	9	52.0	10.04	4.85	1.04	.282	62.5%	43.8%	10.5%	98.4	4.67	4.03	4.19	4.38	0.4
1324	2023	Taylor Rogers	SFG	6	4	2	60	0	51.2	11.15	4.35	1.05	.280	68.3%	41.7%	12.0%		3.83	3.49	3.91	4.00	0.3
1325	2023	Josh Fleming	TBR	2	0	0	12	3	51.2	4.35	3.31	1.57	.280	73.7%	59.7%	25.7%	91.7	4.70	5.43	5.66	4.51	-0.5
1326	2023	Joan Adon	WSN	2	4	0	12	10	51.2	8.36	4.18	1.39	.331	66.0%	37.4%	13.1%	94.5	6.45	5.56	4.98	4.92	0.4
1327	2024	Huascar Brazobán	2 Tms	1	3	0	39	0	51.2	8.88	4.35	0.35	.265	63.3%	45.7%	4.7%	96.6	3.83	3.64	3.32	4.08	0.6
1328	2024	John Schreiber	KCR	4	3	2	59	0	51.2	8.01	3.48	0.17	.307	69.4%	51.3%	2.0%	93.0	3.66	3.36	3.03	4.21	1.1
1329	2025	Brennan Bernardino	BOS	4	3	1	55	3	51.2	7.49	4.53	0.17	.252	67.6%	49.7%	2.1%	92.3	3.14	3.39	3.41	4.59	0.6
1330	2026	Aroldis Chapman	BOS	3	4	35	53	0	51.2	12.37	4.01	0.52	.278	83.9%	46.4%	7.1%	97.0	1.92	2.64	2.50	2.97	1.6
1331	2023	Chris Martin	BOS	4	1	3	55	0	51.1	8.06	1.40	0.35	.301	93.6%	51.0%	6.7%	95.9	1.05	3.22	2.44	2.90	1.5
1332	2023	Andrew Chafin	2 Tms	3	4	8	63	0	51.1	11.05	4.91	1.05	.310	67.1%	38.5%	12.2%	92.2	4.73	4.35	4.01	4.07	0.5
1333	2023	Danny Coulombe	BAL	5	3	2	61	0	51.1	10.17	2.10	0.70	.306	78.7%	43.7%	7.8%	91.4	2.81	3.02	2.83	3.46	1.4
1334	2023	Tucker Davidson	2 Tms	1	2	2	38	1	51.1	8.06	3.33	1.05	.358	63.1%	44.2%	11.5%	91.4	5.96	5.21	4.27	4.42	0.1
1335	2023	Tom Cosgrove	SDP	1	2	1	54	0	51.1	7.71	3.33	0.53	.209	84.6%	40.7%	4.9%	92.1	1.75	2.67	3.70	4.91	0.6
1336	2024	Tyler Ferguson	OAK	4	2	2	48	0	51.1	10.87	4.21	0.70	.243	66.8%	37.3%	7.8%	96.1	3.68	3.69	3.28	3.77	0.7
1337	2024	Elvis Peguero	MIL	7	4	2	52	0	51.1	8.24	4.73	0.70	.327	78.2%	57.3%	10.8%	96.8	2.98	4.09	4.04	4.12	0.1
1338	2024	Colin Holderman	PIT	3	6	0	55	0	51.1	9.82	4.38	1.05	.275	77.0%	37.5%	10.5%	97.2	3.16	4.09	4.26	4.42	0.2
1339	2026	Erik Miller	2 Tms	4	2	5	57	1	51.1	12.97	5.96	0.53	.306	80.8%	50.9%	9.4%	96.9	2.98	3.14	3.26	3.44	0.6
1340	2026	Brandyn Garcia	ARI	0	1	5	57	0	51.1	10.52	1.93	0.53	.216	80.9%	60.4%	9.4%		1.93	2.11	2.57	2.76	1.3
1341	2024	José Ruiz	PHI	5	1	1	52	0	51.0	9.18	3.00	1.41	.309	79.6%	45.2%	16.0%	96.4	3.71	4.24	4.23	3.67	0.1
1342	2024	Brennan Bernardino	BOS	4	3	0	57	3	51.0	9.88	3.88	1.06	.324	76.1%	45.3%	13.0%		4.06	3.91	4.15	3.98	0.2
1343	2024	Tanner Rainey	WSN	0	0	0	50	0	51.0	7.76	5.12	1.41	.267	75.6%	28.1%	9.4%	94.2	4.76	5.50	5.42	5.90	-0.2
1344	2024	Michael Grove	LAD	4	4	0	39	2	51.0	9.53	2.82	1.06	.299	62.1%	45.3%	12.5%	95.0	5.12	3.59	3.87	3.77	0.4
1345	2025	Luke Jackson	3 Tms	2	5	9	52	0	51.0	6.71	4.94	0.71	.253	63.3%	51.7%	8.3%	94.2	4.06	4.30	4.49	4.92	-0.2
1346	2025	Joe Ross	PHI	2	1	0	37	1	51.0	6.88	3.18	1.41	.306	71.9%	45.5%	13.3%	94.1	5.12	6.08	4.88	4.65	-0.1
1347	2025	Tyler Gilbert	CHW	4	2	1	46	5	51.0	8.65	4.24	0.88	.259	71.2%	33.3%	7.2%	90.7	3.88	4.05	4.02	4.83	0.4
1348	2026	Kody Funderburk	MIN	3	2	1	58	0	51.0	8.65	4.76	0.53	.284	75.2%	54.4%	7.7%		3.71	3.71	3.65	4.04	0.4
1349	2023	Keynan Middleton	2 Tms	2	2	2	51	0	50.2	11.37	4.09	1.42	.276	83.3%	56.6%	23.5%	95.7	3.38	3.70	4.20	3.26	0.1
1350	2023	Ryne Stanek	HOU	3	1	0	55	0	50.2	9.06	3.73	1.42	.258	75.8%	30.7%	10.4%	98.2	4.09	4.07	4.60	5.06	0.1
1351	2023	Brennan Bernardino	BOS	2	1	0	55	6	50.2	10.30	3.20	0.71	.338	79.8%	50.4%	11.1%	90.0	3.20	4.08	3.41	3.56	0.7
1352	2023	Jose E. Hernandez	PIT	1	3	0	50	0	50.2	11.01	3.91	1.60	.295	69.7%	38.7%	16.1%	94.7	4.97	4.10	4.48	4.00	0.1
1353	2023	Osvaldo Bido	PIT	2	5	0	16	9	50.2	8.53	3.73	0.71	.329	62.5%	35.4%	7.0%	94.6	5.86	4.75	4.10	4.94	0.7
1354	2024	Hunter Harvey	2 Tms	2	4	1	49	0	50.2	9.77	2.84	0.89	.333	67.7%	44.7%	11.6%	98.0	4.44	5.12	3.52	3.52	0.7
1355	2024	Carmen Mlodzinski	PIT	5	5	0	40	4	50.2	8.17	3.38	0.53	.273	69.2%	46.1%	5.7%	96.2	3.38	3.34	3.36	4.18	0.6
1356	2025	Taylor Rogers	2 Tms	3	2	0	57	0	50.2	9.41	4.09	1.24	.296	75.9%	42.9%	13.2%		3.38	4.14	4.38	4.20	0.1
1357	2025	Bennett Sousa	HOU	5	1	4	44	0	50.2	10.48	2.66	0.71	.273	73.3%	38.7%	7.5%	95.0	2.84	2.88	2.72	3.31	1.1
1358	2025	Tobias Myers	MIL	1	2	0	22	6	50.2	6.75	2.66	0.89	.306	78.1%	36.2%	7.2%	93.5	3.55	4.39	3.92	4.74	0.4
1359	2025	Randy Rodríguez	SFG	3	5	4	50	0	50.2	11.90	1.95	0.71	.268	85.3%	37.1%	8.0%	97.5	1.78	2.56	2.40	2.90	1.4
1360	2025	Victor Vodnik	COL	4	3	10	52	0	50.2	8.70	4.62	0.71	.301	79.5%	54.3%	9.5%	98.7	3.02	4.17	3.77	4.02	0.5
1361	2023	Pedro Avila	SDP	2	2	0	14	6	50.1	9.66	4.47	0.54	.301	72.7%	58.8%	10.0%	94.1	3.22	4.07	3.67	3.88	0.7
1362	2024	Landen Roupp	SFG	1	2	0	23	4	50.1	8.40	4.65	0.36	.291	72.9%	47.2%	4.8%	93.7	3.58	4.01	3.42	4.17	0.5
1363	2026	Austin Warren	NYM	2	3	0	41	2	50.1	9.83	4.29	1.07	.305	75.5%	42.1%	13.3%	93.9	4.11	4.64	4.07	3.87	0.1
1364	2026	Cade Gibson	MIA	6	2	0	47	1	50.1	7.87	3.75	0.72	.308	58.2%	51.4%	9.5%	92.1	5.36	3.45	3.99	4.22	0.2
1365	2023	Andrés Machado	WSN	4	1	0	44	0	50.0	7.74	2.34	2.16	.297	75.7%	42.1%	24.0%	96.7	5.22	5.58	5.50	4.03	-0.5
1366	2023	Marco Gonzales	SEA	4	1	0	10	10	50.0	6.12	3.24	0.90	.316	62.1%	40.6%	8.9%	89.3	5.22	5.26	4.28	4.83	0.6
1367	2023	Seranthony Domínguez	PHI	5	5	2	57	0	50.0	8.64	3.96	1.26	.291	77.0%	42.5%	12.3%	97.6	3.78	4.62	4.84	4.90	0.1
1368	2023	Quinn Priester	PIT	3	3	0	10	8	50.0	6.48	4.86	2.16	.295	63.2%	52.4%	26.7%	92.7	7.74	6.13	6.74	5.10	-0.6
1369	2024	Eduardo Rodriguez	ARI	3	4	0	10	10	50.0	8.46	3.42	1.44	.322	72.5%	37.0%	13.8%	91.9	5.04	5.41	4.57	4.24	0.3
1370	2024	Davis Martin	CHW	0	5	0	11	10	50.0	8.46	4.14	0.90	.321	74.6%	45.8%	9.4%	93.7	4.32	4.10	4.27	4.57	0.6
1371	2025	Anthony Bender	MIA	3	5	4	51	0	50.0	7.56	3.78	0.54	.213	82.7%	48.6%	5.7%	96.0	2.16	3.55	3.62	4.47	0.4
1372	2025	Braydon Fisher	TOR	7	0	0	52	1	50.0	11.16	3.42	0.72	.246	80.6%	36.8%	7.4%	95.5	2.70	3.32	3.02	3.64	0.8
1373	2026	Caleb Thielbar	CHC	3	4	3	58	0	50.0	10.80	3.24	1.98	.295	71.1%	30.5%	16.4%	93.4	4.86	4.58	4.70	3.86	-0.2
1374	2026	Mason Barnett	ATH	1	4	2	20	6	50.0	9.00	5.40	2.52	.293	68.8%	33.3%	20.9%	94.9	7.02	5.07	6.66	5.04	-0.6
1375	2023	Alex Vesia	LAD	2	5	1	56	1	49.2	11.60	3.08	1.27	.354	71.9%	29.5%	10.1%	94.4	4.35	3.65	3.66	4.12	0.7
1376	2024	Anthony Banda	LAD	3	2	2	48	2	49.2	9.06	3.26	0.91	.291	78.9%	44.4%	10.0%	96.1	3.08	3.28	3.67	3.88	0.6
1377	2024	Andrew Nardi	MIA	3	2	0	59	0	49.2	12.68	3.26	1.27	.325	63.9%	31.7%	11.5%	94.2	5.07	2.81	3.33	3.35	0.7
1378	2024	Quinn Priester	2 Tms	3	6	0	11	7	49.2	5.98	2.54	1.27	.299	68.0%	57.9%	17.1%	93.1	4.71	4.45	4.70	4.11	0.2
1379	2024	Louis Varland	MIN	0	6	0	16	7	49.2	8.88	2.90	2.17	.357	61.8%	41.9%	21.1%	96.2	7.61	5.35	5.54	4.14	-0.4
1380	2024	Bryce Elder	ATL	2	5	0	10	10	49.2	8.34	3.08	1.45	.366	64.1%	50.6%	16.3%	91.7	6.52	4.90	4.56	3.95	0.3
1381	2025	Drew Pomeranz	CHC	2	2	1	57	4	49.2	10.33	2.72	0.91	.273	86.3%	38.4%	9.4%	92.6	2.17	3.48	3.36	3.69	0.7
1382	2025	Casey Legumina	SEA	4	6	0	48	1	49.2	9.97	4.53	1.27	.308	59.2%	39.7%	11.9%	94.4	5.62	3.81	4.38	4.38	-0.1
1383	2026	John King	MIA	6	2	1	50	1	49.2	5.98	3.08	1.27	.191	67.9%	47.2%	13.2%	90.8	3.99	4.06	4.87	4.65	-0.3
1384	2026	Yennier Cano	BAL	4	3	3	68	0	49.2	8.15	2.36	0.36	.270	69.5%	62.2%	5.9%	94.6	2.90	3.33	2.78	3.29	0.9
1385	2026	Dylan Dodd	ATL	4	1	2	48	0	49.2	9.60	2.54	1.27	.205	89.0%	26.8%	10.9%		2.54	3.10	3.83	3.94	0.5
1386	2026	Will Dion	2 Tms	3	2	1	27	1	49.2	9.97	3.08	1.45	.283	73.8%	32.8%	13.6%	91.0	3.62	3.35	4.07	3.77	0.3
1387	2023	Daniel Bard	COL	4	2	1	50	0	49.1	8.57	8.94	0.91	.244	72.9%	36.7%	8.6%	94.7	4.56	6.11	6.13	6.76	-0.5
1388	2024	Lucas Sims	2 Tms	1	6	1	58	0	49.1	8.94	5.47	1.46	.262	79.3%	28.0%	11.1%	94.4	4.38	4.32	5.23	5.33	-0.4
1389	2024	Kyle Muller	OAK	0	1	0	21	0	49.1	6.57	1.82	1.09	.282	67.2%	42.6%	11.1%	92.9	4.01	3.98	3.96	4.03	0.1
1390	2026	Quinn Mathews	STL	2	4	0	9	9	49.1	8.39	3.65	0.91	.309	77.4%	40.7%	9.4%	93.5	3.83	3.84	3.83	4.14	0.8
1391	2023	Andrés Muñoz	SEA	4	7	13	52	0	49.0	12.31	4.04	0.37	.330	73.2%	59.0%	7.1%	99.2	2.94	2.99	2.70	3.12	1.2
1392	2025	Jackson Jobe	DET	4	1	0	10	10	49.0	7.16	4.96	1.29	.273	78.2%	43.2%	12.1%	96.7	4.22	4.91	5.18	5.14	0.1
1393	2023	Aaron Loup	LAA	2	3	1	55	0	48.2	8.32	3.70	1.11	.373	63.6%	46.6%	11.1%	91.5	6.10	4.36	4.36	4.60	0.2
1394	2024	Kyle Leahy	STL	1	1	1	33	0	48.2	6.10	1.85	0.74	.252	61.7%	41.1%	6.5%	95.6	4.07	4.40	3.56	4.41	0.4
1395	2024	Spencer Bivens	SFG	3	1	1	27	2	48.2	6.84	2.03	1.66	.264	84.1%	53.9%	17.6%	94.8	3.14	4.03	4.79	3.97	-0.3
1396	2025	Cade Cavalli	WSN	3	1	0	10	10	48.2	7.40	2.77	1.29	.327	72.5%	54.8%	17.5%	96.9	4.25	4.14	4.53	3.93	0.5
1397	2025	Luis Morales	ATH	4	3	0	10	9	48.2	7.95	3.33	1.48	.233	85.2%	35.0%	12.7%	97.2	3.14	4.42	4.68	4.54	0.6
1398	2026	Pierce Johnson	CIN	2	1	1	56	0	48.2	7.77	3.51	1.48	.275	74.8%	36.9%	12.1%	95.8	4.62	4.90	4.68	4.59	-0.1
1399	2026	Sam Bachman	LAA	1	3	1	44	0	48.2	9.06	5.36	1.29	.266	73.2%	50.7%	16.3%	98.5	4.81	4.03	4.99	4.46	-0.5
1400	2023	Scott Alexander	SFG	7	3	1	55	8	48.1	5.77	2.05	0.37	.325	57.6%	60.7%	6.5%		4.66	3.64	3.26	3.78	0.7
1401	2023	Austin Pruitt	OAK	2	6	0	38	6	48.1	5.59	2.23	0.93	.264	78.0%	36.2%	7.7%	91.8	2.98	3.91	4.17	5.04	0.4
1402	2023	Andrew Vasquez	2 Tms	2	1	0	42	0	48.1	8.01	4.28	0.74	.296	78.1%	46.5%	8.3%	89.2	3.35	3.94	4.41	4.98	0.2
1403	2023	Will Vest	DET	2	1	2	48	4	48.1	10.43	2.42	0.56	.291	71.7%	45.0%	6.4%	95.4	2.98	3.18	2.55	3.35	1.2
1404	2024	Matt Moore	LAA	5	3	1	51	0	48.1	7.63	4.84	2.05	.215	69.8%	29.4%	15.3%	93.0	5.03	4.32	6.17	5.46	-0.9
1405	2024	Zach Pop	TOR	2	4	1	58	0	48.1	6.14	3.54	1.68	.247	56.2%	54.6%	21.4%		5.59	4.66	5.53	4.42	-0.6
1406	2025	Justin Wilson	BOS	4	1	0	61	0	48.1	10.61	3.72	0.56	.360	72.9%	46.0%	6.8%	94.6	3.35	3.60	2.95	3.55	1.0
1407	2025	Mark Leiter Jr.	NYY	6	7	2	59	0	48.1	10.06	3.17	0.93	.374	66.2%	45.5%	10.0%	93.4	4.84	3.73	3.55	3.80	0.6
1408	2025	Ronel Blanco	HOU	3	4	0	9	9	48.1	8.94	3.72	1.30	.242	74.2%	33.9%	11.1%	93.2	4.10	3.18	4.27	4.40	0.6
1409	2025	John King	STL	2	1	0	51	0	48.1	5.21	2.61	1.49	.331	72.3%	59.2%	21.1%	93.4	4.66	4.80	5.00	4.06	-0.4
1410	2026	Andrew Kittredge	BAL	3	3	11	55	0	48.1	7.45	2.05	1.12	.312	62.5%	42.1%	10.3%		3.54	4.00	3.74	3.94	0.5
1411	2026	Trent Thornton	CHC	5	5	3	48	0	48.1	5.77	3.17	1.49	.241	80.3%	45.1%	13.8%	95.1	3.35	4.96	5.21	4.87	-0.5
1412	2026	Lucas Erceg	KCR	4	4	13	52	0	48.1	6.33	5.96	0.93	.331	67.4%	51.9%	11.6%	97.4	5.59	4.64	5.40	5.40	-0.5
1413	2026	Erik Sabrowski	CLE	5	2	1	60	0	48.1	14.15	5.77	0.56	.253	76.6%	19.4%	5.0%	94.0	2.61	2.60	2.81	3.88	1.2
1414	2023	Yency Almonte	LAD	3	2	0	49	0	48.0	9.19	4.50	1.13	.296	65.5%	42.0%	13.0%	96.1	5.06	4.38	4.59	4.55	0.1
1415	2023	Dustin May	LAD	4	1	0	9	9	48.0	6.38	3.00	0.19	.209	72.4%	45.2%	2.1%	97.6	2.63	3.35	3.23	4.58	1.3
1416	2025	Fernando Cruz	NYY	3	4	2	49	0	48.0	13.50	4.50	0.94	.292	73.6%	37.0%	13.5%	93.9	3.56	3.40	3.18	3.01	0.8
1417	2025	Riley O'Brien	STL	3	1	6	42	0	48.0	8.44	4.13	0.38	.252	82.8%	54.1%	8.0%		2.06	3.59	3.61	3.88	0.3
1418	2025	Nolan McLean	NYM	5	1	0	8	8	48.0	10.69	3.00	0.75	.275	84.1%	61.1%	14.3%	95.7	2.06	3.56	2.97	2.78	1.2
1419	2026	Jose Quintana	COL	2	3	0	11	11	48.0	4.69	3.75	1.88	.269	69.5%	33.1%	12.3%	89.9	5.44	5.58	6.08	5.92	-0.1
1420	2026	Jordan Hicks	CHW	3	2	1	53	2	48.0	12.00	6.19	0.75	.325	77.8%	46.2%	9.5%	99.4	3.94	2.86	3.64	3.88	0.5
1421	2026	Cole Winn	TEX	5	3	1	51	1	48.0	9.19	3.00	1.31	.331	63.7%	36.7%	12.7%	95.6	5.63	4.88	4.02	3.85	0.2
1422	2026	Clayton Beeter	WSN	6	5	12	50	0	48.0	8.81	5.81	1.50	.233	76.5%	49.2%	17.8%	95.7	4.50	4.77	5.43	4.68	-0.7
1423	2023	Tayler Saucedo	SEA	3	2	1	52	0	47.2	8.12	4.34	0.38	.293	74.4%	58.5%	8.0%	93.0	3.59	4.15	3.82	4.14	0.2
1424	2023	Jake Woodford	STL	2	3	0	15	8	47.2	5.48	4.15	2.08	.318	73.7%	51.2%	22.9%	92.7	6.23	6.95	6.61	5.28	-0.6
1425	2023	Chris Murphy	BOS	1	2	1	20	0	47.2	9.25	3.21	0.94	.321	67.2%	44.7%	10.0%	93.9	4.91	3.66	3.70	4.07	0.4
1426	2024	Joe Boyle	OAK	3	6	0	13	10	47.2	10.57	7.55	0.76	.311	63.4%	36.8%	8.3%	98.0	6.42	4.29	4.68	5.11	0.3
1427	2025	Lou Trivino III	3 Tms	3	2	0	47	2	47.2	6.99	3.40	1.13	.286	76.3%	33.8%	9.0%	94.7	3.97	5.10	4.73	5.26	0.0
1428	2025	Isaac Mattson	PIT	3	3	0	44	0	47.2	8.50	3.59	0.76	.242	83.3%	27.1%	5.5%	93.7	2.45	3.31	3.66	4.93	0.7
1429	2026	Jesse Scholtens	TBR	5	3	0	12	2	47.2	6.99	2.83	2.27	.261	83.7%	38.2%	19.4%	93.4	4.34	5.18	5.95	4.65	-0.7
1430	2026	Caleb Kilian	2 Tms	4	7	8	49	0	47.2	10.57	4.15	1.13	.298	62.5%	48.4%	12.0%	96.9	4.91	3.56	3.83	3.78	0.2
1431	2023	Ron Marinaccio	NYY	4	5	2	45	0	47.1	10.65	5.13	1.14	.266	74.3%	38.7%	12.0%	93.9	3.99	4.38	4.69	4.79	-0.1
1432	2024	Caleb Thielbar	MIN	2	4	3	59	0	47.1	10.08	4.56	1.14	.331	62.5%	38.0%	10.9%	93.2	5.32	4.09	4.10	4.21	0.2
1433	2024	Christian Scott	NYM	0	3	0	9	9	47.1	7.42	2.28	1.52	.272	73.2%	32.4%	11.1%	94.3	4.56	4.22	4.60	4.71	0.4
1434	2025	Bryse Wilson	CHW	0	2	0	20	5	47.1	5.32	3.61	2.09	.341	70.2%	33.1%	15.9%	93.0	6.65	8.27	6.30	5.53	-0.5
1435	2025	Emmanuel Clase	CLE	5	3	24	48	0	47.1	8.94	2.28	0.38	.324	70.9%	46.0%	4.5%		3.23	3.13	2.71	3.60	1.1
1436	2025	Matt Brash	SEA	1	3	4	53	0	47.1	11.03	3.42	0.76	.316	83.0%	54.7%	12.1%	95.8	2.47	3.25	3.05	3.03	0.8
1437	2025	David Morgan	SDP	1	2	0	41	2	47.1	9.51	4.37	0.76	.272	84.6%	44.9%	9.8%	97.8	2.66	3.74	3.71	3.94	0.3
1438	2025	Trevor Megill	MIL	6	3	30	50	0	47.0	11.49	3.26	0.57	.295	75.8%	39.3%	7.0%	99.1	2.49	3.23	2.50	3.08	1.5
1439	2025	Shohei Ohtani	LAD	1	1	0	14	14	47.0	11.87	1.72	0.57	.325	75.9%	41.4%	7.1%	98.2	2.87	2.53	1.90	2.45	1.9
1440	2025	Connor Brogdon	LAA	3	2	0	43	0	47.0	9.38	3.45	2.11	.281	67.2%	29.8%	16.2%	95.5	5.55	3.85	5.24	4.43	-0.4
1441	2026	Jacob Waguespack	DET	2	2	0	35	1	47.0	6.70	3.45	1.15	.156	84.7%	48.0%	12.8%	93.0	2.49	3.09	4.55	4.40	-0.1
1442	2026	Ty Madden	DET	1	0	0	20	1	47.0	8.81	2.68	0.96	.230	76.2%	36.2%	9.1%	93.5	3.26	2.87	3.55	3.93	0.4
1443	2023	Trevor May	OAK	4	4	21	49	0	46.2	7.71	5.59	0.77	.240	74.9%	30.8%	6.8%	94.9	3.28	4.57	4.71	5.69	0.1
1444	2023	Eric Lauer	MIL	4	6	0	10	9	46.2	8.29	4.63	3.09	.297	70.1%	25.0%	21.6%	91.2	6.56	7.50	7.41	5.58	-0.9
1445	2023	Joey Lucchesi	NYM	4	0	0	9	9	46.2	6.17	3.28	0.77	.286	80.1%	45.3%	7.4%	90.6	2.89	5.36	4.22	5.02	0.7
1446	2023	John Schreiber	BOS	2	1	1	46	2	46.2	10.22	4.82	1.16	.302	77.9%	42.0%	13.0%	93.4	3.86	4.10	4.52	4.48	0.1
1447	2024	Justin Wilson	CIN	1	5	2	60	0	46.2	9.84	2.51	1.93	.338	71.4%	38.3%	15.9%	95.6	5.59	4.13	4.73	3.99	0.1
1448	2024	Blake Treinen	LAD	7	3	1	50	0	46.2	10.80	2.12	0.96	.255	89.7%	44.7%	11.1%	94.2	1.93	2.43	3.00	3.06	1.0
1449	2024	Stephen Kolek	SDP	3	0	0	42	0	46.2	7.52	2.31	0.77	.359	64.3%	55.9%	12.9%	95.8	5.21	4.58	3.57	3.46	0.3
1450	2024	Trevor Megill	MIL	1	3	21	48	0	46.1	9.71	2.72	0.78	.254	75.5%	33.3%	6.9%	98.9	2.72	2.89	3.10	3.87	1.0
1451	2025	Dietrich Enns	2 Tms	3	3	2	24	3	46.1	9.52	2.91	1.17	.338	70.7%	40.0%	14.0%	93.9	4.08	3.40	3.67	3.42	0.5
1452	2024	Jordan Wicks	CHC	2	4	0	11	10	46.0	8.22	3.91	1.76	.331	71.4%	39.0%	15.8%	92.8	5.48	5.22	5.32	4.65	-0.1
1453	2025	Shelby Miller	2 Tms	4	3	10	48	0	46.0	10.57	2.93	0.98	.259	77.8%	33.9%	10.2%	95.2	2.74	3.50	3.44	3.67	0.7
1454	2025	Kaleb Ort	HOU	2	2	1	49	0	46.0	9.59	5.28	1.57	.245	70.9%	40.5%	14.3%	96.3	4.89	3.40	5.03	4.64	-0.3
1455	2025	Mason Montgomery	TBR	1	3	1	57	0	46.0	12.33	5.28	1.17	.384	65.6%	43.0%	15.0%	98.6	5.67	4.57	3.92	3.56	0.2
1456	2026	Craig Kimbrel	3 Tms	1	5	1	46	0	46.0	7.83	4.30	0.78	.283	64.0%	33.3%	7.0%	93.7	4.50	4.22	4.12	4.86	0.1
1457	2026	Gabe Speier	SEA	2	3	1	54	0	46.0	8.80	2.93	0.98	.250	79.2%	43.1%	9.8%	95.4	2.93	3.70	3.86	4.12	0.3
1458	2026	Nate Pearson	2 Tms	3	4	4	42	0	46.0	8.02	5.09	0.39	.280	69.5%	44.1%	4.3%	97.6	4.11	4.38	3.97	4.95	0.2
1459	2026	Julian Garcia	CIN	2	3	2	33	0	46.0	8.02	3.72	1.37	.198	81.6%	40.7%	13.5%	92.4	3.13	2.95	4.60	4.33	0.0
1460	2026	Jackson Jobe	DET	3	3	0	9	9	46.0	9.98	3.13	1.37	.270	76.8%	47.5%	16.3%	97.5	3.91	3.83	4.17	3.60	0.5
1461	2023	Bryan Shaw	CHW	0	0	4	38	0	45.2	7.88	3.35	0.59	.290	70.9%	40.2%	5.8%		4.14	3.90	3.87	4.90	0.4
1462	2024	Brendon Little	TOR	1	2	1	49	0	45.2	7.09	3.74	1.38	.262	78.1%	70.9%	35.0%		3.74	4.14	4.90	3.57	-0.3
1463	2025	Carlos Carrasco	2 Tms	2	2	0	11	9	45.2	6.70	3.35	1.97	.338	65.6%	35.8%	15.2%	91.5	7.09	5.36	5.61	4.99	-0.1
1464	2025	Steven Cruz	KCR	3	1	0	47	0	45.2	7.49	3.55	0.99	.244	72.9%	39.7%	9.6%	98.4	3.74	3.42	4.14	4.47	0.2
1465	2025	Troy Melton	DET	3	2	0	16	4	45.2	7.09	2.96	1.38	.198	86.0%	42.5%	12.3%	97.1	2.76	3.64	4.60	4.53	0.2
1466	2026	A.J. Minter	2 Tms	2	2	1	48	0	45.2	8.08	1.58	1.77	.244	90.7%	36.1%	13.6%	93.3	2.56	3.82	4.46	4.08	0.1
1467	2026	Kyle Hurt	LAD	4	1	1	44	1	45.2	11.43	4.53	0.99	.297	70.9%	43.5%	11.1%	96.5	4.14	3.76	3.56	3.63	0.5
1468	2023	Brad Keller	KCR	3	4	0	11	9	45.1	6.15	8.93	0.60	.302	74.6%	58.3%	8.1%		4.57	5.75	5.92	6.41	-0.2
1469	2023	Pete Fairbanks	TBR	2	4	25	49	0	45.1	13.50	3.97	0.60	.258	78.6%	48.9%	11.1%	99.0	2.58	2.64	2.70	2.83	1.3
1470	2024	Pete Fairbanks	TBR	3	3	23	46	0	45.1	8.74	3.38	0.79	.267	69.6%	43.4%	8.7%	97.4	3.57	4.00	3.50	3.88	0.6
1471	2024	Shawn Dubin	HOU	1	1	2	31	2	45.1	9.73	5.16	0.60	.331	69.8%	46.5%	7.0%	95.1	4.17	3.98	3.72	4.29	0.3
1472	2024	Brant Hurter	DET	6	1	0	10	1	45.1	7.54	1.19	0.79	.236	78.5%	53.1%	9.3%	92.2	2.58	2.28	3.03	3.32	0.8
1473	2026	Brandon Woodruff	MIL	2	2	0	9	9	45.1	9.33	1.99	0.99	.207	71.9%	27.0%	7.8%	91.8	2.98	2.88	3.19	3.89	1.2
1474	2026	Cionel Pérez	2 Tms	4	3	0	40	2	45.1	8.74	3.77	1.39	.313	73.0%	57.5%	19.4%	96.7	4.76	5.16	4.42	3.62	-0.1
1475	2023	Bryan Baker	BAL	4	3	0	46	0	45.0	10.20	4.80	0.80	.274	74.4%	34.9%	7.5%	95.8	3.60	3.35	3.81	4.60	0.4
1476	2023	Sam Long	OAK	0	1	2	40	1	45.0	6.40	4.20	1.00	.314	65.6%	42.7%	8.8%	94.2	5.60	4.82	4.74	5.39	-0.1
1477	2024	Yohan Ramírez	4 Tms	0	5	1	38	0	45.0	9.00	3.40	0.80	.346	59.4%	43.8%	9.1%	94.9	6.20	4.54	4.26	4.58	0.1
1478	2025	Chase Shugart	PIT	4	3	0	35	0	45.0	6.20	3.40	1.20	.214	77.5%	33.3%	9.7%	95.4	3.40	4.64	4.69	5.08	-0.1
1479	2025	Richard Fitts	BOS	2	4	0	11	10	45.0	8.00	3.20	2.20	.256	75.1%	43.6%	22.9%	95.9	5.00	5.61	5.80	4.27	-0.3
1480	2026	Kenley Jansen	DET	4	6	22	50	0	45.0	10.20	4.60	1.40	.173	78.5%	22.5%	11.5%		3.20	3.59	4.46	4.48	0.3
1481	2026	Joel Kuhnel	3 Tms	1	3	8	45	0	45.0	5.60	3.60	1.40	.290	71.9%	50.3%	17.9%	95.4	4.40	5.76	5.35	4.63	-0.4
1482	2023	Kenley Jansen	BOS	3	6	29	51	0	44.2	10.48	3.43	1.01	.313	73.1%	22.6%	7.7%		3.63	3.19	3.66	4.61	1.1
1483	2023	Chasen Shreve	2 Tms	1	2	0	50	0	44.2	9.07	2.82	1.41	.310	70.3%	45.5%	14.3%	90.6	4.63	4.18	4.28	4.06	0.2
1484	2023	José Ureña	2 Tms	0	7	0	10	10	44.2	5.84	4.43	2.62	.268	65.7%	47.3%	24.5%	95.7	6.45	5.80	7.28	5.46	-0.6
1485	2023	Drew Rasmussen	TBR	4	2	0	8	8	44.2	9.47	2.22	0.40	.293	77.4%	52.6%	6.5%	96.2	2.62	2.90	2.54	3.10	1.4
1486	2025	Ben Lively	CLE	2	2	0	9	9	44.2	5.84	3.02	1.21	.250	83.0%	29.1%	8.6%	90.2	3.22	4.62	4.59	5.26	0.4
1487	2025	Mason Englert	TBR	0	1	0	29	0	44.2	8.87	2.22	0.81	.312	70.9%	40.9%	8.5%	93.9	3.83	4.26	3.14	3.59	0.5
1488	2026	Josh Hader	HOU	4	2	26	45	0	44.2	11.08	3.02	0.20	.188	85.9%	39.2%	2.1%		1.01	1.92	1.94	3.23	1.9
1489	2026	Evan Sisk	PIT	1	0	0	41	0	44.2	10.07	5.04	0.40	.306	81.8%	43.1%	5.3%	91.6	3.02	3.75	3.73	4.43	0.4
1490	2023	José Ruiz	2 Tms	2	1	0	38	1	44.1	7.92	4.26	2.03	.321	73.8%	39.0%	19.6%	96.5	5.89	5.54	6.26	5.22	-0.7
1491	2023	Tim Hill	SDP	1	4	0	48	0	44.1	5.28	2.84	1.42	.349	62.1%	61.2%	20.0%	90.9	5.48	5.00	5.49	4.74	-0.4
1492	2024	Chris Martin	BOS	3	1	2	45	0	44.1	10.15	0.61	1.02	.353	67.4%	46.3%	13.2%	94.9	3.45	3.37	2.78	2.61	0.9
1493	2024	Steven Matz	STL	1	2	0	12	7	44.1	6.70	3.05	1.42	.316	67.6%	40.1%	14.3%		5.08	4.59	4.88	4.50	0.1
1494	2024	Drew Thorpe	CHW	3	3	0	9	9	44.1	5.08	4.26	1.62	.200	61.1%	36.2%	11.9%	91.1	5.48	4.69	5.87	5.81	-0.1
1495	2025	Scott Blewett	3 Tms	3	0	0	26	2	44.1	7.11	3.65	1.83	.275	68.1%	49.6%	18.0%	93.4	5.48	4.65	5.48	4.58	-0.4
1496	2025	Jonathan Bowlan	KCR	1	2	0	34	1	44.1	9.34	3.45	1.22	.279	72.4%	48.7%	15.4%	95.7	3.86	3.79	3.97	3.57	0.2
1497	2025	AJ Smith-Shawver	ATL	3	2	0	9	9	44.1	8.53	4.26	0.81	.306	75.3%	35.4%	8.5%	95.7	3.86	6.28	3.90	4.36	0.6
1498	2023	Tyler Alexander	DET	2	1	0	25	1	44.0	9.00	1.02	1.64	.295	65.3%	32.0%	12.5%	90.1	4.50	3.69	4.10	4.14	0.1
1499	2026	Lance McCullers Jr.	2 Tms	2	3	0	10	8	44.0	9.82	5.52	1.43	.306	54.8%	42.4%	17.1%	91.6	6.55	4.58	4.96	4.30	0.1
1500	2026	Cody Bradford	TEX	0	5	0	10	8	44.0	4.50	2.05	1.23	.318	78.1%	34.0%	8.7%	88.8	4.30	5.17	4.62	5.22	0.4
1501	2026	Brandon Eisert	2 Tms	3	3	0	40	4	44.0	10.02	2.86	1.23	.311	60.5%	38.3%	13.6%	89.9	5.52	3.75	3.67	3.41	0.4
1502	2026	Mitch Bratt	ARI	1	3	0	10	10	44.0	6.14	5.52	1.02	.267	73.8%	28.0%	7.2%	90.9	4.70	4.12	5.12	6.01	0.4
1503	2026	Chase Dollander	COL	3	3	0	10	3	44.0	9.61	3.68	1.23	.287	79.5%	49.6%	13.3%	99.0	3.89	3.98	4.17	3.94	0.4
1504	2024	Jacob Latz	TEX	2	3	0	46	0	43.2	8.24	5.56	1.24	.280	80.2%	36.1%	10.7%	95.2	3.71	4.88	5.04	5.20	-0.3
1505	2024	Jhony Brito	SDP	1	2	0	26	0	43.2	5.98	2.06	0.82	.317	67.4%	48.3%	7.7%	96.5	4.12	4.10	3.72	4.33	0.3
1506	2025	Chris Flexen	CHC	5	1	1	21	1	43.2	4.53	2.47	1.44	.226	79.6%	35.5%	11.5%	92.4	3.09	5.08	5.04	5.11	-0.3
1507	2025	Chad Green	TOR	3	2	1	45	0	43.2	7.21	2.68	2.89	.294	81.9%	33.1%	20.3%	95.2	5.56	5.97	6.73	5.00	-1.0
1508	2025	Tanner Houck	BOS	0	3	0	9	9	43.2	6.60	3.50	2.06	.338	58.5%	48.3%	22.7%	95.2	8.04	6.19	6.16	4.73	-0.4
1509	2026	Michael Rucker	SEA	1	4	0	37	0	43.2	10.31	3.50	1.24	.297	54.4%	46.6%	15.4%	96.0	5.56	3.91	3.90	3.46	0.1
1510	2023	Ryan Feltner	COL	2	4	0	10	10	43.1	7.89	5.82	0.42	.328	63.7%	43.6%	4.4%	95.1	5.82	4.74	4.18	5.30	0.9
1511	2024	Max Scherzer	TEX	2	4	0	9	9	43.1	8.31	2.08	1.45	.277	75.2%	32.0%	12.5%	92.6	3.95	3.83	4.18	4.04	0.6
1512	2024	Jonathan Hernández	2 Tms	3	1	0	29	1	43.1	8.10	5.82	1.25	.297	68.2%	49.6%	14.3%	96.3	5.40	4.77	5.17	4.84	-0.4
1513	2024	Daniel Lynch IV	KCR	2	0	1	16	3	43.1	8.10	2.91	1.25	.207	77.7%	46.2%	12.2%	93.0	3.32	3.78	4.41	4.32	0.1
1514	2025	Caleb Boushley	TEX	0	0	1	25	1	43.1	8.52	2.91	1.04	.374	58.7%	40.7%	11.1%	92.3	6.02	5.94	3.85	3.95	0.2
1515	2025	Carlos Hernández	3 Tms	1	0	0	41	0	43.1	8.10	4.57	0.83	.338	61.4%	32.1%	6.6%	97.7	6.23	5.53	4.20	5.17	0.2
1516	2025	Chase Burns	CIN	0	3	0	13	8	43.1	13.92	3.32	1.04	.360	64.0%	35.9%	11.6%	98.6	4.57	3.46	2.65	2.68	1.4
1517	2026	Matt Svanson	STL	2	3	0	41	1	43.1	8.52	4.36	1.04	.362	54.9%	36.6%	8.9%	96.6	7.27	6.01	4.30	4.75	0.1
1518	2023	Dylan Covey	2 Tms	1	3	0	29	1	43.0	6.28	3.56	1.05	.314	75.0%	54.3%	15.6%	95.6	3.77	4.89	4.70	4.42	0.0
1519	2023	Seth Martinez	HOU	2	3	1	35	0	43.0	9.42	3.98	1.05	.333	65.1%	37.7%	10.6%	91.2	5.23	5.37	4.42	4.71	0.1
1520	2024	DL Hall	MIL	1	2	0	13	7	43.0	9.21	4.40	1.26	.344	72.8%	45.5%	13.0%	93.6	5.02	4.41	4.68	4.48	0.2
1521	2024	Porter Hodge	CHC	3	1	9	39	0	43.0	10.88	3.98	0.42	.189	80.1%	41.3%	5.6%		1.88	2.71	2.75	3.41	0.9
1522	2025	Danny Coulombe	2 Tms	2	1	2	55	1	43.0	9.00	3.77	0.63	.259	85.2%	39.3%	6.5%	90.4	2.30	3.95	3.30	4.04	0.6
1523	2025	Kyle Hart	SDP	3	3	0	20	6	43.0	7.74	2.72	1.88	.246	61.9%	32.3%	13.0%	91.8	5.86	3.67	5.18	4.93	-0.2
1524	2025	Gordon Graceffo	STL	3	1	1	26	0	43.0	8.37	2.72	0.42	.353	51.4%	44.9%	4.7%	95.7	6.28	4.43	2.93	3.86	0.5
1525	2026	Keaton Winn	SFG	2	3	1	44	0	43.0	6.91	3.56	0.63	.258	74.3%	50.0%	8.6%	96.2	3.35	4.00	3.87	4.19	0.3
1526	2026	Brady Basso	ATH	1	4	0	26	7	43.0	6.49	2.09	0.84	.370	63.3%	41.0%	7.4%	92.8	6.07	3.98	3.64	4.32	0.7
1527	2026	Orlando Ribalta	WSN	1	2	2	45	0	43.0	8.79	3.77	1.05	.257	68.9%	39.3%	8.8%	96.8	3.77	3.68	3.91	4.40	0.4
1528	2023	Nate Pearson	TOR	5	2	1	35	0	42.2	9.07	3.80	1.48	.261	67.8%	30.5%	11.7%	97.9	4.85	3.90	4.85	5.04	0.0
1529	2023	Angel Zerpa	KCR	3	3	0	15	3	42.2	7.59	1.69	1.48	.307	70.5%	50.8%	16.7%	94.7	4.85	4.39	4.54	4.04	0.1
1530	2024	Tommy Kahnle	NYY	0	2	1	50	0	42.2	9.70	4.01	1.05	.234	79.5%	58.6%	16.7%	94.0	2.11	3.29	4.01	3.55	0.1
1531	2024	Tim Mayza	2 Tms	0	2	0	50	0	42.2	5.91	3.16	1.05	.336	57.1%	45.3%	10.4%		6.33	5.09	4.50	4.68	-0.1
1532	2024	Cam Booser	BOS	2	3	1	43	0	42.2	9.07	3.38	1.05	.303	80.0%	30.3%	8.3%	95.4	3.38	3.61	3.80	4.40	0.3
1533	2024	Sam Long	KCR	3	3	1	43	0	42.2	9.28	3.59	1.05	.266	77.8%	42.9%	10.9%	94.4	3.16	4.02	3.89	4.00	0.2
1534	2024	Xzavion Curry	2 Tms	2	2	0	16	5	42.2	5.91	1.48	1.69	.233	65.1%	23.4%	10.5%	92.1	4.64	5.02	4.78	5.04	0.0
1535	2025	Jordan Romano	PHI	2	4	8	49	0	42.2	9.91	3.59	2.11	.318	49.0%	37.8%	18.2%	95.4	8.23	4.08	5.39	4.33	-0.3
1536	2025	Génesis Cabrera	4 Tms	0	1	1	40	0	42.2	7.38	3.80	2.53	.283	69.1%	38.6%	19.4%	95.7	6.54	4.67	6.56	5.14	-0.9
1537	2025	Tim Herrin	CLE	5	4	0	54	0	42.2	9.49	6.33	1.05	.296	75.8%	42.0%	10.9%	94.7	4.85	4.40	5.08	5.22	-0.5
1538	2026	Blake Snell	LAD	4	1	0	9	9	42.2	11.60	3.38	0.00	.307	79.2%	43.0%	0.0%	96.0	1.90	2.17	1.72	3.06	1.9
1539	2026	Emilio Pagán	CIN	5	1	25	45	0	42.2	9.49	2.32	1.48	.243	83.8%	25.7%	10.4%	95.0	3.38	3.42	4.18	4.42	0.5
1540	2026	Matt Waldron	3 Tms	2	2	0	17	4	42.2	6.96	2.32	1.48	.355	64.8%	42.4%	11.7%	91.9	6.54	3.55	4.60	4.59	0.1
1541	2026	Justin Sterner	ATH	2	3	1	46	0	42.2	8.44	2.74	2.32	.292	64.2%	38.9%	19.3%	93.8	6.12	3.56	5.49	4.16	-0.4
1542	2026	Alex Hoppe	2 Tms	1	1	1	42	0	42.2	9.91	4.22	0.63	.319	58.5%	46.3%	9.7%	98.4	4.43	4.02	3.43	3.61	0.3
1543	2023	Chris Devenski	2 Tms	6	4	0	38	0	42.1	8.93	2.34	1.28	.265	60.6%	39.3%	12.5%	94.0	4.46	4.50	3.96	4.00	0.5
1544	2023	JT Chargois	MIA	1	0	1	46	5	42.1	7.44	3.83	0.64	.271	73.8%	54.6%	8.3%	95.5	3.61	3.63	3.80	4.28	0.4
1545	2023	Jalen Beeks	TBR	2	3	1	30	8	42.1	9.99	4.46	0.85	.319	61.6%	45.1%	8.5%	94.5	5.95	3.57	3.82	4.43	0.5
1546	2023	Jovani Morán	MIN	2	2	0	43	0	42.1	10.20	5.74	0.64	.302	60.6%	41.9%	7.5%	93.4	5.31	3.66	3.82	4.46	0.3
1547	2023	Keaton Winn	SFG	1	3	1	9	5	42.1	7.44	1.70	1.28	.254	66.5%	58.0%	17.1%	96.0	4.68	4.24	4.37	3.89	0.2
1548	2024	Adam Oller	MIA	2	4	0	8	8	42.1	7.65	4.68	1.49	.295	73.4%	39.1%	12.1%	94.0	5.31	4.57	5.32	5.24	0.0
1549	2025	Chris Martin	TEX	2	6	2	49	0	42.1	9.14	1.70	1.28	.319	78.0%	42.6%	14.0%	94.9	2.98	3.77	3.58	3.31	0.5
1550	2025	Trent Thornton	SEA	2	0	0	33	0	42.1	6.80	2.98	1.28	.282	71.1%	43.4%	11.8%	94.5	4.68	4.85	4.74	4.76	-0.3
1551	2025	Elvis Alvarado	ATH	1	1	0	37	0	42.1	10.63	4.68	1.28	.272	82.7%	38.5%	13.6%	98.7	3.19	3.82	4.32	4.08	0.2
1552	2025	Ryan Rolison	COL	1	0	0	31	1	42.1	5.31	4.25	2.34	.321	67.1%	47.9%	22.9%	92.8	7.02	5.71	6.75	5.12	-0.7
1553	2025	Landon Knack	LAD	3	2	1	10	7	42.1	8.93	4.04	2.13	.268	76.6%	31.1%	18.5%	93.1	4.89	5.65	5.71	4.61	-0.1
1554	2026	Kirby Yates	2 Tms	2	5	3	46	1	42.1	10.42	3.61	0.64	.295	76.8%	33.0%	5.8%	90.9	3.19	3.38	3.20	4.13	0.6
1555	2026	Enmanuel De Jesus	DET	2	0	1	30	0	42.1	8.29	3.19	0.64	.294	66.9%	40.8%	6.5%	94.4	3.83	4.43	3.38	4.10	0.3
1556	2026	Wilber Dotel	PIT	1	5	0	22	2	42.1	8.72	3.40	0.64	.320	63.2%	46.3%	7.1%	98.3	4.46	3.81	3.22	3.80	0.7
1557	2023	Shelby Miller	LAD	3	0	1	36	1	42.0	9.00	4.07	0.64	.165	89.4%	37.4%	6.8%	93.6	1.71	3.32	3.68	4.49	0.5
1558	2023	José Soriano	LAA	1	3	0	38	0	42.0	12.00	4.93	0.86	.305	71.4%	51.0%	14.8%	98.6	3.64	4.20	3.97	3.79	0.4
1559	2023	José Buttó	NYM	1	4	0	9	7	42.0	8.14	4.93	0.64	.261	75.3%	42.2%	6.5%	94.2	3.64	3.91	4.02	4.90	0.6
1560	2023	Hunter Gaddis	CLE	2	1	0	11	7	42.0	5.14	3.00	1.29	.261	75.1%	26.6%	7.8%	93.8	4.50	3.96	5.26	6.43	0.1
1561	2023	Ryan Pepiot	LAD	2	1	0	8	3	42.0	8.14	1.07	1.50	.189	99.2%	36.7%	14.0%	94.0	2.14	3.11	4.18	3.99	0.4
1562	2024	Darren McCaughan	2 Tms	0	0	2	12	5	42.0	6.00	3.21	1.93	.321	68.4%	34.3%	12.9%	89.5	6.21	5.54	6.12	5.85	-0.4
1563	2024	Eli Morgan	CLE	3	0	0	32	0	42.0	7.29	2.36	0.86	.222	85.2%	30.3%	7.0%	92.4	1.93	2.59	3.64	4.46	0.3
1564	2026	Hoby Milner	2 Tms	1	0	1	44	0	42.0	5.36	2.14	1.07	.276	79.2%	45.6%	11.1%	87.1	3.64	5.08	4.39	4.46	0.0
1565	2024	Jordan Weems	WSN	1	1	0	41	0	41.2	7.56	5.18	1.51	.328	61.3%	40.6%	12.3%	96.1	6.70	5.24	5.54	5.43	-0.5
1566	2024	Edwin Uceta	TBR	2	0	5	30	0	41.2	12.31	1.73	0.43	.264	83.9%	34.1%	5.1%	94.2	1.51	1.94	1.70	2.49	1.7
1567	2024	Collin Snider	SEA	3	4	0	42	0	41.2	10.15	2.81	1.08	.298	83.3%	30.8%	10.9%	94.2	1.94	3.96	3.41	3.52	0.5
1568	2025	Cole Winn	TEX	0	1	0	33	0	41.2	7.56	3.67	0.65	.194	90.5%	47.1%	7.9%	96.3	1.51	4.19	3.90	4.37	0.2
1569	2025	Eric Orze	TBR	1	1	3	33	0	41.2	8.64	4.10	0.86	.304	80.9%	38.8%	8.0%	93.8	3.02	3.63	4.05	4.65	0.3
1570	2026	Will Klein	LAD	3	4	2	36	3	41.2	10.58	4.54	0.65	.363	72.1%	56.0%	10.3%	97.5	3.67	3.48	3.41	3.53	0.6
1571	2023	José Alvarado	PHI	0	2	10	42	0	41.1	13.94	3.92	0.65	.310	75.3%	53.9%	13.6%	99.1	1.74	2.77	2.41	2.34	1.3
1572	2023	Matt Waldron	SDP	1	3	0	8	6	41.1	6.75	2.61	1.96	.248	80.7%	40.0%	16.7%	91.6	4.35	4.34	5.46	4.79	0.1
1573	2024	Will Smith	KCR	0	4	1	45	0	41.1	6.31	3.27	1.52	.288	60.2%	30.7%	10.9%	91.3	6.53	5.41	5.27	5.41	-0.3
1574	2024	Austin Adams	OAK	1	2	0	56	0	41.1	11.54	5.01	0.87	.347	78.9%	36.6%	10.3%	93.6	3.92	4.00	4.47	4.64	0.0
1575	2024	Brad Keller	2 Tms	0	4	1	16	2	41.1	6.97	3.27	1.96	.291	70.6%	50.0%	18.4%		5.44	4.73	5.68	4.64	-0.4
1576	2025	Ryan Pressly	CHC	2	3	5	44	0	41.1	6.10	3.70	1.31	.310	72.4%	51.5%	16.2%	93.5	4.35	5.21	5.05	4.54	-0.3
1577	2025	Kirby Yates	LAD	4	3	3	50	0	41.1	11.32	3.70	1.96	.293	69.1%	29.9%	17.0%	92.8	5.23	4.20	4.76	3.90	-0.1
1578	2025	Ryan Thompson	ARI	3	2	1	48	0	41.1	7.84	2.83	0.87	.317	70.0%	49.2%	10.3%	91.1	3.92	3.59	3.74	3.94	0.2
1579	2025	Max Lazar	PHI	1	1	1	36	0	41.1	5.66	2.61	1.52	.272	69.4%	36.9%	14.3%	94.3	4.79	6.00	4.95	4.58	-0.2
1580	2026	Garrett Cleavinger	TBR	4	4	2	51	0	41.1	11.76	4.79	1.31	.320	72.2%	40.0%	16.2%	96.7	4.79	4.24	4.12	3.58	0.2
1581	2026	Pete Fairbanks	MIA	4	5	19	46	1	41.1	12.41	4.57	1.74	.287	56.5%	24.0%	14.3%	97.3	6.31	4.41	4.60	4.13	0.0
1582	2026	Eric Orze	MIN	2	2	1	36	0	41.1	7.84	4.57	0.22	.318	59.7%	42.2%	2.2%	93.1	5.66	4.13	3.34	4.71	0.5
1583	2025	Kody Funderburk	MIN	4	1	1	39	0	41.0	8.78	3.95	0.44	.350	77.2%	53.3%	6.1%		3.51	3.70	3.35	3.96	0.4
1584	2026	Cam Booser	TBR	1	0	0	42	0	41.0	9.88	1.32	1.10	.208	87.5%	27.8%	9.6%	95.8	1.98	2.63	2.93	3.26	0.8
1585	2023	Tommy Kahnle	NYY	1	3	2	42	0	40.2	10.62	4.20	1.11	.228	82.1%	49.0%	14.3%	95.4	2.66	2.90	3.97	3.79	0.3
1586	2023	Nick Ramirez	NYY	1	2	1	32	0	40.2	6.20	1.99	0.22	.301	68.5%	47.4%	2.2%	90.5	2.66	3.93	2.94	4.45	0.7
1587	2023	Brendan White	DET	2	3	0	33	2	40.2	9.74	3.32	0.89	.330	64.3%	51.8%	12.5%	94.4	5.09	4.43	3.85	3.87	0.2
1588	2023	Drey Jameson	ARI	3	1	1	15	3	40.2	8.19	3.98	1.33	.304	87.0%	45.8%	13.0%	97.1	3.32	5.50	4.76	4.71	0.0
1589	2024	Jesus Tinoco	3 Tms	1	0	3	32	0	40.2	9.30	2.66	0.66	.235	71.4%	46.7%	7.3%	96.6	3.32	3.25	3.17	3.73	0.7
1590	2026	Tyron Guerrero	BOS	1	2	0	40	0	40.2	9.07	1.77	0.44	.310	65.6%	54.5%	6.3%		3.10	2.68	2.46	3.01	1.0
1591	2026	Devin Williams	NYM	3	2	16	44	0	40.2	11.51	4.65	0.66	.370	65.2%	37.0%	7.3%	93.9	4.43	3.22	3.05	3.61	0.8
1592	2026	Ryan Thompson	ARI	4	2	0	46	0	40.2	6.42	2.88	0.66	.348	70.1%	50.7%	7.9%	91.3	4.43	4.09	3.81	4.27	0.3
1593	2026	Tony Santillan	CIN	3	4	5	44	0	40.2	7.97	6.20	2.43	.254	71.4%	32.8%	18.6%	94.6	6.42	6.68	7.06	5.73	-1.2
1594	2026	Cooper Criswell	SEA	4	2	1	37	0	40.2	6.86	3.54	0.66	.314	74.3%	57.4%	9.4%	90.7	3.32	3.80	3.79	4.02	0.2
1595	2023	Ryan Borucki	PIT	4	0	0	38	2	40.1	7.36	0.89	0.89	.206	81.0%	46.8%	9.5%		2.45	3.30	3.50	3.94	0.6
1596	2023	Michael Rucker	CHC	2	1	0	35	0	40.1	8.93	4.24	1.34	.306	74.1%	51.8%	18.8%	94.8	4.91	4.43	4.84	4.22	-0.1
1597	2025	Shane Bieber	TOR	4	2	0	7	7	40.1	8.26	1.56	1.79	.245	84.4%	48.2%	21.1%	92.7	3.57	4.49	4.47	3.35	0.3
1598	2025	Johan Oviedo	PIT	2	1	0	9	9	40.1	9.37	5.13	1.34	.208	80.3%	30.4%	12.0%	95.3	3.57	4.16	4.92	4.90	0.2
1599	2025	Sam Long	KCR	2	3	0	39	0	40.1	7.36	4.91	1.56	.328	65.9%	39.7%	14.6%	93.4	5.36	4.95	5.54	5.12	-0.3
1600	2026	David Sandlin	CHW	3	2	0	8	6	40.1	8.93	2.90	1.56	.274	54.7%	46.9%	18.4%	96.4	5.58	3.98	4.41	3.58	0.4
1601	2024	Jake Bird	COL	2	2	1	35	0	40.0	6.98	5.63	1.13	.317	78.5%	46.7%	11.6%	94.7	4.50	5.63	5.42	5.42	-0.4
1602	2024	Luis Medina	OAK	2	4	0	8	8	40.0	7.20	4.50	0.90	.317	68.5%	38.6%	7.7%	96.1	5.18	4.66	4.44	5.11	0.4
1603	2025	Ian Hamilton	NYY	2	1	0	36	1	40.0	9.45	4.95	1.13	.240	70.5%	37.8%	11.9%	95.4	4.28	4.13	4.39	4.38	0.0
1604	2024	Paul Sewald	ARI	1	2	16	42	0	39.2	9.76	2.27	1.36	.282	73.2%	26.6%	9.8%	91.4	4.31	3.76	3.95	4.31	0.4
1605	2024	Matthew Boyd	CLE	2	2	0	8	8	39.2	10.44	2.95	0.91	.277	74.9%	31.4%	8.0%	92.1	2.72	3.04	3.29	3.89	0.9
1606	2025	Michael Kelly	ATH	4	4	2	42	0	39.2	6.58	4.31	1.13	.241	77.8%	41.7%	10.0%	95.8	3.18	4.84	4.82	5.13	-0.1
1607	2025	Kevin Kelly	TBR	2	5	0	41	0	39.2	7.94	2.04	2.50	.293	64.8%	42.5%	23.9%	92.2	5.90	6.37	5.66	3.84	-0.5
1608	2025	Parker Messick	CLE	3	1	0	7	7	39.2	8.62	1.36	0.91	.359	86.2%	47.9%	10.5%	92.7	2.72	3.06	2.98	3.15	1.0
1609	2025	Seth Halvorsen	COL	1	2	11	42	0	39.2	8.17	4.76	1.59	.312	69.0%	54.4%	19.4%	100.1	4.99	4.37	5.20	4.31	-0.3
1610	2026	Tyler Zuber	MIA	2	1	1	44	0	39.2	9.53	2.50	2.27	.327	71.1%	43.2%	20.4%	95.5	5.67	3.80	5.24	3.83	-0.5
1611	2026	Mitchell Parker	WSN	3	3	1	22	0	39.2	7.71	2.95	2.04	.308	62.0%	37.5%	17.3%	93.6	6.58	5.21	5.47	4.50	-0.5
1612	2026	Dylan Smith	SFG	0	6	4	42	0	39.2	10.21	4.99	0.68	.305	71.2%	34.0%	6.3%	95.6	3.86	3.95	3.63	4.47	0.5
1613	2026	Jaden Hill	COL	1	4	2	46	0	39.2	9.08	5.22	0.68	.295	67.5%	40.7%	6.4%	97.1	5.22	3.93	4.03	4.84	0.4
1614	2026	Drew Sommers	DET	2	4	0	43	0	39.2	14.07	3.18	0.91	.360	69.0%	62.8%	21.1%	94.9	3.63	2.19	2.57	1.98	0.8
1615	2026	Trey Gibson	BAL	2	3	0	9	8	39.2	8.39	6.13	1.59	.301	70.9%	53.3%	24.1%	95.3	6.13	6.12	5.65	4.46	-0.2
1616	2023	Joe Kelly	2 Tms	2	5	1	42	0	39.1	13.73	4.12	0.69	.306	60.3%	58.0%	14.3%	99.2	4.12	2.90	2.72	2.61	0.8
1617	2023	Yunior Marte	PHI	1	1	2	40	0	39.1	8.69	3.89	1.37	.342	67.1%	48.8%	15.8%	98.3	5.03	4.64	4.68	4.29	0.2
1618	2023	Cory Abbott	WSN	1	2	0	22	0	39.1	9.15	4.35	2.06	.351	71.9%	39.2%	20.5%	92.3	6.64	5.12	5.95	4.82	-0.4
1619	2023	Andrew Wantz	LAA	2	0	0	27	3	39.1	7.55	3.43	0.92	.224	67.7%	29.7%	7.3%	94.0	3.89	4.08	4.12	5.11	0.4
1620	2024	Alex Wood	OAK	1	3	0	9	9	39.1	7.55	4.35	1.37	.366	72.1%	36.8%	12.8%		5.26	6.58	5.30	5.13	-0.1
1621	2024	Erik Swanson	TOR	2	2	0	45	0	39.1	8.47	3.20	2.52	.238	81.5%	42.2%	26.8%	93.9	5.03	5.19	6.06	4.01	-0.6
1622	2024	Kyle Bradish	BAL	2	0	0	8	8	39.1	12.13	3.43	0.46	.278	78.2%	54.9%	7.1%		2.75	2.69	2.51	2.92	1.4
1623	2026	Mason Englert	TBR	0	4	1	15	4	39.1	8.69	2.06	2.97	.331	79.9%	32.6%	22.4%	92.9	5.95	6.18	6.23	4.16	-0.5
1624	2023	Joe Mantiply	ARI	2	2	0	35	3	39.0	6.46	2.08	0.92	.267	57.3%	53.8%	10.0%	90.3	4.62	4.00	3.84	4.21	0.3
1625	2023	James Karinchak	CLE	2	5	0	44	0	39.0	12.00	6.46	1.38	.220	79.4%	28.7%	12.8%	95.1	3.23	4.56	4.97	4.97	-0.2
1626	2024	Yimi García	2 Tms	3	0	5	39	0	39.0	11.31	2.77	1.38	.202	76.9%	27.3%	12.2%	96.6	3.46	2.93	3.73	3.63	0.4
1627	2025	Marcus Stroman	NYY	3	2	0	9	9	39.0	6.00	3.69	1.38	.304	65.3%	46.5%	13.0%	89.6	6.23	5.85	5.19	5.00	0.1
1628	2025	Paul Blackburn	2 Tms	0	3	1	15	4	39.0	7.85	2.77	1.38	.336	60.1%	43.8%	13.3%	92.5	6.23	3.98	4.39	4.17	0.2
1629	2025	Mick Abel	2 Tms	3	4	0	10	8	39.0	9.00	3.69	1.85	.318	65.6%	36.4%	16.7%	96.2	6.23	5.07	5.11	4.34	0.1
1630	2026	Spencer Strider	ATL	4	2	0	8	8	39.0	10.62	4.62	2.08	.270	72.5%	28.9%	17.3%	95.3	5.31	3.53	5.36	4.37	0.1
1631	2023	Matt Koch	COL	3	2	0	39	1	38.2	6.28	2.09	1.63	.288	71.1%	49.2%	17.5%	93.8	5.12	4.49	5.07	4.42	-0.1
1632	2024	Scott Alexander	OAK	1	3	0	45	0	38.2	7.22	3.49	0.70	.257	77.6%	60.0%	11.1%		2.56	4.04	3.89	3.94	0.1
1633	2024	Tayler Saucedo	SEA	2	0	3	53	0	38.2	8.84	4.19	0.70	.305	78.7%	50.9%	9.4%	91.7	3.49	3.06	3.76	4.00	0.2
1634	2024	Joey Cantillo	CLE	2	4	0	9	8	38.2	10.24	3.49	1.40	.296	67.3%	48.5%	16.7%	92.3	4.89	3.74	4.07	3.46	0.4
1635	2025	Anthony DeSclafani	ARI	1	2	2	13	4	38.2	8.38	2.79	2.56	.248	80.3%	42.1%	22.0%	93.9	5.12	4.16	6.29	4.59	-0.7
1636	2025	Frankie Montas	NYM	3	2	0	9	7	38.2	7.45	3.26	1.86	.325	65.6%	41.5%	15.1%	95.5	6.28	5.32	5.33	4.76	0.0
1637	2025	DL Hall	MIL	1	0	0	20	3	38.2	6.28	3.96	0.47	.202	68.1%	37.8%	4.4%	93.9	3.49	3.54	3.73	4.85	0.4
1638	2025	Jack Perkins	ATH	3	2	3	12	4	38.2	8.61	4.19	0.93	.230	70.0%	40.4%	8.5%	95.9	4.19	3.63	4.12	4.65	0.4
1639	2025	Shinnosuke Ogasawara	WSN	1	1	0	23	2	38.2	6.98	3.96	2.09	.298	65.5%	36.4%	17.6%	91.0	6.98	5.39	6.16	5.17	-0.5
1640	2026	Isaac Mattson	PIT	0	0	0	38	0	38.2	8.38	4.19	0.70	.347	68.0%	27.1%	5.8%	94.2	5.35	6.20	3.72	4.74	0.3
1641	2026	Jake Bird	2 Tms	1	1	0	44	0	38.2	9.54	3.03	1.40	.336	71.7%	38.9%	13.3%		5.35	4.27	4.39	4.13	0.1
1642	2023	John Brebbia	SFG	3	5	0	40	10	38.1	11.03	3.29	1.41	.266	65.6%	29.0%	11.1%	94.4	3.99	3.30	3.93	4.23	0.3
1643	2023	Chad Kuhl	WSN	0	4	1	16	5	38.1	7.28	6.57	1.88	.333	59.9%	30.6%	15.1%	94.1	8.45	8.76	6.78	6.35	-0.6
1644	2023	Yohan Ramírez	2 Tms	1	0	0	31	0	38.1	8.22	3.99	0.70	.327	73.2%	58.4%	12.5%		4.23	4.27	4.64	4.66	-0.1
1645	2024	Rafael Montero	HOU	1	2	0	41	0	38.1	5.40	4.46	1.88	.243	78.6%	42.0%	18.6%	95.6	4.70	5.79	6.40	5.38	-0.9
1646	2024	Wandy Peralta	SDP	3	2	0	46	0	38.1	5.17	3.05	1.41	.233	75.1%	52.9%	16.7%	95.6	3.99	5.25	5.46	4.85	-0.4
1647	2024	Tommy Henry	ARI	2	3	0	9	7	38.1	7.04	4.23	2.11	.331	68.5%	43.4%	18.8%	90.2	7.04	6.41	6.38	5.22	-0.4
1648	2025	Joey Lucchesi	SFG	0	1	0	38	0	38.1	7.28	2.82	0.94	.267	73.7%	53.0%	11.1%	92.7	3.76	3.53	3.97	4.06	0.1
1649	2025	Ryan Weathers	MIA	2	2	0	8	8	38.1	8.69	2.82	1.64	.275	74.6%	43.5%	15.6%	96.8	3.99	3.96	4.60	4.03	0.2
1650	2026	Chris Roycroft	3 Tms	2	0	1	27	0	38.1	6.81	4.93	2.35	.333	75.8%	57.9%	33.3%		6.57	6.25	6.86	4.65	-0.8
1651	2026	Craig Yoho	2 Tms	2	1	0	34	0	38.1	9.63	4.23	1.41	.240	69.7%	38.4%	15.0%	94.2	4.93	4.29	4.64	4.18	-0.1
1652	2024	Thyago Vieira	3 Tms	0	1	1	28	0	38.0	9.24	6.16	1.89	.284	78.1%	38.5%	18.6%	97.6	5.21	4.95	6.06	5.04	-0.4
1653	2024	Emilio Pagán	CIN	4	5	1	38	1	38.0	10.42	2.61	1.42	.351	72.8%	31.4%	12.5%	94.8	4.50	4.17	3.77	3.63	0.5
1654	2024	Jake Cousins	NYY	2	1	1	37	0	38.0	12.55	4.74	1.18	.208	81.6%	42.1%	16.7%	94.6	2.37	3.53	4.06	3.54	0.1
1655	2025	Kyle Nicolas	PIT	1	2	0	31	0	38.0	8.05	4.26	0.71	.282	66.3%	42.9%	6.3%	97.6	4.74	4.14	3.95	4.87	0.2
1656	2023	Dallas Keuchel	MIN	2	1	0	10	6	37.2	5.97	4.30	0.72	.339	65.8%	52.8%	10.0%		5.97	5.71	4.56	4.84	0.2
1657	2023	Jeff Brigham	NYM	1	3	0	37	0	37.2	10.04	4.30	2.15	.198	71.4%	34.0%	19.6%	93.7	5.26	4.59	5.96	4.88	-0.6
1658	2023	Jimmy Lambert	CHW	2	3	1	35	1	37.2	9.80	4.78	2.39	.310	75.0%	34.3%	20.4%	94.3	5.26	5.78	6.20	4.90	-0.6
1659	2023	Randy Vásquez	NYY	2	2	0	11	5	37.2	7.88	4.30	1.19	.236	88.9%	36.4%	10.9%	94.5	2.87	5.42	4.98	5.27	0.1
1660	2024	Sam Moll	CIN	3	2	0	48	0	37.2	9.08	3.35	0.72	.253	69.6%	46.9%	8.1%	93.4	3.35	2.92	3.46	3.91	0.4
1661	2024	Brent Honeywell	2 Tms	1	1	1	20	1	37.2	4.30	2.63	0.72	.252	80.9%	42.2%	7.0%	94.7	2.63	4.97	4.28	4.97	0.1
1662	2024	Danny Young	NYM	4	1	0	42	0	37.2	11.47	4.30	0.72	.292	64.3%	53.3%	15.0%		4.54	4.82	3.64	3.41	0.2
1663	2024	Ian Hamilton	NYY	0	1	1	35	0	37.2	9.80	3.35	0.48	.340	72.3%	43.8%	5.9%	96.4	3.82	3.76	3.03	3.71	0.6
1664	2024	Manuel Rodríguez	TBR	3	4	2	40	0	37.2	8.12	2.63	0.72	.248	78.4%	47.1%	8.6%	96.7	2.15	3.37	3.67	4.04	0.2
1665	2024	Hunter Stratton	PIT	2	1	1	36	0	37.2	7.88	1.67	0.72	.304	70.1%	37.8%	6.8%	95.6	3.58	3.30	3.25	3.98	0.7
1666	2024	Zebby Matthews	MIN	1	4	0	9	9	37.2	10.27	2.63	2.63	.364	67.9%	38.0%	20.8%	94.9	6.69	5.90	5.72	4.05	-0.2
1667	2025	Brock Stewart	2 Tms	2	2	0	43	0	37.2	10.51	3.11	0.72	.305	84.8%	37.1%	6.3%	96.2	2.63	2.73	3.19	4.12	0.7
1668	2025	Lyon Richardson	CIN	0	3	0	34	0	37.2	7.17	5.02	0.48	.299	61.2%	53.8%	6.7%	95.6	4.54	5.06	4.06	4.60	0.1
1669	2023	Vince Velasquez	PIT	4	4	0	8	8	37.1	8.92	3.38	0.96	.292	76.6%	30.3%	8.5%	93.5	3.86	4.19	3.87	4.56	0.7
1670	2023	John King	2 Tms	2	1	0	35	0	37.1	4.82	2.41	0.48	.344	76.6%	66.9%	9.5%	93.5	3.62	4.44	3.68	3.92	0.3
1671	2024	Colin Poche	TBR	1	2	2	43	0	37.1	7.96	3.13	1.69	.230	81.3%	33.3%	13.2%	91.3	3.86	3.68	4.88	4.59	-0.3
1672	2025	Chase Lee	DET	4	1	0	32	0	37.1	8.68	2.17	1.69	.266	78.3%	35.6%	16.3%	89.5	4.10	5.09	4.53	3.87	-0.1
1673	2026	Scott Blewett	2 Tms	2	2	0	26	0	37.1	8.20	2.65	0.96	.324	77.1%	50.0%	12.9%	95.7	3.13	3.79	3.56	3.42	0.4
1674	2026	Tyler Schweitzer	CHW	1	0	1	18	0	37.1	4.34	2.89	0.72	.281	80.4%	37.4%	5.7%	94.0	3.13	5.66	4.15	5.24	0.1
1675	2023	Peter Strzelecki	2 Tms	3	5	0	37	0	37.0	9.00	2.92	0.73	.291	71.7%	38.1%	7.1%	92.1	4.38	4.21	3.93	4.75	0.3
1676	2024	Braxton Garrett	MIA	2	2	0	7	7	37.0	8.27	0.97	1.22	.310	59.5%	51.3%	14.3%	90.8	5.35	4.48	3.82	3.49	0.6
1677	2025	Cristian Javier	HOU	2	4	0	8	8	37.0	8.27	3.65	0.73	.279	59.4%	29.9%	5.3%	92.8	4.62	3.28	3.65	4.97	0.8
1678	2025	Daysbel Hernández	ATL	4	3	0	39	0	37.0	8.03	7.30	0.73	.250	78.5%	46.4%	7.3%	97.7	3.41	4.22	5.00	5.65	-0.3
1679	2025	Javier Assad	CHC	4	1	0	8	7	37.0	5.59	2.92	0.73	.270	75.9%	47.4%	8.3%	91.9	3.65	4.86	4.24	4.69	0.3
1680	2025	Max Kranick	NYM	3	2	0	24	0	37.0	6.08	1.22	1.22	.257	75.0%	36.8%	9.6%	95.8	3.65	4.53	3.95	4.36	0.3
1681	2026	Cade Povich	BAL	2	1	0	8	7	37.0	6.81	3.65	1.46	.309	79.8%	44.0%	12.2%	91.9	4.38	4.69	4.99	4.88	0.2
1682	2026	Robby Ahlstrom	TEX	3	1	0	42	0	37.0	8.27	3.65	1.70	.295	64.9%	36.7%	15.9%	94.5	6.08	4.31	5.18	4.52	-0.3
1683	2023	Ryan Helsley	STL	3	4	14	33	0	36.2	12.76	4.17	0.25	.280	75.1%	40.8%	3.3%	99.9	2.45	2.31	2.25	3.24	1.5
1684	2023	JoJo Romero	STL	4	2	3	27	0	36.2	10.31	2.45	0.25	.301	59.6%	59.1%	5.6%	95.3	3.68	2.84	2.22	2.68	1.2
1685	2024	Dillon Tate	2 Tms	2	1	1	33	0	36.2	6.63	2.95	0.49	.336	67.0%	49.6%	5.7%	93.9	4.66	3.81	3.71	4.45	0.2
1686	2024	Tyler Phillips	PHI	4	1	0	8	7	36.2	6.87	1.72	2.21	.316	62.8%	42.3%	19.6%		6.87	5.96	5.57	4.27	0.0
1687	2025	John Curtiss	ARI	3	2	1	30	0	36.2	5.89	1.23	1.23	.224	59.3%	29.1%	10.0%	94.2	3.93	4.28	4.01	4.34	0.0
1688	2025	George Soriano	MIA	2	0	1	24	0	36.2	8.84	4.66	2.45	.340	58.5%	44.3%	28.6%	96.0	8.35	7.31	6.44	4.36	-0.7
1689	2025	Grant Taylor	CHW	2	4	6	36	2	36.2	13.25	3.68	0.00	.420	61.5%	47.6%	0.0%	98.7	4.91	2.91	1.42	2.34	1.7
1690	2026	Sam Hentges	SFG	1	7	0	45	0	36.2	10.06	6.14	0.00	.340	73.4%	46.0%	0.0%	94.4	3.19	3.80	3.24	4.64	0.5
1691	2026	PJ Poulin	WSN	3	0	3	35	11	36.2	6.14	5.15	0.98	.225	85.3%	46.2%	9.3%	90.2	2.70	5.43	4.96	5.31	-0.1
1692	2026	Riley Cornelio	WSN	3	2	0	18	3	36.2	9.82	7.12	0.49	.270	63.2%	40.4%	4.8%	96.5	3.68	3.94	4.00	5.02	0.3
1693	2026	Luis Gastelum	STL	5	4	0	34	0	36.2	10.80	2.95	1.47	.318	63.1%	40.9%	18.2%	94.1	4.42	4.56	3.97	3.21	0.1
1694	2023	Bowden Francis	TOR	1	0	1	20	0	36.1	8.67	1.98	1.24	.195	100.0%	35.2%	10.9%	94.3	1.73	3.61	3.86	4.16	0.2
1695	2024	JT Chargois	2 Tms	3	1	0	36	0	36.1	7.43	3.22	1.49	.189	98.0%	36.6%	13.6%	94.8	2.23	4.23	4.90	4.58	-0.2
1696	2024	Mason Black	SFG	1	5	0	9	8	36.1	7.68	3.72	1.73	.345	70.1%	31.9%	12.7%	92.5	6.44	5.89	5.45	5.24	-0.3
1697	2024	Justin Wrobleski	LAD	1	2	1	8	6	36.1	6.44	3.96	2.23	.245	70.3%	30.9%	18.4%	95.1	5.70	6.29	6.36	5.18	-0.3
1698	2025	Jake Woodford	ARI	0	4	3	22	0	36.1	5.70	3.22	0.74	.328	58.1%	44.5%	7.3%	93.0	6.44	5.03	4.26	4.93	0.0
1699	2025	Roki Sasaki	LAD	1	1	0	10	8	36.1	6.94	5.45	1.49	.235	79.4%	38.9%	13.6%	96.4	4.46	5.67	5.80	5.53	-0.1
1700	2026	Tanner Banks	PHI	0	4	0	32	1	36.1	9.41	3.72	1.98	.386	68.7%	33.9%	15.1%	92.0	6.19	4.20	5.19	4.53	-0.2
1701	2026	José Urquidy	3 Tms	2	2	1	13	1	36.1	7.43	1.73	0.99	.355	63.5%	40.0%	8.3%	92.4	4.95	3.40	3.62	4.19	0.5
1702	2026	Jackson Kent	WSN	2	4	0	8	7	36.1	7.43	6.19	0.50	.336	64.3%	49.1%	6.1%	93.2	5.94	5.44	4.23	4.88	0.5
1703	2023	Carmen Mlodzinski	PIT	3	3	1	35	1	36.0	8.50	4.50	0.75	.260	77.1%	47.5%	10.0%	95.7	2.25	3.99	4.03	4.33	0.2
1704	2025	Tony Gonsolin	LAD	3	2	0	7	7	36.0	9.50	4.50	2.25	.270	79.7%	40.6%	21.4%	93.5	5.00	5.25	6.02	4.57	-0.2
1705	2025	Carson Seymour	SFG	1	3	0	16	3	36.0	6.50	3.25	2.25	.262	78.1%	50.0%	24.3%	96.8	4.75	5.93	6.11	4.44	-0.6
1706	2023	Grant Anderson	TEX	2	1	0	26	0	35.2	7.57	3.53	1.26	.317	71.7%	46.3%	12.5%	93.0	5.05	4.09	4.66	4.69	0.1
1707	2023	Austin Cox	KCR	0	1	1	24	3	35.2	8.33	4.29	0.50	.274	61.1%	36.5%	5.3%	91.6	4.54	4.86	3.73	4.76	0.5
1708	2024	Nick Anderson	KCR	3	1	1	37	0	35.2	7.32	3.79	1.51	.284	79.8%	39.8%	13.6%	94.7	4.04	5.25	5.07	4.75	-0.2
1709	2024	Sixto Sánchez	MIA	0	3	0	14	7	35.2	4.29	3.53	0.76	.320	55.6%	48.4%	7.7%	94.1	6.06	5.08	4.74	5.30	0.1
1710	2024	Nick Nastrini	CHW	0	7	0	9	8	35.2	6.56	9.08	1.77	.240	60.8%	31.5%	11.7%	93.9	7.07	6.32	7.37	7.36	-0.6
1711	2024	Jack Leiter	TEX	0	3	0	9	6	35.2	7.82	4.29	1.77	.322	46.1%	38.1%	13.7%	96.7	8.83	6.14	5.66	5.27	-0.3
1712	2025	Yerry De los Santos	NYY	0	1	0	25	0	35.2	7.07	4.29	0.25	.319	74.6%	55.4%	4.8%	95.0	3.28	4.40	3.44	3.99	0.3
1713	2025	Kyle Harrison	2 Tms	1	1	0	11	6	35.2	9.59	3.53	1.01	.313	76.6%	39.0%	10.3%	94.6	4.04	4.16	3.72	3.95	0.5
1714	2026	Matt Strahm	KCR	3	4	0	41	0	35.2	7.57	3.53	3.03	.262	68.1%	27.8%	17.6%	91.3	7.32	4.23	7.14	5.64	-1.3
1715	2026	Kade Anderson	SEA	2	2	0	7	7	35.2	8.07	2.27	1.01	.307	75.5%	40.4%	10.8%	93.5	3.79	3.90	3.52	3.63	0.7
1716	2023	Nick Anderson	ATL	4	0	1	35	0	35.1	9.17	2.29	0.76	.290	71.8%	41.7%	7.9%	94.4	3.06	3.58	3.09	3.76	0.9
1717	2023	Thaddeus Ward	WSN	0	0	0	26	0	35.1	7.64	7.13	1.78	.237	67.1%	45.5%	17.5%	93.5	6.37	5.68	6.68	5.98	-0.5
1718	2023	Grant Hartwig	NYM	5	2	0	28	0	35.1	7.64	3.82	0.76	.298	63.0%	48.1%	9.4%		4.84	4.34	4.44	4.84	0.0
1719	2024	Steven Okert	MIN	3	2	1	44	1	35.1	8.41	4.08	1.53	.304	71.4%	32.7%	13.0%	93.0	5.09	4.01	5.12	4.88	-0.3
1720	2025	Zack Kelly	BOS	1	3	0	28	0	35.1	8.92	3.06	0.76	.323	63.3%	40.0%	8.1%	96.2	4.58	3.43	3.53	4.04	0.4
1721	2025	Spencer Arrighetti	HOU	1	5	0	7	7	35.1	7.90	5.09	1.53	.250	71.7%	38.6%	15.4%	93.2	5.35	5.43	5.54	5.03	-0.1
1722	2026	Shawn Armstrong	CLE	2	1	0	41	0	35.1	8.66	4.84	1.02	.263	69.8%	42.7%	9.3%	93.4	4.58	4.20	4.43	4.80	0.0
1723	2026	Bryse Wilson	3 Tms	0	0	0	16	0	35.1	7.90	0.76	1.27	.355	76.2%	39.8%	12.5%	93.1	4.33	4.41	3.61	3.48	0.2
1724	2026	Cole Ragans	KCR	1	4	0	8	8	35.1	11.46	5.86	2.55	.233	83.3%	34.1%	22.7%	95.2	4.84	5.12	6.19	4.39	-0.2
1725	2026	Graham Ashcraft	CIN	1	1	1	35	0	35.1	10.19	6.11	0.51	.298	71.1%	54.1%	8.0%		4.08	3.80	3.70	4.03	0.4
1726	2026	Brant Hurter	DET	4	1	0	29	0	35.1	6.11	3.82	0.25	.225	69.9%	59.4%	4.8%	91.9	3.06	3.67	3.47	4.00	0.3
1727	2023	Mauricio Llovera	2 Tms	2	3	0	30	0	35.0	7.46	3.86	0.77	.303	59.1%	46.8%	9.1%		4.89	5.00	4.34	4.79	0.1
1728	2023	Beau Brieske	DET	2	3	2	25	1	35.0	7.97	3.09	1.03	.305	80.2%	42.6%	10.3%	96.7	3.60	4.00	4.00	4.35	0.3
1729	2023	Karl Kauffmann	COL	2	5	0	11	3	35.0	4.11	4.11	1.29	.316	50.9%	41.3%	10.6%	90.2	8.23	7.29	5.91	6.28	-0.2
1730	2024	Jake Woodford	2 Tms	0	6	0	9	7	35.0	6.69	2.31	1.54	.341	44.6%	35.2%	12.5%	92.0	7.97	5.65	4.94	4.78	0.1
1731	2024	Dedniel Núñez	NYM	2	0	1	25	0	35.0	12.34	2.06	0.77	.276	75.5%	52.6%	10.7%	96.5	2.31	2.35	2.22	2.32	0.9
1732	2025	Ryan Borucki	2 Tms	1	3	0	39	0	35.0	8.23	4.11	1.03	.272	64.4%	54.4%	16.0%		4.63	4.93	4.25	3.86	0.0
1733	2025	Dylan Dodd	ATL	1	0	0	28	0	35.0	7.71	1.29	1.29	.242	74.1%	52.0%	14.7%	93.7	3.60	3.42	3.79	3.43	0.2
1734	2026	Richard Lovelady	2 Tms	3	4	4	38	6	35.0	7.97	6.17	1.29	.333	79.0%	44.0%	14.7%	91.4	4.11	5.70	5.59	5.20	-0.5
1735	2023	Jesse Chavez	ATL	1	0	1	36	1	34.2	10.13	3.12	0.52	.273	81.2%	51.7%	8.7%		1.56	3.54	3.05	3.40	0.7
1736	2023	Austin Voth	BAL	1	2	0	25	0	34.2	8.83	3.89	1.56	.324	72.0%	33.6%	12.8%	93.3	5.19	4.10	5.10	5.09	-0.2
1737	2023	Trevor Megill	MIL	1	0	0	31	2	34.2	13.50	3.12	0.52	.407	75.2%	30.5%	5.4%	99.1	3.63	3.13	2.13	3.14	0.8
1738	2023	Josh Winder	MIN	2	1	1	19	0	34.2	7.27	3.63	0.78	.314	73.7%	41.0%	6.7%	94.5	4.15	4.81	3.98	5.00	0.1
1739	2023	Peyton Battenfield	CLE	0	5	0	7	6	34.2	7.01	3.12	1.82	.270	66.3%	43.0%	15.9%	91.2	5.19	6.23	5.36	4.83	0.1
1740	2023	Kyle Harrison	SFG	1	1	0	7	7	34.2	9.09	2.86	2.08	.236	76.2%	26.8%	15.4%	93.6	4.15	4.51	5.53	5.01	-0.1
1741	2023	Jordan Wicks	CHC	4	1	0	7	7	34.2	6.23	2.86	1.30	.262	73.0%	46.8%	16.1%	92.2	4.41	4.08	4.70	4.30	0.3
1742	2024	Cristian Javier	HOU	3	1	0	7	7	34.2	7.01	4.93	1.04	.260	76.0%	25.2%	7.5%	92.0	3.89	4.46	4.75	5.56	0.3
1743	2024	Steven Wilson	CHW	1	6	0	40	0	34.2	8.83	6.75	2.08	.228	62.0%	23.7%	14.5%	93.6	5.71	5.27	6.71	6.11	-0.8
1744	2024	Kody Funderburk	MIN	1	0	1	27	0	34.2	8.31	3.89	1.04	.352	63.2%	54.6%	16.0%		6.49	5.27	4.55	4.14	-0.1
1745	2024	Ben Joyce	LAA	2	0	4	31	1	34.2	8.57	3.63	0.26	.278	84.5%	58.9%	5.0%	102.4	2.08	3.24	3.20	3.69	0.6
1746	2025	Félix Bautista	BAL	1	1	19	35	0	34.2	12.98	5.97	0.78	.197	83.3%	50.7%	12.0%		2.60	2.83	3.37	3.35	0.6
1747	2025	Chris Murphy	BOS	3	0	0	23	0	34.2	7.79	5.19	1.04	.191	84.2%	54.3%	13.8%	94.3	3.12	4.00	5.07	4.86	-0.2
1748	2025	Anthony Molina	COL	1	1	0	17	1	34.2	6.23	1.56	3.12	.345	69.4%	40.8%	25.0%	95.6	7.27	7.44	6.94	4.58	-0.6
1749	2026	Nick Pivetta	SDP	3	2	0	8	8	34.2	10.90	2.08	0.52	.287	75.3%	30.7%	4.3%	94.0	2.86	3.18	2.21	3.46	1.3
1750	2026	Luis Mey	CIN	0	2	0	29	0	34.2	12.98	5.71	0.78	.372	61.6%	48.3%	8.6%	97.1	6.23	4.56	3.59	3.99	0.4
1751	2026	Carson Whisenhunt	SFG	3	4	0	8	8	34.2	6.75	5.45	1.30	.324	66.1%	33.9%	10.2%	92.8	6.49	5.97	5.38	5.64	0.0
1752	2023	Nick Lodolo	CIN	2	1	0	7	7	34.1	12.32	2.62	2.62	.435	81.1%	46.0%	27.0%	93.9	6.29	4.85	5.79	3.78	0.0
1753	2023	Dylan Dodd	ATL	2	2	0	7	7	34.1	3.93	3.15	2.36	.346	69.3%	35.6%	14.5%	92.5	7.60	8.43	6.92	6.50	-0.5
1754	2024	A.J. Minter	ATL	5	4	1	39	0	34.1	9.17	2.88	1.57	.222	94.2%	45.9%	16.7%	94.8	2.62	3.20	4.45	3.76	0.0
1755	2024	Richard Lovelady	2 Tms	3	6	2	35	0	34.1	6.82	2.88	0.79	.295	67.8%	50.9%	9.1%	92.5	4.46	4.48	3.92	4.24	0.1
1756	2024	Tanner Gordon	COL	0	6	0	8	8	34.1	6.82	1.57	2.62	.371	57.4%	37.7%	20.4%	92.2	8.65	5.80	6.14	4.51	-0.3
1757	2024	Chris Roycroft	STL	1	2	0	27	0	34.1	8.65	4.46	0.52	.293	67.1%	53.5%	7.7%	95.1	4.19	3.45	3.84	4.22	0.1
1758	2025	Nestor Cortes	2 Tms	2	4	0	8	8	34.1	7.60	5.24	3.41	.247	85.4%	32.4%	24.5%	90.2	6.29	6.96	8.29	5.75	-0.9
1759	2025	Rico Garcia	3 Tms	0	2	0	29	1	34.1	9.96	2.62	1.31	.292	85.3%	48.4%	15.2%	95.4	3.15	3.20	3.69	3.28	0.3
1760	2025	Juan Morillo	ARI	0	3	1	42	0	34.1	9.44	5.24	0.52	.387	71.2%	49.5%	7.1%	99.0	4.19	3.73	3.63	4.13	0.3
1761	2025	Carson Palmquist	COL	0	4	0	9	7	34.1	7.08	6.55	2.62	.318	64.4%	31.6%	17.5%	90.4	8.91	6.28	7.80	6.57	-0.6
1762	2025	José Fermin	LAA	3	2	0	40	0	34.1	10.22	6.03	2.10	.210	74.1%	30.3%	16.3%	97.0	4.46	4.09	5.99	5.16	-0.6
1763	2026	Jason Adam	SDP	2	2	2	38	0	34.1	5.77	2.62	1.31	.245	91.7%	46.2%	11.6%	93.4	2.62	3.77	4.85	4.85	-0.2
1764	2026	Anthony Banda	MIN	2	0	2	39	0	34.1	8.65	3.93	0.79	.289	70.3%	39.2%	7.1%	95.0	4.46	4.49	4.32	5.04	0.0
1765	2026	Justin Lawrence	3 Tms	0	3	1	37	0	34.1	11.27	7.34	2.36	.330	62.9%	42.4%	25.7%	95.7	7.34	6.47	6.97	5.11	-0.9
1766	2026	Anthony Bender	MIA	1	1	2	35	0	34.1	10.75	3.15	0.26	.241	75.1%	44.0%	3.2%	96.9	2.62	2.66	2.40	3.39	0.8
1767	2026	Mike Paredes	MIN	0	3	0	9	5	34.1	4.98	3.41	1.57	.265	75.7%	38.5%	12.8%	92.9	4.72	5.26	5.66	5.46	-0.3
1768	2026	Victor Mederos	ATL	6	1	1	30	0	34.1	8.91	3.67	0.26	.274	73.4%	34.7%	2.2%	97.3	3.41	3.50	3.07	4.72	0.6
1769	2026	Ethan Pecko	HOU	2	0	0	8	5	34.1	6.03	3.67	1.31	.208	73.5%	37.6%	10.2%	93.4	3.93	4.40	5.05	5.31	0.0
1770	2023	José A. Ferrer	WSN	3	0	0	39	0	34.0	6.62	3.44	1.06	.333	70.5%	57.8%	18.2%	95.5	5.03	3.79	4.55	4.09	0.1
1771	2024	Brock Burke	2 Tms	2	1	0	34	1	34.0	10.85	4.24	1.06	.363	66.8%	47.4%	12.5%	95.9	5.82	3.45	3.87	3.77	0.4
1772	2024	Michel Otañez	OAK	1	0	1	36	0	34.0	14.56	5.29	0.53	.352	74.2%	38.4%	6.3%	98.1	3.44	2.52	2.73	3.38	0.7
1773	2024	J.T. Ginn	OAK	1	1	0	8	6	34.0	7.68	2.38	1.06	.327	74.9%	47.1%	12.1%	93.0	4.24	4.52	3.96	3.90	0.4
1774	2025	Nabil Crismatt	ARI	3	0	0	8	5	34.0	6.62	2.38	1.59	.304	72.1%	44.3%	15.4%	88.9	3.71	4.58	4.84	4.32	0.1
1775	2025	Thomas Hatch	2 Tms	2	1	0	12	1	34.0	5.82	4.50	1.85	.311	72.0%	45.1%	16.3%	93.2	5.82	4.81	6.02	5.29	-0.3
1776	2025	Justin Slaten	BOS	2	4	3	36	0	34.0	6.62	2.65	0.79	.242	54.9%	40.2%	7.3%	96.9	4.24	3.49	3.69	4.41	0.4
1777	2026	Anthony Molina	2 Tms	3	2	0	9	5	34.0	8.21	1.85	0.79	.274	56.6%	34.4%	7.3%	96.4	3.97	3.69	3.04	3.72	0.9
1778	2026	Robert Suarez	ATL	4	0	4	33	0	34.0	6.88	1.59	0.26	.237	90.9%	44.8%	2.9%	98.8	1.06	3.33	2.48	3.61	0.9
1779	2023	Victor González	LAD	3	3	0	34	1	33.2	8.02	2.67	0.53	.278	67.2%	54.3%	8.7%		4.01	3.21	3.40	3.76	0.4
1780	2023	José Suarez	LAA	1	3	0	11	7	33.2	7.49	5.35	2.67	.340	66.0%	33.3%	18.2%	92.3	8.29	5.91	7.32	6.16	-0.5
1781	2023	Drew Rom	STL	1	4	0	8	8	33.2	8.55	5.08	1.87	.393	59.8%	39.5%	13.5%	90.8	8.02	6.03	5.75	5.60	-0.1
1782	2023	Gavin Hollowell	COL	2	0	1	26	0	33.2	8.55	4.81	2.14	.256	73.1%	32.0%	18.6%	93.6	5.88	5.51	6.58	5.60	-0.5
1783	2024	Marco Gonzales	PIT	1	1	0	7	7	33.2	6.15	2.94	1.34	.339	78.7%	40.4%	11.1%	89.7	4.54	6.68	4.71	4.80	0.2
1784	2024	Adam Mazur	SDP	1	3	0	8	8	33.2	5.88	5.61	1.60	.318	64.1%	33.6%	11.8%	94.6	7.49	5.70	6.23	6.20	-0.3
1785	2025	Andrew Chafin	2 Tms	1	1	0	42	0	33.2	9.62	5.08	0.53	.314	81.9%	44.8%	7.1%	89.6	2.41	3.44	3.46	3.97	0.4
1786	2025	Shawn Dubin	2 Tms	2	0	0	30	0	33.2	7.49	2.94	1.60	.316	74.5%	49.0%	17.1%	94.2	5.08	3.75	4.95	4.23	-0.2
1787	2025	Travis Adams	MIN	1	4	0	18	2	33.2	8.29	4.54	1.60	.327	59.3%	29.5%	13.3%	94.6	7.49	6.89	5.39	5.14	-0.3
1788	2026	Mark Leiter Jr.	ATH	0	1	4	36	0	33.2	10.16	2.94	0.53	.348	70.8%	41.8%	6.9%	92.6	4.28	4.22	2.95	3.48	0.6
1789	2026	Jordan Romano	2 Tms	0	4	15	38	0	33.2	10.43	5.08	1.07	.278	62.2%	31.9%	9.8%	93.8	5.61	3.61	4.11	4.40	0.4
1790	2026	Ronel Blanco	HOU	0	1	0	8	5	33.2	7.75	4.28	2.41	.239	64.0%	35.4%	20.0%	93.3	6.68	4.87	6.37	4.91	-0.4
1791	2026	Seth Johnson	2 Tms	1	0	0	28	1	33.2	10.69	5.35	1.34	.352	67.3%	36.8%	12.2%	97.7	5.88	4.69	4.62	4.52	0.1
1792	2026	Chris Murphy	CHW	3	0	1	33	3	33.2	9.36	4.28	1.07	.308	66.8%	25.8%	7.5%	96.2	4.81	3.85	4.35	5.18	0.2
1793	2026	Sam Aldegheri	LAA	3	4	0	9	6	33.2	5.88	4.54	1.34	.245	66.7%	33.9%	9.6%	92.2	5.08	5.49	5.33	5.73	0.0
1794	2023	Luke Jackson	SFG	2	2	0	33	0	33.1	11.61	4.05	0.81	.284	74.1%	50.6%	10.7%	94.5	2.97	3.23	3.29	3.50	0.4
1795	2023	Mason Miller	OAK	0	3	0	10	6	33.1	10.26	4.32	0.54	.275	69.7%	25.9%	4.8%	98.6	3.78	3.22	3.47	4.77	0.7
1796	2025	Yohan Ramírez	PIT	3	3	0	24	0	33.1	12.15	4.32	1.08	.337	59.1%	36.7%	12.1%	96.2	5.40	4.51	3.80	3.76	0.2
1797	2025	Alek Jacob	SDP	1	0	0	29	0	33.1	6.21	3.78	1.62	.288	75.6%	36.4%	12.5%	85.5	5.13	5.02	5.90	5.78	-0.4
1798	2026	Scott Barlow	ATH	2	0	2	36	0	33.1	7.83	5.13	1.89	.211	61.6%	37.1%	15.6%	89.3	6.48	5.62	6.43	5.74	-0.6
1799	2026	David Morgan	SDP	4	1	0	32	0	33.1	10.53	5.94	0.54	.368	78.1%	49.5%	7.1%	97.8	3.78	3.80	3.88	4.37	0.2
1800	2023	Kenny Rosenberg	LAA	2	2	0	7	3	33.0	7.91	3.82	0.82	.323	78.6%	43.1%	7.5%	90.6	3.82	3.57	4.04	4.87	0.4
1801	2023	Cooper Criswell	TBR	1	1	0	10	0	33.0	7.36	3.00	1.64	.330	68.7%	44.4%	19.4%		5.73	5.22	5.35	4.54	-0.3
1802	2024	Jeffrey Springs	TBR	2	2	0	7	7	33.0	10.09	3.00	1.36	.330	87.2%	38.0%	12.8%	90.0	3.27	3.73	3.98	3.80	0.4
1803	2025	Porter Hodge	CHC	2	2	2	36	0	33.0	10.91	4.91	2.45	.313	71.1%	38.2%	25.0%		6.27	4.17	5.89	4.03	-0.6
1804	2026	Caleb Ferguson	2 Tms	1	0	1	35	1	33.0	8.45	5.18	1.36	.337	75.5%	49.5%	16.7%	92.3	5.18	4.77	4.92	4.32	-0.1
1805	2026	Gus Varland	WSN	2	2	6	34	0	33.0	8.73	4.09	1.91	.356	66.4%	28.6%	13.5%	95.2	6.55	6.95	5.28	4.90	-0.4
1806	2026	Alec Gamboa	BOS	1	0	1	21	3	33.0	6.27	3.00	0.27	.271	82.4%	54.7%	3.7%	95.4	1.91	3.07	3.19	4.03	0.5
1807	2023	Jimmy Cordero	NYY	3	2	0	31	1	32.2	9.37	2.76	0.55	.274	67.3%	55.8%	10.0%	98.7	3.86	3.51	3.07	3.29	0.6
1808	2023	Joe La Sorsa	2 Tms	1	0	0	25	0	32.2	7.71	2.48	0.83	.293	72.4%	42.2%	7.9%	92.7	4.41	4.45	4.11	4.84	0.2
1809	2024	Scott McGough	ARI	1	3	0	26	2	32.2	6.89	5.79	1.65	.289	54.6%	40.8%	14.3%	93.2	7.44	5.45	6.04	5.60	-0.6
1810	2024	Ryan Burr	TOR	0	2	0	34	4	32.2	12.95	3.31	1.10	.329	71.4%	32.5%	11.1%	94.1	4.13	3.56	3.07	3.15	0.5
1811	2026	Ryan Walker	SFG	0	1	3	33	0	32.2	6.34	5.23	1.38	.327	62.3%	44.4%	12.8%	94.2	7.16	4.42	5.52	5.33	-0.5
1812	2026	JP Sears	SDP	3	4	0	8	6	32.2	6.89	3.03	1.65	.273	71.8%	42.2%	14.0%	92.9	4.68	5.16	5.15	4.75	0.0
1813	2023	Michael Soroka	ATL	2	2	0	7	6	32.1	8.07	3.34	2.51	.297	73.6%	44.9%	26.5%	93.1	6.40	5.69	6.56	4.68	-0.4
1814	2023	Allan Winans	ATL	1	2	0	6	6	32.1	9.46	2.23	1.39	.348	70.0%	45.4%	13.5%	90.0	5.29	4.27	4.09	3.97	0.5
1815	2025	Gunnar Hoglund	ATH	1	3	0	6	6	32.1	6.40	3.06	2.78	.295	74.3%	41.0%	23.3%	93.5	6.40	7.72	6.75	4.78	-0.3
1816	2025	Caden Dana	LAA	0	4	0	7	5	32.1	9.19	5.01	2.51	.263	68.7%	40.9%	26.5%	95.0	6.40	4.84	6.48	4.48	-0.4
1817	2026	Paxton Schultz	WSN	1	2	1	27	1	32.1	8.91	3.34	1.39	.369	61.2%	33.3%	10.0%	93.6	6.40	5.04	4.34	4.66	0.1
1818	2023	Robert Garcia	2 Tms	2	2	0	25	0	32.0	9.28	3.38	0.84	.291	65.1%	46.2%	12.5%	94.2	3.66	3.56	3.54	3.56	0.6
1819	2024	Jake Diekman	NYM	2	3	4	43	0	32.0	11.25	6.75	1.97	.229	65.5%	44.7%	29.2%	94.7	5.63	5.08	6.14	4.43	-0.8
1820	2024	Joe Kelly	LAD	1	1	0	35	0	32.0	9.84	4.50	1.13	.325	71.1%	47.1%	14.8%	98.2	4.78	4.99	4.57	4.22	0.0
1821	2024	José A. Ferrer	WSN	1	0	1	31	0	32.0	7.03	1.69	0.28	.274	68.5%	57.3%	4.0%	98.4	3.38	2.77	2.76	3.54	0.7
1822	2025	José Castillo	4 Tms	2	2	0	29	0	32.0	8.44	3.94	1.13	.371	76.3%	54.0%	17.4%	93.2	3.94	4.13	4.57	4.06	-0.1
1823	2025	Kyle Bradish	BAL	1	1	0	6	6	32.0	13.22	2.81	0.84	.308	83.9%	32.4%	10.0%		2.53	3.08	2.45	2.67	1.1
1824	2025	Hayden Wesneski	HOU	1	3	0	6	6	32.0	8.16	1.69	1.97	.250	76.3%	38.0%	18.4%	94.0	4.50	4.29	4.82	3.81	0.2
1825	2025	AJ Blubaugh	HOU	3	1	0	11	3	32.0	9.84	3.09	1.69	.153	86.7%	33.8%	13.6%	94.5	1.69	3.20	4.42	4.10	0.1
1826	2026	Tyler Davis	CHW	2	3	1	31	0	32.0	7.59	4.50	0.84	.220	67.1%	37.6%	7.5%	96.3	3.66	3.42	4.13	4.80	0.1
1827	2023	Carl Edwards Jr.	WSN	1	3	2	32	0	31.2	6.82	4.83	0.28	.303	73.5%	46.0%	3.3%	93.8	3.69	4.21	3.86	5.01	0.4
1828	2023	Jonathan Hernández	TEX	1	2	0	33	0	31.2	9.66	4.26	1.14	.344	70.2%	51.1%	12.1%		5.40	4.91	4.55	4.63	0.0
1829	2023	Daniel Duarte	CIN	3	0	1	31	0	31.2	6.54	5.68	1.42	.218	81.6%	50.0%	14.3%	95.5	3.69	3.53	5.84	5.62	-0.2
1830	2024	Kyle Tyler	MIA	0	2	0	8	7	31.2	7.11	5.12	1.14	.351	73.4%	50.0%	14.3%		5.40	6.21	5.03	4.72	0.0
1831	2024	Angel Chivilli	COL	2	3	1	30	0	31.2	7.96	2.84	1.99	.276	77.6%	50.0%	22.6%	96.2	4.55	4.82	5.31	3.92	-0.3
1832	2024	Julian Aguiar	CIN	2	1	0	7	7	31.2	5.40	3.41	2.27	.229	69.8%	37.3%	16.7%	94.4	6.25	4.80	6.86	5.87	-0.3
1833	2025	Tommy Nance	TOR	2	0	0	30	0	31.2	9.09	1.99	0.00	.291	66.7%	52.9%	0.0%		1.99	3.87	1.87	2.85	0.8
1834	2026	Carson Seymour	SFG	0	2	1	25	1	31.2	6.54	4.55	1.71	.266	73.2%	49.0%	19.4%	97.3	4.55	6.23	5.72	4.74	-0.6
1835	2026	Chase Petty	CIN	1	2	1	16	3	31.2	4.26	2.56	1.71	.236	69.4%	37.5%	12.8%	96.8	4.83	5.73	5.75	5.53	-0.2
1836	2026	Samy Natera Jr.	LAA	1	2	3	28	0	31.2	13.64	3.69	0.28	.313	73.0%	19.7%	2.7%	94.9	3.13	2.51	1.90	3.25	1.1
1837	2023	Trent Thornton	2 Tms	1	2	0	27	1	31.1	7.47	1.72	1.44	.284	82.8%	39.8%	13.2%	94.0	2.01	3.12	4.24	4.18	0.0
1838	2024	Michael Kelly	OAK	3	2	0	28	0	31.1	6.32	2.87	0.57	.275	78.0%	38.9%	5.0%	95.4	2.59	3.55	3.84	4.94	0.1
1839	2024	Josh Fleming	PIT	1	1	1	25	3	31.1	4.88	4.02	0.86	.301	69.2%	54.3%	10.7%	88.4	4.02	4.33	4.76	4.87	0.0
1840	2024	Jordan Leasure	CHW	0	2	2	33	0	31.1	7.47	5.17	1.72	.286	68.1%	35.8%	13.6%	96.3	6.32	4.77	5.82	5.45	-0.4
1841	2025	Brandon Waddell	NYM	0	0	0	11	1	31.1	6.32	3.16	1.15	.260	81.9%	37.4%	9.5%	90.8	3.45	5.58	4.54	4.95	-0.1
1842	2025	Sawyer Gipson-Long	DET	0	2	0	8	3	31.1	7.47	1.72	2.30	.286	51.9%	40.4%	21.1%	92.9	7.18	6.21	5.56	4.11	-0.2
1843	2025	Bubba Chandler	PIT	4	1	1	7	4	31.1	8.90	1.15	0.57	.274	61.6%	46.5%	7.1%	98.6	4.02	3.66	2.66	3.20	1.0
1844	2025	Zach Agnos	COL	1	3	4	30	0	31.1	5.46	4.88	1.44	.268	56.1%	40.6%	11.6%	95.8	6.61	6.49	5.62	5.67	-0.4
1845	2026	Brad Keller	PHI	2	1	3	32	0	31.1	9.19	3.73	1.15	.298	75.5%	44.3%	12.9%		4.02	3.35	4.15	3.99	0.2
1846	2026	Justin Slaten	BOS	2	4	0	36	0	31.1	11.20	2.30	1.15	.360	61.5%	42.0%	13.3%	96.7	4.60	2.93	3.04	2.82	0.6
1847	2026	AJ Smith-Shawver	ATL	0	3	0	9	5	31.1	7.76	4.60	2.01	.272	67.2%	40.8%	16.3%	96.3	6.61	4.78	6.00	5.17	-0.3
1848	2026	Mason Black	KCR	0	0	0	17	0	31.1	5.46	5.74	1.72	.253	82.6%	33.7%	13.0%	93.9	4.31	6.75	6.48	6.21	-0.5
1849	2023	Spencer Turnbull	DET	1	4	0	7	7	31.0	6.97	4.35	1.45	.327	60.4%	48.5%	15.2%		7.26	6.20	5.55	5.21	0.0
1850	2023	Kyle Wright	ATL	1	3	0	9	7	31.0	9.87	4.94	1.45	.368	64.8%	60.2%	27.8%	93.6	6.97	5.34	5.19	4.05	0.0
1851	2023	Luis Frías	ARI	1	0	0	29	0	31.0	7.55	4.94	0.87	.297	78.1%	41.5%	8.1%	96.1	4.06	5.07	4.67	5.39	-0.1
1852	2023	Gavin Stone	LAD	1	1	1	8	4	31.0	6.39	3.77	2.32	.355	58.2%	45.5%	22.9%	94.2	9.00	6.28	6.64	5.15	-0.4
1853	2025	Cam Booser	CHW	2	4	1	39	0	31.0	10.16	5.52	2.32	.253	71.4%	32.1%	16.7%	95.8	5.52	4.43	6.26	5.30	-0.6
1854	2025	Matt Gage	2 Tms	0	1	0	33	2	31.0	7.84	3.48	0.00	.365	77.6%	49.5%	0.0%	92.4	3.19	3.01	2.75	4.14	0.5
1855	2025	Nic Enright	CLE	2	1	1	27	0	31.0	8.71	3.48	0.87	.263	88.8%	34.1%	8.1%	93.2	2.03	3.79	3.81	4.39	0.2
1856	2026	Jeremiah Estrada	SDP	2	3	1	33	0	31.0	11.03	4.65	0.58	.257	60.2%	37.7%	6.9%	95.8	3.48	3.41	3.04	3.61	0.6
1857	2026	Adam Macko	2 Tms	2	0	0	30	1	31.0	9.29	4.06	1.45	.367	75.5%	34.8%	13.5%	94.6	5.23	5.06	4.87	4.58	-0.1
1858	2023	Richard Bleier	BOS	1	0	0	27	0	30.2	4.70	1.47	1.47	.311	65.8%	55.2%	17.9%	89.2	5.28	4.65	5.11	4.50	-0.1
1859	2023	Caleb Thielbar	MIN	3	1	0	36	0	30.2	10.57	1.76	2.05	.225	88.5%	36.4%	18.9%	93.1	3.23	3.58	4.46	3.49	0.1
1860	2023	Ryan Thompson	2 Tms	1	2	1	31	0	30.2	6.16	2.35	0.88	.200	64.7%	61.2%	12.0%	91.8	3.82	3.29	4.33	4.41	0.1
1861	2023	Abner Uribe	MIL	1	0	1	32	0	30.2	11.45	5.87	0.00	.239	78.4%	53.0%	0.0%	100.9	1.76	3.52	2.77	3.68	0.6
1862	2024	Robbie Ray	SFG	3	2	0	7	7	30.2	12.62	4.40	1.76	.237	76.7%	28.1%	17.6%	94.3	4.70	3.76	4.96	4.09	0.1
1863	2024	Matt Bowman	4 Tms	1	0	0	25	1	30.2	7.04	3.82	1.47	.239	76.5%	44.1%	14.3%	93.8	4.40	4.86	5.19	4.79	-0.2
1864	2024	Bradley Blalock	2 Tms	1	3	0	7	6	30.2	5.87	5.87	1.17	.304	67.5%	36.8%	9.1%	93.4	5.87	6.06	5.61	6.09	0.0
1865	2024	Rhett Lowder	CIN	2	2	0	6	6	30.2	6.46	4.11	0.00	.272	89.7%	38.5%	0.0%	93.8	1.17	4.38	3.10	4.73	0.8
1866	2025	Josh Simpson	MIA	4	2	0	31	0	30.2	10.57	6.46	1.47	.341	59.6%	53.9%	20.8%	94.4	7.34	4.67	5.35	4.44	-0.4
1867	2026	Jonah Tong	NYM	2	2	0	7	4	30.2	9.98	4.11	0.59	.268	64.5%	42.0%	5.7%	94.8	3.82	3.12	3.30	4.17	0.6
1868	2026	Josh Ekness	MIA	3	4	1	30	0	30.2	7.04	5.87	0.59	.244	68.7%	40.7%	5.1%	98.1	3.23	3.85	4.54	5.61	0.0
1869	2026	Jonathan Pintaro	NYM	2	3	0	22	0	30.2	8.80	4.70	1.47	.276	68.4%	41.8%	16.1%	95.6	5.28	4.32	5.12	4.53	-0.2
1870	2023	Jacob deGrom	TEX	2	0	0	6	6	30.1	13.35	1.19	0.59	.266	59.4%	37.9%	6.7%	99.1	2.67	1.83	1.54	2.32	1.5
1871	2024	Keegan Thompson	CHC	2	1	2	24	0	30.1	10.68	5.34	0.89	.229	76.2%	37.5%	10.7%	93.8	2.67	4.35	3.86	3.97	0.2
1872	2024	Kris Bubic	KCR	1	1	1	27	0	30.1	11.57	1.48	0.59	.320	67.4%	56.2%	10.5%	93.2	2.67	1.87	1.95	2.04	0.9
1873	2024	Davis Daniel	LAA	1	4	0	6	6	30.1	8.31	1.78	1.48	.362	61.5%	36.4%	11.6%	91.6	6.23	4.40	4.16	4.16	0.4
1874	2025	Manuel Rodríguez	TBR	1	2	0	31	0	30.1	7.42	1.78	0.59	.276	79.5%	60.2%	10.0%	96.9	2.08	3.07	3.04	3.20	0.7
1875	2025	Ryan Feltner	COL	0	2	0	6	6	30.1	7.42	3.56	1.19	.309	71.1%	48.5%	11.1%	94.1	4.75	3.30	4.39	4.50	0.4
1876	2025	Ryan Fernandez	STL	0	4	1	32	0	30.1	10.09	4.75	1.78	.361	51.6%	44.9%	15.8%	95.3	7.71	4.07	5.15	4.51	-0.3
1877	2026	Robert Stock	NYM	1	3	0	8	7	30.1	8.60	4.45	0.59	.371	66.4%	36.5%	5.3%	95.7	5.93	5.07	3.92	4.96	0.5
1878	2026	Josh Walker	BAL	1	0	1	31	0	30.1	8.60	3.56	0.59	.268	81.9%	42.0%	5.9%	93.0	2.08	2.69	3.33	4.17	0.4
1879	2023	Noah Davis	COL	0	4	0	8	6	30.0	7.80	4.50	1.80	.389	59.7%	46.0%	17.1%		8.70	4.79	6.02	5.35	0.0
1880	2024	Clayton Kershaw	LAD	2	2	0	7	7	30.0	7.20	2.70	0.60	.354	63.3%	38.5%	6.1%	89.8	4.50	4.56	3.53	4.33	0.6
1881	2024	Yonny Chirinos	MIA	0	2	0	6	6	30.0	7.50	3.90	2.10	.375	77.2%	36.3%	14.6%	92.9	6.30	4.66	6.13	5.52	-0.2
1882	2024	Tony Santillan	CIN	3	3	0	29	1	30.0	13.80	2.70	1.20	.270	77.9%	32.3%	13.3%	97.3	3.00	2.41	2.73	2.51	0.7
1883	2024	Carlos Hernández	KCR	0	1	0	27	0	30.0	8.10	4.80	0.30	.274	68.2%	31.8%	2.1%	97.9	3.30	3.90	3.50	5.44	0.2
1884	2025	Erik Miller	SFG	4	1	0	36	0	30.0	6.60	6.00	0.00	.289	89.4%	47.5%	0.0%	97.3	1.50	4.57	3.97	5.15	0.1
1885	2025	Pierson Ohl	MIN	0	3	0	14	3	30.0	8.10	2.10	1.50	.351	60.5%	34.7%	13.2%	91.8	5.10	4.78	4.20	3.99	0.1
1886	2025	Adam Mazur	MIA	0	4	0	6	6	30.0	5.70	3.60	1.20	.282	61.9%	43.0%	10.0%	94.7	4.80	5.10	4.90	5.22	0.1
1887	2026	Bennett Sousa	HOU	1	3	0	35	1	30.0	9.60	5.40	1.50	.360	68.1%	31.1%	11.4%	94.0	6.00	4.14	4.93	4.98	-0.2
1888	2026	Garrett Crochet	BOS	3	3	0	6	6	30.0	11.10	3.30	1.50	.346	61.0%	36.5%	15.6%	96.1	6.30	5.12	4.30	3.74	0.3
1889	2026	Connor Phillips	CIN	2	0	1	27	0	30.0	8.70	9.30	0.90	.253	72.0%	25.6%	6.8%	98.4	5.40	6.17	5.87	6.78	-0.4
1890	2023	Jay Jackson	TOR	3	1	0	25	0	29.2	8.19	2.73	1.21	.187	89.3%	43.6%	12.1%	93.3	2.12	3.35	4.20	4.29	0.1
1891	2024	Danny Coulombe	BAL	1	0	1	33	0	29.2	9.71	1.52	0.91	.179	82.3%	48.6%	10.7%	90.9	2.12	2.94	2.83	2.94	0.5
1892	2024	Brandon Bielak	2 Tms	1	0	0	16	0	29.2	4.25	3.94	1.52	.321	78.7%	38.7%	11.4%	92.2	5.16	6.66	5.93	5.98	-0.3
1893	2025	Jonathan Loáisiga	NYY	0	1	1	30	0	29.2	7.58	3.03	2.12	.300	86.0%	50.5%	25.9%	96.7	4.25	3.62	5.83	4.17	-0.5
1894	2025	Matt Sauer	LAD	2	1	1	10	1	29.2	7.28	2.43	1.82	.326	60.1%	42.6%	18.2%	94.2	6.37	4.90	5.16	4.24	-0.1
1895	2025	Kai-Wei Teng	SFG	2	4	0	8	7	29.2	11.83	5.16	0.61	.365	57.8%	37.3%	6.9%	93.2	6.37	4.00	3.81	4.44	0.3
1896	2026	Blake Treinen	LAD	4	1	1	36	0	29.2	9.40	3.94	0.91	.317	79.9%	44.4%	9.4%	94.8	3.64	5.07	3.74	4.06	0.3
1897	2026	Lucas Giolito	SDP	2	3	0	7	5	29.2	5.46	6.98	1.21	.304	73.4%	30.5%	10.0%	90.9	5.16	5.59	6.07	6.35	-0.2
1898	2026	Daniel Duarte	NYM	2	0	2	24	0	29.2	9.10	2.12	0.91	.197	81.7%	31.5%	8.3%	94.9	2.12	2.88	3.20	3.72	0.6
1899	2026	Daniel Palencia	CHC	2	2	3	32	0	29.2	9.10	3.34	1.21	.273	76.4%	33.3%	11.8%	99.3	3.64	3.73	4.04	4.02	0.2
1900	2026	Kendry Rojas	MIN	1	1	0	12	4	29.2	10.31	6.67	0.61	.296	81.0%	38.6%	6.5%	96.0	3.34	3.47	4.01	4.71	0.3
1901	2024	George Soriano	MIA	1	1	1	22	0	29.1	8.90	3.99	2.15	.256	61.4%	26.2%	18.9%	94.3	6.75	6.76	6.03	4.84	-0.6
1902	2024	Brenan Hanifee	DET	1	1	0	21	3	29.1	7.06	1.84	0.61	.281	86.1%	53.8%	7.7%	95.6	1.84	3.05	3.10	3.55	0.5
1903	2024	Eduardo Salazar	2 Tms	0	1	0	26	0	29.1	8.28	4.30	0.61	.360	82.3%	56.0%	9.5%	95.7	2.76	4.86	3.75	3.94	0.2
1904	2025	Carson Fulmer	LAA	0	0	0	13	0	29.1	7.98	3.38	1.53	.247	58.6%	42.4%	13.9%	92.7	5.83	3.95	4.70	4.38	0.0
1905	2025	Erik Sabrowski	CLE	0	1	0	33	0	29.1	12.89	6.44	0.61	.226	85.2%	28.3%	8.0%	93.9	1.84	3.34	3.61	4.04	0.3
1906	2025	Jaden Hill	COL	1	1	0	28	0	29.1	9.51	3.68	0.61	.309	71.4%	43.9%	6.9%	96.6	3.38	3.32	3.44	4.08	0.3
1907	2026	Cam Sanders	2 Tms	1	1	3	28	0	29.1	12.27	6.14	0.31	.318	69.5%	43.9%	4.2%	96.0	4.60	3.84	3.27	4.06	0.5
1908	2023	Nick Wittgren	KCR	1	0	0	27	0	29.0	5.59	3.41	0.62	.298	65.5%	44.8%	5.7%	92.1	4.97	4.63	4.36	5.46	0.0
1909	2023	Jimmy Herget	LAA	2	4	0	29	1	29.0	8.07	2.48	2.17	.310	84.3%	28.6%	15.6%	92.7	4.66	4.38	5.63	5.06	-0.2
1910	2023	Angel Perdomo	PIT	3	2	0	30	0	29.0	13.66	3.41	0.93	.321	68.2%	33.9%	11.5%	93.8	3.72	2.73	3.01	3.15	0.5
1911	2023	Connor Brogdon	PHI	2	1	0	27	1	29.0	8.07	4.03	1.55	.293	80.6%	37.2%	12.8%	95.0	4.03	4.61	5.15	5.13	-0.1
1912	2023	Sean Hjelle	SFG	2	1	0	15	0	29.0	9.62	4.03	0.93	.398	59.1%	53.3%	15.0%		6.52	4.49	4.22	4.02	0.1
1913	2024	Spencer Howard	2 Tms	1	2	0	9	3	29.0	8.38	4.34	1.55	.398	66.7%	38.6%	11.4%	94.1	6.21	5.38	4.99	5.05	-0.1
1914	2025	Dan Altavilla	CHW	0	1	2	28	0	29.0	6.52	4.66	1.24	.197	89.5%	51.3%	16.7%	96.1	2.48	4.66	5.45	4.93	-0.2
1915	2025	Eduardo Salazar	WSN	0	1	0	30	0	29.0	7.14	4.97	2.17	.388	64.6%	50.9%	21.9%	95.3	8.38	5.91	6.45	5.01	-0.5
1916	2025	Andrew Saalfrank	ARI	2	1	3	28	0	29.0	5.90	3.10	0.31	.217	87.0%	44.0%	3.0%	89.1	1.24	4.02	3.31	4.61	0.5
1917	2026	Drew Pomeranz	2 Tms	2	3	0	31	0	29.0	5.28	4.97	2.17	.269	77.1%	27.3%	13.5%	92.2	5.59	5.34	6.93	6.50	-0.7
1918	2026	Mason Adams	COL	0	2	0	6	6	29.0	9.62	3.72	1.86	.338	75.8%	40.0%	20.7%	93.2	4.03	5.08	5.00	3.82	0.2
1919	2026	Seth Halvorsen	2 Tms	1	2	0	32	0	29.0	7.14	5.28	1.86	.290	75.7%	43.9%	18.2%	98.9	5.90	6.26	6.17	5.20	-0.4
1920	2023	Thomas Hatch	2 Tms	1	1	0	18	2	28.2	8.16	3.77	0.63	.352	64.8%	52.3%	6.9%	94.8	4.08	4.41	3.71	4.47	0.3
1921	2023	Keegan Thompson	CHC	2	2	1	19	0	28.2	8.16	5.97	0.63	.234	67.2%	41.0%	6.1%	94.0	4.71	4.25	4.44	5.44	0.1
1922	2023	Isaiah Campbell	SEA	4	1	1	27	0	28.2	10.36	4.08	0.63	.282	81.3%	39.7%	6.7%	95.0	2.83	3.86	3.32	4.15	0.3
1923	2024	Drew Rasmussen	TBR	0	2	1	16	4	28.2	10.99	1.88	0.00	.333	67.7%	53.3%	0.0%	97.5	2.83	2.06	1.35	2.57	1.0
1924	2025	JT Brubaker	2 Tms	0	0	0	17	1	28.2	6.91	3.77	0.00	.280	66.7%	42.0%	0.0%		3.77	4.25	2.96	4.47	0.4
1925	2026	Trevor Williams	2 Tms	2	0	0	15	1	28.2	10.67	3.14	1.26	.286	85.5%	47.3%	16.0%	89.9	3.14	3.83	3.80	3.30	0.2
1926	2026	Dax Fulton	MIA	2	0	0	16	0	28.2	9.10	4.71	0.31	.289	71.8%	57.1%	5.9%	95.1	3.77	3.74	3.21	3.65	0.3
1927	2023	Daniel Palencia	CHC	5	3	0	27	0	28.1	10.48	4.45	0.95	.284	65.1%	39.7%	11.5%	98.4	4.45	3.93	4.00	4.14	0.3
1928	2024	Aaron Ashby	MIL	1	2	0	14	2	28.1	10.48	3.18	0.64	.243	62.5%	58.7%	11.1%	96.5	2.86	3.02	2.81	2.86	0.6
1929	2024	Yilber Díaz	ARI	1	1	0	7	4	28.1	6.04	3.81	0.95	.282	74.7%	35.6%	9.7%	95.9	3.81	5.07	4.47	4.75	0.1
1930	2025	Konnor Pilkington	WSN	2	0	0	32	0	28.1	10.80	5.40	2.22	.238	80.1%	27.1%	20.0%	94.4	4.45	6.43	5.96	4.65	-0.4
1931	2026	Brendon Little	TOR	0	3	0	30	0	28.1	13.98	7.94	1.59	.414	66.0%	58.1%	31.3%	96.1	6.35	3.32	4.94	3.49	-0.2
1932	2026	Jose Cabrera	ARI	0	4	0	8	5	28.1	6.35	3.49	1.91	.292	74.5%	41.9%	15.0%	93.9	5.72	5.20	5.92	5.30	-0.2
1933	2023	Jackson Kowar	KCR	2	0	0	23	0	28.0	9.32	6.43	1.29	.361	62.8%	44.2%	12.9%	96.9	6.43	4.51	5.29	5.26	-0.2
1934	2023	Justin Bruihl	2 Tms	1	0	0	27	0	28.0	7.07	3.54	0.64	.313	61.2%	49.4%	7.1%		5.46	4.70	4.11	4.84	0.1
1935	2024	Ryan Brasier	LAD	1	0	0	29	4	28.0	8.04	1.61	0.96	.247	65.8%	42.3%	9.7%	94.6	3.54	3.53	3.31	3.59	0.4
1936	2024	Logan Allen	ARI	0	1	1	12	0	28.0	6.75	3.21	0.96	.315	67.8%	41.1%	10.0%	91.6	5.46	5.49	4.35	4.57	0.0
1937	2024	Robert Gasser	MIL	2	0	0	5	5	28.0	5.14	0.32	0.64	.283	78.8%	43.0%	6.3%	93.2	2.57	2.94	3.38	4.18	0.7
1938	2026	Geoff Hartlieb	ATH	2	1	0	18	0	28.0	7.07	4.50	0.32	.337	68.8%	39.1%	2.8%	95.4	4.82	3.91	3.60	5.08	0.3
1939	2026	Hagen Smith	CHW	3	3	0	18	1	28.0	13.18	5.14	0.32	.192	85.9%	43.4%	5.6%	93.7	1.29	2.45	2.35	2.86	0.8
1940	2023	Brock Stewart	MIN	2	0	1	28	0	27.2	12.69	3.58	0.33	.316	98.0%	36.8%	4.2%	97.4	0.65	2.41	2.21	3.17	0.9
1941	2023	Dinelson Lamet	2 Tms	1	4	0	17	4	27.2	10.41	7.48	2.28	.427	49.8%	42.7%	20.0%	95.1	11.71	6.32	6.83	5.64	-0.3
1942	2023	Andrew Suárez	STL	0	0	0	13	0	27.2	5.53	4.88	2.28	.286	55.0%	41.8%	16.7%	92.6	7.16	5.88	6.94	6.16	-0.4
1943	2023	Tim Herrin	CLE	1	1	0	23	0	27.2	10.41	3.90	0.98	.361	64.4%	44.4%	11.5%	96.8	5.53	4.82	3.87	4.01	0.1
1944	2023	Robert Suarez	SDP	4	3	0	26	0	27.2	7.81	3.25	1.30	.157	61.9%	48.6%	18.2%	97.8	4.23	3.19	4.48	3.92	0.0
1945	2024	Matt Manning	DET	0	1	0	5	5	27.2	7.48	3.90	0.98	.329	72.2%	30.7%	6.8%	94.1	4.88	4.60	4.21	5.21	0.3
1946	2024	Eduard Bazardo	SEA	2	0	0	23	0	27.2	10.73	2.93	0.65	.281	53.4%	55.4%	9.1%	94.6	4.88	2.38	2.70	2.96	0.3
1947	2026	Phil Maton	CHC	0	1	0	31	0	27.2	10.08	5.20	1.63	.367	75.0%	41.5%	22.7%		6.18	6.84	5.49	4.34	-0.4
1948	2026	Jake Woodford	3 Tms	1	0	1	19	0	27.2	8.13	2.60	1.63	.396	61.4%	41.0%	16.1%	92.8	7.81	6.20	4.51	3.85	0.0
1949	2026	Hunter Greene	CIN	2	2	0	5	5	27.2	10.73	2.93	1.30	.333	49.4%	27.8%	11.4%	98.3	6.83	4.49	3.57	3.60	0.7
1950	2026	Matt Wilkinson	SFG	1	3	0	8	6	27.2	6.51	1.63	1.63	.213	65.0%	26.2%	9.8%	90.4	3.58	3.08	4.55	4.98	0.3
1951	2023	Casey Lawrence	STL	1	0	0	15	0	27.1	6.59	3.29	2.30	.301	70.2%	32.6%	14.9%	90.0	6.59	4.36	6.44	5.95	-0.4
1952	2024	Bryan Sammons	DET	1	1	0	6	0	27.1	5.93	2.96	1.98	.143	85.2%	20.0%	13.0%	91.5	3.62	4.44	5.80	5.49	-0.4
1953	2025	Tayler Scott	2 Tms	1	2	0	24	0	27.1	7.90	5.93	1.98	.329	62.8%	43.2%	17.1%	92.1	7.90	6.44	6.32	5.44	-0.6
1954	2026	Matt Gage	SFG	4	1	1	34	0	27.1	7.24	5.60	1.98	.275	74.5%	41.2%	18.2%	92.3	5.60	5.38	6.32	5.29	-0.8
1955	2026	Luis Gil	NYY	1	2	0	9	4	27.1	5.60	5.93	1.98	.190	78.0%	41.0%	16.2%	95.5	4.61	5.77	7.13	6.32	-0.5
1956	2026	Blas Castaño	COL	2	0	0	15	0	27.1	6.91	2.96	1.32	.307	80.2%	44.3%	14.3%	94.6	3.62	5.94	4.67	4.32	0.0
1957	2026	Nick Davila	SEA	0	0	1	24	0	27.1	4.28	4.28	0.66	.253	62.8%	50.6%	7.1%	94.7	4.94	4.99	4.97	5.56	-0.2
1958	2023	Zach Neal	OAK	1	1	0	14	2	27.0	8.33	4.67	2.67	.293	69.0%	34.1%	29.6%	89.2	6.67	7.52	7.03	4.83	-0.5
1959	2023	Luis Garcia	HOU	2	2	0	6	6	27.0	10.33	3.33	1.00	.314	75.5%	26.4%	9.4%	93.0	4.00	4.22	3.63	4.14	0.7
1960	2023	Ray Kerr	SDP	1	1	0	22	0	27.0	11.67	3.00	1.67	.313	71.4%	39.7%	20.8%	96.1	4.33	4.44	4.18	3.24	0.1
1961	2023	Slade Cecconi	ARI	0	1	0	7	4	27.0	6.67	1.33	1.33	.284	73.0%	38.1%	11.4%	94.3	4.33	4.79	4.37	4.58	0.3
1962	2024	Kolby Allard	PHI	2	0	0	7	4	27.0	7.67	2.67	1.67	.358	77.1%	45.3%	14.3%	90.1	5.00	4.17	4.76	4.31	0.1
1963	2025	Sean Reynolds	SDP	0	1	0	19	1	27.0	8.33	5.67	1.33	.235	69.8%	31.4%	13.3%	96.0	5.33	6.30	5.43	5.22	-0.2
1964	2026	Joe Mantiply	TOR	2	0	0	25	0	27.0	7.33	1.67	1.00	.300	79.9%	48.8%	12.5%		3.00	5.38	3.58	3.48	0.2
1965	2026	Cole Wilcox	SEA	0	0	0	23	0	27.0	9.33	5.67	0.67	.338	76.4%	44.7%	11.1%	96.7	4.00	5.48	4.10	4.14	0.0
1966	2026	George Klassen	LAA	2	2	0	6	6	27.0	8.00	7.00	0.67	.273	75.8%	51.9%	8.0%	96.6	3.67	5.61	4.73	5.17	0.1
1967	2023	Joe Jacques	BOS	2	1	1	23	1	26.2	6.75	3.38	0.68	.357	68.6%	64.7%	9.5%		5.06	4.11	4.53	4.86	0.0
1968	2024	Aaron Brooks	OAK	0	2	0	5	4	26.2	4.05	2.70	1.35	.309	63.2%	47.4%	12.1%	92.4	5.06	6.69	5.23	5.15	-0.1
1969	2024	Chris Devenski	TBR	2	1	0	19	0	26.2	8.10	4.73	3.04	.253	57.8%	25.0%	18.4%	93.2	6.75	5.89	7.33	5.72	-0.7
1970	2024	Grant Anderson	TEX	0	1	1	23	0	26.2	9.79	3.38	3.71	.319	69.9%	40.0%	29.7%	92.4	8.10	5.13	7.59	4.33	-1.0
1971	2024	Ethan Roberts	CHC	1	1	0	21	0	26.2	8.78	3.38	1.01	.359	82.0%	28.4%	7.9%		3.71	4.17	3.92	4.61	0.1
1972	2025	Héctor Neris	3 Tms	3	2	0	35	0	26.2	11.81	5.40	2.03	.348	55.9%	26.1%	16.7%	92.4	6.75	4.59	5.35	4.50	-0.2
1973	2025	Blake Treinen	LAD	2	7	2	32	0	26.2	12.15	6.41	1.35	.382	72.7%	33.3%	11.4%	95.2	5.40	3.64	4.75	4.82	-0.1
1974	2025	Grant Wolfram	BAL	3	1	0	21	0	26.2	10.46	5.06	0.68	.393	64.3%	50.0%	6.9%	95.3	5.40	3.58	3.59	4.29	0.2
1975	2026	Brock Stewart	LAD	1	2	1	28	1	26.2	8.44	3.38	1.01	.215	74.6%	54.4%	12.0%	95.8	2.70	2.54	3.81	3.77	0.3
1976	2026	Will Vest	DET	3	5	2	27	0	26.2	9.11	3.38	0.68	.347	48.4%	61.8%	11.1%	96.2	6.08	3.96	3.40	3.44	0.3
1977	2026	Elmer Rodríguez	NYY	0	3	0	6	6	26.2	7.09	5.40	0.68	.296	70.1%	48.1%	6.9%	95.7	5.40	5.55	4.86	5.53	0.1
1978	2023	Mike Mayers	KCR	1	2	0	6	2	26.1	5.81	3.42	1.37	.341	65.1%	42.7%	12.1%	93.1	6.15	4.91	5.08	5.18	0.0
1979	2024	Jay Jackson	MIN	1	2	0	20	0	26.1	9.91	3.08	2.39	.304	47.8%	35.5%	21.9%	92.0	7.52	4.68	5.44	3.83	-0.3
1980	2024	Gerson Garabito	TEX	0	2	0	18	2	26.1	7.52	4.10	1.37	.260	71.9%	34.2%	12.9%	93.5	4.78	6.57	5.29	5.10	-0.1
1981	2024	Gus Varland	2 Tms	1	0	0	26	0	26.1	9.23	2.73	0.68	.364	74.6%	38.5%	6.5%	95.3	3.42	3.45	3.13	3.92	0.4
1982	2024	Bryan King	HOU	1	0	0	28	0	26.1	10.94	3.42	0.34	.302	82.3%	43.5%	4.3%	92.1	2.39	3.14	2.71	3.54	0.4
1983	2025	Joel Payamps	2 Tms	0	1	1	30	0	26.1	8.20	3.08	1.37	.346	60.4%	31.7%	10.0%	94.8	6.84	6.79	4.54	4.91	-0.1
1984	2025	Collin Snider	SEA	2	1	0	24	0	26.1	8.20	2.05	1.03	.345	55.9%	40.0%	9.4%	92.6	5.47	5.61	3.70	4.10	0.2
1985	2025	Kade Strowd	BAL	0	1	0	25	0	26.1	8.20	4.44	0.34	.227	83.9%	56.7%	5.6%	95.6	1.71	2.80	3.40	3.96	0.2
1986	2023	Luis Cessa	CIN	1	4	0	7	6	26.0	3.81	4.15	1.04	.410	60.2%	38.3%	11.1%	92.4	9.00	8.91	5.41	5.63	0.2
1987	2024	Yunior Marte	PHI	0	0	0	23	0	26.0	7.96	5.19	1.73	.345	64.3%	44.9%	20.0%	97.2	6.92	6.28	5.63	4.58	-0.2
1988	2024	Luke Little	CHC	3	1	0	30	1	26.0	9.69	6.23	0.35	.241	73.0%	72.4%	7.7%	96.1	3.46	3.54	4.05	4.31	0.1
1989	2025	Ryan Brasier	CHC	0	1	0	28	1	26.0	6.92	1.73	0.69	.321	65.1%	41.3%	8.0%	93.9	4.50	4.88	3.17	3.66	0.3
1990	2025	José Alvarado	PHI	4	2	7	28	0	26.0	11.08	2.42	1.38	.329	78.2%	45.8%	17.4%	99.6	3.81	3.64	3.60	2.96	0.4
1991	2025	Connor Gillispie	MIA	0	3	0	6	6	26.0	7.96	3.81	2.08	.317	50.6%	37.2%	15.4%	91.5	8.65	5.37	5.75	5.06	-0.1
1992	2026	Jordan Montgomery	TEX	1	0	1	13	0	26.0	6.92	2.08	1.04	.230	65.8%	55.8%	13.6%	90.7	4.15	3.33	3.87	3.65	0.1
1993	2026	Jalen Beeks	TEX	2	1	0	29	0	26.0	7.27	2.77	2.08	.282	90.6%	41.3%	20.0%	93.6	3.81	5.79	5.41	4.15	-0.3
1994	2026	Evan Phillips	LAD	3	2	1	31	0	26.0	11.42	2.08	1.73	.279	81.8%	31.8%	14.7%	96.7	3.46	4.37	3.87	3.34	0.3
1995	2026	Alan Rangel	PHI	0	3	0	7	3	26.0	10.04	4.50	1.38	.360	71.8%	29.9%	11.4%	92.8	5.88	4.27	4.60	4.63	0.2
1996	2026	Jason Foley	SFG	3	2	0	24	0	26.0	5.19	3.81	0.69	.292	66.3%	51.6%	7.4%	96.2	4.15	4.02	4.22	4.78	0.0
1997	2026	Ryan Weiss	HOU	0	3	0	9	2	26.0	10.38	6.92	2.77	.370	70.8%	32.1%	24.2%	95.2	7.62	6.42	7.10	5.02	-0.6
1998	2023	Tyler Mahle	MIN	1	2	0	5	5	25.2	9.82	1.75	1.75	.266	80.0%	37.7%	16.1%	92.8	3.16	3.24	4.19	3.65	0.4
1999	2023	Stephen Nogosek	NYM	0	1	0	13	0	25.2	8.77	4.91	2.10	.310	78.7%	37.7%	18.8%	94.6	5.61	5.53	6.22	5.24	-0.4
2000	2023	Calvin Faucher	TBR	1	1	0	17	4	25.2	8.77	4.21	1.40	.346	62.5%	50.0%	16.0%	95.3	7.01	6.50	4.85	4.44	0.0
2001	2023	Brent Headrick	MIN	3	0	1	14	0	25.2	10.52	3.51	2.45	.303	73.7%	18.1%	15.6%	91.8	6.31	5.35	6.10	5.45	-0.3
2002	2024	Dany Jiménez	OAK	1	3	1	25	0	25.2	8.77	6.66	2.10	.227	70.6%	32.4%	14.6%	92.8	4.91	5.06	6.60	5.97	-0.7
2003	2025	Brooks Raley	NYM	3	1	0	30	0	25.2	8.77	2.10	0.00	.212	68.2%	33.3%	0.0%		2.45	2.37	2.12	3.86	0.8
2004	2025	Kevin Ginkel	ARI	1	4	3	29	0	25.2	10.17	4.56	0.70	.360	53.4%	45.9%	6.5%	95.0	7.36	4.57	3.64	4.49	0.2
2005	2025	Colin Holderman	PIT	0	2	1	24	0	25.2	6.31	5.61	1.40	.353	66.8%	53.4%	16.0%	97.1	7.01	5.73	5.86	5.34	-0.4
2006	2025	McCade Brown	COL	0	5	0	7	7	25.2	8.06	5.96	2.10	.320	71.1%	34.6%	16.2%	94.3	7.36	6.51	6.95	6.14	-0.4
2007	2026	Ethan Roberts	CHC	0	2	0	23	0	25.2	5.96	4.91	1.05	.260	71.8%	48.7%	11.5%		4.21	5.04	5.28	5.29	-0.2
2008	2026	Connor Thomas	2 Tms	2	1	0	19	0	25.2	6.31	3.16	1.40	.329	61.5%	56.2%	14.8%	91.7	7.01	4.48	5.01	4.57	0.1
2009	2023	AJ Smith-Shawver	ATL	1	0	0	6	5	25.1	7.11	3.91	2.49	.152	78.1%	37.0%	17.5%	94.6	4.26	3.78	6.69	5.71	-0.3
2010	2024	J.P. France	HOU	0	3	0	5	5	25.1	7.82	4.26	1.78	.321	62.2%	29.1%	11.4%	92.6	7.46	5.61	5.53	5.60	-0.1
2011	2024	Hans Crouse	LAA	4	3	0	25	0	25.1	12.08	6.04	0.71	.231	76.2%	24.5%	6.1%		2.84	3.58	3.76	4.70	0.2
2012	2025	Ian Gibaut	CIN	0	1	0	25	0	25.1	5.33	2.84	1.07	.277	70.5%	36.0%	7.5%	94.1	4.62	4.05	4.44	5.33	0.1
2013	2025	Clayton Beeter	2 Tms	0	3	1	26	0	25.1	11.72	6.39	1.07	.200	70.9%	38.5%	13.6%	96.4	4.26	3.77	4.20	4.00	0.2
2014	2025	Kyle Backhus	ARI	0	3	2	32	0	25.1	7.82	2.84	1.07	.316	71.8%	34.6%	11.5%		4.62	4.50	4.24	4.28	0.0
2015	2025	Logan Henderson	MIL	3	0	0	5	5	25.1	11.72	2.84	1.07	.255	96.2%	22.8%	9.7%	93.1	1.78	3.68	3.02	3.36	0.8
2016	2026	Jonathan Hernández	LAD	0	0	0	16	0	25.1	7.82	4.62	1.42	.243	63.4%	40.5%	13.8%	97.1	5.68	4.36	4.96	4.63	-0.1
2017	2026	Keegan Akin	BAL	0	1	0	24	2	25.1	6.04	3.20	1.07	.306	59.2%	32.6%	7.1%	93.7	5.68	3.72	4.36	5.33	0.1
2018	2026	Beau Brieske	DET	1	0	0	18	0	25.1	8.53	2.49	1.78	.273	69.6%	44.3%	18.5%	95.6	4.97	3.80	4.60	3.64	0.0
2019	2025	Anthony Veneziano	2 Tms	0	0	0	26	1	25.0	9.00	3.96	1.44	.320	79.1%	49.4%	16.7%	94.1	4.68	5.48	4.78	4.18	-0.2
2020	2025	Connor Phillips	CIN	5	0	0	21	0	25.0	11.52	4.32	1.08	.163	76.9%	30.8%	11.5%	98.1	2.88	3.94	3.82	3.86	0.2
2021	2026	Gavin Collyer	TEX	1	1	0	24	0	25.0	8.28	6.84	0.72	.238	66.3%	33.8%	6.5%	97.5	5.40	4.59	5.30	6.13	-0.1
2022	2023	Andrew Bellatti	PHI	1	0	0	27	0	24.2	9.12	4.38	1.46	.292	70.1%	32.9%	11.8%	94.3	5.11	4.97	4.80	4.97	0.1
2023	2024	Kaleb Ort	HOU	1	1	0	22	0	24.2	9.49	1.46	2.55	.161	100.0%	33.9%	20.6%	97.6	2.55	3.03	5.23	3.63	-0.2
2024	2025	Matt Bowman	BAL	0	1	0	20	0	24.2	6.57	2.19	1.46	.321	62.9%	34.9%	10.8%	90.5	6.20	5.17	4.76	4.96	0.0
2025	2025	Jorge López	WSN	6	0	1	26	0	24.2	6.20	2.55	0.36	.308	50.6%	46.8%	4.2%	94.8	6.57	5.35	3.50	4.47	0.3
2026	2025	PJ Poulin	WSN	2	1	1	28	0	24.2	9.85	4.74	0.73	.318	79.5%	42.6%	8.0%	90.7	3.65	3.92	3.82	4.33	0.2
2027	2025	Paxton Schultz	TOR	0	0	0	13	2	24.2	10.22	2.92	1.46	.333	65.8%	39.7%	13.8%	93.8	4.38	3.75	4.07	3.77	0.1
2028	2026	Cesar Perdomo	SFG	0	1	0	5	4	24.2	5.11	2.55	1.46	.291	84.5%	40.7%	12.9%	93.0	3.65	4.46	4.93	4.71	0.1
2029	2023	Matt Carasiti	COL	1	0	1	16	0	24.1	5.92	4.07	1.11	.316	58.7%	56.1%	15.8%	95.0	6.29	5.34	5.02	4.71	0.0
2030	2023	Amir Garrett	KCR	0	1	0	27	0	24.1	10.36	7.40	1.48	.300	85.2%	47.5%	16.7%	95.0	3.33	4.89	5.56	5.05	-0.2
2031	2023	Duane Underwood Jr.	PIT	1	0	2	20	0	24.1	5.18	4.07	1.11	.292	68.2%	44.0%	14.3%		5.18	6.49	5.06	4.89	-0.2
2032	2023	Kevin Herget	CIN	1	2	1	14	0	24.1	4.81	2.22	1.48	.275	70.4%	33.3%	11.1%	92.6	5.18	5.63	5.31	5.62	0.0
2033	2023	Yerry De los Santos	PIT	1	1	0	22	0	24.1	6.66	4.81	0.37	.225	70.9%	54.9%	5.0%		3.33	3.68	4.04	4.86	0.1
2034	2023	Jordan Balazovic	MIN	1	0	0	18	0	24.1	6.29	4.44	1.85	.284	80.6%	44.3%	17.2%	95.1	4.44	5.40	6.01	5.31	-0.4
2035	2023	Amos Willingham	WSN	0	2	0	18	0	24.1	5.55	3.33	2.96	.325	79.9%	36.3%	18.2%	95.8	6.66	7.03	7.53	6.24	-0.5
2036	2024	Adam Cimber	LAA	3	0	0	28	0	24.1	7.03	5.18	0.37	.284	54.4%	44.8%	4.8%	85.3	7.03	5.64	4.60	5.38	-0.1
2037	2024	Josh Staumont	MIN	1	0	0	25	0	24.1	6.66	5.18	0.00	.246	62.5%	47.1%	0.0%	94.1	3.70	4.34	3.54	5.03	0.2
2038	2024	Cody Poteet	NYY	3	0	0	5	4	24.1	5.92	2.96	0.74	.232	82.6%	42.3%	9.1%	93.3	2.22	4.92	4.03	4.33	0.2
2039	2024	Alek Manoah	TOR	1	2	0	5	5	24.1	9.62	2.96	1.85	.200	59.1%	35.4%	18.5%	93.2	3.70	4.07	5.18	4.19	0.0
2040	2025	Easton Lucas	TOR	3	3	0	6	5	24.1	8.51	4.44	1.85	.294	63.3%	32.9%	15.6%	93.9	6.66	5.96	5.40	4.75	-0.1
2041	2025	Orlando Ribalta	WSN	0	0	0	22	0	24.1	9.25	6.29	2.22	.310	71.8%	37.7%	16.2%	96.4	7.03	5.45	6.51	5.64	-0.3
2042	2025	Mitch Farris	LAA	1	3	0	5	5	24.1	8.88	4.07	1.48	.299	55.9%	21.4%	11.8%	90.5	6.66	5.62	4.78	4.80	0.1
2043	2026	Yunior Marte	SFG	0	2	0	5	3	24.1	5.55	3.70	1.85	.260	81.5%	40.3%	16.7%	93.0	4.44	5.69	5.77	4.96	-0.2
2044	2023	Colin Selby	PIT	2	2	0	21	5	24.0	11.25	5.63	1.50	.385	52.1%	48.5%	21.1%		9.00	5.55	4.80	3.94	0.0
2045	2024	Kenny Rosenberg	LAA	0	1	0	7	1	24.0	6.38	3.00	1.88	.311	65.5%	37.2%	14.7%	90.5	6.00	5.89	5.46	4.89	-0.2
2046	2024	Fraser Ellard	CHW	2	3	1	25	0	24.0	9.75	4.50	1.13	.254	70.9%	45.2%	14.3%	95.2	3.75	3.86	4.25	3.95	0.1
2047	2025	Michael Tonkin	MIN	2	1	0	21	0	24.0	7.13	3.00	1.13	.250	69.4%	32.4%	10.0%	92.4	4.88	5.41	4.80	5.10	-0.1
2048	2026	Connor Seabold	3 Tms	1	0	0	21	0	24.0	7.50	4.13	0.75	.354	70.4%	41.3%	6.1%	93.8	5.25	3.99	4.27	5.26	0.0
2049	2023	Tommy Hunter	NYM	0	1	0	14	0	23.2	7.61	1.90	2.28	.301	56.4%	46.8%	18.8%	92.7	6.85	5.13	5.75	4.69	-0.3
2050	2023	John Means	BAL	1	2	0	4	4	23.2	3.80	1.52	1.52	.130	88.7%	28.8%	9.8%	91.7	2.66	4.59	5.24	5.91	0.2
2051	2023	Keegan Akin	BAL	2	2	0	24	1	23.2	10.27	2.66	0.76	.434	51.0%	33.8%	6.9%	93.7	6.85	4.68	2.96	3.89	0.4
2052	2023	Dylan Lee	ATL	1	0	0	24	1	23.2	9.13	3.04	1.52	.308	68.2%	38.8%	15.4%	92.2	4.18	5.51	4.44	4.06	0.0
2053	2023	Tommy Doyle	COL	0	1	0	15	0	23.2	6.85	4.94	1.90	.269	62.1%	43.1%	22.7%	94.1	6.85	5.96	6.13	4.92	-0.3
2054	2023	Bryce Jarvis	ARI	2	1	0	11	1	23.2	4.56	3.42	1.14	.162	74.5%	44.3%	11.1%	95.5	3.04	5.51	5.03	5.27	-0.1
2055	2024	Gabe Speier	SEA	0	2	0	29	0	23.2	12.55	5.32	0.76	.321	62.1%	39.6%	8.7%	93.3	5.70	3.10	3.50	3.88	0.2
2056	2024	Sam Hentges	CLE	0	0	0	25	0	23.2	10.27	1.90	1.14	.268	79.8%	47.4%	15.0%	95.0	3.04	2.65	3.17	2.80	0.3
2057	2024	Mitch White	3 Tms	1	1	0	13	0	23.2	4.94	4.94	1.52	.278	55.2%	40.7%	13.8%	94.3	7.23	6.41	6.04	5.70	-0.4
2058	2024	Matt Festa	2 Tms	6	1	0	19	0	23.2	9.13	3.04	0.76	.292	44.1%	25.8%	5.7%	92.1	5.70	3.90	3.38	4.52	0.4
2059	2025	Justin Hagenman	NYM	0	1	1	9	1	23.2	8.75	0.76	1.52	.290	65.4%	38.4%	13.3%	92.9	4.56	4.15	3.77	3.53	0.2
2060	2026	Ryan Borucki	SFG	1	1	0	21	0	23.2	5.70	3.42	1.14	.320	71.0%	44.9%	10.3%		4.94	4.05	4.88	5.08	-0.1
2061	2023	Richard Lovelady	OAK	0	3	0	27	0	23.1	9.26	3.86	1.16	.214	63.0%	47.5%	12.5%	91.0	4.63	3.92	4.54	4.57	0.0
2062	2023	Dany Jiménez	OAK	0	2	1	25	1	23.1	8.10	5.40	1.16	.143	76.9%	28.1%	9.4%	93.2	3.47	3.80	4.93	5.52	0.1
2063	2023	James McArthur	KCR	1	0	4	18	2	23.1	8.87	0.77	0.77	.290	54.5%	58.7%	12.5%	93.4	4.63	2.96	2.78	2.80	0.5
2064	2024	Victor González	NYY	2	1	2	27	0	23.1	4.24	5.01	1.16	.149	68.5%	55.1%	11.5%		3.86	5.31	5.95	5.97	-0.4
2065	2024	Bryan Baker	BAL	1	1	0	19	0	23.1	8.87	2.70	1.16	.283	57.0%	41.3%	11.5%	96.2	5.01	3.53	3.77	3.78	0.2
2066	2024	Ron Marinaccio	NYY	1	0	0	16	0	23.1	9.64	3.86	1.54	.246	78.7%	39.0%	16.7%	93.6	3.86	4.20	4.92	4.25	-0.1
2067	2025	John Brebbia	2 Tms	1	1	0	22	0	23.1	10.03	4.63	1.93	.338	56.8%	31.9%	13.9%	92.8	7.71	4.48	5.75	5.34	-0.2
2068	2025	Andrew Alvarez	WSN	1	1	0	5	5	23.1	7.71	3.86	0.39	.227	74.2%	56.1%	5.0%	91.0	2.31	2.87	3.39	4.16	0.6
2069	2025	Carson Whisenhunt	SFG	2	1	0	5	5	23.1	6.17	4.63	2.31	.242	79.7%	43.7%	20.7%	92.5	5.01	6.60	6.91	5.48	-0.4
2070	2026	Jose Cuas	KCR	0	1	0	24	0	23.1	9.64	5.79	0.00	.382	82.9%	26.9%	0.0%	91.7	2.31	5.40	2.89	4.76	0.4
2071	2026	Beck Way	KCR	1	1	0	19	1	23.1	8.10	3.86	1.54	.333	77.2%	52.1%	22.2%	97.2	3.86	5.00	4.94	3.88	-0.1
2072	2026	Trent Harris	SFG	0	1	2	22	0	23.1	10.41	2.70	0.39	.322	78.1%	53.3%	5.6%	94.0	2.31	2.42	2.24	2.85	0.6
2073	2023	Kaleb Ort	BOS	1	2	0	21	2	23.0	9.39	3.52	2.35	.313	62.9%	30.0%	15.4%	96.2	6.26	4.56	5.86	5.28	-0.2
2074	2023	Brandon Walter	BOS	0	0	1	9	0	23.0	6.26	2.74	1.17	.367	64.2%	42.7%	9.1%	91.8	6.26	4.46	4.60	5.28	0.0
2075	2024	Touki Toussaint	CHW	1	2	0	11	0	23.0	10.17	7.04	1.17	.464	70.3%	51.4%	17.6%	91.8	7.43	5.65	5.08	4.50	-0.2
2076	2024	Michael McGreevy	STL	3	0	0	4	3	23.0	7.04	0.78	0.39	.234	79.5%	62.5%	9.1%	93.1	1.96	3.56	2.56	2.72	0.6
2077	2024	Ty Madden	DET	1	1	0	6	1	23.0	6.65	3.13	0.78	.315	70.5%	44.6%	6.7%	94.4	4.30	4.36	3.99	4.83	0.2
2078	2025	Brent Headrick	NYY	0	0	0	17	0	23.0	11.74	2.74	1.57	.260	87.6%	25.0%	16.0%	93.8	3.13	3.11	3.83	3.25	0.1
2079	2025	Zach Brzykcy	WSN	0	1	0	26	0	23.0	9.39	4.70	2.35	.333	56.5%	29.2%	16.7%	94.8	9.00	5.85	6.27	5.29	-0.3
2080	2025	Grant Holman	ATH	4	2	0	22	2	23.0	6.65	3.52	1.17	.315	69.2%	43.4%	10.0%	94.7	5.09	5.30	4.66	4.97	0.1
2081	2026	Ryan Fernandez	STL	1	2	0	17	0	23.0	10.96	4.30	0.78	.288	58.8%	42.6%	9.1%	94.7	3.52	3.53	3.23	3.54	0.2
2082	2026	Sammy Peralta	2 Tms	0	1	0	16	1	23.0	9.00	3.52	1.57	.417	70.0%	36.5%	15.4%	88.3	6.65	5.98	5.06	4.50	-0.1
2083	2024	Will Warren	NYY	0	3	0	6	5	22.2	11.51	3.97	1.99	.431	45.9%	36.2%	17.2%	93.7	10.32	4.47	4.93	4.00	0.1
2084	2025	Cole Sulser	TBR	2	1	0	18	0	22.2	8.74	2.78	0.40	.317	85.9%	41.0%	5.0%	92.9	1.99	2.80	2.69	3.48	0.4
2085	2025	Justin Steele	CHC	3	1	0	4	4	22.2	8.34	1.99	1.99	.267	75.0%	41.5%	21.7%		4.76	4.98	4.94	3.64	0.0
2086	2026	Taijuan Walker	PHI	1	4	0	5	4	22.2	6.75	4.37	3.18	.359	62.5%	40.7%	22.9%	92.1	9.13	7.84	7.78	5.52	-0.5
2087	2026	Andrew Nardi	MIA	3	3	0	25	0	22.2	10.72	4.37	1.59	.304	73.0%	42.4%	15.4%	94.8	5.16	5.26	4.60	4.04	-0.1
2088	2023	Devin Smeltzer	MIA	0	1	0	9	1	22.1	6.45	1.61	2.82	.319	69.9%	34.2%	20.0%	89.4	6.45	7.72	6.97	5.49	-0.3
2089	2023	Nick Robertson	2 Tms	0	1	0	18	1	22.1	10.48	3.63	1.21	.397	57.5%	47.1%	12.5%	95.3	6.04	4.51	3.88	3.91	0.2
2090	2024	Ray Kerr	ATL	1	2	0	10	2	22.1	10.88	2.82	1.61	.403	74.9%	32.8%	16.0%	95.3	5.64	5.01	4.42	3.78	0.1
2091	2024	Brady Basso	OAK	1	1	0	7	4	22.1	7.66	2.01	1.21	.303	75.6%	42.0%	11.1%	92.3	4.03	3.60	3.88	3.96	0.3
2092	2025	Joel Peguero	SFG	3	1	0	17	0	22.1	6.85	3.22	0.81	.220	79.2%	53.3%	8.7%	99.9	2.42	3.43	3.85	4.28	0.0
2093	2025	Mason Barnett	ATH	1	1	0	5	5	22.1	7.25	4.43	1.21	.324	59.2%	35.1%	9.4%	94.4	6.85	3.90	4.88	5.34	0.2
2094	2026	Franco Aleman	CLE	0	1	0	21	0	22.1	11.28	4.03	1.61	.368	80.8%	31.1%	13.8%	95.9	4.43	4.46	4.80	4.43	0.0
2095	2026	Sean Sullivan	COL	0	3	0	5	5	22.1	6.45	4.43	2.01	.367	63.4%	19.3%	10.0%	87.6	8.87	4.82	6.46	6.93	-0.1
2096	2024	Tommy Nance	TOR	0	3	0	20	0	22.0	7.77	3.68	0.82	.258	63.5%	52.4%	11.8%	94.1	4.09	4.46	3.98	3.97	0.1
2097	2025	Hunter Strickland	LAA	1	2	1	19	0	22.0	5.73	4.09	0.82	.231	74.4%	32.3%	6.7%	93.6	3.27	3.96	4.41	5.33	0.0
2098	2025	Rob Zastryzny	MIL	2	1	0	26	1	22.0	8.18	4.09	1.23	.220	87.7%	41.0%	10.3%	91.8	2.45	3.29	4.59	4.85	0.0
2099	2025	Beau Brieske	DET	1	3	1	22	1	22.0	6.55	4.91	2.05	.271	55.2%	37.8%	15.2%	96.0	6.55	4.06	6.27	5.63	-0.4
2100	2025	Bryce Jarvis	ARI	0	0	1	12	0	22.0	8.59	4.09	1.23	.317	67.1%	31.8%	9.7%	94.0	5.73	4.09	4.50	4.90	0.0
2101	2026	Danny Coulombe	BOS	0	2	0	29	0	22.0	4.09	6.14	0.41	.246	70.6%	42.0%	3.8%	89.8	4.50	4.36	4.96	6.16	-0.1
2102	2026	Justin Topa	2 Tms	0	1	2	25	0	22.0	6.14	4.91	1.64	.360	66.0%	50.6%	15.4%	91.3	6.95	5.93	6.01	5.43	-0.4
2103	2026	Yerry De los Santos	NYY	1	0	0	16	0	22.0	6.95	3.27	1.64	.246	84.8%	44.8%	14.8%	94.8	2.05	4.77	5.01	4.50	-0.1
2104	2023	Cole Sands	MIN	0	0	0	15	0	21.2	8.72	5.40	1.66	.267	83.9%	39.1%	13.8%	93.7	3.74	6.02	5.52	5.33	-0.1
2105	2023	Luis Patiño	2 Tms	0	1	0	9	1	21.2	7.48	5.82	1.25	.281	74.7%	40.3%	13.0%	95.2	4.57	5.68	5.33	5.29	0.0
2106	2024	Devin Williams	MIL	1	0	14	22	0	21.2	15.78	4.57	0.42	.250	92.6%	43.2%	7.1%	94.7	1.25	2.10	2.06	2.44	0.8
2107	2024	Sean Reid-Foley	NYM	1	2	0	23	0	21.2	10.38	5.82	0.00	.255	63.0%	60.8%	0.0%	95.2	1.66	3.00	2.80	3.70	0.4
2108	2024	Enoli Paredes	2 Tms	1	0	1	18	0	21.2	6.65	4.15	0.00	.220	84.0%	45.8%	0.0%		1.66	4.31	3.35	4.82	0.2
2109	2024	Yerry Rodríguez	2 Tms	1	0	0	16	0	21.2	7.06	5.40	2.91	.288	60.9%	34.7%	21.2%	96.5	8.72	8.82	7.87	5.98	-0.7
2110	2024	Mason Englert	DET	1	0	0	12	1	21.2	6.65	2.08	1.66	.284	59.8%	36.6%	12.9%	92.9	5.40	5.53	4.92	4.68	-0.1
2111	2025	Cionel Pérez	BAL	0	0	0	19	0	21.2	8.72	7.48	1.25	.379	59.4%	58.2%	17.6%	95.7	8.31	3.93	5.77	5.18	-0.2
2112	2025	Tyler Wells	BAL	2	1	0	4	4	21.2	7.48	0.83	1.66	.224	89.6%	33.9%	11.8%	92.5	2.91	3.61	4.15	4.17	0.3
2113	2026	Nick Frasso	COL	1	1	0	20	0	21.2	9.14	2.91	1.25	.338	63.8%	34.8%	12.5%	95.6	5.82	4.38	4.12	3.99	0.1
2114	2026	Nate Lavender	NYM	1	0	0	21	0	21.2	10.80	1.66	0.42	.229	82.2%	30.6%	4.2%	92.4	1.66	2.16	1.85	2.93	0.9
2115	2023	Matt Barnes	MIA	1	0	0	24	1	21.1	8.44	4.22	0.84	.348	69.3%	49.3%	10.5%	93.6	5.48	4.67	4.15	4.40	0.1
2116	2023	Zach Plesac	CLE	1	1	0	5	5	21.1	5.91	2.11	1.27	.410	58.2%	51.2%	12.5%	91.4	7.59	5.60	4.47	4.51	0.2
2117	2023	Cody Bolton	PIT	1	0	0	16	0	21.1	9.28	6.33	1.27	.409	74.2%	40.3%	15.0%	95.3	6.33	6.90	5.27	4.99	-0.2
2118	2025	Austin Cox	ATL	0	0	0	13	1	21.1	9.28	2.95	3.80	.328	65.6%	45.2%	33.3%	92.7	8.86	5.94	7.54	4.01	-0.6
2119	2026	Tayler Saucedo	LAA	1	1	0	28	0	21.1	10.97	2.95	0.42	.280	80.5%	38.0%	4.0%	92.6	2.53	2.72	2.68	3.84	0.5
2120	2026	Reiver Sanmartin	SFG	3	0	0	24	0	21.1	6.75	2.95	1.27	.284	68.5%	63.8%	23.1%	92.2	4.22	4.04	4.41	3.51	-0.1
2121	2026	Brenan Hanifee	DET	0	1	0	23	2	21.1	4.22	2.95	2.11	.271	80.0%	60.3%	26.3%	96.4	5.06	6.05	6.34	4.63	-0.4
2122	2026	Raymond Burgos	BOS	0	0	2	9	0	21.1	6.75	0.42	1.27	.226	50.7%	53.1%	13.0%	90.5	4.22	3.14	3.57	3.37	0.2
2123	2026	Xzavion Curry	NYM	0	1	0	9	1	21.1	6.33	3.80	2.95	.242	85.6%	24.6%	15.2%	90.6	5.48	5.01	7.37	6.36	-0.3
2124	2024	Sean Guenther	DET	3	0	0	17	0	21.0	5.14	0.86	0.00	.158	84.6%	63.2%	0.0%	90.5	0.86	2.23	2.60	3.75	0.4
2125	2025	Yimi García	TOR	1	2	3	22	0	21.0	10.71	5.14	0.86	.220	69.0%	41.2%	11.8%	96.1	3.86	4.75	3.85	3.86	0.1
2126	2025	Chris Stratton	2 Tms	0	0	0	15	0	21.0	9.43	4.29	1.71	.412	60.4%	48.6%	16.0%	91.6	7.71	5.04	4.94	4.30	-0.1
2127	2025	Luis Mey	CIN	2	0	0	23	0	21.0	9.00	7.29	1.29	.259	87.7%	50.0%	18.8%	98.1	3.43	5.33	5.56	4.88	-0.2
2128	2025	Andre Granillo	STL	1	0	1	14	0	21.0	7.71	3.00	1.29	.306	73.6%	28.1%	9.4%	94.5	4.71	3.89	4.42	4.91	0.0
2129	2026	Khristian Curtis	PIT	2	0	0	6	0	21.0	5.57	5.14	0.43	.233	63.9%	34.4%	3.0%	95.2	4.71	3.73	4.34	6.09	0.1
2130	2023	Rob Zastryzny	PIT	1	0	0	21	1	20.2	6.53	5.66	0.44	.338	61.8%	38.8%	3.7%	93.0	4.79	4.59	4.32	5.85	0.1
2131	2023	Adam Cimber	TOR	0	2	1	22	0	20.2	5.23	3.05	2.61	.288	65.2%	47.9%	28.6%	85.3	7.40	6.19	7.46	5.37	-0.6
2132	2023	Drew Carlton	SDP	2	1	0	11	0	20.2	7.84	2.61	0.87	.276	58.6%	43.9%	10.0%	92.3	4.35	4.25	3.79	4.13	0.2
2133	2023	Connor Phillips	CIN	1	1	0	5	5	20.2	11.32	5.66	2.18	.255	64.0%	33.9%	17.9%	96.4	6.97	4.53	5.92	5.01	0.1
2134	2024	Erasmo Ramírez	TBR	3	0	1	13	0	20.2	6.53	4.35	2.18	.130	68.8%	37.3%	15.6%	91.9	4.35	4.27	6.46	5.65	-0.5
2135	2024	Colten Brewer	CHC	0	0	1	16	0	20.2	9.58	3.92	0.44	.371	55.2%	44.3%	4.2%		5.66	4.22	3.12	4.24	0.3
2136	2024	Giovanny Gallegos	STL	2	1	1	21	0	20.2	9.15	4.35	2.61	.316	74.2%	47.6%	30.0%	92.5	6.53	4.73	6.36	4.05	-0.5
2137	2024	John Means	BAL	2	0	0	4	4	20.2	6.97	0.87	0.87	.237	80.2%	18.3%	5.9%	90.6	2.61	4.59	3.31	4.54	0.5
2138	2024	Domingo Germán	PIT	0	1	0	7	2	20.2	7.84	5.66	1.74	.333	61.0%	33.3%	13.3%	90.8	7.84	5.54	6.12	5.80	-0.2
2139	2024	Emmanuel Ramirez	MIA	0	1	0	15	0	20.2	9.15	3.48	1.31	.316	54.0%	40.0%	12.5%	94.1	6.97	4.94	4.62	4.49	0.0
2140	2024	Ryder Ryan	PIT	1	0	0	15	0	20.2	7.40	3.92	0.87	.306	62.9%	37.1%	6.9%	94.2	5.66	5.48	4.52	5.38	0.0
2141	2024	Richard Fitts	BOS	0	1	0	4	4	20.2	3.92	3.05	0.00	.275	76.9%	37.3%	0.0%	94.5	1.74	4.08	3.31	5.51	0.5
2142	2025	Dane Dunning	2 Tms	0	0	2	12	0	20.2	9.15	3.05	1.74	.333	59.9%	40.6%	16.7%	88.9	6.97	5.60	5.07	4.34	-0.1
2143	2025	Chris Roycroft	STL	1	3	0	20	0	20.2	6.53	5.23	0.87	.338	49.7%	47.9%	8.3%	95.6	7.84	5.75	4.83	5.36	-0.1
2144	2025	Brandon Sproat	NYM	0	2	0	4	4	20.2	7.40	3.05	0.00	.310	59.3%	48.3%	0.0%	96.5	4.79	4.10	2.80	3.84	0.6
2145	2026	Peyton Pallette	CLE	1	2	0	16	0	20.2	9.58	6.97	0.87	.278	69.3%	35.7%	10.0%	95.6	5.23	5.53	4.99	5.19	-0.1
2146	2026	Kohl Drake	ARI	0	1	0	5	5	20.2	7.40	3.05	2.18	.306	71.4%	26.2%	13.5%	91.4	6.53	7.91	6.20	5.76	-0.2
2147	2023	Max Castillo	KCR	0	1	0	7	0	20.1	4.43	3.98	0.89	.277	75.3%	40.9%	9.1%	93.5	4.43	6.01	5.32	5.83	-0.1
2148	2023	Collin Snider	KCR	0	0	1	20	1	20.1	4.87	5.75	1.33	.309	76.2%	52.9%	16.7%	95.9	4.87	5.48	6.01	5.55	-0.3
2149	2023	Gus Varland	2 Tms	1	1	0	16	0	20.1	8.85	7.08	1.33	.381	65.3%	50.8%	16.7%	95.8	6.64	6.41	5.71	5.26	-0.1
2150	2023	Darius Vines	ATL	1	0	0	5	2	20.1	6.20	3.10	1.33	.203	69.1%	40.3%	9.7%	90.0	3.98	3.95	4.98	5.58	0.1
2151	2024	Scott Blewett	MIN	1	1	0	12	0	20.1	7.97	3.54	0.89	.268	90.5%	41.4%	10.5%	93.6	1.77	3.84	4.00	4.14	0.0
2152	2024	Noah Davis	COL	0	0	0	9	0	20.1	6.64	3.10	1.33	.394	68.0%	42.5%	10.7%	93.9	5.75	4.32	4.64	4.81	0.0
2153	2024	River Ryan	LAD	1	0	0	4	4	20.1	7.97	3.98	0.44	.264	88.5%	50.0%	4.8%	96.3	1.33	3.84	3.36	4.29	0.4
2154	2025	Wikelman González	CHW	1	0	0	16	0	20.1	11.07	5.31	0.44	.245	67.8%	30.6%	4.5%	95.1	2.66	4.34	3.09	4.11	0.3
2155	2025	Sam Bachman	LAA	2	3	0	23	0	20.1	7.97	4.43	0.44	.328	57.0%	54.7%	6.3%	96.1	6.20	4.20	3.63	4.20	0.2
2156	2026	Jose Franco	CIN	1	0	0	10	0	20.1	6.64	7.08	1.33	.271	77.9%	33.9%	10.7%	95.2	4.43	5.23	5.90	6.07	-0.2
2157	2026	Mick Abel	MIN	1	2	0	4	3	20.1	10.18	4.43	0.00	.386	74.3%	38.2%	0.0%	95.8	3.98	5.29	2.76	4.32	0.6
2158	2026	Jefry Yan	NYM	2	1	0	18	1	20.1	11.51	6.64	1.33	.333	75.5%	50.9%	16.7%	97.3	4.87	4.35	4.82	4.24	-0.1
2159	2026	Tyler Samaniego	BOS	0	3	0	20	1	20.1	7.52	3.54	0.44	.339	78.4%	46.6%	5.3%	93.9	2.66	4.81	3.54	4.31	0.2
2160	2023	Anthony Bass	TOR	0	0	0	22	0	20.0	8.55	4.05	1.35	.281	67.2%	38.3%	13.0%	94.6	4.95	5.19	4.66	4.61	0.0
2161	2023	Brad Boxberger	CHC	0	1	2	22	0	20.0	7.65	4.95	1.35	.231	70.2%	43.6%	15.0%	91.4	4.95	4.83	5.31	5.01	-0.2
2162	2023	Germán Márquez	COL	2	2	0	4	4	20.0	7.65	1.35	1.80	.268	67.1%	48.3%	22.2%	95.9	4.95	4.74	4.61	3.49	0.2
2163	2023	Josh Staumont	KCR	0	0	0	21	1	20.0	10.80	5.85	0.45	.306	64.2%	47.9%	5.9%	95.9	5.40	4.45	3.76	4.51	0.2
2164	2023	Greg Weissert	NYY	0	0	0	17	0	20.0	9.90	3.60	1.35	.340	81.4%	50.9%	16.7%	94.4	4.05	4.50	4.36	3.89	0.0
2165	2023	Lane Ramsey	CHW	1	0	0	21	0	20.0	8.10	4.05	0.45	.375	64.4%	37.5%	3.7%	94.7	5.85	3.84	3.46	5.04	0.3
2166	2023	Sammy Peralta	CHW	2	0	0	16	0	20.0	8.10	4.95	0.90	.288	69.9%	39.3%	8.7%		4.05	4.07	4.41	5.01	0.1
2167	2023	Sawyer Gipson-Long	DET	1	0	0	4	4	20.0	11.70	3.60	0.90	.261	78.1%	35.4%	8.7%	93.6	2.70	2.51	3.16	3.76	0.5
2168	2023	Jackson Rutledge	WSN	1	1	0	4	4	20.0	5.40	2.70	1.80	.313	64.4%	26.5%	11.4%	95.8	6.75	5.87	5.86	6.15	0.0
2169	2026	Shaun Anderson	LAA	2	0	0	12	0	20.0	7.65	4.50	1.80	.344	55.9%	44.4%	18.2%	93.2	7.65	6.92	5.65	4.71	-0.2
2170	2026	Cody Bolton	HOU	0	1	1	8	3	20.0	9.90	6.30	1.35	.327	75.5%	35.7%	13.0%	94.9	5.40	6.44	5.10	4.89	0.0
2171	2026	Kyle Backhus	PHI	2	1	0	21	1	20.0	9.00	2.70	1.35	.349	72.9%	41.5%	14.3%		4.95	3.99	4.25	3.89	0.1
2172	2026	Luke Murphy	LAA	0	3	0	22	0	20.0	9.00	4.95	0.90	.345	53.0%	38.6%	9.5%	95.7	6.75	4.34	4.20	4.49	0.1
2173	2023	John Curtiss	NYM	0	0	0	15	0	19.2	7.32	3.66	1.37	.259	72.1%	40.4%	12.0%	94.1	4.58	3.28	4.83	4.95	0.0
2174	2023	Reed Garrett	2 Tms	1	0	0	11	0	19.2	7.32	3.20	1.37	.317	62.0%	44.4%	15.8%	96.5	6.41	4.54	4.83	4.45	0.0
2175	2023	Adam Oller	OAK	1	1	0	9	1	19.2	5.95	5.49	2.29	.343	51.4%	29.3%	13.9%	94.0	10.07	7.60	7.22	6.94	-0.5
2176	2023	Denyi Reyes	NYM	0	2	0	9	3	19.2	7.78	3.66	1.37	.361	57.0%	39.7%	13.6%	92.1	7.78	5.19	4.88	4.75	0.1
2177	2024	Michael Petersen	2 Tms	3	1	0	16	0	19.2	6.41	5.03	1.37	.295	66.0%	26.6%	9.4%	97.1	5.95	5.10	5.56	6.03	-0.2
2178	2024	Jeff Criswell	COL	1	0	0	13	0	19.2	12.36	4.12	1.83	.348	98.4%	39.6%	23.5%	95.4	2.75	5.06	4.59	3.25	0.0
2179	2025	Paul Sewald	2 Tms	1	1	2	22	0	19.2	9.15	2.75	1.83	.275	70.7%	14.5%	10.5%	90.6	4.58	3.72	4.66	5.00	0.0
2180	2025	Elvin Rodríguez	2 Tms	0	2	0	7	2	19.2	8.24	3.20	4.12	.309	65.4%	18.8%	22.5%	94.7	9.15	8.17	8.47	5.66	-0.5
2181	2025	Yaramil Hiraldo	BAL	0	0	0	18	0	19.2	9.61	4.12	1.83	.260	63.7%	37.7%	14.8%	94.8	4.58	2.61	5.02	4.49	0.0
2182	2023	Javy Guerra	2 Tms	0	0	0	17	2	19.1	6.52	10.24	0.93	.263	73.3%	37.9%	8.7%	98.0	6.05	7.23	6.88	7.50	-0.3
2183	2023	Hobie Harris	WSN	0	0	0	16	0	19.1	4.19	6.05	0.93	.288	71.4%	36.8%	6.7%	94.4	5.12	7.76	5.84	7.06	-0.1
2184	2023	DL Hall	BAL	3	0	0	18	0	19.1	10.71	2.33	0.93	.314	74.3%	49.0%	11.8%	95.7	3.26	2.87	3.00	3.11	0.4
2185	2023	Nick Mears	COL	0	1	0	16	0	19.1	9.78	6.52	0.47	.260	76.1%	35.3%	3.8%	95.9	3.72	3.12	4.08	5.63	0.2
2186	2024	José Quijada	LAA	2	2	0	22	0	19.1	11.17	7.91	0.47	.275	74.3%	20.0%	4.5%	94.0	3.26	4.98	4.30	5.35	0.0
2187	2024	José Marte	LAA	0	0	0	14	0	19.1	6.52	4.66	0.47	.241	80.5%	56.4%	6.7%	96.8	2.33	4.42	4.10	4.60	0.0
2188	2024	Ronny Henriquez	MIN	1	1	0	16	1	19.1	6.98	2.33	0.93	.310	78.5%	53.3%	12.5%	95.7	3.26	5.21	4.05	3.95	0.1
2189	2024	Troy Taylor	SEA	0	0	1	21	0	19.1	11.64	3.26	1.86	.244	85.4%	31.3%	18.2%	97.1	3.72	3.17	4.36	3.39	0.0
2190	2025	Jesus Tinoco	MIA	2	1	4	20	0	19.1	4.66	3.72	0.47	.262	55.1%	43.3%	4.5%	95.1	5.12	3.56	4.01	5.10	0.2
2191	2025	José Suarez	ATL	2	0	1	7	1	19.1	7.45	4.66	0.47	.259	84.7%	51.9%	5.9%	93.4	1.86	4.20	3.70	4.39	0.2
2192	2025	Connelly Early	BOS	1	2	0	4	4	19.1	13.50	1.86	0.00	.378	72.7%	46.7%	0.0%	94.0	2.33	2.34	0.91	2.35	1.1
2193	2026	Eli Morgan	KCR	0	1	1	16	0	19.1	7.45	4.19	2.33	.322	85.7%	31.3%	19.2%	91.4	5.12	7.28	6.51	5.18	-0.3
2194	2026	Nick Mears	KCR	2	3	0	21	0	19.1	6.98	5.12	0.93	.291	68.7%	46.4%	10.5%	95.0	5.12	6.53	4.60	4.74	0.0
2195	2026	Hunter Bigge	TBR	1	1	0	18	0	19.1	6.52	6.52	0.47	.232	41.4%	42.1%	3.7%	96.8	6.98	4.08	4.50	5.93	0.0
2196	2026	Drey Jameson	ARI	0	0	0	12	0	19.1	6.05	4.66	0.47	.295	66.4%	35.5%	4.5%	96.7	5.12	5.03	4.14	5.18	0.0
2197	2023	Luis Ortiz	PHI	0	0	1	14	0	19.0	7.58	2.37	0.47	.379	78.9%	51.7%	6.3%	95.4	3.32	3.85	3.04	3.75	0.2
2198	2024	Dominic Leone	CHW	0	2	0	23	0	19.0	8.05	6.63	1.89	.296	59.9%	49.1%	26.7%	95.1	6.63	5.95	6.32	4.78	-0.5
2199	2024	Prelander Berroa	CHW	1	0	0	17	0	19.0	12.32	6.16	0.95	.317	84.0%	41.9%	10.0%	97.7	3.32	2.23	4.01	4.23	0.1
2200	2024	Anthony Maldonado	MIA	1	1	1	16	1	19.0	5.21	3.32	0.47	.317	60.2%	33.3%	4.0%	93.4	5.68	3.61	3.80	5.10	0.2
2201	2024	Sean Burke	CHW	2	0	0	4	3	19.0	10.42	3.32	0.95	.222	92.6%	31.9%	10.5%	95.2	1.42	3.97	3.32	3.47	0.4
2202	2025	Hunter Stratton	2 Tms	1	1	1	15	0	19.0	7.58	3.32	1.42	.333	72.9%	32.3%	10.7%	96.0	5.21	6.22	5.08	5.30	-0.1
2203	2025	Luis Peralta	COL	1	3	0	22	0	19.0	7.58	8.53	2.84	.339	63.8%	30.8%	21.4%	94.7	9.47	9.08	8.71	6.88	-0.8
2204	2025	Luis Curvelo	TEX	1	1	0	17	0	19.0	9.47	4.74	1.42	.275	61.4%	27.8%	10.0%	96.3	5.68	3.70	4.66	5.04	0.0
2205	2025	Edgardo Henriquez	LAD	2	1	1	22	0	19.0	8.53	2.37	0.95	.283	88.5%	49.1%	10.0%	100.8	2.37	3.34	3.40	3.65	0.3
2206	2026	Tristan Beck	SFG	1	0	1	14	0	19.0	4.26	2.37	0.95	.288	66.1%	49.3%	7.7%	94.9	5.21	4.36	4.47	5.17	0.0
2207	2026	Carlos Vargas	SEA	3	0	0	16	0	19.0	8.05	1.89	0.95	.259	66.0%	48.2%	11.1%	95.9	4.74	4.35	3.94	4.00	0.0
2208	2026	Dedniel Núñez	NYM	2	1	1	18	0	19.0	9.47	0.00	1.89	.271	70.2%	37.3%	16.0%	96.6	3.32	3.59	3.73	2.98	0.1
2209	2026	Joe Boyle	TBR	0	1	0	4	3	19.0	9.95	4.26	0.47	.240	43.7%	41.2%	4.5%	97.8	5.21	3.98	3.00	4.06	0.6
2210	2026	Alex McFarlane	PHI	4	1	0	19	0	19.0	9.47	3.32	0.95	.260	72.9%	45.1%	10.0%	99.4	2.84	3.63	3.47	3.69	0.3
2211	2026	Andrew Sears	DET	0	1	0	6	3	19.0	7.11	3.79	1.42	.339	47.2%	29.7%	9.1%	94.0	7.11	4.43	5.47	6.04	-0.1
2212	2026	Philip Abner	2 Tms	0	0	0	13	0	19.0	4.74	5.21	2.84	.254	63.6%	40.6%	22.2%	90.4	7.11	7.68	7.89	5.93	-0.7
2213	2023	Ben Heller	ATL	0	0	0	19	0	18.2	7.71	5.30	0.96	.275	76.3%	49.1%	10.5%	95.9	3.86	4.61	5.02	5.31	-0.1
2214	2024	Alex Lange	DET	0	3	2	21	0	18.2	10.13	8.20	0.00	.320	54.3%	45.8%	0.0%	96.6	4.34	4.97	3.97	5.19	0.1
2215	2024	Cody Bolton	SEA	0	0	0	17	0	18.2	8.20	4.34	1.45	.278	70.2%	38.6%	13.6%	95.0	4.34	3.92	4.88	4.57	-0.1
2216	2025	Julian Merryweather	CHC	0	1	0	21	0	18.2	7.23	5.30	0.96	.350	67.3%	44.3%	12.5%	96.3	5.79	6.78	4.69	4.62	-0.1
2217	2025	Jonah Tong	NYM	2	3	0	5	5	18.2	10.61	4.34	1.45	.396	45.1%	37.5%	14.3%	95.1	7.71	4.96	4.31	3.96	0.2
2218	2026	Edwin Díaz	LAD	2	2	7	21	0	18.2	13.50	5.30	1.45	.451	61.5%	28.3%	13.0%	96.5	8.68	4.58	4.44	4.21	0.1
2219	2026	Tyler Ferguson	2 Tms	0	1	0	18	0	18.2	10.13	1.93	2.89	.205	80.9%	32.7%	23.1%	95.4	5.30	4.47	6.15	4.08	-0.2
2220	2026	Osvaldo Bido	2 Tms	2	0	1	11	0	18.2	5.30	4.82	1.45	.226	64.5%	30.4%	11.5%	94.6	6.27	6.32	6.26	6.28	-0.2
2221	2026	Robert Garcia	TEX	2	1	0	20	0	18.2	5.30	4.34	0.48	.240	72.8%	46.0%	5.3%	94.2	2.41	3.82	4.07	4.91	0.1
2222	2026	Coleman Crow	MIL	0	1	0	5	4	18.2	4.82	2.89	0.96	.288	59.5%	36.8%	6.5%	91.3	5.30	4.97	4.55	5.66	0.2
2223	2026	Antwone Kelly	PIT	0	0	0	8	0	18.2	6.75	3.86	1.93	.278	80.4%	49.1%	22.2%	98.7	4.82	5.13	5.83	4.50	-0.2
2224	2026	Jordan Leasure	CHW	2	1	0	18	1	18.2	8.68	3.86	2.89	.196	61.6%	23.1%	17.6%	96.0	6.27	7.60	6.64	5.21	-0.4
2225	2023	Justin Garza	BOS	0	2	0	17	1	18.1	8.35	5.89	1.47	.328	58.4%	34.4%	11.5%	94.7	7.36	8.26	5.66	5.87	-0.2
2226	2023	Dylan Coleman	KCR	0	2	0	23	1	18.1	10.31	9.33	1.47	.313	60.8%	35.3%	15.8%	95.3	8.84	5.60	7.02	6.60	-0.4
2227	2024	Garrett Whitlock	BOS	1	0	0	4	4	18.1	8.35	3.44	0.49	.265	87.4%	44.9%	6.7%		1.96	4.36	3.33	3.86	0.4
2228	2024	Blake Walston	ARI	1	0	0	7	2	18.1	8.84	4.91	1.96	.250	72.6%	34.6%	16.7%	91.4	4.42	4.98	6.17	5.31	-0.2
2229	2025	Sam Moll	CIN	1	0	0	23	0	18.1	10.80	4.91	1.96	.267	49.0%	36.2%	19.0%	92.1	6.38	3.78	5.21	4.14	-0.1
2230	2025	Jake Eder	LAA	0	1	0	8	0	18.1	7.36	4.42	1.47	.240	72.1%	28.8%	11.1%	93.2	4.91	4.22	5.26	5.41	-0.1
2231	2026	Jason Alexander	HOU	1	1	0	4	2	18.1	6.87	3.93	1.96	.298	45.1%	45.9%	18.2%	91.8	9.33	4.73	5.88	4.86	-0.1
2232	2026	Max Kranick	WSN	0	1	0	17	0	18.1	5.40	6.38	1.96	.354	62.1%	29.9%	13.3%	95.4	9.33	6.03	7.03	6.66	-0.4
2233	2026	Ray Kerr	ATL	0	0	0	9	1	18.1	5.40	0.98	0.98	.143	98.0%	41.7%	10.5%	95.0	1.47	3.28	3.97	4.12	0.2
2234	2023	Drew Rucinski	OAK	0	4	0	4	4	18.0	3.00	7.00	2.50	.319	57.1%	44.6%	18.5%	89.5	9.00	7.46	8.70	7.57	-0.6
2235	2023	Brett Kennedy	CIN	1	0	0	5	2	18.0	4.50	3.50	0.50	.286	58.0%	39.7%	3.8%	92.9	6.50	4.95	4.64	6.31	0.2
2236	2023	Zach Jackson	OAK	2	1	1	19	0	18.0	11.50	5.00	0.50	.370	78.9%	26.1%	4.3%	93.6	2.50	3.56	3.09	4.48	0.4
2237	2023	Trevor Rogers	MIA	1	2	0	4	4	18.0	9.50	3.00	1.00	.286	72.1%	52.0%	10.5%	93.4	4.00	3.98	4.09	4.39	0.3
2238	2024	Daysbel Hernández	ATL	3	0	0	16	0	18.0	13.00	5.00	0.00	.270	71.4%	36.1%	0.0%	97.5	2.50	2.42	2.11	3.45	0.5
2239	2024	Walter Pennington	2 Tms	1	0	0	16	1	18.0	8.50	5.50	0.50	.340	81.7%	45.3%	5.9%		3.00	5.15	4.17	4.87	0.0
2240	2024	Bailey Horn	BOS	1	1	0	18	0	18.0	6.50	5.00	2.50	.283	72.0%	46.9%	31.3%	94.9	6.50	6.08	7.00	4.73	-0.5
2241	2025	Corbin Martin	BAL	1	0	2	17	0	18.0	11.50	4.50	2.00	.353	65.7%	44.2%	25.0%	95.8	6.00	4.87	5.30	3.78	-0.2
2242	2025	Michael Petersen	2 Tms	0	0	0	15	0	18.0	8.50	3.50	1.50	.288	67.3%	27.8%	12.5%	97.4	4.00	6.23	4.58	4.47	0.0
2243	2025	Brooks Kriske	2 Tms	0	1	0	16	0	18.0	9.00	7.50	0.50	.352	59.5%	38.9%	5.0%	93.4	7.50	4.58	4.36	5.35	0.0
2244	2023	Domingo Tapia	SDP	0	1	1	15	0	17.2	7.13	6.11	1.02	.239	77.6%	45.8%	10.5%	97.9	3.57	3.76	5.35	5.66	-0.1
2245	2023	Tayler Scott	3 Tms	0	0	0	18	2	17.2	8.66	5.09	1.53	.364	75.5%	36.2%	10.3%	94.0	5.60	5.26	5.75	6.25	-0.1
2246	2023	Josh Taylor	KCR	1	3	0	17	1	17.2	13.25	4.58	2.04	.409	55.1%	45.8%	25.0%	93.0	8.15	4.70	4.78	3.34	0.0
2247	2023	Jonathan Loáisiga	NYY	0	2	0	17	0	17.2	3.06	0.51	1.02	.207	70.4%	53.3%	9.5%	98.0	3.06	2.68	4.56	5.05	0.0
2248	2024	Kent Emanuel	MIA	0	0	0	12	0	17.2	6.11	3.57	2.04	.286	65.6%	60.0%	23.5%		6.62	5.70	6.45	4.96	-0.4
2249	2024	Drew Smith	NYM	1	1	2	19	0	17.2	11.72	4.58	1.02	.356	82.6%	25.5%	8.0%	95.1	3.06	4.34	3.56	4.23	0.2
2250	2024	Guillo Zuñiga	LAA	0	0	2	15	0	17.2	6.11	4.08	2.55	.220	83.3%	36.4%	22.7%	97.2	5.09	4.18	7.02	5.22	-0.5
2251	2024	Brandon Hughes	ARI	0	0	0	15	2	17.2	10.70	5.09	4.08	.333	80.6%	28.6%	29.6%	92.4	8.15	9.71	8.71	5.14	-0.5
2252	2024	Joe La Sorsa	WSN	0	0	0	16	0	17.2	7.13	2.55	2.04	.260	80.5%	38.5%	20.0%	90.8	4.58	4.35	5.54	4.31	-0.1
2253	2024	Ky Bush	CHW	0	3	0	4	4	17.2	5.60	8.15	1.02	.316	76.0%	36.8%	7.7%	91.8	5.60	5.61	6.28	7.03	-0.1
2254	2025	David Robertson	PHI	2	0	2	20	0	17.2	11.21	4.08	2.04	.318	83.3%	43.8%	23.5%		4.08	4.54	4.95	3.49	-0.1
2255	2025	Scott Alexander	2 Tms	1	1	0	21	0	17.2	4.08	4.58	2.55	.310	80.8%	50.8%	25.0%		6.11	9.05	7.61	5.67	-0.6
2256	2025	Casey Lawrence	2 Tms	1	2	0	6	0	17.2	3.57	0.51	1.02	.348	51.6%	40.8%	8.0%	88.3	4.08	8.21	4.15	4.86	0.0
2257	2025	Kendall Graveman	ARI	1	0	0	19	0	17.2	4.58	6.11	1.02	.362	66.3%	42.4%	9.5%	94.1	7.13	6.97	5.80	6.16	-0.2
2258	2025	Justin Lawrence	PIT	1	0	0	17	0	17.2	11.72	4.08	0.00	.250	94.7%	47.2%	0.0%	94.9	0.51	2.95	2.23	3.54	0.5
2259	2025	Alexis Díaz	3 Tms	1	0	0	18	0	17.2	8.66	6.11	3.06	.200	63.6%	27.5%	24.0%	93.6	8.15	6.52	8.51	6.28	-0.6
2260	2025	Cooper Criswell	BOS	1	0	1	7	1	17.2	4.58	2.55	1.53	.317	75.6%	53.0%	14.3%		3.57	3.99	5.17	4.80	-0.1
2261	2025	Evan Sisk	2 Tms	1	1	0	19	0	17.2	12.74	5.09	0.51	.357	78.9%	50.0%	6.7%	90.7	3.57	2.84	3.08	3.65	0.2
2262	2025	Zak Kent	CLE	1	0	0	12	0	17.2	8.15	4.08	0.51	.320	65.0%	37.3%	4.8%		4.58	3.39	3.59	4.68	0.1
2263	2026	Blake Weiman	LAA	1	1	0	18	0	17.2	8.15	1.53	1.53	.333	81.7%	32.8%	11.5%	89.8	2.55	3.02	4.01	4.02	0.1
2264	2026	Drew Rom	2 Tms	1	1	0	18	0	17.2	8.66	3.57	0.51	.362	65.2%	27.6%	3.6%	91.6	5.60	5.17	3.10	4.76	0.2
2265	2026	Hunter Barco	PIT	0	1	0	7	0	17.2	7.13	6.62	2.04	.315	62.5%	46.6%	18.2%	94.1	7.64	6.48	7.01	5.94	-0.5
2266	2026	Mark Manfredi	COL	1	2	0	14	0	17.2	8.15	4.58	0.51	.286	79.6%	40.0%	4.8%	94.3	3.06	4.50	3.55	4.61	0.2
2267	2023	Austin Adams	ARI	0	1	0	24	0	17.1	11.42	4.15	0.52	.333	61.6%	37.0%	5.6%	93.8	5.71	3.61	3.72	4.68	0.2
2268	2023	José De León	MIN	0	1	0	12	1	17.1	8.83	2.60	1.04	.311	62.5%	42.6%	11.1%	93.7	4.67	4.45	3.83	4.05	0.2
2269	2023	Tyler Gilbert	ARI	0	2	0	11	0	17.1	9.87	2.60	1.04	.413	69.0%	42.6%	16.7%	92.6	5.19	6.53	3.43	3.07	0.2
2270	2023	Jorge Alcala	MIN	0	1	0	11	0	17.1	8.31	5.19	2.60	.209	66.7%	35.4%	21.7%	95.9	6.23	5.86	7.06	5.51	-0.4
2271	2024	Adbert Alzolay	CHC	1	4	4	18	0	17.1	6.75	3.12	3.12	.265	73.9%	41.8%	26.1%	95.1	4.67	6.66	7.38	4.88	-0.8
2272	2024	Cole Winn	TEX	0	1	0	13	0	17.1	7.27	2.08	1.04	.296	45.0%	37.5%	10.0%	95.8	7.79	5.35	4.26	4.51	0.0
2273	2024	Hunter Bigge	2 Tms	0	0	1	19	1	17.1	12.46	2.60	1.04	.357	88.5%	29.5%	11.1%	97.5	2.60	3.94	2.76	2.83	0.3
2274	2025	Luis Guerrero	BOS	0	1	0	13	0	17.1	5.19	7.27	0.00	.188	65.2%	45.8%	0.0%	96.6	4.15	6.32	4.40	5.92	0.0
2275	2026	Gerardo Carrillo	ARI	3	1	0	13	0	17.1	10.90	8.31	0.00	.326	67.7%	45.2%	0.0%	96.9	4.15	3.76	3.62	4.84	0.2
2276	2026	Jack Ralston	MIA	0	3	0	16	1	17.1	9.87	4.67	2.60	.233	77.8%	47.8%	25.0%	93.5	5.71	4.56	6.39	4.38	-0.4
2277	2026	Kade Morris	ATH	0	1	0	6	2	17.1	5.19	3.63	2.60	.391	57.6%	52.2%	26.3%	94.7	10.90	5.66	7.43	5.33	-0.4
2278	2023	Trey Wingenter	DET	1	0	0	17	0	17.0	11.65	3.71	1.06	.333	64.7%	43.2%	11.1%	96.0	5.82	3.98	3.96	4.18	0.1
2279	2023	Sam Bachman	LAA	1	2	1	11	0	17.0	7.41	5.82	0.00	.333	75.9%	58.8%	0.0%		3.18	4.76	3.73	4.70	0.2
2280	2024	Ryan Zeferjahn	LAA	0	0	0	12	0	17.0	9.53	3.18	0.00	.184	73.3%	39.5%	0.0%	97.5	2.12	1.66	2.46	4.15	0.4
2281	2024	Zack Thompson	STL	0	2	0	5	2	17.0	10.59	4.24	3.18	.375	61.0%	40.7%	27.3%	91.4	9.53	4.82	6.99	4.36	-0.3
2282	2025	Jackson Kowar	SEA	2	0	0	15	0	17.0	7.94	3.71	2.12	.227	85.4%	31.3%	14.8%	97.3	4.24	5.15	5.84	5.23	-0.2
2283	2025	Noah Murdock	ATH	1	1	0	14	0	17.0	11.12	10.59	0.00	.473	47.9%	42.6%	0.0%		13.24	5.59	4.55	6.27	0.1
2284	2025	Fraser Ellard	CHW	1	2	0	18	3	17.0	11.65	10.06	0.53	.226	71.4%	40.6%	8.3%	95.0	4.24	5.45	4.84	5.16	0.0
2285	2025	Victor Mederos	LAA	0	2	0	5	3	17.0	7.41	6.35	2.12	.292	69.3%	32.7%	16.0%		7.41	5.25	7.19	6.40	-0.3
2286	2026	Burch Smith	DET	0	2	0	13	1	17.0	10.59	3.71	1.06	.364	76.6%	53.3%	15.4%	94.1	3.18	3.43	3.51	3.14	0.1
2287	2023	Madison Bumgarner	ARI	0	3	0	4	4	16.2	5.40	8.10	2.16	.350	59.3%	37.5%	15.4%	89.6	10.26	8.79	8.06	7.51	-0.4
2288	2023	Michael Kelly	CLE	1	0	0	14	0	16.2	8.64	4.86	0.00	.283	63.6%	41.3%	0.0%	95.1	3.78	3.88	2.96	4.54	0.2
2289	2023	Francisco Pérez	OAK	1	2	0	17	1	16.2	7.56	4.32	0.00	.333	53.8%	37.3%	0.0%	92.5	5.94	4.50	3.20	5.08	0.3
2290	2023	Lyon Richardson	CIN	0	2	0	4	4	16.2	6.48	8.10	3.24	.229	67.8%	48.1%	28.6%	96.3	8.64	7.78	9.20	6.60	-0.5
2291	2024	Dallas Keuchel	MIL	0	0	0	4	4	16.2	5.94	4.32	1.62	.351	78.4%	52.5%	17.6%		5.40	5.17	5.63	4.83	-0.1
2292	2025	Chris Devenski	NYM	0	0	0	13	1	16.2	7.56	2.70	0.54	.209	83.3%	45.5%	5.9%	92.4	2.16	3.71	3.50	4.29	0.1
2293	2025	Tim Mayza	2 Tms	0	0	0	15	0	16.2	8.10	2.70	1.08	.300	80.2%	55.8%	11.8%	94.1	3.78	3.07	4.16	4.17	0.0
2294	2025	Dauri Moreta	PIT	1	1	0	18	0	16.2	10.26	3.78	1.08	.350	74.3%	26.8%	10.5%	94.3	3.24	4.54	3.68	3.87	0.1
2295	2026	Carlos Carrasco	ATL	0	0	0	8	0	16.2	3.78	1.62	1.62	.310	68.8%	41.4%	17.6%	91.4	5.94	8.90	5.50	4.70	-0.2
2296	2026	Aaron Bummer	2 Tms	1	2	0	21	0	16.2	7.02	5.94	3.78	.304	57.3%	45.2%	26.9%	90.4	10.26	6.53	9.16	6.06	-0.9
2297	2026	Matt Brash	SEA	3	0	0	20	0	16.2	8.10	3.24	0.00	.200	88.2%	41.0%	0.0%	96.7	0.54	4.22	2.92	4.01	0.3
2298	2026	Cody Laweryson	MIN	1	0	1	15	0	16.2	9.72	4.32	1.62	.255	62.5%	40.0%	16.7%	92.9	4.86	4.64	5.08	4.37	-0.1
2299	2026	Angel Chivilli	NYY	1	1	0	15	0	16.2	8.64	3.78	2.16	.222	79.3%	37.5%	16.7%	97.9	3.78	4.02	5.74	4.79	-0.2
2300	2026	Logan Allen	CLE	0	0	0	7	2	16.2	8.64	3.24	1.62	.370	63.4%	49.1%	13.6%	90.6	5.94	4.21	4.96	4.61	0.0
2301	2026	Miguel Ullola	HOU	2	0	0	11	2	16.2	8.64	2.70	1.08	.135	89.3%	25.6%	8.3%	94.8	2.16	2.48	4.00	4.61	0.1
2302	2023	Ian Kennedy	TEX	0	1	0	16	0	16.1	11.57	3.86	2.20	.293	51.5%	33.3%	17.4%	92.5	7.16	4.41	5.52	4.66	-0.1
2303	2023	Tyler Kinley	COL	0	4	5	18	0	16.1	9.37	3.31	1.65	.367	71.4%	19.6%	10.7%	96.6	6.06	4.60	4.85	5.29	0.1
2304	2024	Alex Cobb	CLE	2	1	0	3	3	16.1	5.51	1.65	0.55	.271	64.1%	61.2%	7.7%	94.6	2.76	5.01	3.29	3.70	0.3
2305	2024	Cole Sulser	2 Tms	1	0	0	10	2	16.1	8.27	4.96	0.55	.195	78.3%	41.5%	5.0%	92.4	2.76	3.25	3.78	4.83	0.1
2306	2024	Jose Cuas	2 Tms	0	0	0	13	0	16.1	9.37	5.51	2.20	.319	66.9%	33.3%	17.4%	91.9	7.71	6.76	7.02	5.97	-0.4
2307	2024	Josh Sborz	TEX	2	2	0	17	0	16.1	9.37	2.20	0.55	.319	64.5%	45.8%	6.3%	95.3	3.86	4.04	2.62	3.30	0.4
2308	2024	Shaun Anderson	2 Tms	0	2	0	6	2	16.1	5.51	0.55	1.65	.443	53.5%	34.7%	11.1%	91.4	8.27	6.58	4.70	4.81	0.0
2309	2024	Matt Sauer	KCR	0	0	0	14	0	16.1	4.96	6.06	1.65	.333	68.2%	31.7%	9.1%	95.3	7.71	5.74	6.66	7.32	-0.2
2310	2024	Yosver Zulueta	CIN	0	0	0	12	0	16.1	11.02	3.86	1.10	.333	64.4%	63.4%	20.0%	95.9	4.96	3.36	3.78	3.11	0.1
2311	2025	José Ruiz	2 Tms	1	0	0	18	0	16.1	8.27	4.96	1.65	.385	54.0%	44.4%	16.7%	95.7	8.82	4.36	5.34	4.65	-0.2
2312	2025	Nick Sandlin	TOR	0	2	1	19	0	16.1	8.82	4.41	1.10	.220	76.9%	37.2%	10.0%	91.3	2.20	4.38	4.60	4.90	0.0
2313	2025	Taylor Rashi	ARI	0	1	2	10	0	16.1	12.12	4.41	0.00	.381	66.7%	42.9%	0.0%	89.9	4.41	3.74	1.91	2.95	0.4
2314	2025	Payton Tolle	BOS	0	1	0	7	3	16.1	10.47	4.41	2.76	.310	73.7%	34.0%	27.8%	96.6	6.06	4.68	6.26	3.98	-0.2
2315	2026	Zack Kelly	BOS	0	2	0	17	0	16.1	7.71	3.86	0.55	.271	68.0%	45.8%	7.1%	96.5	3.31	5.99	3.65	4.15	0.1
2316	2026	Tom Cosgrove	WSN	1	2	1	18	0	16.1	7.71	3.31	1.65	.306	45.9%	31.4%	11.1%		7.71	4.35	5.24	5.35	-0.2
2317	2026	Zak Kent	2 Tms	0	0	0	11	0	16.1	6.61	4.41	1.65	.296	61.4%	36.8%	11.1%		5.51	5.28	5.49	5.60	-0.1
2318	2026	Ben Peoples	TEX	0	1	0	16	0	16.1	5.51	4.41	1.65	.239	95.7%	44.9%	14.3%	96.1	2.76	3.92	5.92	5.47	-0.2
2319	2026	Jayden Murray	2 Tms	0	0	0	10	0	16.1	7.71	4.96	1.65	.415	57.0%	26.8%	10.3%	95.3	9.37	5.78	5.43	5.72	-0.1
2320	2026	Carson Palmquist	WSN	0	2	0	11	6	16.1	8.27	4.41	0.55	.392	58.8%	32.7%	5.0%	91.1	7.71	4.87	4.08	5.13	0.2
2321	2023	Jeffrey Springs	TBR	2	0	0	3	3	16.0	13.50	2.25	0.56	.115	100.0%	50.0%	11.1%	92.1	0.56	1.60	1.82	1.94	0.7
2322	2023	Triston McKenzie	CLE	0	3	0	4	4	16.0	9.00	7.31	0.56	.256	67.8%	34.1%	4.3%	92.5	5.06	4.78	4.51	6.07	0.2
2323	2023	Eduard Bazardo	2 Tms	0	0	0	12	0	16.0	8.44	2.25	1.13	.283	67.9%	39.6%	11.8%	94.4	4.50	3.42	3.76	3.89	0.1
2324	2023	Kris Bubic	KCR	0	2	0	3	3	16.0	9.00	1.13	0.56	.375	72.8%	52.1%	5.9%	91.8	3.94	4.00	2.63	3.57	0.5
2325	2023	Joe Boyle	OAK	2	0	0	3	3	16.0	8.44	2.81	0.56	.179	77.6%	30.0%	4.5%	97.9	1.69	2.26	3.13	4.59	0.4
2326	2024	Mike Clevinger	CHW	0	3	0	4	4	16.0	8.44	5.06	2.25	.360	70.9%	34.0%	16.0%	93.6	6.75	6.87	6.23	5.34	-0.1
2327	2024	Tristan Beck	SFG	0	0	0	7	1	16.0	7.88	2.25	1.13	.261	98.8%	33.3%	7.7%	93.1	1.69	3.77	3.98	4.81	0.1
2328	2025	Scott McGough	2 Tms	0	0	0	13	0	16.0	9.00	3.94	2.25	.298	68.6%	33.3%	14.8%	92.3	6.75	6.24	5.89	5.24	-0.1
2329	2026	Dietrich Enns	BAL	3	0	0	13	0	16.0	7.31	6.19	0.00	.283	66.7%	31.8%	0.0%	93.9	3.94	3.79	3.54	5.71	0.1
2330	2026	Connor Brogdon	CLE	2	2	1	16	0	16.0	8.44	1.69	2.81	.217	58.3%	37.5%	20.0%	94.7	5.06	5.15	6.04	4.33	-0.3
2331	2026	Yovanny Cruz	2 Tms	0	2	1	17	0	16.0	8.44	5.06	1.13	.333	74.4%	34.1%	11.8%	99.7	5.06	5.38	4.91	4.89	-0.2
2332	2026	Hayden Juenger	2 Tms	0	1	0	15	0	16.0	3.38	4.50	0.00	.364	51.5%	28.1%	0.0%	94.7	9.00	6.09	4.04	6.59	0.2
2333	2026	Luis Morales	ATH	0	2	0	5	2	16.0	7.31	7.88	3.94	.364	49.7%	38.7%	29.2%	97.2	13.50	7.66	9.98	6.55	-0.6
2334	2023	Garrett Hill	DET	0	0	1	9	0	15.2	8.04	8.04	2.30	.319	49.3%	44.0%	18.2%	94.0	9.19	5.85	7.66	6.66	-0.5
2335	2023	Ty Adcock	SEA	0	0	0	12	0	15.2	6.32	0.00	2.30	.163	74.1%	37.0%	23.5%	96.5	3.45	5.64	5.17	3.64	-0.1
2336	2024	José Cisnero	LAA	0	0	0	15	0	15.2	9.77	4.60	2.30	.326	58.0%	41.3%	22.2%	95.6	6.89	5.98	6.23	4.65	-0.3
2337	2024	Yency Almonte	CHC	1	0	1	17	0	15.2	11.49	4.60	0.57	.222	68.2%	43.2%	7.1%	94.4	3.45	3.29	3.36	3.88	0.2
2338	2024	Brock Stewart	MIN	0	0	0	16	0	15.2	11.49	4.60	1.15	.351	69.3%	35.9%	14.3%	97.2	5.17	4.04	3.80	3.50	0.1
2339	2024	Elieser Hernández	2 Tms	0	1	0	9	1	15.2	4.60	2.87	2.87	.196	66.7%	21.6%	16.7%	91.9	6.32	6.45	7.25	6.00	-0.2
2340	2024	Alex Young	2 Tms	0	0	0	17	0	15.2	8.62	4.02	1.15	.295	88.5%	52.2%	11.8%	88.3	2.87	4.38	4.25	4.23	0.0
2341	2024	Grant Holman	OAK	1	1	0	18	0	15.2	9.19	5.17	0.57	.348	74.2%	44.7%	6.3%	94.5	4.02	3.37	3.87	4.58	0.1
2342	2025	T.J. McFarland	ATH	0	0	0	27	0	15.2	4.02	1.72	1.15	.393	66.2%	61.3%	14.3%	87.8	6.89	5.53	4.67	4.39	0.0
2343	2025	Jared Shuster	CHW	0	0	0	12	2	15.2	6.89	2.87	0.00	.429	55.9%	43.5%	0.0%	93.0	8.04	4.26	2.94	4.81	0.2
2344	2026	Brandan Bidois	PIT	0	0	0	15	0	15.2	11.49	6.89	2.87	.333	64.0%	23.9%	19.2%	96.8	6.32	5.80	7.19	5.54	-0.3
2345	2026	Wyatt Olds	BOS	2	0	0	14	0	15.2	11.49	4.60	1.15	.250	87.9%	39.5%	12.5%	96.6	1.15	3.46	4.12	4.00	0.1
2346	2023	James Naile	STL	0	0	0	10	0	15.1	4.11	5.28	0.59	.413	49.1%	54.0%	9.1%	92.9	8.80	7.36	4.95	5.29	0.0
2347	2023	Trevor Kelley	TBR	0	1	0	10	3	15.1	6.46	3.52	2.35	.261	76.1%	34.0%	16.0%	89.8	5.87	5.16	6.78	6.08	-0.3
2348	2023	Tyson Miller	3 Tms	1	0	0	10	0	15.1	5.87	3.52	1.17	.244	69.8%	19.1%	9.1%		4.70	7.18	5.02	5.69	0.0
2349	2024	Tyler Wells	BAL	0	2	0	3	3	15.1	7.63	1.76	1.76	.313	59.5%	37.3%	13.0%	93.0	5.87	7.56	4.60	4.33	0.2
2350	2025	Justin Martinez	ARI	1	2	5	17	0	15.1	12.91	7.04	0.59	.207	68.0%	55.2%	11.1%	99.9	4.11	3.21	4.05	4.11	0.1
2351	2025	Will Klein	LAD	1	1	0	14	0	15.1	12.33	5.87	0.00	.378	76.9%	48.6%	0.0%	97.8	2.35	4.38	2.74	3.55	0.3
2352	2026	Ryan Helsley	BAL	0	4	8	17	0	15.1	12.33	5.28	1.76	.286	73.0%	59.5%	27.3%	98.8	4.11	2.91	4.67	3.21	-0.1
2353	2026	Daniel Espino	CLE	0	0	0	14	3	15.1	14.67	4.11	1.76	.300	81.1%	39.4%	20.0%	98.5	4.11	2.90	3.75	2.69	0.1
2354	2026	Alimber Santa	HOU	0	1	0	10	0	15.1	5.28	3.52	0.59	.163	63.5%	50.0%	6.7%	95.6	1.17	2.97	3.95	4.58	0.0
2355	2026	Ben Joyce	LAA	0	2	5	16	0	15.1	10.57	5.28	0.59	.219	54.2%	24.2%	6.7%	100.9	4.11	3.82	3.56	4.19	0.2
2356	2026	Trevor Martin	2 Tms	0	1	0	8	0	15.1	5.28	4.11	2.35	.314	64.1%	48.1%	18.2%	95.1	4.11	5.63	7.08	5.85	-0.3
2357	2026	Brycen Mautz	STL	0	1	0	8	1	15.1	11.15	6.46	1.17	.390	74.5%	31.0%	13.3%	93.4	5.87	5.56	4.86	4.64	-0.1
2358	2026	Erik Tolman	WSN	1	1	5	15	0	15.1	9.98	5.28	0.59	.300	77.7%	50.0%	7.1%	96.8	2.93	3.60	3.49	4.02	0.2
2359	2023	Sean Newcomb	OAK	1	1	0	7	2	15.0	10.20	5.40	0.60	.219	79.5%	42.4%	7.7%	93.4	3.00	3.86	4.06	4.62	0.2
2360	2023	Taylor Hearn	3 Tms	0	0	0	13	0	15.0	9.00	4.80	2.40	.388	47.2%	30.8%	20.0%	95.8	11.40	6.17	6.32	5.06	-0.1
2361	2023	Deivi García	2 Tms	0	1	1	8	0	15.0	6.00	7.20	1.20	.167	67.7%	43.2%	10.0%	95.1	2.40	5.03	6.26	6.73	-0.2
2362	2023	Angel Felipe	OAK	1	1	0	14	0	15.0	11.40	7.80	0.00	.194	65.0%	53.3%	0.0%	95.4	4.20	2.92	3.52	4.62	0.2
2363	2023	Jonathan Heasley	KCR	0	0	0	12	0	15.0	5.40	1.20	3.00	.261	53.8%	25.5%	22.7%	95.0	7.20	8.54	6.99	5.08	-0.3
2364	2024	Julian Merryweather	CHC	1	1	0	15	0	15.0	8.40	5.40	0.00	.375	63.3%	40.4%	0.0%	96.3	6.60	5.88	3.70	5.41	0.1
2365	2024	Sammy Peralta	CHW	0	0	0	9	0	15.0	6.60	4.20	1.20	.365	75.4%	44.4%	12.5%		4.80	8.16	4.83	4.71	-0.1
2366	2025	Bryan Hudson	2 Tms	0	1	0	16	0	15.0	11.40	7.80	1.20	.333	73.5%	42.5%	13.3%	90.6	4.80	4.65	5.34	5.14	-0.1
2367	2025	Sean Hjelle	SFG	1	1	0	12	1	15.0	6.60	5.40	1.20	.373	62.5%	42.3%	13.3%		7.80	5.33	5.20	5.01	-0.1
2368	2025	Hunter Bigge	TBR	0	0	0	13	0	15.0	7.20	3.00	2.40	.184	100.0%	38.1%	22.2%	97.5	2.40	5.97	6.20	4.59	-0.2
2369	2025	Trevor McDonald	SFG	1	0	0	3	2	15.0	8.40	1.20	0.60	.279	66.2%	53.5%	10.0%		1.80	3.22	2.54	2.70	0.4
2370	2025	Blade Tidwell	NYM	1	1	0	4	2	15.0	6.00	6.00	2.40	.358	66.9%	35.7%	16.0%	95.7	9.00	5.63	7.47	6.57	-0.3
2371	2026	Luis García	2 Tms	0	1	2	15	0	15.0	3.60	3.60	1.20	.356	51.5%	38.3%	8.0%	96.3	9.00	7.19	5.43	6.22	-0.2
2372	2026	Nolan Hoffman	2 Tms	0	0	0	15	0	15.0	7.20	3.60	0.00	.370	76.9%	48.9%	0.0%	93.3	3.60	5.09	3.30	4.31	0.2
2373	2023	Anthony Kay	2 Tms	0	0	0	16	0	14.2	6.75	5.52	1.23	.262	66.0%	29.5%	11.1%	94.7	6.14	6.88	5.78	6.03	-0.1
2374	2023	Oliver Ortega	MIN	0	1	0	10	0	14.2	8.59	4.30	1.23	.231	74.1%	33.3%	9.1%	95.3	4.30	2.91	4.76	5.46	0.0
2375	2023	Nick Vespi	BAL	1	0	0	9	0	14.2	5.52	1.23	1.23	.311	74.1%	46.8%	13.3%	88.9	4.30	3.76	4.41	4.33	0.0
2376	2023	Parker Mushinski	HOU	0	0	0	14	0	14.2	9.20	2.45	3.07	.341	90.0%	50.0%	35.7%	93.1	5.52	5.30	7.28	4.42	-0.3
2377	2023	Freddy Tarnok	OAK	1	1	0	5	1	14.2	8.59	6.75	2.45	.194	85.4%	25.0%	17.4%	95.2	4.91	7.24	7.14	6.19	-0.3
2378	2024	Daulton Jefferies	2 Tms	0	2	0	6	1	14.2	7.36	2.45	2.45	.385	38.5%	39.3%	16.0%	93.3	9.82	4.28	6.10	5.13	-0.2
2379	2024	Tom Cosgrove	SDP	0	1	0	18	0	14.2	9.20	3.68	1.84	.417	48.6%	38.0%	16.7%		11.66	4.83	5.83	5.02	-0.2
2380	2024	Daniel Palencia	CHC	0	1	1	10	0	14.2	9.82	7.36	0.00	.350	59.3%	55.0%	0.0%	98.5	6.14	4.65	3.64	4.88	0.1
2381	2024	Alek Jacob	SDP	0	0	0	7	0	14.2	11.66	1.23	0.61	.242	77.6%	29.4%	6.7%	87.1	2.45	2.87	2.28	2.94	0.3
2382	2025	Nick Anderson	COL	0	0	0	12	0	14.2	6.14	1.23	1.84	.304	60.8%	35.4%	15.0%	95.1	6.14	4.45	4.84	4.28	0.0
2383	2025	Nate Pearson	CHC	0	1	0	11	0	14.2	4.30	6.14	1.23	.364	59.6%	35.1%	7.4%	97.7	9.20	6.06	6.20	7.27	-0.2
2384	2025	Easton McGee	MIL	0	0	0	9	0	14.2	7.98	3.07	0.61	.326	59.1%	50.0%	6.7%	92.9	5.52	4.28	3.27	3.96	0.1
2385	2025	Ryan Johnson	LAA	1	1	1	14	0	14.2	9.82	3.07	2.45	.426	59.8%	49.0%	21.1%	95.0	7.36	3.54	5.52	3.97	-0.2
2386	2026	Gavin Hollowell	CHC	0	0	1	15	0	14.2	7.98	5.52	1.23	.231	87.9%	17.5%	8.3%	94.6	2.45	5.65	5.15	5.84	-0.1
2387	2023	Ryan Weber	NYY	1	0	1	8	0	14.1	4.40	0.63	1.26	.306	86.4%	46.0%	12.5%		3.14	5.37	4.51	4.54	0.0
2388	2024	Abner Uribe	MIL	2	2	3	14	0	14.1	8.79	7.53	0.63	.359	62.5%	57.5%	11.1%	100.3	6.91	5.05	4.63	4.67	0.0
2389	2024	Brandon Williamson	CIN	0	0	0	4	3	14.1	7.53	3.14	2.51	.167	87.7%	32.5%	21.1%	92.8	3.77	4.75	6.59	4.96	-0.2
2390	2025	Andry Lara	WSN	0	0	0	9	0	14.1	6.28	5.02	1.26	.439	63.3%	52.6%	15.4%	94.2	8.79	6.94	5.44	5.02	-0.1
2391	2025	Jordan Wicks	CHC	0	1	1	8	0	14.1	8.16	0.63	1.26	.431	58.6%	46.2%	12.5%	94.3	6.28	3.98	3.34	3.25	0.1
2392	2025	Brandyn Garcia	2 Tms	0	2	0	14	0	14.1	8.79	5.02	0.00	.419	55.6%	50.0%	0.0%		5.65	4.17	3.07	4.03	0.2
2393	2026	Chad Dallas	TOR	2	1	0	6	0	14.1	10.67	5.02	1.26	.297	71.4%	35.9%	11.1%		5.02	3.49	4.22	4.30	0.1
2394	2026	Colton Gordon	2 Tms	0	1	0	5	1	14.1	7.53	2.51	3.77	.404	69.4%	40.4%	31.6%	91.3	8.79	6.09	7.91	4.47	-0.4
2395	2023	Zack Weiss	2 Tms	1	0	0	12	0	14.0	9.64	3.86	2.57	.156	96.2%	33.3%	26.7%	94.1	3.21	4.62	6.33	4.38	-0.2
2396	2023	Miguel Díaz	DET	1	0	0	12	3	14.0	10.29	3.21	0.00	.242	92.3%	39.4%	0.0%	95.2	0.64	2.75	2.04	3.69	0.4
2397	2023	Reiver Sanmartin	CIN	1	0	0	14	0	14.0	8.36	6.43	1.29	.333	57.9%	54.3%	18.2%	90.9	7.07	3.72	5.40	4.84	-0.1
2398	2023	Penn Murfee	SEA	1	2	0	16	0	14.0	10.29	6.43	0.64	.133	75.3%	46.7%	14.3%	88.1	1.29	3.33	4.26	4.15	0.0
2399	2024	Tyler Beede	CLE	1	0	0	13	0	14.0	11.57	5.79	1.29	.389	55.6%	43.2%	16.7%	94.2	8.36	4.83	5.02	4.46	-0.2
2400	2024	Deivi García	CHW	1	2	1	14	0	14.0	9.64	7.07	1.29	.350	45.5%	33.3%	10.5%	95.3	7.07	4.84	5.24	5.43	-0.1
2401	2025	Jon Gray	TEX	1	1	0	6	0	14.0	7.71	3.86	3.21	.250	64.3%	17.8%	17.9%	94.8	7.71	6.24	7.35	5.79	-0.4
2402	2025	Luinder Avila	KCR	1	1	0	13	0	14.0	10.29	3.86	0.00	.206	84.6%	50.0%	0.0%	96.0	1.29	2.08	2.14	3.35	0.2
2403	2025	Colin Selby	BAL	0	2	0	11	0	14.0	9.00	1.29	1.29	.333	85.5%	47.7%	14.3%	95.7	3.21	3.51	3.42	3.11	0.1
2404	2025	Trey Yesavage	TOR	1	0	0	3	3	14.0	10.29	4.50	0.00	.333	75.0%	53.8%	0.0%	94.8	3.21	4.09	2.35	3.23	0.4
2405	2026	Chris Martin	TEX	1	1	0	16	0	14.0	5.79	1.29	2.57	.420	58.0%	31.5%	21.1%	94.8	9.00	7.68	6.17	4.51	-0.2
2406	2026	Peter Strzelecki	STL	1	1	0	8	0	14.0	5.14	3.86	0.64	.273	61.2%	38.6%	4.8%	92.7	5.79	3.61	4.60	5.94	-0.1
2407	2026	Garrett Stallings	MIL	0	0	1	6	0	14.0	10.93	3.21	0.00	.138	100.0%	32.1%	0.0%	92.0	0.00	1.23	1.74	3.47	0.3
2408	2023	Lucas Luetge	ATL	1	0	0	12	0	13.2	9.22	4.61	1.32	.366	63.1%	41.9%	15.4%	87.6	7.24	5.16	4.86	4.54	-0.1
2409	2023	Jacob Barnes	STL	0	1	0	13	0	13.2	5.27	1.98	0.66	.354	53.4%	42.9%	4.8%	95.2	5.93	3.88	3.91	5.50	0.1
2410	2023	Jimmy Yacabonis	NYM	2	1	0	7	0	13.2	7.24	3.95	1.32	.286	60.4%	40.9%	11.8%		6.59	4.87	5.08	5.24	-0.1
2411	2023	Zach Pop	TOR	1	1	0	15	0	13.2	9.22	3.95	2.63	.219	52.6%	38.9%	33.3%		6.59	5.56	6.33	3.98	-0.3
2412	2023	Chad Smith	OAK	1	2	0	10	0	13.2	5.93	4.61	1.32	.325	66.0%	54.8%	15.4%		6.59	5.47	5.82	5.49	-0.2
2413	2023	Yerry Rodríguez	TEX	0	1	0	13	1	13.2	9.88	3.95	0.66	.432	56.9%	28.9%	5.3%	97.2	7.90	4.06	3.33	4.68	0.2
2414	2023	Brandon Hughes	CHC	0	3	0	17	0	13.2	11.20	5.27	1.32	.343	59.4%	31.4%	15.4%	93.6	7.24	5.38	4.65	4.32	0.0
2415	2024	Joely Rodríguez	BOS	0	1	0	14	0	13.2	7.90	1.32	1.98	.348	50.6%	59.2%	33.3%		5.93	4.76	4.92	3.06	-0.1
2416	2024	Miguel Castro	ARI	0	0	0	11	0	13.2	5.27	1.98	1.98	.347	75.8%	47.1%	18.8%		5.93	6.18	5.73	4.64	-0.2
2417	2024	Jordan Romano	TOR	1	2	8	15	0	13.2	8.56	2.63	2.63	.300	71.4%	27.9%	22.2%	96.6	6.59	7.23	6.17	4.35	-0.3
2418	2024	Max Lazar	PHI	0	0	0	11	0	13.2	5.93	1.32	1.32	.268	65.6%	42.9%	16.7%	93.6	4.61	4.63	4.19	3.62	0.1
2419	2024	Darius Vines	ATL	0	1	0	4	2	13.2	5.93	2.63	2.63	.354	58.8%	40.4%	17.4%	90.9	8.56	6.44	6.75	5.49	-0.1
2420	2025	Liam Hendriks	BOS	0	2	0	14	0	13.2	7.90	4.61	1.32	.270	52.3%	28.2%	11.1%	95.1	6.59	6.12	5.04	5.17	0.0
2421	2025	Justin Bruihl	TOR	0	0	0	15	0	13.2	11.85	4.61	1.32	.459	70.2%	46.2%	20.0%		5.27	3.67	4.16	3.39	0.0
2422	2025	Sam Aldegheri	LAA	0	2	0	4	2	13.2	7.90	6.59	1.98	.386	67.1%	40.4%	15.0%	91.7	7.90	7.26	7.31	6.71	-0.3
2423	2026	Anthony Gose	KCR	1	1	0	14	0	13.2	4.61	1.32	0.66	.244	86.2%	26.8%	4.8%	95.8	0.66	3.58	3.47	4.84	0.2
2424	2026	Michael Fulmer	2 Tms	0	1	0	15	0	13.2	11.85	5.27	1.32	.281	75.6%	38.2%	14.3%	93.0	3.29	3.76	4.34	3.99	0.0
2425	2026	Cole Henry	WSN	0	2	0	11	0	13.2	9.88	4.61	2.63	.317	60.7%	27.3%	16.0%	94.0	7.90	6.21	6.91	5.86	-0.3
2426	2026	Brett Kerry	LAA	0	0	0	3	0	13.2	7.90	1.32	0.66	.256	60.3%	47.5%	7.1%	91.7	3.95	3.03	2.73	3.33	0.3
2427	2026	Cade Winquest	STL	1	0	0	11	0	13.2	10.54	5.27	0.66	.258	60.2%	53.1%	10.0%	95.9	3.95	2.42	3.69	3.84	0.0
2428	2023	Bruce Zimmermann	BAL	2	0	0	7	0	13.1	9.45	0.00	2.03	.333	74.3%	47.7%	21.4%	90.0	4.73	3.71	4.53	3.34	0.0
2429	2023	Peter Solomon	ARI	0	0	0	5	0	13.1	4.05	7.43	1.35	.319	42.0%	38.8%	11.1%	93.3	12.15	8.74	7.01	7.29	-0.2
2430	2024	Nick Ramirez	LAD	0	0	0	8	0	13.1	3.38	4.73	0.00	.353	56.0%	51.0%	0.0%	90.4	6.08	7.85	3.99	5.58	0.1
2431	2024	Matt Barnes	WSN	0	0	0	14	0	13.1	6.75	2.70	0.68	.333	48.4%	42.2%	5.6%	91.8	6.75	5.76	3.54	4.61	0.1
2432	2024	Nick Robertson	2 Tms	0	0	0	9	0	13.1	9.45	1.35	2.03	.333	85.9%	33.3%	16.7%	94.5	4.05	4.61	4.44	3.56	0.0
2433	2024	Anthony Veneziano	2 Tms	1	0	0	12	0	13.1	9.45	2.03	0.68	.385	69.9%	32.5%	5.9%	95.0	3.38	4.12	2.94	3.89	0.2
2434	2025	Tayler Saucedo	SEA	0	0	0	10	0	13.1	8.10	4.05	1.35	.378	60.3%	57.4%	16.7%	91.2	7.43	5.77	4.86	4.30	-0.1
2435	2025	Juan Burgos	2 Tms	1	1	0	13	0	13.1	9.45	5.40	1.35	.375	69.0%	40.5%	13.3%		6.08	5.74	5.01	4.79	-0.3
2436	2025	Carson Spiers	CIN	0	2	0	3	2	13.1	7.43	4.73	2.03	.263	71.4%	30.0%	15.0%	92.5	6.08	7.41	6.21	5.60	0.0
2437	2026	Justin Martinez	ARI	3	1	0	15	0	13.1	12.15	6.75	0.00	.192	68.8%	53.8%	0.0%	101.6	2.03	2.18	2.88	4.23	0.2
2438	2026	Zach McCambley	CIN	0	0	0	11	0	13.1	9.45	4.05	0.68	.324	76.5%	47.4%	7.7%	93.8	4.05	5.94	3.78	4.27	0.1
2439	2023	Nabil Crismatt	2 Tms	0	2	0	8	0	13.0	8.31	4.85	2.08	.381	61.4%	50.0%	23.1%	89.1	8.31	4.31	6.26	4.91	-0.3
2440	2023	Joel Kuhnel	2 Tms	0	0	0	9	0	13.0	2.08	3.46	1.38	.298	72.9%	57.1%	16.7%	94.3	5.54	6.77	6.18	5.70	-0.1
2441	2023	Carson Spiers	CIN	0	1	1	4	2	13.0	8.31	4.85	0.69	.386	55.1%	26.7%	4.5%	93.4	6.92	4.30	4.02	5.82	0.2
2442	2024	Ryan Miller	LAA	0	1	0	13	0	13.0	7.62	5.54	1.38	.297	76.9%	42.1%	13.3%	93.7	4.15	4.21	5.32	5.06	-0.1
2443	2024	Michael Mercado	PHI	1	2	0	5	2	13.0	6.92	6.23	6.23	.200	74.6%	29.5%	32.1%	95.6	11.08	10.38	12.94	7.19	-0.7
2444	2024	Sam Aldegheri	LAA	1	2	0	3	3	13.0	6.92	6.92	1.38	.302	62.0%	22.2%	7.7%	92.3	4.85	4.53	6.40	7.42	-0.1
2445	2025	Kevin Herget	2 Tms	0	0	0	7	0	13.0	4.15	3.46	0.00	.267	70.6%	31.1%	0.0%	92.1	2.77	4.39	3.37	5.98	0.1
2446	2025	Daniel Robert	PHI	0	0	0	15	0	13.0	10.38	6.92	1.38	.281	76.9%	26.5%	13.3%	96.0	4.15	4.26	5.14	4.91	0.0
2447	2025	Dylan Smith	DET	1	0	0	7	0	13.0	2.77	3.46	0.00	.167	85.7%	52.8%	0.0%	94.9	1.38	3.93	4.37	5.55	0.0
2448	2025	Didier Fuentes	ATL	0	3	0	4	4	13.0	8.31	4.15	4.15	.395	48.7%	26.5%	27.3%	95.8	13.85	7.73	9.14	5.74	-0.5
2449	2026	Charlie Barnes	2 Tms	0	1	0	5	0	13.0	4.15	4.85	2.08	.304	67.3%	46.9%	23.1%	89.5	6.92	7.48	7.02	5.53	-0.2
2450	2026	Bailey Falter	2 Tms	0	2	0	7	2	13.0	5.54	4.15	2.77	.431	64.4%	35.2%	25.0%	92.4	10.38	6.72	7.25	5.11	-0.3
2451	2026	Lazaro Estrada	TOR	1	1	1	8	0	13.0	6.23	6.92	1.38	.171	61.7%	40.0%	13.3%	92.9	5.54	4.77	6.25	6.00	-0.3
2452	2026	Zach Maxwell	CIN	0	1	1	12	0	13.0	8.31	6.92	2.08	.357	67.2%	26.7%	12.5%	98.8	8.31	5.90	6.56	6.35	-0.2
2453	2023	Jeurys Familia	OAK	0	1	2	14	0	12.2	6.39	9.24	1.42	.282	62.0%	52.5%	15.4%	94.8	6.39	5.90	7.20	6.85	-0.4
2454	2023	Daniel Norris	CLE	0	0	0	7	0	12.2	7.82	8.53	2.13	.194	63.8%	39.5%	15.8%	88.7	5.68	7.89	7.68	7.08	-0.3
2455	2023	Mitch White	TOR	0	1	0	10	0	12.2	9.24	4.97	1.42	.342	57.3%	20.5%	8.3%	93.8	7.11	4.71	4.91	5.99	0.0
2456	2023	Steven Cruz	KCR	0	0	0	10	4	12.2	10.66	7.82	0.71	.294	74.1%	34.3%	5.6%	98.0	4.97	4.54	4.76	6.08	0.1
2457	2023	Casey Legumina	CIN	1	0	0	11	0	12.2	7.82	6.39	2.13	.342	67.3%	51.2%	23.1%	94.7	5.68	4.70	6.73	5.35	-0.2
2458	2023	Garrett Crochet	CHW	0	2	0	13	0	12.2	8.53	9.24	0.71	.297	81.3%	32.4%	5.3%	96.5	3.55	6.63	5.70	7.16	-0.1
2459	2024	Tyler Mahle	TEX	0	1	0	3	3	12.2	7.11	2.84	0.71	.325	68.2%	43.9%	6.7%	91.6	4.97	3.99	3.80	4.56	0.2
2460	2024	Erik Sabrowski	CLE	0	0	1	8	0	12.2	13.50	2.84	0.00	.250	100.0%	20.8%	0.0%	92.7	0.00	1.57	1.11	2.67	0.4
2461	2025	Roansy Contreras	2 Tms	0	0	0	5	0	12.2	4.26	1.42	2.13	.231	64.8%	35.7%	13.6%	95.0	5.68	3.47	5.98	5.58	-0.1
2462	2025	Eduarniel Núñez	2 Tms	1	0	0	10	0	12.2	7.82	7.82	1.42	.333	70.2%	20.0%	12.5%	98.0	7.11	5.52	6.77	6.66	-0.2
2463	2025	Penn Murfee	CHW	0	1	0	15	0	12.2	9.24	3.55	2.13	.390	67.3%	34.1%	15.0%	88.7	7.82	6.33	5.58	4.94	-0.1
2464	2025	Seth Johnson	PHI	1	1	0	10	0	12.2	12.08	2.84	2.13	.267	64.8%	51.5%	25.0%	97.0	4.26	2.23	4.48	2.86	0.0
2465	2026	Angel Zerpa	MIL	0	2	2	12	0	12.2	5.68	4.26	1.42	.359	57.3%	57.5%	22.2%	95.6	6.39	7.56	5.31	4.33	-0.2
2466	2026	Jack Weisenburger	NYM	0	0	0	7	0	12.2	9.95	2.84	0.00	.313	78.6%	45.2%	0.0%	95.0	2.13	2.50	1.84	3.39	0.2
2467	2026	Logan VanWey	HOU	1	0	0	10	0	12.2	6.39	0.71	0.71	.286	84.9%	37.1%	5.9%	93.3	1.42	2.69	2.94	3.94	0.2
2468	2026	Yunior Tur	ATH	0	0	0	8	0	12.2	9.95	7.82	4.26	.413	35.0%	30.8%	23.1%	94.9	16.34	9.26	9.89	6.83	-0.3
2469	2026	Brendan Beck	NYY	0	2	0	4	2	12.2	9.24	5.68	4.26	.226	55.6%	24.3%	30.0%	92.6	9.95	7.39	9.10	5.33	-0.5
2470	2023	Spencer Patton	OAK	0	0	0	12	0	12.1	5.11	4.38	2.19	.256	81.1%	23.8%	12.5%	91.4	5.11	7.02	6.74	6.80	-0.3
2471	2023	Kolby Allard	ATL	0	1	0	4	3	12.1	9.49	2.92	1.46	.378	64.0%	30.8%	11.8%	90.5	6.57	5.44	4.23	4.40	0.2
2472	2023	Eduardo Salazar	CIN	1	0	0	8	0	12.1	3.65	3.65	0.00	.340	56.0%	51.1%	0.0%	93.6	8.03	6.16	4.63	6.51	0.0
2473	2023	Jacob Lopez	TBR	1	0	1	4	1	12.1	5.84	1.46	0.00	.333	61.1%	35.7%	0.0%	90.9	4.38	5.72	2.93	4.54	0.2
2474	2023	Davis Daniel	LAA	1	1	0	3	0	12.1	6.57	6.57	0.73	.182	89.0%	47.1%	6.7%	93.3	2.19	3.77	5.04	6.00	0.0
2475	2024	Antonio Senzatela	COL	0	1	0	3	3	12.1	5.11	5.84	2.19	.333	69.1%	43.6%	20.0%	94.8	6.57	8.98	7.14	5.82	-0.1
2476	2024	Jimmy Herget	ATL	0	1	0	8	0	12.1	10.95	2.19	1.46	.344	75.8%	26.5%	10.5%	92.3	4.38	3.00	3.57	3.79	0.1
2477	2024	Nick Vespi	BAL	0	0	0	11	0	12.1	6.57	2.19	0.73	.250	77.6%	45.9%	8.3%	89.4	2.92	3.82	3.49	3.91	0.1
2478	2024	Josh Walker	NYM	0	0	0	10	0	12.1	8.03	4.38	0.73	.324	68.2%	47.4%	7.1%	94.4	5.11	4.10	3.90	4.56	0.0
2479	2024	Luis Peralta	COL	0	0	0	15	0	12.1	10.22	3.65	0.00	.250	92.9%	33.3%	0.0%	95.1	0.73	3.09	2.60	4.07	0.3
2480	2024	Carlos Rodriguez	MIL	0	3	0	3	3	12.1	6.57	2.19	2.19	.381	61.8%	27.3%	16.7%	93.2	7.30	6.30	5.60	4.64	0.0
2481	2024	Seth Halvorsen	COL	2	1	2	12	0	12.1	9.49	1.46	1.46	.214	97.6%	46.7%	14.3%	100.1	1.46	2.69	3.90	3.50	0.2
2482	2025	Kyle Gibson	BAL	0	3	0	4	4	12.1	7.30	5.11	5.11	.449	49.6%	46.4%	35.0%	91.6	16.78	9.24	10.59	5.72	-0.6
2483	2025	Lucas Sims	WSN	1	0	0	18	0	12.1	9.49	10.22	1.46	.333	49.7%	40.5%	15.4%	95.1	13.86	7.57	8.24	7.76	-0.4
2484	2026	Danny Young	ATL	0	1	0	16	1	12.1	10.95	9.49	2.19	.387	74.6%	43.8%	23.1%	93.9	8.03	6.93	7.72	6.15	-0.5
2485	2026	Jack Anderson	2 Tms	1	0	1	7	0	12.1	8.76	2.19	0.73	.281	86.2%	34.4%	7.7%	91.2	2.19	3.79	2.94	3.48	0.2
2486	2026	William Kempner	MIA	1	0	0	9	0	12.1	10.22	2.92	0.73	.241	79.4%	30.0%	7.7%	95.6	2.92	3.95	3.34	3.88	0.1
2487	2026	Cooper Hjerpe	STL	1	0	0	4	0	12.1	10.95	6.57	0.00	.241	66.7%	44.4%	0.0%	90.6	4.38	3.83	3.34	4.57	0.1
2488	2023	Jackson Stephens	ATL	0	0	0	5	0	12.0	8.25	3.75	0.75	.343	84.3%	41.2%	10.0%	93.5	3.00	3.48	3.76	4.05	0.1
2489	2023	Chad Green	TOR	3	0	0	12	0	12.0	12.00	3.00	0.75	.355	41.1%	28.1%	8.3%	95.6	5.25	3.06	2.67	3.24	0.3
2490	2023	Garrett Cleavinger	TBR	1	0	0	15	0	12.0	10.50	4.50	1.50	.160	78.4%	40.7%	16.7%	95.5	3.00	3.91	4.84	4.33	-0.1
2491	2023	Hunter Stratton	PIT	0	0	0	8	0	12.0	7.50	2.25	1.50	.226	98.0%	51.5%	20.0%	95.8	2.25	4.45	4.76	3.97	0.0
2492	2023	Kody Funderburk	MIN	2	0	0	11	0	12.0	14.25	3.75	0.75	.238	100.0%	54.5%	14.3%		0.75	2.43	2.67	2.55	0.3
2493	2023	Emerson Hancock	SEA	0	0	0	3	3	12.0	4.50	2.25	0.75	.308	68.5%	47.5%	6.7%	92.7	4.50	3.39	4.09	5.07	0.1
2494	2024	Ben Heller	PIT	0	1	0	8	0	12.0	11.25	4.50	0.75	.474	50.7%	43.6%	7.7%	96.2	11.25	5.36	4.75	5.30	-0.1
2495	2024	Vinny Nittoli	2 Tms	0	1	0	9	0	12.0	6.00	1.50	0.75	.257	94.3%	33.3%	5.6%		1.50	3.41	3.42	4.60	0.1
2496	2024	Shane Bieber	CLE	2	0	0	2	2	12.0	15.00	0.75	0.00	.417	100.0%	50.0%	0.0%	92.5	0.00	2.79	0.08	0.59	0.8
2497	2024	Zach Plesac	LAA	1	1	0	3	3	12.0	3.75	5.25	3.00	.211	59.7%	19.5%	15.4%	90.4	8.25	8.08	8.42	7.36	-0.3
2498	2024	John McMillon	MIA	2	1	0	10	0	12.0	9.75	3.75	0.75	.214	75.5%	46.4%	8.3%	95.3	1.50	2.13	3.33	3.76	0.1
2499	2025	Craig Kimbrel	2 Tms	0	1	0	14	0	12.0	12.75	5.25	1.50	.348	91.5%	28.0%	15.4%	93.4	2.25	4.10	4.22	3.72	0.0
2500	2025	Wade Miley	CIN	1	0	0	3	2	12.0	5.25	4.50	2.25	.316	73.0%	37.5%	20.0%	92.0	6.75	7.72	6.97	5.65	-0.1
2501	2025	Forrest Whitley	2 Tms	0	0	0	10	0	12.0	9.00	6.00	2.25	.381	33.6%	28.9%	14.3%	96.1	13.50	7.75	6.64	6.08	-0.2
2502	2025	Tyler Zuber	2 Tms	0	1	0	10	0	12.0	10.50	4.50	2.25	.389	42.6%	28.2%	18.8%	94.5	11.25	6.64	5.55	4.36	-0.2
2503	2025	Luis Contreras	HOU	0	0	0	9	0	12.0	9.75	6.00	1.50	.290	61.7%	24.2%	10.5%	91.1	6.75	3.51	5.14	5.41	-0.1
2504	2025	Ryan Loutos	2 Tms	1	0	0	12	0	12.0	6.00	6.00	3.00	.348	36.9%	43.8%	25.0%	95.4	12.75	7.55	8.64	6.36	-0.4
2505	2025	Andrew Hoffmann	2 Tms	1	1	0	11	0	12.0	9.00	7.50	1.50	.324	56.6%	33.3%	10.0%	94.6	6.00	6.11	5.80	6.20	-0.2
2506	2026	Elieser Hernández	ATL	2	0	1	5	0	12.0	9.75	4.50	2.25	.233	100.0%	33.3%	17.6%	92.1	2.25	2.77	5.93	4.82	-0.1
2507	2026	Keegan Thompson	COL	0	0	0	5	0	12.0	8.25	1.50	0.75	.419	51.0%	30.2%	5.3%	92.3	8.25	7.64	2.85	4.16	0.2
2508	2026	Cole Sands	MIN	1	1	1	13	0	12.0	8.25	3.75	2.25	.333	59.5%	39.5%	18.8%	93.8	8.25	5.82	6.02	4.78	-0.3
2509	2026	Owen Murphy	ATL	0	1	0	5	1	12.0	6.75	2.25	3.00	.333	71.4%	20.9%	18.2%	92.8	6.00	7.49	6.93	5.37	-0.3
2510	2023	Andrew Kittredge	TBR	2	0	1	14	0	11.2	7.71	1.54	0.77	.306	80.9%	37.8%	7.7%		3.09	3.87	3.43	4.15	0.1
2511	2023	Kirby Snead	OAK	1	2	0	15	0	11.2	6.94	4.63	0.77	.325	69.9%	46.3%	9.1%		4.63	6.65	4.37	4.81	0.0
2512	2023	Rico Garcia	2 Tms	0	0	0	10	0	11.2	7.71	4.63	3.86	.359	72.2%	27.3%	25.0%	95.3	9.26	8.63	8.66	5.92	-0.4
2513	2024	Peter Strzelecki	CLE	0	0	0	10	0	11.2	6.94	2.31	0.77	.303	88.2%	41.2%	10.0%	92.3	2.31	4.80	3.77	3.95	0.1
2514	2024	Nick Avila	SFG	1	0	0	8	0	11.2	10.80	2.31	1.54	.417	46.5%	24.3%	12.5%	95.0	8.49	7.66	3.77	3.61	0.0
2515	2024	Easton Lucas	3 Tms	1	0	0	8	0	11.2	7.71	6.94	0.77	.400	46.9%	39.0%	5.6%	94.3	10.80	5.07	5.14	6.36	-0.1
2516	2024	Kumar Rocker	TEX	0	2	0	3	3	11.2	10.80	4.63	0.77	.333	73.9%	51.5%	10.0%	96.3	3.86	3.24	3.68	3.86	0.2
2517	2024	Jake Bloss	HOU	0	1	0	3	3	11.2	8.49	2.31	3.86	.306	83.3%	25.0%	23.8%	93.6	6.94	5.41	7.62	4.77	-0.3
2518	2025	Albert Suárez	BAL	2	0	0	5	1	11.2	7.71	1.54	0.00	.290	66.7%	41.9%	0.0%	93.6	2.31	2.67	2.19	4.17	0.3
2519	2025	Richard Lovelady	2 Tms	0	1	0	10	0	11.2	9.26	4.63	2.31	.281	56.2%	51.4%	30.0%	91.5	8.49	5.80	6.99	4.97	-0.3
2520	2025	Josh Winckowski	BOS	0	1	0	6	0	11.2	6.94	3.86	0.00	.297	58.8%	54.1%	0.0%	95.3	3.86	6.37	3.14	4.46	0.1
2521	2025	Brady Basso	ATH	1	1	0	11	1	11.2	6.17	6.94	0.00	.308	81.0%	59.0%	0.0%	92.8	2.31	4.14	4.08	5.40	0.1
2522	2025	Jayden Murray	HOU	0	0	0	9	1	11.2	6.17	2.31	0.00	.278	84.6%	36.1%	0.0%	96.1	1.54	3.76	2.54	4.52	0.3
2523	2025	Dugan Darnell	COL	1	0	0	9	0	11.2	3.86	5.40	0.77	.257	76.9%	42.9%	7.7%	93.9	3.86	4.80	5.19	5.80	-0.1
2524	2026	Joe Ross	2 Tms	0	1	0	8	0	11.2	5.40	4.63	2.31	.317	50.6%	43.2%	16.7%	95.4	9.26	6.93	6.79	5.77	-0.2
2525	2026	Landon Knack	LAD	1	0	1	4	0	11.2	6.17	1.54	3.09	.229	100.0%	28.2%	18.2%	93.5	3.86	4.09	6.96	5.35	-0.2
2526	2026	CJ Van Eyk	TOR	0	2	0	5	1	11.2	2.31	1.54	1.54	.283	67.9%	43.8%	10.0%	93.6	5.40	7.09	5.84	6.20	-0.1
2527	2026	Jedixson Paez	2 Tms	1	1	0	5	1	11.2	6.17	3.86	3.09	.325	48.8%	43.2%	21.1%	92.0	10.80	8.20	7.47	5.47	0.0
2528	2026	Andrew Hoffmann	ARI	1	0	0	8	0	11.2	9.26	6.17	2.31	.371	62.5%	31.4%	20.0%	94.6	7.71	4.84	6.70	5.30	-0.2
2529	2023	Chase De Jong	PIT	0	0	0	6	0	11.1	5.56	4.76	4.76	.308	51.1%	24.4%	22.2%	92.3	13.50	8.06	11.02	8.08	-0.5
2530	2023	J.C. Mejía	MIL	1	0	0	9	0	11.1	10.32	2.38	1.59	.419	74.1%	45.5%	28.6%	95.2	5.56	6.90	4.31	3.04	0.0
2531	2024	Johnny Cueto	LAA	0	2	0	2	2	11.1	4.76	2.38	3.18	.270	70.2%	41.5%	22.2%	91.3	7.15	10.84	7.49	5.30	-0.2
2532	2024	Kevin Herget	MIL	0	0	1	7	0	11.1	7.15	2.38	0.79	.167	92.1%	40.0%	7.7%	92.8	1.59	5.28	3.52	4.11	0.1
2533	2024	Logan Gillaspie	SDP	0	0	0	9	0	11.1	5.56	0.00	1.59	.333	53.0%	29.3%	11.1%	95.0	7.15	4.96	4.49	4.60	0.0
2534	2024	Yoendrys Gómez	NYY	0	0	0	5	0	11.1	7.94	5.56	1.59	.265	86.4%	33.3%	9.5%	92.2	3.97	4.74	5.81	6.32	-0.1
2535	2024	Brett de Geus	3 Tms	0	2	0	13	0	11.1	5.56	3.18	0.00	.368	52.4%	54.1%	0.0%	98.1	7.15	4.80	3.78	4.58	0.0
2536	2025	Shaun Anderson	LAA	1	0	0	7	0	11.1	8.74	2.38	4.76	.389	68.5%	31.7%	31.6%	92.2	10.32	6.18	8.87	4.57	-0.5
2537	2025	Bailey Horn	DET	0	1	0	10	0	11.1	7.94	5.56	0.79	.313	96.4%	39.4%	12.5%	95.6	1.59	5.79	4.37	4.31	0.0
2538	2026	Joel Peguero	SFG	0	0	0	11	0	11.1	3.97	3.18	0.00	.270	68.8%	54.1%	0.0%	100.2	2.38	2.70	3.81	5.54	0.0
2539	2026	Easton McGee	2 Tms	0	0	0	9	0	11.1	7.15	3.97	2.38	.400	73.0%	34.2%	18.8%	92.3	7.15	5.69	6.28	4.97	-0.2
2540	2026	Bradley Blalock	MIA	0	0	0	4	0	11.1	9.53	3.18	3.18	.250	85.1%	50.0%	28.6%	95.9	5.56	4.99	6.63	3.91	-0.2
2541	2023	Joely Rodríguez	BOS	0	0	0	11	0	11.0	11.45	4.91	1.64	.379	61.7%	45.2%	28.6%	91.2	6.55	5.58	4.71	3.40	0.0
2542	2023	Anthony Misiewicz	3 Tms	2	0	0	11	0	11.0	6.55	4.91	1.64	.385	59.4%	29.3%	11.8%	93.1	7.36	8.21	5.80	5.99	-0.1
2543	2023	Connor Overton	CIN	0	1	0	3	3	11.0	7.36	5.73	2.45	.444	55.0%	38.5%	18.8%	91.7	11.45	6.48	7.07	5.93	-0.1
2544	2023	Zach Logue	DET	0	0	0	3	0	11.0	8.18	1.64	2.45	.294	55.6%	45.9%	25.0%	91.0	7.36	3.63	5.53	3.79	-0.1
2545	2023	Juan Then	SEA	0	0	0	9	0	11.0	4.09	1.64	2.45	.289	84.7%	63.4%	33.3%	94.5	4.91	5.06	6.44	4.24	-0.2
2546	2023	Declan Cronin	CHW	0	1	0	9	0	11.0	6.55	5.73	2.45	.258	50.6%	55.9%	33.3%		9.00	6.97	7.80	5.61	-0.3
2547	2024	Ryan Borucki	PIT	0	0	0	14	0	11.0	10.64	3.27	1.64	.387	55.6%	50.0%	25.0%		7.36	7.14	4.53	3.27	0.0
2548	2024	J.P. Feyereisen	LAD	0	1	1	10	0	11.0	7.36	4.09	2.45	.267	54.7%	33.3%	18.8%	91.9	8.18	8.33	6.71	5.37	-0.2
2549	2024	Josh Rogers	COL	2	0	0	6	0	11.0	2.45	2.45	0.82	.341	64.5%	31.0%	5.3%	89.7	6.55	7.34	5.17	6.60	-0.1
2550	2024	Parker Mushinski	HOU	0	0	0	10	0	11.0	2.45	4.09	0.82	.250	44.9%	37.5%	7.1%	92.4	6.55	6.09	5.44	6.18	-0.1
2551	2024	Sean Reynolds	SDP	0	0	0	9	0	11.0	17.18	4.09	0.00	.455	93.8%	38.1%	0.0%	96.9	0.82	1.90	0.98	2.36	0.2
2552	2024	Kai-Wei Teng	SFG	0	0	0	4	0	11.0	5.73	6.55	1.64	.351	56.6%	43.6%	13.3%	94.3	9.82	6.88	6.71	6.41	-0.2
2553	2025	Erasmo Ramírez	MIN	0	1	1	9	0	11.0	4.09	1.64	1.64	.242	87.0%	34.3%	13.3%	91.1	2.45	4.53	5.14	4.87	-0.1
2554	2025	Michael Kopech	LAD	0	0	0	14	0	11.0	9.82	10.64	0.00	.214	84.2%	28.6%	0.0%	97.4	2.45	4.58	4.50	5.76	0.0
2555	2025	A.J. Minter	NYM	0	0	0	13	0	11.0	11.45	4.09	0.00	.240	81.8%	48.0%	0.0%	94.8	1.64	3.19	1.95	3.21	0.3
2556	2025	Alan Rangel	PHI	0	0	1	5	0	11.0	6.55	4.91	0.82	.290	89.0%	28.1%	5.9%	92.7	2.45	5.76	4.50	5.70	0.0
2557	2025	Sauryn Lao	2 Tms	1	0	0	8	0	11.0	7.36	1.64	1.64	.343	70.4%	47.2%	15.4%	93.0	4.91	5.15	4.68	4.14	0.0
2558	2025	Roddery Muñoz	STL	0	0	0	9	0	11.0	11.45	7.36	3.27	.208	64.5%	22.2%	33.3%	96.1	8.18	8.06	7.77	4.73	-0.3
2559	2025	Noah Davis	2 Tms	0	2	0	9	0	11.0	12.27	4.91	5.73	.500	43.7%	37.8%	58.3%	94.6	18.00	12.61	12.23	5.64	-0.8
2560	2025	Joey Estes	ATH	0	2	0	3	2	11.0	4.91	4.91	3.27	.316	63.2%	23.8%	16.0%	91.5	9.82	5.71	8.68	7.46	-0.3
2561	2025	Chase Silseth	LAA	0	0	0	10	0	11.0	10.64	4.91	0.82	.321	96.2%	53.6%	11.1%	95.5	1.64	4.05	3.86	3.94	0.1
2562	2026	Eddy Yean	WSN	0	1	0	8	1	11.0	5.73	1.64	0.82	.206	83.3%	54.3%	9.1%	96.7	2.45	3.10	3.83	4.16	0.1
2563	2026	Garrett Acton	MIN	1	1	0	7	0	11.0	11.45	4.91	0.82	.321	48.2%	34.5%	7.1%	94.9	5.73	4.26	3.92	4.66	0.0
2564	2026	Luis Perales	WSN	0	0	0	6	0	11.0	10.64	10.64	4.09	.345	66.7%	38.2%	31.3%	99.0	11.45	7.05	10.19	6.48	-0.5
2565	2026	Jack Sinclair	WSN	1	0	1	11	0	11.0	6.55	3.27	0.00	.194	76.9%	51.6%	0.0%	96.9	2.45	4.05	3.56	4.93	0.1
2566	2023	Ryan Tepera	2 Tms	2	2	0	12	0	10.2	9.28	3.38	2.53	.417	67.3%	45.9%	20.0%	91.7	7.59	5.31	6.82	5.49	-0.3
2567	2023	Dennis Santana	NYM	1	0	0	9	0	10.2	10.13	5.91	1.69	.286	72.4%	26.7%	12.5%	95.9	5.91	6.42	5.69	5.74	-0.1
2568	2023	Glenn Otto Jr.	TEX	0	0	0	6	0	10.2	9.28	5.06	5.06	.286	69.0%	44.1%	42.9%	93.6	10.13	7.45	10.19	5.05	-0.6
2569	2023	Jeremiah Estrada	CHC	0	0	0	12	0	10.2	10.97	10.13	3.38	.296	87.0%	22.6%	25.0%	95.9	6.75	11.64	9.07	6.67	-0.4
2570	2024	Jacob deGrom	TEX	0	0	0	3	3	10.2	11.81	0.84	0.84	.370	94.8%	37.0%	8.3%	97.7	1.69	2.49	2.32	2.80	0.4
2571	2024	Ricardo Pinto	PHI	0	0	1	6	0	10.2	6.75	4.22	1.69	.405	51.7%	59.1%	16.7%	94.1	10.97	4.65	6.07	5.34	-0.1
2572	2024	Kyle Nelson	ARI	0	0	0	11	0	10.2	6.75	3.38	1.69	.214	76.1%	36.7%	28.6%	90.6	4.22	5.66	5.23	3.78	-0.1
2573	2024	Joan Adon	WSN	0	0	0	8	1	10.2	5.06	3.38	1.69	.286	63.4%	58.3%	25.0%	95.1	6.75	4.87	5.89	4.58	-0.1
2574	2024	Austin Warren	SFG	0	0	0	6	0	10.2	5.91	4.22	0.84	.276	95.2%	53.3%	10.0%	94.1	1.69	4.83	4.48	4.68	0.0
2575	2024	Caleb Kilian	CHC	0	1	0	2	1	10.2	5.91	5.06	1.69	.273	77.5%	42.4%	15.4%	94.0	4.22	6.48	5.98	5.38	-0.1
2576	2024	Jaden Hill	COL	0	0	0	9	0	10.2	5.06	3.38	1.69	.194	62.5%	60.6%	16.7%	96.9	5.06	3.15	6.17	5.43	-0.2
2577	2025	Hunter Harvey	KCR	1	0	0	12	0	10.2	9.28	0.84	0.00	.222	100.0%	48.1%	0.0%	96.4	0.00	1.55	1.35	2.80	0.5
2578	2025	Scott Effross	NYY	0	0	0	11	0	10.2	5.06	2.53	0.84	.366	51.1%	50.0%	9.1%	89.3	8.44	5.01	4.07	4.44	0.0
2579	2025	Nick Hernandez	HOU	0	0	0	10	0	10.2	9.28	6.75	2.53	.300	88.6%	24.2%	14.3%	91.3	5.06	5.10	6.98	6.36	-0.2
2580	2025	Ben Bowden	ATH	0	0	0	11	0	10.2	5.91	4.22	1.69	.212	71.4%	40.0%	11.1%	93.3	4.22	6.74	5.67	5.83	-0.1
2581	2025	Mason Thompson	WSN	1	1	0	14	0	10.2	9.28	10.13	0.84	.417	45.1%	45.9%	7.7%	94.8	11.81	5.94	5.67	6.33	-0.1
2582	2025	Ron Marinaccio	SDP	0	0	0	7	0	10.2	10.13	3.38	0.00	.231	90.0%	44.0%	0.0%	94.1	0.84	1.82	2.01	3.60	0.2
2583	2025	Sammy Peralta	LAA	0	1	0	5	0	10.2	6.75	5.06	0.00	.368	40.0%	37.8%	0.0%	89.0	7.59	3.50	3.32	5.35	0.2
2584	2025	Garrett McDaniels	LAA	0	0	0	10	0	10.2	5.06	6.75	1.69	.333	72.9%	74.3%	40.0%	93.7	5.91	5.99	6.98	5.26	-0.3
2585	2025	Logan VanWey	HOU	0	0	0	9	0	10.2	5.91	2.53	1.69	.361	74.1%	37.8%	15.4%	93.0	5.06	4.47	5.39	4.83	-0.1
2586	2026	Valente Bellozo	COL	0	1	0	3	0	10.2	6.75	5.91	4.22	.185	72.7%	25.8%	29.4%	90.7	7.59	11.60	9.94	6.26	-0.5
2587	2026	Hurston Waldrep	ATL	0	1	0	3	2	10.2	7.59	8.44	2.53	.313	72.1%	68.6%	37.5%		8.44	5.66	8.44	5.92	-0.3
2588	2023	Matt Bush	MIL	0	2	1	12	0	10.1	8.71	5.23	4.35	.222	60.0%	28.1%	41.7%	94.8	9.58	10.76	9.35	4.98	-0.7
2589	2023	Levi Stoudt	CIN	0	1	0	4	2	10.1	7.84	6.97	0.87	.405	57.5%	44.7%	9.1%	94.6	9.58	5.23	5.09	5.60	0.1
2590	2023	Andrew Saalfrank	ARI	0	0	0	10	0	10.1	5.23	3.48	0.00	.226	81.8%	71.0%	0.0%		0.00	3.49	3.26	3.74	0.1
2591	2024	Kirby Snead	SEA	0	0	0	11	0	10.1	6.10	6.10	0.00	.353	73.7%	51.5%	0.0%	92.7	4.35	4.70	3.84	5.31	0.0
2592	2024	Joey Lucchesi	NYM	0	2	0	2	2	10.1	6.10	6.97	0.87	.233	68.5%	44.8%	8.3%	90.0	5.23	6.26	5.39	5.89	0.0
2593	2024	Humberto Castellanos	ARI	0	0	1	7	0	10.1	6.10	3.48	0.00	.314	64.7%	25.7%	0.0%	90.6	5.23	5.41	3.55	5.16	0.1
2594	2024	Jacob Lopez	TBR	0	0	0	4	1	10.1	6.97	6.10	1.74	.111	62.5%	20.7%	10.0%	90.6	5.23	3.74	6.75	7.16	-0.1
2595	2024	Caden Dana	LAA	1	2	0	3	3	10.1	6.97	6.10	4.35	.290	66.7%	55.6%	38.5%	93.9	9.58	6.91	10.23	5.84	-0.5
2596	2025	Connor Seabold	2 Tms	0	0	0	7	0	10.1	8.71	5.23	0.87	.355	78.3%	34.4%	5.9%	92.3	4.35	4.45	4.20	5.48	0.0
2597	2025	Sean Guenther	DET	0	1	0	9	1	10.1	6.97	4.35	0.00	.333	53.3%	35.7%	0.0%	91.2	5.23	5.81	3.04	4.38	0.1
2598	2025	Luarbert Arias	MIA	0	0	0	7	0	10.1	8.71	4.35	1.74	.417	51.9%	18.4%	13.3%	94.1	11.32	7.86	5.75	5.47	-0.1
2599	2026	Corbin Burnes	ARI	0	0	0	3	3	10.1	6.97	3.48	4.35	.233	77.8%	17.1%	21.7%		7.84	6.86	9.00	6.07	-0.4
2600	2026	Luis Curvelo	TEX	0	0	0	9	0	10.1	5.23	6.10	3.48	.342	65.2%	23.8%	18.2%	95.5	9.58	6.77	9.00	7.19	-0.3
2601	2026	Joe Rock	2 Tms	0	1	0	5	0	10.1	10.45	11.32	0.00	.414	74.1%	28.6%	0.0%	93.1	5.23	7.35	5.13	6.89	0.0
2602	2026	Jordan Wicks	CHC	0	2	2	4	2	10.1	6.97	1.74	0.87	.447	45.9%	51.3%	9.1%	93.0	10.45	4.41	3.68	4.03	0.2
2603	2023	Carson Fulmer	LAA	1	1	0	3	1	10.0	5.40	3.60	0.90	.185	83.3%	57.1%	11.1%	92.8	2.70	4.52	4.86	5.04	0.0
2604	2023	Josh Walker	NYM	0	1	0	13	0	10.0	10.80	5.40	1.80	.357	46.1%	23.3%	13.3%	94.7	8.10	4.92	5.26	5.14	-0.1
2605	2023	Justin Martinez	ARI	0	0	1	10	0	10.0	12.60	9.90	1.80	.393	51.7%	46.7%	18.2%	100.5	12.60	5.77	6.96	6.17	-0.2
2606	2023	Joey Estes	OAK	0	1	0	2	2	10.0	6.30	1.80	3.60	.258	70.2%	28.6%	19.0%	93.2	7.20	7.61	8.56	6.83	-0.2
2607	2023	Ben Joyce	LAA	1	1	0	12	0	10.0	9.00	8.10	0.90	.296	73.9%	46.4%	8.3%	100.8	5.40	4.96	5.56	6.24	-0.1
2608	2024	Tyler Matzek	ATL	0	0	0	11	0	10.0	9.00	2.70	2.70	.406	54.1%	31.4%	23.1%	93.9	9.90	7.20	5.97	4.03	-0.2
2609	2024	Sean Newcomb	OAK	1	0	0	7	0	10.0	6.30	7.20	1.80	.259	72.4%	50.0%	20.0%	93.9	6.30	5.70	7.07	5.98	-0.2
2610	2024	Diego Castillo	MIN	0	0	0	7	0	10.0	5.40	7.20	0.00	.276	81.3%	51.7%	0.0%	96.7	2.70	3.92	4.37	6.18	0.0
2611	2024	Jacob Waguespack	TBR	0	0	0	4	1	10.0	9.90	9.00	0.90	.414	74.1%	50.0%	12.5%	94.1	5.40	6.67	5.27	5.18	0.0
2612	2024	Joel Kuhnel	2 Tms	0	0	0	6	0	10.0	4.50	0.00	0.90	.219	52.6%	48.5%	6.7%	94.7	4.50	3.65	3.77	4.73	0.1
2613	2024	Luis Guerrero	BOS	0	0	0	9	0	10.0	8.10	1.80	0.00	.240	87.5%	41.7%	0.0%	97.5	0.00	2.61	1.97	3.63	0.3
2614	2025	Robert Stephenson	LAA	2	0	0	12	0	10.0	9.00	2.70	0.90	.222	72.9%	29.6%	8.3%	96.5	2.70	3.33	3.64	4.19	0.1
2615	2025	Keaton Winn	SFG	0	0	0	7	0	10.0	8.10	1.80	0.90	.367	71.4%	51.6%	9.1%	95.7	4.50	3.27	3.24	3.63	0.1
2616	2025	Davis Daniel	ATL	0	1	0	3	2	10.0	8.10	6.30	0.90	.286	70.5%	34.5%	7.1%	89.8	5.40	6.80	5.04	5.89	0.0
2617	2025	Zach Maxwell	CIN	0	0	0	8	0	10.0	11.70	3.60	2.70	.304	91.8%	30.8%	33.3%	99.5	4.50	3.88	5.64	3.12	-0.1
2618	2026	Lucas Sims	CHW	0	2	0	9	0	10.0	9.00	6.30	0.90	.296	64.1%	38.5%	10.0%	94.2	4.50	4.67	4.80	5.01	0.0
2619	2026	Austin Voth	2 Tms	0	1	0	3	0	10.0	2.70	5.40	2.70	.364	62.5%	25.5%	13.6%	92.0	9.90	7.44	8.20	7.62	-0.4
2620	2026	Max Lazar	PHI	0	0	0	8	0	10.0	7.20	2.70	2.70	.290	74.1%	55.9%	27.3%	94.6	6.30	3.42	6.30	4.06	-0.1
2621	2026	Eduardo Rivera	BOS	0	1	0	4	3	10.0	9.00	5.40	0.90	.259	55.6%	50.0%	11.1%	95.4	6.30	3.67	4.20	4.26	0.1
2622	2023	Gerardo Reyes	LAA	0	0	0	8	0	9.2	9.31	5.59	1.86	.310	61.7%	35.5%	15.4%	96.5	7.45	5.69	6.36	5.89	-0.1
2623	2023	Wil Crowe	PIT	0	1	1	5	0	9.2	8.38	8.38	0.93	.296	73.9%	37.0%	33.3%	94.0	4.66	10.30	5.84	5.01	-0.2
2624	2023	Joe Barlow	TEX	1	1	0	13	0	9.2	5.59	1.86	1.86	.324	82.0%	33.3%	10.5%	93.1	4.66	3.97	5.32	5.88	-0.1
2625	2024	Nick Burdi	NYY	1	0	0	12	0	9.2	11.17	8.38	0.93	.190	95.9%	27.3%	8.3%	97.7	1.86	3.65	5.44	5.97	-0.1
2626	2024	Jhonathan Díaz	SEA	0	1	0	5	1	9.2	7.45	2.79	1.86	.353	77.5%	42.9%	14.3%	90.5	4.66	3.89	5.13	4.63	-0.1
2627	2024	Luis Frías	2 Tms	0	1	0	11	0	9.2	11.17	6.52	1.86	.531	43.1%	41.2%	25.0%	96.2	13.97	8.04	5.55	4.11	-0.1
2628	2024	Jack O'Loughlin	OAK	0	0	0	4	0	9.2	5.59	4.66	0.93	.343	78.3%	44.4%	9.1%	92.2	4.66	6.68	4.82	5.20	0.0
2629	2024	Randy Dobnak	MIN	0	0	0	5	0	9.2	6.52	4.66	0.93	.313	68.5%	53.1%	12.5%	93.1	5.59	4.32	4.61	4.52	0.0
2630	2024	Mason Montgomery	TBR	0	0	0	9	0	9.2	15.83	4.66	0.00	.400	81.8%	60.0%	0.0%	97.2	1.86	3.53	1.20	1.83	0.3
2631	2025	Joe Mantiply	ARI	0	1	0	10	0	9.2	7.45	2.79	4.66	.512	56.5%	43.2%	29.4%	88.3	15.83	5.59	9.45	5.43	-0.5
2632	2025	Tanner Rainey	2 Tms	0	1	0	13	0	9.2	10.24	8.38	0.00	.308	33.3%	48.0%	0.0%	95.4	11.17	5.61	3.96	4.60	0.1
2633	2025	Dedniel Núñez	NYM	0	0	0	10	0	9.2	10.24	5.59	0.93	.217	66.0%	20.8%	6.7%	96.2	4.66	5.24	4.07	5.11	0.1
2634	2025	Carlos Rodriguez	MIL	1	0	0	4	0	9.2	10.24	8.38	0.93	.414	72.8%	30.0%	6.3%	93.9	6.52	3.96	5.00	6.20	0.0
2635	2025	Michael Darrell-Hicks	2 Tms	1	0	0	7	0	9.2	7.45	3.72	0.93	.310	51.5%	33.3%	9.1%	94.6	7.45	7.46	4.38	4.79	0.0
2636	2026	James Karinchak	ATL	0	0	0	9	0	9.2	7.45	4.66	0.93	.130	92.1%	29.2%	6.7%	95.0	1.86	2.99	4.34	5.34	0.0
2637	2026	Codi Heuer	CLE	0	1	0	8	0	9.2	5.59	4.66	0.00	.353	72.2%	41.2%	0.0%	95.1	4.66	4.82	3.72	5.75	0.1
2638	2026	Chase Lee	TOR	1	0	1	8	0	9.2	4.66	7.45	2.79	.192	67.8%	46.4%	25.0%	90.2	6.52	4.10	8.58	6.42	-0.5
2639	2023	Domingo Acevedo	OAK	0	0	0	9	0	9.1	6.75	1.93	1.93	.400	49.4%	24.3%	13.3%	93.2	10.61	8.46	5.51	5.38	-0.1
2640	2023	Zack Kelly	BOS	0	0	0	8	0	9.1	5.79	7.71	0.00	.259	76.5%	53.8%	0.0%	95.1	3.86	5.59	5.18	6.96	-0.1
2641	2023	Jake Cousins	MIL	0	0	0	9	0	9.1	6.75	9.64	0.96	.333	80.6%	60.7%	20.0%	94.8	4.82	7.04	6.36	5.86	-0.1
2642	2023	José Marte	LAA	0	0	0	10	0	9.1	6.75	6.75	2.89	.355	65.5%	38.2%	20.0%	95.2	8.68	5.67	8.18	6.66	-0.3
2643	2024	Lake Bachar	MIA	0	1	0	10	0	9.1	10.61	3.86	1.93	.348	80.4%	36.0%	20.0%	94.2	3.86	5.44	4.88	3.72	0.0
2644	2024	Casey Legumina	CIN	0	0	0	6	0	9.1	6.75	1.93	1.93	.371	46.1%	62.2%	22.2%	93.6	8.68	4.73	5.42	4.09	-0.1
2645	2025	Colin Poche	2 Tms	1	2	0	14	0	9.1	10.61	13.50	0.96	.423	48.8%	22.2%	7.7%	92.3	12.54	5.82	6.67	7.43	-0.2
2646	2025	Ian Anderson	LAA	0	1	0	7	0	9.1	7.71	6.75	1.93	.441	51.9%	41.2%	15.4%	94.0	11.57	5.47	6.46	5.82	-0.2
2647	2025	Allan Winans	NYY	0	1	0	3	1	9.1	5.79	2.89	1.93	.333	46.1%	44.1%	15.4%	89.7	8.68	6.31	6.24	5.60	-0.1
2648	2025	Elvis Peguero	2 Tms	0	0	0	8	1	9.1	7.71	5.79	0.96	.355	56.8%	43.8%	9.1%		6.75	5.19	5.06	5.49	0.0
2649	2025	Austin Warren	NYM	1	0	0	5	0	9.1	8.68	3.86	0.96	.200	100.0%	38.1%	10.0%	93.9	0.96	4.35	3.89	4.14	0.1
2650	2025	Gavin Hollowell	CHC	0	0	0	7	0	9.1	9.64	6.75	0.96	.320	75.3%	42.3%	12.5%	94.6	4.82	5.11	4.64	4.56	0.0
2651	2025	Javier Sanoja	MIA	0	0	0	8	0	9.1	0.96	4.82	3.86	.455	51.3%	22.9%	16.7%	62.5	16.39	8.73	10.10	8.49	-0.3
2652	2026	Carlos Cortes	ATH	0	0	0	9	0	9.1	0.96	7.71	3.86	.306	63.2%	35.0%	20.0%	70.9	10.61	7.69	11.03	8.69	-0.3
2653	2026	Braxton Garrett	2 Tms	1	1	0	3	2	9.1	6.75	10.61	0.00	.367	65.2%	50.0%	0.0%	91.6	7.71	6.05	5.46	6.91	-0.1
2654	2026	Yaramil Hiraldo	BAL	1	0	0	8	0	9.1	12.54	9.64	1.93	.318	64.0%	16.7%	12.5%	95.9	8.68	4.25	6.64	6.44	-0.2
2655	2026	Ken Waldichuk	WSN	0	0	0	5	0	9.1	7.71	5.79	3.86	.182	85.1%	39.1%	33.3%	93.5	6.75	7.21	9.21	5.58	-0.4
2656	2026	Mitch Spence	KCR	0	2	0	3	1	9.1	5.79	8.68	2.89	.421	25.2%	46.3%	23.1%		21.21	5.70	8.89	6.81	-0.2
2657	2026	Andre Granillo	WSN	0	0	0	8	0	9.1	2.89	7.71	1.93	.306	52.1%	30.6%	11.1%	94.4	9.64	7.07	8.14	8.26	-0.2
2658	2026	Carlos Rodriguez	MIL	0	0	0	4	0	9.1	7.71	3.86	0.96	.310	79.4%	23.3%	6.3%	94.1	3.86	3.31	4.07	5.26	0.1
2659	2026	Luis De León	BAL	0	2	0	8	0	9.1	5.79	1.93	0.96	.185	75.8%	60.7%	12.5%		1.93	2.13	3.85	3.75	0.0
2660	2026	Yariel Rodríguez	TOR	0	1	0	10	0	9.1	5.79	6.75	1.93	.345	52.3%	38.7%	15.4%	95.8	7.71	7.41	7.17	6.49	-0.2
2661	2023	Tommy Milone	SEA	0	1	0	2	2	9.0	3.00	6.00	1.00	.200	86.2%	32.3%	6.7%	86.6	2.00	5.49	6.03	7.34	-0.1
2662	2023	José Quijada	LAA	0	1	4	10	0	9.0	8.00	3.00	0.00	.286	46.2%	39.3%	0.0%	94.5	6.00	5.73	3.14	5.16	0.2
2663	2023	Matt Festa	SEA	0	0	0	8	0	9.0	13.00	12.00	1.00	.176	82.2%	33.3%	9.1%	92.0	4.00	5.26	5.81	6.39	-0.1
2664	2023	Adrian Morejon	SDP	0	0	0	8	1	9.0	8.00	5.00	1.00	.433	68.2%	46.4%	10.0%	95.3	7.00	7.79	4.59	4.98	0.0
2665	2023	Bennett Sousa	2 Tms	0	0	0	7	0	9.0	10.00	2.00	1.00	.238	60.6%	45.5%	10.0%	94.5	4.00	3.28	3.14	3.54	0.1
2666	2023	Logan Gillaspie	BAL	0	1	0	11	0	9.0	8.00	5.00	2.00	.400	75.6%	34.4%	22.2%	95.8	6.00	8.39	6.37	5.13	-0.2
2667	2023	Shawn Dubin	HOU	0	0	0	3	1	9.0	11.00	3.00	1.00	.423	61.6%	40.7%	10.0%	95.2	7.00	5.06	3.59	3.98	0.1
2668	2024	Tyler Duffey	KCR	1	0	0	9	0	9.0	10.00	8.00	0.00	.304	68.8%	30.4%	0.0%	91.1	5.00	5.41	3.94	5.79	0.0
2669	2024	Wes Parsons	2 Tms	0	0	0	4	0	9.0	7.00	2.00	2.00	.296	65.2%	51.7%	28.6%	95.1	6.00	6.66	5.17	3.45	0.0
2670	2024	Geoff Hartlieb	COL	0	0	0	5	0	9.0	7.00	4.00	1.00	.375	44.9%	40.6%	8.3%	97.3	9.00	5.53	4.39	4.96	0.0
2671	2024	Josh Winder	MIN	0	0	0	4	0	9.0	10.00	1.00	0.00	.280	60.0%	40.0%	0.0%	95.1	3.00	2.92	1.94	4.13	0.2
2672	2024	Spencer Strider	ATL	0	0	0	2	2	9.0	12.00	5.00	2.00	.348	65.6%	40.0%	18.2%	97.0	7.00	4.19	5.06	4.01	0.0
2673	2025	Rich Hill	KCR	0	2	0	2	2	9.0	4.00	8.00	2.00	.241	70.4%	48.4%	18.2%	88.6	5.00	6.82	7.80	6.80	-0.2
2674	2025	José Leclerc	ATH	0	1	0	10	0	9.0	8.00	5.00	3.00	.333	87.0%	33.3%	21.4%	94.7	6.00	6.76	7.36	5.42	-0.2
2675	2025	Ethan Roberts	CHC	1	0	0	10	0	9.0	6.00	2.00	3.00	.259	79.5%	30.0%	21.4%		6.00	6.35	7.14	5.20	-0.2
2676	2026	Justin Verlander	DET	0	1	0	2	2	9.0	7.00	3.00	3.00	.308	71.4%	17.2%	18.8%	93.1	7.00	6.53	6.88	5.23	-0.1
2677	2026	Tommy Kahnle	BOS	0	0	0	8	0	9.0	5.00	6.00	2.00	.333	65.8%	38.7%	16.7%	93.6	8.00	6.49	6.88	6.00	-0.1
2678	2026	Derek Law	ARI	0	0	0	7	1	9.0	5.00	2.00	0.00	.308	90.9%	46.2%	0.0%	93.2	1.00	5.83	2.99	4.16	0.1
2679	2026	Jose Trevino	CIN	0	0	0	7	0	9.0	3.00	1.00	3.00	.463	45.5%	31.8%	18.8%	39.7	15.00	9.63	7.43	5.78	-0.1
2680	2026	Jhony Brito	SDP	0	0	0	5	0	9.0	6.00	1.00	2.00	.192	96.2%	42.9%	14.3%	94.5	3.00	3.39	4.99	4.45	-0.1
2681	2026	Jared Shuster	STL	0	0	0	5	0	9.0	4.00	6.00	1.00	.303	44.9%	50.0%	8.3%	93.6	9.00	4.07	5.66	6.23	-0.1
2682	2026	Max Rajcic	STL	0	0	0	6	0	9.0	8.00	6.00	1.00	.208	66.0%	36.0%	7.7%	95.2	5.00	3.28	4.77	5.50	0.0
2683	2026	Cameron Foster	BAL	0	0	0	6	0	9.0	9.00	8.00	1.00	.516	63.6%	50.0%	11.1%	96.2	9.00	4.85	5.21	5.28	0.0
2684	2023	Diego Castillo	SEA	0	0	0	8	0	8.2	7.27	7.27	2.08	.208	73.8%	53.8%	18.2%	94.2	6.23	4.89	7.41	6.51	-0.2
2685	2023	Bryan Hudson	LAD	0	0	0	6	0	8.2	7.27	4.15	1.04	.355	64.1%	56.3%	12.5%	92.0	7.27	5.16	4.87	4.90	0.0
2686	2023	Edgar Navarro	CHW	0	0	0	8	0	8.2	9.35	2.08	2.08	.375	65.6%	53.8%	25.0%		7.27	5.69	5.56	4.09	0.0
2687	2023	Victor Vodnik	COL	1	0	0	6	0	8.2	12.46	3.12	0.00	.517	50.0%	62.1%	0.0%	97.2	8.31	3.51	1.52	2.29	0.2
2688	2023	Devin Sweet	2 Tms	1	0	0	7	0	8.2	6.23	6.23	4.15	.240	64.5%	42.9%	28.6%	93.0	10.38	8.57	10.64	7.31	-0.4
2689	2024	Paolo Espino	TOR	0	1	0	3	1	8.2	3.12	5.19	3.12	.344	75.9%	31.4%	18.8%	88.2	8.31	9.81	9.05	7.34	-0.3
2690	2024	Matt Carasiti	COL	0	1	0	7	0	8.2	7.27	3.12	2.08	.467	58.1%	46.9%	33.3%	94.8	10.38	8.73	5.94	3.98	-0.2
2691	2024	Chase Shugart	BOS	0	0	1	6	0	8.2	8.31	3.12	1.04	.292	72.9%	28.0%	7.1%	96.1	4.15	3.48	3.86	4.80	0.1
2692	2024	Andrew Walters	CLE	1	0	0	9	1	8.2	6.23	5.19	0.00	.048	83.3%	23.8%	0.0%	95.9	0.00	2.70	3.51	5.78	0.1
2693	2025	Chayce McDermott	BAL	0	1	0	4	1	8.2	9.35	12.46	3.12	.346	48.1%	35.7%	23.1%	93.4	15.58	10.29	10.06	7.87	-0.4
2694	2025	Thomas Harrington	PIT	0	1	1	3	1	8.2	7.27	7.27	3.12	.455	48.1%	41.7%	20.0%	92.1	15.58	8.23	8.44	6.61	-0.3
2695	2025	Craig Yoho	MIL	0	0	0	8	0	8.2	7.27	9.35	1.04	.304	66.3%	43.5%	10.0%	92.9	7.27	4.42	6.48	6.76	-0.2
2696	2026	Kolby Allard	CLE	0	0	0	4	0	8.2	9.35	3.12	2.08	.467	58.1%	40.6%	20.0%	89.8	10.38	6.68	5.41	4.15	-0.1
2697	2026	Nick Sandlin	LAA	0	1	0	8	0	8.2	6.23	5.19	2.08	.292	42.3%	42.3%	18.2%	91.6	11.42	6.32	7.49	6.40	-0.3
2698	2026	Brendan Cellucci	TOR	0	0	0	6	0	8.2	11.42	3.12	0.00	.125	100.0%	25.0%	0.0%	93.9	0.00	2.53	1.60	3.17	0.2
2699	2026	Christian Roa	HOU	0	1	0	7	0	8.2	6.23	7.27	1.04	.346	80.6%	33.3%	7.7%	96.1	5.19	8.05	6.68	7.44	-0.2
2700	2023	Colten Brewer	NYY	0	0	0	3	0	8.1	4.32	3.24	3.24	.130	100.0%	61.5%	30.0%		4.32	5.04	8.42	5.72	-0.3
2701	2023	Danny Young	ATL	0	0	0	8	0	8.1	11.88	2.16	0.00	.368	91.7%	47.4%	0.0%		1.08	3.48	2.42	3.61	0.1
2702	2024	Trey Wingenter	2 Tms	0	0	0	7	0	8.1	6.48	4.32	2.16	.367	56.3%	54.8%	25.0%	97.2	9.72	5.96	6.29	4.62	-0.1
2703	2024	Tyler Gilbert	PHI	0	0	0	6	0	8.1	4.32	2.16	1.08	.300	86.2%	32.3%	7.7%	92.0	3.24	5.75	4.85	5.65	0.0
2704	2024	Phil Bickford	NYY	0	0	0	8	0	8.1	6.48	1.08	1.08	.300	28.3%	41.4%	8.3%	93.3	8.64	2.75	4.01	4.62	0.0
2705	2024	Josiah Gray	WSN	0	2	0	2	2	8.1	9.72	5.40	2.16	.464	40.7%	30.0%	13.3%	93.3	14.04	5.89	5.93	5.53	0.0
2706	2024	Jackson Rutledge	WSN	0	0	0	3	1	8.1	9.72	2.16	1.08	.333	83.3%	45.5%	16.7%	96.1	3.24	4.77	3.65	3.18	0.1
2707	2024	Ben Casparius	LAD	2	0	0	3	0	8.1	12.96	4.32	0.00	.429	76.9%	23.8%	0.0%	95.6	2.16	3.51	1.73	3.36	0.3
2708	2025	Danny Young	NYM	0	0	0	10	0	8.1	14.04	3.24	0.00	.450	61.5%	63.2%	0.0%		4.32	2.94	1.46	1.64	0.2
2709	2025	Jesse Scholtens	TBR	0	1	0	2	0	8.1	12.96	3.24	1.08	.364	47.2%	39.1%	12.5%	95.1	5.40	3.17	2.90	2.82	0.1
2710	2025	Brian Van Belle	TBR	1	0	0	4	0	8.1	6.48	0.00	2.16	.393	78.4%	33.3%	16.7%	90.8	5.40	3.52	4.82	3.92	0.0
2711	2025	Paul Gervase	2 Tms	0	0	0	6	0	8.1	8.64	6.48	3.24	.227	100.0%	16.7%	18.8%	93.7	4.32	4.14	8.06	6.34	-0.2
2712	2026	Matt Krook	2 Tms	0	1	0	11	0	8.1	9.72	10.80	2.16	.304	54.9%	52.0%	33.3%		10.80	7.84	8.38	6.35	-0.4
2713	2026	Joey Gerber	NYM	0	0	0	7	0	8.1	8.64	4.32	1.08	.238	69.8%	22.7%	10.0%	93.6	4.32	4.02	4.18	4.43	0.0
2714	2026	Riley Martin	CHC	0	0	0	8	1	8.1	10.80	2.16	1.08	.222	89.3%	33.3%	11.1%	94.8	2.16	2.60	2.98	3.05	0.2
2715	2026	Shane Smith	CHW	0	2	0	3	3	8.1	11.88	9.72	1.08	.407	48.5%	44.4%	10.0%	95.5	10.80	4.73	5.62	5.87	0.0
2716	2026	John Klein	2 Tms	0	1	0	4	0	8.1	7.56	6.48	1.08	.190	72.9%	40.9%	10.0%	94.9	2.16	4.65	5.14	5.39	-0.1
2717	2023	Jacob Stallings	MIA	0	0	0	7	0	8.0	1.13	0.00	1.13	.344	79.4%	33.3%	6.3%	73.8	4.50	5.07	5.38	7.06	0.0
2718	2023	Wander Suero	LAD	1	0	0	5	0	8.0	10.13	5.63	2.25	.211	48.8%	38.1%	18.2%		7.88	3.02	6.13	5.15	-0.1
2719	2023	Cody Morris	CLE	0	0	0	6	0	8.0	10.13	6.75	3.38	.350	84.7%	43.5%	33.3%	95.1	6.75	7.73	8.13	5.12	-0.2
2720	2024	Nick Hernandez	HOU	0	0	0	5	0	8.0	11.25	1.13	4.50	.316	74.1%	39.1%	44.4%	90.9	7.88	4.16	7.54	2.74	-0.1
2721	2024	Riley O'Brien	STL	0	0	0	8	0	8.0	12.38	9.00	2.25	.458	62.5%	38.5%	20.0%	96.4	11.25	6.34	7.04	5.68	-0.2
2722	2024	Janson Junk	2 Tms	0	0	0	6	0	8.0	9.00	4.50	3.38	.576	59.6%	34.3%	25.0%	94.0	14.63	7.99	7.54	4.93	0.0
2723	2024	Connor Gillispie	CLE	0	0	0	3	0	8.0	9.00	5.63	0.00	.211	77.8%	31.6%	0.0%	92.3	2.25	3.44	3.04	5.12	0.1
2724	2024	Chase Silseth	LAA	0	1	0	2	2	8.0	13.50	4.50	3.38	.263	64.1%	23.8%	30.0%	94.2	6.75	6.09	6.54	3.56	-0.1
2725	2025	Jesse Chavez	ATL	0	1	0	4	0	8.0	9.00	5.63	4.50	.385	82.1%	20.0%	25.0%		9.00	6.46	9.51	6.09	-0.3
2726	2025	Jacob Barnes	TOR	0	1	0	6	0	8.0	5.63	3.38	1.13	.333	34.5%	39.3%	10.0%	94.0	9.00	6.23	4.64	4.94	0.0
2727	2025	Kenta Maeda	DET	0	0	0	7	0	8.0	9.00	6.75	1.13	.320	60.2%	40.0%	11.1%	90.8	7.88	5.80	6.14	6.24	-0.1
2728	2025	A.J. Puk	ARI	0	0	4	8	0	8.0	13.50	2.25	2.25	.333	97.6%	30.0%	22.2%	96.5	3.38	2.86	4.51	2.99	0.0
2729	2025	Gerson Garabito	TEX	0	0	0	3	0	8.0	9.00	1.13	1.13	.483	36.1%	43.3%	16.7%	93.9	9.00	5.98	3.89	3.42	0.0
2730	2025	Bryan Hoeing	SDP	1	0	0	7	0	8.0	5.63	3.38	0.00	.321	75.0%	60.7%	0.0%	92.8	3.38	2.45	3.01	4.74	0.1
2731	2026	Justin Hagenman	NYM	0	0	0	3	1	8.0	4.50	2.25	2.25	.240	97.2%	29.6%	13.3%	90.9	3.38	6.26	6.10	5.68	0.0
2732	2026	Duncan Davitt	2 Tms	0	1	0	6	0	8.0	5.63	4.50	3.38	.280	61.2%	42.9%	27.3%	93.0	7.88	7.67	8.23	5.43	-0.3
2733	2023	Kyle Barraclough	BOS	1	1	0	3	0	7.2	4.70	7.04	3.52	.379	65.7%	37.5%	21.4%	91.4	12.91	10.91	11.21	9.14	-0.4
2734	2023	Antonio Senzatela	COL	0	1	0	2	2	7.2	4.70	2.35	3.52	.190	100.0%	54.2%	42.9%	94.2	4.70	10.31	8.08	4.50	-0.2
2735	2023	Sean Reid-Foley	NYM	0	1	0	8	0	7.2	18.78	7.04	0.00	.333	70.0%	66.7%	0.0%	96.1	3.52	2.04	1.43	2.29	0.2
2736	2024	Rob Zastryzny	MIL	1	0	0	9	3	7.2	5.87	1.17	0.00	.182	83.3%	33.3%	0.0%	91.5	1.17	1.91	2.64	4.81	0.2
2737	2024	Tyler Jay	2 Tms	0	0	0	5	0	7.2	7.04	7.04	0.00	.375	66.7%	65.2%	0.0%	92.1	4.70	3.63	3.95	5.13	0.0
2738	2024	Allan Winans	ATL	0	2	0	2	2	7.2	4.70	4.70	3.52	.367	29.0%	51.5%	30.0%	90.3	15.26	6.83	8.78	5.66	-0.3
2739	2024	Gordon Graceffo	STL	0	1	0	2	1	7.2	7.04	2.35	1.17	.273	65.8%	40.9%	10.0%	93.5	4.70	4.77	4.08	4.36	0.0
2740	2025	Luis Garcia	HOU	1	0	0	2	2	7.2	8.22	1.17	2.35	.059	90.9%	26.3%	18.2%	91.2	3.52	2.13	5.48	4.30	0.1
2741	2025	Isaiah Campbell	BOS	0	0	0	6	0	7.2	3.52	1.17	1.17	.414	66.2%	63.3%	20.0%	96.1	7.04	5.01	4.83	4.14	0.0
2742	2025	Cody Laweryson	MIN	0	1	0	5	0	7.2	8.22	0.00	0.00	.211	50.0%	44.4%	0.0%	93.1	1.17	1.96	1.31	2.52	0.3
2743	2025	Bradgley Rodriguez	SDP	1	0	0	7	0	7.2	10.57	3.52	0.00	.250	90.0%	56.3%	0.0%	98.4	1.17	2.29	3.14	4.34	0.1
2744	2025	Joe Rock	TBR	0	0	0	3	0	7.2	12.91	2.35	1.17	.316	93.8%	55.0%	20.0%	93.9	2.35	3.29	3.53	2.84	0.0
2745	2026	Chris Devenski	2 Tms	0	0	0	9	0	7.2	5.87	1.17	3.52	.393	50.8%	38.7%	23.1%	92.9	11.74	4.78	7.67	5.14	-0.3
2746	2026	Joel Payamps	ATL	0	2	0	12	0	7.2	10.57	4.70	2.35	.333	39.2%	21.7%	15.4%	94.1	8.22	6.34	5.71	4.88	-0.1
2747	2026	Brett Sullivan	COL	0	0	0	7	0	7.2	1.17	2.35	1.17	.333	77.6%	38.7%	8.3%	61.6	4.70	8.77	5.32	5.99	0.0
2748	2026	Domingo Gonzalez	SEA	0	0	0	5	0	7.2	5.87	5.87	1.17	.320	79.4%	24.0%	10.0%	92.9	4.70	10.15	5.45	5.72	-0.1
2749	2026	TJ Shook	COL	0	0	0	5	0	7.2	8.22	2.35	3.52	.375	71.4%	25.9%	23.1%	92.7	8.22	4.59	7.14	4.62	-0.1
2750	2026	Chayce McDermott	2 Tms	1	0	0	5	0	7.2	7.04	4.70	2.35	.250	76.1%	24.0%	13.3%	95.1	5.87	4.84	6.49	6.05	-0.1
2751	2026	Spencer Bivens	2 Tms	0	0	0	6	0	7.2	14.09	7.04	1.17	.522	51.1%	33.3%	10.0%	94.6	9.39	5.51	4.01	4.29	0.0
2752	2026	Paul Gervase	LAD	0	0	0	4	0	7.2	9.39	5.87	0.00	.333	83.3%	45.0%	0.0%	92.7	2.35	3.95	2.97	4.55	0.1
2753	2026	Ty Johnson	TBR	0	0	0	8	0	7.2	12.91	4.70	1.17	.333	83.3%	11.1%	10.0%	93.2	3.52	3.86	3.49	3.77	0.1
2754	2023	Archie Bradley	MIA	0	0	0	4	0	7.1	8.59	3.68	2.45	.423	49.3%	39.3%	20.0%	93.1	11.05	10.86	6.53	5.24	-0.1
2755	2023	Silvino Bracho	CIN	0	0	0	5	0	7.1	7.36	7.36	0.00	.263	72.7%	31.6%	0.0%	92.2	3.68	3.14	4.07	6.33	0.1
2756	2023	Janson Junk	MIL	0	1	0	2	1	7.1	6.14	2.45	1.23	.280	58.1%	58.3%	16.7%	92.5	4.91	3.90	4.48	4.06	0.1
2757	2023	Evan Justice	COL	0	0	0	9	0	7.1	8.59	9.82	0.00	.538	69.6%	56.0%	0.0%	94.6	8.59	5.54	5.03	6.16	0.0
2758	2024	Brusdar Graterol	LAD	0	0	0	7	0	7.1	8.59	2.45	0.00	.167	60.0%	44.4%	0.0%	97.5	2.45	2.78	2.08	3.11	0.2
2759	2024	Gregory Santos	SEA	0	1	0	8	0	7.1	7.36	1.23	0.00	.304	55.6%	56.5%	0.0%		4.91	2.97	2.35	3.38	0.2
2760	2024	Will Klein	2 Tms	1	0	0	8	0	7.1	8.59	7.36	0.00	.480	50.0%	37.5%	0.0%	97.1	11.05	7.68	3.71	5.57	0.0
2761	2025	Eli Morgan	CHC	0	1	0	7	0	7.1	4.91	3.68	3.68	.360	46.3%	42.9%	23.1%	92.1	12.27	5.35	8.59	6.00	-0.3
2762	2025	Freddy Tarnok	MIA	1	0	1	5	0	7.1	12.27	4.91	1.23	.000	87.0%	69.2%	33.3%	95.3	2.45	2.51	4.23	3.08	0.0
2763	2025	Lazaro Estrada	TOR	0	0	0	2	0	7.1	12.27	1.23	2.45	.400	58.8%	23.8%	22.2%	93.6	8.59	4.92	5.18	3.53	-0.1
2764	2025	Yosver Zulueta	CIN	1	0	0	7	0	7.1	6.14	4.91	1.23	.182	52.6%	36.4%	10.0%	97.7	6.14	5.54	5.18	5.51	0.0
2765	2026	Zach Pop	PHI	0	0	0	7	1	7.1	7.36	3.68	0.00	.238	66.7%	52.4%	0.0%	95.9	3.68	4.27	3.10	4.75	0.1
2766	2026	Josh Simpson	SEA	0	0	0	8	0	7.1	12.27	4.91	4.91	.368	76.9%	30.4%	30.8%	92.6	9.82	6.02	9.51	5.10	-0.4
2767	2026	Bradley Hanner	NYY	1	0	0	5	0	7.1	8.59	1.23	4.91	.318	78.1%	24.0%	30.8%	92.6	8.59	5.70	8.69	4.28	-0.2
2768	2026	Joey Estes	ATH	0	0	0	2	1	7.1	6.14	2.45	4.91	.348	59.5%	14.8%	28.6%	93.2	11.05	7.13	9.65	5.44	-0.1
2769	2026	Alek Manoah	LAA	0	0	0	3	0	7.1	6.14	9.82	1.23	.280	47.9%	34.6%	7.7%	89.1	9.82	6.42	6.78	7.69	-0.1
2770	2026	Bobby Miller	LAD	1	0	0	3	0	7.1	9.82	4.91	1.23	.235	84.9%	55.6%	20.0%	97.1	3.68	6.19	5.56	4.81	-0.1
2771	2026	Kyle Nicolas	CIN	1	0	0	7	0	7.1	8.59	15.95	1.23	.333	71.4%	22.7%	9.1%	97.1	8.59	9.04	8.28	8.77	-0.2
2772	2026	Cade Horton	CHC	1	0	0	2	2	7.1	4.91	2.45	1.23	.158	87.0%	55.0%	20.0%		2.45	3.33	4.60	3.86	0.0
2773	2023	Anthony Banda	WSN	0	0	0	10	0	7.0	7.71	6.43	1.29	.364	73.5%	40.9%	16.7%	95.7	6.43	11.85	5.97	5.53	-0.1
2774	2023	Alan Busenitz	CIN	0	0	0	6	0	7.0	6.43	1.29	0.00	.348	77.8%	39.1%	0.0%	95.2	2.57	5.82	2.26	4.14	0.2
2775	2023	Jhonathan Díaz	LAA	0	0	0	4	1	7.0	5.14	9.00	0.00	.448	50.0%	44.8%	0.0%	90.8	10.29	6.93	5.97	8.57	-0.1
2776	2023	J.B. Bukauskas	2 Tms	0	0	0	6	0	7.0	9.00	3.86	0.00	.316	80.0%	78.9%	0.0%		1.29	3.66	2.97	2.97	0.0
2777	2023	Braden Bristo	2 Tms	0	0	1	3	0	7.0	6.43	5.14	0.00	.238	66.7%	38.1%	0.0%		2.57	3.53	3.54	6.14	0.1
2778	2023	Jeff Lindgren	MIA	0	0	0	3	0	7.0	1.29	5.14	0.00	.174	50.0%	26.1%	0.0%	90.6	5.14	4.26	4.68	7.75	0.0
2779	2024	Wade Miley	MIL	0	1	0	2	2	7.0	2.57	5.14	1.29	.227	62.5%	52.4%	16.7%	90.4	6.43	8.05	6.60	6.03	-0.1
2780	2024	Brooks Raley	NYM	1	0	0	8	0	7.0	11.57	3.86	0.00	.154	100.0%	30.8%	0.0%		0.00	3.33	1.88	3.61	0.3
2781	2024	Austin Davis	SDP	0	0	0	7	0	7.0	7.71	6.43	0.00	.300	38.5%	47.4%	0.0%		9.00	3.82	4.45	5.75	0.0
2782	2024	Nabil Crismatt	LAD	1	1	0	5	0	7.0	7.71	0.00	1.29	.316	71.4%	45.0%	16.7%	90.9	2.57	5.48	3.31	2.75	0.1
2783	2024	Josh Maciejewski	NYY	0	0	0	4	0	7.0	9.00	2.57	1.29	.176	87.0%	55.6%	25.0%	90.8	2.57	3.83	3.88	2.89	0.0
2784	2024	Colin Selby	2 Tms	0	0	0	5	0	7.0	6.43	5.14	0.00	.167	62.5%	61.1%	0.0%	95.2	2.57	3.30	3.88	4.74	0.0
2785	2024	Austin Kitchen	MIA	0	1	0	4	1	7.0	5.14	3.86	1.29	.441	39.8%	64.7%	16.7%	90.0	14.14	4.65	5.17	4.61	-0.1
2786	2024	Hurston Waldrep	ATL	0	1	0	2	2	7.0	3.86	10.29	3.86	.286	36.2%	45.8%	30.0%	95.8	16.71	6.04	11.74	8.33	-0.4
2787	2025	Luis F. Castillo	SEA	0	0	0	2	2	7.0	6.43	9.00	0.00	.414	63.2%	37.0%	0.0%	92.5	7.71	6.78	4.71	6.69	0.0
2788	2025	Gregory Santos	SEA	1	1	0	8	0	7.0	0.00	10.29	0.00	.286	62.5%	63.0%	0.0%		5.14	6.78	6.56	7.89	-0.2
2789	2025	Owen White	CHW	0	0	0	3	0	7.0	7.71	3.86	1.29	.520	64.1%	42.3%	16.7%	92.1	9.00	6.58	4.56	4.03	0.0
2790	2025	Logan Gillaspie	SDP	0	0	0	3	0	7.0	5.14	5.14	1.29	.286	94.3%	45.5%	16.7%	95.5	2.57	7.13	5.99	5.46	-0.2
2791	2026	Tanner Rainey	DET	0	0	0	6	0	7.0	7.71	10.29	0.00	.188	75.0%	25.0%	0.0%	96.8	3.86	4.25	5.24	6.97	-0.1
2792	2026	Michael Grove	TBR	1	0	0	3	0	7.0	7.71	0.00	3.86	.211	71.4%	27.3%	27.3%	94.8	5.14	8.45	6.96	3.76	-0.1
2793	2026	DJ Herz	WSN	0	1	0	2	2	7.0	7.71	3.86	3.86	.348	61.2%	34.6%	25.0%	93.1	10.29	11.80	8.24	5.26	-0.2
2794	2026	Jared Koenig	MIL	0	0	0	9	0	7.0	9.00	9.00	1.29	.440	59.1%	50.0%	11.1%	96.1	9.00	4.88	6.39	6.47	-0.1
2795	2026	Matt Pushard	STL	0	0	0	6	0	7.0	7.71	5.14	0.00	.286	54.5%	35.0%	0.0%	95.0	5.14	5.21	3.53	5.25	0.0
2796	2026	Austin Peterson	CLE	0	1	0	2	0	7.0	10.29	2.57	2.57	.133	100.0%	52.9%	28.6%	92.0	2.57	5.67	5.39	3.18	-0.1
2797	2023	Ryan Sherriff	BOS	0	0	0	5	0	6.2	6.75	2.70	0.00	.286	77.8%	30.0%	0.0%		2.70	4.27	3.11	5.34	0.1
2798	2023	Sam Coonrod	NYM	0	0	0	10	0	6.2	8.10	10.80	0.00	.278	53.3%	61.1%	0.0%	95.9	9.45	4.91	5.96	6.70	-0.1
2799	2023	Matt Gage	HOU	0	0	0	5	0	6.2	10.80	4.05	1.35	.333	92.1%	46.7%	50.0%	94.0	2.70	3.51	4.16	2.70	0.0
2800	2023	Brooks Kriske	KCR	0	0	0	4	0	6.2	8.10	5.40	2.70	.077	95.2%	13.3%	25.0%	95.1	4.05	6.85	7.16	5.24	-0.1
2801	2023	Easton McGee	SEA	0	0	0	1	1	6.2	2.70	1.35	0.00	.053	100.0%	47.4%	0.0%	90.1	0.00	2.97	3.11	4.84	0.2
2802	2023	Easton Lucas	OAK	0	0	0	6	0	6.2	9.45	5.40	1.35	.391	63.5%	37.5%	11.1%	93.6	8.10	4.88	4.91	5.19	0.0
2803	2023	Luke Little	CHC	0	0	0	7	0	6.2	16.20	5.40	0.00	.385	100.0%	53.8%	0.0%	96.7	0.00	3.82	1.91	2.65	0.1
2804	2024	Matt Foster	CHW	0	1	0	6	1	6.2	5.40	6.75	1.35	.200	93.0%	28.6%	8.3%	91.9	2.70	7.45	6.17	6.94	-0.1
2805	2024	Jonathan Bermúdez	MIA	0	1	0	3	1	6.2	5.40	2.70	2.70	.391	73.8%	40.0%	16.7%	89.0	8.10	5.57	7.67	6.49	-0.2
2806	2024	Isaiah Campbell	BOS	0	1	0	8	0	6.2	8.10	2.70	4.05	.423	25.4%	51.7%	50.0%	93.8	16.20	8.29	8.12	3.63	-0.4
2807	2024	Kyle Hurt	LAD	0	1	0	3	1	6.2	4.05	1.35	0.00	.348	77.8%	34.8%	0.0%	95.5	1.35	6.08	2.72	4.08	0.1
2808	2024	Brandon Eisert	TOR	0	0	0	3	0	6.2	2.70	5.40	0.00	.250	66.7%	55.0%	0.0%	91.2	4.05	4.82	4.37	5.95	0.0
2809	2024	Grant Hartwig	NYM	0	0	0	4	0	6.2	5.40	5.40	1.35	.250	56.6%	38.1%	10.0%		6.75	5.83	6.62	6.93	-0.1
2810	2025	José De León	BOS	1	0	0	1	1	6.2	10.80	4.05	1.35	.438	83.3%	29.4%	12.5%	90.6	4.05	3.26	4.04	3.94	0.1
2811	2025	Justin Garza	NYM	0	0	0	5	0	6.2	4.05	1.35	1.35	.304	65.8%	37.5%	11.1%	96.0	5.40	6.13	4.64	4.77	0.0
2812	2025	Zach Pop	2 Tms	0	1	0	5	0	6.2	4.05	2.70	5.40	.379	48.4%	54.5%	80.0%	96.1	14.85	10.71	11.39	4.74	-0.4
2813	2025	Seth Martinez	MIA	0	0	0	6	0	6.2	5.40	4.05	2.70	.111	71.4%	20.0%	15.4%	90.1	5.40	6.37	7.19	6.29	-0.2
2814	2025	Cam Sanders	PIT	0	0	0	6	0	6.2	5.40	6.75	2.70	.304	71.4%	24.0%	15.4%	95.5	8.10	9.30	8.09	7.19	-0.2
2815	2025	Joe La Sorsa	CIN	0	1	0	5	0	6.2	2.70	2.70	5.40	.360	63.8%	29.6%	28.6%	92.2	10.80	5.47	11.24	6.67	-0.4
2816	2025	Tommy Henry	ARI	0	0	0	2	0	6.2	10.80	1.35	4.05	.231	100.0%	60.0%	75.0%	88.9	4.05	8.10	7.49	2.56	-0.2
2817	2025	Cristian Mena	ARI	1	0	0	3	0	6.2	10.80	4.05	1.35	.143	100.0%	53.3%	25.0%	95.2	1.35	3.05	4.04	3.01	0.1
2818	2025	Troy Taylor	SEA	0	0	0	8	0	6.2	2.70	4.05	2.70	.414	59.2%	23.3%	13.3%	96.9	12.15	11.41	8.24	7.80	-0.2
2819	2026	Marco Gonzales	TEX	0	0	1	3	0	6.2	4.05	5.40	0.00	.318	90.9%	33.3%	0.0%	90.2	1.35	2.96	4.00	6.49	0.0
2820	2026	Manuel Rodríguez	TBR	0	0	0	6	0	6.2	13.50	10.80	1.35	.333	88.2%	53.3%	33.3%	95.7	2.70	5.35	6.10	4.83	-0.1
2821	2026	J.P. France	HOU	0	0	0	3	0	6.2	5.40	6.75	1.35	.250	56.6%	47.6%	11.1%	92.5	8.10	8.29	6.55	6.64	-0.1
2822	2026	Parker Mushinski	COL	1	0	0	8	0	6.2	0.00	6.75	0.00	.310	85.7%	37.9%	0.0%	92.5	2.70	6.87	5.35	7.84	0.0
2823	2026	Brian Fitzpatrick	MIL	0	0	0	5	0	6.2	6.75	4.05	0.00	.318	80.0%	54.5%	0.0%	93.8	1.35	2.73	2.95	4.54	0.1
2824	2023	Fernando Abad	COL	1	0	0	6	0	6.1	2.84	4.26	2.84	.360	98.2%	37.0%	18.2%	93.3	4.26	9.36	8.15	6.92	-0.1
2825	2023	Enmanuel De Jesus	MIA	0	0	0	2	0	6.1	7.11	5.68	0.00	.409	50.0%	40.9%	0.0%	93.6	11.37	7.11	4.99	6.30	0.0
2826	2023	Jacob Latz	TEX	0	0	0	3	0	6.1	7.11	4.26	0.00	.071	100.0%	35.7%	0.0%	94.5	0.00	2.23	3.10	5.19	0.1
2827	2024	Brandon Leibrandt	CIN	0	0	0	2	0	6.1	7.11	2.84	4.26	.364	68.2%	56.0%	37.5%	88.9	9.95	3.85	8.69	4.44	-0.2
2828	2025	Tyler Matzek	NYY	0	0	0	7	0	6.1	9.95	7.11	0.00	.478	81.3%	30.4%	0.0%	94.5	4.26	5.30	3.29	5.97	0.1
2829	2025	Wander Suero	ATL	0	0	0	5	0	6.1	9.95	5.68	4.26	.389	61.2%	33.3%	23.1%		11.37	4.04	8.98	5.98	-0.2
2830	2025	Spencer Turnbull	TOR	1	1	0	3	1	6.1	5.68	5.68	1.42	.458	75.3%	48.0%	11.1%		7.11	5.99	5.82	5.96	-0.1
2831	2025	Dillon Tate	TOR	0	0	0	6	0	6.1	11.37	8.53	1.42	.389	88.2%	26.3%	12.5%	90.6	4.26	6.57	5.98	5.87	-0.1
2832	2026	Wyatt Mills	LAD	0	0	0	6	0	6.1	7.11	12.79	0.00	.250	68.8%	36.8%	0.0%	90.4	5.68	5.97	6.73	8.40	-0.1
2833	2026	Kervin Castro	NYY	0	0	0	5	0	6.1	11.37	2.84	0.00	.231	80.0%	53.8%	0.0%	93.7	1.42	2.29	1.52	2.48	0.1
2834	2026	Ricky Vanasco	DET	0	1	0	5	0	6.1	5.68	8.53	2.84	.429	46.5%	43.3%	13.3%	94.0	15.63	7.27	8.78	8.26	-0.2
2835	2023	Adam Kolarek	2 Tms	0	0	0	5	0	6.0	10.50	1.50	0.00	.154	100.0%	66.7%	0.0%	89.2	0.00	1.78	1.92	2.75	0.2
2836	2023	Zack Short	DET	0	0	0	6	0	6.0	1.50	1.50	0.00	.414	71.4%	20.7%	0.0%	62.5	6.00	9.73	3.92	6.95	0.0
2837	2023	Zach Muckenhirn	NYM	0	0	0	3	0	6.0	4.50	3.00	0.00	.440	71.4%	40.0%	0.0%	91.3	6.00	6.46	3.76	6.51	0.0
2838	2024	Matt Andriese	MIA	0	1	0	4	0	6.0	10.50	1.50	3.00	.313	57.7%	50.0%	25.0%	91.6	6.00	4.77	5.67	3.35	-0.1
2839	2024	J.B. Bukauskas	MIL	0	0	0	6	0	6.0	9.00	1.50	1.50	.143	100.0%	46.7%	20.0%		1.50	7.17	3.83	2.93	0.0
2840	2024	Luis Contreras	HOU	0	0	0	5	0	6.0	9.00	3.00	0.00	.389	33.3%	33.3%	0.0%	91.8	9.00	3.45	2.17	3.93	0.1
2841	2024	Jairo Iriarte	CHW	0	1	0	6	0	6.0	9.00	12.00	0.00	.188	72.7%	50.0%	0.0%	94.1	1.50	4.34	5.17	6.93	0.0
2842	2024	Jack Neely	CHC	0	0	0	6	0	6.0	10.50	3.00	3.00	.353	55.6%	31.6%	28.6%	96.4	9.00	5.49	6.17	3.60	-0.1
2843	2025	Carl Edwards Jr.	2 Tms	0	0	0	4	0	6.0	9.00	4.50	1.50	.214	71.4%	40.0%	14.3%		4.50	3.28	4.80	4.43	0.0
2844	2025	Miguel Castro	CHW	0	0	0	6	0	6.0	6.00	7.50	1.50	.235	62.5%	50.0%	12.5%	95.3	7.50	5.13	6.97	6.86	-0.1
2845	2025	Luke Williams	ATL	0	0	0	6	0	6.0	6.00	1.50	1.50	.263	89.3%	25.0%	9.1%	63.0	3.00	3.89	4.47	5.13	0.0
2846	2025	Bruce Zimmermann	MIL	0	1	0	1	1	6.0	1.50	3.00	3.00	.217	48.4%	60.0%	22.2%	90.5	7.50	4.36	8.14	6.11	-0.2
2847	2025	Jonah Bride	MIN	0	0	0	4	0	6.0	3.00	4.50	1.50	.448	51.1%	23.3%	6.3%	72.8	15.00	7.76	7.14	9.08	-0.1
2848	2025	Anthony Maldonado	ATH	0	0	0	6	0	6.0	10.50	7.50	4.50	.389	64.8%	19.0%	30.0%	92.4	12.00	7.19	9.80	5.87	-0.2
2849	2025	Chase Petty	CIN	0	3	0	3	2	6.0	10.50	12.00	4.50	.524	47.9%	25.0%	33.3%	96.5	19.50	11.07	11.80	7.61	-0.3
2850	2026	Carl Edwards Jr.	NYM	0	0	0	2	0	6.0	16.50	6.00	1.50	.222	100.0%	40.0%	25.0%		1.50	2.77	3.60	2.44	0.0
2851	2026	Lou Trivino III	2 Tms	0	0	0	5	0	6.0	10.50	10.50	1.50	.450	48.2%	38.1%	12.5%	94.4	15.00	4.65	6.93	6.78	-0.1
2852	2026	Brandon Leibrandt	CIN	0	0	0	1	0	6.0	4.50	4.50	3.00	.364	78.4%	30.4%	15.4%	87.9	7.50	9.19	7.93	6.87	-0.1
2853	2026	Tyler Gilbert	CHW	0	0	0	5	1	6.0	6.00	6.00	3.00	.455	60.6%	37.5%	20.0%	91.2	12.00	9.99	8.10	6.28	-0.2
2854	2026	Cole Irvin	LAD	0	1	0	1	0	6.0	7.50	4.50	1.50	.350	56.6%	45.0%	16.7%	90.5	9.00	6.87	5.60	4.94	-0.1
2855	2026	Carson Spiers	CIN	0	0	0	2	0	6.0	9.00	0.00	6.00	.143	100.0%	44.4%	50.0%	91.9	7.50	9.14	9.77	3.11	-0.2
2856	2026	Yilber Díaz	2 Tms	0	0	0	5	0	6.0	9.00	7.50	3.00	.476	42.3%	21.7%	18.2%	96.9	16.50	11.57	7.93	6.37	-0.1
2857	2026	Ricky Tiedemann	TOR	0	0	0	5	0	6.0	12.00	9.00	0.00	.357	91.7%	23.1%	0.0%	96.0	1.50	5.23	3.93	4.94	0.0
2858	2026	Marco Raya	MIN	0	0	0	3	0	6.0	6.00	4.50	1.50	.235	90.9%	44.4%	16.7%	94.4	3.00	5.02	5.43	4.78	-0.1
2859	2023	Tejay Antone	CIN	0	0	0	5	1	5.2	11.12	3.18	0.00	.250	80.0%	66.7%	0.0%	94.3	1.59	2.86	1.84	2.43	0.2
2860	2023	Reiss Knehr	SDP	0	1	0	4	1	5.2	6.35	7.94	4.76	.350	46.3%	26.1%	37.5%	93.4	15.88	18.33	11.37	6.82	-0.3
2861	2023	Garrett Acton	OAK	0	0	0	6	0	5.2	7.94	7.94	4.76	.333	64.8%	33.3%	25.0%	95.8	12.71	9.43	11.55	8.17	-0.4
2862	2024	Daniel Robert	TEX	1	0	0	4	0	5.2	9.53	3.18	1.59	.333	93.0%	12.5%	9.1%	95.1	3.18	3.78	5.46	6.10	0.0
2863	2024	Steven Cruz	KCR	0	0	0	5	0	5.2	6.35	0.00	0.00	.071	100.0%	42.9%	0.0%	98.0	0.00	1.30	1.75	3.36	0.1
2864	2024	Justin Bruihl	PIT	0	0	0	7	0	5.2	7.94	1.59	1.59	.421	52.1%	60.0%	20.0%		9.53	3.58	4.75	3.79	0.0
2865	2024	Zach Brzykcy	WSN	0	0	0	6	0	5.2	6.35	4.76	3.18	.368	32.6%	28.6%	18.2%	94.0	14.29	8.05	7.93	6.28	-0.1
2866	2025	Mike Clevinger	CHW	0	2	0	8	0	5.2	4.76	12.71	0.00	.250	61.5%	50.0%	0.0%	94.3	7.94	4.89	6.31	8.22	-0.1
2867	2025	Michael Fulmer	2 Tms	0	0	0	3	0	5.2	4.76	3.18	1.59	.294	75.8%	22.2%	9.1%	93.5	4.76	9.76	5.43	6.13	0.0
2868	2025	Evan Phillips	LAD	0	0	1	7	0	5.2	9.53	3.18	0.00	.286	100.0%	64.3%	0.0%	95.7	0.00	2.22	2.08	2.62	0.2
2869	2025	Triston McKenzie	CLE	0	0	0	4	0	5.2	6.35	11.12	1.59	.333	55.6%	21.1%	12.5%	94.0	11.12	11.64	7.72	7.61	-0.1
2870	2025	Trevor Richards	2 Tms	0	0	0	5	0	5.2	7.94	3.18	0.00	.500	61.5%	33.3%	0.0%	91.3	7.94	3.46	2.43	4.88	0.1
2871	2025	Robert Gasser	MIL	0	2	0	2	2	5.2	7.94	6.35	1.59	.235	52.1%	35.3%	11.1%	93.0	3.18	4.97	6.84	7.00	-0.1
2872	2026	Taylor Rashi	2 Tms	1	0	0	4	0	5.2	7.94	4.76	1.59	.294	52.6%	44.4%	14.3%	90.3	7.94	5.63	5.22	4.79	-0.1
2873	2026	Carter Baumler	TEX	0	0	0	4	0	5.2	9.53	9.53	1.59	.231	93.8%	28.6%	14.3%	95.2	3.18	5.63	6.98	6.55	-0.1
2874	2026	Alex Cook	TBR	0	0	0	4	0	5.2	7.94	3.18	1.59	.188	65.2%	17.6%	10.0%	95.7	4.76	2.05	4.69	5.06	0.0
2875	2023	Zach McAllister	NYY	0	0	0	7	0	5.1	8.44	3.38	3.38	.368	54.3%	30.0%	22.2%	91.8	10.13	7.52	7.94	5.86	-0.2
2876	2023	Dereck Rodríguez	2 Tms	0	0	0	4	0	5.1	1.69	8.44	3.38	.318	44.6%	45.8%	16.7%	90.5	15.19	11.13	10.57	9.41	-0.2
2877	2023	Cole Sulser	ARI	0	0	0	4	0	5.1	6.75	5.06	3.38	.214	76.9%	25.0%	33.3%	93.1	6.75	7.80	8.32	5.30	-0.2
2878	2023	Nick Nelson	PHI	1	0	0	1	0	5.1	5.06	3.38	1.69	.071	100.0%	53.3%	20.0%	94.3	1.69	4.81	5.69	4.81	0.0
2879	2023	Kolton Ingram	LAA	0	0	0	5	0	5.1	11.81	8.44	3.38	.375	58.8%	35.3%	22.2%	92.5	8.44	7.29	8.32	6.23	-0.1
2880	2023	Caleb Kilian	CHC	0	1	0	3	1	5.1	8.44	3.38	0.00	.591	47.4%	52.4%	0.0%	93.9	16.88	8.33	4.76	5.69	0.0
2881	2023	Kyle Nicolas	PIT	0	0	0	4	0	5.1	11.81	6.75	1.69	.462	47.2%	50.0%	25.0%	96.8	11.81	4.22	5.88	4.68	-0.1
2882	2024	Casey Kelly	CIN	0	0	1	2	0	5.1	6.75	1.69	1.69	.267	65.2%	37.5%	12.5%	90.9	5.06	3.65	4.67	4.50	0.0
2883	2024	Amir Garrett	LAA	0	0	0	6	0	5.1	18.56	8.44	1.69	.429	78.9%	25.0%	16.7%	95.7	5.06	3.37	4.29	3.55	0.0
2884	2024	Nick Nelson	PHI	0	0	0	4	0	5.1	13.50	3.38	0.00	.533	72.7%	33.3%	0.0%	94.8	5.06	3.16	1.85	3.84	0.1
2885	2024	Isaac Mattson	PIT	0	0	0	3	0	5.1	10.13	8.44	0.00	.091	57.1%	54.5%	0.0%	94.0	5.06	5.49	4.29	5.14	0.0
2886	2024	Jonathan Heasley	BAL	0	1	0	4	0	5.1	6.75	5.06	3.38	.421	26.8%	66.7%	50.0%	93.5	16.88	8.56	8.79	5.05	-0.2
2887	2024	Jose E. Hernandez	PIT	1	1	1	7	0	5.1	6.75	6.75	1.69	.250	92.1%	17.6%	10.0%	93.4	3.38	9.78	6.35	6.75	-0.2
2888	2024	Victor Mederos	LAA	0	1	0	4	0	5.1	8.44	10.13	1.69	.400	51.7%	43.8%	20.0%	97.3	11.81	11.23	7.10	6.08	-0.1
2889	2024	Kodai Senga	NYM	1	0	0	1	1	5.1	15.19	1.69	1.69	.125	76.9%	22.2%	33.3%	96.0	3.38	4.53	3.35	1.77	0.1
2890	2025	Enrique Hernández	LAD	0	0	0	5	0	5.1	1.69	13.50	1.69	.370	45.5%	46.4%	10.0%	84.2	15.19	9.34	9.70	10.15	-0.1
2891	2025	Nick Burdi	BOS	0	0	0	4	0	5.1	8.44	3.38	0.00	.357	100.0%	57.1%	0.0%	94.8	0.00	4.81	2.39	2.96	0.1
2892	2025	Erik Swanson	TOR	1	0	0	6	0	5.1	5.06	8.44	3.38	.316	44.6%	23.8%	15.4%	92.8	15.19	6.44	10.26	9.14	-0.2
2893	2025	Darren McCaughan	MIN	0	0	0	3	0	5.1	10.13	1.69	0.00	.313	83.3%	18.8%	0.0%	89.9	1.69	2.66	1.45	4.63	0.1
2894	2025	Michel Otañez	ATH	0	0	0	6	0	5.1	10.13	8.44	3.38	.357	49.0%	37.5%	25.0%	97.3	13.50	7.59	9.14	6.57	-0.2
2895	2025	Randy Dobnak	MIN	0	0	0	1	0	5.1	1.69	3.38	1.69	.067	100.0%	50.0%	20.0%	92.4	1.69	5.73	6.32	5.33	-0.1
2896	2025	Connor Thomas	MIL	0	0	0	2	0	5.1	8.44	3.38	5.06	.450	27.8%	31.8%	42.9%	90.1	20.25	11.90	10.26	4.97	-0.2
2897	2026	Tyler Heineman	2 Tms	0	0	0	5	0	5.1	0.00	1.69	3.38	.304	55.6%	32.0%	22.2%	50.9	10.13	7.53	8.54	6.21	-0.1
2898	2026	Braxton Roxby	SFG	0	0	0	4	0	5.1	5.06	3.38	0.00	.316	77.8%	52.6%	0.0%	94.4	3.38	3.23	3.66	5.64	0.1
2899	2026	Eric Cerantola	KCR	0	0	0	4	0	5.1	11.81	16.88	3.38	.250	71.4%	50.0%	50.0%	94.4	10.13	7.42	10.98	7.23	-0.3
2900	2026	Brody Hopkins	TBR	0	0	0	6	0	5.1	11.81	10.13	1.69	.100	75.8%	36.4%	25.0%	100.0	5.06	3.03	6.29	4.98	-0.1
2901	2023	Liam Hendriks	CHW	2	0	1	5	0	5.0	5.40	1.80	1.80	.200	55.6%	50.0%	16.7%	95.5	5.40	3.84	5.26	4.64	-0.1
2902	2023	Joey Krehbiel	BAL	1	0	0	6	0	5.0	9.00	3.60	1.80	.091	100.0%	25.0%	14.3%	94.4	1.80	3.02	5.06	4.77	0.0
2903	2023	Darren McCaughan	SEA	0	0	0	3	0	5.0	18.00	5.40	1.80	.462	58.1%	64.3%	20.0%	89.4	5.40	3.24	3.66	2.71	0.0
2904	2023	Chris Paddack	MIN	1	0	0	2	0	5.0	14.40	1.80	1.80	.417	71.4%	30.8%	25.0%	95.4	5.40	3.49	3.26	1.98	0.1
2905	2023	Brenan Hanifee	DET	0	0	0	3	0	5.0	5.40	0.00	1.80	.368	75.8%	55.0%	14.3%		5.40	5.08	4.66	4.37	0.0
2906	2023	Packy Naughton	STL	0	0	0	4	0	5.0	9.00	1.80	0.00	.182	100.0%	63.6%	0.0%	93.8	0.00	2.72	1.86	2.85	0.1
2907	2023	David Fry	CLE	0	0	0	2	0	5.0	0.00	1.80	5.40	.318	58.8%	20.0%	20.0%	55.9	12.60	17.42	11.66	8.82	-0.2
2908	2023	Jackson Wolf	SDP	1	0	0	1	1	5.0	1.80	1.80	0.00	.300	57.1%	60.0%	0.0%	89.3	5.40	6.75	3.46	5.11	0.1
2909	2024	Jordan Lyles	KCR	0	0	0	5	0	5.0	5.40	3.60	0.00	.143	100.0%	42.9%	0.0%	90.8	0.00	4.29	3.17	5.59	0.0
2910	2025	Miguel Rojas	LAD	0	0	0	4	0	5.0	0.00	3.60	5.40	.364	71.4%	36.0%	30.0%	57.5	12.60	12.68	12.74	8.02	-0.2
2911	2025	Jesse Hahn	SEA	0	1	0	3	0	5.0	5.40	9.00	1.80	.333	75.5%	73.3%	100.0%	95.4	5.40	6.32	8.14	5.84	-0.2
2912	2025	Jake Bauers	MIL	0	0	0	5	0	5.0	1.80	5.40	0.00	.348	69.2%	26.1%	0.0%	79.4	3.60	7.13	5.74	9.74	0.0
2913	2025	Reynaldo López	ATL	0	0	0	1	1	5.0	1.80	3.60	1.80	.381	83.3%	40.9%	16.7%	95.5	5.40	10.73	6.54	5.79	-0.1
2914	2025	Julian Fernández	2 Tms	1	0	0	4	0	5.0	9.00	3.60	3.60	.091	90.9%	46.2%	40.0%	97.0	5.40	8.46	7.54	3.88	-0.1
2915	2025	Josh Walker	TOR	0	0	0	3	0	5.0	14.40	3.60	0.00	.571	63.6%	35.7%	0.0%	93.2	7.20	4.05	1.74	3.28	0.1
2916	2025	Bobby Miller	LAD	0	0	0	2	1	5.0	12.60	3.60	3.60	.563	62.5%	27.8%	28.6%	97.9	12.60	7.10	7.34	4.29	-0.1
2917	2025	Carson Ragsdale	BAL	0	0	0	2	0	5.0	7.20	1.80	1.80	.474	31.3%	30.0%	10.0%	93.8	14.40	4.78	4.74	5.22	0.0
2918	2026	Michael Kelly	ATH	0	0	0	5	0	5.0	10.80	10.80	1.80	.579	54.2%	25.0%	16.7%	96.0	16.20	9.12	6.90	6.11	-0.1
2919	2026	Kent Emanuel	CIN	0	1	0	1	1	5.0	7.20	5.40	0.00	.333	77.8%	33.3%	0.0%		3.60	3.99	3.90	6.01	0.1
2920	2026	Corbin Martin	CHC	0	0	1	7	0	5.0	7.20	9.00	3.60	.214	55.6%	37.5%	22.2%	95.0	10.80	7.14	9.70	7.22	-0.2
2921	2026	Bruce Zimmermann	STL	0	0	0	1	0	5.0	3.60	1.80	0.00	.333	57.1%	33.3%	0.0%	89.3	5.40	2.82	2.90	5.62	0.1
2922	2026	Gregory Santos	SFG	0	0	0	3	0	5.0	1.80	5.40	0.00	.278	37.5%	50.0%	0.0%	96.3	3.60	6.28	4.50	6.01	0.0
2923	2026	Alek Jacob	SDP	1	0	0	3	0	5.0	10.80	3.60	1.80	.308	75.8%	42.9%	14.3%	84.2	5.40	3.08	5.10	4.61	0.0
2924	2026	Robby Snelling	MIA	0	1	0	1	1	5.0	3.60	7.20	1.80	.267	78.9%	42.9%	20.0%	95.3	5.40	6.12	7.30	6.21	-0.1
2925	2026	Ben Williamson	TBR	0	0	0	5	0	5.0	0.00	1.80	1.80	.211	87.0%	25.0%	9.1%	49.8	3.60	6.01	6.30	7.02	-0.1
2926	2023	Nicholas Padilla	CHW	0	1	0	3	0	4.2	11.57	1.93	1.93	.533	81.4%	12.5%	25.0%		5.79	13.44	4.11	2.74	0.0
2927	2023	Carlos Vargas	ARI	0	0	0	5	0	4.2	13.50	7.71	3.86	.375	97.2%	40.0%	66.7%	99.5	5.79	10.15	9.04	4.53	-0.1
2928	2023	Simeon Woods Richardson	MIN	0	0	0	1	0	4.2	9.64	5.79	1.93	.400	58.1%	40.0%	14.3%	90.9	9.64	5.67	5.83	5.52	0.0
2929	2024	Tucker Davidson	BAL	1	0	0	1	0	4.2	1.93	3.86	0.00	.250	100.0%	56.3%	0.0%	90.9	0.00	2.66	4.02	5.64	0.0
2930	2025	Anthony Misiewicz	MIN	0	0	0	5	0	4.2	9.64	7.71	3.86	.250	64.5%	21.4%	25.0%	92.0	9.64	10.53	9.14	6.21	-0.2
2931	2025	Codi Heuer	2 Tms	0	0	0	3	0	4.2	9.64	3.86	5.79	.091	100.0%	50.0%	50.0%	94.6	5.79	4.65	10.64	4.26	-0.2
2932	2025	Matt Waldron	SDP	0	1	0	1	1	4.2	5.79	11.57	1.93	.333	75.5%	50.0%	25.0%	89.7	7.71	11.15	8.49	7.03	-0.1
2933	2025	Marc Church	TEX	0	0	0	5	0	4.2	9.64	11.57	0.00	.333	80.0%	41.7%	0.0%	96.5	3.86	7.99	4.85	6.83	0.0
2934	2025	Alex Carrillo	NYM	0	1	0	3	0	4.2	7.71	3.86	7.71	.182	58.8%	13.3%	36.4%	97.8	13.50	15.43	14.49	6.98	-0.5
2935	2026	Garrett Stubbs	PHI	0	0	0	5	0	4.2	0.00	1.93	1.93	.333	58.1%	22.7%	9.1%	65.6	9.64	11.75	7.17	7.95	-0.1
2936	2026	Ian Hamilton	ATL	0	0	0	4	0	4.2	7.71	5.79	0.00	.375	55.6%	68.8%	0.0%	94.7	7.71	5.04	3.32	3.96	0.0
2937	2026	Tyler Tolbert	KCR	0	0	0	5	0	4.2	0.00	5.79	7.71	.520	51.9%	37.9%	50.0%	46.5	25.07	22.20	16.82	8.26	-0.3
2938	2026	Javier Sanoja	MIA	0	0	0	5	0	4.2	1.93	1.93	3.86	.409	58.8%	20.8%	12.5%	60.3	13.50	10.85	9.53	9.13	-0.1
2939	2026	José Rodríguez	TOR	0	0	0	4	0	4.2	9.64	0.00	0.00	.273	100.0%	30.0%	0.0%	98.0	0.00	2.88	0.96	2.25	0.2
2940	2026	Ben Casparius	LAD	0	1	0	5	0	4.2	7.71	7.71	1.93	.357	58.1%	26.7%	14.3%	96.2	9.64	6.67	6.74	6.22	-0.1
2941	2023	Luke Maile	CIN	0	0	0	4	0	4.1	0.00	0.00	8.31	.381	62.5%	8.0%	25.0%	67.6	16.62	23.92	15.26	9.36	-0.2
2942	2023	Spenser Watkins	OAK	0	1	0	1	1	4.1	8.31	4.15	4.15	.385	64.5%	26.7%	25.0%	90.9	10.38	6.95	8.79	5.85	-0.1
2943	2024	Anthony Gose	CLE	0	0	0	3	0	4.1	8.31	2.08	4.15	.467	69.4%	47.1%	40.0%	95.9	10.38	10.50	8.01	3.76	-0.1
2944	2024	Enrique Hernández	LAD	0	0	0	4	0	4.1	0.00	0.00	0.00	.278	60.0%	11.1%	0.0%	51.9	4.15	7.51	3.17	5.61	0.0
2945	2024	Austin Pruitt	TEX	0	0	0	4	0	4.1	2.08	6.23	6.23	.294	73.5%	25.0%	37.5%	91.9	12.46	26.59	13.78	7.57	-0.4
2946	2024	Dinelson Lamet	LAD	0	0	1	3	0	4.1	6.23	4.15	2.08	.083	76.9%	38.5%	12.5%	93.8	2.08	4.59	6.17	5.96	-0.1
2947	2024	Eli Villalobos	MIA	0	0	0	3	0	4.1	6.23	4.15	2.08	.167	100.0%	23.1%	16.7%	93.5	2.08	6.95	6.17	5.26	0.0
2948	2024	Ty Adcock	NYM	0	0	0	3	0	4.1	6.23	4.15	8.31	.250	58.8%	25.0%	44.4%	96.5	14.54	12.37	15.17	6.31	-0.4
2949	2024	AJ Smith-Shawver	ATL	0	0	0	1	1	4.1	8.31	4.15	0.00	.250	100.0%	25.0%	0.0%	96.4	0.00	2.83	2.70	5.15	0.2
2950	2025	Jordan Weems	HOU	0	1	0	4	0	4.1	0.00	6.23	0.00	.450	41.7%	25.0%	0.0%	95.6	14.54	10.88	5.21	7.70	0.0
2951	2025	Luis Vázquez	BAL	0	0	0	4	0	4.1	0.00	2.08	0.00	.231	100.0%	69.2%	0.0%	35.9	0.00	6.55	3.83	4.89	0.0
2952	2025	Joey Gerber	TBR	0	0	0	2	0	4.1	8.31	0.00	2.08	.200	100.0%	45.5%	16.7%	93.7	2.08	1.26	4.29	3.42	0.0
2953	2025	Ben Joyce	LAA	1	0	0	5	0	4.1	2.08	2.08	2.08	.235	43.5%	38.9%	12.5%	101.6	6.23	6.12	6.37	6.21	-0.2
2954	2026	John Brebbia	COL	0	0	0	3	0	4.1	4.15	0.00	4.15	.294	47.6%	31.6%	20.0%	92.2	10.38	7.98	8.18	5.66	-0.1
2955	2026	Austin Hedges	CLE	0	0	0	4	0	4.1	2.08	0.00	0.00	.368	57.1%	52.6%	0.0%	69.9	6.23	2.39	2.64	4.73	0.0
2956	2026	Juan Burgos	ARI	0	0	0	4	0	4.1	0.00	0.00	0.00	.188	75.0%	46.7%	0.0%	97.3	2.08	3.12	3.79	6.58	0.0
2957	2026	Jose Corniell	TEX	0	1	0	2	0	4.1	8.31	8.31	4.15	.500	41.0%	15.8%	20.0%	94.4	20.77	5.88	10.02	7.51	-0.2
2958	2026	River Ryan	DET	0	1	0	2	2	4.1	12.46	6.23	2.08	.364	90.9%	25.0%	33.3%	97.2	4.15	5.08	5.41	3.45	0.0
2959	2026	Jared Simpson	WSN	1	1	0	4	1	4.1	8.31	14.54	0.00	.111	37.5%	22.2%	0.0%	94.4	10.38	8.88	6.10	6.80	-0.1
2960	2023	Paolo Espino	WSN	0	0	0	3	0	4.0	6.75	6.75	2.25	.619	38.5%	22.7%	14.3%	88.9	24.75	15.45	7.26	6.90	-0.1
2961	2023	Tucker Barnhart	CHC	0	0	0	4	0	4.0	0.00	0.00	0.00	.368	85.7%	47.4%	0.0%	74.8	2.25	8.70	3.26	5.74	0.0
2962	2023	Mychal Givens	BAL	0	1	0	6	0	4.0	4.50	13.50	0.00	.308	45.5%	46.2%	0.0%	91.6	11.25	11.50	7.51	8.33	-0.1
2963	2023	Matt Bowman	NYY	0	0	0	3	0	4.0	6.75	4.50	2.25	.357	60.6%	46.7%	25.0%	92.3	9.00	5.70	6.51	4.91	-0.1
2964	2023	Wes Parsons	TOR	0	1	0	1	1	4.0	6.75	6.75	4.50	.471	44.6%	31.6%	28.6%	94.0	20.25	7.61	11.26	7.65	-0.2
2965	2023	Matt Dermody	BOS	0	1	0	1	1	4.0	2.25	2.25	4.50	.167	93.8%	50.0%	50.0%	91.8	6.75	9.56	10.76	5.91	-0.2
2966	2023	Isiah Kiner-Falefa	NYY	0	0	0	4	0	4.0	2.25	0.00	0.00	.267	75.0%	20.0%	0.0%	72.8	2.25	6.59	2.76	6.89	0.1
2967	2023	Zack Burdi	TBR	0	0	0	3	0	4.0	11.25	4.50	0.00	.462	25.0%	46.2%	0.0%	94.4	11.25	5.42	2.26	4.32	0.1
2968	2023	Matt Krook	NYY	0	0	0	4	0	4.0	6.75	13.50	2.25	.412	23.8%	61.1%	20.0%		24.75	5.73	9.51	8.32	-0.1
2969	2023	Geoff Hartlieb	MIA	0	0	0	2	0	4.0	6.75	6.75	2.25	.111	100.0%	30.0%	16.7%	95.9	2.25	4.47	7.26	6.49	0.0
2970	2023	Owen White	TEX	0	1	0	2	0	4.0	9.00	4.50	4.50	.273	47.6%	50.0%	50.0%	93.2	11.25	4.77	9.26	4.41	-0.1
2971	2023	Ethan Small	MIL	0	0	1	2	0	4.0	13.50	4.50	2.25	.571	62.5%	26.7%	16.7%	92.2	11.25	8.10	5.01	4.24	0.0
2972	2023	John McMillon	KCR	0	0	0	4	0	4.0	18.00	0.00	2.25	.000	100.0%	20.0%	25.0%	99.0	2.25	1.58	2.51	0.91	0.1
2973	2024	Bryan Shaw	CHW	0	1	0	5	0	4.0	9.00	9.00	2.25	.467	66.0%	25.0%	12.5%		9.00	7.53	7.42	7.19	-0.2
2974	2024	Kyle Farmer	MIN	0	0	0	3	0	4.0	0.00	2.25	0.00	.389	62.5%	61.1%	0.0%	41.4	6.75	5.85	3.92	5.81	0.0
2975	2024	Germán Márquez	COL	0	0	0	1	1	4.0	6.75	9.00	2.25	.333	78.9%	46.2%	20.0%	96.3	6.75	6.34	7.92	6.56	-0.1
2976	2024	Jake Bauers	MIL	0	0	0	4	0	4.0	2.25	9.00	0.00	.333	77.8%	13.3%	0.0%	65.2	4.50	8.32	5.67	9.82	0.0
2977	2024	Alan Busenitz	CIN	0	0	0	3	0	4.0	6.75	0.00	2.25	.471	26.3%	38.9%	14.3%	94.5	13.50	9.40	4.92	4.31	0.0
2978	2024	Gerardo Reyes	OAK	0	0	0	3	0	4.0	4.50	6.75	0.00	.308	57.1%	30.8%	0.0%	95.1	4.50	5.62	4.42	6.68	0.0
2979	2024	Daniel Duarte	MIN	1	0	0	2	0	4.0	6.75	2.25	2.25	.100	100.0%	54.5%	25.0%	96.2	2.25	2.83	5.67	3.93	0.0
2980	2024	Garrett Stubbs	PHI	0	0	0	4	0	4.0	0.00	4.50	4.50	.267	19.2%	41.2%	25.0%	59.3	15.75	5.60	11.17	7.69	-0.1
2981	2024	Vladimir Gutierrez	MIA	0	0	0	1	0	4.0	9.00	4.50	2.25	.200	55.6%	18.2%	16.7%	92.9	6.75	3.11	5.92	4.93	-0.1
2982	2024	Caleb Boushley	MIN	0	0	0	2	0	4.0	2.25	4.50	0.00	.353	75.0%	41.2%	0.0%	92.5	4.50	6.98	4.17	6.81	0.0
2983	2024	Jonathan Loáisiga	NYY	1	0	0	3	0	4.0	6.75	2.25	0.00	.438	100.0%	56.3%	0.0%	98.5	0.00	4.29	2.42	3.17	0.1
2984	2024	Emmanuel Rivera	MIA	0	0	0	4	0	4.0	0.00	0.00	2.25	.333	60.6%	26.3%	11.1%	67.2	9.00	6.51	7.17	7.32	0.0
2985	2024	Luke Williams	ATL	0	0	0	3	0	4.0	0.00	2.25	0.00	.294	71.4%	29.4%	0.0%	59.4	4.50	6.88	4.67	6.93	0.0
2986	2024	Ricky Vanasco	2 Tms	1	0	0	4	0	4.0	2.25	0.00	0.00	.214	0.0%	64.3%	0.0%	95.0	6.75	4.15	2.67	3.42	0.1
2987	2024	Zach Penrod	BOS	0	0	0	7	0	4.0	6.75	9.00	0.00	.250	75.0%	33.3%	0.0%	94.7	2.25	5.04	5.42	7.31	0.0
2988	2024	Justin Sterner	TBR	0	0	0	2	0	4.0	9.00	2.25	0.00	.357	66.7%	42.9%	0.0%	93.6	2.25	1.20	1.92	4.56	0.1
2989	2024	Chayce McDermott	BAL	0	0	0	1	1	4.0	6.75	4.50	2.25	.333	71.4%	61.5%	25.0%	94.1	6.75	8.52	6.42	4.68	-0.1
2990	2024	Jackson Jobe	DET	0	0	0	2	0	4.0	4.50	2.25	0.00	.077	100.0%	41.7%	0.0%	97.1	0.00	2.45	2.92	4.81	0.0
2991	2024	Naoyuki Uwasawa	BOS	0	0	0	2	0	4.0	6.75	4.50	0.00	.182	75.0%	36.4%	0.0%	89.9	2.25	2.20	3.17	5.06	0.1
2992	2025	J.P. Feyereisen	2 Tms	0	2	0	4	0	4.0	9.00	2.25	4.50	.563	54.3%	44.4%	25.0%	91.4	11.25	7.69	8.39	4.97	-0.2
2993	2025	Kevin Newman	LAA	0	0	0	2	0	4.0	0.00	0.00	4.50	.143	83.3%	6.3%	14.3%	74.2	6.75	9.00	9.64	8.53	-0.1
2994	2025	Jovani Morán	BOS	0	0	0	2	0	4.0	11.25	6.75	0.00	.417	62.5%	41.7%	0.0%	92.2	6.75	3.98	2.89	4.43	0.0
2995	2025	J.P. France	HOU	1	0	0	2	0	4.0	11.25	4.50	0.00	.222	75.0%	11.1%	0.0%	92.4	2.25	4.15	2.14	4.45	0.1
2996	2025	Tom Cosgrove	CHC	0	0	0	2	0	4.0	6.75	2.25	0.00	.250	75.0%	58.3%	0.0%		2.25	1.50	2.39	3.54	0.1
2997	2025	Christian Koss	SFG	0	0	0	4	0	4.0	0.00	0.00	0.00	.250	100.0%	37.5%	0.0%	83.5	0.00	5.81	3.14	5.45	0.0
2998	2025	Doug Nikhazy	CLE	0	1	0	2	1	4.0	11.25	13.50	0.00	.417	45.5%	25.0%	0.0%	90.4	13.50	8.63	5.14	7.45	0.0
2999	2025	Mason Black	SFG	0	0	0	1	0	4.0	11.25	0.00	4.50	.250	0.0%	35.7%	25.0%	92.9	6.75	4.55	7.14	3.72	-0.1
3000	2026	Miguel Rojas	LAD	0	0	0	4	0	4.0	0.00	2.25	4.50	.368	61.0%	42.9%	28.6%	49.6	13.50	9.28	11.10	7.24	-0.1
3001	2026	James McCann	ARI	0	0	0	4	0	4.0	0.00	6.75	2.25	.421	56.6%	55.0%	16.7%	38.5	11.25	29.05	8.60	7.62	-0.1
3002	2026	Hunter Harvey	CHC	0	1	0	4	0	4.0	9.00	2.25	4.50	.273	93.8%	46.2%	33.3%	96.8	6.75	5.13	8.35	4.12	-0.2
3003	2026	Myles Straw	TOR	0	0	0	4	0	4.0	0.00	2.25	2.25	.389	92.1%	57.9%	20.0%	42.4	4.50	5.85	7.10	5.74	0.0
3004	2026	Julian Fernández	WSN	0	0	0	3	0	4.0	6.75	4.50	2.25	.167	55.6%	25.0%	11.1%	96.6	2.25	3.80	6.35	6.50	0.0
3005	2026	Jonathan Heasley	TBR	0	0	0	1	0	4.0	4.50	0.00	4.50	.400	57.7%	29.4%	25.0%	91.6	11.25	11.89	8.60	5.12	-0.1
3006	2026	Jorbit Vivas	WSN	0	0	0	4	0	4.0	0.00	2.25	2.25	.455	58.8%	34.8%	9.1%	45.6	13.50	14.89	9.35	10.25	-0.1
3007	2026	Josiah Gray	WSN	0	0	1	3	0	4.0	4.50	2.25	0.00	.250	100.0%	41.7%	0.0%	92.5	0.00	2.32	2.85	5.12	0.1
3008	2026	Roddery Muñoz	HOU	0	0	0	3	0	4.0	13.50	13.50	6.75	.400	68.2%	23.1%	50.0%	94.9	15.75	9.40	14.35	6.87	-0.3
3009	2026	Jake Eder	LAD	1	0	0	4	0	4.0	2.25	2.25	0.00	.231	75.0%	30.8%	0.0%	95.4	2.25	10.54	3.35	6.37	0.0
3010	2026	Jeff Criswell	COL	0	0	0	3	0	4.0	6.75	6.75	4.50	.200	100.0%	33.3%	40.0%	95.3	4.50	9.17	10.35	5.74	-0.2
3011	2026	Patrick Monteverde	MIA	0	0	0	1	0	4.0	4.50	2.25	2.25	.286	43.5%	20.0%	10.0%	90.0	9.00	3.96	6.10	6.63	0.0
3012	2026	Woo-Suk Go	MIN	0	0	0	4	0	4.0	11.25	4.50	4.50	.462	83.3%	46.7%	40.0%	94.3	9.00	6.72	8.60	3.99	-0.1
3013	2023	Eduardo Escobar	LAA	0	0	0	3	0	3.2	0.00	2.45	0.00	.143	50.0%	64.3%	0.0%	82.0	2.45	3.16	4.89	6.70	0.0
3014	2023	Austin Hedges	TEX	0	0	0	4	0	3.2	2.45	0.00	2.45	.308	87.0%	7.1%	10.0%	57.9	4.91	3.02	7.07	8.04	0.0
3015	2023	Chi Chi González	MIA	0	0	0	3	0	3.2	7.36	2.45	2.45	.429	75.8%	60.0%	33.3%	93.2	7.36	6.14	5.98	3.79	0.0
3016	2023	Vinny Nittoli	NYM	0	0	0	3	0	3.2	7.36	0.00	0.00	.364	80.0%	27.3%	0.0%		2.45	2.51	2.44	5.59	0.1
3017	2023	Daysbel Hernández	ATL	1	0	0	4	0	3.2	14.73	7.36	2.45	.500	78.9%	18.2%	25.0%	95.8	7.36	5.78	5.98	4.24	0.0
3018	2023	Michael Plassmeyer	PHI	0	1	0	1	1	3.2	9.82	0.00	7.36	.385	14.7%	31.3%	37.5%	89.2	22.09	15.92	14.16	7.14	-0.2
3019	2024	Rich Hill	BOS	0	1	0	4	0	3.2	12.27	7.36	2.45	.000	83.3%	50.0%	50.0%	86.5	4.91	7.21	7.26	4.54	-0.1
3020	2024	Luke Maile	CIN	0	0	0	3	0	3.2	0.00	0.00	2.45	.294	0.0%	33.3%	10.0%	64.4	14.73	7.06	6.71	7.29	0.0
3021	2024	Dan Altavilla	KCR	0	1	0	5	1	3.2	12.27	7.36	2.45	.364	39.5%	54.5%	33.3%	96.8	14.73	6.05	7.26	4.95	-0.1
3022	2024	Clayton Beeter	NYY	0	0	0	3	0	3.2	12.27	2.45	0.00	.444	60.0%	33.3%	0.0%	95.0	4.91	3.55	1.26	2.49	0.1
3023	2025	Jon Berti	CHC	0	0	0	4	0	3.2	0.00	9.82	0.00	.267	62.5%	13.3%	0.0%	56.0	7.36	16.40	6.41	9.35	0.0
3024	2025	Zach Thompson	ATL	0	0	0	2	0	3.2	7.36	2.45	0.00	.000	100.0%	37.5%	0.0%	91.3	0.00	1.24	2.32	4.42	0.1
3025	2025	Jake Rogers	DET	0	0	0	4	0	3.2	0.00	0.00	0.00	.333	83.3%	40.0%	0.0%	75.8	2.45	9.28	3.95	6.06	0.0
3026	2025	Omar Cruz	SDP	0	0	0	2	0	3.2	12.27	7.36	0.00	.400	71.4%	30.0%	0.0%	93.3	4.91	3.64	2.86	4.96	0.0
3027	2025	Rolddy Muñoz	ATL	0	0	0	3	0	3.2	12.27	12.27	2.45	.375	62.5%	55.6%	50.0%		12.27	7.76	9.68	6.98	-0.2
3028	2025	Patrick Monteverde	MIA	0	0	0	1	0	3.2	9.82	2.45	0.00	.600	60.0%	33.3%	0.0%	90.1	9.82	4.38	1.77	4.71	0.1
3029	2025	Philip Abner	ARI	0	0	0	5	0	3.2	12.27	7.36	0.00	.500	75.0%	30.0%	0.0%	90.4	4.91	4.00	2.86	5.39	0.1
3030	2026	Ildemaro Vargas	ARI	0	0	0	3	0	3.2	0.00	7.36	0.00	.231	71.4%	23.1%	0.0%	66.6	4.91	6.39	6.37	9.26	0.0
3031	2026	Zach Eflin	BAL	0	0	0	1	1	3.2	17.18	4.91	2.45	.429	100.0%	50.0%	50.0%	91.9	2.45	3.97	4.46	1.74	0.0
3032	2026	Nick Raquet	BAL	0	0	0	4	0	3.2	2.45	4.91	2.45	.167	65.2%	23.1%	14.3%		7.36	8.09	8.56	7.89	-0.1
3033	2026	Johan Oviedo	BOS	0	0	0	1	0	3.2	7.36	2.45	4.91	.364	76.9%	46.2%	33.3%	92.9	9.82	12.20	10.19	5.57	-0.1
3034	2026	Andrew Wantz	2 Tms	0	0	0	2	0	3.2	2.45	7.36	2.45	.308	46.5%	21.4%	14.3%	94.4	14.73	10.80	10.19	9.53	-0.1
3035	2023	Robbie Ray	SEA	0	1	0	1	1	3.1	8.10	13.50	0.00	.364	44.4%	40.0%	0.0%	93.9	8.10	5.17	5.96	7.44	0.0
3036	2023	Tony Santillan	CIN	1	0	0	3	0	3.1	2.70	13.50	0.00	.333	88.9%	27.3%	0.0%	96.0	2.70	13.53	7.16	8.64	-0.1
3037	2023	Elvin Rodríguez	TBR	0	0	0	1	0	3.1	13.50	0.00	0.00	.000	100.0%	20.0%	0.0%	94.3	0.00	0.72	0.26	1.74	0.2
3038	2023	Spencer Howard	TEX	0	0	0	3	0	3.1	5.40	8.10	2.70	.273	60.6%	50.0%	16.7%	95.7	10.80	4.97	9.56	8.63	-0.1
3039	2023	Clayton Andrews	MIL	0	1	0	4	0	3.1	10.80	5.40	8.10	.538	12.8%	43.8%	60.0%	94.8	27.00	11.74	14.36	5.14	-0.3
3040	2023	McKinley Moore	PHI	0	0	0	3	0	3.1	5.40	13.50	2.70	.364	47.2%	41.7%	20.0%	97.8	18.90	6.23	12.26	10.84	-0.1
3041	2024	David Buchanan	CIN	0	0	0	1	0	3.1	2.70	5.40	0.00	.182	75.0%	27.3%	0.0%		2.70	3.67	4.37	7.54	0.0
3042	2024	Jackson Stephens	ATL	0	0	0	3	0	3.1	5.40	2.70	2.70	.333	100.0%	23.1%	14.3%	92.5	2.70	5.34	7.67	6.94	0.0
3043	2024	Scott Effross	NYY	0	0	0	3	0	3.1	5.40	5.40	2.70	.222	83.3%	60.0%	50.0%	89.9	5.40	8.72	7.67	4.67	-0.1
3044	2024	Forrest Whitley	HOU	0	0	0	3	0	3.1	13.50	8.10	0.00	.455	77.8%	45.5%	0.0%	97.5	0.00	6.07	3.77	4.67	0.0
3045	2024	Tyler Zuber	TBR	0	0	0	2	0	3.1	10.80	5.40	2.70	.250	100.0%	22.2%	16.7%	95.0	2.70	3.70	6.47	5.29	-0.1
3046	2024	Riley Pint	COL	0	0	0	4	0	3.1	18.90	13.50	5.40	.500	43.5%	25.0%	40.0%	94.9	21.60	7.40	13.07	7.53	-0.2
3047	2024	Mike Burrows	PIT	1	0	0	1	0	3.1	5.40	8.10	2.70	.125	83.3%	44.4%	25.0%	94.4	2.70	6.49	8.57	6.48	-0.1
3048	2024	Orlando Ribalta	WSN	0	0	0	4	0	3.1	8.10	5.40	0.00	.588	61.5%	29.4%	0.0%	96.0	13.50	6.16	4.07	6.33	0.0
3049	2024	Edgardo Henriquez	LAD	0	0	1	3	0	3.1	13.50	5.40	0.00	.286	75.0%	42.9%	0.0%	98.8	2.70	1.19	1.97	3.78	0.2
3050	2025	Tyler Heineman	TOR	0	0	0	3	0	3.1	0.00	0.00	2.70	.583	32.1%	40.0%	16.7%	53.1	32.40	16.28	8.84	7.71	-0.1
3051	2025	Jeff Brigham	ARI	0	0	0	4	0	3.1	8.10	2.70	2.70	.462	75.8%	21.4%	20.0%	94.9	8.10	11.46	6.14	4.55	0.0
3052	2025	Angel Perdomo	ATH	0	0	0	4	0	3.1	5.40	8.10	0.00	.200	66.7%	60.0%	0.0%	93.0	5.40	7.94	5.54	6.92	0.0
3053	2025	Matt Krook	ATH	0	0	0	3	0	3.1	8.10	2.70	0.00	.455	66.7%	30.0%	0.0%		5.40	4.38	2.24	4.55	0.1
3054	2025	Geoff Hartlieb	2 Tms	0	0	0	4	0	3.1	13.50	16.20	5.40	.545	53.6%	30.8%	33.3%	94.9	21.60	18.49	13.34	8.31	-0.2
3055	2025	Ezequiel Duran	TEX	0	0	0	4	0	3.1	0.00	0.00	0.00	.091	100.0%	36.4%	0.0%	41.6	0.00	2.02	3.14	5.91	0.0
3056	2025	Caleb Freeman	CHW	0	0	0	5	0	3.1	8.10	2.70	2.70	.364	87.0%	27.3%	20.0%	96.2	5.40	4.58	6.14	4.55	-0.1
3057	2026	Vince Velasquez	CHC	0	0	0	2	0	3.1	2.70	0.00	0.00	.100	100.0%	30.0%	0.0%	92.2	0.00	1.04	2.50	5.22	0.0
3058	2026	Joey Lucchesi	LAA	0	1	0	5	0	3.1	10.80	16.20	2.70	.500	63.5%	69.2%	33.3%	92.5	13.50	8.80	10.90	8.36	-0.3
3059	2026	Weston Wilson	2 Tms	0	0	0	4	0	3.1	0.00	0.00	5.40	.474	48.8%	23.8%	20.0%	51.8	18.90	10.99	10.90	7.63	-0.1
3060	2026	Hunter Stratton	2 Tms	0	0	0	3	0	3.1	8.10	0.00	0.00	.500	66.7%	50.0%	0.0%	96.9	5.40	6.60	1.30	1.75	0.1
3061	2026	Lyon Richardson	2 Tms	0	1	0	3	1	3.1	10.80	8.10	5.40	.000	31.3%	62.5%	66.7%	96.3	13.50	11.77	12.10	5.66	-0.2
3062	2026	Noah Murdock	PIT	0	0	0	3	0	3.1	10.80	8.10	0.00	.375	100.0%	75.0%	0.0%		0.00	2.78	3.40	4.31	0.0
3063	2023	Alex Colomé	CHW	0	1	0	4	0	3.0	6.00	9.00	3.00	.111	27.8%	77.8%	100.0%	93.9	6.00	7.01	9.26	5.47	-0.2
3064	2023	Daniel Hudson	LAD	0	0	1	3	0	3.0	15.00	9.00	0.00	.333	100.0%	50.0%	0.0%	95.5	0.00	2.23	2.92	4.58	0.1
3065	2023	Miguel Rojas	LAD	0	0	0	3	0	3.0	0.00	3.00	0.00	.250	60.0%	50.0%	0.0%	70.0	6.00	3.37	5.26	8.01	0.0
3066	2023	Shane Greene	CHC	0	0	0	2	0	3.0	9.00	6.00	0.00	.286	100.0%	57.1%	0.0%	93.1	0.00	3.46	3.26	4.36	0.0
3067	2023	Sean Nolin	MIA	0	0	0	1	0	3.0	6.00	6.00	6.00	.417	48.4%	35.7%	28.6%	90.8	18.00	15.51	12.59	7.78	-0.1
3068	2023	Thyago Vieira	MIL	0	1	0	2	0	3.0	6.00	3.00	0.00	.000	0.0%	14.3%	0.0%		0.00	4.01	2.92	5.68	0.1
3069	2023	Nick Burdi	CHC	0	0	0	3	0	3.0	12.00	9.00	0.00	.375	50.0%	25.0%	0.0%	98.0	9.00	2.97	3.59	6.34	0.0
3070	2023	José Rodríguez	SEA	0	0	0	1	0	3.0	3.00	3.00	0.00	.300	25.0%	60.0%	0.0%	95.9	9.00	6.32	3.59	4.69	0.0
3071	2023	Nick Hernandez	SDP	0	0	0	2	0	3.0	15.00	12.00	3.00	.333	65.8%	42.9%	25.0%	90.5	12.00	5.78	10.26	8.13	-0.1
3072	2023	Daniel Castano	MIA	0	0	0	2	0	3.0	12.00	9.00	6.00	.455	27.8%	61.5%	40.0%	91.7	21.00	5.88	12.26	6.34	-0.1
3073	2023	Edwin Uceta	NYM	0	0	0	1	0	3.0	9.00	6.00	0.00	.000	100.0%	40.0%	0.0%	93.5	0.00	3.58	4.26	5.91	0.0
3074	2023	Jake Wong	CIN	0	0	0	1	0	3.0	0.00	9.00	0.00	.500	66.7%	66.7%	0.0%	92.5	9.00	7.81	6.26	7.36	0.0
3075	2023	Jonathan Bowlan	KCR	0	1	0	2	1	3.0	9.00	0.00	3.00	.400	100.0%	27.3%	20.0%	95.1	3.00	5.00	5.59	4.01	0.0
3076	2023	Alek Jacob	SDP	0	0	0	3	0	3.0	15.00	3.00	0.00	.000	100.0%	75.0%	0.0%		0.00	0.71	0.92	1.47	0.1
3077	2023	Victor Mederos	LAA	0	0	0	3	0	3.0	9.00	9.00	0.00	.500	66.7%	60.0%	0.0%	95.9	9.00	4.71	5.26	6.91	0.0
3078	2023	Orion Kerkering	PHI	1	0	0	3	0	3.0	18.00	6.00	0.00	.500	80.0%	66.7%	0.0%	98.6	3.00	2.55	1.26	1.26	0.1
3079	2024	Dominic Smith	BOS	0	0	0	3	0	3.0	0.00	3.00	0.00	.200	100.0%	20.0%	0.0%	48.6	0.00	1.56	4.17	7.19	0.0
3080	2024	Luis Guillorme	2 Tms	0	0	0	3	0	3.0	0.00	6.00	3.00	.250	43.5%	53.8%	25.0%	60.3	12.00	5.70	9.50	7.18	-0.1
3081	2024	Andrew Knizner	TEX	0	0	0	2	0	3.0	0.00	6.00	0.00	.111	100.0%	44.4%	0.0%	48.1	0.00	4.62	5.17	6.17	0.0
3082	2024	Connor Brogdon	2 Tms	0	1	0	4	0	3.0	9.00	18.00	12.00	.167	37.0%	30.0%	66.7%	93.3	24.00	24.87	24.50	10.19	-0.6
3083	2024	Owen White	TEX	0	0	0	3	0	3.0	0.00	3.00	3.00	.500	23.3%	41.2%	33.3%	94.5	24.00	10.60	8.50	5.68	-0.1
3084	2024	Joe Jacques	2 Tms	0	0	0	2	0	3.0	6.00	3.00	3.00	.455	75.8%	41.7%	50.0%		9.00	17.05	8.17	4.84	-0.1
3085	2024	Tyler Fitzgerald	SFG	0	0	0	3	0	3.0	0.00	0.00	0.00	.429	50.0%	21.4%	0.0%	59.2	9.00	4.27	3.17	6.69	0.0
3086	2024	Trevor McDonald	SFG	0	0	0	1	0	3.0	3.00	3.00	0.00	.000	100.0%	87.5%	0.0%	93.8	0.00	1.67	3.50	4.00	0.0
3087	2024	Brent Headrick	MIN	0	0	0	1	0	3.0	15.00	6.00	3.00	.200	100.0%	50.0%	33.3%	92.4	3.00	5.35	6.17	3.35	0.0
3088	2024	Cristian Mena	ARI	0	0	0	1	1	3.0	6.00	9.00	6.00	.250	71.4%	40.0%	40.0%	95.4	12.00	10.39	13.50	7.35	-0.2
3089	2025	Austin Hedges	CLE	0	0	0	3	0	3.0	3.00	3.00	0.00	.429	71.4%	35.7%	0.0%	70.6	6.00	9.96	3.47	5.52	0.0
3090	2025	Weston Wilson	PHI	0	0	0	2	0	3.0	0.00	0.00	0.00	.250	100.0%	16.7%	0.0%	52.5	0.00	4.55	3.14	5.70	0.0
3091	2025	Chas McCormick	HOU	0	0	0	3	0	3.0	3.00	6.00	0.00	.300	71.4%	40.0%	0.0%	68.5	6.00	7.17	6.47	8.52	0.0
3092	2025	Jhonny Pereda	ATH	0	0	0	3	0	3.0	9.00	6.00	3.00	.571	41.7%	33.3%	16.7%	88.3	21.00	9.07	7.47	6.22	0.0
3093	2025	Jose Espada	BAL	0	0	0	1	0	3.0	12.00	0.00	0.00	.200	100.0%	40.0%	0.0%	93.8	0.00	0.05	0.47	2.01	0.1
3094	2025	Michael Mercado	PHI	0	0	0	3	0	3.0	12.00	12.00	3.00	.545	62.5%	36.4%	25.0%	96.6	15.00	9.47	8.80	6.52	-0.1
3095	2025	Vinny Capra	CHW	0	0	0	3	0	3.0	3.00	0.00	3.00	.308	27.8%	21.4%	12.5%	52.2	6.00	5.94	6.80	6.58	0.0
3096	2025	Korey Lee	CHW	0	0	0	2	0	3.0	0.00	6.00	0.00	.333	83.3%	33.3%	0.0%	74.4	3.00	8.01	5.14	8.73	0.0
3097	2025	Xzavion Curry	MIA	0	1	0	3	0	3.0	3.00	9.00	0.00	.333	42.9%	36.4%	0.0%	90.9	6.00	4.21	5.47	8.04	-0.1
3098	2025	Ty Adcock	NYM	0	0	0	3	0	3.0	15.00	6.00	3.00	.167	100.0%	16.7%	20.0%	97.2	3.00	2.04	6.14	4.37	0.0
3099	2025	Randy Wynne	CIN	0	0	1	1	0	3.0	9.00	3.00	3.00	.250	100.0%	33.3%	16.7%	90.7	3.00	4.61	6.47	5.22	0.0
3100	2025	Tyler Owens	DET	0	0	0	3	0	3.0	3.00	9.00	0.00	.273	83.3%	45.5%	0.0%	95.3	3.00	7.16	5.47	6.50	0.0
3101	2025	Blas Castaño	SEA	0	0	0	1	0	3.0	3.00	6.00	3.00	.273	71.4%	25.0%	14.3%	93.3	9.00	13.65	9.80	9.07	-0.1
3102	2025	Jack Little	LAD	0	0	0	2	0	3.0	6.00	3.00	0.00	.400	66.7%	30.0%	0.0%	93.6	6.00	2.84	3.80	6.37	0.0
3103	2025	Drey Jameson	ARI	0	1	1	3	0	3.0	0.00	9.00	0.00	.400	71.4%	40.0%	0.0%	98.5	3.00	11.02	6.14	7.68	-0.1
3104	2025	Christian Roa	MIA	0	0	0	2	0	3.0	9.00	9.00	0.00	.167	100.0%	50.0%	0.0%	96.9	0.00	11.21	4.14	5.16	0.0
3105	2025	Yilber Díaz	ARI	0	0	0	1	0	3.0	3.00	9.00	0.00	.364	57.1%	36.4%	0.0%	94.6	9.00	13.15	5.47	7.52	0.0
3106	2025	Drew Sommers	DET	0	1	0	4	0	3.0	9.00	9.00	3.00	.545	52.1%	33.3%	16.7%	93.2	18.00	6.98	9.47	8.22	-0.1
3107	2025	Hunter Barco	PIT	1	0	0	2	0	3.0	9.00	0.00	0.00	.333	100.0%	44.4%	0.0%	93.6	0.00	4.44	1.14	2.68	0.1
3108	2026	Kyle Higashioka	TEX	0	0	0	3	0	3.0	0.00	3.00	3.00	.467	34.9%	18.8%	16.7%	62.7	21.00	20.58	9.43	8.12	-0.1
3109	2026	Carson Kelly	CHC	0	0	0	3	0	3.0	0.00	0.00	6.00	.182	100.0%	30.8%	25.0%	64.7	6.00	9.92	11.77	7.13	-0.1
3110	2026	Ty Blach	CHC	0	0	0	1	0	3.0	6.00	0.00	0.00	.143	100.0%	71.4%	0.0%		0.00	3.01	1.77	2.27	0.0
3111	2026	Thomas Pannone	MIL	0	1	0	1	1	3.0	6.00	6.00	3.00	.222	55.6%	40.0%	25.0%	90.2	6.00	7.39	8.10	5.78	-0.1
3112	2026	Brian Keller	PHI	0	0	0	1	0	3.0	9.00	0.00	3.00	.143	100.0%	25.0%	20.0%	92.1	3.00	5.71	5.43	3.62	0.0
3113	2026	Tanner Houck	BOS	0	1	0	1	1	3.0	3.00	0.00	6.00	.200	83.3%	58.3%	50.0%	93.3	9.00	11.09	11.10	4.45	-0.2
3114	2026	Josh Fleming	TOR	0	0	0	1	0	3.0	3.00	6.00	3.00	.385	65.8%	64.3%	25.0%		12.00	11.25	9.77	7.45	-0.2
3115	2026	Rodolfo Durán	SDP	0	0	0	2	0	3.0	0.00	3.00	6.00	.438	13.9%	27.8%	20.0%		27.00	4.70	12.77	9.13	-0.1
3116	2026	Carlos Hernández	CLE	0	0	0	2	0	3.0	12.00	3.00	3.00	.500	87.0%	22.2%	50.0%	97.8	6.00	15.63	5.77	2.44	0.0
3117	2026	Tanner Andrews	TOR	0	0	0	2	0	3.0	3.00	6.00	0.00	.125	100.0%	50.0%	0.0%	95.1	0.00	3.10	4.43	6.45	0.0
3118	2026	Chase Solesky	TBR	0	0	0	1	0	3.0	12.00	3.00	3.00	.455	89.3%	50.0%	25.0%	93.1	6.00	5.44	5.77	3.45	0.0
3119	2026	Andrew Vaughn	MIL	0	0	0	2	0	3.0	3.00	15.00	12.00	.533	64.5%	42.1%	57.1%	61.3	30.00	18.27	25.77	11.96	-0.3
3120	2026	Blake Walston	ARI	1	0	0	2	0	3.0	6.00	9.00	0.00	.125	50.0%	50.0%	0.0%	91.7	3.00	4.44	4.77	6.78	0.0
3121	2026	Tyler Callihan	PIT	0	0	0	4	0	3.0	3.00	9.00	0.00	.273	100.0%	36.4%	0.0%	69.8	0.00	6.46	5.43	8.45	0.0
3122	2026	Zach Brzykcy	MIA	0	0	0	2	0	3.0	6.00	6.00	0.00	.375	80.0%	75.0%	0.0%	94.2	3.00	3.88	3.77	4.27	0.0
3123	2026	Eiberson Castellano	COL	0	0	1	1	0	3.0	6.00	0.00	0.00	.444	100.0%	55.6%	0.0%	95.6	0.00	6.29	2.77	2.77	0.0
3124	2026	Julian Aguiar	CIN	1	0	0	1	0	3.0	6.00	3.00	0.00	.364	60.0%	45.5%	0.0%	93.5	6.00	2.61	2.77	5.28	0.1
3125	2026	Jonathan Cannon	CHW	0	0	1	2	0	3.0	12.00	15.00	0.00	.444	66.7%	33.3%	0.0%	94.8	9.00	7.75	5.43	7.45	0.0
3126	2026	Troy Taylor	SEA	0	0	0	2	0	3.0	6.00	6.00	3.00	.300	65.2%	36.4%	14.3%	95.6	9.00	3.85	8.10	7.29	-0.1
3127	2023	Michael Mariot	CIN	0	0	0	1	0	2.2	6.75	3.38	3.38	.333	100.0%	30.0%	25.0%	91.7	3.38	5.93	7.76	5.36	-0.1
3128	2023	Carson Kelly	2 Tms	0	0	0	3	0	2.2	3.38	3.38	3.38	.533	81.4%	43.8%	25.0%	59.1	10.13	10.79	8.51	6.11	0.0
3129	2023	Thomas Pannone	MIL	0	0	0	1	0	2.2	13.50	3.38	0.00	.556	66.7%	44.4%	0.0%	89.7	6.75	4.57	1.38	3.86	0.1
3130	2023	Luke Raley	TBR	0	0	0	2	0	2.2	3.38	0.00	6.75	.563	24.4%	27.8%	33.3%	53.6	30.38	24.62	12.26	6.23	-0.1
3131	2023	Kody Clemens	PHI	0	0	0	4	0	2.2	3.38	10.13	0.00	.364	85.7%	27.3%	0.0%	51.8	3.38	8.11	5.88	7.74	0.0
3132	2024	Julio Teheran	NYM	0	0	0	1	1	2.2	10.13	6.75	3.38	.500	60.6%	36.4%	20.0%	91.2	13.50	7.68	8.04	6.00	-0.1
3133	2024	Rowdy Tellez	PIT	0	0	0	3	0	2.2	0.00	3.38	0.00	.417	75.0%	16.7%	0.0%	54.4	6.75	10.75	6.54	9.38	0.0
3134	2024	Jonathan Bowlan	KCR	0	1	0	1	1	2.2	10.13	10.13	10.13	.375	100.0%	36.4%	60.0%	95.6	13.50	6.70	18.92	7.13	-0.3
3135	2025	Robert Stock	BOS	0	0	0	2	0	2.2	3.38	13.50	3.38	.333	75.8%	30.0%	25.0%	95.0	10.13	16.42	11.76	9.20	-0.1
3136	2025	Cody Poteet	BAL	0	0	0	1	0	2.2	3.38	6.75	0.00	.462	37.5%	38.5%	0.0%	92.4	16.88	5.49	4.64	9.26	0.0
3137	2025	Luke Little	CHC	0	0	0	2	0	2.2	13.50	20.25	0.00	.200	71.4%	50.0%	0.0%		3.38	4.68	6.89	8.04	0.0
3138	2025	Christian Montes De Oca	ARI	0	0	0	1	0	2.2	6.75	3.38	0.00	.000	100.0%	50.0%	0.0%	95.9	0.00	0.69	2.76	4.49	0.0
3139	2025	Hayden Harris	ATL	0	0	0	3	0	2.2	0.00	6.75	0.00	.300	80.0%	40.0%	0.0%	91.9	3.38	11.21	5.39	7.12	0.0
3140	2026	Tony Gonsolin	KCR	0	0	0	1	0	2.2	16.88	10.13	3.38	.500	35.7%	57.1%	50.0%	92.1	16.88	5.87	7.60	3.86	0.0
3141	2026	Brooks Kriske	ATH	0	0	0	2	0	2.2	6.75	3.38	0.00	.250	100.0%	25.0%	0.0%	92.5	0.00	2.47	2.73	4.99	0.1
3142	2026	Josh Hendrickson	HOU	0	0	0	2	0	2.2	10.13	0.00	0.00	.333	50.0%	33.3%	0.0%	92.1	3.38	2.01	0.85	1.98	0.2
3143	2026	Kade Strowd	ARI	0	0	0	2	0	2.2	3.38	16.88	0.00	.250	85.7%	14.3%	0.0%	94.1	3.38	13.17	7.98	8.54	-0.1
3144	2026	Tyler Uberstine	BOS	0	1	0	1	0	2.2	6.75	3.38	3.38	.286	100.0%	12.5%	25.0%	93.2	3.38	6.38	7.60	4.99	-0.1
3145	2023	Willi Castro	MIN	0	0	0	3	0	2.1	0.00	7.71	0.00	.333	40.0%	55.6%	0.0%	71.5	11.57	7.18	5.83	7.24	0.0
3146	2023	Nicky Lopez	ATL	0	0	0	2	0	2.1	0.00	7.71	3.86	.300	87.0%	36.4%	16.7%	62.0	7.71	9.14	11.40	10.08	-0.1
3147	2023	Mike Brosseau	MIL	0	0	0	3	0	2.1	0.00	3.86	3.86	.000	100.0%	50.0%	25.0%	69.9	3.86	9.08	10.11	7.38	-0.1
3148	2023	Caleb Boushley	MIL	1	0	0	1	0	2.1	19.29	7.71	3.86	.000	100.0%	33.3%	50.0%	92.1	3.86	3.60	7.11	2.96	-0.1
3149	2023	Cole Waites	SFG	0	0	0	3	0	2.1	7.71	7.71	0.00	.545	37.5%	54.5%	0.0%	95.8	15.43	7.47	4.11	5.53	0.0
3150	2023	Randy Wynne	CIN	0	1	0	1	0	2.1	0.00	3.86	0.00	.300	75.0%	30.0%	0.0%		3.86	14.46	4.54	6.67	0.0
3151	2023	Anthony Veneziano	KCR	0	0	0	2	0	2.1	3.86	7.71	0.00	.222	50.0%	22.2%	0.0%	94.9	0.00	7.30	4.97	8.51	0.0
3152	2024	Justin Topa	MIN	0	0	0	3	0	2.1	7.71	0.00	0.00	.167	100.0%	50.0%	0.0%		0.00	1.06	1.45	2.75	0.1
3153	2024	John Curtiss	COL	0	0	0	3	0	2.1	3.86	0.00	7.71	.444	62.5%	9.1%	33.3%	94.0	15.43	7.51	13.45	6.20	-0.2
3154	2024	Parker Dunshee	ATL	0	0	0	1	0	2.1	11.57	7.71	7.71	.333	47.6%	37.5%	50.0%	92.8	19.29	18.90	15.60	7.04	-0.1
3155	2024	Seth Johnson	PHI	0	1	0	1	1	2.1	0.00	11.57	3.86	.500	20.8%	26.7%	12.5%	95.3	34.71	13.56	12.60	12.21	-0.1
3156	2024	Ryan Loutos	STL	0	0	0	3	0	2.1	0.00	3.86	0.00	.222	100.0%	44.4%	0.0%	94.3	0.00	1.41	4.45	7.69	0.0
3157	2025	Jose Trevino	CIN	0	0	0	2	0	2.1	3.86	3.86	0.00	.400	80.0%	10.0%	0.0%	56.2	3.86	9.63	3.56	7.53	0.0
3158	2025	José Urquidy	DET	0	0	0	2	0	2.1	11.57	11.57	0.00	.500	71.4%	25.0%	0.0%	93.0	7.71	8.59	4.42	6.40	0.0
3159	2025	Oswald Peraza	LAA	0	0	0	2	0	2.1	0.00	0.00	3.86	.571	23.3%	53.3%	33.3%	39.2	30.86	6.34	9.99	6.40	-0.1
3160	2025	Robinson Piña	2 Tms	0	0	0	2	0	2.1	3.86	3.86	3.86	.364	43.5%	33.3%	20.0%	93.3	7.71	12.00	9.14	6.87	-0.1
3161	2026	Luis Torrens	NYM	0	0	0	2	0	2.1	0.00	0.00	7.71	.222	100.0%	45.5%	66.7%	42.0	7.71	5.68	14.24	5.04	-0.1
3162	2026	Jorge Mateo	ATL	0	0	0	3	0	2.1	3.86	3.86	0.00	.500	83.3%	20.0%	0.0%	65.7	3.86	6.75	3.53	6.76	0.0
3163	2026	Cody Ponce	TOR	0	0	0	1	1	2.1	11.57	3.86	0.00	.167	50.0%	50.0%	0.0%	95.7	3.86	2.44	1.82	3.76	0.1
3164	2026	Jake Rogers	DET	0	0	0	3	0	2.1	11.57	3.86	0.00	.429	100.0%	42.9%	0.0%	77.6	0.00	4.87	3.10	3.75	0.0
3165	2026	Luisangel Acuña	CHW	0	0	0	3	0	2.1	0.00	3.86	3.86	.125	100.0%	55.6%	50.0%	40.1	3.86	4.98	9.96	5.68	-0.1
3166	2026	Hancel Rincon	STL	0	0	0	3	0	2.1	11.57	3.86	3.86	.500	0.0%	33.3%	50.0%	95.7	27.00	12.65	8.67	4.39	-0.1
3167	2026	Welinton Herrera	COL	0	0	0	3	0	2.1	7.71	3.86	0.00	.286	100.0%	28.6%	0.0%	95.0	0.00	4.76	2.67	4.61	0.0
3168	2026	Seth Lonsway	SFG	0	0	0	2	0	2.1	7.71	0.00	0.00	.583	57.1%	90.9%	0.0%	91.5	7.71	1.78	1.39	2.03	0.1
3169	2023	Jace Peterson	OAK	0	0	0	2	0	2.0	4.50	13.50	4.50	.286	87.0%	0.0%	16.7%	57.1	9.00	20.91	13.26	11.72	-0.1
3170	2023	Brad Miller	TEX	0	0	0	1	0	2.0	0.00	9.00	4.50	.167	38.5%	42.9%	33.3%	76.9	13.50	9.40	12.76	8.74	-0.1
3171	2023	Ildemaro Vargas	WSN	0	0	0	2	0	2.0	0.00	4.50	4.50	.143	100.0%	50.0%	25.0%	70.1	4.50	16.08	12.76	9.56	-0.1
3172	2023	Jake Faria	BOS	0	0	0	1	0	2.0	13.50	18.00	0.00	.571	37.5%	14.3%	0.0%	93.4	22.50	5.24	6.26	9.56	0.0
3173	2023	Tyler Duffey	CHC	0	0	0	1	0	2.0	13.50	0.00	4.50	.000	100.0%	0.0%	25.0%	92.5	4.50	3.31	6.76	3.56	0.0
3174	2023	Matt Duffy	KCR	0	0	0	2	0	2.0	0.00	0.00	4.50	.250	100.0%	11.1%	16.7%	78.0	4.50	28.27	11.26	9.72	-0.1
3175	2023	Harold Castro	COL	0	0	0	2	0	2.0	0.00	4.50	0.00	.444	66.7%	44.4%	0.0%	66.2	9.00	5.58	6.26	9.56	0.0
3176	2023	Mike Ford	SEA	0	0	0	2	0	2.0	0.00	4.50	9.00	.333	62.5%	27.3%	28.6%	65.0	18.00	29.27	17.76	10.54	-0.1
3177	2023	Pablo Reyes	BOS	0	0	0	2	0	2.0	0.00	18.00	0.00	.333	85.7%	66.7%	0.0%	75.8	4.50	8.71	9.26	10.91	-0.1
3178	2023	Jason Vosler	CIN	0	0	0	2	0	2.0	0.00	0.00	0.00	.455	80.0%	36.4%	0.0%	60.1	4.50	1.35	3.26	8.22	0.0
3179	2023	Jose Herrera	ARI	0	0	0	2	0	2.0	0.00	0.00	0.00	.400	50.0%	40.0%	0.0%	58.3	9.00	3.63	3.26	5.74	0.0
3180	2023	Danny Mendick	NYM	0	0	0	2	0	2.0	0.00	0.00	9.00	.538	16.1%	6.7%	22.2%	61.8	36.00	7.97	16.26	10.70	-0.1
3181	2023	Guillo Zuñiga	STL	0	0	0	2	0	2.0	18.00	0.00	0.00	.500	50.0%	0.0%	0.0%	99.4	4.50	3.33	-0.74	0.91	0.1
3182	2023	Josh Rojas	ARI	0	0	0	2	0	2.0	4.50	4.50	0.00	.545	42.9%	18.2%	0.0%	72.7	18.00	13.14	3.76	7.06	0.0
3183	2023	Alan Trejo	COL	0	0	0	2	0	2.0	4.50	0.00	9.00	.286	83.3%	22.2%	28.6%	80.9	13.50	10.05	15.26	8.04	-0.1
3184	2023	Konnor Pilkington	CLE	0	0	0	1	0	2.0	9.00	4.50	0.00	.200	100.0%	40.0%	0.0%	93.5	0.00	2.45	2.76	5.24	0.0
3185	2023	Alex Speas	TEX	0	2	0	3	0	2.0	18.00	22.50	0.00	.667	57.1%	0.0%	0.0%	99.9	13.50	7.64	6.76	8.41	-0.1
3186	2023	Yoendrys Gómez	NYY	0	0	0	1	0	2.0	18.00	0.00	0.00	.333	100.0%	33.3%	0.0%	94.7	0.00	2.14	0.76	1.58	0.0
3187	2023	José Lopez	TBR	0	0	0	1	0	2.0	9.00	4.50	0.00	.429	75.0%	28.6%	0.0%	94.4	4.50	5.58	2.76	5.24	0.0
3188	2023	Kyle Hurt	LAD	0	0	0	1	0	2.0	13.50	0.00	0.00	.000	100.0%	66.7%	0.0%	95.7	0.00	0.20	0.26	1.08	0.1
3189	2024	Austin Hedges	CLE	0	0	0	1	0	2.0	0.00	4.50	0.00	.000	100.0%	40.0%	0.0%	64.9	0.00	22.26	4.67	6.18	0.0
3190	2024	Ildemaro Vargas	WSN	0	0	0	2	0	2.0	0.00	0.00	4.50	.286	100.0%	37.5%	33.3%	70.3	4.50	8.33	11.17	6.93	-0.1
3191	2024	Tejay Antone	CIN	0	0	0	4	0	2.0	9.00	18.00	0.00	.400	66.7%	40.0%	0.0%	94.2	4.50	6.11	7.17	8.68	-0.1
3192	2024	Isiah Kiner-Falefa	TOR	0	0	0	2	0	2.0	0.00	9.00	0.00	.143	66.7%	28.6%	0.0%	67.9	4.50	6.34	6.17	9.19	0.0
3193	2024	Jose Trevino	NYY	0	0	0	2	0	2.0	0.00	9.00	0.00	.455	57.1%	45.5%	0.0%	57.3	13.50	21.47	6.17	9.19	0.0
3194	2024	Ian Gibaut	CIN	0	0	0	2	0	2.0	4.50	4.50	0.00	.375	75.0%	12.5%	0.0%	93.7	4.50	17.34	3.67	5.93	0.0
3195	2024	Zach McKinstry	DET	0	0	0	3	0	2.0	0.00	4.50	4.50	.000	0.0%	28.6%	20.0%	52.5	9.00	5.69	11.17	8.45	-0.1
3196	2024	Josh Rojas	SEA	0	0	0	2	0	2.0	0.00	9.00	4.50	.000	62.5%	16.7%	25.0%	76.6	9.00	10.41	12.67	9.19	-0.1
3197	2024	Zach Logue	LAD	0	0	0	2	0	2.0	18.00	0.00	4.50	.714	43.5%	50.0%	50.0%	91.5	18.00	2.70	5.67	0.68	0.0
3198	2024	Ben Rortvedt	TBR	0	0	0	1	0	2.0	4.50	9.00	4.50	.286	100.0%	62.5%	100.0%	77.9	4.50	9.42	11.67	5.92	-0.1
3199	2024	Leo Rivas	SEA	0	0	0	2	0	2.0	0.00	0.00	0.00	.222	50.0%	22.2%	0.0%	46.4	0.00	6.49	3.17	7.70	0.0
3200	2024	Alex Speas	HOU	0	0	0	1	0	2.0	9.00	4.50	4.50	.250	100.0%	40.0%	33.3%	98.7	4.50	5.00	9.17	4.93	0.0
3201	2024	Owen Miller	MIL	0	0	0	1	0	2.0	0.00	4.50	4.50	.400	43.5%	27.3%	20.0%	59.5	18.00	6.35	11.17	8.45	-0.1
3202	2024	David Hensley	MIA	0	0	0	1	0	2.0	0.00	4.50	0.00	.250	50.0%	25.0%	0.0%	76.0	9.00	5.75	6.17	9.19	0.0
3203	2024	Zac Kristofak	LAA	0	0	0	1	0	2.0	9.00	9.00	0.00	.429	60.0%	57.1%	0.0%	93.2	0.00	6.56	4.17	4.92	0.0
3204	2024	Jake Eder	CHW	0	0	0	1	0	2.0	4.50	4.50	0.00	.333	75.0%	83.3%	0.0%	94.1	4.50	4.13	5.17	5.92	0.0
3205	2024	Dylan Dodd	ATL	0	0	0	1	0	2.0	9.00	4.50	0.00	.667	60.0%	50.0%	0.0%	93.5	9.00	4.18	2.67	3.42	0.0
3206	2025	Tucker Barnhart	TEX	0	0	0	1	0	2.0	0.00	0.00	0.00	.500	50.0%	60.0%	0.0%	44.1	13.50	7.11	4.64	6.95	0.0
3207	2025	Jacob Stallings	COL	0	0	0	1	0	2.0	4.50	0.00	0.00	.286	50.0%	42.9%	0.0%	72.6	4.50	4.49	2.14	4.45	0.0
3208	2025	Rowdy Tellez	TEX	0	0	0	1	0	2.0	0.00	0.00	4.50	.444	65.2%	40.0%	50.0%	56.6	13.50	15.03	11.14	6.18	-0.1
3209	2025	Touki Toussaint	LAA	0	0	0	1	0	2.0	13.50	4.50	0.00	.571	60.0%	42.9%	0.0%		9.00	3.47	1.64	2.41	0.0
3210	2025	Jose Herrera	ARI	0	0	0	2	0	2.0	0.00	0.00	0.00	.400	75.0%	50.0%	0.0%	43.6	4.50	7.73	3.14	3.91	0.0
3211	2025	Ryan Burr	TOR	1	0	0	2	0	2.0	13.50	4.50	0.00	.250	100.0%	50.0%	0.0%	93.9	0.00	2.02	1.64	3.18	0.1
3212	2025	Scott Kingery	LAA	0	0	0	1	0	2.0	4.50	0.00	9.00	.667	43.5%	23.5%	22.2%	38.9	36.00	10.83	15.14	9.07	-0.1
3213	2025	Nick Raquet	STL	0	0	0	2	0	2.0	4.50	4.50	0.00	.000	100.0%	40.0%	0.0%	91.3	0.00	1.79	3.64	5.18	0.0
3214	2025	Kyle Nelson	ARI	0	0	1	3	0	2.0	9.00	18.00	4.50	.000	83.3%	0.0%	20.0%	89.8	9.00	6.95	13.64	10.99	-0.2
3215	2025	Vidal Bruján	ATL	0	0	0	2	0	2.0	0.00	4.50	4.50	.333	55.6%	30.0%	20.0%	54.6	13.50	6.51	11.14	8.49	-0.1
3216	2025	Cody Bolton	CLE	0	0	0	1	0	2.0	4.50	0.00	0.00	.444	25.0%	33.3%	0.0%	94.6	13.50	6.43	2.14	4.45	0.0
3217	2025	Brett de Geus	PHI	0	0	0	1	0	2.0	0.00	13.50	0.00	.143	75.0%	71.4%	0.0%		4.50	5.17	7.64	9.18	0.0
3218	2025	Ryan Fitzgerald	MIN	0	0	0	2	0	2.0	0.00	0.00	0.00	.250	100.0%	12.5%	0.0%	50.2	0.00	15.06	3.14	6.22	0.0
3219	2025	Willie MacIver	ATH	0	0	0	2	0	2.0	0.00	0.00	0.00	.400	100.0%	70.0%	0.0%	41.2	0.00	3.90	3.14	4.68	0.0
3220	2025	Will Wilson	CLE	0	0	0	1	0	2.0	0.00	0.00	4.50	.143	0.0%	12.5%	25.0%	64.6	9.00	22.98	9.64	6.22	-0.1
3221	2025	Austin Pope	ARI	0	0	0	1	0	2.0	4.50	4.50	0.00	.286	100.0%	57.1%	0.0%	94.1	0.00	6.44	3.64	4.41	0.0
3222	2026	Gary Sánchez	MIL	0	0	0	2	0	2.0	0.00	0.00	0.00	.400	100.0%	60.0%	0.0%	77.4	0.00	3.90	3.10	3.86	0.0
3223	2026	Adam Frazier	LAA	0	0	0	3	0	2.0	0.00	9.00	4.50	.545	65.8%	33.3%	25.0%	64.7	18.00	10.88	12.60	9.12	-0.1
3224	2026	Alex Jackson	MIN	0	0	0	2	0	2.0	0.00	4.50	9.00	.143	83.3%	33.3%	33.3%	51.0	13.50	1.93	17.60	9.13	-0.1
3225	2026	Zach McKinstry	DET	0	0	0	2	0	2.0	0.00	22.50	4.50	.250	65.8%	33.3%	20.0%	72.4	18.00	10.24	18.60	15.88	-0.1
3226	2026	Bryan Torres	STL	0	0	0	1	0	2.0	0.00	4.50	0.00	.143	100.0%	14.3%	0.0%	43.4	0.00	14.82	4.60	6.87	0.0
3227	2026	José Buttó	SFG	0	0	0	3	0	2.0	22.50	18.00	9.00	.800	69.4%	14.3%	50.0%	94.3	22.50	13.00	17.10	7.12	-0.2
3228	2026	Matt Seelinger	NYM	0	1	0	1	0	2.0	9.00	18.00	4.50	.500	26.3%	33.3%	25.0%	92.6	31.50	7.76	13.60	10.12	-0.2
3229	2026	Wilkin Ramos	SFG	0	0	0	2	0	2.0	4.50	18.00	0.00	.500	44.4%	50.0%	0.0%	94.7	22.50	10.55	8.10	8.86	0.0
3230	2026	Pedro Pagés	STL	0	0	0	2	0	2.0	0.00	0.00	4.50	.167	100.0%	42.9%	33.3%		4.50	22.37	9.60	5.37	-0.1
3231	2026	Troy Johnston	COL	0	0	0	2	0	2.0	0.00	4.50	0.00	.143	100.0%	57.1%	0.0%	73.8	0.00	3.50	6.10	8.37	0.0
3232	2026	Rolddy Muñoz	ATL	0	0	0	1	0	2.0	13.50	4.50	4.50	.571	65.2%	62.5%	50.0%	96.8	13.50	8.58	8.10	3.11	-0.1
3233	2026	Christian Koss	SFG	0	0	0	2	0	2.0	0.00	0.00	0.00	.500	40.0%	40.0%	0.0%		13.50	7.65	3.10	5.37	0.0
3234	2026	Joey Wiemer	WSN	0	0	0	2	0	2.0	0.00	9.00	4.50	.500	58.1%	15.4%	14.3%	68.4	22.50	11.47	14.10	12.89	-0.1
3235	2026	Winston Santos	TEX	0	0	0	1	0	2.0	4.50	4.50	4.50	.167	62.5%	14.3%	25.0%	97.0	9.00	6.77	10.10	6.62	-0.1
3236	2026	Doug Nikhazy	CHW	0	0	0	1	0	2.0	4.50	9.00	0.00	.167	66.7%	83.3%	0.0%	88.1	4.50	3.54	5.10	5.86	0.0
3237	2023	T.J. McFarland	NYM	0	1	0	3	0	1.2	10.80	5.40	0.00	.571	66.7%	71.4%	0.0%		5.40	4.75	4.46	4.46	0.0
3238	2023	Josh Harrison	PHI	0	0	0	2	0	1.2	0.00	10.80	0.00	.615	50.0%	15.4%	0.0%	56.5	27.00	15.16	6.86	9.83	0.0
3239	2023	Carlos Pérez	OAK	0	0	0	2	0	1.2	0.00	10.80	5.40	.429	87.0%	12.5%	25.0%	65.2	10.80	16.60	14.66	10.82	-0.1
3240	2023	Hanser Alberto	CHW	0	0	0	2	0	1.2	5.40	5.40	5.40	.556	53.6%	30.0%	25.0%	63.4	21.60	11.79	11.66	7.82	-0.1
3241	2023	Yacksel Ríos	OAK	0	0	0	3	0	1.2	10.80	32.40	5.40	.400	26.3%	33.3%	33.3%	96.6	37.80	8.59	19.46	14.63	-0.1
3242	2023	Tyler Cyr	LAD	0	0	0	2	0	1.2	10.80	0.00	0.00	.250	100.0%	75.0%	0.0%	94.1	0.00	1.96	0.86	1.85	0.0
3243	2023	Prelander Berroa	SEA	0	0	0	2	0	1.2	16.20	16.20	0.00	.000	100.0%	50.0%	0.0%	96.3	0.00	4.04	5.06	6.05	0.0
3244	2023	Kyle Leahy	STL	0	1	0	3	0	1.2	10.80	27.00	5.40	.500	69.8%	42.9%	33.3%	95.9	21.60	17.18	19.46	14.63	-0.2
3245	2023	Austin Warren	LAA	1	0	0	2	0	1.2	10.80	0.00	5.40	.333	100.0%	0.0%	33.3%		5.40	4.28	8.66	3.83	-0.1
3246	2023	Alec Burleson	STL	0	0	0	2	0	1.2	5.40	0.00	5.40	.636	60.6%	33.3%	25.0%	80.6	21.60	14.17	9.86	6.02	0.0
3247	2024	Brady Feigl	PIT	0	0	0	1	0	1.2	0.00	0.00	5.40	.600	17.9%	45.5%	33.3%	92.7	32.40	13.30	10.97	5.89	-0.1
3248	2024	Vidal Bruján	MIA	0	0	0	2	0	1.2	5.40	16.20	10.80	.556	36.6%	18.2%	33.3%	74.4	43.20	30.33	24.77	14.61	-0.2
3249	2024	Eric Orze	NYM	0	1	0	2	0	1.2	5.40	10.80	5.40	.333	43.5%	14.3%	20.0%	94.0	21.60	5.76	15.17	11.90	-0.1
3250	2025	Adam Ottavino	NYY	0	0	0	3	0	1.2	16.20	21.60	0.00	.000	100.0%	0.0%	0.0%	93.9	0.00	5.52	6.74	8.59	0.0
3251	2025	Casey Kelly	ARI	0	0	0	2	0	1.2	0.00	5.40	0.00	.200	100.0%	40.0%	0.0%	91.5	0.00	3.84	4.94	6.79	0.0
3252	2025	Tomás Nido	DET	0	0	0	1	0	1.2	0.00	0.00	0.00	.000	100.0%	40.0%	0.0%	54.2	0.00	1.48	4.94	7.71	0.0
3253	2025	Reiver Sanmartin	CIN	0	0	0	1	0	1.2	10.80	5.40	0.00	.400	66.7%	60.0%	0.0%	92.8	0.00	2.56	2.54	4.39	0.0
3254	2025	Jose Corniell	TEX	0	1	0	1	0	1.2	5.40	5.40	5.40	.333	0.0%	42.9%	25.0%	95.9	16.20	9.67	11.54	7.44	-0.2
3255	2025	Niko Kavadas	LAA	0	0	0	1	0	1.2	5.40	5.40	0.00	.429	100.0%	42.9%	0.0%	55.8	0.00	8.21	3.74	4.66	0.0
3256	2026	Yacksel Ríos	CHC	0	0	0	1	0	1.2	10.80	0.00	0.00	.000	100.0%	33.3%	0.0%	98.5	0.00	4.81	0.70	1.61	0.0
3257	2026	Dylan Moore	PHI	0	0	0	2	0	1.2	0.00	5.40	0.00	.167	66.7%	66.7%	0.0%	68.6	5.40	6.41	6.70	7.61	0.0
3258	2026	Félix Bautista	BAL	0	0	0	2	0	1.2	16.20	5.40	5.40	.600	55.6%	16.7%	50.0%		16.20	6.30	9.10	3.11	-0.1
3259	2026	Emiliano Teodo	TEX	0	0	0	1	0	1.2	5.40	10.80	0.00	.429	60.0%	42.9%	0.0%		10.80	6.45	5.50	7.31	0.0
3260	2026	Adrian Del Castillo	ARI	0	0	0	1	0	1.2	0.00	0.00	0.00	.444	80.0%	0.0%	0.0%	51.4	5.40	16.27	4.90	8.52	0.0
3261	2023	Jonathan Schoop	DET	0	0	0	1	0	1.1	6.75	0.00	0.00	.250	100.0%	25.0%	0.0%	82.8	0.00	23.17	1.76	4.24	0.0
3262	2023	Heath Hembree	TBR	0	0	0	1	0	1.1	13.50	6.75	0.00	.000	100.0%	100.0%	0.0%	93.6	0.00	1.54	2.51	2.51	0.0
3263	2023	Frankie Montas	NYY	1	0	0	1	0	1.1	6.75	6.75	0.00	.400	100.0%	80.0%	0.0%	95.4	0.00	3.50	4.01	4.01	0.0
3264	2023	Reyes Moronta	LAA	0	0	0	2	0	1.1	13.50	20.25	6.75	.600	100.0%	16.7%	50.0%	95.2	6.75	15.03	16.76	9.49	-0.1
3265	2023	Jordan Luplow	MIN	0	1	0	2	0	1.1	0.00	0.00	6.75	.000	-166.7%	20.0%	25.0%	55.1	13.50	4.66	15.26	10.47	-0.2
3266	2023	Kelvin Cáceres	LAA	0	0	0	2	0	1.1	6.75	13.50	0.00	.400	75.0%	75.0%	0.0%		6.75	14.16	6.26	7.50	0.0
3267	2024	Brandon Crawford	STL	0	0	0	1	0	1.1	0.00	13.50	0.00	.429	33.3%	42.9%	0.0%	87.3	27.00	9.15	9.92	12.18	0.0
3268	2024	Willi Castro	MIN	0	0	0	2	0	1.1	0.00	0.00	0.00	.000	100.0%	50.0%	0.0%	75.1	0.00	9.19	3.17	5.43	0.0
3269	2024	Andrew Wantz	LAA	0	0	0	1	0	1.1	20.25	6.75	6.75	.000	100.0%	0.0%	50.0%	94.9	6.75	5.99	10.67	3.18	-0.1
3270	2024	Gavin Hollowell	CHC	0	0	0	1	0	1.1	6.75	0.00	0.00	.400	100.0%	100.0%	0.0%	94.2	0.00	1.49	1.67	1.67	0.0
3271	2024	Matt Wallner	MIN	0	0	0	1	0	1.1	0.00	0.00	0.00	.333	100.0%	16.7%	0.0%	78.3	0.00	9.14	3.17	5.43	0.0
3272	2025	José Quijada	LAA	0	0	0	2	0	1.1	20.25	13.50	0.00	.333	100.0%	33.3%	0.0%	95.3	0.00	7.08	3.14	3.14	0.0
3273	2025	Jhonathan Díaz	SEA	0	0	0	1	0	1.1	6.75	0.00	0.00	.250	100.0%	25.0%	0.0%	90.0	0.00	2.82	1.64	3.95	0.0
3274	2025	John Rooney	HOU	0	0	0	1	0	1.1	13.50	6.75	6.75	.000	100.0%	33.3%	50.0%	90.9	6.75	7.31	12.14	4.70	-0.1
3275	2025	Andrew Walters	CLE	0	0	0	2	0	1.1	13.50	0.00	6.75	.333	0.0%	25.0%	33.3%	96.5	13.50	3.86	9.89	3.60	-0.1
3276	2026	Jhonathan Díaz	SEA	0	0	0	1	0	1.1	6.75	0.00	6.75	.250	100.0%	40.0%	50.0%		6.75	10.41	11.35	3.87	-0.1
3277	2026	Carlos Duran	KCR	1	0	0	2	0	1.1	6.75	20.25	0.00	.400	60.0%	80.0%	0.0%	95.8	13.50	4.77	8.35	8.35	0.0
3278	2026	Antoine Kelly	CHC	0	0	0	1	0	1.1	6.75	6.75	0.00	.000	100.0%	100.0%	0.0%	96.2	0.00	10.19	3.85	3.85	0.0
3279	2026	Jackson Rutledge	WSN	0	0	0	1	0	1.1	13.50	13.50	0.00	.750	12.5%	75.0%	0.0%		47.25	8.21	4.60	5.73	0.0
3280	2023	Josh Donaldson	NYY	0	0	0	1	0	1.0	0.00	0.00	0.00	.000	100.0%	33.3%	0.0%	85.0	0.00	9.93	3.26	6.56	0.0
3281	2023	Sandy León	TEX	0	0	0	1	0	1.0	0.00	0.00	9.00	.000	0.0%	0.0%	25.0%	80.1	18.00	17.91	19.26	12.87	-0.1
3282	2023	Brandon Crawford	SFG	0	0	0	1	0	1.0	0.00	9.00	0.00	.250	100.0%	25.0%	0.0%	85.4	0.00	3.27	6.26	11.22	0.0
3283	2023	Martín Maldonado	HOU	0	0	0	1	0	1.0	0.00	9.00	9.00	.571	53.6%	12.5%	25.0%	84.3	36.00	24.98	22.26	15.87	-0.1
3284	2023	Chris Owings	PIT	0	0	0	1	0	1.0	0.00	0.00	0.00	.333	100.0%	16.7%	0.0%	49.3	0.00	5.49	3.26	8.22	0.0
3285	2023	James McCann	BAL	0	0	0	1	0	1.0	0.00	0.00	0.00	.400	100.0%	60.0%	0.0%	45.8	0.00	6.07	3.26	3.26	0.0
3286	2023	Jake Lamb	LAA	0	0	0	1	0	1.0	0.00	0.00	0.00	.250	100.0%	0.0%	0.0%	56.4	0.00	6.43	3.26	8.22	0.0
3287	2023	Alec Mills	CIN	0	0	0	1	0	1.0	0.00	9.00	9.00	.429	21.7%	75.0%	50.0%	88.9	18.00	9.58	22.26	12.56	-0.1
3288	2023	Brandon Dixon	SDP	0	0	0	1	0	1.0	0.00	0.00	0.00	.000	100.0%	33.3%	0.0%	50.3	0.00	0.35	3.26	6.56	0.0
3289	2023	Rowdy Tellez	MIL	0	0	0	1	0	1.0	9.00	0.00	0.00	.333	100.0%	0.0%	0.0%	57.9	0.00	0.55	1.26	4.56	0.0
3290	2023	Luis Guillorme	NYM	0	0	0	1	0	1.0	0.00	0.00	0.00	.250	100.0%	0.0%	0.0%	69.6	0.00	13.46	3.26	8.22	0.0
3291	2023	Lane Thomas	WSN	0	0	0	1	0	1.0	9.00	0.00	9.00	.500	0.0%	40.0%	50.0%	86.7	27.00	4.60	14.26	4.56	0.0
3292	2023	Tanner Rainey	WSN	0	0	0	1	0	1.0	9.00	9.00	0.00	.333	100.0%	33.3%	0.0%	96.3	0.00	1.65	4.26	7.56	0.0
3293	2023	Matt Beaty	SFG	0	0	0	1	0	1.0	9.00	9.00	0.00	.600	25.0%	40.0%	0.0%	54.7	27.00	6.59	4.26	5.91	0.0
3294	2023	Josh Lester	BAL	0	0	0	1	0	1.0	9.00	9.00	0.00	.333	100.0%	0.0%	0.0%	59.3	0.00	11.13	4.26	9.22	0.0
3295	2023	Zach McKinstry	DET	0	0	0	1	0	1.0	0.00	0.00	9.00	.400	62.5%	50.0%	50.0%	81.4	18.00	23.31	16.26	6.56	-0.1
3296	2023	Yonny Hernández	LAD	0	0	0	1	0	1.0	0.00	0.00	0.00	.250	100.0%	25.0%	0.0%	74.1	0.00	4.73	3.26	6.56	0.0
3297	2023	René Pinto	TBR	0	0	0	1	0	1.0	0.00	0.00	27.00	.400	0.0%	0.0%	42.9%		45.00	5.38	42.26	14.83	-0.2
3298	2023	Ryder Ryan	SEA	0	0	0	1	0	1.0	18.00	9.00	0.00	.000	100.0%	0.0%	0.0%	94.8	0.00	3.81	2.26	2.26	0.0
3299	2023	Ryan McKenna	BAL	0	0	0	1	0	1.0	0.00	0.00	0.00	.667	50.0%	66.7%	0.0%		18.00	9.43	3.26	4.91	0.0
3300	2023	Luke Williams	LAD	0	0	0	1	0	1.0	0.00	0.00	0.00	.000	100.0%	33.3%	0.0%	53.0	0.00	0.19	3.26	6.56	0.0
3301	2023	Bligh Madris	HOU	0	0	0	1	0	1.0	0.00	9.00	9.00	.000	100.0%	33.3%	50.0%	68.1	9.00	48.36	19.26	9.56	-0.1
3302	2023	Erich Uelmen	PHI	0	0	0	1	0	1.0	9.00	18.00	0.00	.600	20.0%	40.0%	0.0%	92.7	36.00	12.11	7.26	8.91	0.0
3303	2023	Ernie Clement	TOR	0	0	0	1	0	1.0	0.00	0.00	0.00	.500	75.0%	66.7%	0.0%	74.4	9.00	8.88	6.26	7.91	0.0
3304	2023	Jose Espada	SDP	0	0	0	1	0	1.0	18.00	18.00	0.00	.000	100.0%	100.0%	0.0%	93.0	0.00	3.47	5.26	5.26	0.0
3305	2023	Ricky Karcher	CIN	0	0	1	1	0	1.0	0.00	9.00	0.00	.000	100.0%	0.0%	0.0%	98.0	0.00	1.63	6.26	11.22	0.0
3306	2023	David Villar	SFG	0	0	0	1	0	1.0	0.00	9.00	0.00	.000	100.0%	50.0%	0.0%	67.2	0.00	6.81	6.26	7.91	0.0
3307	2023	Nate Eaton	KCR	0	0	0	1	0	1.0	9.00	0.00	0.00	.500	100.0%	75.0%	0.0%	93.4	0.00	2.29	1.26	1.26	0.0
3308	2023	Blair Calvo	COL	0	0	0	1	0	1.0	0.00	0.00	0.00	.000	100.0%	66.7%	0.0%		0.00	4.05	3.26	3.26	0.0
3309	2023	Brett Wisely	SFG	0	0	0	1	0	1.0	0.00	0.00	9.00	.000	100.0%	25.0%	50.0%	78.8	9.00	42.10	16.26	6.56	-0.1
3310	2024	Aaron Hicks	LAA	0	0	0	1	0	1.0	0.00	9.00	9.00	.250	62.5%	0.0%	25.0%	66.5	18.00	22.02	19.17	12.21	-0.1
3311	2024	Miguel Rojas	LAD	0	0	0	1	0	1.0	0.00	0.00	0.00	.250	100.0%	50.0%	0.0%	63.2	0.00	8.04	3.17	4.68	0.0
3312	2024	Tucker Barnhart	ARI	0	0	0	1	0	1.0	0.00	0.00	9.00	.500	76.9%	57.1%	50.0%	46.0	18.00		16.17	6.19	-0.1
3313	2024	Chasen Shreve	COL	0	0	0	1	0	1.0	0.00	0.00	0.00	.250	100.0%	100.0%	0.0%	89.3	0.00	7.54	3.17	3.17	0.0
3314	2024	James McCann	BAL	0	0	0	1	0	1.0	0.00	0.00	9.00	.250	0.0%	20.0%	33.3%	45.3	18.00	3.73	16.17	7.70	-0.1
3315	2024	Tyler Heineman	TOR	0	0	0	1	0	1.0	0.00	0.00	0.00	.250	100.0%	25.0%	0.0%	59.1	0.00	2.29	3.17	4.68	0.0
3316	2024	David Bote	CHC	0	0	0	1	0	1.0	0.00	9.00	0.00	.250	100.0%	50.0%	0.0%	66.9	0.00	8.72	6.17	9.19	0.0
3317	2024	Mike Yastrzemski	SFG	0	0	0	1	0	1.0	0.00	27.00	0.00	.400	60.0%	60.0%	0.0%	67.3	18.00	13.84	12.17	13.68	0.0
3318	2024	Pablo Reyes	BOS	0	0	0	1	0	1.0	0.00	9.00	0.00	.250	100.0%	25.0%	0.0%	71.8	0.00	7.47	6.17	9.19	0.0
3319	2024	Eddy Alvarez	NYM	0	0	0	1	0	1.0	9.00	0.00	0.00	.333	100.0%	33.3%	0.0%	63.5	0.00	4.94	4.17	5.68	0.0
3320	2024	Cole Tucker	LAA	0	0	0	1	0	1.0	0.00	9.00	0.00	.333	100.0%	100.0%	0.0%	52.3	0.00	4.88	6.17	6.17	0.0
3321	2024	Anthony Misiewicz	NYY	0	0	0	1	0	1.0	9.00	9.00	0.00	.500	100.0%	25.0%	0.0%	93.6	0.00	8.40	4.17	7.19	0.0
3322	2024	Miguel Díaz	HOU	0	0	0	1	0	1.0	0.00	0.00	0.00	.000	100.0%	33.3%	0.0%	91.0	0.00	9.66	3.17	6.19	0.0
3323	2024	Danny Mendick	CHW	0	0	0	1	0	1.0	0.00	0.00	0.00	.500	100.0%	75.0%	0.0%	56.7	0.00	3.06	3.17	4.68	0.0
3324	2024	Garrett Hampson	KCR	0	0	0	1	0	1.0	0.00	0.00	0.00	.000	100.0%	0.0%	0.0%	56.0	0.00	2.89	6.17	10.70	0.0
3325	2024	Donovan Walton	SFG	0	0	0	1	0	1.0	0.00	0.00	0.00	.400	100.0%	20.0%	0.0%		0.00	1.61	3.17	7.70	0.0
3326	2024	Matt Krook	BAL	0	0	0	1	0	1.0	18.00	9.00	9.00	.000	-166.7%	66.7%	100.0%		18.00	11.07	15.17	3.68	-0.1
3327	2024	Weston Wilson	PHI	0	0	0	1	0	1.0	0.00	0.00	0.00	.250	100.0%	50.0%	0.0%	44.4	0.00	2.78	3.17	6.19	0.0
3328	2024	Pavin Smith	ARI	0	0	0	1	0	1.0	0.00	9.00	0.00	.000	100.0%	33.3%	0.0%	73.7	0.00	9.14	9.17	12.19	0.0
3329	2024	Ernie Clement	TOR	0	0	0	1	0	1.0	0.00	0.00	0.00	.400	50.0%	40.0%	0.0%	74.2	9.00	9.75	3.17	6.19	0.0
3330	2024	Kody Clemens	PHI	0	0	0	1	0	1.0	0.00	9.00	9.00	.250	100.0%	0.0%	33.3%	54.3	9.00	17.07	19.17	10.70	-0.1
3331	2024	Lucas Gilbreath	COL	0	0	0	3	0	1.0	0.00	9.00	9.00	.667	39.5%	50.0%	50.0%	92.1	54.00	7.80	22.17	12.19	-0.1
3332	2024	Nick Pratto	KCR	0	0	0	1	0	1.0	9.00	0.00	0.00	.333	100.0%	33.3%	0.0%	78.7	0.00	2.59	1.17	2.68	0.0
3333	2024	Dylan Coleman	HOU	0	0	0	1	0	1.0	9.00	9.00	0.00	.000	100.0%	50.0%	0.0%	94.8	0.00	2.17	4.17	5.68	0.0
3334	2024	Raymond Burgos	SFG	0	0	0	1	0	1.0	9.00	9.00	0.00	.600	75.0%	80.0%	0.0%	92.8	9.00	2.20	4.17	5.68	0.0
3335	2024	Adam Kloffenstein	STL	0	0	0	1	0	1.0	0.00	0.00	0.00	.000	100.0%	33.3%	0.0%		0.00	1.64	3.17	6.19	0.0
3336	2024	Michael Stefanic	LAA	0	0	0	1	0	1.0	0.00	0.00	0.00	.250	100.0%	0.0%	0.0%	64.3	0.00	11.64	6.17	9.19	0.0
3337	2024	Grae Kessinger	HOU	0	0	0	1	0	1.0	0.00	0.00	0.00	.000	100.0%	33.3%	0.0%	74.6	0.00	5.67	3.17	6.19	0.0
3338	2024	Amos Willingham	WSN	0	0	0	1	0	1.0	9.00	0.00	9.00	.333	0.0%	25.0%	50.0%	97.7	18.00	14.97	14.17	4.19	-0.1
3339	2024	Andrew Saalfrank	ARI	0	0	0	2	0	1.0	0.00	36.00	0.00	.500	33.3%	25.0%	0.0%		36.00	23.43	15.17	16.68	-0.1
3340	2024	Marc Church	TEX	0	0	0	1	0	1.0	9.00	0.00	0.00	.333	100.0%	33.3%	0.0%	96.7	0.00	4.14	1.17	2.68	0.0
3341	2024	Nick Loftin	KCR	0	0	0	1	0	1.0	0.00	0.00	0.00	.333	100.0%	66.7%	0.0%	56.3	0.00	14.04	3.17	3.17	0.0
3342	2024	James Meeker	MIL	0	0	0	1	0	1.0	0.00	9.00	0.00	.333	100.0%	66.7%	0.0%	92.2	0.00	9.49	6.17	6.17	0.0
3343	2025	Gary Sánchez	BAL	0	0	0	1	0	1.0	0.00	9.00	9.00	.250	0.0%	20.0%	33.3%	79.1	36.00	31.73	22.14	13.76	-0.1
3344	2025	Luke Maile	KCR	0	0	0	1	0	1.0	0.00	9.00	0.00	.000	100.0%	33.3%	0.0%	67.2	0.00	2.49	6.14	9.22	0.0
3345	2025	Travis Jankowski	NYM	0	0	0	1	0	1.0	0.00	9.00	0.00	.500	50.0%	25.0%	0.0%	44.1	18.00	25.79	9.14	10.68	0.0
3346	2025	Kyle Farmer	COL	0	0	0	1	0	1.0	0.00	0.00	9.00	.500	100.0%	20.0%	50.0%	42.3	9.00	24.31	16.14	6.22	-0.1
3347	2025	Mike Yastrzemski	SFG	0	0	0	1	0	1.0	0.00	9.00	0.00	.400	50.0%	60.0%	0.0%	75.1	18.00	10.81	9.14	12.22	0.0
3348	2025	Amed Rosario	WSN	0	0	0	1	0	1.0	0.00	18.00	9.00	.571	53.6%	50.0%	50.0%	50.1	36.00	18.85	22.14	12.22	-0.1
3349	2025	Reese McGuire	CHC	0	0	0	1	0	1.0	0.00	9.00	9.00	.250	100.0%	20.0%	50.0%	40.5	9.00	15.70	19.14	9.22	-0.1
3350	2025	Tyler Wade	SDP	0	0	0	1	0	1.0	0.00	9.00	0.00	.400	66.7%	60.0%	0.0%	52.5	9.00	8.36	6.14	7.68	0.0
3351	2025	Austin Nola	COL	0	0	0	1	0	1.0	0.00	0.00	18.00	.667	0.0%	9.1%	25.0%	54.0	72.00	37.93	29.14	15.47	-0.1
3352	2025	Pablo Reyes	NYY	0	0	0	1	0	1.0	0.00	0.00	9.00	.571	55.6%	25.0%	33.3%	60.3	27.00	14.19	16.14	7.76	-0.1
3353	2025	Jorge Mateo	BAL	0	0	0	1	0	1.0	0.00	18.00	9.00	.571	45.5%	12.5%	33.3%	65.8	45.00	39.93	25.14	16.76	-0.1
3354	2025	Alex Jackson	BAL	0	0	0	1	0	1.0	0.00	18.00	0.00	.500	40.0%	16.7%	0.0%	62.0	27.00	14.18	9.14	12.22	0.0
3355	2025	Willi Castro	MIN	0	0	0	1	0	1.0	0.00	0.00	0.00	.250	100.0%	0.0%	0.0%	54.6	0.00	1.75	3.14	7.76	0.0
3356	2025	Ali Sánchez	TOR	0	0	0	1	0	1.0	9.00	0.00	0.00	.600	33.3%	20.0%	0.0%	54.8	18.00	5.90	1.14	7.30	0.0
3357	2025	Garrett Hampson	STL	0	0	0	1	0	1.0	0.00	0.00	0.00	.000	100.0%	66.7%	0.0%	46.9	0.00	1.26	3.14	4.68	0.0
3358	2025	Cooper Hummel	HOU	0	0	0	1	0	1.0	0.00	0.00	9.00	.571	43.5%	25.0%	33.3%	77.4	36.00	23.10	19.14	10.76	-0.1
3359	2025	Abraham Toro	BOS	0	0	0	1	0	1.0	0.00	9.00	0.00	.571	60.0%	42.9%	0.0%	43.9	18.00	6.31	6.14	9.22	0.0
3360	2025	Alex Lange	DET	0	0	0	1	0	1.0	9.00	9.00	0.00	.500	100.0%	25.0%	0.0%	96.2	0.00	3.86	4.14	7.22	0.0
3361	2025	Emmanuel Rivera	BAL	0	0	0	1	0	1.0	0.00	18.00	9.00	.700	23.3%	36.4%	20.0%	58.3	72.00	17.47	22.14	16.84	-0.1
3362	2025	Miles Mastrobuoni	SEA	0	0	0	1	0	1.0	0.00	18.00	0.00	.250	100.0%	50.0%	0.0%	52.3	0.00	5.05	9.14	12.22	0.0
3363	2025	Alan Trejo	COL	0	0	0	1	0	1.0	0.00	0.00	0.00	.333	100.0%	100.0%	0.0%	83.0	0.00	4.64	3.14	3.14	0.0
3364	2025	Kody Clemens	MIN	0	0	0	1	0	1.0	0.00	0.00	18.00	.250	100.0%	33.3%	50.0%	62.1	18.00	25.63	29.14	9.30	-0.1
3365	2025	Logan Porter	SFG	0	0	0	1	0	1.0	0.00	0.00	9.00	.250	100.0%	60.0%	100.0%		9.00	17.60	16.14	4.68	-0.1
3366	2025	Leo Rivas	SEA	0	0	0	1	0	1.0	0.00	9.00	0.00	.600	100.0%	40.0%	0.0%	42.7	0.00	17.16	6.14	7.68	0.0
3367	2025	Lucas Gilbreath	COL	0	0	0	1	0	1.0	18.00	0.00	9.00	.000	100.0%	0.0%	100.0%	88.9	9.00	31.18	12.14	0.68	0.0
3368	2025	César Salazar	HOU	0	0	0	1	0	1.0	0.00	0.00	0.00	.000	100.0%	0.0%	0.0%	57.9	0.00	1.72	6.14	10.76	0.0
3369	2025	Jacob Amaya	CHW	0	0	0	1	0	1.0	0.00	0.00	0.00	.000	100.0%	0.0%	0.0%	48.3	0.00	0.26	3.14	7.76	0.0
3370	2025	Nolan Hoffman	PHI	0	0	0	1	0	1.0	18.00	9.00	0.00	.750	25.0%	50.0%	0.0%	94.4	27.00	2.01	2.14	2.14	0.0
3371	2025	José Caballero	TBR	0	0	0	1	0	1.0	0.00	9.00	18.00	.500	0.0%	25.0%	40.0%	72.5	54.00	26.01	32.14	13.84	-0.1
3372	2025	Anthony Seigler	MIL	0	0	0	1	0	1.0	0.00	0.00	0.00	.250	100.0%	25.0%	0.0%	69.7	0.00	0.36	3.14	7.76	0.0
3373	2025	Nate Eaton	BOS	0	0	0	1	0	1.0	0.00	0.00	0.00	.500	100.0%	50.0%	0.0%		0.00	6.80	3.14	4.68	0.0
3374	2025	Michael Stefanic	TOR	0	0	0	1	0	1.0	0.00	0.00	0.00	.000	100.0%	0.0%	0.0%	61.4	0.00	0.43	3.14	7.76	0.0
3375	2025	Nathan Wiles	ATL	0	0	0	1	0	1.0	9.00	0.00	0.00	.667	25.0%	16.7%	0.0%	93.9	27.00	8.34	1.14	2.68	0.0
3376	2025	Jared Triolo	PIT	0	0	0	1	0	1.0	0.00	9.00	9.00	.333	76.9%	14.3%	25.0%	81.1	0.00	8.63	19.14	12.30	-0.1
3377	2025	Logan Davidson	LAA	0	0	0	1	0	1.0	9.00	0.00	0.00	.000	100.0%	0.0%	0.0%	65.1	0.00	0.03	1.14	4.22	0.0
3378	2025	Cole Wilcox	TBR	0	0	0	1	0	1.0	9.00	27.00	0.00	.500	0.0%	37.5%	0.0%	95.9	27.00	9.73	10.14	13.22	0.0
3379	2025	Garrett Acton	TBR	0	0	0	1	0	1.0	0.00	18.00	0.00	.000	100.0%	0.0%	0.0%	93.8	0.00	3.33	9.14	13.76	0.0
3380	2025	Alec Burleson	STL	0	0	0	1	0	1.0	0.00	0.00	0.00	.333	100.0%	33.3%	0.0%	51.4	0.00	9.97	6.14	7.68	0.0
3381	2025	Dom Hamel	NYM	0	0	0	1	0	1.0	0.00	0.00	0.00	.600	100.0%	40.0%	0.0%	91.9	0.00	10.20	6.14	7.68	0.0
3382	2025	Jake Palisch	CHW	0	0	0	1	0	1.0	0.00	0.00	0.00	.500	33.3%	50.0%	0.0%	92.0	18.00	9.58	3.14	4.68	0.0
3383	2026	Enrique Hernández	LAD	0	0	0	1	0	1.0	0.00	0.00	0.00	.250	100.0%	0.0%	0.0%		0.00	3.93	3.10	9.14	0.0
3384	2026	Orlando Arcia	MIN	0	0	0	1	0	1.0	0.00	18.00	0.00	.333	66.7%	66.7%	0.0%	50.3	9.00	7.86	9.10	10.61	0.0
3385	2026	Luke Maile	KCR	0	0	0	1	0	1.0	0.00	0.00	0.00	.000	100.0%	33.3%	0.0%	63.4	0.00	0.13	3.10	6.12	0.0
3386	2026	Kevin Herget	NYM	0	0	0	1	0	1.0	0.00	0.00	0.00	.000	100.0%	33.3%	0.0%	89.2	0.00	0.76	3.10	6.12	0.0
3387	2026	Reese McGuire	CHW	0	0	0	1	0	1.0	0.00	0.00	0.00	.000	100.0%	0.0%	0.0%	65.2	0.00	0.06	3.10	7.63	0.0
3388	2026	Chadwick Tromp	BAL	0	0	0	1	0	1.0	0.00	9.00	9.00	.500	76.9%	20.0%	50.0%	39.9	18.00	7.08	19.10	9.12	-0.1
3389	2026	Sam Haggerty	TEX	0	0	0	1	0	1.0	0.00	0.00	0.00	.000	100.0%	100.0%	0.0%	35.0	0.00	3.21	6.10	6.10	0.0
3390	2026	LaMonte Wade Jr.	HOU	0	0	0	1	0	1.0	0.00	0.00	9.00	.400	62.5%	33.3%	33.3%	40.7	18.00	24.55	16.10	7.63	-0.1
3391	2026	Victor Robles	SEA	0	0	0	1	0	1.0	0.00	9.00	0.00	.625	50.0%	37.5%	0.0%	76.2	27.00	13.75	6.10	7.61	0.0
3392	2026	P.J. Higgins	CIN	0	0	0	1	0	1.0	9.00	0.00	0.00	.000	100.0%	0.0%	0.0%	53.6	0.00	0.09	1.10	4.12	0.0
3393	2026	Nicky Lopez	TEX	0	0	0	1	0	1.0	9.00	0.00	0.00	.667	75.0%	50.0%	0.0%	61.8	9.00	4.98	1.10	2.61	0.0
3394	2026	Zack Short	NYM	0	0	0	1	0	1.0	0.00	0.00	0.00	.000	100.0%	33.3%	0.0%	50.8	0.00	1.75	3.10	4.61	0.0
3395	2026	Guillo Zuñiga	NYM	0	0	0	1	0	1.0	9.00	9.00	0.00	.000	100.0%	0.0%	0.0%	97.6	0.00	1.49	4.10	7.12	0.0
3396	2026	Josh Rojas	KCR	0	0	0	1	0	1.0	0.00	0.00	0.00	.250	100.0%	25.0%	0.0%	66.0	0.00	4.30	3.10	6.12	0.0
3397	2026	Ben Bowden	ATH	0	0	0	1	0	1.0	0.00	18.00	0.00	.400	20.0%	20.0%	0.0%	94.1	36.00	16.96	12.10	15.12	0.0
3398	2026	Jake Meyers	HOU	0	0	0	1	0	1.0	0.00	0.00	0.00	.000	100.0%	100.0%	0.0%	50.5	0.00	6.54	3.10	3.10	0.0
3399	2026	Leo Rivas	SEA	0	0	0	1	0	1.0	0.00	9.00	9.00	.727	11.6%	25.0%	16.7%	38.8	63.00	25.36	19.10	15.16	-0.1
3400	2026	Seth Martinez	BOS	0	0	0	1	0	1.0	9.00	0.00	0.00	.500	66.7%	25.0%	0.0%	91.2	9.00	5.67	4.10	5.61	0.0
3401	2026	Jose Espada	BAL	0	0	0	1	0	1.0	0.00	0.00	0.00	.500	100.0%	50.0%	0.0%	93.9	0.00	4.98	3.10	4.61	0.0
3402	2026	Nolan Kingham	TEX	0	0	0	1	0	1.0	9.00	18.00	0.00	.333	66.7%	33.3%	0.0%	95.4	9.00	4.74	7.10	10.12	0.0
3403	2026	César Salazar	HOU	0	0	0	1	0	1.0	0.00	0.00	9.00	.000	100.0%	25.0%	33.3%	51.1	9.00	0.85	16.10	7.63	-0.1
3404	2026	Buddy Kennedy	SFG	0	0	0	1	0	1.0	0.00	18.00	0.00	.571	33.3%	42.9%	0.0%	64.3	36.00	14.70	9.10	13.63	0.0
3405	2026	José Tena	WSN	0	0	0	1	0	1.0	0.00	9.00	0.00	.500	66.7%	75.0%	0.0%	38.8	9.00	8.84	6.10	7.61	0.0
3406	2026	Max Schuemann	NYY	0	0	0	1	0	1.0	0.00	9.00	0.00	.250	100.0%	0.0%	0.0%	47.3	0.00	8.84	6.10	9.12	0.0
3407	2026	Alexander Cornielle	NYY	0	0	0	1	0	1.0	18.00	9.00	9.00	.667	76.9%	25.0%	50.0%	93.1	18.00	25.09	15.10	5.12	-0.1
3408	2026	Luke Little	CHC	0	0	0	1	0	1.0	9.00	0.00	9.00	.333	100.0%	75.0%	100.0%		9.00	15.85	14.10	2.61	-0.1
3409	2026	Blake Adams	COL	0	0	0	1	0	1.0	0.00	18.00	9.00	.667	35.7%	14.3%	25.0%	92.0	45.00	47.21	22.10	15.14	-0.1
3410	2026	Cameron Weston	BAL	0	0	0	1	0	1.0	9.00	9.00	0.00	.000	100.0%	100.0%	0.0%		0.00	6.52	4.10	4.10	0.0
3411	2026	Blake Burkhalter	ATL	0	0	0	1	0	1.0	9.00	9.00	0.00	.333	50.0%	0.0%	0.0%	93.9	9.00	7.10	4.10	7.12	0.0
3412	2026	Rafael Flores Jr.	PIT	0	0	0	1	0	1.0	0.00	0.00	0.00	.400	100.0%	40.0%	0.0%	53.5	0.00	5.76	3.10	4.61	0.0
3413	2026	Dylan Ross	NYM	0	0	0	1	0	1.0	0.00	0.00	0.00	.000	100.0%	66.7%	0.0%	99.0	0.00	0.56	3.10	4.61	0.0
3414	2023	Jake Reed	LAD	0	0	0	1	0	0.2	13.50	13.50	13.50	1.000	0.0%	60.0%	50.0%	91.8	81.00	12.96	24.26	9.72	-0.1
3415	2023	Seby Zavala	ARI	0	0	0	1	0	0.2	0.00	0.00	0.00	.000	100.0%	0.0%	0.0%	60.3	0.00	0.11	3.26	8.22	0.0
3416	2023	Johan Quezada	MIA	0	0	0	1	0	0.2	0.00	67.50	0.00	.333	50.0%	33.3%	0.0%	97.2	40.50	22.17	25.76	30.72	-0.1
3417	2023	Chris Vallimont	BAL	0	0	0	1	0	0.2	13.50	0.00	0.00	1.000	100.0%	0.0%	0.0%	94.2	0.00	2.70	0.26	0.26	0.0
3418	2024	Luis Ortiz	PHI	0	0	0	1	0	0.2	0.00	0.00	0.00	.750	33.3%	75.0%	0.0%		27.00	11.27	3.17	3.17	0.0
3419	2024	Lyon Richardson	CIN	0	0	0	1	0	0.2	13.50	13.50	13.50	.500	62.5%	0.0%	50.0%	96.6	27.00	5.93	24.17	9.20	-0.1
3420	2024	Evan Kravetz	CIN	0	0	0	1	0	0.2	0.00	0.00	0.00	.000	100.0%	100.0%	0.0%	90.9	0.00	1.72	3.17	3.17	0.0
3421	2024	Matt Mervis	CHC	0	0	0	1	0	0.2	0.00	0.00	0.00	.778	14.3%	22.2%	0.0%	82.7	81.00	12.82	3.17	5.43	0.0
3422	2025	Luis Torrens	NYM	0	0	0	2	0	0.2	0.00	13.50	27.00	.600	62.5%	0.0%	40.0%	62.9	54.00	23.04	46.64	19.20	-0.1
3423	2025	Austin Slater	NYY	0	0	0	1	0	0.2	0.00	0.00	0.00	.333	100.0%	100.0%	0.0%	38.5	0.00	4.01	3.14	3.14	0.0
3424	2025	Isiah Kiner-Falefa	TOR	0	0	0	1	0	0.2	0.00	0.00	0.00	.000	100.0%	0.0%	0.0%	68.8	0.00	0.06	3.14	7.76	0.0
3425	2025	Jayvien Sandridge	NYY	0	0	0	1	0	0.2	27.00	27.00	13.50	.000	76.9%	0.0%	100.0%	95.3	27.00	33.31	30.14	12.95	-0.1
3426	2025	Jonathan Pintaro	NYM	0	0	0	1	0	0.2	13.50	27.00	0.00	.667	50.0%	66.7%	0.0%	96.5	27.00	12.54	9.14	9.14	0.0
3427	2026	Andruw Monasterio	BOS	0	0	0	1	0	0.2	0.00	40.50	27.00	.333	31.3%	0.0%	50.0%	73.0	67.50	24.92	55.60	25.66	-0.2
3428	2026	Clarke Schmidt	NYY	0	0	0	1	0	0.2	27.00	0.00	0.00	1.000	100.0%	0.0%	0.0%	94.5	0.00	8.50	-2.90	-2.90	0.0
3429	2026	Josh White	MIA	0	0	0	1	0	0.2	13.50	54.00	13.50	.000	21.7%	0.0%	50.0%	94.4	67.50	45.64	42.10	27.13	-0.1
3430	2023	Christian Bethancourt	TBR	0	0	0	1	0	0.1	0.00	0.00	27.00	.667	0.0%	0.0%	50.0%		81.00	22.21	42.26	13.18	-0.1
3431	2023	Alex Claudio	MIL	0	0	0	1	0	0.1	0.00	0.00	0.00	.667	100.0%	0.0%	0.0%		0.00	27.95	3.26	3.26	0.0
3432	2023	Brett Phillips	LAA	0	0	0	1	0	0.1	0.00	27.00	0.00	.500	100.0%	0.0%	0.0%	73.8	0.00	9.26	12.26	17.22	0.0
3433	2023	José Castillo	SDP	0	0	0	1	0	0.1	0.00	54.00	0.00	.667	20.0%	33.3%	0.0%	95.5	108.00	15.49	30.26	35.22	0.0
3434	2023	Hector Perez	TBR	0	0	0	1	0	0.1	0.00	27.00	0.00	.750	75.0%	75.0%	0.0%	94.8	27.00	10.82	12.26	12.26	0.0
3435	2023	Miles Mastrobuoni	CHC	0	0	0	1	0	0.1	0.00	0.00	27.00	.750	0.0%	20.0%	100.0%	74.2	108.00	58.93	42.26	8.22	-0.1
3436	2023	Riley Pint	COL	0	0	0	1	0	0.1	0.00	81.00	0.00	.500	75.0%	50.0%	0.0%		27.00	25.93	30.26	35.22	0.0
3437	2023	Hagen Danner	TOR	0	0	0	1	0	0.1	0.00	0.00	0.00	.000	100.0%	0.0%	0.0%	96.6	0.00	24.90	3.26	3.26	0.0
3438	2024	Miguel Sanó	LAA	0	0	0	1	0	0.1	0.00	0.00	0.00	.000	100.0%	100.0%	0.0%	82.3	0.00	0.31	3.17	3.17	0.0
3439	2024	Matt Koch	COL	0	0	1	2	0	0.1	0.00	27.00	27.00	.667	0.0%	25.0%	50.0%	93.0	81.00	23.76	51.17	21.24	-0.2
3440	2024	Patrick Wisdom	CHC	0	0	0	1	0	0.1	0.00	27.00	0.00	.500	100.0%	100.0%	0.0%	86.1	0.00	7.81	12.17	12.17	0.0
3441	2024	Luis Torrens	NYM	0	0	0	1	0	0.1	0.00	0.00	0.00	.000	100.0%	100.0%	0.0%	60.6	0.00	2.41	3.17	3.17	0.0
3442	2024	Jhonny Pereda	MIA	0	0	0	1	0	0.1	0.00	0.00	0.00	.000	100.0%	0.0%	0.0%	55.9	0.00	55.70	3.17	3.17	0.0
3443	2024	Oswaldo Cabrera	NYY	0	0	0	1	0	0.1	0.00	54.00	0.00	.000	100.0%	100.0%	0.0%	58.8	0.00	13.28	21.17	21.17	0.0
3444	2024	Clayton Andrews	NYY	0	0	0	1	0	0.1	27.00	0.00	27.00	.000	100.0%	0.0%	100.0%	91.6	27.00	4.83	45.17	10.70	-0.1
3445	2024	Blair Henley	HOU	0	0	0	1	1	0.1	0.00	81.00	0.00	.800	37.5%	40.0%	0.0%	92.2	135.00	15.54	39.17	48.24	-0.1
3446	2024	Evan Justice	COL	0	0	0	1	0	0.1	27.00	27.00	0.00	.000	100.0%	0.0%	0.0%	91.9	0.00	4.96	6.17	6.17	0.0
3447	2025	Nicky Lopez	LAA	0	0	0	1	0	0.1	0.00	27.00	0.00	.000	100.0%	0.0%	0.0%	64.7	0.00	5.49	12.14	16.76	0.0
3448	2025	Zach McKinstry	DET	0	0	0	1	0	0.1	0.00	0.00	0.00	.000	100.0%	100.0%	0.0%	35.7	0.00	0.13	3.14	3.14	0.0
3449	2025	Jared Young	NYM	0	0	0	1	0	0.1	0.00	27.00	0.00	.500	100.0%	50.0%	0.0%	63.1	0.00	6.09	12.14	16.76	0.0
3450	2025	Carlos Duran	ATH	0	0	0	1	0	0.1	0.00	81.00	0.00	.500	25.0%	0.0%	0.0%	95.7	81.00	16.86	30.14	34.76	0.0
3451	2026	Aaron Brooks	TBR	0	1	0	1	0	0.1	0.00	54.00	27.00	.000	-62.5%	0.0%	50.0%	92.7	81.00	13.66	60.10	30.16	-0.3
3452	2026	Yunior Marte	CIN	0	0	0	1	0	0.1	27.00	27.00	0.00	1.000	20.0%	0.0%	0.0%	97.4	108.00	19.43	15.10	24.16	0.0
3453	2026	Carlos Estévez	KCR	0	1	0	1	0	0.1	0.00	54.00	27.00	.750	0.0%	0.0%	50.0%	91.3	162.00	29.54	60.10	30.16	-0.3
3454	2026	Jhonny Pereda	SEA	0	0	0	1	0	0.1	0.00	0.00	27.00	.667	62.5%	25.0%	50.0%	86.2	54.00	5.77	42.10	12.16	-0.1
3455	2026	Joe La Sorsa	BOS	0	0	0	1	0	0.1	27.00	0.00	27.00	.000	100.0%	0.0%	100.0%	93.0	27.00	104.70	36.10	1.63	-0.1
3456	2026	Tanner McDougal	CHW	0	0	0	1	0	0.1	0.00	81.00	0.00	.000	75.0%	100.0%	0.0%	98.2	27.00	24.10	39.10	39.10	-0.1
3457	2026	Grant Holman	PHI	0	0	0	1	0	0.1	0.00	27.00	0.00	.667	0.0%	33.3%	0.0%	95.1	0.00	16.49	12.10	21.16	0.0
3458	2024	Carl Edwards Jr.	SDP	0	0	0	1	0	0.0	0.00	18.00	0.00	1.000	100.0%	100.0%	0.0%	91.4	0.00	25.41	9.17	9.17	0.0
3459	2024	Wander Suero	HOU	0	1	0	1	0	0.0	0.00	0.00	0.00	1.000	0.0%	0.0%	0.0%		0.00		3.17	3.17	0.0
