pitcher,pitch_type,pitches,swings,whiffs,pitches_out_zone,chases,strikes,batted_balls,ground_balls,whiff_pct,chase_pct,strike_pct,gb_pct,season
434378,CH,222,101,29,124,31,130,39,13,0.2871287128712871,0.25,0.5855855855855856,0.3333333333333333,2025
434378,CU,381,143,38,173,48,257,60,29,0.26573426573426573,0.2774566473988439,0.6745406824146981,0.48333333333333334,2025
434378,FF,1182,576,83,573,149,778,207,56,0.1440972222222222,0.2600349040139616,0.6582064297800339,0.27053140096618356,2025
434378,SI,10,7,3,5,2,7,2,2,0.42857142857142855,0.4,0.7,1.0,2025
434378,SL,607,350,108,292,101,413,119,49,0.30857142857142855,0.3458904109589041,0.6803953871499177,0.4117647058823529,2025
434378,ST,206,95,25,113,29,123,40,17,0.2631578947368421,0.25663716814159293,0.5970873786407767,0.425,2025
445276,FC,746,415,84,291,69,530,132,35,0.20240963855421687,0.23711340206185566,0.710455764075067,0.26515151515151514,2025
445276,SI,84,37,12,60,22,45,12,6,0.32432432432432434,0.36666666666666664,0.5357142857142857,0.5,2025
445276,SL,55,40,9,25,16,44,16,9,0.225,0.64,0.8,0.5625,2025
445276,ST,31,17,4,19,7,18,5,0,0.23529411764705882,0.3684210526315789,0.5806451612903226,0.0,2025
445926,CH,35,12,4,28,7,14,5,1,0.3333333333333333,0.25,0.4,0.2,2025
445926,CU,10,2,1,8,2,4,0,0,0.5,0.25,0.4,,2025
445926,FC,72,31,4,30,6,48,9,1,0.12903225806451613,0.2,0.6666666666666666,0.1111111111111111,2025
445926,SI,67,31,0,31,5,46,19,6,0.0,0.16129032258064516,0.6865671641791045,0.3157894736842105,2025
445926,SL,8,4,0,3,0,5,1,0,0.0,0.0,0.625,0.0,2025
448179,CH,1,1,0,1,1,1,1,1,0.0,1.0,1.0,1.0,2025
448179,CU,59,28,9,28,6,37,8,3,0.32142857142857145,0.21428571428571427,0.6271186440677966,0.375,2025
448179,FC,27,12,0,13,4,17,7,3,0.0,0.3076923076923077,0.6296296296296297,0.42857142857142855,2025
448179,FF,63,19,4,34,6,32,9,4,0.21052631578947367,0.17647058823529413,0.5079365079365079,0.4444444444444444,2025
448179,SI,11,4,0,6,2,8,3,1,0.0,0.3333333333333333,0.7272727272727273,0.3333333333333333,2025
448179,ST,10,3,0,5,0,5,3,3,0.0,0.0,0.5,1.0,2025
450203,CH,253,133,30,149,47,155,55,33,0.22556390977443608,0.31543624161073824,0.6126482213438735,0.6,2025
450203,CU,976,480,174,536,195,647,154,67,0.3625,0.36380597014925375,0.6629098360655737,0.43506493506493504,2025
450203,FC,232,101,23,96,16,153,30,11,0.22772277227722773,0.16666666666666666,0.6594827586206896,0.36666666666666664,2025
450203,FF,702,306,51,363,72,403,92,24,0.16666666666666666,0.19834710743801653,0.5740740740740741,0.2608695652173913,2025
450203,SI,385,173,20,155,23,251,86,50,0.11560693641618497,0.14838709677419354,0.6519480519480519,0.5813953488372093,2025
453286,CH,227,91,16,155,38,114,40,20,0.17582417582417584,0.24516129032258063,0.5022026431718062,0.5,2025
453286,CU,205,100,23,102,36,144,43,9,0.23,0.35294117647058826,0.7024390243902439,0.20930232558139536,2025
453286,FC,44,18,6,28,7,21,5,1,0.3333333333333333,0.25,0.4772727272727273,0.2,2025
453286,FF,812,405,66,325,70,559,139,26,0.16296296296296298,0.2153846153846154,0.6884236453201971,0.18705035971223022,2025
453286,SL,384,235,71,189,82,276,76,27,0.3021276595744681,0.43386243386243384,0.71875,0.35526315789473684,2025
455119,FC,243,139,31,89,28,180,46,14,0.22302158273381295,0.3146067415730337,0.7407407407407407,0.30434782608695654,2025
455119,FF,194,102,15,77,23,138,38,16,0.14705882352941177,0.2987012987012987,0.711340206185567,0.42105263157894735,2025
455119,FS,118,64,17,75,29,71,22,16,0.265625,0.38666666666666666,0.6016949152542372,0.7272727272727273,2025
455119,SI,94,52,12,48,21,67,15,5,0.23076923076923078,0.4375,0.7127659574468085,0.3333333333333333,2025
455119,ST,13,7,0,6,2,9,5,3,0.0,0.3333333333333333,0.6923076923076923,0.6,2025
458677,FC,127,59,9,66,19,82,24,14,0.15254237288135594,0.2878787878787879,0.6456692913385826,0.5833333333333334,2025
458677,FF,389,195,59,172,43,258,43,14,0.30256410256410254,0.25,0.6632390745501285,0.32558139534883723,2025
458677,FS,42,21,6,32,13,24,6,4,0.2857142857142857,0.40625,0.5714285714285714,0.6666666666666666,2025
458677,SL,281,148,50,163,55,172,60,30,0.33783783783783783,0.3374233128834356,0.6120996441281139,0.5,2025
471911,CH,173,90,28,121,44,96,34,14,0.3111111111111111,0.36363636363636365,0.5549132947976878,0.4117647058823529,2025
471911,CU,90,23,6,54,10,46,8,2,0.2608695652173913,0.18518518518518517,0.5111111111111111,0.25,2025
471911,FF,171,79,7,78,8,103,42,11,0.08860759493670886,0.10256410256410256,0.6023391812865497,0.2619047619047619,2025
471911,SI,189,94,11,76,17,131,54,26,0.11702127659574468,0.2236842105263158,0.6931216931216931,0.48148148148148145,2025
471911,SL,208,92,29,108,30,129,36,13,0.31521739130434784,0.2777777777777778,0.6201923076923077,0.3611111111111111,2025
471911,ST,2,0,0,2,0,0,0,0,,0.0,0.0,,2025
472610,FF,17,11,0,7,3,13,7,5,0.0,0.42857142857142855,0.7647058823529411,0.7142857142857143,2025
472610,FS,201,108,27,133,48,117,35,22,0.25,0.3609022556390977,0.582089552238806,0.6285714285714286,2025
472610,SI,386,197,24,132,37,284,93,44,0.1218274111675127,0.2803030303030303,0.7357512953367875,0.4731182795698925,2025
472610,ST,304,125,46,175,38,166,27,9,0.368,0.21714285714285714,0.5460526315789473,0.3333333333333333,2025
476594,CH,3,2,1,1,0,2,1,0,0.5,0.0,0.6666666666666666,0.0,2025
476594,FC,26,9,1,12,1,15,5,3,0.1111111111111111,0.08333333333333333,0.5769230769230769,0.6,2025
476594,FF,6,1,0,4,0,2,1,0,0.0,0.0,0.3333333333333333,0.0,2025
476594,SI,19,5,1,11,2,10,1,0,0.2,0.18181818181818182,0.5263157894736842,0.0,2025
476594,ST,5,2,0,2,0,3,2,0,0.0,0.0,0.6,0.0,2025
477132,CS,1,1,0,0,0,1,1,1,0.0,,1.0,1.0,2025
477132,CU,323,139,50,188,53,176,57,28,0.3597122302158273,0.28191489361702127,0.544891640866873,0.49122807017543857,2025
477132,EP,1,0,0,1,0,0,0,0,,0.0,0.0,,2025
477132,FF,631,221,15,267,23,384,116,51,0.06787330316742081,0.08614232209737828,0.6085578446909667,0.4396551724137931,2025
477132,FS,99,41,16,76,22,45,13,8,0.3902439024390244,0.2894736842105263,0.45454545454545453,0.6153846153846154,2025
477132,SI,9,4,0,1,0,8,3,1,0.0,0.0,0.8888888888888888,0.3333333333333333,2025
477132,SL,761,416,104,367,127,528,164,81,0.25,0.3460490463215259,0.6938239159001314,0.49390243902439024,2025
477132,UN,1,0,0,1,0,0,0,0,,0.0,0.0,,2025
489119,CH,49,17,3,35,9,23,10,1,0.17647058823529413,0.2571428571428571,0.46938775510204084,0.1,2025
489119,CU,1,1,0,1,1,1,0,0,0.0,1.0,1.0,,2025
489119,FC,70,27,2,30,5,44,13,5,0.07407407407407407,0.16666666666666666,0.6285714285714286,0.38461538461538464,2025
489119,FF,45,20,1,19,3,31,8,1,0.05,0.15789473684210525,0.6888888888888889,0.125,2025
489119,SI,31,16,2,18,7,20,8,7,0.125,0.3888888888888889,0.6451612903225806,0.875,2025
489119,SL,2,1,0,1,0,1,0,0,0.0,0.0,0.5,,2025
489119,ST,7,2,1,3,0,3,1,0,0.5,0.0,0.42857142857142855,0.0,2025
489446,FF,448,245,73,167,40,319,56,11,0.2979591836734694,0.23952095808383234,0.7120535714285714,0.19642857142857142,2025
489446,FS,327,153,55,233,77,169,52,22,0.35947712418300654,0.33047210300429186,0.5168195718654435,0.4230769230769231,2025
493603,FC,3,1,0,2,0,1,0,0,0.0,0.0,0.3333333333333333,,2025
493603,FF,10,3,1,7,0,3,0,0,0.3333333333333333,0.0,0.3,,2025
493603,SI,15,2,1,7,0,8,1,0,0.5,0.0,0.5333333333333333,0.0,2025
493603,ST,14,4,2,6,2,10,1,0,0.5,0.3333333333333333,0.7142857142857143,0.0,2025
500743,EP,54,29,0,37,16,35,22,8,0.0,0.43243243243243246,0.6481481481481481,0.36363636363636365,2025
500743,FA,15,7,2,8,0,8,3,1,0.2857142857142857,0.0,0.5333333333333333,0.3333333333333333,2025
500779,CH,498,217,37,364,115,258,104,54,0.17050691244239632,0.3159340659340659,0.5180722891566265,0.5192307692307693,2025
500779,CU,310,138,28,189,56,182,70,26,0.2028985507246377,0.2962962962962963,0.5870967741935483,0.37142857142857144,2025
500779,FF,268,130,25,143,43,162,47,10,0.19230769230769232,0.3006993006993007,0.6044776119402985,0.2127659574468085,2025
500779,SI,994,401,36,391,74,674,178,79,0.08977556109725686,0.18925831202046037,0.6780684104627767,0.4438202247191011,2025
500779,SV,202,98,33,125,39,117,33,16,0.336734693877551,0.312,0.5792079207920792,0.48484848484848486,2025
502043,CH,36,16,4,28,10,18,8,5,0.25,0.35714285714285715,0.5,0.625,2025
502043,CU,31,20,7,20,11,22,6,4,0.35,0.55,0.7096774193548387,0.6666666666666666,2025
502043,FC,29,13,2,16,6,18,7,2,0.15384615384615385,0.375,0.6206896551724138,0.2857142857142857,2025
502043,FF,26,12,0,13,2,16,6,3,0.0,0.15384615384615385,0.6153846153846154,0.5,2025
502043,SI,100,45,5,51,12,65,20,10,0.1111111111111111,0.23529411764705882,0.65,0.5,2025
502043,SL,5,1,0,5,1,1,0,0,0.0,0.2,0.2,,2025
502043,ST,53,19,6,38,9,24,9,3,0.3157894736842105,0.23684210526315788,0.4528301886792453,0.3333333333333333,2025
502085,CH,3,1,0,2,0,1,1,1,0.0,0.0,0.3333333333333333,1.0,2025
502085,FC,162,66,10,68,13,103,22,7,0.15151515151515152,0.19117647058823528,0.6358024691358025,0.3181818181818182,2025
502085,KC,108,50,13,75,28,62,22,14,0.26,0.37333333333333335,0.5740740740740741,0.6363636363636364,2025
502085,SI,16,3,0,12,1,5,0,0,0.0,0.08333333333333333,0.3125,,2025
502085,SL,30,13,6,14,4,22,5,1,0.46153846153846156,0.2857142857142857,0.7333333333333333,0.2,2025
506433,CH,8,3,1,5,1,4,0,0,0.3333333333333333,0.2,0.5,,2025
506433,CU,180,80,27,96,28,111,32,11,0.3375,0.2916666666666667,0.6166666666666667,0.34375,2025
506433,FC,139,65,11,50,10,97,18,5,0.16923076923076924,0.2,0.697841726618705,0.2777777777777778,2025
506433,FF,198,89,13,82,16,131,29,5,0.14606741573033707,0.1951219512195122,0.6616161616161617,0.1724137931034483,2025
506433,FS,121,64,17,85,29,65,22,14,0.265625,0.3411764705882353,0.5371900826446281,0.6363636363636364,2025
506433,KC,15,6,0,7,0,6,3,3,0.0,0.0,0.4,1.0,2025
506433,PO,1,0,0,1,0,0,0,0,,0.0,0.0,,2025
506433,SI,236,105,15,103,27,156,44,25,0.14285714285714285,0.2621359223300971,0.6610169491525424,0.5681818181818182,2025
506433,SL,163,88,15,54,12,122,38,15,0.17045454545454544,0.2222222222222222,0.7484662576687117,0.39473684210526316,2025
506433,ST,117,54,18,61,17,73,22,7,0.3333333333333333,0.2786885245901639,0.6239316239316239,0.3181818181818182,2025
506433,UN,1,0,0,1,0,0,0,0,,0.0,0.0,,2025
516853,CU,6,3,1,3,0,3,0,0,0.3333333333333333,0.0,0.5,,2025
516853,FC,3,2,0,1,1,3,1,0,0.0,1.0,1.0,0.0,2025
516853,FF,4,1,0,1,0,3,1,0,0.0,0.0,0.75,0.0,2025
518397,CH,47,17,8,34,7,20,5,2,0.47058823529411764,0.20588235294117646,0.425531914893617,0.4,2025
518397,SI,226,113,14,96,20,149,54,30,0.12389380530973451,0.20833333333333334,0.6592920353982301,0.5555555555555556,2025
518397,SL,73,28,10,43,9,38,9,4,0.35714285714285715,0.20930232558139536,0.5205479452054794,0.4444444444444444,2025
518489,FC,52,27,1,25,7,36,9,4,0.037037037037037035,0.28,0.6923076923076923,0.4444444444444444,2025
518489,FF,143,71,10,65,13,90,29,10,0.14084507042253522,0.2,0.6293706293706294,0.3448275862068966,2025
518489,SI,67,41,3,29,15,51,22,13,0.07317073170731707,0.5172413793103449,0.7611940298507462,0.5909090909090909,2025
518489,SL,142,68,25,82,27,85,20,5,0.36764705882352944,0.32926829268292684,0.5985915492957746,0.25,2025
518585,FF,195,66,12,88,15,129,32,11,0.18181818181818182,0.17045454545454544,0.6615384615384615,0.34375,2025
518585,FS,518,260,144,334,125,303,59,27,0.5538461538461539,0.37425149700598803,0.584942084942085,0.4576271186440678,2025
518585,SI,117,40,4,65,11,67,21,8,0.1,0.16923076923076924,0.5726495726495726,0.38095238095238093,2025
518585,SL,60,17,4,33,4,31,3,0,0.23529411764705882,0.12121212121212122,0.5166666666666667,0.0,2025
518876,CH,767,453,142,538,259,491,153,94,0.31346578366445915,0.48141263940520446,0.6401564537157758,0.6143790849673203,2025
518876,CU,274,118,21,123,33,192,56,29,0.17796610169491525,0.2682926829268293,0.7007299270072993,0.5178571428571429,2025
518876,FC,571,270,41,247,66,388,86,22,0.15185185185185185,0.26720647773279355,0.6795096322241682,0.2558139534883721,2025
518876,FF,658,277,56,282,52,432,98,21,0.20216606498194944,0.18439716312056736,0.6565349544072948,0.21428571428571427,2025
518876,SI,365,174,11,161,31,238,93,43,0.06321839080459771,0.19254658385093168,0.6520547945205479,0.46236559139784944,2025
518876,SL,198,104,31,127,45,120,45,23,0.2980769230769231,0.3543307086614173,0.6060606060606061,0.5111111111111111,2025
518886,CH,12,3,1,9,1,4,1,0,0.3333333333333333,0.1111111111111111,0.3333333333333333,0.0,2025
518886,FC,1,0,0,1,0,0,0,0,,0.0,0.0,,2025
518886,FF,148,58,14,79,18,84,9,2,0.2413793103448276,0.22784810126582278,0.5675675675675675,0.2222222222222222,2025
518886,KC,40,16,3,21,3,23,9,4,0.1875,0.14285714285714285,0.575,0.4444444444444444,2025
518886,ST,29,17,6,19,8,19,6,1,0.35294117647058826,0.42105263157894735,0.6551724137931034,0.16666666666666666,2025
519008,CH,33,16,2,16,3,19,9,7,0.125,0.1875,0.5757575757575758,0.7777777777777778,2025
519008,FF,4,1,0,4,1,1,0,0,0.0,0.25,0.25,,2025
519008,SI,146,64,3,72,16,90,37,24,0.046875,0.2222222222222222,0.6164383561643836,0.6486486486486487,2025
519008,ST,105,48,12,48,15,76,19,8,0.25,0.3125,0.7238095238095238,0.42105263157894735,2025
519141,FF,706,374,85,280,81,507,119,33,0.22727272727272727,0.2892857142857143,0.7181303116147308,0.2773109243697479,2025
519141,KC,212,91,24,131,34,111,25,20,0.26373626373626374,0.2595419847328244,0.5235849056603774,0.8,2025
519151,CH,37,13,2,25,2,13,8,4,0.15384615384615385,0.08,0.35135135135135137,0.5,2025
519151,CU,163,68,17,87,24,98,21,10,0.25,0.27586206896551724,0.6012269938650306,0.47619047619047616,2025
519151,FF,243,119,10,87,17,177,58,25,0.08403361344537816,0.19540229885057472,0.7283950617283951,0.43103448275862066,2025
519151,SI,78,30,6,54,11,35,14,12,0.2,0.2037037037037037,0.44871794871794873,0.8571428571428571,2025
519151,SL,140,74,12,63,20,92,33,20,0.16216216216216217,0.31746031746031744,0.6571428571428571,0.6060606060606061,2025
519242,CH,154,77,16,85,28,94,35,22,0.2077922077922078,0.32941176470588235,0.6103896103896104,0.6285714285714286,2025
519242,FF,846,407,69,337,80,575,126,33,0.16953316953316952,0.23738872403560832,0.6796690307328606,0.2619047619047619,2025
519242,SI,71,39,6,30,16,56,14,12,0.15384615384615385,0.5333333333333333,0.7887323943661971,0.8571428571428571,2025
519242,SL,960,470,180,514,188,632,127,54,0.3829787234042553,0.3657587548638132,0.6583333333333333,0.4251968503937008,2025
519326,CH,30,17,7,23,11,18,2,1,0.4117647058823529,0.4782608695652174,0.6,0.5,2025
519326,FF,115,61,7,46,11,80,25,9,0.11475409836065574,0.2391304347826087,0.6956521739130435,0.36,2025
519326,SI,39,16,1,18,2,23,8,5,0.0625,0.1111111111111111,0.5897435897435898,0.625,2025
519326,SL,111,54,14,49,14,77,20,7,0.25925925925925924,0.2857142857142857,0.6936936936936937,0.35,2025
519326,ST,46,25,7,27,8,26,14,2,0.28,0.2962962962962963,0.5652173913043478,0.14285714285714285,2025
521230,CU,28,7,2,19,1,13,1,1,0.2857142857142857,0.05263157894736842,0.4642857142857143,1.0,2025
521230,FF,132,62,5,64,14,85,26,5,0.08064516129032258,0.21875,0.6439393939393939,0.19230769230769232,2025
521230,SL,78,44,24,56,26,50,13,5,0.5454545454545454,0.4642857142857143,0.6410256410256411,0.38461538461538464,2025
521230,UN,1,0,0,1,0,0,0,0,,0.0,0.0,,2025
527048,CH,278,134,40,166,53,160,50,23,0.29850746268656714,0.3192771084337349,0.5755395683453237,0.46,2025
527048,CU,81,27,4,42,7,48,11,7,0.14814814814814814,0.16666666666666666,0.5925925925925926,0.6363636363636364,2025
527048,FC,269,108,18,119,21,165,39,8,0.16666666666666666,0.17647058823529413,0.6133828996282528,0.20512820512820512,2025
527048,FF,38,14,1,22,5,22,6,4,0.07142857142857142,0.22727272727272727,0.5789473684210527,0.6666666666666666,2025
527048,SI,295,122,13,136,37,195,62,23,0.10655737704918032,0.27205882352941174,0.6610169491525424,0.3709677419354839,2025
534910,CU,18,6,2,12,2,8,3,3,0.3333333333333333,0.16666666666666666,0.4444444444444444,1.0,2025
534910,FF,9,2,2,5,2,4,0,0,1.0,0.4,0.4444444444444444,,2025
534910,SI,65,32,2,30,6,41,18,14,0.0625,0.2,0.6307692307692307,0.7777777777777778,2025
534910,ST,25,10,5,17,6,13,3,1,0.5,0.35294117647058826,0.52,0.3333333333333333,2025
541640,CH,18,4,2,13,1,6,1,0,0.5,0.07692307692307693,0.3333333333333333,0.0,2025
541640,CU,9,5,0,5,1,5,3,2,0.0,0.2,0.5555555555555556,0.6666666666666666,2025
541640,FC,70,35,5,25,4,49,13,3,0.14285714285714285,0.16,0.7,0.23076923076923078,2025
541640,FF,10,9,1,2,1,9,3,2,0.1111111111111111,0.5,0.9,0.6666666666666666,2025
541640,SI,51,27,3,28,9,32,15,6,0.1111111111111111,0.32142857142857145,0.6274509803921569,0.4,2025
542881,CH,795,416,155,454,180,527,137,53,0.37259615384615385,0.3964757709251101,0.6628930817610063,0.38686131386861317,2025
542881,CU,6,0,0,5,0,1,0,0,,0.0,0.16666666666666666,,2025
542881,FC,480,219,37,275,68,271,92,27,0.1689497716894977,0.24727272727272728,0.5645833333333333,0.29347826086956524,2025
542881,FF,892,438,55,387,89,599,183,38,0.12557077625570776,0.22997416020671835,0.67152466367713,0.20765027322404372,2025
542881,SI,85,40,6,37,12,53,18,8,0.15,0.32432432432432434,0.6235294117647059,0.4444444444444444,2025
542881,SL,81,32,10,47,11,44,5,2,0.3125,0.23404255319148937,0.5432098765432098,0.4,2025
542888,FC,269,139,24,116,32,186,55,14,0.17266187050359713,0.27586206896551724,0.6914498141263941,0.2545454545454545,2025
542888,FF,323,160,48,140,29,214,34,11,0.3,0.20714285714285716,0.6625386996904025,0.3235294117647059,2025
542888,SI,264,123,10,97,19,187,58,32,0.08130081300813008,0.1958762886597938,0.7083333333333334,0.5517241379310345,2025
542888,ST,261,110,34,153,44,154,37,9,0.3090909090909091,0.2875816993464052,0.5900383141762452,0.24324324324324326,2025
542888,SV,1,0,0,1,0,0,0,0,,0.0,0.0,,2025
542932,EP,25,5,0,21,3,10,5,1,0.0,0.14285714285714285,0.4,0.2,2025
542932,FA,26,13,1,10,2,17,10,1,0.07692307692307693,0.2,0.6538461538461539,0.1,2025
543056,CH,1,0,0,1,0,0,0,0,,0.0,0.0,,2025
543056,FC,295,176,62,150,71,218,49,24,0.3522727272727273,0.47333333333333333,0.7389830508474576,0.4897959183673469,2025
543056,FF,142,64,13,78,19,81,20,8,0.203125,0.24358974358974358,0.5704225352112676,0.4,2025
543056,KC,20,9,2,17,7,9,4,2,0.2222222222222222,0.4117647058823529,0.45,0.5,2025
543056,SI,144,50,4,72,11,85,24,10,0.08,0.1527777777777778,0.5902777777777778,0.4166666666666667,2025
543056,ST,141,74,17,93,40,83,20,6,0.22972972972972974,0.43010752688172044,0.5886524822695035,0.3,2025
543101,FF,114,40,3,51,8,73,19,9,0.075,0.1568627450980392,0.6403508771929824,0.47368421052631576,2025
543101,FS,129,62,27,93,35,71,15,7,0.43548387096774194,0.3763440860215054,0.5503875968992248,0.4666666666666667,2025
543101,KC,136,69,15,75,27,84,24,7,0.21739130434782608,0.36,0.6176470588235294,0.2916666666666667,2025
543101,SI,113,58,5,42,14,80,29,14,0.08620689655172414,0.3333333333333333,0.7079646017699115,0.4827586206896552,2025
543101,SL,140,68,19,61,15,93,29,13,0.27941176470588236,0.2459016393442623,0.6642857142857143,0.4482758620689655,2025
543101,ST,2,0,0,2,0,0,0,0,,0.0,0.0,,2025
543135,CU,379,172,71,225,77,236,42,20,0.4127906976744186,0.3422222222222222,0.6226912928759895,0.47619047619047616,2025
543135,FC,385,190,33,135,25,272,65,29,0.1736842105263158,0.18518518518518517,0.7064935064935065,0.4461538461538462,2025
543135,FF,432,186,20,169,24,281,78,27,0.10752688172043011,0.14201183431952663,0.6504629629629629,0.34615384615384615,2025
543135,FS,603,350,115,314,120,405,113,71,0.32857142857142857,0.3821656050955414,0.6716417910447762,0.6283185840707964,2025
543135,SI,97,66,6,39,21,79,34,25,0.09090909090909091,0.5384615384615384,0.8144329896907216,0.7352941176470589,2025
543135,SL,23,9,0,11,0,12,6,1,0.0,0.0,0.5217391304347826,0.16666666666666666,2025
543243,CH,240,93,23,134,27,133,37,16,0.24731182795698925,0.20149253731343283,0.5541666666666667,0.43243243243243246,2025
543243,CS,2,1,1,2,1,1,0,0,1.0,0.5,0.5,,2025
543243,CU,512,210,64,249,81,340,66,33,0.3047619047619048,0.3253012048192771,0.6640625,0.5,2025
543243,FC,352,164,35,171,38,224,62,25,0.21341463414634146,0.2222222222222222,0.6363636363636364,0.4032258064516129,2025
543243,FF,605,285,49,235,52,418,130,61,0.17192982456140352,0.22127659574468084,0.6909090909090909,0.46923076923076923,2025
543243,PO,1,0,0,1,0,0,0,0,,0.0,0.0,,2025
543243,SI,504,234,30,206,48,357,118,52,0.1282051282051282,0.23300970873786409,0.7083333333333334,0.4406779661016949,2025
543243,SL,45,22,7,19,5,32,8,1,0.3181818181818182,0.2631578947368421,0.7111111111111111,0.125,2025
543243,ST,538,320,134,373,182,347,103,50,0.41875,0.4879356568364611,0.6449814126394052,0.4854368932038835,2025
543294,CH,987,546,131,613,248,635,235,90,0.23992673992673993,0.40456769983686786,0.6433637284701115,0.3829787234042553,2025
543294,CU,212,46,5,104,8,118,24,7,0.10869565217391304,0.07692307692307693,0.5566037735849056,0.2916666666666667,2025
543294,FF,385,158,30,178,43,254,52,12,0.189873417721519,0.24157303370786518,0.6597402597402597,0.23076923076923078,2025
543294,PO,2,0,0,2,0,0,0,0,,0.0,0.0,,2025
543294,SI,987,485,41,384,107,708,222,100,0.08453608247422681,0.2786458333333333,0.7173252279635258,0.45045045045045046,2025
543391,CH,4,3,1,1,0,3,1,0,0.3333333333333333,0.0,0.75,0.0,2025
543391,CU,1,0,0,1,0,0,0,0,,0.0,0.0,,2025
543391,FF,10,4,0,5,1,6,2,1,0.0,0.2,0.6,0.5,2025
543391,SI,4,1,0,2,0,2,1,1,0.0,0.0,0.5,1.0,2025
543391,SL,5,2,1,3,1,2,1,0,0.5,0.3333333333333333,0.4,0.0,2025
543518,FF,128,58,9,50,9,89,28,9,0.15517241379310345,0.18,0.6953125,0.32142857142857145,2025
543518,FS,109,56,25,76,26,61,9,5,0.44642857142857145,0.34210526315789475,0.5596330275229358,0.5555555555555556,2025
543518,SI,13,6,1,6,2,8,2,1,0.16666666666666666,0.3333333333333333,0.6153846153846154,0.5,2025
543518,SL,82,41,16,47,13,47,15,5,0.3902439024390244,0.2765957446808511,0.573170731707317,0.3333333333333333,2025
543592,EP,13,7,0,9,3,7,4,0,0.0,0.3333333333333333,0.5384615384615384,0.0,2025
543592,FA,16,8,0,6,1,11,7,1,0.0,0.16666666666666666,0.6875,0.14285714285714285,2025
543766,CU,1,0,0,0,0,1,0,0,,,1.0,,2025
543766,FC,7,3,1,3,0,3,2,0,0.3333333333333333,0.0,0.42857142857142855,0.0,2025
543766,ST,5,2,0,4,1,2,1,0,0.0,0.25,0.4,0.0,2025
543859,FF,226,109,20,97,26,155,45,11,0.1834862385321101,0.26804123711340205,0.6858407079646017,0.24444444444444444,2025
543859,SI,32,10,0,19,3,16,5,2,0.0,0.15789473684210525,0.5,0.4,2025
543859,SL,103,42,9,57,13,58,17,8,0.21428571428571427,0.22807017543859648,0.5631067961165048,0.47058823529411764,2025
543859,ST,36,13,3,15,3,22,4,2,0.23076923076923078,0.2,0.6111111111111112,0.5,2025
544150,CH,19,13,2,8,4,15,3,3,0.15384615384615385,0.5,0.7894736842105263,1.0,2025
544150,CU,23,7,1,15,1,8,4,1,0.14285714285714285,0.06666666666666667,0.34782608695652173,0.25,2025
544150,FC,34,19,5,16,7,25,9,5,0.2631578947368421,0.4375,0.7352941176470589,0.5555555555555556,2025
544150,FF,75,39,6,38,13,49,14,4,0.15384615384615385,0.34210526315789475,0.6533333333333333,0.2857142857142857,2025
544150,SV,22,5,1,14,2,11,1,0,0.2,0.14285714285714285,0.5,0.0,2025
547001,CH,13,7,2,4,1,9,3,2,0.2857142857142857,0.25,0.6923076923076923,0.6666666666666666,2025
547001,CU,2,0,0,0,0,1,0,0,,,0.5,,2025
547001,FF,5,0,0,5,0,0,0,0,,0.0,0.0,,2025
547001,SI,20,13,4,7,3,15,6,3,0.3076923076923077,0.42857142857142855,0.75,0.5,2025
547001,SL,24,7,0,13,1,11,3,0,0.0,0.07692307692307693,0.4583333333333333,0.0,2025
547001,ST,4,2,0,2,0,2,1,0,0.0,0.0,0.5,0.0,2025
547179,CH,414,214,85,254,83,244,71,22,0.397196261682243,0.32677165354330706,0.5893719806763285,0.30985915492957744,2025
547179,CU,270,115,29,161,46,155,45,24,0.25217391304347825,0.2857142857142857,0.5740740740740741,0.5333333333333333,2025
547179,FC,259,129,21,114,33,167,51,19,0.16279069767441862,0.2894736842105263,0.6447876447876448,0.37254901960784315,2025
547179,FF,528,236,34,227,45,337,90,30,0.1440677966101695,0.19823788546255505,0.6382575757575758,0.3333333333333333,2025
547179,SI,434,196,16,197,53,296,91,51,0.08163265306122448,0.26903553299492383,0.6820276497695853,0.5604395604395604,2025
547179,SL,277,150,36,132,44,188,58,19,0.24,0.3333333333333333,0.6787003610108303,0.3275862068965517,2025
547179,ST,214,108,20,109,30,137,49,12,0.18518518518518517,0.27522935779816515,0.6401869158878505,0.24489795918367346,2025
547184,CH,10,6,4,7,3,6,1,1,0.6666666666666666,0.42857142857142855,0.6,1.0,2025
547184,FF,192,69,13,95,16,109,25,11,0.18840579710144928,0.16842105263157894,0.5677083333333334,0.44,2025
547184,SI,30,12,1,18,4,15,4,3,0.08333333333333333,0.2222222222222222,0.5,0.75,2025
547184,SL,94,37,7,49,9,56,8,4,0.1891891891891892,0.1836734693877551,0.5957446808510638,0.5,2025
547184,ST,332,159,28,153,45,226,79,31,0.1761006289308176,0.29411764705882354,0.6807228915662651,0.3924050632911392,2025
547973,FF,395,223,56,148,40,292,59,18,0.25112107623318386,0.2702702702702703,0.739240506329114,0.3050847457627119,2025
547973,FS,108,62,28,62,25,68,18,10,0.45161290322580644,0.4032258064516129,0.6296296296296297,0.5555555555555556,2025
547973,SI,317,188,58,155,52,213,41,16,0.30851063829787234,0.33548387096774196,0.6719242902208202,0.3902439024390244,2025
547973,SL,152,87,39,75,36,113,18,9,0.4482758620689655,0.48,0.743421052631579,0.5,2025
548384,CH,53,24,5,40,14,27,11,5,0.20833333333333334,0.35,0.5094339622641509,0.45454545454545453,2025
548384,FC,78,35,5,34,8,51,17,1,0.14285714285714285,0.23529411764705882,0.6538461538461539,0.058823529411764705,2025
548384,SI,94,31,4,42,8,60,13,10,0.12903225806451613,0.19047619047619047,0.6382978723404256,0.7692307692307693,2025
548384,ST,163,83,17,71,19,115,25,6,0.20481927710843373,0.2676056338028169,0.7055214723926381,0.24,2025
552640,FF,91,50,6,31,7,65,18,3,0.12,0.22580645161290322,0.7142857142857143,0.16666666666666666,2025
552640,FS,7,2,1,7,2,2,0,0,0.5,0.2857142857142857,0.2857142857142857,,2025
552640,SI,309,140,16,151,48,203,55,34,0.11428571428571428,0.31788079470198677,0.656957928802589,0.6181818181818182,2025
552640,SL,442,262,97,242,123,324,77,33,0.3702290076335878,0.5082644628099173,0.7330316742081447,0.42857142857142855,2025
554340,CH,22,11,3,14,3,11,3,1,0.2727272727272727,0.21428571428571427,0.5,0.3333333333333333,2025
554340,CU,62,25,6,30,8,37,8,3,0.24,0.26666666666666666,0.5967741935483871,0.375,2025
554340,FF,171,89,26,70,18,119,24,10,0.29213483146067415,0.2571428571428571,0.695906432748538,0.4166666666666667,2025
554340,SI,57,21,3,32,7,32,11,6,0.14285714285714285,0.21875,0.5614035087719298,0.5454545454545454,2025
554340,SL,3,1,0,1,0,2,1,0,0.0,0.0,0.6666666666666666,0.0,2025
554340,ST,64,27,10,30,7,40,9,5,0.37037037037037035,0.23333333333333334,0.625,0.5555555555555556,2025
554430,CU,236,94,49,186,63,115,16,13,0.5212765957446809,0.3387096774193548,0.4872881355932203,0.8125,2025
554430,FC,216,113,21,97,25,144,44,21,0.18584070796460178,0.25773195876288657,0.6666666666666666,0.4772727272727273,2025
554430,FF,1010,537,144,389,104,706,126,32,0.2681564245810056,0.26735218508997427,0.699009900990099,0.25396825396825395,2025
554430,FS,218,124,43,135,51,129,40,16,0.3467741935483871,0.37777777777777777,0.591743119266055,0.4,2025
554430,SI,419,200,27,225,81,273,82,50,0.135,0.36,0.6515513126491647,0.6097560975609756,2025
554430,ST,366,173,70,198,62,232,55,22,0.4046242774566474,0.31313131313131315,0.6338797814207651,0.4,2025
554431,FF,76,38,7,29,3,51,17,5,0.18421052631578946,0.10344827586206896,0.6710526315789473,0.29411764705882354,2025
554431,SI,9,3,0,6,1,4,1,0,0.0,0.16666666666666666,0.4444444444444444,0.0,2025
554431,SL,42,19,4,26,6,24,5,2,0.21052631578947367,0.23076923076923078,0.5714285714285714,0.4,2025
570632,CH,237,121,26,139,43,141,44,16,0.21487603305785125,0.30935251798561153,0.5949367088607594,0.36363636363636365,2025
570632,FF,99,49,4,53,16,60,17,7,0.08163265306122448,0.3018867924528302,0.6060606060606061,0.4117647058823529,2025
570632,FS,32,14,8,21,7,17,3,2,0.5714285714285714,0.3333333333333333,0.53125,0.6666666666666666,2025
570632,SI,346,170,17,144,37,237,86,35,0.1,0.2569444444444444,0.684971098265896,0.4069767441860465,2025
570632,SL,243,108,26,127,25,141,39,12,0.24074074074074073,0.1968503937007874,0.5802469135802469,0.3076923076923077,2025
571466,EP,21,11,0,13,5,15,10,6,0.0,0.38461538461538464,0.7142857142857143,0.6,2025
571466,FA,1,0,0,1,0,0,0,0,,0.0,0.0,,2025
571510,CH,680,378,117,331,117,466,149,57,0.30952380952380953,0.35347432024169184,0.6852941176470588,0.3825503355704698,2025
571510,CU,332,99,23,157,26,201,35,13,0.23232323232323232,0.16560509554140126,0.6054216867469879,0.37142857142857144,2025
571510,FF,1368,769,95,544,148,968,275,99,0.1235370611183355,0.27205882352941174,0.7076023391812866,0.36,2025
571510,SI,91,47,9,42,17,64,21,16,0.19148936170212766,0.40476190476190477,0.7032967032967034,0.7619047619047619,2025
571510,SL,430,202,69,254,80,252,64,32,0.3415841584158416,0.31496062992125984,0.586046511627907,0.5,2025
571578,CH,240,103,40,175,51,118,37,18,0.3883495145631068,0.2914285714285714,0.49166666666666664,0.4864864864864865,2025
571578,CU,15,5,2,10,4,10,2,0,0.4,0.4,0.6666666666666666,0.0,2025
571578,FC,648,343,73,283,95,461,123,54,0.21282798833819241,0.33568904593639576,0.7114197530864198,0.43902439024390244,2025
571578,FF,69,31,4,34,6,38,10,3,0.12903225806451613,0.17647058823529413,0.5507246376811594,0.3,2025
571578,SI,748,323,36,291,47,494,171,64,0.11145510835913312,0.16151202749140894,0.660427807486631,0.3742690058479532,2025
571578,SL,868,394,147,581,203,493,135,57,0.3730964467005076,0.3493975903614458,0.5679723502304147,0.4222222222222222,2025
571657,EP,7,5,0,3,2,5,5,1,0.0,0.6666666666666666,0.7142857142857143,0.2,2025
571760,CH,361,181,32,223,80,217,93,45,0.17679558011049723,0.35874439461883406,0.6011080332409973,0.4838709677419355,2025
571760,CS,112,27,8,60,8,59,8,1,0.2962962962962963,0.13333333333333333,0.5267857142857143,0.125,2025
571760,CU,120,58,10,58,19,79,23,5,0.1724137931034483,0.3275862068965517,0.6583333333333333,0.21739130434782608,2025
571760,FF,909,447,65,371,89,607,164,40,0.14541387024608501,0.2398921832884097,0.6677667766776678,0.24390243902439024,2025
571760,SI,234,106,11,99,31,161,57,35,0.10377358490566038,0.31313131313131315,0.688034188034188,0.6140350877192983,2025
571760,SL,346,169,48,208,68,205,56,26,0.28402366863905326,0.3269230769230769,0.5924855491329479,0.4642857142857143,2025
571771,CS,103,34,5,62,13,48,23,10,0.14705882352941177,0.20967741935483872,0.46601941747572817,0.43478260869565216,2025
571771,EP,17,7,0,8,3,12,4,2,0.0,0.375,0.7058823529411765,0.5,2025
571771,FA,5,1,0,4,1,2,1,0,0.0,0.25,0.4,0.0,2025
571912,FA,11,4,0,6,0,6,2,0,0.0,0.0,0.5454545454545454,0.0,2025
571912,KN,2,2,0,1,1,2,1,1,0.0,1.0,1.0,1.0,2025
571927,CH,242,123,25,143,56,149,59,30,0.2032520325203252,0.3916083916083916,0.6157024793388429,0.5084745762711864,2025
571927,CU,268,110,27,139,37,165,53,23,0.24545454545454545,0.26618705035971224,0.6156716417910447,0.4339622641509434,2025
571927,PO,1,0,0,1,0,0,0,0,,0.0,0.0,,2025
571927,SI,744,367,47,263,69,541,147,74,0.12806539509536785,0.2623574144486692,0.7271505376344086,0.5034013605442177,2025
571927,SL,27,11,1,22,6,11,4,1,0.09090909090909091,0.2727272727272727,0.4074074074074074,0.25,2025
571945,CH,298,144,19,155,39,177,82,38,0.13194444444444445,0.25161290322580643,0.5939597315436241,0.4634146341463415,2025
571945,CS,7,2,0,5,0,2,1,1,0.0,0.0,0.2857142857142857,1.0,2025
571945,CU,441,153,34,247,52,243,66,30,0.2222222222222222,0.21052631578947367,0.5510204081632653,0.45454545454545453,2025
571945,FF,720,376,61,249,70,524,130,37,0.1622340425531915,0.28112449799196787,0.7277777777777777,0.2846153846153846,2025
571945,PO,3,0,0,3,0,0,0,0,,0.0,0.0,,2025
571945,SI,429,224,16,155,46,327,116,69,0.07142857142857142,0.2967741935483871,0.7622377622377622,0.5948275862068966,2025
571945,SL,600,294,44,278,67,383,133,45,0.14965986394557823,0.24100719424460432,0.6383333333333333,0.3383458646616541,2025
571945,ST,71,37,5,47,15,39,18,5,0.13513513513513514,0.3191489361702128,0.5492957746478874,0.2777777777777778,2025
571946,FC,1,1,0,0,0,1,1,0,0.0,,1.0,0.0,2025
571946,FF,440,225,56,171,52,313,70,22,0.24888888888888888,0.30409356725146197,0.7113636363636363,0.3142857142857143,2025
571946,FS,204,108,46,149,66,123,37,15,0.42592592592592593,0.4429530201342282,0.6029411764705882,0.40540540540540543,2025
571946,SL,6,2,0,1,1,6,1,0,0.0,1.0,1.0,0.0,2025
571946,ST,61,22,6,36,8,35,6,2,0.2727272727272727,0.2222222222222222,0.5737704918032787,0.3333333333333333,2025
571948,CH,205,98,18,135,45,117,43,25,0.1836734693877551,0.3333333333333333,0.5707317073170731,0.5813953488372093,2025
571948,FF,170,90,18,81,23,105,22,9,0.2,0.2839506172839506,0.6176470588235294,0.4090909090909091,2025
571948,SI,389,178,16,135,39,288,90,55,0.0898876404494382,0.28888888888888886,0.7403598971722365,0.6111111111111112,2025
571948,ST,415,149,20,190,29,260,62,27,0.1342281879194631,0.15263157894736842,0.6265060240963856,0.43548387096774194,2025
571948,SV,4,1,1,3,1,2,0,0,1.0,0.3333333333333333,0.5,,2025
572143,CU,2,0,0,2,0,1,0,0,,0.0,0.5,,2025
572143,FC,2,1,0,1,0,1,1,1,0.0,0.0,0.5,1.0,2025
572143,FF,9,3,1,5,0,5,1,0,0.3333333333333333,0.0,0.5555555555555556,0.0,2025
572143,SI,3,1,0,1,1,3,0,0,0.0,1.0,1.0,,2025
572143,ST,3,1,0,3,1,2,1,0,0.0,0.3333333333333333,0.6666666666666666,0.0,2025
572955,CU,698,328,81,317,94,473,128,45,0.24695121951219512,0.29652996845425866,0.6776504297994269,0.3515625,2025
572955,FC,47,16,3,24,0,25,7,5,0.1875,0.0,0.5319148936170213,0.7142857142857143,2025
572955,FF,223,84,16,112,25,135,24,5,0.19047619047619047,0.22321428571428573,0.6053811659192825,0.20833333333333334,2025
573009,CH,56,33,7,36,17,38,15,8,0.21212121212121213,0.4722222222222222,0.6785714285714286,0.5333333333333333,2025
573009,CU,73,34,10,37,12,47,17,8,0.29411764705882354,0.32432432432432434,0.6438356164383562,0.47058823529411764,2025
573009,FF,4,1,0,3,0,1,1,0,0.0,0.0,0.25,0.0,2025
573009,SI,78,33,4,24,5,57,15,6,0.12121212121212122,0.20833333333333334,0.7307692307692307,0.4,2025
573124,SI,453,183,18,186,31,288,85,43,0.09836065573770492,0.16666666666666666,0.6357615894039735,0.5058823529411764,2025
573124,ST,470,226,74,235,77,311,64,20,0.3274336283185841,0.3276595744680851,0.6617021276595745,0.3125,2025
573186,CU,43,21,5,22,6,26,6,3,0.23809523809523808,0.2727272727272727,0.6046511627906976,0.5,2025
573186,FC,140,80,9,71,28,97,30,9,0.1125,0.39436619718309857,0.6928571428571428,0.3,2025
573186,FF,37,12,4,24,5,19,5,2,0.3333333333333333,0.20833333333333334,0.5135135135135135,0.4,2025
573186,FS,88,45,15,55,17,49,16,11,0.3333333333333333,0.3090909090909091,0.5568181818181818,0.6875,2025
573186,SI,312,155,24,136,32,206,63,33,0.15483870967741936,0.23529411764705882,0.6602564102564102,0.5238095238095238,2025
573186,SL,56,25,2,37,9,29,7,3,0.08,0.24324324324324326,0.5178571428571429,0.42857142857142855,2025
573186,SV,162,57,13,97,24,90,23,10,0.22807017543859648,0.24742268041237114,0.5555555555555556,0.43478260869565216,2025
573204,CU,250,95,32,132,35,149,34,24,0.3368421052631579,0.26515151515151514,0.596,0.7058823529411765,2025
573204,FF,375,218,38,155,59,275,77,25,0.1743119266055046,0.38064516129032255,0.7333333333333333,0.3246753246753247,2025
573204,SL,134,72,22,70,25,90,28,12,0.3055555555555556,0.35714285714285715,0.6716417910447762,0.42857142857142855,2025
573204,ST,134,55,12,63,16,83,20,5,0.21818181818181817,0.25396825396825395,0.6194029850746269,0.25,2025
573262,CU,1,0,0,1,0,0,0,0,,0.0,0.0,,2025
573262,EP,8,3,1,6,2,4,2,1,0.3333333333333333,0.3333333333333333,0.5,0.5,2025
573262,FA,4,1,0,4,1,1,1,1,0.0,0.25,0.25,1.0,2025
573262,KN,8,3,0,6,1,3,2,1,0.0,0.16666666666666666,0.375,0.5,2025
579328,CH,384,186,45,245,76,214,72,33,0.24193548387096775,0.31020408163265306,0.5572916666666666,0.4583333333333333,2025
579328,CU,481,234,55,240,75,315,101,41,0.23504273504273504,0.3125,0.6548856548856549,0.40594059405940597,2025
579328,FF,1111,539,100,493,109,698,162,59,0.18552875695732837,0.2210953346855984,0.6282628262826283,0.36419753086419754,2025
579328,SI,39,19,2,23,6,22,7,6,0.10526315789473684,0.2608695652173913,0.5641025641025641,0.8571428571428571,2025
579328,SL,1158,558,131,520,146,778,191,78,0.23476702508960573,0.28076923076923077,0.6718480138169257,0.4083769633507853,2025
579328,ST,9,6,3,4,2,7,2,2,0.5,0.5,0.7777777777777778,1.0,2025
592094,CH,378,198,64,215,74,233,65,38,0.32323232323232326,0.34418604651162793,0.6164021164021164,0.5846153846153846,2025
592094,FC,3,3,1,2,2,3,1,0,0.3333333333333333,1.0,1.0,0.0,2025
592094,FF,263,120,22,157,51,157,42,14,0.18333333333333332,0.3248407643312102,0.596958174904943,0.3333333333333333,2025
592094,SL,392,195,74,165,54,278,54,21,0.37948717948717947,0.32727272727272727,0.7091836734693877,0.3888888888888889,2025
592094,ST,95,36,11,57,12,51,17,6,0.3055555555555556,0.21052631578947367,0.5368421052631579,0.35294117647058826,2025
592155,CH,15,5,4,12,3,6,0,0,0.8,0.25,0.4,,2025
592155,FC,121,48,16,63,19,77,17,5,0.3333333333333333,0.30158730158730157,0.6363636363636364,0.29411764705882354,2025
592155,FF,273,146,24,130,36,176,45,17,0.1643835616438356,0.27692307692307694,0.6446886446886447,0.37777777777777777,2025
592155,ST,188,84,31,95,31,121,28,8,0.36904761904761907,0.3263157894736842,0.6436170212765957,0.2857142857142857,2025
592254,CH,13,9,3,7,3,9,4,0,0.3333333333333333,0.42857142857142855,0.6923076923076923,0.0,2025
592254,FF,48,19,1,21,4,30,5,1,0.05263157894736842,0.19047619047619047,0.625,0.2,2025
592254,SL,16,9,0,5,1,13,5,1,0.0,0.2,0.8125,0.2,2025
592254,SV,24,16,11,14,7,17,3,3,0.6875,0.5,0.7083333333333334,1.0,2025
592332,FF,1822,970,137,616,160,1386,361,101,0.14123711340206185,0.2597402597402597,0.7607025246981339,0.27977839335180055,2025
592332,FS,1325,698,275,899,344,776,208,106,0.3939828080229226,0.38264738598442716,0.5856603773584905,0.5096153846153846,2025
592332,SI,2,1,0,1,0,1,1,0,0.0,0.0,0.5,0.0,2025
592332,SL,317,113,39,203,44,162,42,18,0.34513274336283184,0.21674876847290642,0.5110410094637224,0.42857142857142855,2025
592351,CH,16,10,4,7,3,11,5,2,0.4,0.42857142857142855,0.6875,0.4,2025
592351,CU,6,1,1,5,1,2,0,0,1.0,0.2,0.3333333333333333,,2025
592351,FF,99,52,5,45,13,65,22,5,0.09615384615384616,0.28888888888888886,0.6565656565656566,0.22727272727272727,2025
592351,SL,89,42,11,48,12,57,18,1,0.2619047619047619,0.25,0.6404494382022472,0.05555555555555555,2025
592426,CH,1,0,0,1,0,0,0,0,,0.0,0.0,,2025
592426,CU,142,66,19,76,24,88,27,14,0.2878787878787879,0.3157894736842105,0.6197183098591549,0.5185185185185185,2025
592426,FC,6,3,1,3,1,4,0,0,0.3333333333333333,0.3333333333333333,0.6666666666666666,,2025
592426,FF,279,116,15,136,27,170,46,18,0.12931034482758622,0.19852941176470587,0.6093189964157706,0.391304347826087,2025
592426,SI,3,3,1,0,0,3,1,0,0.3333333333333333,,1.0,0.0,2025
592426,SL,415,209,52,206,64,269,89,54,0.24880382775119617,0.3106796116504854,0.6481927710843374,0.6067415730337079,2025
592454,CH,933,424,99,495,136,583,175,87,0.23349056603773585,0.27474747474747474,0.62486602357985,0.49714285714285716,2025
592454,FF,155,56,10,77,8,84,23,6,0.17857142857142858,0.1038961038961039,0.5419354838709678,0.2608695652173913,2025
592454,SL,5,0,0,5,0,1,0,0,,0.0,0.2,,2025
592662,CH,415,184,66,269,77,228,61,24,0.358695652173913,0.2862453531598513,0.5493975903614458,0.39344262295081966,2025
592662,FF,1629,847,173,697,188,1115,267,67,0.20425029515938606,0.2697274031563845,0.6844689993861265,0.250936329588015,2025
592662,KC,371,135,48,224,59,206,48,24,0.35555555555555557,0.26339285714285715,0.555256064690027,0.5,2025
592662,SI,2,0,0,2,0,0,0,0,,0.0,0.0,,2025
592662,SL,713,382,109,382,114,448,130,68,0.28534031413612565,0.29842931937172773,0.6283309957924264,0.5230769230769231,2025
592662,ST,12,4,1,7,1,5,1,0,0.25,0.14285714285714285,0.4166666666666667,0.0,2025
592773,FF,624,361,75,276,90,433,97,25,0.2077562326869806,0.32608695652173914,0.6939102564102564,0.25773195876288657,2025
592773,FS,132,54,14,88,21,61,15,9,0.25925925925925924,0.23863636363636365,0.4621212121212121,0.6,2025
592773,SL,231,103,45,139,41,134,34,13,0.4368932038834951,0.2949640287769784,0.5800865800865801,0.38235294117647056,2025
592773,ST,100,47,8,45,9,64,21,7,0.1702127659574468,0.2,0.64,0.3333333333333333,2025
592779,CH,66,24,9,52,15,30,11,10,0.375,0.28846153846153844,0.45454545454545453,0.9090909090909091,2025
592779,FC,58,25,3,28,3,34,13,3,0.12,0.10714285714285714,0.5862068965517241,0.23076923076923078,2025
592779,FF,332,194,56,108,30,248,49,11,0.28865979381443296,0.2777777777777778,0.7469879518072289,0.22448979591836735,2025
592779,SI,67,36,8,31,13,46,17,12,0.2222222222222222,0.41935483870967744,0.6865671641791045,0.7058823529411765,2025
592779,ST,87,33,13,66,21,41,8,1,0.3939393939393939,0.3181818181818182,0.47126436781609193,0.125,2025
592791,CH,238,131,47,126,49,157,48,25,0.35877862595419846,0.3888888888888889,0.6596638655462185,0.5208333333333334,2025
592791,CU,273,103,16,135,32,171,45,22,0.1553398058252427,0.23703703703703705,0.6263736263736264,0.4888888888888889,2025
592791,FC,313,150,21,121,24,220,69,24,0.14,0.19834710743801653,0.7028753993610224,0.34782608695652173,2025
592791,FF,808,377,58,344,82,552,139,27,0.15384615384615385,0.23837209302325582,0.6831683168316832,0.19424460431654678,2025
592791,SI,152,83,5,72,22,107,44,25,0.060240963855421686,0.3055555555555556,0.7039473684210527,0.5681818181818182,2025
592791,ST,330,181,55,186,75,219,73,24,0.30386740331491713,0.4032258064516129,0.6636363636363637,0.3287671232876712,2025
592826,CH,6,2,0,5,1,2,0,0,0.0,0.2,0.3333333333333333,,2025
592826,FF,23,7,1,9,0,13,3,2,0.14285714285714285,0.0,0.5652173913043478,0.6666666666666666,2025
592826,KC,7,1,0,3,0,4,0,0,0.0,0.0,0.5714285714285714,,2025
592826,SI,4,3,0,1,0,3,2,1,0.0,0.0,0.75,0.5,2025
592826,SL,15,8,0,9,5,11,2,2,0.0,0.5555555555555556,0.7333333333333333,1.0,2025
592836,CU,151,60,14,84,21,90,24,12,0.23333333333333334,0.25,0.5960264900662252,0.5,2025
592836,FC,668,303,53,282,63,452,111,37,0.17491749174917492,0.22340425531914893,0.6766467065868264,0.3333333333333333,2025
592836,FF,231,92,13,103,21,148,41,7,0.14130434782608695,0.20388349514563106,0.6406926406926406,0.17073170731707318,2025
592836,FS,504,248,45,317,96,276,114,71,0.1814516129032258,0.3028391167192429,0.5476190476190477,0.6228070175438597,2025
592836,SI,439,183,14,185,43,286,91,47,0.07650273224043716,0.23243243243243245,0.6514806378132119,0.5164835164835165,2025
592836,SL,257,135,30,147,44,154,63,26,0.2222222222222222,0.29931972789115646,0.5992217898832685,0.4126984126984127,2025
592848,FF,8,5,1,5,3,6,2,0,0.2,0.6,0.75,0.0,2025
592848,SL,1,1,0,0,0,1,1,0,0.0,,1.0,0.0,2025
592848,ST,5,3,1,3,1,3,2,2,0.3333333333333333,0.3333333333333333,0.6,1.0,2025
592866,CH,186,65,24,159,41,69,27,12,0.36923076923076925,0.2578616352201258,0.3709677419354839,0.4444444444444444,2025
592866,FF,613,344,42,198,53,469,141,48,0.12209302325581395,0.2676767676767677,0.765089722675367,0.3404255319148936,2025
592866,SI,124,54,8,69,18,73,19,8,0.14814814814814814,0.2608695652173913,0.5887096774193549,0.42105263157894735,2025
592866,SL,127,40,0,66,10,73,31,14,0.0,0.15151515151515152,0.5748031496062992,0.45161290322580644,2025
592866,ST,398,173,46,229,68,238,67,18,0.2658959537572254,0.29694323144104806,0.5979899497487438,0.26865671641791045,2025
593423,FC,72,39,9,40,13,49,13,6,0.23076923076923078,0.325,0.6805555555555556,0.46153846153846156,2025
593423,FF,178,101,27,74,23,128,28,10,0.26732673267326734,0.3108108108108108,0.7191011235955056,0.35714285714285715,2025
593423,FS,146,75,24,108,39,77,27,10,0.32,0.3611111111111111,0.5273972602739726,0.37037037037037035,2025
593423,SI,124,55,6,50,13,88,31,17,0.10909090909090909,0.26,0.7096774193548387,0.5483870967741935,2025
593423,SL,99,45,10,69,21,52,18,9,0.2222222222222222,0.30434782608695654,0.5252525252525253,0.5,2025
593423,ST,89,29,5,33,4,58,14,2,0.1724137931034483,0.12121212121212122,0.651685393258427,0.14285714285714285,2025
593576,CH,31,9,3,23,3,10,3,1,0.3333333333333333,0.13043478260869565,0.3225806451612903,0.3333333333333333,2025
593576,FF,221,98,19,98,18,132,29,5,0.19387755102040816,0.1836734693877551,0.5972850678733032,0.1724137931034483,2025
593576,FS,236,118,42,145,55,145,28,10,0.3559322033898305,0.3793103448275862,0.614406779661017,0.35714285714285715,2025
593576,SI,44,26,2,22,11,33,12,5,0.07692307692307693,0.5,0.75,0.4166666666666667,2025
593576,SL,16,4,1,6,0,11,0,0,0.25,0.0,0.6875,,2025
593833,CH,32,20,5,20,10,21,11,5,0.25,0.5,0.65625,0.45454545454545453,2025
593833,CU,2,0,0,2,0,0,0,0,,0.0,0.0,,2025
593833,FC,108,50,14,58,16,68,10,2,0.28,0.27586206896551724,0.6296296296296297,0.2,2025
593958,CH,537,273,75,368,142,305,118,57,0.27472527472527475,0.3858695652173913,0.5679702048417132,0.4830508474576271,2025
593958,CU,121,52,11,68,21,77,21,12,0.21153846153846154,0.3088235294117647,0.6363636363636364,0.5714285714285714,2025
593958,FC,415,204,39,198,53,274,68,20,0.19117647058823528,0.2676767676767677,0.6602409638554216,0.29411764705882354,2025
593958,FF,1252,582,109,566,145,826,215,68,0.1872852233676976,0.25618374558303886,0.6597444089456869,0.31627906976744186,2025
593958,PO,1,0,0,1,0,0,0,0,,0.0,0.0,,2025
593958,SI,232,100,11,128,35,139,57,29,0.11,0.2734375,0.5991379310344828,0.5087719298245614,2025
593958,SL,107,48,11,66,14,54,23,9,0.22916666666666666,0.21212121212121213,0.5046728971962616,0.391304347826087,2025
593974,CH,407,228,76,258,108,257,80,53,0.3333333333333333,0.4186046511627907,0.6314496314496314,0.6625,2025
593974,FF,40,17,4,18,2,24,5,2,0.23529411764705882,0.1111111111111111,0.6,0.4,2025
593974,SI,531,236,36,253,61,338,110,59,0.15254237288135594,0.24110671936758893,0.6365348399246704,0.5363636363636364,2025
593974,SL,197,90,36,104,29,123,31,20,0.4,0.27884615384615385,0.6243654822335025,0.6451612903225806,2025
594580,CH,39,18,8,27,9,22,4,3,0.4444444444444444,0.3333333333333333,0.5641025641025641,0.75,2025
594580,FF,90,34,5,47,9,49,14,4,0.14705882352941177,0.19148936170212766,0.5444444444444444,0.2857142857142857,2025
594580,SI,93,24,2,46,7,53,13,11,0.08333333333333333,0.15217391304347827,0.5698924731182796,0.8461538461538461,2025
594580,ST,162,73,32,95,31,103,24,5,0.4383561643835616,0.3263157894736842,0.6358024691358025,0.20833333333333334,2025
594798,CH,307,143,55,209,63,156,38,26,0.38461538461538464,0.3014354066985646,0.50814332247557,0.6842105263157895,2025
594798,CU,144,55,19,61,17,101,16,7,0.34545454545454546,0.2786885245901639,0.7013888888888888,0.4375,2025
594798,FF,1261,711,128,480,136,918,221,51,0.180028129395218,0.2833333333333333,0.7279936558287073,0.23076923076923078,2025
594798,SL,1029,505,187,625,231,641,193,96,0.3702970297029703,0.3696,0.6229348882410107,0.49740932642487046,2025
594902,CH,56,24,2,34,6,27,13,5,0.08333333333333333,0.17647058823529413,0.48214285714285715,0.38461538461538464,2025
594902,CU,51,25,4,31,12,32,11,5,0.16,0.3870967741935484,0.6274509803921569,0.45454545454545453,2025
594902,FC,58,23,4,35,8,32,5,2,0.17391304347826086,0.22857142857142856,0.5517241379310345,0.4,2025
594902,FF,238,104,15,99,25,160,32,8,0.14423076923076922,0.25252525252525254,0.6722689075630253,0.25,2025
594902,SI,175,91,10,68,14,122,41,17,0.10989010989010989,0.20588235294117646,0.6971428571428572,0.4146341463414634,2025
594902,SL,63,33,4,30,5,38,13,1,0.12121212121212122,0.16666666666666666,0.6031746031746031,0.07692307692307693,2025
594902,ST,78,39,5,41,12,49,19,3,0.1282051282051282,0.2926829268292683,0.6282051282051282,0.15789473684210525,2025
595014,FC,64,29,7,32,11,42,10,3,0.2413793103448276,0.34375,0.65625,0.3,2025
595014,FF,85,39,8,43,7,49,7,3,0.20512820512820512,0.16279069767441862,0.5764705882352941,0.42857142857142855,2025
595014,SI,192,90,6,80,20,130,34,18,0.06666666666666667,0.25,0.6770833333333334,0.5294117647058824,2025
595014,ST,292,149,51,171,77,194,43,14,0.3422818791946309,0.4502923976608187,0.6643835616438356,0.32558139534883723,2025
595345,CH,1,0,0,1,0,0,0,0,,0.0,0.0,,2025
595345,FC,7,2,0,5,0,2,2,1,0.0,0.0,0.2857142857142857,0.5,2025
595345,FF,441,214,41,190,36,285,75,21,0.19158878504672897,0.18947368421052632,0.6462585034013606,0.28,2025
595345,PO,1,0,0,1,0,0,0,0,,0.0,0.0,,2025
595345,SL,617,333,129,297,101,419,96,22,0.38738738738738737,0.3400673400673401,0.6790923824959482,0.22916666666666666,2025
595897,CH,2,1,0,1,1,2,0,0,0.0,1.0,1.0,,2025
595897,FF,19,6,1,11,0,8,2,1,0.16666666666666666,0.0,0.42105263157894735,0.5,2025
595897,SI,36,16,1,19,6,26,8,5,0.0625,0.3157894736842105,0.7222222222222222,0.625,2025
595897,SL,26,13,5,14,4,16,4,2,0.38461538461538464,0.2857142857142857,0.6153846153846154,0.5,2025
595928,CH,37,7,3,30,4,10,3,3,0.42857142857142855,0.13333333333333333,0.2702702702702703,1.0,2025
595928,FC,173,92,12,83,27,115,39,11,0.13043478260869565,0.3253012048192771,0.6647398843930635,0.28205128205128205,2025
595928,FF,303,171,34,118,32,215,57,15,0.19883040935672514,0.2711864406779661,0.7095709570957096,0.2631578947368421,2025
595928,SL,63,30,1,30,6,37,19,7,0.03333333333333333,0.2,0.5873015873015873,0.3684210526315789,2025
595978,EP,7,2,0,6,1,4,2,1,0.0,0.16666666666666666,0.5714285714285714,0.5,2025
595978,FA,49,20,0,31,9,31,12,4,0.0,0.2903225806451613,0.6326530612244898,0.3333333333333333,2025
596001,CH,219,119,30,122,45,140,48,24,0.25210084033613445,0.36885245901639346,0.639269406392694,0.5,2025
596001,FF,95,32,2,35,3,58,17,4,0.0625,0.08571428571428572,0.6105263157894737,0.23529411764705882,2025
596001,SI,303,138,14,115,26,212,65,30,0.10144927536231885,0.22608695652173913,0.6996699669966997,0.46153846153846156,2025
596001,ST,491,206,62,246,67,311,83,30,0.30097087378640774,0.27235772357723576,0.6334012219959266,0.3614457831325301,2025
596103,EP,10,4,0,8,4,7,3,3,0.0,0.5,0.7,1.0,2025
596112,FC,109,66,26,53,23,79,20,5,0.3939393939393939,0.4339622641509434,0.7247706422018348,0.25,2025
596112,FF,23,7,2,12,3,15,4,0,0.2857142857142857,0.25,0.6521739130434783,0.0,2025
596112,FS,12,7,2,5,2,9,3,3,0.2857142857142857,0.4,0.75,1.0,2025
596112,SL,3,1,1,1,0,2,0,0,1.0,0.0,0.6666666666666666,,2025
596133,CH,330,182,74,204,83,206,46,16,0.4065934065934066,0.4068627450980392,0.6242424242424243,0.34782608695652173,2025
596133,FC,105,47,13,57,14,61,14,3,0.2765957446808511,0.24561403508771928,0.580952380952381,0.21428571428571427,2025
596133,FF,648,345,65,295,87,445,116,30,0.18840579710144928,0.29491525423728815,0.6867283950617284,0.25862068965517243,2025
596133,SL,20,7,1,12,2,10,3,1,0.14285714285714285,0.16666666666666666,0.5,0.3333333333333333,2025
596142,EP,8,1,0,7,0,1,1,0,0.0,0.0,0.125,0.0,2025
596142,FA,11,5,0,7,3,7,4,1,0.0,0.42857142857142855,0.6363636363636364,0.25,2025
596271,CH,60,27,4,43,17,35,14,9,0.14814814814814814,0.3953488372093023,0.5833333333333334,0.6428571428571429,2025
596271,CU,2,0,0,2,0,0,0,0,,0.0,0.0,,2025
596271,FC,4,1,0,3,0,1,1,0,0.0,0.0,0.25,0.0,2025
596271,FF,19,12,1,6,1,14,8,2,0.08333333333333333,0.16666666666666666,0.7368421052631579,0.25,2025
596271,SI,110,51,3,45,10,76,30,11,0.058823529411764705,0.2222222222222222,0.6909090909090909,0.36666666666666664,2025
596271,SL,13,8,3,3,1,10,4,1,0.375,0.3333333333333333,0.7692307692307693,0.25,2025
596271,ST,68,28,6,35,7,43,14,5,0.21428571428571427,0.2,0.6323529411764706,0.35714285714285715,2025
596295,CH,164,94,20,66,22,119,39,20,0.2127659574468085,0.3333333333333333,0.725609756097561,0.5128205128205128,2025
596295,FC,46,25,6,23,7,30,8,1,0.24,0.30434782608695654,0.6521739130434783,0.125,2025
596295,FF,340,163,11,133,16,228,82,23,0.06748466257668712,0.12030075187969924,0.6705882352941176,0.2804878048780488,2025
596295,FS,45,27,6,27,12,30,13,4,0.2222222222222222,0.4444444444444444,0.6666666666666666,0.3076923076923077,2025
596295,KC,248,117,17,111,31,171,46,17,0.1452991452991453,0.27927927927927926,0.6895161290322581,0.3695652173913043,2025
596295,SI,3,0,0,2,0,1,0,0,,0.0,0.3333333333333333,,2025
596295,SL,153,64,12,88,19,81,32,11,0.1875,0.2159090909090909,0.5294117647058824,0.34375,2025
600917,CH,51,27,16,35,14,30,3,3,0.5925925925925926,0.4,0.5882352941176471,1.0,2025
600917,CU,7,4,2,5,2,4,2,1,0.5,0.4,0.5714285714285714,0.5,2025
600917,FC,42,20,5,22,5,26,9,2,0.25,0.22727272727272727,0.6190476190476191,0.2222222222222222,2025
600917,FF,86,50,12,41,15,60,18,3,0.24,0.36585365853658536,0.6976744186046512,0.16666666666666666,2025
600917,SI,25,10,1,13,3,14,3,2,0.1,0.23076923076923078,0.56,0.6666666666666666,2025
600917,SL,53,18,5,40,7,21,7,3,0.2777777777777778,0.175,0.39622641509433965,0.42857142857142855,2025
601713,CU,662,282,44,309,69,431,125,59,0.15602836879432624,0.22330097087378642,0.6510574018126888,0.472,2025
601713,FC,259,113,14,115,29,166,47,27,0.12389380530973451,0.25217391304347825,0.640926640926641,0.574468085106383,2025
601713,FF,1438,723,162,654,202,981,224,51,0.22406639004149378,0.308868501529052,0.6821974965229486,0.22767857142857142,2025
601713,FS,5,1,0,4,0,1,1,0,0.0,0.0,0.2,0.0,2025
601713,SI,83,37,3,43,10,49,17,10,0.08108108108108109,0.23255813953488372,0.5903614457831325,0.5882352941176471,2025
601713,SL,16,8,2,10,3,9,2,0,0.25,0.3,0.5625,0.0,2025
601713,ST,549,281,98,304,102,344,82,24,0.3487544483985765,0.3355263157894737,0.6265938069216758,0.2926829268292683,2025
605121,FC,3,1,0,0,0,2,1,0,0.0,,0.6666666666666666,0.0,2025
605121,FF,1,0,0,1,0,0,0,0,,0.0,0.0,,2025
605121,SI,6,2,0,3,1,3,1,1,0.0,0.3333333333333333,0.5,1.0,2025
605121,SL,14,5,3,10,3,7,1,1,0.6,0.3,0.5,1.0,2025
605130,CH,1,0,0,1,0,0,0,0,,0.0,0.0,,2025
605130,CU,218,78,31,139,42,118,18,7,0.3974358974358974,0.302158273381295,0.5412844036697247,0.3888888888888889,2025
605130,FF,290,130,20,129,28,186,39,16,0.15384615384615385,0.21705426356589147,0.6413793103448275,0.41025641025641024,2025
605130,PO,1,0,0,1,0,0,0,0,,0.0,0.0,,2025
605130,SI,188,80,11,86,20,120,39,19,0.1375,0.23255813953488372,0.6382978723404256,0.48717948717948717,2025
605130,SL,252,105,38,138,37,148,40,19,0.3619047619047619,0.26811594202898553,0.5873015873015873,0.475,2025
605130,ST,375,163,63,211,71,234,47,20,0.38650306748466257,0.33649289099526064,0.624,0.425531914893617,2025
605130,UN,1,0,0,1,0,0,0,0,,0.0,0.0,,2025
605135,CH,104,39,8,55,9,57,20,6,0.20512820512820512,0.16363636363636364,0.5480769230769231,0.3,2025
605135,CU,486,219,68,257,68,295,75,31,0.3105022831050228,0.26459143968871596,0.6069958847736625,0.41333333333333333,2025
605135,FC,500,246,65,273,67,290,81,29,0.26422764227642276,0.2454212454212454,0.58,0.35802469135802467,2025
605135,FF,292,142,30,153,39,174,39,11,0.2112676056338028,0.2549019607843137,0.5958904109589042,0.28205128205128205,2025
605135,FS,114,40,8,85,20,50,22,12,0.2,0.23529411764705882,0.43859649122807015,0.5454545454545454,2025
605135,SI,1266,597,75,495,128,903,262,153,0.12562814070351758,0.2585858585858586,0.7132701421800948,0.583969465648855,2025
605135,SL,102,39,5,66,11,51,16,3,0.1282051282051282,0.16666666666666666,0.5,0.1875,2025
605135,ST,179,91,47,93,32,120,23,6,0.5164835164835165,0.34408602150537637,0.6703910614525139,0.2608695652173913,2025
605138,CH,2,0,0,2,0,0,0,0,,0.0,0.0,,2025
605138,FC,20,6,2,15,3,9,2,2,0.3333333333333333,0.2,0.45,1.0,2025
605138,FF,18,11,0,8,2,12,5,2,0.0,0.25,0.6666666666666666,0.4,2025
605138,SL,10,5,0,8,3,5,1,0,0.0,0.375,0.5,0.0,2025
605154,CH,34,11,0,24,4,13,5,3,0.0,0.16666666666666666,0.38235294117647056,0.6,2025
605154,CU,4,1,0,3,1,2,0,0,0.0,0.3333333333333333,0.5,,2025
605154,FF,238,113,16,91,24,165,35,11,0.1415929203539823,0.26373626373626374,0.6932773109243697,0.3142857142857143,2025
605154,SL,207,104,26,101,27,135,37,10,0.25,0.26732673267326734,0.6521739130434783,0.2702702702702703,2025
605155,CU,16,5,3,12,2,6,1,0,0.6,0.16666666666666666,0.375,0.0,2025
605155,FF,15,7,0,6,1,10,4,1,0.0,0.16666666666666666,0.6666666666666666,0.25,2025
605155,SI,6,1,0,2,0,3,1,1,0.0,0.0,0.5,1.0,2025
605155,SL,9,5,2,4,2,7,1,1,0.4,0.5,0.7777777777777778,1.0,2025
605177,CH,4,2,1,2,0,2,1,0,0.5,0.0,0.5,0.0,2025
605177,FF,127,50,5,42,6,88,17,6,0.1,0.14285714285714285,0.6929133858267716,0.35294117647058826,2025
605177,SI,259,109,19,138,44,164,39,18,0.1743119266055046,0.3188405797101449,0.6332046332046332,0.46153846153846156,2025
605177,SL,252,133,54,178,73,148,33,18,0.40601503759398494,0.4101123595505618,0.5873015873015873,0.5454545454545454,2025
605182,CH,21,10,4,15,5,11,1,1,0.4,0.3333333333333333,0.5238095238095238,1.0,2025
605182,CU,3,2,1,1,1,3,0,0,0.5,1.0,1.0,,2025
605182,FC,35,12,2,22,4,17,8,4,0.16666666666666666,0.18181818181818182,0.4857142857142857,0.5,2025
605182,FF,52,25,5,25,5,31,11,6,0.2,0.2,0.5961538461538461,0.5454545454545454,2025
605182,SI,5,3,1,3,1,3,1,0,0.3333333333333333,0.3333333333333333,0.6,0.0,2025
605182,ST,29,11,1,19,4,14,4,1,0.09090909090909091,0.21052631578947367,0.4827586206896552,0.25,2025
605218,CH,13,6,3,5,1,9,3,2,0.5,0.2,0.6923076923076923,0.6666666666666666,2025
605218,CU,31,12,5,16,3,18,4,1,0.4166666666666667,0.1875,0.5806451612903226,0.25,2025
605218,FF,46,23,4,22,7,30,8,3,0.17391304347826086,0.3181818181818182,0.6521739130434783,0.375,2025
605242,CH,9,3,1,7,1,3,2,0,0.3333333333333333,0.14285714285714285,0.3333333333333333,0.0,2025
605242,CU,8,3,0,4,1,5,1,0,0.0,0.25,0.625,0.0,2025
605242,FC,39,22,3,20,6,25,9,1,0.13636363636363635,0.3,0.6410256410256411,0.1111111111111111,2025
605242,FF,21,7,0,9,1,13,3,2,0.0,0.1111111111111111,0.6190476190476191,0.6666666666666666,2025
605242,SI,9,6,0,1,0,8,3,1,0.0,0.0,0.8888888888888888,0.3333333333333333,2025
605242,ST,4,2,1,3,2,3,0,0,0.5,0.6666666666666666,0.75,,2025
605280,CH,448,239,71,318,128,253,74,46,0.29707112970711297,0.4025157232704403,0.5647321428571429,0.6216216216216216,2025
605280,FC,242,101,16,142,31,132,37,20,0.15841584158415842,0.21830985915492956,0.5454545454545454,0.5405405405405406,2025
605280,FF,150,72,13,76,15,91,26,6,0.18055555555555555,0.19736842105263158,0.6066666666666667,0.23076923076923078,2025
605280,SI,1159,516,74,487,129,786,231,147,0.1434108527131783,0.2648870636550308,0.6781708369283865,0.6363636363636364,2025
605280,SL,309,149,45,157,49,206,59,25,0.30201342281879195,0.31210191082802546,0.6666666666666666,0.423728813559322,2025
605280,ST,544,199,50,294,80,321,81,38,0.25125628140703515,0.272108843537415,0.5900735294117647,0.4691358024691358,2025
605288,CH,296,155,53,195,69,170,56,21,0.3419354838709677,0.35384615384615387,0.5743243243243243,0.375,2025
605288,CU,227,86,23,139,43,128,31,13,0.26744186046511625,0.30935251798561153,0.5638766519823789,0.41935483870967744,2025
605288,FF,238,120,19,124,37,149,38,14,0.15833333333333333,0.29838709677419356,0.6260504201680672,0.3684210526315789,2025
605288,SI,893,455,43,327,78,640,203,114,0.0945054945054945,0.23853211009174313,0.7166853303471444,0.5615763546798029,2025
605288,SL,304,154,31,165,51,192,62,29,0.2012987012987013,0.3090909090909091,0.631578947368421,0.46774193548387094,2025
605347,CH,37,22,5,22,11,25,11,5,0.22727272727272727,0.5,0.6756756756756757,0.45454545454545453,2025
605347,FF,97,42,2,47,9,59,20,12,0.047619047619047616,0.19148936170212766,0.6082474226804123,0.6,2025
605347,KC,65,35,7,29,12,48,11,6,0.2,0.41379310344827586,0.7384615384615385,0.5454545454545454,2025
605347,PO,1,0,0,1,0,0,0,0,,0.0,0.0,,2025
605347,SI,107,54,9,46,17,79,26,10,0.16666666666666666,0.3695652173913043,0.7383177570093458,0.38461538461538464,2025
605347,SL,80,40,9,33,9,52,11,4,0.225,0.2727272727272727,0.65,0.36363636363636365,2025
605400,CH,258,135,39,164,62,154,59,28,0.28888888888888886,0.3780487804878049,0.5968992248062015,0.4745762711864407,2025
605400,FC,122,65,17,68,25,80,19,5,0.26153846153846155,0.36764705882352944,0.6557377049180327,0.2631578947368421,2025
605400,FF,503,213,25,214,48,332,80,22,0.11737089201877934,0.22429906542056074,0.6600397614314115,0.275,2025
605400,KC,490,240,90,298,124,318,78,40,0.375,0.4161073825503356,0.6489795918367347,0.5128205128205128,2025
605400,SI,297,126,10,127,31,202,56,31,0.07936507936507936,0.2440944881889764,0.6801346801346801,0.5535714285714286,2025
605447,FF,268,99,22,131,25,156,36,10,0.2222222222222222,0.19083969465648856,0.582089552238806,0.2777777777777778,2025
605447,SL,454,240,64,200,55,311,90,36,0.26666666666666666,0.275,0.6850220264317181,0.4,2025
605452,CH,81,45,3,45,12,49,26,12,0.06666666666666667,0.26666666666666666,0.6049382716049383,0.46153846153846156,2025
605452,CU,52,33,6,26,10,37,15,4,0.18181818181818182,0.38461538461538464,0.7115384615384616,0.26666666666666666,2025
605452,FF,322,152,36,135,25,206,47,23,0.23684210526315788,0.18518518518518517,0.639751552795031,0.48936170212765956,2025
605452,SI,254,120,13,110,26,166,50,24,0.10833333333333334,0.23636363636363636,0.6535433070866141,0.48,2025
605452,SL,194,104,29,103,34,123,40,19,0.27884615384615385,0.3300970873786408,0.634020618556701,0.475,2025
605463,FF,262,113,25,129,27,154,40,13,0.22123893805309736,0.20930232558139536,0.5877862595419847,0.325,2025
605463,FS,159,79,26,103,42,98,28,18,0.3291139240506329,0.4077669902912621,0.6163522012578616,0.6428571428571429,2025
605463,SI,15,3,1,6,1,9,2,2,0.3333333333333333,0.16666666666666666,0.6,1.0,2025
605463,SL,35,13,4,21,6,20,7,1,0.3076923076923077,0.2857142857142857,0.5714285714285714,0.14285714285714285,2025
605463,ST,79,28,4,39,7,46,16,7,0.14285714285714285,0.1794871794871795,0.5822784810126582,0.4375,2025
605483,CH,407,221,98,241,99,272,73,50,0.4434389140271493,0.4107883817427386,0.6683046683046683,0.684931506849315,2025
605483,CU,336,130,54,208,62,188,36,16,0.4153846153846154,0.2980769230769231,0.5595238095238095,0.4444444444444444,2025
605483,FF,610,281,46,288,75,388,102,43,0.16370106761565836,0.2604166666666667,0.6360655737704918,0.4215686274509804,2025
605483,SL,212,96,45,137,47,120,20,14,0.46875,0.34306569343065696,0.5660377358490566,0.7,2025
605488,CH,720,424,167,476,221,469,161,61,0.3938679245283019,0.4642857142857143,0.6513888888888889,0.37888198757763975,2025
605488,FC,167,60,15,97,13,83,25,8,0.25,0.13402061855670103,0.49700598802395207,0.32,2025
605488,FF,1211,513,67,579,118,747,200,49,0.13060428849902533,0.20379965457685664,0.6168455821635013,0.245,2025
605488,SL,575,250,47,251,52,385,105,37,0.188,0.20717131474103587,0.6695652173913044,0.3523809523809524,2025
605488,ST,174,71,19,87,20,109,27,10,0.2676056338028169,0.22988505747126436,0.6264367816091954,0.37037037037037035,2025
605507,CH,8,2,2,6,1,3,0,0,1.0,0.16666666666666666,0.375,,2025
605507,CU,9,4,1,6,1,4,1,1,0.25,0.16666666666666666,0.4444444444444444,1.0,2025
605507,FC,16,6,1,9,2,9,2,0,0.16666666666666666,0.2222222222222222,0.5625,0.0,2025
605507,FF,24,15,0,11,6,18,5,2,0.0,0.5454545454545454,0.75,0.4,2025
605507,SI,3,1,0,0,0,2,0,0,0.0,,0.6666666666666666,,2025
605513,CH,14,8,1,8,3,9,4,4,0.125,0.375,0.6428571428571429,1.0,2025
605513,CU,19,10,3,11,4,12,4,3,0.3,0.36363636363636365,0.631578947368421,0.75,2025
605513,FF,47,20,3,21,5,30,8,1,0.15,0.23809523809523808,0.6382978723404256,0.125,2025
605513,SI,8,6,0,4,2,6,4,2,0.0,0.5,0.75,0.5,2025
605513,SL,9,4,3,6,3,6,0,0,0.75,0.5,0.6666666666666666,,2025
605513,ST,28,11,4,18,6,16,5,2,0.36363636363636365,0.3333333333333333,0.5714285714285714,0.4,2025
605540,CH,170,99,34,92,33,113,32,17,0.3434343434343434,0.358695652173913,0.6647058823529411,0.53125,2025
605540,CU,36,12,2,20,5,20,4,0,0.16666666666666666,0.25,0.5555555555555556,0.0,2025
605540,FC,151,74,15,55,12,104,21,5,0.20270270270270271,0.21818181818181817,0.6887417218543046,0.23809523809523808,2025
605540,FF,296,165,45,113,31,215,43,9,0.2727272727272727,0.2743362831858407,0.7263513513513513,0.20930232558139536,2025
605540,SI,299,131,20,125,29,206,54,22,0.15267175572519084,0.232,0.6889632107023411,0.4074074074074074,2025
605540,ST,12,6,2,8,2,6,2,0,0.3333333333333333,0.25,0.5,0.0,2025
606160,FF,444,201,44,212,46,276,55,13,0.21890547263681592,0.2169811320754717,0.6216216216216216,0.23636363636363636,2025
606160,FS,518,258,91,328,120,308,79,51,0.35271317829457366,0.36585365853658536,0.5945945945945946,0.6455696202531646,2025
606160,SI,54,27,2,29,14,39,13,8,0.07407407407407407,0.4827586206896552,0.7222222222222222,0.6153846153846154,2025
606160,SL,82,30,7,52,12,42,13,5,0.23333333333333334,0.23076923076923078,0.5121951219512195,0.38461538461538464,2025
606303,CH,4,1,0,3,0,1,0,0,0.0,0.0,0.25,,2025
606303,FC,2,1,1,2,1,1,0,0,1.0,0.5,0.5,,2025
606303,FF,162,73,11,71,16,105,30,8,0.1506849315068493,0.22535211267605634,0.6481481481481481,0.26666666666666666,2025
606303,SI,70,30,2,31,7,48,17,4,0.06666666666666667,0.22580645161290322,0.6857142857142857,0.23529411764705882,2025
606303,ST,211,87,29,114,30,127,35,14,0.3333333333333333,0.2631578947368421,0.6018957345971564,0.4,2025
606930,FC,82,40,13,53,19,48,18,8,0.325,0.3584905660377358,0.5853658536585366,0.4444444444444444,2025
606930,FF,54,26,4,25,7,36,9,2,0.15384615384615385,0.28,0.6666666666666666,0.2222222222222222,2025
606930,FS,10,2,1,8,0,2,1,1,0.5,0.0,0.2,1.0,2025
606965,CH,109,51,12,61,21,68,22,13,0.23529411764705882,0.3442622950819672,0.6238532110091743,0.5909090909090909,2025
606965,FC,45,20,3,25,7,27,11,6,0.15,0.28,0.6,0.5454545454545454,2025
606965,FF,60,24,4,30,5,35,5,1,0.16666666666666666,0.16666666666666666,0.5833333333333334,0.2,2025
606965,SI,3,3,0,1,1,3,0,0,0.0,1.0,1.0,,2025
606965,SL,2,1,0,0,0,2,1,0,0.0,,1.0,0.0,2025
606965,ST,59,21,5,27,5,34,7,1,0.23809523809523808,0.18518518518518517,0.576271186440678,0.14285714285714285,2025
606996,CH,109,53,17,75,26,62,23,7,0.32075471698113206,0.3466666666666667,0.5688073394495413,0.30434782608695654,2025
606996,FF,121,65,6,55,16,80,24,6,0.09230769230769231,0.2909090909090909,0.6611570247933884,0.25,2025
606996,FS,33,15,7,21,6,18,3,2,0.4666666666666667,0.2857142857142857,0.5454545454545454,0.6666666666666666,2025
606996,SI,166,62,7,74,13,103,32,14,0.11290322580645161,0.17567567567567569,0.6204819277108434,0.4375,2025
606996,SL,87,48,6,31,6,60,22,10,0.125,0.1935483870967742,0.6896551724137931,0.45454545454545453,2025
606996,ST,244,97,27,115,30,164,38,10,0.27835051546391754,0.2608695652173913,0.6721311475409836,0.2631578947368421,2025
607067,CH,316,161,48,209,73,176,55,32,0.2981366459627329,0.3492822966507177,0.5569620253164557,0.5818181818181818,2025
607067,CU,251,82,19,112,19,156,34,17,0.23170731707317074,0.16964285714285715,0.6215139442231076,0.5,2025
607067,FC,202,90,10,108,33,129,41,18,0.1111111111111111,0.3055555555555556,0.6386138613861386,0.43902439024390244,2025
607067,FF,1090,525,72,439,100,759,218,71,0.13714285714285715,0.22779043280182232,0.6963302752293578,0.3256880733944954,2025
607067,PO,1,0,0,1,0,0,0,0,,0.0,0.0,,2025
607067,SI,286,147,14,163,55,182,70,35,0.09523809523809523,0.3374233128834356,0.6363636363636364,0.5,2025
607067,SL,264,121,46,152,45,159,43,19,0.38016528925619836,0.29605263157894735,0.6022727272727273,0.4418604651162791,2025
607067,ST,245,134,33,128,48,161,51,14,0.2462686567164179,0.375,0.6571428571428571,0.27450980392156865,2025
607074,CH,568,298,100,393,151,331,122,67,0.33557046979865773,0.3842239185750636,0.5827464788732394,0.5491803278688525,2025
607074,CU,128,35,10,90,16,57,7,5,0.2857142857142857,0.17777777777777778,0.4453125,0.7142857142857143,2025
607074,FC,5,2,0,2,1,4,2,0,0.0,0.5,0.8,0.0,2025
607074,FF,1450,626,104,650,142,952,218,63,0.16613418530351437,0.21846153846153846,0.6565517241379311,0.2889908256880734,2025
607074,SI,327,159,41,191,58,196,58,33,0.2578616352201258,0.3036649214659686,0.599388379204893,0.5689655172413793,2025
607074,SL,969,443,173,526,170,612,135,65,0.3905191873589165,0.3231939163498099,0.631578947368421,0.48148148148148145,2025
607179,CU,2,1,0,1,0,1,1,0,0.0,0.0,0.5,0.0,2025
607179,FF,57,31,5,23,4,38,12,4,0.16129032258064516,0.17391304347826086,0.6666666666666666,0.3333333333333333,2025
607179,FS,11,2,1,10,1,2,1,0,0.5,0.1,0.18181818181818182,0.0,2025
607179,SL,28,12,3,19,5,14,6,1,0.25,0.2631578947368421,0.5,0.16666666666666666,2025
607192,CU,437,188,77,270,81,242,53,21,0.4095744680851064,0.3,0.5537757437070938,0.39622641509433965,2025
607192,FF,651,293,54,248,50,437,104,43,0.18430034129692832,0.20161290322580644,0.6712749615975423,0.41346153846153844,2025
607192,SI,393,140,20,161,18,247,60,27,0.14285714285714285,0.11180124223602485,0.628498727735369,0.45,2025
607192,SL,414,184,76,253,71,227,57,31,0.41304347826086957,0.28063241106719367,0.5483091787439613,0.543859649122807,2025
607200,CH,297,121,16,199,50,143,63,34,0.1322314049586777,0.25125628140703515,0.48148148148148145,0.5396825396825397,2025
607200,FC,680,340,66,309,70,434,144,48,0.19411764705882353,0.22653721682847897,0.638235294117647,0.3333333333333333,2025
607200,FF,21,11,2,13,3,11,3,2,0.18181818181818182,0.23076923076923078,0.5238095238095238,0.6666666666666666,2025
607200,SI,815,337,27,359,76,524,162,77,0.08011869436201781,0.2116991643454039,0.6429447852760736,0.47530864197530864,2025
607200,ST,632,286,69,369,112,379,112,45,0.24125874125874125,0.3035230352303523,0.5996835443037974,0.4017857142857143,2025
607259,CH,527,263,74,277,78,326,97,31,0.2813688212927757,0.2815884476534296,0.618595825426945,0.31958762886597936,2025
607259,CU,291,78,12,143,18,157,44,28,0.15384615384615385,0.1258741258741259,0.5395189003436426,0.6363636363636364,2025
607259,FC,558,288,47,220,54,385,119,54,0.16319444444444445,0.24545454545454545,0.6899641577060932,0.453781512605042,2025
607259,FF,565,289,28,227,58,395,116,37,0.09688581314878893,0.2555066079295154,0.6991150442477876,0.31896551724137934,2025
607259,PO,1,0,0,1,0,0,0,0,,0.0,0.0,,2025
607259,SI,451,221,26,196,57,305,102,45,0.11764705882352941,0.29081632653061223,0.6762749445676275,0.4411764705882353,2025
607259,SL,278,129,44,152,44,164,53,19,0.34108527131782945,0.2894736842105263,0.5899280575539568,0.3584905660377358,2025
607455,CH,42,20,2,31,10,22,12,10,0.1,0.3225806451612903,0.5238095238095238,0.8333333333333334,2025
607455,FF,271,157,31,115,35,185,53,14,0.19745222929936307,0.30434782608695654,0.6826568265682657,0.2641509433962264,2025
607455,SI,270,119,14,106,21,188,53,26,0.11764705882352941,0.19811320754716982,0.6962962962962963,0.49056603773584906,2025
607455,SL,576,263,95,355,111,322,78,27,0.3612167300380228,0.3126760563380282,0.5590277777777778,0.34615384615384615,2025
607481,CU,327,168,49,199,82,215,62,35,0.2916666666666667,0.4120603015075377,0.6574923547400612,0.5645161290322581,2025
607481,FC,1,0,0,1,0,0,0,0,,0.0,0.0,,2025
607481,FF,116,57,9,49,13,83,15,5,0.15789473684210525,0.2653061224489796,0.7155172413793104,0.3333333333333333,2025
607481,SI,324,117,11,137,26,217,62,38,0.09401709401709402,0.1897810218978102,0.6697530864197531,0.6129032258064516,2025
607481,ST,164,60,16,101,22,84,17,9,0.26666666666666666,0.21782178217821782,0.5121951219512195,0.5294117647058824,2025
607536,CH,158,66,7,100,20,79,30,11,0.10606060606060606,0.2,0.5,0.36666666666666664,2025
607536,FC,397,207,35,152,42,289,87,29,0.16908212560386474,0.27631578947368424,0.7279596977329975,0.3333333333333333,2025
607536,FF,846,449,44,264,53,639,207,62,0.09799554565701558,0.20075757575757575,0.7553191489361702,0.2995169082125604,2025
607536,KC,657,320,115,433,161,389,114,69,0.359375,0.371824480369515,0.5920852359208524,0.6052631578947368,2025
607536,SI,161,91,8,59,16,116,48,27,0.08791208791208792,0.2711864406779661,0.7204968944099379,0.5625,2025
607536,ST,328,178,43,154,58,224,67,33,0.24157303370786518,0.37662337662337664,0.6829268292682927,0.4925373134328358,2025
607625,CH,238,121,23,123,31,146,55,23,0.19008264462809918,0.25203252032520324,0.6134453781512605,0.41818181818181815,2025
607625,CS,117,57,13,55,13,73,21,8,0.22807017543859648,0.23636363636363636,0.6239316239316239,0.38095238095238093,2025
607625,CU,439,193,45,231,74,286,63,33,0.23316062176165803,0.3203463203463203,0.6514806378132119,0.5238095238095238,2025
607625,FC,349,164,33,176,43,217,59,17,0.20121951219512196,0.24431818181818182,0.6217765042979942,0.288135593220339,2025
607625,FF,524,207,24,242,41,324,92,34,0.11594202898550725,0.16942148760330578,0.6183206106870229,0.3695652173913043,2025
607625,FS,13,4,3,11,3,6,1,1,0.75,0.2727272727272727,0.46153846153846156,1.0,2025
607625,SI,363,162,23,152,33,241,75,35,0.1419753086419753,0.21710526315789475,0.6639118457300276,0.4666666666666667,2025
607625,SL,139,60,15,75,14,80,28,6,0.25,0.18666666666666668,0.5755395683453237,0.21428571428571427,2025
607625,ST,52,16,3,34,7,25,7,2,0.1875,0.20588235294117646,0.4807692307692308,0.2857142857142857,2025
607625,SV,230,102,17,108,29,151,40,10,0.16666666666666666,0.26851851851851855,0.6565217391304348,0.25,2025
607732,CH,3,1,0,2,1,2,1,0,0.0,0.5,0.6666666666666666,0.0,2025
607732,CS,6,4,0,6,4,4,3,0,0.0,0.6666666666666666,0.6666666666666666,0.0,2025
607732,FA,17,9,0,8,2,11,3,3,0.0,0.25,0.6470588235294118,1.0,2025
608032,CH,171,87,15,88,24,108,36,12,0.1724137931034483,0.2727272727272727,0.631578947368421,0.3333333333333333,2025
608032,FF,588,298,48,254,59,388,99,22,0.1610738255033557,0.23228346456692914,0.6598639455782312,0.2222222222222222,2025
608032,SL,339,156,29,147,29,220,61,15,0.1858974358974359,0.19727891156462585,0.6489675516224189,0.2459016393442623,2025
608331,CH,390,191,53,231,71,227,80,48,0.2774869109947644,0.30735930735930733,0.5820512820512821,0.6,2025
608331,CU,584,221,90,340,87,339,74,35,0.4072398190045249,0.25588235294117645,0.5804794520547946,0.47297297297297297,2025
608331,FC,924,494,78,424,138,629,201,102,0.15789473684210525,0.32547169811320753,0.6807359307359307,0.5074626865671642,2025
608331,FF,446,232,45,221,63,286,81,34,0.1939655172413793,0.2850678733031674,0.6412556053811659,0.41975308641975306,2025
608331,SI,614,303,73,275,77,425,116,88,0.24092409240924093,0.28,0.6921824104234527,0.7586206896551724,2025
608331,SL,64,28,7,43,10,32,12,3,0.25,0.23255813953488372,0.5,0.25,2025
608331,ST,386,130,48,199,40,224,45,15,0.36923076923076925,0.20100502512562815,0.5803108808290155,0.3333333333333333,2025
608334,CH,130,85,28,81,40,91,30,14,0.32941176470588235,0.49382716049382713,0.7,0.4666666666666667,2025
608334,CU,28,10,1,20,5,12,5,2,0.1,0.25,0.42857142857142855,0.4,2025
608334,FF,114,43,10,43,7,77,15,2,0.23255813953488372,0.16279069767441862,0.6754385964912281,0.13333333333333333,2025
608334,PO,1,0,0,1,0,0,0,0,,0.0,0.0,,2025
608334,SI,106,56,9,43,16,78,23,10,0.16071428571428573,0.37209302325581395,0.7358490566037735,0.43478260869565216,2025
608334,SL,82,23,5,58,8,31,13,9,0.21739130434782608,0.13793103448275862,0.3780487804878049,0.6923076923076923,2025
608337,CH,534,296,74,261,82,354,98,32,0.25,0.31417624521072796,0.6629213483146067,0.32653061224489793,2025
608337,CU,82,26,5,58,9,32,11,6,0.19230769230769232,0.15517241379310345,0.3902439024390244,0.5454545454545454,2025
608337,FF,1145,520,74,499,120,759,220,85,0.1423076923076923,0.24048096192384769,0.662882096069869,0.38636363636363635,2025
608337,PO,1,0,0,1,0,0,0,0,,0.0,0.0,,2025
608337,SL,606,277,82,343,100,362,104,48,0.296028880866426,0.2915451895043732,0.5973597359735974,0.46153846153846156,2025
608371,CU,12,4,0,3,0,9,1,0,0.0,0.0,0.75,0.0,2025
608371,FC,4,1,1,4,1,2,0,0,1.0,0.25,0.5,,2025
608371,FF,125,42,12,65,9,71,17,5,0.2857142857142857,0.13846153846153847,0.568,0.29411764705882354,2025
608371,FS,1,0,0,1,0,0,0,0,,0.0,0.0,,2025
608371,SI,8,5,1,3,1,6,1,1,0.2,0.3333333333333333,0.75,1.0,2025
608371,SL,6,2,1,5,2,2,1,0,0.5,0.4,0.3333333333333333,0.0,2025
608371,ST,123,48,19,75,17,62,18,10,0.3958333333333333,0.22666666666666666,0.5040650406504065,0.5555555555555556,2025
608372,CU,249,87,14,138,32,147,42,20,0.16091954022988506,0.2318840579710145,0.5903614457831325,0.47619047619047616,2025
608372,FC,308,139,15,143,34,198,71,22,0.1079136690647482,0.23776223776223776,0.6428571428571429,0.30985915492957744,2025
608372,FF,485,230,28,229,57,310,81,25,0.12173913043478261,0.24890829694323144,0.6391752577319587,0.30864197530864196,2025
608372,FS,602,289,75,396,139,340,120,69,0.25951557093425603,0.351010101010101,0.5647840531561462,0.575,2025
608372,SI,412,191,17,173,44,289,91,36,0.08900523560209424,0.2543352601156069,0.7014563106796117,0.3956043956043956,2025
608372,ST,509,269,54,246,79,336,120,42,0.20074349442379183,0.32113821138211385,0.6601178781925344,0.35,2025
608379,CH,714,424,113,327,119,498,158,52,0.2665094339622642,0.363914373088685,0.6974789915966386,0.3291139240506329,2025
608379,CU,219,62,19,139,21,99,26,11,0.3064516129032258,0.1510791366906475,0.4520547945205479,0.4230769230769231,2025
608379,FC,409,214,32,177,53,281,92,39,0.14953271028037382,0.2994350282485876,0.687041564792176,0.42391304347826086,2025
608379,FF,777,365,56,355,87,509,128,40,0.15342465753424658,0.24507042253521127,0.6550836550836551,0.3125,2025
608379,SI,357,181,18,152,40,242,88,36,0.09944751381215469,0.2631578947368421,0.6778711484593838,0.4090909090909091,2025
608379,SL,354,182,51,190,63,226,68,32,0.2802197802197802,0.33157894736842103,0.6384180790960452,0.47058823529411764,2025
608566,CH,57,13,2,39,3,19,9,5,0.15384615384615385,0.07692307692307693,0.3333333333333333,0.5555555555555556,2025
608566,FF,779,380,27,326,69,508,186,58,0.07105263157894737,0.2116564417177914,0.6521181001283697,0.3118279569892473,2025
608566,KC,686,346,122,396,137,421,110,40,0.35260115606936415,0.34595959595959597,0.6137026239067055,0.36363636363636365,2025
608566,SI,442,226,9,203,48,286,134,66,0.03982300884955752,0.23645320197044334,0.6470588235294118,0.4925373134328358,2025
608566,SL,243,101,23,113,28,150,47,15,0.22772277227722773,0.24778761061946902,0.6172839506172839,0.3191489361702128,2025
608638,SI,6,2,0,0,0,6,2,1,0.0,,1.0,0.5,2025
608638,SL,7,1,0,5,0,2,1,1,0.0,0.0,0.2857142857142857,1.0,2025
608650,CH,219,131,30,115,49,153,51,27,0.22900763358778625,0.4260869565217391,0.6986301369863014,0.5294117647058824,2025
608650,CU,36,12,4,23,4,17,5,2,0.3333333333333333,0.17391304347826086,0.4722222222222222,0.4,2025
608650,FC,123,48,9,68,13,68,23,11,0.1875,0.19117647058823528,0.5528455284552846,0.4782608695652174,2025
608650,FF,340,197,56,125,44,254,51,15,0.28426395939086296,0.352,0.7470588235294118,0.29411764705882354,2025
608650,SI,23,13,1,9,2,16,6,3,0.07692307692307693,0.2222222222222222,0.6956521739130435,0.5,2025
608665,CH,66,33,10,43,15,36,10,7,0.30303030303030304,0.3488372093023256,0.5454545454545454,0.7,2025
608665,CU,7,2,1,5,0,2,0,0,0.5,0.0,0.2857142857142857,,2025
608665,FF,52,23,5,33,7,24,7,2,0.21739130434782608,0.21212121212121213,0.46153846153846156,0.2857142857142857,2025
608665,SI,128,54,8,69,19,81,32,12,0.14814814814814814,0.2753623188405797,0.6328125,0.375,2025
608665,SL,71,27,11,48,13,37,11,5,0.4074074074074074,0.2708333333333333,0.5211267605633803,0.45454545454545453,2025
608671,CU,4,1,0,4,1,1,1,0,0.0,0.25,0.25,0.0,2025
608671,EP,9,5,0,9,5,6,3,1,0.0,0.5555555555555556,0.6666666666666666,0.3333333333333333,2025
608717,CH,83,44,20,56,21,49,15,9,0.45454545454545453,0.375,0.5903614457831325,0.6,2025
608717,CU,96,40,9,49,11,57,15,6,0.225,0.22448979591836735,0.59375,0.4,2025
608717,FF,187,82,20,84,19,120,32,14,0.24390243902439024,0.2261904761904762,0.6417112299465241,0.4375,2025
608717,SI,14,6,0,6,2,9,3,1,0.0,0.3333333333333333,0.6428571428571429,0.3333333333333333,2025
608717,SL,73,38,5,39,12,46,18,9,0.13157894736842105,0.3076923076923077,0.6301369863013698,0.5,2025
608717,ST,6,1,1,5,0,1,0,0,1.0,0.0,0.16666666666666666,,2025
608718,CH,258,113,35,172,48,136,42,19,0.30973451327433627,0.27906976744186046,0.5271317829457365,0.4523809523809524,2025
608718,FF,505,282,47,193,50,361,101,42,0.16666666666666666,0.25906735751295334,0.7148514851485148,0.4158415841584158,2025
608718,SI,274,104,14,111,20,177,48,26,0.1346153846153846,0.18018018018018017,0.6459854014598541,0.5416666666666666,2025
608718,SL,145,66,15,79,23,81,33,13,0.22727272727272727,0.2911392405063291,0.5586206896551724,0.3939393939393939,2025
612434,CH,12,6,0,8,2,6,2,2,0.0,0.25,0.5,1.0,2025
612434,FF,50,18,3,22,3,29,9,3,0.16666666666666666,0.13636363636363635,0.58,0.3333333333333333,2025
612434,SI,17,7,0,9,1,10,6,4,0.0,0.1111111111111111,0.5882352941176471,0.6666666666666666,2025
612434,SL,32,13,5,18,6,20,4,2,0.38461538461538464,0.3333333333333333,0.625,0.5,2025
614179,CH,52,32,12,30,13,35,7,3,0.375,0.43333333333333335,0.6730769230769231,0.42857142857142855,2025
614179,CU,101,45,12,56,15,58,20,10,0.26666666666666666,0.26785714285714285,0.5742574257425742,0.5,2025
614179,FF,124,65,13,57,15,81,21,3,0.2,0.2631578947368421,0.6532258064516129,0.14285714285714285,2025
614179,SI,55,27,1,26,8,35,14,12,0.037037037037037035,0.3076923076923077,0.6363636363636364,0.8571428571428571,2025
614179,SL,2,2,0,0,0,2,1,0,0.0,,1.0,0.0,2025
615698,CH,6,2,0,6,2,2,1,1,0.0,0.3333333333333333,0.3333333333333333,1.0,2025
615698,CS,3,1,0,1,0,2,1,0,0.0,0.0,0.6666666666666666,0.0,2025
615698,CU,233,113,25,139,43,138,43,18,0.22123893805309736,0.30935251798561153,0.592274678111588,0.4186046511627907,2025
615698,FC,432,222,43,161,44,310,91,27,0.19369369369369369,0.2732919254658385,0.7175925925925926,0.2967032967032967,2025
615698,FF,301,125,25,170,41,172,44,14,0.2,0.2411764705882353,0.5714285714285714,0.3181818181818182,2025
615698,FS,419,205,45,287,93,224,91,40,0.21951219512195122,0.3240418118466899,0.5346062052505967,0.43956043956043955,2025
615698,SI,442,192,23,183,49,308,78,24,0.11979166666666667,0.2677595628415301,0.6968325791855203,0.3076923076923077,2025
615698,SL,168,75,12,91,26,100,39,9,0.16,0.2857142857142857,0.5952380952380952,0.23076923076923078,2025
620443,CH,1,0,0,1,0,0,0,0,,0.0,0.0,,2025
620443,EP,2,0,0,2,0,0,0,0,,0.0,0.0,,2025
620443,FA,20,8,1,10,2,12,7,0,0.125,0.2,0.6,0.0,2025
620454,CH,14,10,4,10,6,11,4,2,0.4,0.6,0.7857142857142857,0.5,2025
620454,FF,81,34,7,37,7,49,13,5,0.20588235294117646,0.1891891891891892,0.6049382716049383,0.38461538461538464,2025
620454,SI,211,73,10,96,18,136,30,20,0.136986301369863,0.1875,0.6445497630331753,0.6666666666666666,2025
620454,SL,237,135,33,127,52,162,54,29,0.24444444444444444,0.4094488188976378,0.6835443037974683,0.5370370370370371,2025
621016,CH,1,0,0,1,0,0,0,0,,0.0,0.0,,2025
621016,FF,5,2,0,2,1,4,1,0,0.0,0.5,0.8,0.0,2025
621016,SI,4,2,1,3,1,2,0,0,0.5,0.3333333333333333,0.5,,2025
621016,ST,7,6,1,3,2,6,2,1,0.16666666666666666,0.6666666666666666,0.8571428571428571,0.5,2025
621028,EP,27,18,0,10,5,22,14,1,0.0,0.5,0.8148148148148148,0.07142857142857142,2025
621028,FA,2,2,0,1,1,2,1,0,0.0,1.0,1.0,0.0,2025
621028,KN,5,1,0,4,0,1,1,0,0.0,0.0,0.2,0.0,2025
621051,CH,72,34,9,52,16,37,14,8,0.2647058823529412,0.3076923076923077,0.5138888888888888,0.5714285714285714,2025
621051,FC,13,9,1,7,4,10,4,1,0.1111111111111111,0.5714285714285714,0.7692307692307693,0.25,2025
621051,FF,333,153,27,154,34,209,41,8,0.17647058823529413,0.22077922077922077,0.6276276276276276,0.1951219512195122,2025
621051,ST,579,279,73,270,65,368,111,26,0.2616487455197133,0.24074074074074073,0.6355785837651122,0.23423423423423423,2025
621053,CH,42,11,7,37,7,12,1,1,0.6363636363636364,0.1891891891891892,0.2857142857142857,1.0,2025
621053,FC,112,41,8,49,4,66,12,5,0.1951219512195122,0.08163265306122448,0.5892857142857143,0.4166666666666667,2025
621053,FF,382,219,44,157,47,273,74,20,0.2009132420091324,0.29936305732484075,0.7146596858638743,0.2702702702702703,2025
621053,SI,147,62,13,94,34,86,22,17,0.20967741935483872,0.3617021276595745,0.5850340136054422,0.7727272727272727,2025
621053,ST,313,133,36,193,59,184,46,16,0.2706766917293233,0.30569948186528495,0.5878594249201278,0.34782608695652173,2025
621057,CU,8,5,0,3,0,5,4,2,0.0,0.0,0.625,0.5,2025
621057,FC,43,24,6,20,8,31,14,6,0.25,0.4,0.7209302325581395,0.42857142857142855,2025
621057,FF,32,12,0,17,4,18,5,1,0.0,0.23529411764705882,0.5625,0.2,2025
621057,FS,3,1,0,2,0,1,1,0,0.0,0.0,0.3333333333333333,0.0,2025
621107,CH,193,108,13,107,45,129,55,30,0.12037037037037036,0.4205607476635514,0.6683937823834197,0.5454545454545454,2025
621107,CU,190,101,27,130,54,111,38,12,0.26732673267326734,0.4153846153846154,0.5842105263157895,0.3157894736842105,2025
621107,FC,253,107,14,95,15,176,46,9,0.1308411214953271,0.15789473684210525,0.6956521739130435,0.1956521739130435,2025
621107,FF,154,59,10,72,9,86,22,9,0.1694915254237288,0.125,0.5584415584415584,0.4090909090909091,2025
621107,SI,220,118,13,91,34,159,59,33,0.11016949152542373,0.37362637362637363,0.7227272727272728,0.559322033898305,2025
621107,ST,162,93,31,83,30,108,29,13,0.3333333333333333,0.3614457831325301,0.6666666666666666,0.4482758620689655,2025
621111,CH,159,65,12,98,19,80,29,16,0.18461538461538463,0.19387755102040816,0.5031446540880503,0.5517241379310345,2025
621111,FC,386,219,39,181,66,279,83,32,0.1780821917808219,0.36464088397790057,0.7227979274611399,0.3855421686746988,2025
621111,FF,566,194,24,269,39,337,85,29,0.12371134020618557,0.1449814126394052,0.5954063604240283,0.3411764705882353,2025
621111,KC,291,130,30,178,57,167,48,22,0.23076923076923078,0.3202247191011236,0.5738831615120275,0.4583333333333333,2025
621111,SI,368,147,7,165,31,238,66,35,0.047619047619047616,0.18787878787878787,0.6467391304347826,0.5303030303030303,2025
621111,SL,324,166,34,184,53,199,67,26,0.20481927710843373,0.28804347826086957,0.6141975308641975,0.3880597014925373,2025
621111,ST,160,92,30,112,47,95,37,14,0.32608695652173914,0.41964285714285715,0.59375,0.3783783783783784,2025
621112,CH,69,45,10,41,20,48,22,11,0.2222222222222222,0.4878048780487805,0.6956521739130435,0.5,2025
621112,CU,85,41,16,59,22,49,11,4,0.3902439024390244,0.3728813559322034,0.5764705882352941,0.36363636363636365,2025
621112,FC,194,96,17,96,29,124,34,10,0.17708333333333334,0.3020833333333333,0.6391752577319587,0.29411764705882354,2025
621112,FF,26,10,5,15,2,12,1,1,0.5,0.13333333333333333,0.46153846153846156,1.0,2025
621112,SI,215,89,6,96,19,143,46,26,0.06741573033707865,0.19791666666666666,0.6651162790697674,0.5652173913043478,2025
621112,SL,3,1,1,3,1,1,0,0,1.0,0.3333333333333333,0.3333333333333333,,2025
621112,ST,110,54,14,64,21,70,24,6,0.25925925925925924,0.328125,0.6363636363636364,0.25,2025
621114,FF,9,3,1,3,0,7,2,1,0.3333333333333333,0.0,0.7777777777777778,0.5,2025
621114,SL,30,13,8,20,7,17,2,1,0.6153846153846154,0.35,0.5666666666666667,0.5,2025
621121,CH,195,79,15,107,20,110,31,19,0.189873417721519,0.18691588785046728,0.5641025641025641,0.6129032258064516,2025
621121,FC,52,18,4,26,1,28,6,0,0.2222222222222222,0.038461538461538464,0.5384615384615384,0.0,2025
621121,FF,62,23,9,36,6,33,8,4,0.391304347826087,0.16666666666666666,0.532258064516129,0.5,2025
621121,KC,188,81,25,117,35,104,23,10,0.30864197530864196,0.29914529914529914,0.5531914893617021,0.43478260869565216,2025
621121,SI,283,108,22,128,22,176,44,25,0.2037037037037037,0.171875,0.6219081272084805,0.5681818181818182,2025
621121,ST,367,150,35,185,37,222,54,21,0.23333333333333334,0.2,0.6049046321525886,0.3888888888888889,2025
621139,FC,42,14,4,28,5,19,6,2,0.2857142857142857,0.17857142857142858,0.4523809523809524,0.3333333333333333,2025
621139,FF,133,42,4,69,10,72,13,5,0.09523809523809523,0.14492753623188406,0.5413533834586466,0.38461538461538464,2025
621139,FS,204,92,26,106,32,128,36,15,0.2826086956521739,0.3018867924528302,0.6274509803921569,0.4166666666666667,2025
621139,SL,2,0,0,1,0,1,0,0,,0.0,0.5,,2025
621199,FC,115,54,9,52,10,71,22,9,0.16666666666666666,0.19230769230769232,0.6173913043478261,0.4090909090909091,2025
621199,FF,13,7,3,9,4,8,3,0,0.42857142857142855,0.4444444444444444,0.6153846153846154,0.0,2025
621199,FS,38,16,3,22,4,20,7,1,0.1875,0.18181818181818182,0.5263157894736842,0.14285714285714285,2025
621199,SI,194,88,10,79,25,136,37,17,0.11363636363636363,0.31645569620253167,0.7010309278350515,0.4594594594594595,2025
621199,ST,87,42,7,55,17,49,19,4,0.16666666666666666,0.3090909090909091,0.5632183908045977,0.21052631578947367,2025
621237,CU,26,7,4,22,4,8,1,1,0.5714285714285714,0.18181818181818182,0.3076923076923077,1.0,2025
621237,FC,146,83,36,101,41,86,18,11,0.43373493975903615,0.40594059405940597,0.589041095890411,0.6111111111111112,2025
621237,FF,12,4,0,9,3,6,1,0,0.0,0.3333333333333333,0.5,0.0,2025
621237,SI,315,142,16,119,22,219,59,27,0.11267605633802817,0.18487394957983194,0.6952380952380952,0.4576271186440678,2025
621242,CH,1,1,0,0,0,1,1,0,0.0,,1.0,0.0,2025
621242,FF,561,259,93,271,68,348,55,25,0.3590733590733591,0.25092250922509224,0.6203208556149733,0.45454545454545453,2025
621242,SL,505,248,100,280,100,326,75,38,0.4032258064516129,0.35714285714285715,0.6455445544554456,0.5066666666666667,2025
621244,CH,448,252,84,269,101,289,93,42,0.3333333333333333,0.3754646840148699,0.6450892857142857,0.45161290322580644,2025
621244,FC,161,97,14,84,32,109,36,12,0.14432989690721648,0.38095238095238093,0.6770186335403726,0.3333333333333333,2025
621244,FF,479,207,25,224,50,298,79,23,0.12077294685990338,0.22321428571428573,0.6221294363256785,0.2911392405063291,2025
621244,SI,892,374,30,416,88,585,193,86,0.08021390374331551,0.21153846153846154,0.655829596412556,0.44559585492227977,2025
621244,SV,687,296,93,416,130,410,111,56,0.3141891891891892,0.3125,0.5967976710334789,0.5045045045045045,2025
621244,UN,1,0,0,0,0,0,0,0,,,0.0,,2025
621345,CH,22,7,3,17,5,8,1,1,0.42857142857142855,0.29411764705882354,0.36363636363636365,1.0,2025
621345,FC,103,55,19,60,22,66,17,10,0.34545454545454546,0.36666666666666664,0.6407766990291263,0.5882352941176471,2025
621345,FF,90,33,6,39,5,60,11,1,0.18181818181818182,0.1282051282051282,0.6666666666666666,0.09090909090909091,2025
621363,FF,182,69,13,91,18,108,22,5,0.18840579710144928,0.1978021978021978,0.5934065934065934,0.22727272727272727,2025
621363,SL,77,22,3,51,3,30,9,0,0.13636363636363635,0.058823529411764705,0.38961038961038963,0.0,2025
621366,FS,107,56,23,66,20,61,18,13,0.4107142857142857,0.30303030303030304,0.5700934579439252,0.7222222222222222,2025
621366,SI,163,70,5,71,13,109,30,20,0.07142857142857142,0.18309859154929578,0.6687116564417178,0.6666666666666666,2025
621366,SL,255,128,47,123,42,173,40,19,0.3671875,0.34146341463414637,0.6784313725490196,0.475,2025
621366,ST,93,33,8,60,14,47,12,7,0.24242424242424243,0.23333333333333334,0.5053763440860215,0.5833333333333334,2025
621381,CH,6,4,0,2,0,4,2,1,0.0,0.0,0.6666666666666666,0.5,2025
621381,FC,146,82,15,61,20,101,21,6,0.18292682926829268,0.32786885245901637,0.6917808219178082,0.2857142857142857,2025
621381,FF,387,194,43,176,52,256,51,6,0.22164948453608246,0.29545454545454547,0.661498708010336,0.11764705882352941,2025
621381,SI,155,82,12,63,28,115,42,14,0.14634146341463414,0.4444444444444444,0.7419354838709677,0.3333333333333333,2025
621381,SL,330,177,51,166,55,223,55,13,0.288135593220339,0.3313253012048193,0.6757575757575758,0.23636363636363636,2025
621383,CH,75,28,6,57,12,29,11,4,0.21428571428571427,0.21052631578947367,0.38666666666666666,0.36363636363636365,2025
621383,FF,241,144,24,89,32,180,48,21,0.16666666666666666,0.3595505617977528,0.7468879668049793,0.4375,2025
621383,SI,143,61,5,64,17,94,27,15,0.08196721311475409,0.265625,0.6573426573426573,0.5555555555555556,2025
621383,SL,403,218,48,164,45,275,71,27,0.22018348623853212,0.27439024390243905,0.6823821339950372,0.38028169014084506,2025
621383,ST,274,116,30,138,32,169,45,11,0.25862068965517243,0.2318840579710145,0.6167883211678832,0.24444444444444444,2025
621512,CU,2,2,0,2,2,2,2,1,0.0,1.0,1.0,0.5,2025
621512,SL,7,3,0,3,1,5,3,1,0.0,0.3333333333333333,0.7142857142857143,0.3333333333333333,2025
622253,CH,29,11,2,22,4,11,4,1,0.18181818181818182,0.18181818181818182,0.3793103448275862,0.25,2025
622253,FF,3,1,0,1,0,1,1,0,0.0,0.0,0.3333333333333333,0.0,2025
622253,SI,47,16,0,24,6,31,7,3,0.0,0.25,0.6595744680851063,0.42857142857142855,2025
622253,ST,60,26,8,28,6,39,7,1,0.3076923076923077,0.21428571428571427,0.65,0.14285714285714285,2025
622338,CH,3,3,1,2,2,3,1,1,0.3333333333333333,1.0,1.0,1.0,2025
622338,FC,5,2,1,3,1,3,1,0,0.5,0.3333333333333333,0.6,0.0,2025
622338,FF,9,4,0,4,0,5,2,1,0.0,0.0,0.5555555555555556,0.5,2025
622379,CH,22,12,4,16,7,13,6,3,0.3333333333333333,0.4375,0.5909090909090909,0.5,2025
622379,FF,77,39,3,37,9,48,13,3,0.07692307692307693,0.24324324324324326,0.6233766233766234,0.23076923076923078,2025
622379,SI,27,10,1,13,4,18,4,3,0.1,0.3076923076923077,0.6666666666666666,0.75,2025
622379,ST,42,13,6,31,6,17,6,4,0.46153846153846156,0.1935483870967742,0.40476190476190477,0.6666666666666666,2025
622491,CH,356,162,37,255,84,189,63,33,0.22839506172839505,0.32941176470588235,0.5308988764044944,0.5238095238095238,2025
622491,FF,1474,839,193,639,172,1005,243,56,0.2300357568533969,0.26917057902973396,0.6818181818181818,0.23045267489711935,2025
622491,SI,708,353,36,291,75,487,179,105,0.10198300283286119,0.25773195876288657,0.6878531073446328,0.5865921787709497,2025
622491,SL,672,298,102,408,130,411,88,38,0.3422818791946309,0.31862745098039214,0.6116071428571429,0.4318181818181818,2025
622503,CH,203,126,40,119,58,144,53,27,0.31746031746031744,0.48739495798319327,0.7093596059113301,0.5094339622641509,2025
622503,CU,83,35,9,40,14,57,19,8,0.2571428571428571,0.35,0.6867469879518072,0.42105263157894735,2025
622503,FF,83,23,2,46,3,43,10,3,0.08695652173913043,0.06521739130434782,0.5180722891566265,0.3,2025
622503,SI,135,53,4,46,9,98,28,15,0.07547169811320754,0.1956521739130435,0.725925925925926,0.5357142857142857,2025
622503,SL,30,15,2,15,4,18,8,1,0.13333333333333333,0.26666666666666666,0.6,0.125,2025
622554,CU,55,14,2,32,3,28,5,2,0.14285714285714285,0.09375,0.509090909090909,0.4,2025
622554,FF,574,254,61,260,54,361,73,28,0.24015748031496062,0.2076923076923077,0.6289198606271778,0.3835616438356164,2025
622554,FS,213,104,48,158,54,112,26,15,0.46153846153846156,0.34177215189873417,0.5258215962441315,0.5769230769230769,2025
622554,PO,1,0,0,1,0,0,0,0,,0.0,0.0,,2025
622554,SI,174,78,6,83,21,108,35,21,0.07692307692307693,0.25301204819277107,0.6206896551724138,0.6,2025
622554,ST,284,120,59,191,62,154,33,10,0.49166666666666664,0.32460732984293195,0.5422535211267606,0.30303030303030304,2025
622569,EP,5,0,0,3,0,1,0,0,,0.0,0.2,,2025
622569,FA,13,11,0,4,2,11,8,2,0.0,0.5,0.8461538461538461,0.25,2025
622608,CH,187,80,15,117,29,100,43,14,0.1875,0.24786324786324787,0.5347593582887701,0.32558139534883723,2025
622608,CU,349,150,40,215,53,187,66,25,0.26666666666666666,0.24651162790697675,0.5358166189111748,0.3787878787878788,2025
622608,FC,42,21,3,16,3,30,11,5,0.14285714285714285,0.1875,0.7142857142857143,0.45454545454545453,2025
622608,FF,1351,657,75,572,117,886,291,140,0.1141552511415525,0.20454545454545456,0.6558105107327905,0.48109965635738833,2025
622608,SI,12,7,1,9,4,7,4,3,0.14285714285714285,0.4444444444444444,0.5833333333333334,0.75,2025
622608,SL,432,197,47,256,70,250,89,38,0.23857868020304568,0.2734375,0.5787037037037037,0.42696629213483145,2025
622663,CH,147,65,12,81,15,80,30,15,0.18461538461538463,0.18518518518518517,0.54421768707483,0.5,2025
622663,FC,481,225,31,249,71,296,90,52,0.13777777777777778,0.285140562248996,0.6153846153846154,0.5777777777777777,2025
622663,FF,766,384,61,325,78,512,124,37,0.15885416666666666,0.24,0.6684073107049608,0.29838709677419356,2025
622663,SI,551,283,24,233,66,378,144,65,0.08480565371024736,0.2832618025751073,0.6860254083484574,0.4513888888888889,2025
622663,SL,109,39,7,74,19,55,19,8,0.1794871794871795,0.25675675675675674,0.5045871559633027,0.42105263157894735,2025
622663,ST,677,295,64,358,98,407,108,39,0.21694915254237288,0.2737430167597765,0.6011816838995568,0.3611111111111111,2025
622761,EP,13,5,0,9,1,5,4,1,0.0,0.1111111111111111,0.38461538461538464,0.25,2025
622761,FA,22,9,0,16,4,10,4,0,0.0,0.25,0.45454545454545453,0.0,2025
622780,CH,9,4,0,3,0,6,1,1,0.0,0.0,0.6666666666666666,1.0,2025
622780,FF,74,40,10,37,13,48,12,9,0.25,0.35135135135135137,0.6486486486486487,0.75,2025
622780,SL,35,12,2,22,2,16,5,3,0.16666666666666666,0.09090909090909091,0.45714285714285713,0.6,2025
622786,CH,53,23,4,40,13,27,13,8,0.17391304347826086,0.325,0.5094339622641509,0.6153846153846154,2025
622786,FF,35,13,1,17,3,22,6,2,0.07692307692307693,0.17647058823529413,0.6285714285714286,0.3333333333333333,2025
622786,SI,105,51,6,41,16,79,23,8,0.11764705882352941,0.3902439024390244,0.7523809523809524,0.34782608695652173,2025
622786,SL,137,59,17,75,22,85,26,10,0.288135593220339,0.29333333333333333,0.6204379562043796,0.38461538461538464,2025
623149,FF,198,100,17,77,22,136,36,5,0.17,0.2857142857142857,0.6868686868686869,0.1388888888888889,2025
623149,ST,145,68,22,64,19,97,21,3,0.3235294117647059,0.296875,0.6689655172413793,0.14285714285714285,2025
623167,CH,14,3,1,11,0,3,2,1,0.3333333333333333,0.0,0.21428571428571427,0.5,2025
623167,CU,115,59,15,54,16,81,20,7,0.2542372881355932,0.2962962962962963,0.7043478260869566,0.35,2025
623167,FC,190,96,9,78,16,126,49,18,0.09375,0.20512820512820512,0.6631578947368421,0.3673469387755102,2025
623167,FF,277,143,17,125,37,185,57,15,0.11888111888111888,0.296,0.6678700361010831,0.2631578947368421,2025
623167,SL,60,28,7,36,10,34,13,10,0.25,0.2777777777777778,0.5666666666666667,0.7692307692307693,2025
623167,SV,17,6,0,15,4,6,3,2,0.0,0.26666666666666666,0.35294117647058826,0.6666666666666666,2025
623168,EP,53,31,0,27,11,40,23,10,0.0,0.4074074074074074,0.7547169811320755,0.43478260869565216,2025
623168,FA,5,2,0,2,0,4,2,0,0.0,0.0,0.8,0.0,2025
623211,CH,404,211,63,242,84,244,69,37,0.2985781990521327,0.34710743801652894,0.6039603960396039,0.5362318840579711,2025
623211,FC,92,37,12,52,12,50,12,4,0.32432432432432434,0.23076923076923078,0.5434782608695652,0.3333333333333333,2025
623211,FF,123,53,11,56,10,78,17,4,0.20754716981132076,0.17857142857142858,0.6341463414634146,0.23529411764705882,2025
623211,SI,397,187,24,177,63,279,73,46,0.12834224598930483,0.3559322033898305,0.7027707808564232,0.6301369863013698,2025
623211,SL,42,18,6,22,6,26,7,0,0.3333333333333333,0.2727272727272727,0.6190476190476191,0.0,2025
623352,CH,40,16,6,29,6,17,4,3,0.375,0.20689655172413793,0.425,0.75,2025
623352,SI,478,278,76,209,69,333,67,9,0.2733812949640288,0.33014354066985646,0.696652719665272,0.13432835820895522,2025
623352,SL,358,185,103,209,90,242,41,13,0.5567567567567567,0.430622009569378,0.6759776536312849,0.3170731707317073,2025
623433,CH,53,30,9,32,9,30,10,5,0.3,0.28125,0.5660377358490566,0.5,2025
623433,CU,72,30,6,29,3,46,18,8,0.2,0.10344827586206896,0.6388888888888888,0.4444444444444444,2025
623433,FF,120,69,8,46,15,89,22,6,0.11594202898550725,0.32608695652173914,0.7416666666666667,0.2727272727272727,2025
623433,SI,3,0,0,3,0,0,0,0,,0.0,0.0,,2025
623437,CH,147,71,14,94,31,81,28,16,0.19718309859154928,0.32978723404255317,0.5510204081632653,0.5714285714285714,2025
623437,FC,197,113,18,82,30,141,37,12,0.1592920353982301,0.36585365853658536,0.7157360406091371,0.32432432432432434,2025
623437,PO,1,0,0,1,0,0,0,0,,0.0,0.0,,2025
623437,SI,361,172,10,134,30,254,98,57,0.05813953488372093,0.22388059701492538,0.703601108033241,0.5816326530612245,2025
623437,ST,295,116,37,160,49,188,39,11,0.31896551724137934,0.30625,0.6372881355932203,0.28205128205128205,2025
623465,FC,7,4,1,0,0,7,1,0,0.25,,1.0,0.0,2025
623465,FF,29,12,3,12,2,18,4,3,0.25,0.16666666666666666,0.6206896551724138,0.75,2025
623465,SI,7,5,0,2,1,6,3,3,0.0,0.5,0.8571428571428571,1.0,2025
623465,ST,49,22,7,29,7,26,6,4,0.3181818181818182,0.2413793103448276,0.5306122448979592,0.6666666666666666,2025
623474,CH,71,32,4,42,7,38,17,7,0.125,0.16666666666666666,0.5352112676056338,0.4117647058823529,2025
623474,CU,1,0,0,1,0,0,0,0,,0.0,0.0,,2025
623474,FF,98,42,18,72,21,45,7,1,0.42857142857142855,0.2916666666666667,0.45918367346938777,0.14285714285714285,2025
623474,PO,1,0,0,1,0,0,0,0,,0.0,0.0,,2025
623474,SI,364,122,10,158,13,218,64,36,0.08196721311475409,0.08227848101265822,0.5989010989010989,0.5625,2025
623474,SL,376,188,48,153,46,270,74,24,0.2553191489361702,0.3006535947712418,0.7180851063829787,0.32432432432432434,2025
623474,ST,408,233,75,204,79,287,79,19,0.3218884120171674,0.3872549019607843,0.7034313725490197,0.24050632911392406,2025
624133,CH,470,269,82,323,139,285,103,49,0.3048327137546468,0.43034055727554177,0.6063829787234043,0.47572815533980584,2025
624133,CU,404,202,48,201,67,276,74,32,0.2376237623762376,0.3333333333333333,0.6831683168316832,0.43243243243243246,2025
624133,FC,436,252,42,168,54,315,82,27,0.16666666666666666,0.32142857142857145,0.7224770642201835,0.32926829268292684,2025
624133,FF,363,156,22,150,24,235,59,25,0.14102564102564102,0.16,0.6473829201101928,0.423728813559322,2025
624133,SI,717,279,20,305,66,472,145,92,0.07168458781362007,0.21639344262295082,0.6582984658298466,0.6344827586206897,2025
624133,SL,112,46,29,70,21,63,8,2,0.6304347826086957,0.3,0.5625,0.25,2025
624431,EP,14,6,1,12,5,8,2,1,0.16666666666666666,0.4166666666666667,0.5714285714285714,0.5,2025
624431,FA,20,11,0,11,5,14,7,0,0.0,0.45454545454545453,0.7,0.0,2025
624431,KN,13,3,0,11,2,5,1,0,0.0,0.18181818181818182,0.38461538461538464,0.0,2025
624512,CU,5,2,0,5,2,2,2,1,0.0,0.4,0.4,0.5,2025
624512,SL,12,3,0,9,2,6,3,1,0.0,0.2222222222222222,0.5,0.3333333333333333,2025
625643,CH,9,3,0,7,2,4,2,0,0.0,0.2857142857142857,0.4444444444444444,0.0,2025
625643,CU,20,8,0,13,3,10,5,2,0.0,0.23076923076923078,0.5,0.4,2025
625643,FF,78,42,0,19,6,65,21,10,0.0,0.3157894736842105,0.8333333333333334,0.47619047619047616,2025
625643,SL,59,25,5,42,11,27,11,8,0.2,0.2619047619047619,0.4576271186440678,0.7272727272727273,2025
628317,CU,1,0,0,1,0,0,0,0,,0.0,0.0,,2025
628317,FC,1,1,0,0,0,1,1,0,0.0,,1.0,0.0,2025
628317,FF,39,21,5,19,2,24,5,2,0.23809523809523808,0.10526315789473684,0.6153846153846154,0.4,2025
628317,FS,69,29,7,47,10,33,8,6,0.2413793103448276,0.2127659574468085,0.4782608695652174,0.75,2025
628317,SI,16,7,1,4,0,12,3,1,0.14285714285714285,0.0,0.75,0.3333333333333333,2025
628317,SL,32,12,5,21,7,18,1,0,0.4166666666666667,0.3333333333333333,0.5625,0.0,2025
628317,ST,39,21,10,15,5,30,7,0,0.47619047619047616,0.3333333333333333,0.7692307692307693,0.0,2025
628317,SV,2,2,0,1,1,2,2,2,0.0,1.0,1.0,1.0,2025
628452,CH,267,172,68,156,77,187,57,20,0.3953488372093023,0.4935897435897436,0.700374531835206,0.3508771929824561,2025
628452,FF,387,204,49,159,40,276,59,13,0.24019607843137256,0.25157232704402516,0.7131782945736435,0.22033898305084745,2025
628452,SI,215,73,8,89,16,150,43,20,0.1095890410958904,0.1797752808988764,0.6976744186046512,0.46511627906976744,2025
628452,SL,95,50,17,55,17,56,16,3,0.34,0.3090909090909091,0.5894736842105263,0.1875,2025
640448,FF,546,267,34,202,48,380,102,47,0.12734082397003746,0.2376237623762376,0.6959706959706959,0.46078431372549017,2025
640448,FS,382,198,63,215,73,240,69,37,0.3181818181818182,0.3395348837209302,0.6282722513089005,0.5362318840579711,2025
640448,SL,39,17,4,24,4,18,8,3,0.23529411764705882,0.16666666666666666,0.46153846153846156,0.375,2025
640451,CU,20,10,3,13,4,11,6,2,0.3,0.3076923076923077,0.55,0.3333333333333333,2025
640451,FF,113,63,12,45,15,86,19,7,0.19047619047619047,0.3333333333333333,0.7610619469026548,0.3684210526315789,2025
640451,FS,43,18,5,32,11,22,4,3,0.2777777777777778,0.34375,0.5116279069767442,0.75,2025
640451,SL,36,17,9,23,6,19,5,2,0.5294117647058824,0.2608695652173913,0.5277777777777778,0.4,2025
640454,CH,12,7,2,6,2,8,2,1,0.2857142857142857,0.3333333333333333,0.6666666666666666,0.5,2025
640454,FC,17,11,4,7,3,13,4,2,0.36363636363636365,0.42857142857142855,0.7647058823529411,0.5,2025
640454,SI,23,9,1,12,2,14,4,1,0.1111111111111111,0.16666666666666666,0.6086956521739131,0.25,2025
640454,ST,19,6,0,10,2,10,1,0,0.0,0.2,0.5263157894736842,0.0,2025
640455,CH,61,29,7,41,11,33,13,5,0.2413793103448276,0.2682926829268293,0.5409836065573771,0.38461538461538464,2025
640455,FF,663,375,73,245,78,483,106,46,0.19466666666666665,0.3183673469387755,0.7285067873303167,0.4339622641509434,2025
640455,ST,371,170,58,196,59,233,50,13,0.3411764705882353,0.3010204081632653,0.628032345013477,0.26,2025
640462,FF,112,68,21,37,13,85,14,4,0.3088235294117647,0.35135135135135137,0.7589285714285714,0.2857142857142857,2025
640462,SI,2,0,0,2,0,0,0,0,,0.0,0.0,,2025
640462,SL,66,31,12,35,12,41,11,2,0.3870967741935484,0.34285714285714286,0.6212121212121212,0.18181818181818182,2025
640902,EP,7,3,0,7,3,4,3,1,0.0,0.42857142857142855,0.5714285714285714,0.3333333333333333,2025
640902,FA,54,22,1,26,5,34,12,4,0.045454545454545456,0.19230769230769232,0.6296296296296297,0.3333333333333333,2025
640902,FF,9,5,0,8,4,5,0,0,0.0,0.5,0.5555555555555556,,2025
641154,CH,277,140,37,178,65,160,56,23,0.2642857142857143,0.3651685393258427,0.5776173285198556,0.4107142857142857,2025
641154,CU,130,42,15,93,25,61,11,5,0.35714285714285715,0.26881720430107525,0.46923076923076923,0.45454545454545453,2025
641154,FF,540,283,57,188,52,395,97,32,0.20141342756183744,0.2765957446808511,0.7314814814814815,0.32989690721649484,2025
641154,PO,1,0,0,1,0,0,0,0,,0.0,0.0,,2025
641154,SI,84,42,9,45,16,55,16,9,0.21428571428571427,0.35555555555555557,0.6547619047619048,0.5625,2025
641154,ST,275,126,38,151,56,172,42,16,0.30158730158730157,0.3708609271523179,0.6254545454545455,0.38095238095238093,2025
641302,CH,269,127,32,181,64,157,65,38,0.25196850393700787,0.35359116022099446,0.5836431226765799,0.5846153846153846,2025
641302,FC,293,135,26,132,30,185,47,19,0.1925925925925926,0.22727272727272727,0.6313993174061433,0.40425531914893614,2025
641302,FF,437,222,38,187,48,296,73,15,0.17117117117117117,0.25668449197860965,0.6773455377574371,0.2054794520547945,2025
641302,SI,291,147,14,98,30,217,62,22,0.09523809523809523,0.30612244897959184,0.7457044673539519,0.3548387096774194,2025
641302,ST,365,174,41,179,41,231,78,22,0.23563218390804597,0.22905027932960895,0.6328767123287671,0.28205128205128205,2025
641312,CH,48,22,9,27,7,27,6,3,0.4090909090909091,0.25925925925925924,0.5625,0.5,2025
641312,FF,60,31,5,27,7,41,10,4,0.16129032258064516,0.25925925925925924,0.6833333333333333,0.4,2025
641312,SI,7,3,0,0,0,6,2,1,0.0,,0.8571428571428571,0.5,2025
641312,SL,67,32,6,21,4,48,16,4,0.1875,0.19047619047619047,0.7164179104477612,0.25,2025
641312,ST,34,17,4,22,7,19,8,2,0.23529411764705882,0.3181818181818182,0.5588235294117647,0.25,2025
641329,CH,309,149,52,153,42,194,48,18,0.348993288590604,0.27450980392156865,0.627831715210356,0.375,2025
641329,FF,524,297,68,236,79,369,76,24,0.22895622895622897,0.3347457627118644,0.7041984732824428,0.3157894736842105,2025
641329,SL,278,123,26,136,39,182,53,27,0.21138211382113822,0.2867647058823529,0.6546762589928058,0.5094339622641509,2025
641343,EP,13,6,0,6,0,8,5,1,0.0,0.0,0.6153846153846154,0.2,2025
641343,FA,63,27,0,38,11,33,18,5,0.0,0.2894736842105263,0.5238095238095238,0.2777777777777778,2025
641343,FF,3,0,0,3,0,0,0,0,,0.0,0.0,,2025
641386,CH,22,12,2,17,8,12,5,2,0.16666666666666666,0.47058823529411764,0.5454545454545454,0.4,2025
641386,CU,2,1,0,1,0,1,1,1,0.0,0.0,0.5,1.0,2025
641386,FF,110,54,11,44,7,76,18,7,0.2037037037037037,0.1590909090909091,0.6909090909090909,0.3888888888888889,2025
641386,SL,53,28,8,29,10,34,11,4,0.2857142857142857,0.3448275862068966,0.6415094339622641,0.36363636363636365,2025
641401,CH,352,197,63,207,81,224,62,25,0.3197969543147208,0.391304347826087,0.6363636363636364,0.4032258064516129,2025
641401,FC,136,52,10,67,13,85,25,9,0.19230769230769232,0.19402985074626866,0.625,0.36,2025
641401,FF,352,164,41,158,37,227,45,7,0.25,0.23417721518987342,0.6448863636363636,0.15555555555555556,2025
641427,CU,1,0,0,1,0,0,0,0,,0.0,0.0,,2025
641427,FC,1,1,0,0,0,1,1,1,0.0,,1.0,1.0,2025
641427,FF,2,2,0,0,0,2,1,0,0.0,,1.0,0.0,2025
641427,SI,4,0,0,3,0,0,0,0,,0.0,0.0,,2025
641427,ST,1,0,0,0,0,1,0,0,,,1.0,,2025
641482,CH,97,46,18,77,27,46,16,9,0.391304347826087,0.35064935064935066,0.4742268041237113,0.5625,2025
641482,FC,226,98,17,103,16,145,42,13,0.17346938775510204,0.1553398058252427,0.6415929203539823,0.30952380952380953,2025
641482,FF,264,114,18,112,23,178,51,12,0.15789473684210525,0.20535714285714285,0.6742424242424242,0.23529411764705882,2025
641482,SI,2,1,0,1,0,1,0,0,0.0,0.0,0.5,,2025
641482,SL,1,0,0,1,0,0,0,0,,0.0,0.0,,2025
641482,ST,84,36,9,46,10,50,10,5,0.25,0.21739130434782608,0.5952380952380952,0.5,2025
641540,CH,75,40,15,41,16,49,12,7,0.375,0.3902439024390244,0.6533333333333333,0.5833333333333334,2025
641540,FC,155,80,19,70,18,100,25,6,0.2375,0.2571428571428571,0.6451612903225806,0.24,2025
641540,FF,2,1,0,2,1,1,1,0,0.0,0.5,0.5,0.0,2025
641540,KC,13,1,0,9,1,5,0,0,0.0,0.1111111111111111,0.38461538461538464,,2025
641540,SI,129,52,8,69,16,78,28,16,0.15384615384615385,0.2318840579710145,0.6046511627906976,0.5714285714285714,2025
641540,SL,46,26,6,29,12,30,9,2,0.23076923076923078,0.41379310344827586,0.6521739130434783,0.2222222222222222,2025
641585,CH,4,3,0,2,1,3,1,0,0.0,0.5,0.75,0.0,2025
641585,CU,14,6,3,10,4,8,1,0,0.5,0.4,0.5714285714285714,0.0,2025
641585,FC,30,13,3,12,2,21,4,0,0.23076923076923078,0.16666666666666666,0.7,0.0,2025
641585,FF,27,8,2,16,2,14,3,1,0.25,0.125,0.5185185185185185,0.3333333333333333,2025
641585,ST,1,0,0,1,0,0,0,0,,0.0,0.0,,2025
641656,FF,87,46,5,43,10,53,14,4,0.10869565217391304,0.23255813953488372,0.6091954022988506,0.2857142857142857,2025
641656,SI,318,147,13,138,35,212,58,31,0.08843537414965986,0.2536231884057971,0.6666666666666666,0.5344827586206896,2025
641656,SL,245,129,61,155,61,152,30,5,0.4728682170542636,0.3935483870967742,0.6204081632653061,0.16666666666666666,2025
641658,CU,1,1,0,1,1,1,1,1,0.0,1.0,1.0,1.0,2025
641658,SL,2,2,0,0,0,2,2,1,0.0,,1.0,0.5,2025
641672,CH,102,42,6,66,15,48,26,15,0.14285714285714285,0.22727272727272727,0.47058823529411764,0.5769230769230769,2025
641672,FC,160,83,17,88,35,107,24,6,0.20481927710843373,0.3977272727272727,0.66875,0.25,2025
641672,FF,70,39,7,34,12,47,11,2,0.1794871794871795,0.35294117647058826,0.6714285714285714,0.18181818181818182,2025
641672,SI,103,48,3,46,8,66,24,17,0.0625,0.17391304347826086,0.6407766990291263,0.7083333333333334,2025
641672,SL,108,56,14,67,18,61,23,9,0.25,0.26865671641791045,0.5648148148148148,0.391304347826087,2025
641672,ST,43,18,3,27,5,21,5,1,0.16666666666666666,0.18518518518518517,0.4883720930232558,0.2,2025
641682,SI,8,3,1,5,1,4,1,0,0.3333333333333333,0.2,0.5,0.0,2025
641682,SL,5,3,1,2,1,4,2,0,0.3333333333333333,0.5,0.8,0.0,2025
641745,CH,141,73,28,96,39,84,25,17,0.3835616438356164,0.40625,0.5957446808510638,0.68,2025
641745,FF,504,223,33,201,39,342,78,32,0.14798206278026907,0.19402985074626866,0.6785714285714286,0.41025641025641024,2025
641745,SI,180,75,18,97,35,113,27,24,0.24,0.36082474226804123,0.6277777777777778,0.8888888888888888,2025
641745,SL,214,91,22,108,28,131,34,20,0.24175824175824176,0.25925925925925924,0.6121495327102804,0.5882352941176471,2025
641745,ST,165,74,29,122,45,87,22,12,0.3918918918918919,0.36885245901639346,0.5272727272727272,0.5454545454545454,2025
641755,CH,11,3,2,8,1,4,0,0,0.6666666666666666,0.125,0.36363636363636365,,2025
641755,CU,153,72,29,110,42,84,16,8,0.4027777777777778,0.38181818181818183,0.5490196078431373,0.5,2025
641755,FF,283,114,12,148,28,161,49,15,0.10526315789473684,0.1891891891891892,0.568904593639576,0.30612244897959184,2025
641755,SL,788,420,138,378,133,546,135,44,0.32857142857142857,0.35185185185185186,0.6928934010152284,0.32592592592592595,2025
641778,CH,139,45,9,104,19,54,20,9,0.2,0.18269230769230768,0.38848920863309355,0.45,2025
641778,CU,267,106,27,124,35,174,44,22,0.25471698113207547,0.28225806451612906,0.651685393258427,0.5,2025
641778,FC,374,177,38,174,46,254,60,15,0.21468926553672316,0.26436781609195403,0.679144385026738,0.25,2025
641778,FF,846,459,73,340,95,604,157,38,0.15904139433551198,0.27941176470588236,0.7139479905437353,0.24203821656050956,2025
641778,SI,1,0,0,1,0,0,0,0,,0.0,0.0,,2025
641778,SL,191,94,23,95,26,121,39,12,0.24468085106382978,0.2736842105263158,0.6335078534031413,0.3076923076923077,2025
641793,FF,689,339,65,300,90,466,111,28,0.19174041297935104,0.3,0.6763425253991292,0.25225225225225223,2025
641793,FS,775,435,99,412,144,496,186,91,0.22758620689655173,0.34951456310679613,0.64,0.489247311827957,2025
641793,SI,460,230,26,166,39,323,108,46,0.11304347826086956,0.23493975903614459,0.7021739130434783,0.42592592592592593,2025
641793,SL,794,425,70,351,114,560,177,72,0.16470588235294117,0.3247863247863248,0.7052896725440806,0.4067796610169492,2025
641793,ST,155,60,12,87,20,87,26,13,0.2,0.22988505747126436,0.5612903225806452,0.5,2025
641816,FC,174,88,18,74,23,123,44,18,0.20454545454545456,0.3108108108108108,0.7068965517241379,0.4090909090909091,2025
641816,FF,754,344,73,366,85,465,102,30,0.21220930232558138,0.23224043715846995,0.616710875331565,0.29411764705882354,2025
641816,FS,421,250,57,198,81,299,98,46,0.228,0.4090909090909091,0.7102137767220903,0.46938775510204084,2025
641816,SL,157,65,12,80,13,91,27,10,0.18461538461538463,0.1625,0.5796178343949044,0.37037037037037035,2025
641835,FF,11,5,1,7,2,6,0,0,0.2,0.2857142857142857,0.5454545454545454,,2025
641835,SI,207,94,20,89,26,141,35,20,0.2127659574468085,0.29213483146067415,0.6811594202898551,0.5714285714285714,2025
641835,SL,94,44,9,53,15,53,21,8,0.20454545454545456,0.2830188679245283,0.5638297872340425,0.38095238095238093,2025
641907,CH,3,2,1,0,0,3,1,0,0.5,,1.0,0.0,2025
641907,CU,10,4,3,5,2,7,1,0,0.75,0.4,0.7,0.0,2025
641907,FF,10,6,1,1,0,9,2,0,0.16666666666666666,0.0,0.9,0.0,2025
641907,SI,10,5,1,5,3,7,4,2,0.2,0.6,0.7,0.5,2025
641907,SL,12,4,1,5,1,8,2,0,0.25,0.2,0.6666666666666666,0.0,2025
641927,CH,699,389,110,404,164,452,138,56,0.2827763496143959,0.40594059405940597,0.6466380543633763,0.4057971014492754,2025
641927,CU,99,26,7,39,4,63,7,2,0.2692307692307692,0.10256410256410256,0.6363636363636364,0.2857142857142857,2025
641927,FF,895,457,76,369,103,617,194,44,0.16630196936542668,0.2791327913279133,0.6893854748603352,0.2268041237113402,2025
641927,SI,79,42,1,30,8,56,21,10,0.023809523809523808,0.26666666666666666,0.7088607594936709,0.47619047619047616,2025
641927,SL,438,247,52,201,72,304,100,30,0.21052631578947367,0.3582089552238806,0.6940639269406392,0.3,2025
641927,ST,260,118,43,150,49,160,32,10,0.3644067796610169,0.32666666666666666,0.6153846153846154,0.3125,2025
641941,FC,207,97,29,109,29,126,27,11,0.29896907216494845,0.26605504587155965,0.6086956521739131,0.4074074074074074,2025
641941,FF,666,356,78,303,90,446,106,20,0.21910112359550563,0.297029702970297,0.6696696696696697,0.18867924528301888,2025
641941,FS,219,123,49,132,56,140,34,19,0.3983739837398374,0.42424242424242425,0.639269406392694,0.5588235294117647,2025
642016,FC,68,32,8,32,8,44,9,3,0.25,0.25,0.6470588235294118,0.3333333333333333,2025
642016,FF,63,27,7,29,3,37,7,1,0.25925925925925924,0.10344827586206896,0.5873015873015873,0.14285714285714285,2025
642016,SI,23,11,2,12,2,13,4,1,0.18181818181818182,0.16666666666666666,0.5652173913043478,0.25,2025
642016,ST,109,52,16,52,14,69,15,4,0.3076923076923077,0.2692307692307692,0.6330275229357798,0.26666666666666666,2025
642048,CH,46,27,12,26,12,33,13,6,0.4444444444444444,0.46153846153846156,0.717391304347826,0.46153846153846156,2025
642048,FF,12,4,1,8,0,4,0,0,0.25,0.0,0.3333333333333333,,2025
642048,SI,126,58,3,54,12,83,34,24,0.05172413793103448,0.2222222222222222,0.6587301587301587,0.7058823529411765,2025
642048,SL,29,12,5,16,5,18,2,1,0.4166666666666667,0.3125,0.6206896551724138,0.5,2025
642048,ST,38,12,3,27,7,18,3,1,0.25,0.25925925925925924,0.47368421052631576,0.3333333333333333,2025
642100,FF,463,273,68,184,62,341,73,17,0.2490842490842491,0.33695652173913043,0.7365010799136069,0.2328767123287671,2025
642100,SI,302,133,11,107,37,221,62,34,0.08270676691729323,0.34579439252336447,0.7317880794701986,0.5483870967741935,2025
642100,SL,269,134,56,178,70,161,37,18,0.417910447761194,0.39325842696629215,0.5985130111524164,0.4864864864864865,2025
642121,CH,151,81,26,105,43,87,23,13,0.32098765432098764,0.4095238095238095,0.5761589403973509,0.5652173913043478,2025
642121,FC,81,40,7,48,16,48,17,7,0.175,0.3333333333333333,0.5925925925925926,0.4117647058823529,2025
642121,FF,153,86,20,51,15,118,21,5,0.23255813953488372,0.29411764705882354,0.7712418300653595,0.23809523809523808,2025
642121,ST,2,1,1,2,1,1,0,0,1.0,0.5,0.5,,2025
642133,EP,22,12,0,9,0,13,9,3,0.0,0.0,0.5909090909090909,0.3333333333333333,2025
642133,FA,1,1,0,1,1,1,1,1,0.0,1.0,1.0,1.0,2025
642152,CH,142,66,25,80,17,79,23,7,0.3787878787878788,0.2125,0.5563380281690141,0.30434782608695654,2025
642152,CU,10,3,0,5,0,5,1,0,0.0,0.0,0.5,0.0,2025
642152,FC,213,113,25,99,30,139,43,13,0.22123893805309736,0.30303030303030304,0.6525821596244131,0.3023255813953488,2025
642152,FF,135,67,10,61,14,89,21,8,0.14925373134328357,0.22950819672131148,0.6592592592592592,0.38095238095238093,2025
642152,SI,190,88,15,83,22,126,40,19,0.17045454545454544,0.26506024096385544,0.6631578947368421,0.475,2025
642152,ST,171,63,19,97,22,94,20,6,0.30158730158730157,0.2268041237113402,0.5497076023391813,0.3,2025
642180,EP,17,5,0,12,2,8,5,3,0.0,0.16666666666666666,0.47058823529411764,0.6,2025
642180,FA,1,0,0,1,0,0,0,0,,0.0,0.0,,2025
642207,CH,636,351,123,373,166,433,96,46,0.3504273504273504,0.4450402144772118,0.6808176100628931,0.4791666666666667,2025
642207,FC,6,4,2,2,1,5,2,0,0.5,0.5,0.8333333333333334,0.0,2025
642207,FF,584,257,81,290,61,345,56,21,0.3151750972762646,0.2103448275862069,0.5907534246575342,0.375,2025
642207,SL,1,0,0,1,0,0,0,0,,0.0,0.0,,2025
642215,EP,25,12,0,15,5,19,9,2,0.0,0.3333333333333333,0.76,0.2222222222222222,2025
642215,FA,11,4,0,5,1,7,3,0,0.0,0.2,0.6363636363636364,0.0,2025
642216,CH,79,40,12,48,13,44,10,4,0.3,0.2708333333333333,0.5569620253164557,0.4,2025
642216,CU,7,1,0,4,0,2,0,0,0.0,0.0,0.2857142857142857,,2025
642216,FF,32,13,1,16,3,20,4,2,0.07692307692307693,0.1875,0.625,0.5,2025
642216,SI,69,35,1,23,6,52,25,12,0.02857142857142857,0.2608695652173913,0.7536231884057971,0.48,2025
642216,ST,53,26,12,38,14,30,5,2,0.46153846153846156,0.3684210526315789,0.5660377358490566,0.4,2025
642232,CH,210,97,38,154,58,113,39,16,0.3917525773195876,0.37662337662337664,0.5380952380952381,0.41025641025641024,2025
642232,FC,264,113,18,109,16,172,49,17,0.1592920353982301,0.14678899082568808,0.6515151515151515,0.3469387755102041,2025
642232,FF,146,64,12,59,10,91,24,6,0.1875,0.1694915254237288,0.6232876712328768,0.25,2025
642232,SI,209,93,8,90,18,148,46,25,0.08602150537634409,0.2,0.7081339712918661,0.5434782608695652,2025
642232,ST,199,99,38,100,24,126,33,12,0.3838383838383838,0.24,0.6331658291457286,0.36363636363636365,2025
642239,CH,19,5,1,15,3,7,2,1,0.2,0.2,0.3684210526315789,0.5,2025
642239,FC,131,56,19,63,15,83,18,9,0.3392857142857143,0.23809523809523808,0.6335877862595419,0.5,2025
642239,FF,167,90,19,66,12,115,39,15,0.2111111111111111,0.18181818181818182,0.688622754491018,0.38461538461538464,2025
642239,FS,18,5,4,15,2,5,0,0,0.8,0.13333333333333333,0.2777777777777778,,2025
642239,SI,1,0,0,1,0,0,0,0,,0.0,0.0,,2025
642239,ST,54,30,12,27,8,33,10,5,0.4,0.2962962962962963,0.6111111111111112,0.5,2025
642397,FF,74,41,7,29,8,51,19,6,0.17073170731707318,0.27586206896551724,0.6891891891891891,0.3157894736842105,2025
642397,FS,5,1,0,4,0,1,0,0,0.0,0.0,0.2,,2025
642397,SI,555,233,31,237,53,362,102,58,0.13304721030042918,0.22362869198312235,0.6522522522522523,0.5686274509803921,2025
642397,SL,341,176,79,208,81,213,49,14,0.44886363636363635,0.3894230769230769,0.624633431085044,0.2857142857142857,2025
642397,ST,79,43,20,51,25,54,6,2,0.46511627906976744,0.49019607843137253,0.6835443037974683,0.3333333333333333,2025
642520,CH,28,17,4,18,8,18,9,3,0.23529411764705882,0.4444444444444444,0.6428571428571429,0.3333333333333333,2025
642520,CU,37,13,3,20,4,21,7,6,0.23076923076923078,0.2,0.5675675675675675,0.8571428571428571,2025
642520,FF,40,17,4,19,3,25,7,1,0.23529411764705882,0.15789473684210525,0.625,0.14285714285714285,2025
642520,SI,32,13,2,12,2,24,9,5,0.15384615384615385,0.16666666666666666,0.75,0.5555555555555556,2025
642520,SL,44,27,9,18,7,34,12,6,0.3333333333333333,0.3888888888888889,0.7727272727272727,0.5,2025
642528,CH,88,53,18,53,25,59,19,9,0.33962264150943394,0.4716981132075472,0.6704545454545454,0.47368421052631576,2025
642528,CU,77,33,8,38,11,49,16,7,0.24242424242424243,0.2894736842105263,0.6363636363636364,0.4375,2025
642528,FC,18,8,2,11,2,9,4,3,0.25,0.18181818181818182,0.5,0.75,2025
642528,FF,14,10,0,4,0,10,2,0,0.0,0.0,0.7142857142857143,0.0,2025
642528,SI,270,145,31,145,64,187,55,29,0.21379310344827587,0.4413793103448276,0.6925925925925925,0.5272727272727272,2025
642546,CH,4,2,1,3,1,2,0,0,0.5,0.3333333333333333,0.5,,2025
642546,SI,17,9,1,12,5,11,4,2,0.1111111111111111,0.4166666666666667,0.6470588235294118,0.5,2025
642546,SL,28,17,4,17,9,20,4,3,0.23529411764705882,0.5294117647058824,0.7142857142857143,0.75,2025
642547,CH,714,337,111,454,155,421,106,60,0.3293768545994065,0.34140969162995594,0.5896358543417367,0.5660377358490566,2025
642547,CS,80,45,17,58,25,47,10,4,0.37777777777777777,0.43103448275862066,0.5875,0.4,2025
642547,CU,423,194,61,246,74,255,60,20,0.31443298969072164,0.3008130081300813,0.6028368794326241,0.3333333333333333,2025
642547,FF,1770,830,163,848,201,1138,265,78,0.1963855421686747,0.23702830188679244,0.6429378531073446,0.2943396226415094,2025
642547,SL,342,158,76,212,62,196,38,17,0.4810126582278481,0.29245283018867924,0.5730994152046783,0.4473684210526316,2025
642547,ST,33,13,7,21,5,16,2,1,0.5384615384615384,0.23809523809523808,0.48484848484848486,0.5,2025
642585,FC,3,1,0,2,0,1,1,1,0.0,0.0,0.3333333333333333,1.0,2025
642585,FS,179,88,44,116,37,98,22,17,0.5,0.31896551724137934,0.547486033519553,0.7727272727272727,2025
642585,PO,1,0,0,1,0,0,0,0,,0.0,0.0,,2025
642585,SI,387,172,38,192,42,239,39,15,0.22093023255813954,0.21875,0.6175710594315246,0.38461538461538464,2025
642585,SL,57,22,8,27,5,33,7,2,0.36363636363636365,0.18518518518518517,0.5789473684210527,0.2857142857142857,2025
642701,CH,61,27,6,39,12,33,12,5,0.2222222222222222,0.3076923076923077,0.5409836065573771,0.4166666666666667,2025
642701,FC,103,34,10,41,4,69,13,7,0.29411764705882354,0.0975609756097561,0.6699029126213593,0.5384615384615384,2025
642701,FF,287,148,18,104,26,206,66,13,0.12162162162162163,0.25,0.7177700348432056,0.19696969696969696,2025
642701,SI,85,41,4,35,8,59,16,10,0.0975609756097561,0.22857142857142856,0.6941176470588235,0.625,2025
642701,SL,466,267,94,233,106,333,83,39,0.352059925093633,0.45493562231759654,0.7145922746781116,0.46987951807228917,2025
642708,EP,26,8,0,19,3,9,7,4,0.0,0.15789473684210525,0.34615384615384615,0.5714285714285714,2025
642708,FA,2,1,0,1,1,2,1,0,0.0,1.0,1.0,0.0,2025
642759,CH,24,13,5,16,6,14,2,1,0.38461538461538464,0.375,0.5833333333333334,0.5,2025
642759,FF,52,25,4,18,4,33,11,5,0.16,0.2222222222222222,0.6346153846153846,0.45454545454545453,2025
643338,FF,359,203,36,156,47,249,80,20,0.17733990147783252,0.30128205128205127,0.6935933147632312,0.25,2025
643338,PO,1,0,0,1,0,0,0,0,,0.0,0.0,,2025
643338,SI,17,6,0,7,0,9,5,2,0.0,0.0,0.5294117647058824,0.4,2025
643338,SL,343,156,35,193,51,203,58,25,0.22435897435897437,0.26424870466321243,0.5918367346938775,0.43103448275862066,2025
643361,CH,79,39,5,42,12,46,19,5,0.1282051282051282,0.2857142857142857,0.5822784810126582,0.2631578947368421,2025
643361,CU,2,0,0,2,0,0,0,0,,0.0,0.0,,2025
643361,FC,40,20,2,16,3,26,9,3,0.1,0.1875,0.65,0.3333333333333333,2025
643361,FF,95,45,4,39,10,65,17,7,0.08888888888888889,0.2564102564102564,0.6842105263157895,0.4117647058823529,2025
643377,CH,252,146,69,157,68,161,38,21,0.4726027397260274,0.43312101910828027,0.6388888888888888,0.5526315789473685,2025
643377,CU,6,4,0,2,1,5,2,0,0.0,0.5,0.8333333333333334,0.0,2025
643377,FC,44,21,6,21,7,29,5,3,0.2857142857142857,0.3333333333333333,0.6590909090909091,0.6,2025
643377,FF,203,98,16,80,19,144,44,11,0.16326530612244897,0.2375,0.7093596059113301,0.25,2025
643377,SI,129,68,11,63,25,91,20,15,0.16176470588235295,0.3968253968253968,0.7054263565891473,0.75,2025
643377,ST,490,229,101,262,101,329,54,26,0.4410480349344978,0.38549618320610685,0.6714285714285714,0.48148148148148145,2025
643396,EP,1,0,0,1,0,0,0,0,,0.0,0.0,,2025
643396,FA,6,3,0,2,0,4,2,0,0.0,0.0,0.6666666666666666,0.0,2025
643410,CU,217,71,33,126,26,121,21,11,0.4647887323943662,0.20634920634920634,0.5576036866359447,0.5238095238095238,2025
643410,FC,27,12,2,6,0,21,4,2,0.16666666666666666,0.0,0.7777777777777778,0.5,2025
643410,FF,4,1,1,3,0,1,0,0,1.0,0.0,0.25,,2025
643410,FS,264,142,61,185,68,147,47,27,0.4295774647887324,0.3675675675675676,0.5568181818181818,0.574468085106383,2025
643410,SI,326,149,13,119,25,235,69,29,0.087248322147651,0.21008403361344538,0.7208588957055214,0.42028985507246375,2025
643410,SL,17,10,1,9,3,11,5,1,0.1,0.3333333333333333,0.6470588235294118,0.2,2025
643511,SI,736,415,47,254,69,566,196,134,0.11325301204819277,0.27165354330708663,0.7690217391304348,0.6836734693877551,2025
643511,SL,255,125,35,137,46,171,48,17,0.28,0.3357664233576642,0.6705882352941176,0.3541666666666667,2025
645261,CH,672,368,95,423,158,409,126,69,0.25815217391304346,0.3735224586288416,0.6086309523809523,0.5476190476190477,2025
645261,FC,482,215,55,244,70,306,66,20,0.2558139534883721,0.28688524590163933,0.6348547717842323,0.30303030303030304,2025
645261,FF,495,259,38,203,42,327,86,33,0.14671814671814673,0.20689655172413793,0.6606060606060606,0.38372093023255816,2025
645261,SI,747,377,38,233,57,564,179,102,0.10079575596816977,0.2446351931330472,0.7550200803212851,0.5698324022346368,2025
645261,SL,495,212,45,265,69,301,79,26,0.21226415094339623,0.26037735849056604,0.6080808080808081,0.3291139240506329,2025
645305,CS,14,8,0,5,1,10,4,0,0.0,0.2,0.7142857142857143,0.0,2025
645305,EP,3,2,1,3,2,2,1,1,0.5,0.6666666666666666,0.6666666666666666,1.0,2025
645305,FA,1,1,0,0,0,1,0,0,0.0,,1.0,,2025
645444,EP,25,10,0,14,4,14,9,4,0.0,0.2857142857142857,0.56,0.4444444444444444,2025
645444,FA,2,1,0,2,1,1,1,1,0.0,0.5,0.5,1.0,2025
646242,CH,5,3,1,3,1,3,0,0,0.3333333333333333,0.3333333333333333,0.6,,2025
646242,CU,3,1,0,0,0,2,1,0,0.0,,0.6666666666666666,0.0,2025
646242,FF,3,2,0,1,0,2,1,1,0.0,0.0,0.6666666666666666,1.0,2025
646242,SI,3,1,0,2,0,1,0,0,0.0,0.0,0.3333333333333333,,2025
646242,ST,12,7,1,4,1,9,2,0,0.14285714285714285,0.25,0.75,0.0,2025
647315,FC,26,12,3,9,1,16,5,0,0.25,0.1111111111111111,0.6153846153846154,0.0,2025
647315,SI,70,36,4,25,8,53,25,16,0.1111111111111111,0.32,0.7571428571428571,0.64,2025
647315,SL,26,7,1,18,4,11,3,2,0.14285714285714285,0.2222222222222222,0.4230769230769231,0.6666666666666666,2025
647315,ST,5,3,1,4,2,3,0,0,0.3333333333333333,0.5,0.6,,2025
647336,CH,157,63,12,93,17,78,28,15,0.19047619047619047,0.1827956989247312,0.4968152866242038,0.5357142857142857,2025
647336,FF,712,343,54,276,55,478,117,42,0.15743440233236153,0.19927536231884058,0.6713483146067416,0.358974358974359,2025
647336,PO,1,0,0,1,0,0,0,0,,0.0,0.0,,2025
647336,SI,158,95,4,72,29,111,46,27,0.042105263157894736,0.4027777777777778,0.7025316455696202,0.5869565217391305,2025
647336,SV,544,211,77,294,84,325,58,26,0.36492890995260663,0.2857142857142857,0.5974264705882353,0.4482758620689655,2025
647351,EP,13,8,1,9,4,10,7,3,0.125,0.4444444444444444,0.7692307692307693,0.42857142857142855,2025
647351,FA,2,0,0,2,0,0,0,0,,0.0,0.0,,2025
650489,EP,10,4,0,7,3,4,4,0,0.0,0.42857142857142855,0.4,0.0,2025
650489,FA,2,1,0,2,1,1,0,0,0.0,0.5,0.5,,2025
650556,CH,5,0,0,5,0,0,0,0,,0.0,0.0,,2025
650556,FF,603,276,92,315,70,355,69,20,0.3333333333333333,0.2222222222222222,0.5887230514096186,0.2898550724637681,2025
650556,SI,14,6,2,9,2,7,2,2,0.3333333333333333,0.2222222222222222,0.5,1.0,2025
650556,SL,583,275,126,326,125,386,85,34,0.4581818181818182,0.3834355828220859,0.6620926243567753,0.4,2025
650633,CH,265,152,39,154,65,175,65,25,0.2565789473684211,0.42207792207792205,0.660377358490566,0.38461538461538464,2025
650633,FF,305,134,39,160,36,179,33,7,0.291044776119403,0.225,0.5868852459016394,0.21212121212121213,2025
650633,SI,363,138,20,146,35,246,62,30,0.14492753623188406,0.23972602739726026,0.6776859504132231,0.4838709677419355,2025
650633,SL,70,28,5,36,6,37,15,10,0.17857142857142858,0.16666666666666666,0.5285714285714286,0.6666666666666666,2025
650633,ST,235,95,31,148,37,130,28,7,0.3263157894736842,0.25,0.5531914893617021,0.25,2025
650644,CU,351,151,38,156,45,235,60,27,0.25165562913907286,0.28846153846153844,0.6695156695156695,0.45,2025
650644,FC,625,302,63,304,87,400,104,39,0.20860927152317882,0.28618421052631576,0.64,0.375,2025
650644,FF,287,114,18,150,33,168,39,6,0.15789473684210525,0.22,0.5853658536585366,0.15384615384615385,2025
650644,FS,102,46,6,62,16,56,18,9,0.13043478260869565,0.25806451612903225,0.5490196078431373,0.5,2025
650644,SI,296,133,16,141,30,187,64,20,0.12030075187969924,0.2127659574468085,0.6317567567567568,0.3125,2025
650644,SL,135,66,11,66,17,86,33,10,0.16666666666666666,0.25757575757575757,0.6370370370370371,0.30303030303030304,2025
650644,ST,6,3,0,2,1,5,1,0,0.0,0.5,0.8333333333333334,0.0,2025
650671,CH,4,1,0,4,1,1,0,0,0.0,0.25,0.25,,2025
650671,FF,68,29,7,44,11,36,10,5,0.2413793103448276,0.25,0.5294117647058824,0.5,2025
650671,SI,10,4,0,5,2,7,2,2,0.0,0.4,0.7,1.0,2025
650671,SL,7,3,0,2,0,3,2,1,0.0,0.0,0.42857142857142855,0.5,2025
650893,CU,142,60,13,74,26,89,29,14,0.21666666666666667,0.35135135135135137,0.6267605633802817,0.4827586206896552,2025
650893,FC,149,78,26,74,22,98,26,12,0.3333333333333333,0.2972972972972973,0.6577181208053692,0.46153846153846156,2025
650893,FF,168,91,14,77,20,109,31,6,0.15384615384615385,0.2597402597402597,0.6488095238095238,0.1935483870967742,2025
650893,FS,93,48,25,61,21,52,13,5,0.5208333333333334,0.3442622950819672,0.5591397849462365,0.38461538461538464,2025
650893,SI,178,74,9,82,17,116,36,16,0.12162162162162163,0.2073170731707317,0.651685393258427,0.4444444444444444,2025
650895,FF,1,0,0,1,0,0,0,0,,0.0,0.0,,2025
650895,SI,25,9,0,14,3,14,4,3,0.0,0.21428571428571427,0.56,0.75,2025
650895,SL,14,5,3,13,4,5,0,0,0.6,0.3076923076923077,0.35714285714285715,,2025
650911,CH,1182,649,277,719,305,757,194,121,0.4268104776579353,0.4242002781641168,0.6404399323181049,0.6237113402061856,2025
650911,SI,1449,662,90,537,108,1018,309,190,0.13595166163141995,0.2011173184357542,0.7025534851621809,0.6148867313915858,2025
650911,SL,515,253,79,264,81,342,91,39,0.31225296442687744,0.3068181818181818,0.6640776699029126,0.42857142857142855,2025
655889,FF,72,32,5,33,3,39,14,5,0.15625,0.09090909090909091,0.5416666666666666,0.35714285714285715,2025
655889,SI,148,72,14,69,26,100,34,24,0.19444444444444445,0.37681159420289856,0.6756756756756757,0.7058823529411765,2025
655889,SL,218,118,30,119,49,148,43,24,0.2542372881355932,0.4117647058823529,0.6788990825688074,0.5581395348837209,2025
656186,CH,118,70,21,67,25,74,24,16,0.3,0.373134328358209,0.6271186440677966,0.6666666666666666,2025
656186,FF,135,57,8,69,12,75,20,9,0.14035087719298245,0.17391304347826086,0.5555555555555556,0.45,2025
656186,SI,118,52,13,53,14,73,17,10,0.25,0.2641509433962264,0.6186440677966102,0.5882352941176471,2025
656186,SL,141,55,9,69,11,84,24,10,0.16363636363636364,0.15942028985507245,0.5957446808510638,0.4166666666666667,2025
656222,CH,349,167,54,224,72,192,54,36,0.32335329341317365,0.32142857142857145,0.5501432664756447,0.6666666666666666,2025
656222,FC,92,33,13,56,13,48,15,6,0.3939393939393939,0.23214285714285715,0.5217391304347826,0.4,2025
656222,FF,488,259,48,197,36,324,95,34,0.18532818532818532,0.18274111675126903,0.6639344262295082,0.35789473684210527,2025
656232,CH,8,3,0,4,1,5,3,0,0.0,0.25,0.625,0.0,2025
656232,CU,6,2,0,3,1,4,1,1,0.0,0.3333333333333333,0.6666666666666666,1.0,2025
656232,FF,23,10,1,8,1,16,5,2,0.1,0.125,0.6956521739130435,0.4,2025
656232,SI,4,0,0,3,0,1,0,0,,0.0,0.25,,2025
656232,ST,6,4,1,3,1,4,2,0,0.25,0.3333333333333333,0.6666666666666666,0.0,2025
656234,CU,238,111,40,130,47,155,32,16,0.36036036036036034,0.36153846153846153,0.6512605042016807,0.5,2025
656234,FC,33,13,3,21,4,15,6,1,0.23076923076923078,0.19047619047619047,0.45454545454545453,0.16666666666666666,2025
656234,SI,358,170,25,154,29,227,82,50,0.14705882352941177,0.18831168831168832,0.6340782122905028,0.6097560975609756,2025
656234,ST,406,163,54,167,57,296,47,13,0.3312883435582822,0.3413173652694611,0.729064039408867,0.2765957446808511,2025
656240,FF,273,116,17,124,19,162,51,22,0.14655172413793102,0.1532258064516129,0.5934065934065934,0.43137254901960786,2025
656240,FS,145,76,19,83,28,93,31,14,0.25,0.3373493975903614,0.6413793103448275,0.45161290322580644,2025
656240,SI,6,0,0,4,0,2,0,0,,0.0,0.3333333333333333,,2025
656240,SL,332,174,57,165,50,219,72,38,0.3275862068965517,0.30303030303030304,0.6596385542168675,0.5277777777777778,2025
656257,FC,27,13,2,11,2,18,8,3,0.15384615384615385,0.18181818181818182,0.6666666666666666,0.375,2025
656257,FF,46,25,7,24,8,30,7,2,0.28,0.3333333333333333,0.6521739130434783,0.2857142857142857,2025
656257,ST,23,8,1,15,2,11,4,0,0.125,0.13333333333333333,0.4782608695652174,0.0,2025
656271,CH,225,131,31,124,47,149,51,27,0.2366412213740458,0.3790322580645161,0.6622222222222223,0.5294117647058824,2025
656271,FF,436,230,43,182,32,285,74,32,0.18695652173913044,0.17582417582417584,0.6536697247706422,0.43243243243243246,2025
656271,SI,83,41,4,39,17,59,16,10,0.0975609756097561,0.4358974358974359,0.7108433734939759,0.625,2025
656271,SL,281,136,38,117,29,181,46,31,0.27941176470588236,0.24786324786324787,0.6441281138790036,0.6739130434782609,2025
656288,CH,336,185,42,160,49,218,78,47,0.22702702702702704,0.30625,0.6488095238095238,0.6025641025641025,2025
656288,FC,59,25,5,34,11,33,6,2,0.2,0.3235294117647059,0.559322033898305,0.3333333333333333,2025
656288,FF,491,177,28,246,41,289,54,18,0.15819209039548024,0.16666666666666666,0.5885947046843177,0.3333333333333333,2025
656288,KC,86,30,7,39,9,54,9,3,0.23333333333333334,0.23076923076923078,0.627906976744186,0.3333333333333333,2025
656288,SL,440,225,74,224,74,286,84,53,0.3288888888888889,0.33035714285714285,0.65,0.6309523809523809,2025
656288,ST,14,10,2,6,3,12,4,0,0.2,0.5,0.8571428571428571,0.0,2025
656302,CH,47,19,11,34,8,22,3,1,0.5789473684210527,0.23529411764705882,0.46808510638297873,0.3333333333333333,2025
656302,FF,1343,692,155,672,191,864,208,66,0.2239884393063584,0.28422619047619047,0.6433358153387937,0.3173076923076923,2025
656302,KC,261,72,26,155,29,139,21,8,0.3611111111111111,0.1870967741935484,0.5325670498084292,0.38095238095238093,2025
656302,SI,128,67,7,64,23,85,29,14,0.1044776119402985,0.359375,0.6640625,0.4827586206896552,2025
656302,SL,1298,685,296,730,267,838,171,66,0.4321167883211679,0.36575342465753424,0.6456086286594761,0.38596491228070173,2025
656302,ST,110,46,12,56,19,76,16,7,0.2608695652173913,0.3392857142857143,0.6909090909090909,0.4375,2025
656354,SI,5,2,1,3,1,3,0,0,0.5,0.3333333333333333,0.6,,2025
656354,ST,2,0,0,1,0,1,0,0,,0.0,0.5,,2025
656420,CH,38,23,5,26,13,25,9,3,0.21739130434782608,0.5,0.6578947368421053,0.3333333333333333,2025
656420,FF,39,25,5,12,4,32,10,4,0.2,0.3333333333333333,0.8205128205128205,0.4,2025
656420,SL,20,9,2,14,4,10,3,2,0.2222222222222222,0.2857142857142857,0.5,0.6666666666666666,2025
656427,CH,87,21,7,74,13,25,6,5,0.3333333333333333,0.17567567567567569,0.28735632183908044,0.8333333333333334,2025
656427,FF,1431,648,95,567,98,986,228,62,0.14660493827160495,0.1728395061728395,0.6890286512928022,0.2719298245614035,2025
656427,KC,776,389,155,521,219,476,103,54,0.39845758354755784,0.42034548944337813,0.6134020618556701,0.5242718446601942,2025
656427,SI,59,26,5,43,13,29,10,4,0.19230769230769232,0.3023255813953488,0.4915254237288136,0.4,2025
656427,SL,750,328,92,452,136,446,118,50,0.2804878048780488,0.3008849557522124,0.5946666666666667,0.423728813559322,2025
656457,FC,154,89,16,73,17,99,29,6,0.1797752808988764,0.2328767123287671,0.6428571428571429,0.20689655172413793,2025
656457,FF,102,49,10,52,18,65,20,2,0.20408163265306123,0.34615384615384615,0.6372549019607843,0.1,2025
656457,FS,66,26,5,40,7,35,13,7,0.19230769230769232,0.175,0.5303030303030303,0.5384615384615384,2025
656457,SI,263,120,15,116,34,178,43,24,0.125,0.29310344827586204,0.6768060836501901,0.5581395348837209,2025
656457,ST,254,109,47,140,34,146,35,8,0.43119266055045874,0.24285714285714285,0.5748031496062992,0.22857142857142856,2025
656458,FF,7,4,2,1,0,6,1,0,0.5,0.0,0.8571428571428571,0.0,2025
656458,FS,3,2,1,2,1,2,0,0,0.5,0.5,0.6666666666666666,,2025
656458,SL,8,3,1,5,2,5,1,0,0.3333333333333333,0.4,0.625,0.0,2025
656464,FF,250,115,18,116,28,163,42,16,0.1565217391304348,0.2413793103448276,0.652,0.38095238095238093,2025
656464,SI,35,15,1,16,2,20,7,4,0.06666666666666667,0.125,0.5714285714285714,0.5714285714285714,2025
656464,SL,214,104,44,144,52,123,29,16,0.4230769230769231,0.3611111111111111,0.5747663551401869,0.5517241379310345,2025
656546,FF,497,262,50,217,61,343,67,16,0.19083969465648856,0.28110599078341014,0.6901408450704225,0.23880597014925373,2025
656546,FS,322,173,52,189,67,199,67,31,0.30057803468208094,0.3544973544973545,0.6180124223602484,0.4626865671641791,2025
656546,PO,1,0,0,1,0,0,0,0,,0.0,0.0,,2025
656546,SI,106,47,7,46,16,71,19,10,0.14893617021276595,0.34782608695652173,0.6698113207547169,0.5263157894736842,2025
656546,SL,416,191,90,245,92,265,45,19,0.4712041884816754,0.37551020408163266,0.6370192307692307,0.4222222222222222,2025
656550,CH,23,12,2,13,3,12,3,1,0.16666666666666666,0.23076923076923078,0.5217391304347826,0.3333333333333333,2025
656550,CU,299,139,41,198,64,171,40,21,0.2949640287769784,0.32323232323232326,0.5719063545150501,0.525,2025
656550,FC,297,153,20,116,28,203,63,26,0.13071895424836602,0.2413793103448276,0.6835016835016835,0.4126984126984127,2025
656550,FF,641,257,36,281,43,395,88,32,0.14007782101167315,0.15302491103202848,0.6162246489859594,0.36363636363636365,2025
656550,SI,2,0,0,2,0,0,0,0,,0.0,0.0,,2025
656550,SL,702,388,156,403,155,456,114,61,0.4020618556701031,0.38461538461538464,0.6495726495726496,0.5350877192982456,2025
656557,FF,44,16,2,34,7,17,4,0,0.125,0.20588235294117646,0.38636363636363635,0.0,2025
656557,FS,142,69,13,84,25,83,35,20,0.18840579710144928,0.2976190476190476,0.5845070422535211,0.5714285714285714,2025
656557,SI,298,137,18,138,44,206,66,35,0.13138686131386862,0.3188405797101449,0.6912751677852349,0.5303030303030303,2025
656557,ST,265,111,34,140,39,163,44,18,0.3063063063063063,0.2785714285714286,0.6150943396226415,0.4090909090909091,2025
656577,EP,11,2,0,11,2,3,2,1,0.0,0.18181818181818182,0.2727272727272727,0.5,2025
656577,FA,13,7,1,6,2,8,4,0,0.14285714285714285,0.3333333333333333,0.6153846153846154,0.0,2025
656605,CH,200,101,15,105,29,122,43,27,0.1485148514851485,0.2761904761904762,0.61,0.627906976744186,2025
656605,CU,210,61,18,140,25,96,19,10,0.29508196721311475,0.17857142857142858,0.45714285714285713,0.5263157894736842,2025
656605,FC,3,1,0,1,0,2,1,0,0.0,0.0,0.6666666666666666,0.0,2025
656605,FF,999,497,67,397,79,677,169,57,0.13480885311871227,0.19899244332493704,0.6776776776776777,0.33727810650887574,2025
656605,SI,510,222,25,207,28,337,102,52,0.11261261261261261,0.13526570048309178,0.6607843137254902,0.5098039215686274,2025
656605,SL,401,221,57,213,77,266,92,53,0.2579185520361991,0.3615023474178404,0.6633416458852868,0.5760869565217391,2025
656605,ST,547,289,73,273,107,376,111,39,0.25259515570934254,0.39194139194139194,0.6873857404021938,0.35135135135135137,2025
656629,CH,2,1,0,0,0,2,0,0,0.0,,1.0,,2025
656629,FC,38,15,8,24,4,19,6,1,0.5333333333333333,0.16666666666666666,0.5,0.16666666666666666,2025
656629,FF,191,78,16,90,17,112,22,7,0.20512820512820512,0.18888888888888888,0.5863874345549738,0.3181818181818182,2025
656638,CH,3,0,0,3,0,0,0,0,,0.0,0.0,,2025
656638,FF,2,1,0,1,0,1,0,0,0.0,0.0,0.5,,2025
656638,SI,3,2,0,0,0,3,2,1,0.0,,1.0,0.5,2025
656638,SL,12,9,4,8,5,9,2,0,0.4444444444444444,0.625,0.75,0.0,2025
656641,CH,324,173,69,201,74,195,64,30,0.3988439306358382,0.3681592039800995,0.6018518518518519,0.46875,2025
656641,CU,89,18,4,49,7,44,5,3,0.2222222222222222,0.14285714285714285,0.4943820224719101,0.6,2025
656641,FF,685,357,71,289,72,449,114,32,0.19887955182072828,0.2491349480968858,0.6554744525547446,0.2807017543859649,2025
656641,SL,290,135,38,142,43,187,52,24,0.2814814814814815,0.3028169014084507,0.6448275862068965,0.46153846153846156,2025
656686,CH,10,2,0,8,1,3,0,0,0.0,0.125,0.3,,2025
656686,CU,67,36,11,39,16,44,15,10,0.3055555555555556,0.41025641025641024,0.6567164179104478,0.6666666666666666,2025
656686,FF,147,66,14,63,12,95,24,10,0.21212121212121213,0.19047619047619047,0.6462585034013606,0.4166666666666667,2025
656686,SL,108,44,15,60,14,61,16,8,0.3409090909090909,0.23333333333333334,0.5648148148148148,0.5,2025
656716,EP,2,1,0,2,1,1,1,1,0.0,0.5,0.5,1.0,2025
656730,FF,509,256,45,198,51,353,81,25,0.17578125,0.25757575757575757,0.693516699410609,0.30864197530864196,2025
656730,KC,332,158,71,195,82,216,47,23,0.44936708860759494,0.4205128205128205,0.6506024096385542,0.48936170212765956,2025
656731,CH,94,33,11,63,13,41,16,6,0.3333333333333333,0.20634920634920634,0.43617021276595747,0.375,2025
656731,CU,93,38,7,53,17,57,13,9,0.18421052631578946,0.32075471698113206,0.6129032258064516,0.6923076923076923,2025
656731,FF,555,258,62,216,47,379,68,17,0.24031007751937986,0.2175925925925926,0.6828828828828829,0.25,2025
656731,SI,255,120,15,110,34,173,57,34,0.125,0.3090909090909091,0.6784313725490196,0.5964912280701754,2025
656731,SL,312,137,64,228,81,168,36,18,0.46715328467153283,0.35526315789473684,0.5384615384615384,0.5,2025
656731,ST,13,9,3,8,4,9,2,0,0.3333333333333333,0.5,0.6923076923076923,0.0,2025
656756,CH,5,1,0,3,0,2,0,0,0.0,0.0,0.4,,2025
656756,CU,13,3,0,11,1,4,2,1,0.0,0.09090909090909091,0.3076923076923077,0.5,2025
656756,FF,4,1,1,3,0,1,0,0,1.0,0.0,0.25,,2025
656756,SI,18,12,2,5,3,16,6,4,0.16666666666666666,0.6,0.8888888888888888,0.6666666666666666,2025
656786,CU,12,5,2,10,3,5,1,1,0.4,0.3,0.4166666666666667,1.0,2025
656786,FC,16,8,1,7,1,9,2,2,0.125,0.14285714285714285,0.5625,1.0,2025
656786,FF,4,2,0,2,0,3,2,1,0.0,0.0,0.75,0.5,2025
656786,SI,4,2,0,2,0,3,1,1,0.0,0.0,0.75,1.0,2025
656786,ST,5,0,0,5,0,1,0,0,,0.0,0.2,,2025
656794,CH,112,62,10,73,31,72,31,20,0.16129032258064516,0.4246575342465753,0.6428571428571429,0.6451612903225806,2025
656794,CU,90,31,7,60,16,51,11,6,0.22580645161290322,0.26666666666666666,0.5666666666666667,0.5454545454545454,2025
656794,FC,229,95,12,109,22,145,41,17,0.12631578947368421,0.2018348623853211,0.6331877729257642,0.4146341463414634,2025
656794,FF,461,237,43,194,52,311,59,17,0.18143459915611815,0.26804123711340205,0.6746203904555315,0.288135593220339,2025
656794,SI,351,155,14,152,38,233,84,55,0.09032258064516129,0.25,0.6638176638176638,0.6547619047619048,2025
656794,SV,350,157,47,177,49,225,50,20,0.29936305732484075,0.2768361581920904,0.6428571428571429,0.4,2025
656818,CH,4,0,0,3,0,1,0,0,,0.0,0.25,,2025
656818,FC,2,2,0,0,0,2,1,0,0.0,,1.0,0.0,2025
656818,FF,3,0,0,1,0,2,0,0,,0.0,0.6666666666666666,,2025
656818,SI,3,3,0,1,1,3,1,0,0.0,1.0,1.0,0.0,2025
656818,SL,2,0,0,1,0,1,0,0,,0.0,0.5,,2025
656818,ST,1,1,0,0,0,1,0,0,0.0,,1.0,,2025
656820,CU,4,1,0,4,1,1,0,0,0.0,0.25,0.25,,2025
656820,FC,12,4,0,7,1,7,2,1,0.0,0.14285714285714285,0.5833333333333334,0.5,2025
656820,SI,6,4,0,4,2,4,2,2,0.0,0.5,0.6666666666666666,1.0,2025
656820,ST,3,0,0,3,0,0,0,0,,0.0,0.0,,2025
656848,CH,1,0,0,1,0,0,0,0,,0.0,0.0,,2025
656848,FF,183,117,24,69,29,140,35,8,0.20512820512820512,0.42028985507246375,0.7650273224043715,0.22857142857142856,2025
656848,SI,8,5,1,4,2,6,1,1,0.2,0.5,0.75,1.0,2025
656848,SL,135,53,13,91,21,68,19,7,0.24528301886792453,0.23076923076923078,0.5037037037037037,0.3684210526315789,2025
656849,CH,412,212,50,235,75,252,81,53,0.2358490566037736,0.3191489361702128,0.6116504854368932,0.654320987654321,2025
656849,CU,370,167,49,200,62,241,58,23,0.2934131736526946,0.31,0.6513513513513514,0.39655172413793105,2025
656849,FF,603,269,53,290,60,367,92,36,0.1970260223048327,0.20689655172413793,0.6086235489220564,0.391304347826087,2025
656849,SI,798,330,27,328,68,545,175,113,0.08181818181818182,0.2073170731707317,0.6829573934837093,0.6457142857142857,2025
656849,SL,516,284,103,312,120,329,94,52,0.3626760563380282,0.38461538461538464,0.6375968992248062,0.5531914893617021,2025
656876,CH,28,3,1,26,2,4,2,2,0.3333333333333333,0.07692307692307693,0.14285714285714285,1.0,2025
656876,CU,99,26,4,50,8,55,9,7,0.15384615384615385,0.16,0.5555555555555556,0.7777777777777778,2025
656876,FC,728,387,96,366,121,477,129,68,0.24806201550387597,0.33060109289617484,0.6552197802197802,0.5271317829457365,2025
656876,FF,816,414,81,339,104,569,143,51,0.1956521739130435,0.30678466076696165,0.6973039215686274,0.35664335664335667,2025
656876,SI,531,252,27,220,57,362,115,68,0.10714285714285714,0.2590909090909091,0.6817325800376648,0.591304347826087,2025
656876,SL,5,4,0,0,0,5,3,2,0.0,,1.0,0.6666666666666666,2025
656876,ST,109,40,10,81,18,45,15,8,0.25,0.2222222222222222,0.41284403669724773,0.5333333333333333,2025
656896,CH,1,0,0,0,0,1,0,0,,,1.0,,2025
656896,EP,37,13,0,18,3,23,9,1,0.0,0.16666666666666666,0.6216216216216216,0.1111111111111111,2025
656896,FA,7,4,1,6,3,4,2,1,0.25,0.5,0.5714285714285714,0.5,2025
656945,FF,488,288,58,191,57,351,98,26,0.2013888888888889,0.29842931937172773,0.7192622950819673,0.2653061224489796,2025
656945,SI,2,1,1,1,0,1,0,0,1.0,0.0,0.5,,2025
656945,SL,434,226,84,232,95,294,60,36,0.37168141592920356,0.40948275862068967,0.6774193548387096,0.6,2025
656986,FC,5,5,2,2,2,5,1,1,0.4,1.0,1.0,1.0,2025
656986,FF,295,150,21,123,29,199,66,25,0.14,0.23577235772357724,0.6745762711864407,0.3787878787878788,2025
656986,SI,10,5,1,3,1,8,1,0,0.2,0.3333333333333333,0.8,0.0,2025
656986,SL,418,226,111,230,99,277,57,23,0.4911504424778761,0.43043478260869567,0.6626794258373205,0.40350877192982454,2025
657006,CH,8,3,0,6,1,3,3,1,0.0,0.16666666666666666,0.375,0.3333333333333333,2025
657006,CU,12,4,0,8,2,7,0,0,0.0,0.25,0.5833333333333334,,2025
657006,FF,177,92,13,72,25,131,41,16,0.14130434782608695,0.3472222222222222,0.7401129943502824,0.3902439024390244,2025
657006,SI,19,10,1,8,3,14,5,3,0.1,0.375,0.7368421052631579,0.6,2025
657006,SL,97,53,14,48,18,65,16,7,0.2641509433962264,0.375,0.6701030927835051,0.4375,2025
657024,FF,59,27,2,22,4,41,11,3,0.07407407407407407,0.18181818181818182,0.6949152542372882,0.2727272727272727,2025
657024,FS,56,29,9,38,14,32,8,2,0.3103448275862069,0.3684210526315789,0.5714285714285714,0.25,2025
657024,SL,13,3,0,8,0,5,2,0,0.0,0.0,0.38461538461538464,0.0,2025
657044,FF,50,19,2,28,5,24,9,4,0.10526315789473684,0.17857142857142858,0.48,0.4444444444444444,2025
657044,FS,2,1,0,1,0,1,1,0,0.0,0.0,0.5,0.0,2025
657044,SI,341,168,30,165,68,241,83,50,0.17857142857142858,0.4121212121212121,0.7067448680351907,0.6024096385542169,2025
657044,SL,273,136,44,153,53,173,34,8,0.3235294117647059,0.3464052287581699,0.6336996336996337,0.23529411764705882,2025
657053,CU,7,3,2,6,2,3,1,0,0.6666666666666666,0.3333333333333333,0.42857142857142855,0.0,2025
657053,FS,9,7,1,6,4,7,3,2,0.14285714285714285,0.6666666666666666,0.7777777777777778,0.6666666666666666,2025
657053,SI,21,7,2,10,2,14,3,1,0.2857142857142857,0.2,0.6666666666666666,0.3333333333333333,2025
657097,CH,351,202,68,189,75,242,80,25,0.33663366336633666,0.3968253968253968,0.6894586894586895,0.3125,2025
657097,FF,445,229,40,184,44,303,75,19,0.17467248908296942,0.2391304347826087,0.6808988764044944,0.25333333333333335,2025
657097,ST,213,83,17,117,28,122,41,22,0.20481927710843373,0.23931623931623933,0.5727699530516432,0.5365853658536586,2025
657240,CH,4,1,0,3,0,1,1,0,0.0,0.0,0.25,0.0,2025
657240,FF,169,79,5,73,17,109,35,9,0.06329113924050633,0.2328767123287671,0.6449704142011834,0.2571428571428571,2025
657240,SL,175,74,20,93,25,106,26,19,0.2702702702702703,0.26881720430107525,0.6057142857142858,0.7307692307692307,2025
657240,ST,5,2,0,2,0,3,0,0,0.0,0.0,0.6,,2025
657265,CH,4,1,0,3,0,1,0,0,0.0,0.0,0.25,,2025
657265,CU,4,2,0,1,0,3,1,1,0.0,0.0,0.75,1.0,2025
657265,FF,17,13,4,6,4,15,5,3,0.3076923076923077,0.6666666666666666,0.8823529411764706,0.6,2025
657265,SI,2,0,0,2,0,0,0,0,,0.0,0.0,,2025
657265,ST,9,4,0,4,1,6,1,0,0.0,0.25,0.6666666666666666,0.0,2025
657277,CH,792,449,135,510,220,509,146,98,0.30066815144766146,0.43137254901960786,0.6426767676767676,0.6712328767123288,2025
657277,FC,255,135,24,130,35,160,43,15,0.17777777777777778,0.2692307692307692,0.6274509803921569,0.3488372093023256,2025
657277,FF,258,140,45,150,43,151,27,9,0.32142857142857145,0.2866666666666667,0.5852713178294574,0.3333333333333333,2025
657277,SI,1104,445,54,427,71,782,229,133,0.12134831460674157,0.16627634660421545,0.7083333333333334,0.5807860262008734,2025
657277,ST,873,348,92,450,127,563,134,59,0.26436781609195403,0.2822222222222222,0.6449026345933563,0.44029850746268656,2025
657376,FC,501,263,58,208,47,344,84,23,0.22053231939163498,0.22596153846153846,0.6866267465069861,0.27380952380952384,2025
657376,FF,93,50,11,44,15,66,10,3,0.22,0.3409090909090909,0.7096774193548387,0.3,2025
657376,KC,223,90,25,126,34,123,32,17,0.2777777777777778,0.2698412698412698,0.5515695067264574,0.53125,2025
657376,SI,102,47,7,46,11,71,29,10,0.14893617021276595,0.2391304347826087,0.696078431372549,0.3448275862068966,2025
657376,SL,158,66,17,69,15,104,28,7,0.25757575757575757,0.21739130434782608,0.6582278481012658,0.25,2025
657376,ST,149,67,24,101,35,82,29,10,0.3582089552238806,0.3465346534653465,0.5503355704697986,0.3448275862068966,2025
657424,CH,47,25,8,32,11,26,10,6,0.32,0.34375,0.5531914893617021,0.6,2025
657424,CU,1,1,0,1,1,1,1,1,0.0,1.0,1.0,1.0,2025
657424,FF,152,69,12,75,18,97,23,9,0.17391304347826086,0.24,0.6381578947368421,0.391304347826087,2025
657424,SI,51,23,2,28,7,31,11,7,0.08695652173913043,0.25,0.6078431372549019,0.6363636363636364,2025
657424,SL,276,131,22,131,36,182,52,29,0.16793893129770993,0.2748091603053435,0.6594202898550725,0.5576923076923077,2025
657424,ST,20,8,1,16,4,9,4,2,0.125,0.25,0.45,0.5,2025
657510,FC,11,6,3,4,2,9,2,1,0.5,0.5,0.8181818181818182,0.5,2025
657510,FF,8,2,0,6,0,3,0,0,0.0,0.0,0.375,,2025
657514,CH,108,57,14,81,31,59,25,13,0.24561403508771928,0.38271604938271603,0.5462962962962963,0.52,2025
657514,CU,222,102,33,136,35,121,33,11,0.3235294117647059,0.25735294117647056,0.545045045045045,0.3333333333333333,2025
657514,FC,119,48,6,53,9,79,16,9,0.125,0.16981132075471697,0.6638655462184874,0.5625,2025
657514,FF,2,0,0,2,0,0,0,0,,0.0,0.0,,2025
657514,SI,389,153,11,146,30,272,76,42,0.0718954248366013,0.2054794520547945,0.699228791773779,0.5526315789473685,2025
657514,SL,34,16,2,19,4,19,6,4,0.125,0.21052631578947367,0.5588235294117647,0.6666666666666666,2025
657571,FC,265,141,30,129,40,171,53,25,0.2127659574468085,0.31007751937984496,0.6452830188679245,0.4716981132075472,2025
657571,FF,355,176,31,158,39,228,62,27,0.17613636363636365,0.2468354430379747,0.6422535211267606,0.43548387096774194,2025
657571,SI,265,123,17,114,41,186,53,31,0.13821138211382114,0.35964912280701755,0.7018867924528301,0.5849056603773585,2025
657571,SV,244,96,26,139,36,138,36,18,0.2708333333333333,0.2589928057553957,0.5655737704918032,0.5,2025
657585,FC,276,123,27,117,28,189,47,14,0.21951219512195122,0.23931623931623933,0.6847826086956522,0.2978723404255319,2025
657585,FF,39,16,4,20,5,19,5,2,0.25,0.25,0.48717948717948717,0.4,2025
657585,FS,219,96,42,180,63,102,27,18,0.4375,0.35,0.4657534246575342,0.6666666666666666,2025
657585,SI,238,115,15,124,39,150,44,21,0.13043478260869565,0.31451612903225806,0.6302521008403361,0.4772727272727273,2025
657585,ST,207,93,42,101,38,146,24,7,0.45161290322580644,0.37623762376237624,0.7053140096618358,0.2916666666666667,2025
657612,FC,46,21,6,28,7,23,10,1,0.2857142857142857,0.25,0.5,0.1,2025
657612,FF,131,68,11,74,20,75,22,5,0.16176470588235295,0.2702702702702703,0.5725190839694656,0.22727272727272727,2025
657612,SI,790,436,60,358,132,577,196,140,0.13761467889908258,0.3687150837988827,0.730379746835443,0.7142857142857143,2025
657612,SL,1,0,0,1,0,0,0,0,,0.0,0.0,,2025
657649,CH,102,46,13,61,15,56,21,12,0.2826086956521739,0.2459016393442623,0.5490196078431373,0.5714285714285714,2025
657649,CU,182,82,32,124,44,98,28,15,0.3902439024390244,0.3548387096774194,0.5384615384615384,0.5357142857142857,2025
657649,FC,209,108,18,92,17,136,40,11,0.16666666666666666,0.18478260869565216,0.6507177033492823,0.275,2025
657649,FF,23,12,3,12,3,14,4,2,0.25,0.25,0.6086956521739131,0.5,2025
657649,SI,627,262,42,218,44,437,100,49,0.16030534351145037,0.2018348623853211,0.696969696969697,0.49,2025
657746,FF,1404,784,181,488,124,1020,226,63,0.2308673469387755,0.2540983606557377,0.7264957264957265,0.27876106194690264,2025
657746,FS,310,119,25,217,50,144,48,22,0.21008403361344538,0.2304147465437788,0.4645161290322581,0.4583333333333333,2025
657746,KC,109,51,21,70,23,60,17,9,0.4117647058823529,0.32857142857142857,0.5504587155963303,0.5294117647058824,2025
657746,SI,346,166,22,136,27,239,59,31,0.13253012048192772,0.19852941176470587,0.6907514450867052,0.5254237288135594,2025
657746,SL,258,114,25,144,36,149,45,21,0.21929824561403508,0.25,0.5775193798449613,0.4666666666666667,2025
657746,ST,367,155,51,205,59,220,49,18,0.32903225806451614,0.28780487804878047,0.5994550408719346,0.3673469387755102,2025
657746,UN,1,0,0,1,0,0,0,0,,0.0,0.0,,2025
657756,CH,58,27,7,38,11,32,14,5,0.25925925925925924,0.2894736842105263,0.5517241379310345,0.35714285714285715,2025
657756,FC,40,17,3,18,3,25,6,2,0.17647058823529413,0.16666666666666666,0.625,0.3333333333333333,2025
657756,FF,115,69,13,38,9,88,17,3,0.18840579710144928,0.23684210526315788,0.7652173913043478,0.17647058823529413,2025
657756,SL,4,2,1,2,0,2,0,0,0.5,0.0,0.5,,2025
657756,ST,6,2,0,4,1,3,2,1,0.0,0.25,0.5,0.5,2025
660261,FC,9,2,0,7,1,3,2,1,0.0,0.14285714285714285,0.3333333333333333,0.5,2025
660261,FF,26,6,0,18,1,8,3,2,0.0,0.05555555555555555,0.3076923076923077,0.6666666666666666,2025
660261,FS,14,9,2,9,5,10,4,3,0.2222222222222222,0.5555555555555556,0.7142857142857143,0.75,2025
660261,ST,1,0,0,0,0,1,0,0,,,1.0,,2025
660271,CU,114,38,21,66,14,59,8,5,0.5526315789473685,0.21212121212121213,0.5175438596491229,0.625,2025
660271,FC,69,41,5,23,6,52,17,7,0.12195121951219512,0.2608695652173913,0.7536231884057971,0.4117647058823529,2025
660271,FF,433,224,47,179,52,297,62,23,0.20982142857142858,0.2905027932960894,0.6859122401847575,0.3709677419354839,2025
660271,FS,62,22,13,51,13,24,7,3,0.5909090909090909,0.2549019607843137,0.3870967741935484,0.42857142857142855,2025
660271,SI,59,24,4,28,5,34,10,4,0.16666666666666666,0.17857142857142858,0.576271186440678,0.4,2025
660271,SL,120,71,28,63,23,82,18,11,0.39436619718309857,0.36507936507936506,0.6833333333333333,0.6111111111111112,2025
660271,ST,229,122,45,107,39,164,42,14,0.36885245901639346,0.3644859813084112,0.7161572052401747,0.3333333333333333,2025
660604,CH,54,24,9,32,11,33,8,1,0.375,0.34375,0.6111111111111112,0.125,2025
660604,CU,11,3,0,5,1,6,2,0,0.0,0.2,0.5454545454545454,0.0,2025
660604,FF,76,38,1,28,5,50,17,5,0.02631578947368421,0.17857142857142858,0.6578947368421053,0.29411764705882354,2025
660604,SL,33,10,3,20,3,16,5,3,0.3,0.15,0.48484848484848486,0.6,2025
660644,CS,1,0,0,1,0,0,0,0,,0.0,0.0,,2025
660644,EP,21,10,0,14,3,14,10,3,0.0,0.21428571428571427,0.6666666666666666,0.3,2025
660644,FA,1,0,0,1,0,0,0,0,,0.0,0.0,,2025
660730,CH,20,8,2,15,5,10,3,0,0.25,0.3333333333333333,0.5,0.0,2025
660730,CU,77,28,5,41,7,41,9,3,0.17857142857142858,0.17073170731707318,0.5324675324675324,0.3333333333333333,2025
660730,FC,75,29,3,32,7,48,15,3,0.10344827586206896,0.21875,0.64,0.2,2025
660730,FF,182,95,18,80,23,123,43,7,0.18947368421052632,0.2875,0.6758241758241759,0.16279069767441862,2025
660730,ST,43,21,8,24,8,26,7,2,0.38095238095238093,0.3333333333333333,0.6046511627906976,0.2857142857142857,2025
660761,CH,99,53,21,65,23,58,20,12,0.39622641509433965,0.35384615384615387,0.5858585858585859,0.6,2025
660761,CU,1,0,0,1,0,0,0,0,,0.0,0.0,,2025
660761,FF,142,50,14,70,7,80,19,9,0.28,0.1,0.5633802816901409,0.47368421052631576,2025
660761,SI,24,12,3,6,1,18,7,5,0.25,0.16666666666666666,0.75,0.7142857142857143,2025
660761,SL,74,35,10,38,12,48,14,8,0.2857142857142857,0.3157894736842105,0.6486486486486487,0.5714285714285714,2025
660761,ST,5,5,3,4,4,5,2,0,0.6,1.0,1.0,0.0,2025
660787,CH,168,85,28,106,36,95,32,21,0.32941176470588235,0.33962264150943394,0.5654761904761905,0.65625,2025
660787,FF,66,27,7,27,2,41,7,3,0.25925925925925924,0.07407407407407407,0.6212121212121212,0.42857142857142855,2025
660787,SI,316,143,16,133,33,221,64,37,0.11188811188811189,0.24812030075187969,0.6993670886075949,0.578125,2025
660787,SL,59,24,9,37,9,31,13,4,0.375,0.24324324324324326,0.5254237288135594,0.3076923076923077,2025
660825,FC,5,1,0,4,0,1,1,1,0.0,0.0,0.2,1.0,2025
660825,FF,184,82,14,81,19,118,28,6,0.17073170731707318,0.2345679012345679,0.6413043478260869,0.21428571428571427,2025
660825,FS,29,12,1,11,2,17,8,3,0.08333333333333333,0.18181818181818182,0.5862068965517241,0.375,2025
660825,SI,618,243,36,226,36,419,98,47,0.14814814814814814,0.1592920353982301,0.6779935275080906,0.47959183673469385,2025
660825,ST,586,280,57,290,86,389,107,34,0.20357142857142857,0.296551724137931,0.6638225255972696,0.3177570093457944,2025
660844,EP,18,9,0,12,4,10,5,2,0.0,0.3333333333333333,0.5555555555555556,0.4,2025
660853,CH,168,93,27,92,33,104,33,16,0.2903225806451613,0.358695652173913,0.6190476190476191,0.48484848484848486,2025
660853,FF,540,284,63,210,47,372,88,22,0.22183098591549297,0.22380952380952382,0.6888888888888889,0.25,2025
660853,SL,397,193,65,212,66,254,71,26,0.33678756476683935,0.3113207547169811,0.6397984886649875,0.36619718309859156,2025
660896,CH,23,8,2,14,3,12,5,2,0.25,0.21428571428571427,0.5217391304347826,0.4,2025
660896,CU,254,105,22,136,29,147,46,22,0.20952380952380953,0.21323529411764705,0.5787401574803149,0.4782608695652174,2025
660896,FF,508,254,68,239,64,329,67,11,0.2677165354330709,0.26778242677824265,0.6476377952755905,0.16417910447761194,2025
660896,SI,149,73,16,80,30,100,25,16,0.2191780821917808,0.375,0.6711409395973155,0.64,2025
660896,SL,182,83,16,82,22,121,30,11,0.1927710843373494,0.2682926829268293,0.6648351648351648,0.36666666666666664,2025
661395,FF,426,236,67,189,52,284,55,22,0.2838983050847458,0.2751322751322751,0.6666666666666666,0.4,2025
661395,FS,479,277,64,206,77,343,105,81,0.23104693140794225,0.3737864077669903,0.7160751565762005,0.7714285714285715,2025
661395,KC,227,100,42,135,48,138,32,23,0.42,0.35555555555555557,0.6079295154185022,0.71875,2025
661395,ST,69,22,11,59,18,29,3,2,0.5,0.3050847457627119,0.42028985507246375,0.6666666666666666,2025
661403,FC,534,295,78,212,64,384,101,49,0.26440677966101694,0.3018867924528302,0.7191011235955056,0.48514851485148514,2025
661403,SI,8,5,2,4,1,5,1,0,0.4,0.25,0.625,0.0,2025
661403,SL,233,125,42,130,42,144,41,17,0.336,0.3230769230769231,0.6180257510729614,0.4146341463414634,2025
661527,CH,16,5,0,11,1,6,2,2,0.0,0.09090909090909091,0.375,1.0,2025
661527,FC,24,10,2,10,1,14,4,0,0.2,0.1,0.5833333333333334,0.0,2025
661527,FF,37,20,5,17,5,24,5,1,0.25,0.29411764705882354,0.6486486486486487,0.2,2025
661527,SI,19,8,0,6,1,15,5,0,0.0,0.16666666666666666,0.7894736842105263,0.0,2025
661527,ST,54,26,8,29,10,36,7,2,0.3076923076923077,0.3448275862068966,0.6666666666666666,0.2857142857142857,2025
661563,CH,236,96,15,118,24,137,46,24,0.15625,0.2033898305084746,0.5805084745762712,0.5217391304347826,2025
661563,FF,521,245,41,229,47,337,102,30,0.1673469387755102,0.2052401746724891,0.6468330134357005,0.29411764705882354,2025
661563,SL,261,119,36,133,32,154,31,3,0.3025210084033613,0.24060150375939848,0.5900383141762452,0.0967741935483871,2025
662253,CH,22,9,3,17,5,10,3,2,0.3333333333333333,0.29411764705882354,0.45454545454545453,0.6666666666666666,2025
662253,FF,397,177,31,177,37,257,45,22,0.1751412429378531,0.20903954802259886,0.6473551637279596,0.4888888888888889,2025
662253,SI,145,60,6,74,18,90,31,24,0.1,0.24324324324324326,0.6206896551724138,0.7741935483870968,2025
662253,SL,612,310,150,358,134,399,85,33,0.4838709677419355,0.3743016759776536,0.6519607843137255,0.38823529411764707,2025
662914,CH,2,0,0,2,0,0,0,0,,0.0,0.0,,2025
662914,FC,2,2,0,0,0,2,1,1,0.0,,1.0,1.0,2025
662914,SI,2,2,0,1,1,2,1,0,0.0,1.0,1.0,0.0,2025
662914,ST,1,1,0,0,0,1,0,0,0.0,,1.0,,2025
663158,CH,276,134,45,168,54,157,42,17,0.3358208955223881,0.32142857142857145,0.5688405797101449,0.40476190476190477,2025
663158,FC,2,0,0,0,0,2,0,0,,,1.0,,2025
663158,FF,717,395,84,289,80,502,113,37,0.21265822784810126,0.2768166089965398,0.700139470013947,0.3274336283185841,2025
663158,SI,145,91,10,54,22,114,32,12,0.10989010989010989,0.4074074074074074,0.7862068965517242,0.375,2025
663302,CU,1,1,0,0,0,1,1,0,0.0,,1.0,0.0,2025
663302,FF,14,6,1,9,2,6,3,2,0.16666666666666666,0.2222222222222222,0.42857142857142855,0.6666666666666666,2025
663302,SL,6,1,0,5,0,1,0,0,0.0,0.0,0.16666666666666666,,2025
663321,FF,95,51,14,55,20,61,15,4,0.27450980392156865,0.36363636363636365,0.6421052631578947,0.26666666666666666,2025
663321,FS,25,7,4,21,4,8,1,0,0.5714285714285714,0.19047619047619047,0.32,0.0,2025
663321,SL,101,42,12,56,16,59,17,4,0.2857142857142857,0.2857142857142857,0.5841584158415841,0.23529411764705882,2025
663362,FF,15,2,0,9,0,6,1,1,0.0,0.0,0.4,1.0,2025
663362,KN,77,31,6,41,6,41,10,6,0.1935483870967742,0.14634146341463414,0.5324675324675324,0.6,2025
663362,SI,9,6,0,2,0,7,4,1,0.0,0.0,0.7777777777777778,0.25,2025
663362,ST,3,2,0,0,0,3,1,0,0.0,,1.0,0.0,2025
663372,CH,106,49,21,75,24,53,14,6,0.42857142857142855,0.32,0.5,0.42857142857142855,2025
663372,CU,39,22,4,21,7,25,10,3,0.18181818181818182,0.3333333333333333,0.6410256410256411,0.3,2025
663372,FF,203,94,15,91,18,127,41,23,0.1595744680851064,0.1978021978021978,0.625615763546798,0.5609756097560976,2025
663372,SI,74,37,3,31,7,50,19,8,0.08108108108108109,0.22580645161290322,0.6756756756756757,0.42105263157894735,2025
663372,SL,103,49,13,43,9,70,19,8,0.2653061224489796,0.20930232558139536,0.6796116504854369,0.42105263157894735,2025
663372,ST,72,38,15,49,22,45,11,6,0.39473684210526316,0.4489795918367347,0.625,0.5454545454545454,2025
663399,CH,75,37,4,45,12,40,18,11,0.10810810810810811,0.26666666666666666,0.5333333333333333,0.6111111111111112,2025
663399,FF,116,49,10,65,15,64,23,5,0.20408163265306123,0.23076923076923078,0.5517241379310345,0.21739130434782608,2025
663399,SI,111,57,9,47,14,76,27,15,0.15789473684210525,0.2978723404255319,0.6846846846846847,0.5555555555555556,2025
663399,SL,89,58,13,45,18,60,19,6,0.22413793103448276,0.4,0.6741573033707865,0.3157894736842105,2025
663399,ST,121,37,11,60,10,75,13,3,0.2972972972972973,0.16666666666666666,0.6198347107438017,0.23076923076923078,2025
663423,CH,11,7,1,3,0,8,5,1,0.14285714285714285,0.0,0.7272727272727273,0.2,2025
663423,CU,126,60,14,67,27,84,18,7,0.23333333333333334,0.40298507462686567,0.6666666666666666,0.3888888888888889,2025
663423,FC,155,83,16,68,22,106,38,20,0.1927710843373494,0.3235294117647059,0.6838709677419355,0.5263157894736842,2025
663423,FF,222,104,18,91,13,143,37,16,0.17307692307692307,0.14285714285714285,0.6441441441441441,0.43243243243243246,2025
663423,FS,15,4,2,14,3,4,1,0,0.5,0.21428571428571427,0.26666666666666666,0.0,2025
663423,SI,17,8,2,9,2,11,4,2,0.25,0.2222222222222222,0.6470588235294118,0.5,2025
663423,SL,10,7,2,5,2,7,2,0,0.2857142857142857,0.4,0.7,0.0,2025
663423,ST,132,69,13,58,23,96,32,12,0.18840579710144928,0.39655172413793105,0.7272727272727273,0.375,2025
663432,CH,1,0,0,0,0,1,0,0,,,1.0,,2025
663432,FF,109,54,6,45,8,68,16,8,0.1111111111111111,0.17777777777777778,0.6238532110091743,0.5,2025
663432,SL,99,48,26,65,24,59,12,8,0.5416666666666666,0.36923076923076925,0.5959595959595959,0.6666666666666666,2025
663436,CH,577,305,52,323,100,354,142,89,0.17049180327868851,0.30959752321981426,0.6135181975736569,0.6267605633802817,2025
663436,CU,115,34,12,71,15,60,10,4,0.35294117647058826,0.2112676056338028,0.5217391304347826,0.4,2025
663436,FC,41,22,5,12,5,33,4,2,0.22727272727272727,0.4166666666666667,0.8048780487804879,0.5,2025
663436,FF,764,379,68,332,85,499,108,31,0.17941952506596306,0.2560240963855422,0.6531413612565445,0.28703703703703703,2025
663436,SI,250,136,6,70,14,192,74,33,0.04411764705882353,0.2,0.768,0.44594594594594594,2025
663436,SL,506,250,71,296,98,303,100,43,0.284,0.3310810810810811,0.5988142292490118,0.43,2025
663436,ST,107,40,10,55,8,59,17,9,0.25,0.14545454545454545,0.5514018691588785,0.5294117647058824,2025
663436,UN,2,0,0,2,0,0,0,0,,0.0,0.0,,2025
663455,CH,114,51,15,87,28,56,11,6,0.29411764705882354,0.3218390804597701,0.49122807017543857,0.5454545454545454,2025
663455,FF,310,142,22,129,22,203,55,14,0.15492957746478872,0.17054263565891473,0.6548387096774193,0.2545454545454545,2025
663455,SL,105,46,20,65,18,57,13,3,0.43478260869565216,0.27692307692307694,0.5428571428571428,0.23076923076923078,2025
663460,CH,414,231,79,264,111,261,75,48,0.341991341991342,0.42045454545454547,0.6304347826086957,0.64,2025
663460,FF,746,368,92,303,74,503,124,38,0.25,0.24422442244224424,0.6742627345844504,0.3064516129032258,2025
663460,SI,128,57,5,52,14,84,27,21,0.08771929824561403,0.2692307692307692,0.65625,0.7777777777777778,2025
663460,SL,266,128,34,123,37,177,48,21,0.265625,0.3008130081300813,0.6654135338345865,0.4375,2025
663460,ST,401,169,43,204,62,255,67,30,0.25443786982248523,0.30392156862745096,0.6359102244389028,0.44776119402985076,2025
663462,CU,13,6,2,9,4,8,3,3,0.3333333333333333,0.4444444444444444,0.6153846153846154,1.0,2025
663462,FF,20,10,1,5,1,14,5,3,0.1,0.2,0.7,0.6,2025
663462,SI,11,6,1,6,1,7,3,2,0.16666666666666666,0.16666666666666666,0.6363636363636364,0.6666666666666666,2025
663462,SL,46,27,6,18,10,36,15,10,0.2222222222222222,0.5555555555555556,0.782608695652174,0.6666666666666666,2025
663462,ST,19,13,1,7,4,15,4,1,0.07692307692307693,0.5714285714285714,0.7894736842105263,0.25,2025
663465,CH,215,117,16,122,38,131,58,27,0.13675213675213677,0.3114754098360656,0.6093023255813953,0.46551724137931033,2025
663465,CU,135,56,7,68,13,76,33,15,0.125,0.19117647058823528,0.562962962962963,0.45454545454545453,2025
663465,FC,205,98,15,92,23,135,34,13,0.15306122448979592,0.25,0.6585365853658537,0.38235294117647056,2025
663465,FF,408,199,45,157,41,296,76,20,0.22613065326633167,0.2611464968152866,0.7254901960784313,0.2631578947368421,2025
663465,SI,89,46,4,30,9,67,21,11,0.08695652173913043,0.3,0.7528089887640449,0.5238095238095238,2025
663474,CU,18,3,2,15,1,4,1,0,0.6666666666666666,0.06666666666666667,0.2222222222222222,0.0,2025
663474,FF,118,53,9,61,10,68,18,4,0.16981132075471697,0.16393442622950818,0.576271186440678,0.2222222222222222,2025
663474,SL,8,3,0,5,0,3,2,0,0.0,0.0,0.375,0.0,2025
663485,CU,219,58,18,135,24,109,22,10,0.3103448275862069,0.17777777777777778,0.4977168949771689,0.45454545454545453,2025
663485,FC,287,148,35,120,39,197,51,18,0.23648648648648649,0.325,0.686411149825784,0.35294117647058826,2025
663485,FF,311,169,37,115,25,219,53,15,0.21893491124260356,0.21739130434782608,0.7041800643086816,0.2830188679245283,2025
663485,FS,250,146,28,140,57,164,65,40,0.1917808219178082,0.40714285714285714,0.656,0.6153846153846154,2025
663485,SI,104,45,6,46,12,67,22,12,0.13333333333333333,0.2608695652173913,0.6442307692307693,0.5454545454545454,2025
663485,SL,4,4,1,1,1,4,1,0,0.25,1.0,1.0,0.0,2025
663541,SI,4,2,2,2,1,3,0,0,1.0,0.5,0.75,,2025
663541,ST,1,0,0,0,0,0,0,0,,,0.0,,2025
663542,CH,3,1,0,2,0,1,0,0,0.0,0.0,0.3333333333333333,,2025
663542,FC,12,3,0,7,0,5,2,1,0.0,0.0,0.4166666666666667,0.5,2025
663542,FF,231,88,23,95,13,148,31,13,0.26136363636363635,0.1368421052631579,0.6406926406926406,0.41935483870967744,2025
663542,SI,26,7,0,14,0,10,6,3,0.0,0.0,0.38461538461538464,0.5,2025
663542,ST,76,36,12,51,19,42,7,4,0.3333333333333333,0.37254901960784315,0.5526315789473685,0.5714285714285714,2025
663546,FC,36,18,2,19,5,23,12,5,0.1111111111111111,0.2631578947368421,0.6388888888888888,0.4166666666666667,2025
663546,KC,91,43,18,58,22,54,15,5,0.4186046511627907,0.3793103448275862,0.5934065934065934,0.3333333333333333,2025
663546,SI,127,46,4,51,4,83,26,13,0.08695652173913043,0.0784313725490196,0.6535433070866141,0.5,2025
663554,FF,839,364,69,391,80,528,145,38,0.18956043956043955,0.20460358056265984,0.6293206197854588,0.2620689655172414,2025
663554,FS,615,374,116,348,146,413,129,65,0.31016042780748665,0.41954022988505746,0.6715447154471544,0.5038759689922481,2025
663554,SI,317,182,20,107,45,253,84,43,0.10989010989010989,0.4205607476635514,0.7981072555205048,0.5119047619047619,2025
663554,SL,415,177,29,169,24,270,67,24,0.1638418079096045,0.14201183431952663,0.6506024096385542,0.3582089552238806,2025
663554,ST,2,2,2,1,1,2,0,0,1.0,1.0,1.0,,2025
663554,SV,328,151,44,193,56,191,43,16,0.2913907284768212,0.29015544041450775,0.5823170731707317,0.37209302325581395,2025
663558,CH,31,14,8,17,5,19,3,0,0.5714285714285714,0.29411764705882354,0.6129032258064516,0.0,2025
663558,CU,1,0,0,1,0,0,0,0,,0.0,0.0,,2025
663558,FC,14,4,1,8,1,7,1,1,0.25,0.125,0.5,1.0,2025
663558,FF,29,15,2,17,7,19,7,4,0.13333333333333333,0.4117647058823529,0.6551724137931034,0.5714285714285714,2025
663558,ST,5,3,1,3,1,3,1,0,0.3333333333333333,0.3333333333333333,0.6,0.0,2025
663559,CU,259,98,25,123,24,153,36,14,0.25510204081632654,0.1951219512195122,0.5907335907335908,0.3888888888888889,2025
663559,FF,1023,501,69,456,116,679,217,67,0.1377245508982036,0.2543859649122807,0.6637341153470185,0.3087557603686636,2025
663559,FS,151,59,7,78,11,81,36,19,0.11864406779661017,0.14102564102564102,0.5364238410596026,0.5277777777777778,2025
663559,SI,195,97,12,71,27,146,43,19,0.12371134020618557,0.38028169014084506,0.7487179487179487,0.4418604651162791,2025
663559,SL,369,194,36,199,63,229,75,30,0.18556701030927836,0.3165829145728643,0.6205962059620597,0.4,2025
663559,SV,17,6,3,12,2,7,1,0,0.5,0.16666666666666666,0.4117647058823529,0.0,2025
663562,CU,1,0,0,1,0,0,0,0,,0.0,0.0,,2025
663562,FC,47,20,6,21,5,30,6,3,0.3,0.23809523809523808,0.6382978723404256,0.5,2025
663562,FF,19,8,1,11,3,11,5,2,0.125,0.2727272727272727,0.5789473684210527,0.4,2025
663562,SC,7,3,0,3,0,3,3,3,0.0,0.0,0.42857142857142855,1.0,2025
663562,SI,93,35,4,35,10,65,14,2,0.11428571428571428,0.2857142857142857,0.6989247311827957,0.14285714285714285,2025
663562,SL,5,1,0,4,0,1,1,0,0.0,0.0,0.2,0.0,2025
663562,ST,79,27,14,57,16,37,8,4,0.5185185185185185,0.2807017543859649,0.46835443037974683,0.5,2025
663568,CH,199,86,19,141,44,105,32,25,0.22093023255813954,0.3120567375886525,0.5276381909547738,0.78125,2025
663568,CU,1,0,0,1,0,0,0,0,,0.0,0.0,,2025
663568,FC,272,134,23,105,25,187,52,18,0.17164179104477612,0.23809523809523808,0.6875,0.34615384615384615,2025
663568,FF,449,185,26,213,38,273,73,35,0.14054054054054055,0.1784037558685446,0.6080178173719376,0.4794520547945205,2025
663568,SI,435,220,24,182,56,305,111,73,0.10909090909090909,0.3076923076923077,0.7011494252873564,0.6576576576576577,2025
663568,SL,290,153,32,152,49,189,68,30,0.20915032679738563,0.3223684210526316,0.6517241379310345,0.4411764705882353,2025
663568,ST,128,54,10,67,14,77,25,10,0.18518518518518517,0.208955223880597,0.6015625,0.4,2025
663574,CH,1,0,0,1,0,0,0,0,,0.0,0.0,,2025
663574,FF,829,445,81,341,81,565,137,48,0.18202247191011237,0.2375366568914956,0.6815440289505428,0.35036496350364965,2025
663574,SL,168,67,26,91,19,94,20,6,0.3880597014925373,0.2087912087912088,0.5595238095238095,0.3,2025
663574,SV,281,121,45,167,50,165,44,23,0.371900826446281,0.2994011976047904,0.5871886120996441,0.5227272727272727,2025
663623,CH,245,128,19,108,27,161,72,33,0.1484375,0.25,0.6571428571428571,0.4583333333333333,2025
663623,CU,889,409,96,429,133,591,152,74,0.23471882640586797,0.31002331002331,0.6647919010123734,0.4868421052631579,2025
663623,FC,148,72,13,79,21,86,24,10,0.18055555555555555,0.26582278481012656,0.581081081081081,0.4166666666666667,2025
663623,FF,967,447,66,453,106,584,184,44,0.1476510067114094,0.23399558498896247,0.6039296794208894,0.2391304347826087,2025
663623,PO,1,0,0,1,0,0,0,0,,0.0,0.0,,2025
663623,SI,665,311,30,236,65,474,160,89,0.09646302250803858,0.2754237288135593,0.7127819548872181,0.55625,2025
663623,SL,122,55,10,63,14,70,26,18,0.18181818181818182,0.2222222222222222,0.5737704918032787,0.6923076923076923,2025
663671,CH,1,0,0,1,0,0,0,0,,0.0,0.0,,2025
663671,CU,43,15,4,33,7,17,2,0,0.26666666666666666,0.21212121212121213,0.3953488372093023,0.0,2025
663671,FF,353,181,28,162,39,233,61,18,0.15469613259668508,0.24074074074074073,0.660056657223796,0.29508196721311475,2025
663671,SL,135,77,31,83,37,89,20,10,0.4025974025974026,0.4457831325301205,0.6592592592592592,0.5,2025
663687,CH,148,64,14,68,14,95,22,6,0.21875,0.20588235294117646,0.6418918918918919,0.2727272727272727,2025
663687,CU,256,115,25,141,45,159,40,20,0.21739130434782608,0.3191489361702128,0.62109375,0.5,2025
663687,FC,29,11,0,17,5,14,5,1,0.0,0.29411764705882354,0.4827586206896552,0.2,2025
663687,FF,639,299,59,255,53,426,102,33,0.19732441471571907,0.20784313725490197,0.6666666666666666,0.3235294117647059,2025
663687,SL,18,6,1,13,2,8,2,0,0.16666666666666666,0.15384615384615385,0.4444444444444444,0.0,2025
663687,ST,35,17,4,24,6,17,7,2,0.23529411764705882,0.25,0.4857142857142857,0.2857142857142857,2025
663738,CH,234,114,25,106,29,155,57,32,0.21929824561403508,0.27358490566037735,0.6623931623931624,0.5614035087719298,2025
663738,FC,3,1,0,2,1,2,0,0,0.0,0.5,0.6666666666666666,,2025
663738,FF,268,107,13,132,26,156,46,15,0.12149532710280374,0.19696969696969696,0.582089552238806,0.32608695652173914,2025
663738,KC,113,41,10,48,13,79,15,6,0.24390243902439024,0.2708333333333333,0.6991150442477876,0.4,2025
663738,SI,220,92,12,108,29,137,52,38,0.13043478260869565,0.26851851851851855,0.6227272727272727,0.7307692307692307,2025
663738,SL,341,158,48,182,54,209,54,19,0.3037974683544304,0.2967032967032967,0.6129032258064516,0.35185185185185186,2025
663765,FC,63,25,6,33,9,38,10,5,0.24,0.2727272727272727,0.6031746031746031,0.5,2025
663765,FF,122,47,11,72,11,61,21,7,0.23404255319148937,0.1527777777777778,0.5,0.3333333333333333,2025
663765,FS,123,68,10,62,16,77,33,14,0.14705882352941177,0.25806451612903225,0.6260162601626016,0.42424242424242425,2025
663765,SI,210,108,7,90,31,153,52,27,0.06481481481481481,0.34444444444444444,0.7285714285714285,0.5192307692307693,2025
663765,ST,152,57,9,82,14,85,23,12,0.15789473684210525,0.17073170731707318,0.5592105263157895,0.5217391304347826,2025
663767,CH,49,20,1,38,11,23,13,4,0.05,0.2894736842105263,0.46938775510204084,0.3076923076923077,2025
663767,FC,176,86,19,83,18,110,42,11,0.22093023255813954,0.21686746987951808,0.625,0.2619047619047619,2025
663767,FF,128,46,7,59,6,73,20,8,0.15217391304347827,0.1016949152542373,0.5703125,0.4,2025
663767,SI,140,62,11,53,12,95,23,12,0.1774193548387097,0.22641509433962265,0.6785714285714286,0.5217391304347826,2025
663767,ST,199,87,28,115,34,118,34,9,0.3218390804597701,0.2956521739130435,0.592964824120603,0.2647058823529412,2025
663773,FF,6,3,0,3,1,3,2,1,0.0,0.3333333333333333,0.5,0.5,2025
663773,FS,51,21,4,34,8,27,10,8,0.19047619047619047,0.23529411764705882,0.5294117647058824,0.8,2025
663773,SI,61,32,2,23,3,43,15,7,0.0625,0.13043478260869565,0.7049180327868853,0.4666666666666667,2025
663773,SL,13,7,2,9,4,7,1,1,0.2857142857142857,0.4444444444444444,0.5384615384615384,1.0,2025
663795,CH,88,44,5,56,17,51,27,15,0.11363636363636363,0.30357142857142855,0.5795454545454546,0.5555555555555556,2025
663795,FC,126,71,17,55,22,96,21,6,0.23943661971830985,0.4,0.7619047619047619,0.2857142857142857,2025
663795,FF,96,34,9,50,6,52,10,1,0.2647058823529412,0.12,0.5416666666666666,0.1,2025
663795,SL,73,43,13,42,15,48,15,6,0.3023255813953488,0.35714285714285715,0.6575342465753424,0.4,2025
663804,CH,15,3,0,13,1,4,2,1,0.0,0.07692307692307693,0.26666666666666666,0.5,2025
663804,FF,162,86,9,72,16,109,36,14,0.10465116279069768,0.2222222222222222,0.6728395061728395,0.3888888888888889,2025
663804,SI,4,2,0,1,0,3,0,0,0.0,0.0,0.75,,2025
663804,SL,100,44,23,74,27,53,10,2,0.5227272727272727,0.36486486486486486,0.53,0.2,2025
663855,FF,130,64,11,75,17,70,25,9,0.171875,0.22666666666666666,0.5384615384615384,0.36,2025
663855,FS,87,46,12,59,20,48,18,10,0.2608695652173913,0.3389830508474576,0.5517241379310345,0.5555555555555556,2025
663855,SI,721,301,27,275,50,483,151,100,0.08970099667774087,0.18181818181818182,0.6699029126213593,0.6622516556291391,2025
663855,SL,92,37,18,61,15,46,10,4,0.4864864864864865,0.2459016393442623,0.5,0.4,2025
663855,ST,295,135,59,177,57,179,42,20,0.43703703703703706,0.3220338983050847,0.6067796610169491,0.47619047619047616,2025
663878,CU,14,4,0,10,2,5,1,0,0.0,0.2,0.35714285714285715,0.0,2025
663878,FF,146,75,10,63,17,98,38,12,0.13333333333333333,0.2698412698412698,0.6712328767123288,0.3157894736842105,2025
663878,SI,7,2,1,5,1,3,1,0,0.5,0.2,0.42857142857142855,0.0,2025
663878,SL,113,45,13,52,10,66,17,7,0.28888888888888886,0.19230769230769232,0.584070796460177,0.4117647058823529,2025
663893,FC,131,58,16,74,24,83,22,10,0.27586206896551724,0.32432432432432434,0.6335877862595419,0.45454545454545453,2025
663893,KC,615,269,139,462,160,325,58,35,0.516728624535316,0.3463203463203463,0.5284552845528455,0.603448275862069,2025
663893,SI,624,231,69,333,78,371,99,57,0.2987012987012987,0.23423423423423423,0.594551282051282,0.5757575757575758,2025
663897,EP,52,29,3,28,9,36,16,4,0.10344827586206896,0.32142857142857145,0.6923076923076923,0.25,2025
663897,FA,19,9,0,12,4,11,4,1,0.0,0.3333333333333333,0.5789473684210527,0.25,2025
663903,FC,280,132,29,152,40,167,52,21,0.2196969696969697,0.2631578947368421,0.5964285714285714,0.40384615384615385,2025
663903,FF,313,130,22,168,28,170,33,11,0.16923076923076924,0.16666666666666666,0.5431309904153354,0.3333333333333333,2025
663903,SI,1198,458,63,474,75,786,188,63,0.13755458515283842,0.15822784810126583,0.656093489148581,0.3351063829787234,2025
663903,SL,835,433,114,496,177,524,171,76,0.2632794457274827,0.35685483870967744,0.6275449101796408,0.4444444444444444,2025
663903,ST,317,153,52,196,63,184,53,25,0.33986928104575165,0.32142857142857145,0.580441640378549,0.4716981132075472,2025
663941,CU,142,72,10,60,17,101,39,22,0.1388888888888889,0.2833333333333333,0.7112676056338029,0.5641025641025641,2025
663941,FF,281,120,21,120,21,182,52,22,0.175,0.175,0.6476868327402135,0.4230769230769231,2025
663941,PO,1,0,0,1,0,0,0,0,,0.0,0.0,,2025
663941,SL,183,84,18,92,24,113,38,12,0.21428571428571427,0.2608695652173913,0.6174863387978142,0.3157894736842105,2025
663941,ST,235,135,39,126,50,159,47,19,0.28888888888888886,0.3968253968253968,0.676595744680851,0.40425531914893614,2025
663947,CH,185,93,23,121,41,107,47,23,0.24731182795698925,0.33884297520661155,0.5783783783783784,0.48936170212765956,2025
663947,CU,43,15,5,34,9,16,5,3,0.3333333333333333,0.2647058823529412,0.37209302325581395,0.6,2025
663947,FC,377,195,28,165,50,269,79,39,0.14358974358974358,0.30303030303030304,0.713527851458886,0.4936708860759494,2025
663947,FF,141,66,14,67,14,91,19,3,0.21212121212121213,0.208955223880597,0.6453900709219859,0.15789473684210525,2025
663947,SI,287,133,13,85,19,215,74,42,0.09774436090225563,0.2235294117647059,0.7491289198606271,0.5675675675675675,2025
663947,ST,231,98,47,156,53,126,32,14,0.47959183673469385,0.33974358974358976,0.5454545454545454,0.4375,2025
663967,EP,11,4,0,3,0,7,3,0,0.0,0.0,0.6363636363636364,0.0,2025
663969,CU,260,124,46,168,68,157,38,22,0.3709677419354839,0.40476190476190477,0.6038461538461538,0.5789473684210527,2025
663969,FC,5,1,0,3,0,3,0,0,0.0,0.0,0.6,,2025
663969,FF,106,42,4,43,7,70,22,10,0.09523809523809523,0.16279069767441862,0.660377358490566,0.45454545454545453,2025
663969,FS,158,89,26,101,39,95,37,16,0.29213483146067415,0.38613861386138615,0.6012658227848101,0.43243243243243246,2025
663969,SI,370,180,20,152,45,256,98,74,0.1111111111111111,0.29605263157894735,0.6918918918918919,0.7551020408163265,2025
663969,ST,264,123,54,151,59,168,45,14,0.43902439024390244,0.39072847682119205,0.6363636363636364,0.3111111111111111,2025
663978,CH,633,348,87,376,154,406,142,69,0.25,0.4095744680851064,0.641390205371248,0.4859154929577465,2025
663978,CU,326,122,20,178,40,187,60,28,0.16393442622950818,0.2247191011235955,0.5736196319018405,0.4666666666666667,2025
663978,FC,384,174,39,221,60,223,61,20,0.22413793103448276,0.27149321266968324,0.5807291666666666,0.32786885245901637,2025
663978,FF,1177,624,103,511,139,799,214,62,0.16506410256410256,0.2720156555772994,0.6788445199660152,0.2897196261682243,2025
663978,SI,133,90,7,57,32,105,52,20,0.07777777777777778,0.5614035087719298,0.7894736842105263,0.38461538461538464,2025
663978,SL,58,25,7,34,9,33,7,2,0.28,0.2647058823529412,0.5689655172413793,0.2857142857142857,2025
663989,CU,6,1,0,5,0,1,0,0,0.0,0.0,0.16666666666666666,,2025
663989,FC,18,7,2,11,3,11,3,0,0.2857142857142857,0.2727272727272727,0.6111111111111112,0.0,2025
663989,SI,2,1,1,1,0,1,0,0,1.0,0.0,0.5,,2025
663989,SL,6,3,0,3,0,3,1,0,0.0,0.0,0.5,0.0,2025
663992,FF,34,19,1,20,7,21,3,1,0.05263157894736842,0.35,0.6176470588235294,0.3333333333333333,2025
663992,SI,79,29,4,41,6,44,15,12,0.13793103448275862,0.14634146341463414,0.5569620253164557,0.8,2025
663992,SL,34,21,1,15,5,24,7,4,0.047619047619047616,0.3333333333333333,0.7058823529411765,0.5714285714285714,2025
663992,ST,96,52,18,45,20,70,17,8,0.34615384615384615,0.4444444444444444,0.7291666666666666,0.47058823529411764,2025
664062,CU,103,28,8,45,8,65,14,7,0.2857142857142857,0.17777777777777778,0.6310679611650486,0.5,2025
664062,FF,245,115,21,107,22,157,47,17,0.1826086956521739,0.205607476635514,0.6408163265306123,0.3617021276595745,2025
664062,FS,163,79,29,85,22,97,26,13,0.3670886075949367,0.25882352941176473,0.5950920245398773,0.5,2025
664062,SL,98,45,16,66,22,55,11,3,0.35555555555555557,0.3333333333333333,0.5612244897959183,0.2727272727272727,2025
664068,EP,36,20,3,21,9,24,16,5,0.15,0.42857142857142855,0.6666666666666666,0.3125,2025
664068,SL,1,1,0,0,0,1,1,0,0.0,,1.0,0.0,2025
664076,FC,15,10,4,8,4,11,2,0,0.4,0.5,0.7333333333333333,0.0,2025
664076,FF,111,60,18,54,14,72,17,5,0.3,0.25925925925925924,0.6486486486486487,0.29411764705882354,2025
664076,SI,330,155,35,133,27,220,54,33,0.22580645161290322,0.20300751879699247,0.6666666666666666,0.6111111111111112,2025
664076,SL,348,172,59,168,59,237,53,22,0.3430232558139535,0.35119047619047616,0.6810344827586207,0.41509433962264153,2025
664076,ST,91,46,28,48,23,64,13,5,0.6086956521739131,0.4791666666666667,0.7032967032967034,0.38461538461538464,2025
664123,CH,19,12,1,13,7,12,8,4,0.08333333333333333,0.5384615384615384,0.631578947368421,0.5,2025
664123,FF,11,8,2,2,1,10,1,0,0.25,0.5,0.9090909090909091,0.0,2025
664123,SI,74,39,2,29,10,53,23,12,0.05128205128205128,0.3448275862068966,0.7162162162162162,0.5217391304347826,2025
664123,ST,52,23,8,28,6,31,10,5,0.34782608695652173,0.21428571428571427,0.5961538461538461,0.5,2025
664126,CH,49,26,7,30,11,28,11,6,0.2692307692307692,0.36666666666666664,0.5714285714285714,0.5454545454545454,2025
664126,FC,41,32,10,20,13,33,9,5,0.3125,0.65,0.8048780487804879,0.5555555555555556,2025
664126,FF,511,273,58,220,58,343,92,41,0.21245421245421245,0.2636363636363636,0.6712328767123288,0.44565217391304346,2025
664126,SL,396,173,51,180,53,265,55,24,0.2947976878612717,0.29444444444444445,0.6691919191919192,0.43636363636363634,2025
664129,FF,49,28,4,23,6,32,6,2,0.14285714285714285,0.2608695652173913,0.6530612244897959,0.3333333333333333,2025
664129,SI,18,8,1,7,1,13,5,0,0.125,0.14285714285714285,0.7222222222222222,0.0,2025
664129,SL,105,40,17,67,16,55,9,5,0.425,0.23880597014925373,0.5238095238095238,0.5555555555555556,2025
664139,CH,13,4,0,8,2,8,1,1,0.0,0.25,0.6153846153846154,1.0,2025
664139,FC,59,34,4,22,6,43,17,9,0.11764705882352941,0.2727272727272727,0.7288135593220338,0.5294117647058824,2025
664139,FF,223,112,17,95,28,151,47,17,0.15178571428571427,0.29473684210526313,0.6771300448430493,0.3617021276595745,2025
664139,PO,1,0,0,1,0,0,0,0,,0.0,0.0,,2025
664139,SL,57,31,7,28,8,34,15,3,0.22580645161290322,0.2857142857142857,0.5964912280701754,0.2,2025
664139,ST,75,26,4,40,5,42,13,6,0.15384615384615385,0.125,0.56,0.46153846153846156,2025
664141,CH,72,38,8,53,22,42,18,11,0.21052631578947367,0.41509433962264153,0.5833333333333334,0.6111111111111112,2025
664141,CU,49,23,9,34,15,31,8,4,0.391304347826087,0.4411764705882353,0.6326530612244898,0.5,2025
664141,FF,3,1,1,0,0,3,0,0,1.0,,1.0,,2025
664141,SI,231,101,6,106,21,151,46,18,0.0594059405940594,0.19811320754716982,0.6536796536796536,0.391304347826087,2025
664141,SL,114,55,24,70,25,70,10,3,0.43636363636363634,0.35714285714285715,0.6140350877192983,0.3,2025
664192,CU,175,75,19,116,32,90,29,9,0.25333333333333335,0.27586206896551724,0.5142857142857142,0.3103448275862069,2025
664192,FF,168,82,11,71,16,116,31,15,0.13414634146341464,0.22535211267605634,0.6904761904761905,0.4838709677419355,2025
664192,FS,1,0,0,1,0,0,0,0,,0.0,0.0,,2025
664192,SI,315,138,19,130,34,211,65,44,0.13768115942028986,0.26153846153846155,0.6698412698412698,0.676923076923077,2025
664199,CH,183,88,24,98,28,109,34,18,0.2727272727272727,0.2857142857142857,0.5956284153005464,0.5294117647058824,2025
664199,FF,195,89,6,97,22,121,32,6,0.06741573033707865,0.2268041237113402,0.6205128205128205,0.1875,2025
664199,SI,161,74,8,73,22,112,39,25,0.10810810810810811,0.3013698630136986,0.6956521739130435,0.6410256410256411,2025
664199,SL,349,174,54,171,56,232,52,21,0.3103448275862069,0.32748538011695905,0.664756446991404,0.40384615384615385,2025
664199,ST,2,0,0,1,0,1,0,0,,0.0,0.5,,2025
664208,CU,393,226,88,212,95,273,61,26,0.3893805309734513,0.4481132075471698,0.6946564885496184,0.4262295081967213,2025
664208,FC,368,163,50,169,38,224,42,20,0.3067484662576687,0.22485207100591717,0.6086956521739131,0.47619047619047616,2025
664208,SI,125,33,7,55,4,74,18,11,0.21212121212121213,0.07272727272727272,0.592,0.6111111111111112,2025
664208,ST,141,60,16,60,16,96,20,8,0.26666666666666666,0.26666666666666666,0.6808510638297872,0.4,2025
664285,CH,535,273,73,310,98,323,90,56,0.2673992673992674,0.3161290322580645,0.6037383177570094,0.6222222222222222,2025
664285,CU,980,459,188,613,219,579,119,66,0.4095860566448802,0.3572593800978793,0.5908163265306122,0.5546218487394958,2025
664285,FF,7,4,0,3,0,4,1,0,0.0,0.0,0.5714285714285714,0.0,2025
664285,SI,1360,628,69,486,108,956,324,197,0.10987261146496816,0.2222222222222222,0.7029411764705882,0.6080246913580247,2025
664285,SL,95,45,14,51,14,55,18,9,0.3111111111111111,0.27450980392156865,0.5789473684210527,0.5,2025
664294,CH,2,0,0,2,0,0,0,0,,0.0,0.0,,2025
664294,FF,121,46,8,69,15,68,19,5,0.17391304347826086,0.21739130434782608,0.5619834710743802,0.2631578947368421,2025
664294,SL,162,93,32,71,25,119,23,6,0.34408602150537637,0.352112676056338,0.7345679012345679,0.2608695652173913,2025
664299,CH,115,68,24,50,21,83,24,10,0.35294117647058826,0.42,0.7217391304347827,0.4166666666666667,2025
664299,FF,246,125,17,124,34,156,44,12,0.136,0.27419354838709675,0.6341463414634146,0.2727272727272727,2025
664299,KC,74,19,2,44,11,37,10,3,0.10526315789473684,0.25,0.5,0.3,2025
664299,SI,59,22,3,26,7,38,11,5,0.13636363636363635,0.2692307692307692,0.6440677966101694,0.45454545454545453,2025
664299,ST,123,45,10,68,13,68,18,4,0.2222222222222222,0.19117647058823528,0.5528455284552846,0.2222222222222222,2025
664351,CH,39,12,3,30,8,17,6,1,0.25,0.26666666666666666,0.4358974358974359,0.16666666666666666,2025
664351,FF,134,64,19,65,16,87,19,5,0.296875,0.24615384615384617,0.6492537313432836,0.2631578947368421,2025
664351,SI,3,0,0,2,0,1,0,0,,0.0,0.3333333333333333,,2025
664351,SL,50,26,8,28,8,34,9,2,0.3076923076923077,0.2857142857142857,0.68,0.2222222222222222,2025
664351,ST,31,12,3,20,3,14,4,1,0.25,0.15,0.45161290322580644,0.25,2025
664353,CH,16,11,6,9,5,12,2,1,0.5454545454545454,0.5555555555555556,0.75,0.5,2025
664353,CU,15,4,0,5,1,10,1,0,0.0,0.2,0.6666666666666666,0.0,2025
664353,FC,7,2,1,5,2,4,0,0,0.5,0.4,0.5714285714285714,,2025
664353,FF,18,7,2,8,0,9,5,1,0.2857142857142857,0.0,0.5,0.2,2025
664744,FF,24,15,2,12,3,16,6,2,0.13333333333333333,0.25,0.6666666666666666,0.3333333333333333,2025
664744,FS,10,7,4,5,2,7,1,1,0.5714285714285714,0.4,0.7,1.0,2025
664744,SL,10,2,0,5,2,6,1,1,0.0,0.4,0.6,1.0,2025
664747,FF,224,94,16,120,25,123,26,7,0.1702127659574468,0.20833333333333334,0.5491071428571429,0.2692307692307692,2025
664747,SL,157,83,21,78,24,104,28,8,0.25301204819277107,0.3076923076923077,0.6624203821656051,0.2857142857142857,2025
664849,FC,9,8,2,5,4,8,4,3,0.25,0.8,0.8888888888888888,0.75,2025
664849,SI,105,36,5,47,8,68,18,13,0.1388888888888889,0.1702127659574468,0.6476190476190476,0.7222222222222222,2025
664849,ST,84,24,14,60,14,39,2,1,0.5833333333333334,0.23333333333333334,0.4642857142857143,0.5,2025
664854,CU,61,18,2,35,4,29,9,2,0.1111111111111111,0.11428571428571428,0.47540983606557374,0.2222222222222222,2025
664854,FC,16,7,1,5,0,12,3,1,0.14285714285714285,0.0,0.75,0.3333333333333333,2025
664854,FF,460,245,40,190,47,321,89,41,0.16326530612244897,0.24736842105263157,0.6978260869565217,0.4606741573033708,2025
664854,SL,475,266,110,252,98,322,67,32,0.41353383458646614,0.3888888888888889,0.6778947368421052,0.47761194029850745,2025
664875,FF,27,14,3,14,5,17,3,0,0.21428571428571427,0.35714285714285715,0.6296296296296297,0.0,2025
664875,SI,115,46,8,57,13,69,16,11,0.17391304347826086,0.22807017543859648,0.6,0.6875,2025
664875,ST,143,58,22,85,27,84,19,7,0.3793103448275862,0.3176470588235294,0.5874125874125874,0.3684210526315789,2025
664948,CH,23,9,4,16,2,9,3,0,0.4444444444444444,0.125,0.391304347826087,0.0,2025
664948,CU,20,10,5,11,2,11,2,0,0.5,0.18181818181818182,0.55,0.0,2025
664948,FC,72,35,11,30,7,48,9,3,0.3142857142857143,0.23333333333333334,0.6666666666666666,0.3333333333333333,2025
664948,FF,10,2,0,5,0,4,1,0,0.0,0.0,0.4,0.0,2025
664991,CU,73,26,9,47,14,40,12,7,0.34615384615384615,0.2978723404255319,0.547945205479452,0.5833333333333334,2025
664991,FF,79,44,9,38,13,53,18,9,0.20454545454545456,0.34210526315789475,0.6708860759493671,0.5,2025
664991,FS,1,0,0,1,0,0,0,0,,0.0,0.0,,2025
664991,SI,211,97,17,91,25,147,37,20,0.17525773195876287,0.27472527472527475,0.6966824644549763,0.5405405405405406,2025
664991,SL,128,64,19,54,14,83,17,7,0.296875,0.25925925925925924,0.6484375,0.4117647058823529,2025
664991,ST,28,10,6,19,2,11,2,0,0.6,0.10526315789473684,0.39285714285714285,0.0,2025
665019,EP,18,7,0,10,4,12,5,1,0.0,0.4,0.6666666666666666,0.2,2025
665019,FA,2,1,0,1,0,1,1,1,0.0,0.0,0.5,1.0,2025
665152,CU,344,157,35,188,67,222,72,24,0.2229299363057325,0.35638297872340424,0.6453488372093024,0.3333333333333333,2025
665152,FC,543,264,60,303,96,342,108,54,0.22727272727272727,0.31683168316831684,0.6298342541436464,0.5,2025
665152,FF,715,346,46,305,70,475,124,33,0.1329479768786127,0.22950819672131148,0.6643356643356644,0.2661290322580645,2025
665152,FS,567,311,121,343,118,337,104,48,0.3890675241157556,0.34402332361516036,0.5943562610229277,0.46153846153846156,2025
665152,PO,1,0,0,1,0,0,0,0,,0.0,0.0,,2025
665152,SI,520,243,19,191,50,380,99,44,0.07818930041152264,0.2617801047120419,0.7307692307692307,0.4444444444444444,2025
665152,SL,3,1,0,2,0,1,1,1,0.0,0.0,0.3333333333333333,1.0,2025
665625,CH,1,0,0,0,0,1,0,0,,,1.0,,2025
665625,SI,102,40,5,60,15,54,19,9,0.125,0.25,0.5294117647058824,0.47368421052631576,2025
665625,SL,101,54,23,64,32,69,15,6,0.42592592592592593,0.5,0.6831683168316832,0.4,2025
665645,CU,1,1,0,0,0,1,1,1,0.0,,1.0,1.0,2025
665645,FC,16,7,2,9,3,11,1,0,0.2857142857142857,0.3333333333333333,0.6875,0.0,2025
665645,FF,12,6,2,5,0,8,1,1,0.3333333333333333,0.0,0.6666666666666666,1.0,2025
665645,SI,1,1,0,0,0,1,1,1,0.0,,1.0,1.0,2025
665645,ST,7,4,2,6,3,4,1,1,0.5,0.5,0.5714285714285714,1.0,2025
665660,CH,31,12,1,14,1,16,5,3,0.08333333333333333,0.07142857142857142,0.5161290322580645,0.6,2025
665660,FF,372,184,64,191,49,234,42,12,0.34782608695652173,0.25654450261780104,0.6290322580645161,0.2857142857142857,2025
665660,SI,117,61,5,49,13,83,28,15,0.08196721311475409,0.2653061224489796,0.7094017094017094,0.5357142857142857,2025
665660,SL,245,102,42,162,48,132,34,13,0.4117647058823529,0.2962962962962963,0.5387755102040817,0.38235294117647056,2025
665665,CH,17,8,3,14,5,8,4,3,0.375,0.35714285714285715,0.47058823529411764,0.75,2025
665665,FF,18,5,1,9,1,10,4,2,0.2,0.1111111111111111,0.5555555555555556,0.5,2025
665665,SI,10,5,0,4,0,6,1,1,0.0,0.0,0.6,1.0,2025
665665,SL,6,4,1,4,2,4,1,0,0.25,0.5,0.6666666666666666,0.0,2025
665795,CH,580,293,77,340,118,351,110,70,0.2627986348122867,0.34705882352941175,0.6051724137931035,0.6363636363636364,2025
665795,CU,531,217,95,303,111,337,54,29,0.4377880184331797,0.36633663366336633,0.6346516007532956,0.5370370370370371,2025
665795,FF,292,116,19,143,22,164,44,11,0.16379310344827586,0.15384615384615385,0.5616438356164384,0.25,2025
665795,SI,460,206,18,167,35,318,105,46,0.08737864077669903,0.20958083832335328,0.691304347826087,0.4380952380952381,2025
665795,SL,389,183,74,202,63,253,60,21,0.40437158469945356,0.3118811881188119,0.6503856041131105,0.35,2025
665871,CH,24,11,3,15,5,13,4,2,0.2727272727272727,0.3333333333333333,0.5416666666666666,0.5,2025
665871,CU,36,15,1,14,2,23,7,3,0.06666666666666667,0.14285714285714285,0.6388888888888888,0.42857142857142855,2025
665871,FC,124,67,9,58,16,84,25,10,0.13432835820895522,0.27586206896551724,0.6774193548387096,0.4,2025
665871,FF,72,34,5,34,8,47,11,6,0.14705882352941177,0.23529411764705882,0.6527777777777778,0.5454545454545454,2025
665871,SI,230,102,15,84,14,157,47,23,0.14705882352941177,0.16666666666666666,0.6826086956521739,0.48936170212765956,2025
665871,SL,8,5,0,4,1,5,4,0,0.0,0.25,0.625,0.0,2025
665871,ST,73,27,6,53,10,30,16,9,0.2222222222222222,0.18867924528301888,0.410958904109589,0.5625,2025
666120,CH,71,40,17,48,19,42,17,5,0.425,0.3958333333333333,0.5915492957746479,0.29411764705882354,2025
666120,CU,28,9,1,16,2,14,4,1,0.1111111111111111,0.125,0.5,0.25,2025
666120,FF,104,44,3,48,10,64,15,10,0.06818181818181818,0.20833333333333334,0.6153846153846154,0.6666666666666666,2025
666121,CH,10,6,2,4,1,7,2,1,0.3333333333333333,0.25,0.7,0.5,2025
666121,FF,5,1,0,2,0,3,1,0,0.0,0.0,0.6,0.0,2025
666121,SL,1,1,0,0,0,1,0,0,0.0,,1.0,,2025
666142,CH,207,113,54,103,30,136,34,11,0.4778761061946903,0.2912621359223301,0.6570048309178744,0.3235294117647059,2025
666142,FC,51,26,3,17,5,39,10,4,0.11538461538461539,0.29411764705882354,0.7647058823529411,0.4,2025
666142,FF,534,283,71,241,80,367,65,20,0.2508833922261484,0.33195020746887965,0.6872659176029963,0.3076923076923077,2025
666142,KC,138,37,11,79,12,70,12,8,0.2972972972972973,0.1518987341772152,0.5072463768115942,0.6666666666666666,2025
666142,SL,149,76,32,82,28,93,16,8,0.42105263157894735,0.34146341463414637,0.6241610738255033,0.5,2025
666151,FC,7,4,1,2,0,5,1,1,0.25,0.0,0.7142857142857143,1.0,2025
666151,FF,2,0,0,1,0,2,0,0,,0.0,1.0,,2025
666151,SI,8,4,0,2,0,6,1,1,0.0,0.0,0.75,1.0,2025
666151,SL,17,7,1,12,4,10,6,3,0.14285714285714285,0.3333333333333333,0.5882352941176471,0.5,2025
666157,CH,550,310,79,323,125,360,130,78,0.25483870967741934,0.38699690402476783,0.6545454545454545,0.6,2025
666157,CU,739,371,149,419,161,484,94,37,0.40161725067385445,0.38424821002386633,0.6549391069012178,0.39361702127659576,2025
666157,FF,713,338,66,318,78,455,103,32,0.1952662721893491,0.24528301886792453,0.638148667601683,0.3106796116504854,2025
666157,SI,560,275,30,212,61,401,134,62,0.10909090909090909,0.28773584905660377,0.7160714285714286,0.4626865671641791,2025
666159,CU,15,7,2,9,4,10,2,1,0.2857142857142857,0.4444444444444444,0.6666666666666666,0.5,2025
666159,FF,31,13,2,13,1,19,5,1,0.15384615384615385,0.07692307692307693,0.6129032258064516,0.2,2025
666159,FS,8,2,1,7,1,2,1,1,0.5,0.14285714285714285,0.25,1.0,2025
666159,ST,18,8,1,9,2,12,5,2,0.125,0.2222222222222222,0.6666666666666666,0.4,2025
666168,CH,7,1,1,6,1,2,0,0,1.0,0.16666666666666666,0.2857142857142857,,2025
666168,CU,12,4,0,8,2,5,2,2,0.0,0.25,0.4166666666666667,1.0,2025
666168,FF,44,24,5,18,4,30,9,4,0.20833333333333334,0.2222222222222222,0.6818181818181818,0.4444444444444444,2025
666168,SI,96,39,4,47,6,56,16,7,0.10256410256410256,0.1276595744680851,0.5833333333333334,0.4375,2025
666168,SL,80,29,8,49,14,44,10,4,0.27586206896551724,0.2857142857142857,0.55,0.4,2025
666171,CU,25,14,8,18,9,16,3,2,0.5714285714285714,0.5,0.64,0.6666666666666666,2025
666171,FC,248,118,29,103,18,161,39,13,0.2457627118644068,0.17475728155339806,0.6491935483870968,0.3333333333333333,2025
666171,FF,337,158,32,153,35,216,52,15,0.20253164556962025,0.22875816993464052,0.6409495548961425,0.28846153846153844,2025
666171,SI,6,2,0,5,2,3,2,2,0.0,0.4,0.5,1.0,2025
666171,SL,172,79,21,87,18,103,22,10,0.26582278481012656,0.20689655172413793,0.5988372093023255,0.45454545454545453,2025
666171,ST,286,119,46,167,45,165,37,15,0.3865546218487395,0.2694610778443114,0.5769230769230769,0.40540540540540543,2025
666200,CH,553,309,103,307,113,354,121,58,0.3333333333333333,0.36807817589576547,0.6401446654611211,0.4793388429752066,2025
666200,FF,1053,507,85,479,105,670,171,57,0.16765285996055226,0.21920668058455114,0.6362773029439696,0.3333333333333333,2025
666200,SI,355,171,26,119,34,276,80,39,0.15204678362573099,0.2857142857142857,0.7774647887323943,0.4875,2025
666200,SL,219,112,36,139,51,126,31,11,0.32142857142857145,0.3669064748201439,0.5753424657534246,0.3548387096774194,2025
666200,ST,1025,436,186,546,186,656,110,53,0.42660550458715596,0.34065934065934067,0.64,0.4818181818181818,2025
666214,CH,63,31,7,33,12,39,14,3,0.22580645161290322,0.36363636363636365,0.6190476190476191,0.21428571428571427,2025
666214,CU,327,153,40,201,66,189,54,23,0.26143790849673204,0.3283582089552239,0.5779816513761468,0.42592592592592593,2025
666214,FC,174,93,23,87,25,110,26,13,0.24731182795698925,0.28735632183908044,0.632183908045977,0.5,2025
666214,FF,807,381,63,357,75,518,134,48,0.16535433070866143,0.21008403361344538,0.6418835192069393,0.3582089552238806,2025
666214,SL,462,243,67,245,88,307,78,30,0.2757201646090535,0.35918367346938773,0.6645021645021645,0.38461538461538464,2025
666215,CH,3,3,1,1,1,3,0,0,0.3333333333333333,1.0,1.0,,2025
666215,CU,30,10,6,23,6,11,1,0,0.6,0.2608695652173913,0.36666666666666664,0.0,2025
666215,FC,68,31,5,29,6,43,16,4,0.16129032258064516,0.20689655172413793,0.6323529411764706,0.25,2025
666215,FF,86,44,8,37,11,57,12,4,0.18181818181818182,0.2972972972972973,0.6627906976744186,0.3333333333333333,2025
666215,SI,45,23,0,14,3,33,13,5,0.0,0.21428571428571427,0.7333333333333333,0.38461538461538464,2025
666215,SV,24,7,1,16,3,11,3,0,0.14285714285714285,0.1875,0.4583333333333333,0.0,2025
666277,CH,235,112,19,124,36,147,46,23,0.16964285714285715,0.2903225806451613,0.625531914893617,0.5,2025
666277,FF,139,71,16,66,14,89,21,7,0.22535211267605634,0.21212121212121213,0.6402877697841727,0.3333333333333333,2025
666277,SI,156,53,6,75,14,95,21,11,0.11320754716981132,0.18666666666666668,0.6089743589743589,0.5238095238095238,2025
666277,SL,143,71,23,81,32,92,20,12,0.323943661971831,0.3950617283950617,0.6433566433566433,0.6,2025
666277,ST,111,60,18,50,23,84,24,6,0.3,0.46,0.7567567567567568,0.25,2025
666364,CH,6,3,0,3,0,3,3,3,0.0,0.0,0.5,1.0,2025
666364,CU,3,2,0,1,0,2,1,1,0.0,0.0,0.6666666666666666,1.0,2025
666364,FF,14,6,0,5,1,9,2,0,0.0,0.2,0.6428571428571429,0.0,2025
666364,SL,7,3,0,4,1,4,1,1,0.0,0.25,0.5714285714285714,1.0,2025
666374,CH,116,47,19,87,26,57,16,11,0.40425531914893614,0.2988505747126437,0.49137931034482757,0.6875,2025
666374,FF,44,17,7,26,4,21,5,3,0.4117647058823529,0.15384615384615385,0.4772727272727273,0.6,2025
666374,KC,6,4,1,4,2,4,3,1,0.25,0.5,0.6666666666666666,0.3333333333333333,2025
666374,SI,207,80,6,88,17,137,35,19,0.075,0.19318181818181818,0.6618357487922706,0.5428571428571428,2025
666374,SL,607,266,89,347,123,380,83,44,0.33458646616541354,0.35446685878962536,0.6260296540362438,0.5301204819277109,2025
666619,SI,63,21,3,36,5,32,8,6,0.14285714285714285,0.1388888888888889,0.5079365079365079,0.75,2025
666619,SL,98,46,7,41,5,60,23,13,0.15217391304347827,0.12195121951219512,0.6122448979591837,0.5652173913043478,2025
666659,CH,14,4,1,12,2,5,3,1,0.25,0.16666666666666666,0.35714285714285715,0.3333333333333333,2025
666659,FF,55,29,7,19,5,39,10,4,0.2413793103448276,0.2631578947368421,0.7090909090909091,0.4,2025
666659,SI,27,18,2,10,5,22,9,5,0.1111111111111111,0.5,0.8148148148148148,0.5555555555555556,2025
666659,SL,89,46,17,51,19,57,15,7,0.3695652173913043,0.37254901960784315,0.6404494382022472,0.4666666666666667,2025
666661,CH,82,35,12,59,22,46,11,6,0.34285714285714286,0.3728813559322034,0.5609756097560976,0.5454545454545454,2025
666661,FF,307,157,37,151,35,188,39,15,0.2356687898089172,0.23178807947019867,0.6123778501628665,0.38461538461538464,2025
666661,SI,126,73,12,38,16,98,28,20,0.1643835616438356,0.42105263157894735,0.7777777777777778,0.7142857142857143,2025
666661,SL,147,60,17,87,19,80,23,8,0.2833333333333333,0.21839080459770116,0.54421768707483,0.34782608695652173,2025
666711,FF,103,51,6,49,13,66,19,13,0.11764705882352941,0.2653061224489796,0.6407766990291263,0.6842105263157895,2025
666711,SI,113,48,4,46,5,74,27,14,0.08333333333333333,0.10869565217391304,0.6548672566371682,0.5185185185185185,2025
666711,SL,107,55,20,57,17,66,19,8,0.36363636363636365,0.2982456140350877,0.616822429906542,0.42105263157894735,2025
666785,CH,1,0,0,1,0,0,0,0,,0.0,0.0,,2025
666785,CU,2,1,0,1,0,1,1,0,0.0,0.0,0.5,0.0,2025
666785,FF,2,2,0,0,0,2,1,0,0.0,,1.0,0.0,2025
666785,SI,2,1,0,1,0,1,0,0,0.0,0.0,0.5,,2025
666808,FC,465,199,30,205,32,287,71,27,0.1507537688442211,0.15609756097560976,0.6172043010752688,0.38028169014084506,2025
666808,SI,138,71,8,58,14,91,23,16,0.11267605633802817,0.2413793103448276,0.6594202898550725,0.6956521739130435,2025
666808,SL,564,282,112,329,127,360,90,53,0.3971631205673759,0.3860182370820669,0.6382978723404256,0.5888888888888889,2025
666808,UN,1,1,0,0,0,1,0,0,0.0,,1.0,,2025
666974,CH,125,67,20,90,38,72,27,12,0.29850746268656714,0.4222222222222222,0.576,0.4444444444444444,2025
666974,FC,28,11,1,12,4,19,4,3,0.09090909090909091,0.3333333333333333,0.6785714285714286,0.75,2025
666974,FF,113,48,8,53,10,67,18,6,0.16666666666666666,0.18867924528301888,0.5929203539823009,0.3333333333333333,2025
666974,FS,71,36,12,49,18,39,10,8,0.3333333333333333,0.3673469387755102,0.5492957746478874,0.8,2025
666974,SI,455,209,40,201,55,311,81,55,0.19138755980861244,0.2736318407960199,0.6835164835164835,0.6790123456790124,2025
666974,SL,15,6,3,12,4,7,2,1,0.5,0.3333333333333333,0.4666666666666667,0.5,2025
666974,ST,187,72,15,94,20,114,31,12,0.20833333333333334,0.2127659574468085,0.6096256684491979,0.3870967741935484,2025
667280,CH,1,0,0,1,0,0,0,0,,0.0,0.0,,2025
667280,FF,8,5,2,5,3,6,3,0,0.4,0.6,0.75,0.0,2025
667280,SL,17,7,2,8,4,12,0,0,0.2857142857142857,0.5,0.7058823529411765,,2025
667297,CU,155,75,27,92,40,104,25,15,0.36,0.43478260869565216,0.6709677419354839,0.6,2025
667297,SI,147,61,13,62,15,91,29,16,0.21311475409836064,0.24193548387096775,0.6190476190476191,0.5517241379310345,2025
667297,SL,207,101,14,90,25,144,44,18,0.13861386138613863,0.2777777777777778,0.6956521739130435,0.4090909090909091,2025
667356,CU,5,1,0,2,1,4,0,0,0.0,0.5,0.8,,2025
667356,FF,5,2,1,4,1,2,1,0,0.5,0.25,0.4,0.0,2025
667356,SI,11,4,1,5,1,8,1,1,0.25,0.2,0.7272727272727273,1.0,2025
667356,SL,3,2,1,1,0,2,0,0,0.5,0.0,0.6666666666666666,,2025
667434,CU,6,2,0,4,0,2,1,1,0.0,0.0,0.3333333333333333,1.0,2025
667434,FC,11,6,3,8,3,6,2,1,0.5,0.375,0.5454545454545454,0.5,2025
667434,SI,4,3,0,1,0,3,1,0,0.0,0.0,0.75,0.0,2025
667463,CH,153,75,12,96,32,89,35,18,0.16,0.3333333333333333,0.5816993464052288,0.5142857142857142,2025
667463,CU,43,16,7,30,8,21,4,1,0.4375,0.26666666666666666,0.4883720930232558,0.25,2025
667463,FF,11,5,0,9,3,5,2,0,0.0,0.3333333333333333,0.45454545454545453,0.0,2025
667463,SI,474,247,32,188,48,336,119,81,0.12955465587044535,0.2553191489361702,0.7088607594936709,0.680672268907563,2025
667463,SL,114,53,18,77,27,62,22,11,0.33962264150943394,0.35064935064935066,0.543859649122807,0.5,2025
667463,ST,1,1,0,1,1,1,1,0,0.0,1.0,1.0,0.0,2025
667755,CH,10,3,1,7,0,3,0,0,0.3333333333333333,0.0,0.3,,2025
667755,FF,254,110,25,118,19,151,30,10,0.22727272727272727,0.16101694915254236,0.594488188976378,0.3333333333333333,2025
667755,FS,264,127,52,187,60,134,26,17,0.4094488188976378,0.32085561497326204,0.5075757575757576,0.6538461538461539,2025
667755,KC,768,277,115,421,125,459,83,40,0.4151624548736462,0.29691211401425177,0.59765625,0.4819277108433735,2025
667755,SI,1460,710,97,644,159,953,352,261,0.13661971830985917,0.2468944099378882,0.6527397260273973,0.7414772727272727,2025
667755,SL,181,99,40,117,42,104,28,15,0.40404040404040403,0.358974358974359,0.574585635359116,0.5357142857142857,2025
668390,CU,6,2,0,5,1,2,1,0,0.0,0.2,0.3333333333333333,0.0,2025
668390,FC,118,69,15,46,17,88,32,13,0.21739130434782608,0.3695652173913043,0.7457627118644068,0.40625,2025
668390,FF,171,77,13,78,13,104,24,8,0.16883116883116883,0.16666666666666666,0.6081871345029239,0.3333333333333333,2025
668390,FS,75,30,12,48,9,37,11,6,0.4,0.1875,0.49333333333333335,0.5454545454545454,2025
668390,SI,130,53,5,59,8,79,24,15,0.09433962264150944,0.13559322033898305,0.6076923076923076,0.625,2025
668390,SL,119,53,18,72,25,73,14,9,0.33962264150943394,0.3472222222222222,0.6134453781512605,0.6428571428571429,2025
668670,EP,24,7,0,13,1,11,7,4,0.0,0.07692307692307693,0.4583333333333333,0.5714285714285714,2025
668670,FA,20,9,0,10,4,17,7,1,0.0,0.4,0.85,0.14285714285714285,2025
668670,KN,5,1,0,3,0,2,1,1,0.0,0.0,0.4,1.0,2025
668674,CH,167,79,19,105,29,90,33,20,0.24050632911392406,0.2761904761904762,0.5389221556886228,0.6060606060606061,2025
668674,FF,303,147,37,130,26,199,40,22,0.25170068027210885,0.2,0.6567656765676567,0.55,2025
668674,SI,236,123,9,83,36,179,64,39,0.07317073170731707,0.43373493975903615,0.7584745762711864,0.609375,2025
668674,SL,291,136,49,175,53,166,46,15,0.3602941176470588,0.3028571428571429,0.570446735395189,0.32608695652173914,2025
668678,CH,506,246,71,331,107,295,102,62,0.2886178861788618,0.32326283987915405,0.5830039525691699,0.6078431372549019,2025
668678,FC,2,1,0,0,0,2,1,1,0.0,,1.0,1.0,2025
668678,FF,1444,567,59,634,95,921,265,97,0.10405643738977072,0.1498422712933754,0.6378116343490304,0.3660377358490566,2025
668678,KC,753,378,137,469,203,495,104,60,0.36243386243386244,0.43283582089552236,0.6573705179282868,0.5769230769230769,2025
668678,PO,1,0,0,1,0,0,0,0,,0.0,0.0,,2025
668678,SI,79,46,5,53,25,52,15,7,0.10869565217391304,0.4716981132075472,0.6582278481012658,0.4666666666666667,2025
668678,SL,423,202,34,224,59,253,96,34,0.16831683168316833,0.26339285714285715,0.5981087470449172,0.3541666666666667,2025
668716,FC,95,32,10,41,5,61,14,3,0.3125,0.12195121951219512,0.6421052631578947,0.21428571428571427,2025
668716,FS,2,1,1,2,1,1,0,0,1.0,0.5,0.5,,2025
668716,PO,1,0,0,1,0,0,0,0,,0.0,0.0,,2025
668716,SI,239,99,18,119,33,155,32,19,0.18181818181818182,0.2773109243697479,0.6485355648535565,0.59375,2025
668716,ST,82,30,11,63,18,37,14,5,0.36666666666666664,0.2857142857142857,0.45121951219512196,0.35714285714285715,2025
668820,CU,65,32,7,31,10,44,11,3,0.21875,0.3225806451612903,0.676923076923077,0.2727272727272727,2025
668820,FF,220,127,29,101,31,151,50,18,0.2283464566929134,0.3069306930693069,0.6863636363636364,0.36,2025
668820,SL,213,114,12,74,14,148,54,21,0.10526315789473684,0.1891891891891892,0.6948356807511737,0.3888888888888889,2025
668820,ST,41,26,6,23,9,27,5,2,0.23076923076923078,0.391304347826087,0.6585365853658537,0.4,2025
668831,CH,2,1,0,1,0,1,1,0,0.0,0.0,0.5,0.0,2025
668831,CU,1,0,0,0,0,1,0,0,,,1.0,,2025
668831,FC,2,1,1,1,0,1,0,0,1.0,0.0,0.5,,2025
668831,FF,2,1,0,1,0,1,1,0,0.0,0.0,0.5,0.0,2025
668831,SI,3,3,1,1,1,3,1,0,0.3333333333333333,1.0,1.0,0.0,2025
668831,SL,2,0,0,2,0,0,0,0,,0.0,0.0,,2025
668834,CH,4,1,0,3,0,1,1,0,0.0,0.0,0.25,0.0,2025
668834,CU,66,36,8,35,12,42,16,10,0.2222222222222222,0.34285714285714286,0.6363636363636364,0.625,2025
668834,FC,29,16,1,13,5,22,4,2,0.0625,0.38461538461538464,0.7586206896551724,0.5,2025
668834,FF,45,32,6,14,8,36,5,0,0.1875,0.5714285714285714,0.8,0.0,2025
668834,SI,71,31,3,26,6,54,16,8,0.0967741935483871,0.23076923076923078,0.7605633802816901,0.5,2025
668834,ST,8,4,2,6,3,5,2,1,0.5,0.5,0.625,0.5,2025
668881,CU,2,1,1,1,0,1,0,0,1.0,0.0,0.5,,2025
668881,FF,1025,594,118,350,100,768,165,54,0.19865319865319866,0.2857142857142857,0.7492682926829268,0.32727272727272727,2025
668881,FS,204,75,22,132,31,101,27,15,0.29333333333333333,0.23484848484848486,0.4950980392156863,0.5555555555555556,2025
668881,SL,666,336,149,379,141,423,91,27,0.44345238095238093,0.3720316622691293,0.6351351351351351,0.2967032967032967,2025
668909,CH,3,1,0,3,1,1,0,0,0.0,0.3333333333333333,0.3333333333333333,,2025
668909,CU,700,286,96,441,126,379,89,53,0.3356643356643357,0.2857142857142857,0.5414285714285715,0.5955056179775281,2025
668909,FC,429,214,38,182,41,290,85,54,0.17757009345794392,0.22527472527472528,0.675990675990676,0.6352941176470588,2025
668909,FF,1207,592,118,502,117,790,187,61,0.19932432432432431,0.23306772908366533,0.6545153272576636,0.32620320855614976,2025
668909,SI,201,91,6,74,20,145,46,26,0.06593406593406594,0.2702702702702703,0.7213930348258707,0.5652173913043478,2025
668909,ST,625,281,122,385,126,364,77,27,0.43416370106761565,0.32727272727272727,0.5824,0.35064935064935066,2025
668933,FC,600,281,45,300,86,377,131,76,0.1601423487544484,0.2866666666666667,0.6283333333333333,0.5801526717557252,2025
668933,SL,495,267,100,281,135,344,75,43,0.37453183520599254,0.4804270462633452,0.694949494949495,0.5733333333333334,2025
668941,CH,228,101,30,165,48,114,37,24,0.297029702970297,0.2909090909090909,0.5,0.6486486486486487,2025
668941,FC,2,1,1,1,0,1,0,0,1.0,0.0,0.5,,2025
668941,FF,66,25,7,38,7,32,8,3,0.28,0.18421052631578946,0.48484848484848486,0.375,2025
668941,SI,324,127,14,111,15,226,61,40,0.11023622047244094,0.13513513513513514,0.6975308641975309,0.6557377049180327,2025
668941,ST,381,162,53,183,50,254,64,30,0.3271604938271605,0.273224043715847,0.6666666666666666,0.46875,2025
668941,SV,16,7,4,11,4,9,2,1,0.5714285714285714,0.36363636363636365,0.5625,0.5,2025
668964,CH,12,7,3,7,3,8,1,0,0.42857142857142855,0.42857142857142855,0.6666666666666666,0.0,2025
668964,CU,12,1,1,6,1,6,0,0,1.0,0.16666666666666666,0.5,,2025
668964,FC,173,81,17,85,25,104,31,16,0.20987654320987653,0.29411764705882354,0.6011560693641619,0.5161290322580645,2025
668964,FF,382,196,19,155,38,264,81,29,0.09693877551020408,0.24516129032258063,0.6910994764397905,0.35802469135802467,2025
668964,FS,133,72,27,65,15,90,26,7,0.375,0.23076923076923078,0.6766917293233082,0.2692307692307692,2025
668964,SL,141,77,10,67,21,90,30,11,0.12987012987012986,0.31343283582089554,0.6382978723404256,0.36666666666666664,2025
668970,FF,78,38,10,32,11,53,10,2,0.2631578947368421,0.34375,0.6794871794871795,0.2,2025
668970,SI,36,13,5,20,7,22,6,4,0.38461538461538464,0.35,0.6111111111111112,0.6666666666666666,2025
668970,ST,58,24,4,30,4,32,10,5,0.16666666666666666,0.13333333333333333,0.5517241379310345,0.5,2025
668984,CH,95,44,5,50,15,60,21,13,0.11363636363636363,0.3,0.631578947368421,0.6190476190476191,2025
668984,FF,446,231,53,205,53,292,65,20,0.22943722943722944,0.25853658536585367,0.6547085201793722,0.3076923076923077,2025
668984,SI,202,94,11,71,27,152,28,13,0.11702127659574468,0.38028169014084506,0.7524752475247525,0.4642857142857143,2025
668984,SL,4,2,0,1,0,4,1,0,0.0,0.0,1.0,0.0,2025
668984,ST,154,71,16,85,20,90,31,12,0.22535211267605634,0.23529411764705882,0.5844155844155844,0.3870967741935484,2025
669020,CH,23,8,0,14,2,13,6,3,0.0,0.14285714285714285,0.5652173913043478,0.5,2025
669020,CU,229,112,22,114,36,147,52,25,0.19642857142857142,0.3157894736842105,0.6419213973799127,0.4807692307692308,2025
669020,FF,328,144,24,153,28,199,69,36,0.16666666666666666,0.1830065359477124,0.6067073170731707,0.5217391304347826,2025
669020,SL,114,55,5,47,14,79,25,11,0.09090909090909091,0.2978723404255319,0.6929824561403509,0.44,2025
669022,CH,301,132,61,216,73,156,44,21,0.4621212121212121,0.33796296296296297,0.5182724252491694,0.4772727272727273,2025
669022,CU,686,299,103,402,131,407,92,44,0.34448160535117056,0.32587064676616917,0.5932944606413995,0.4782608695652174,2025
669022,FC,130,65,25,86,30,74,17,9,0.38461538461538464,0.3488372093023256,0.5692307692307692,0.5294117647058824,2025
669022,FF,1435,759,132,632,168,968,230,73,0.17391304347826086,0.26582278481012656,0.6745644599303136,0.3173913043478261,2025
669022,SL,340,177,69,170,54,220,52,20,0.3898305084745763,0.3176470588235294,0.6470588235294118,0.38461538461538464,2025
669060,CH,151,68,11,104,31,76,30,9,0.16176470588235295,0.2980769230769231,0.5033112582781457,0.3,2025
669060,CU,144,71,13,76,20,88,34,11,0.18309859154929578,0.2631578947368421,0.6111111111111112,0.3235294117647059,2025
669060,FC,208,107,17,98,31,141,49,14,0.1588785046728972,0.3163265306122449,0.6778846153846154,0.2857142857142857,2025
669060,FF,151,63,14,86,22,86,19,5,0.2222222222222222,0.2558139534883721,0.5695364238410596,0.2631578947368421,2025
669060,FS,1,1,0,1,1,1,1,0,0.0,1.0,1.0,0.0,2025
669060,SI,206,95,6,87,26,144,45,24,0.06315789473684211,0.2988505747126437,0.6990291262135923,0.5333333333333333,2025
669060,SL,1,0,0,1,0,0,0,0,,0.0,0.0,,2025
669062,CH,127,60,13,72,16,71,26,12,0.21666666666666667,0.2222222222222222,0.5590551181102362,0.46153846153846156,2025
669062,FF,177,76,17,110,25,94,22,5,0.2236842105263158,0.22727272727272727,0.5310734463276836,0.22727272727272727,2025
669062,SI,90,53,7,41,16,67,28,20,0.1320754716981132,0.3902439024390244,0.7444444444444445,0.7142857142857143,2025
669062,SL,110,48,29,72,25,64,11,7,0.6041666666666666,0.3472222222222222,0.5818181818181818,0.6363636363636364,2025
669084,CH,104,50,12,63,18,59,25,11,0.24,0.2857142857142857,0.5673076923076923,0.44,2025
669084,CU,56,17,4,32,6,28,11,4,0.23529411764705882,0.1875,0.5,0.36363636363636365,2025
669084,FC,106,42,4,45,7,66,17,8,0.09523809523809523,0.15555555555555556,0.6226415094339622,0.47058823529411764,2025
669084,FF,175,86,18,71,12,116,27,6,0.20930232558139536,0.16901408450704225,0.6628571428571428,0.2222222222222222,2025
669084,SI,38,13,3,20,2,17,6,3,0.23076923076923078,0.1,0.4473684210526316,0.5,2025
669084,SL,109,52,9,51,13,70,25,9,0.17307692307692307,0.2549019607843137,0.6422018348623854,0.36,2025
669093,FF,722,420,111,346,130,504,109,39,0.2642857142857143,0.37572254335260113,0.6980609418282548,0.3577981651376147,2025
669093,FS,307,148,67,159,48,188,33,11,0.4527027027027027,0.3018867924528302,0.6123778501628665,0.3333333333333333,2025
669093,SL,262,103,40,135,35,167,35,13,0.3883495145631068,0.25925925925925924,0.6374045801526718,0.37142857142857144,2025
669111,FF,8,2,0,4,0,5,1,0,0.0,0.0,0.625,0.0,2025
669111,SL,7,5,2,3,1,5,2,1,0.4,0.3333333333333333,0.7142857142857143,0.5,2025
669145,CU,12,3,0,8,2,6,1,1,0.0,0.25,0.5,1.0,2025
669145,FC,6,3,0,4,1,4,3,1,0.0,0.25,0.6666666666666666,0.3333333333333333,2025
669145,FF,9,4,0,5,1,5,3,2,0.0,0.2,0.5555555555555556,0.6666666666666666,2025
669145,FS,19,15,3,7,4,15,6,4,0.2,0.5714285714285714,0.7894736842105263,0.6666666666666666,2025
669145,SI,29,10,0,12,0,19,8,4,0.0,0.0,0.6551724137931034,0.5,2025
669145,SL,16,6,1,8,3,10,4,3,0.16666666666666666,0.375,0.625,0.75,2025
669160,CH,18,10,0,7,2,13,6,3,0.0,0.2857142857142857,0.7222222222222222,0.5,2025
669160,FC,216,104,17,94,24,143,36,13,0.16346153846153846,0.2553191489361702,0.6620370370370371,0.3611111111111111,2025
669160,FF,375,183,42,194,42,219,54,14,0.22950819672131148,0.21649484536082475,0.584,0.25925925925925924,2025
669160,SI,753,337,28,319,78,511,174,85,0.0830860534124629,0.2445141065830721,0.6786188579017264,0.4885057471264368,2025
669160,ST,875,379,98,466,130,540,133,57,0.25857519788918204,0.27896995708154504,0.6171428571428571,0.42857142857142855,2025
669188,FC,12,5,4,6,2,7,1,0,0.8,0.3333333333333333,0.5833333333333334,0.0,2025
669188,FF,2,1,0,1,0,1,1,0,0.0,0.0,0.5,0.0,2025
669188,SL,1,1,1,1,1,1,0,0,1.0,1.0,1.0,,2025
669193,FF,33,19,3,19,8,22,10,3,0.15789473684210525,0.42105263157894735,0.6666666666666666,0.3,2025
669193,FS,9,4,1,8,3,4,1,1,0.25,0.375,0.4444444444444444,1.0,2025
669193,SL,15,7,6,10,5,11,1,1,0.8571428571428571,0.5,0.7333333333333333,1.0,2025
669194,CH,70,20,4,48,4,25,10,7,0.2,0.08333333333333333,0.35714285714285715,0.7,2025
669194,CU,272,121,31,161,43,157,48,19,0.256198347107438,0.2670807453416149,0.5772058823529411,0.3958333333333333,2025
669194,FC,259,123,23,126,28,165,46,18,0.18699186991869918,0.2222222222222222,0.637065637065637,0.391304347826087,2025
669194,FF,1559,851,133,647,208,1106,288,103,0.1562867215041128,0.321483771251932,0.7094291212315587,0.3576388888888889,2025
669194,SL,358,150,47,218,50,193,60,32,0.31333333333333335,0.22935779816513763,0.5391061452513967,0.5333333333333333,2025
669199,FF,434,211,47,175,46,301,72,15,0.22274881516587677,0.26285714285714284,0.6935483870967742,0.20833333333333334,2025
669199,FS,147,68,22,104,32,75,20,9,0.3235294117647059,0.3076923076923077,0.5102040816326531,0.45,2025
669199,SL,273,141,51,164,61,176,48,27,0.3617021276595745,0.3719512195121951,0.6446886446886447,0.5625,2025
669199,ST,323,124,35,172,46,198,53,18,0.28225806451612906,0.26744186046511625,0.6130030959752322,0.33962264150943394,2025
669203,CH,73,32,10,50,16,38,11,7,0.3125,0.32,0.5205479452054794,0.6363636363636364,2025
669203,CU,194,96,42,130,56,119,32,16,0.4375,0.4307692307692308,0.6134020618556701,0.5,2025
669203,FC,555,244,48,263,72,371,85,45,0.19672131147540983,0.2737642585551331,0.6684684684684684,0.5294117647058824,2025
669203,SI,97,45,3,46,8,59,24,12,0.06666666666666667,0.17391304347826086,0.6082474226804123,0.5,2025
669203,SL,90,50,12,57,22,55,21,8,0.24,0.38596491228070173,0.6111111111111112,0.38095238095238093,2025
669211,CH,211,118,28,111,37,137,51,25,0.23728813559322035,0.3333333333333333,0.6492890995260664,0.49019607843137253,2025
669211,FF,543,282,60,235,67,363,76,21,0.2127659574468085,0.2851063829787234,0.6685082872928176,0.27631578947368424,2025
669211,SL,304,142,33,161,49,196,48,21,0.2323943661971831,0.30434782608695654,0.6447368421052632,0.4375,2025
669212,CH,55,28,7,35,14,34,9,4,0.25,0.4,0.6181818181818182,0.4444444444444444,2025
669212,FF,39,25,1,18,8,29,14,5,0.04,0.4444444444444444,0.7435897435897436,0.35714285714285715,2025
669212,SL,38,16,6,20,8,25,5,3,0.375,0.4,0.6578947368421053,0.6,2025
669270,CH,1,0,0,0,0,1,0,0,,,1.0,,2025
669270,CU,6,2,1,5,1,2,0,0,0.5,0.2,0.3333333333333333,,2025
669270,FF,2,2,0,1,1,2,1,1,0.0,1.0,1.0,1.0,2025
669270,SI,8,4,0,5,2,5,1,0,0.0,0.4,0.625,0.0,2025
669270,SL,3,2,1,3,2,2,1,1,0.5,0.6666666666666666,0.6666666666666666,1.0,2025
669276,CH,146,77,22,87,29,91,33,17,0.2857142857142857,0.3333333333333333,0.6232876712328768,0.5151515151515151,2025
669276,FF,344,162,23,126,27,243,54,14,0.1419753086419753,0.21428571428571427,0.7063953488372093,0.25925925925925924,2025
669276,SL,612,329,136,315,110,409,89,37,0.4133738601823708,0.3492063492063492,0.6683006535947712,0.4157303370786517,2025
669298,CH,7,1,0,6,0,1,1,0,0.0,0.0,0.14285714285714285,0.0,2025
669298,FC,2,2,0,0,0,2,1,0,0.0,,1.0,0.0,2025
669298,FF,2,0,0,2,0,0,0,0,,0.0,0.0,,2025
669298,SI,9,3,0,4,1,6,1,0,0.0,0.25,0.6666666666666666,0.0,2025
669298,SL,2,1,0,0,0,2,1,1,0.0,,1.0,1.0,2025
669302,FF,906,481,77,317,61,654,172,64,0.1600831600831601,0.19242902208201892,0.7218543046357616,0.37209302325581395,2025
669302,FS,500,287,139,352,144,290,57,26,0.4843205574912892,0.4090909090909091,0.58,0.45614035087719296,2025
669302,SI,18,10,1,11,5,13,3,1,0.1,0.45454545454545453,0.7222222222222222,0.3333333333333333,2025
669302,SL,876,418,134,402,120,592,136,60,0.32057416267942584,0.29850746268656714,0.6757990867579908,0.4411764705882353,2025
669302,ST,187,79,28,120,34,101,21,6,0.35443037974683544,0.2833333333333333,0.5401069518716578,0.2857142857142857,2025
669308,CH,28,13,4,18,4,14,4,2,0.3076923076923077,0.2222222222222222,0.5,0.5,2025
669308,FF,256,121,25,114,21,157,38,6,0.2066115702479339,0.18421052631578946,0.61328125,0.15789473684210525,2025
669308,SL,158,54,8,74,12,90,22,12,0.14814814814814814,0.16216216216216217,0.569620253164557,0.5454545454545454,2025
669308,ST,52,23,6,33,8,25,8,3,0.2608695652173913,0.24242424242424243,0.4807692307692308,0.375,2025
669330,CH,79,49,10,35,17,61,19,6,0.20408163265306123,0.4857142857142857,0.7721518987341772,0.3157894736842105,2025
669330,CU,30,10,1,17,4,17,5,4,0.1,0.23529411764705882,0.5666666666666667,0.8,2025
669330,FC,45,34,8,13,7,37,6,2,0.23529411764705882,0.5384615384615384,0.8222222222222222,0.3333333333333333,2025
669330,FF,125,66,13,57,16,81,22,4,0.19696969696969696,0.2807017543859649,0.648,0.18181818181818182,2025
669330,SL,63,33,7,28,9,45,10,5,0.21212121212121213,0.32142857142857145,0.7142857142857143,0.5,2025
669358,CH,311,151,41,168,45,180,69,38,0.271523178807947,0.26785714285714285,0.5787781350482315,0.5507246376811594,2025
669358,FC,400,212,50,199,67,267,77,29,0.2358490566037736,0.33668341708542715,0.6675,0.37662337662337664,2025
669358,FF,1194,583,120,546,144,786,156,59,0.2058319039451115,0.26373626373626374,0.6582914572864321,0.3782051282051282,2025
669358,KC,731,349,101,345,117,490,140,85,0.28939828080229224,0.3391304347826087,0.6703146374829001,0.6071428571428571,2025
669358,SL,82,41,6,41,8,48,20,6,0.14634146341463414,0.1951219512195122,0.5853658536585366,0.3,2025
669371,CH,27,7,1,18,2,11,4,0,0.14285714285714285,0.1111111111111111,0.4074074074074074,0.0,2025
669371,FC,35,17,1,18,3,20,8,2,0.058823529411764705,0.16666666666666666,0.5714285714285714,0.25,2025
669371,FF,489,225,56,225,47,308,75,21,0.24888888888888888,0.2088888888888889,0.6298568507157464,0.28,2025
669371,SI,98,49,2,42,9,63,22,12,0.04081632653061224,0.21428571428571427,0.6428571428571429,0.5454545454545454,2025
669371,ST,318,116,32,191,37,167,37,12,0.27586206896551724,0.193717277486911,0.5251572327044025,0.32432432432432434,2025
669372,CH,148,71,34,108,37,76,20,12,0.4788732394366197,0.3425925925925926,0.5135135135135135,0.6,2025
669372,FC,210,89,15,131,28,107,43,20,0.16853932584269662,0.21374045801526717,0.5095238095238095,0.46511627906976744,2025
669372,SI,811,327,68,394,100,513,143,81,0.20795107033639143,0.25380710659898476,0.6325524044389642,0.5664335664335665,2025
669372,SL,406,188,70,245,76,243,50,21,0.3723404255319149,0.31020408163265306,0.5985221674876847,0.42,2025
669373,CH,972,582,276,558,269,680,160,76,0.4742268041237113,0.482078853046595,0.6995884773662552,0.475,2025
669373,CU,84,30,10,53,18,48,6,5,0.3333333333333333,0.33962264150943394,0.5714285714285714,0.8333333333333334,2025
669373,FF,946,563,143,407,133,668,141,45,0.2539964476021314,0.32678132678132676,0.7061310782241015,0.3191489361702128,2025
669373,FS,3,3,2,3,3,3,1,0,0.6666666666666666,1.0,1.0,0.0,2025
669373,SI,740,366,62,251,53,539,131,58,0.16939890710382513,0.21115537848605578,0.7283783783783784,0.44274809160305345,2025
669373,SL,407,190,46,166,37,275,65,26,0.24210526315789474,0.22289156626506024,0.6756756756756757,0.4,2025
669387,CU,146,62,18,65,23,100,20,14,0.2903225806451613,0.35384615384615387,0.684931506849315,0.7,2025
669387,FC,1,1,0,0,0,1,1,0,0.0,,1.0,0.0,2025
669387,FF,596,274,42,273,48,365,110,40,0.15328467153284672,0.17582417582417584,0.6124161073825504,0.36363636363636365,2025
669387,FS,250,137,58,173,79,156,37,19,0.4233576642335766,0.45664739884393063,0.624,0.5135135135135135,2025
669387,SI,249,98,8,116,21,156,47,31,0.08163265306122448,0.1810344827586207,0.6265060240963856,0.6595744680851063,2025
669387,SL,232,124,23,116,41,158,55,28,0.18548387096774194,0.35344827586206895,0.6810344827586207,0.509090909090909,2025
669387,ST,173,72,15,75,15,112,29,13,0.20833333333333334,0.2,0.6473988439306358,0.4482758620689655,2025
669391,CH,10,1,0,9,0,1,1,0,0.0,0.0,0.1,0.0,2025
669391,CU,5,4,0,2,1,4,4,2,0.0,0.5,0.8,0.5,2025
669391,FC,26,15,2,10,2,18,5,3,0.13333333333333333,0.2,0.6923076923076923,0.6,2025
669391,FF,38,20,0,13,3,29,10,5,0.0,0.23076923076923078,0.7631578947368421,0.5,2025
669391,SI,7,4,0,4,2,5,0,0,0.0,0.5,0.7142857142857143,,2025
669391,ST,33,16,6,21,6,17,6,1,0.375,0.2857142857142857,0.5151515151515151,0.16666666666666666,2025
669422,CU,5,2,1,3,1,3,0,0,0.5,0.3333333333333333,0.6,,2025
669422,FC,163,88,16,73,22,111,35,19,0.18181818181818182,0.3013698630136986,0.6809815950920245,0.5428571428571428,2025
669422,FF,112,57,10,50,13,74,16,5,0.17543859649122806,0.26,0.6607142857142857,0.3125,2025
669422,FS,46,19,9,37,10,20,4,1,0.47368421052631576,0.2702702702702703,0.43478260869565216,0.25,2025
669422,SI,90,39,4,40,14,60,17,9,0.10256410256410256,0.35,0.6666666666666666,0.5294117647058824,2025
669422,SL,96,55,9,48,15,64,23,6,0.16363636363636364,0.3125,0.6666666666666666,0.2608695652173913,2025
669432,CH,407,238,58,223,86,270,95,67,0.24369747899159663,0.38565022421524664,0.6633906633906634,0.7052631578947368,2025
669432,FC,191,80,31,109,33,114,24,8,0.3875,0.30275229357798167,0.5968586387434555,0.3333333333333333,2025
669432,FF,665,365,81,235,61,483,96,22,0.2219178082191781,0.25957446808510637,0.7263157894736842,0.22916666666666666,2025
669432,SI,242,113,11,102,22,162,59,33,0.09734513274336283,0.21568627450980393,0.6694214876033058,0.559322033898305,2025
669432,ST,122,64,24,60,17,81,15,4,0.375,0.2833333333333333,0.6639344262295082,0.26666666666666666,2025
669434,CU,2,0,0,2,0,0,0,0,,0.0,0.0,,2025
669434,FC,4,0,0,3,0,1,0,0,,0.0,0.25,,2025
669434,FF,8,3,0,3,0,5,2,0,0.0,0.0,0.625,0.0,2025
669438,CH,248,132,44,142,50,153,41,16,0.3333333333333333,0.352112676056338,0.6169354838709677,0.3902439024390244,2025
669438,CU,61,25,6,21,7,47,7,3,0.24,0.3333333333333333,0.7704918032786885,0.42857142857142855,2025
669438,FC,140,71,13,66,19,96,27,15,0.18309859154929578,0.2878787878787879,0.6857142857142857,0.5555555555555556,2025
669438,FF,143,83,15,61,18,101,26,7,0.18072289156626506,0.29508196721311475,0.7062937062937062,0.2692307692307692,2025
669438,SI,124,47,7,47,2,80,25,12,0.14893617021276595,0.0425531914893617,0.6451612903225806,0.48,2025
669438,ST,3,2,2,3,2,2,0,0,1.0,0.6666666666666666,0.6666666666666666,,2025
669438,SV,5,2,0,4,1,2,2,0,0.0,0.25,0.4,0.0,2025
669449,CH,13,7,2,5,1,10,4,2,0.2857142857142857,0.2,0.7692307692307693,0.5,2025
669449,FC,6,3,1,3,1,4,2,1,0.3333333333333333,0.3333333333333333,0.6666666666666666,0.5,2025
669449,FF,16,6,0,4,0,11,4,2,0.0,0.0,0.6875,0.5,2025
669449,SL,9,5,0,5,2,6,0,0,0.0,0.4,0.6666666666666666,,2025
669450,FA,17,9,1,7,2,13,8,2,0.1111111111111111,0.2857142857142857,0.7647058823529411,0.25,2025
669456,CH,138,62,18,87,26,72,20,17,0.2903225806451613,0.2988505747126437,0.5217391304347826,0.85,2025
669456,FC,122,49,5,60,10,70,24,10,0.10204081632653061,0.16666666666666666,0.5737704918032787,0.4166666666666667,2025
669456,FF,316,132,25,132,27,212,56,18,0.1893939393939394,0.20454545454545456,0.6708860759493671,0.32142857142857145,2025
669456,KC,172,84,19,86,31,117,34,22,0.2261904761904762,0.36046511627906974,0.6802325581395349,0.6470588235294118,2025
669456,SL,207,120,47,119,45,135,39,14,0.39166666666666666,0.37815126050420167,0.6521739130434783,0.358974358974359,2025
669459,FC,7,3,1,3,0,5,2,0,0.3333333333333333,0.0,0.7142857142857143,0.0,2025
669459,FF,19,5,0,9,0,9,3,0,0.0,0.0,0.47368421052631576,0.0,2025
669459,SL,34,15,7,17,3,19,3,0,0.4666666666666667,0.17647058823529413,0.5588235294117647,0.0,2025
669461,CH,294,132,21,145,36,178,66,25,0.1590909090909091,0.2482758620689655,0.6054421768707483,0.3787878787878788,2025
669461,CU,378,141,44,226,65,219,33,16,0.3120567375886525,0.28761061946902655,0.5793650793650794,0.48484848484848486,2025
669461,FC,263,121,18,135,29,154,58,22,0.1487603305785124,0.21481481481481482,0.5855513307984791,0.3793103448275862,2025
669461,FF,703,352,38,305,82,483,155,55,0.10795454545454546,0.26885245901639343,0.6870554765291608,0.3548387096774194,2025
669461,PO,2,0,0,2,0,0,0,0,,0.0,0.0,,2025
669461,SI,300,136,7,103,18,210,71,34,0.051470588235294115,0.17475728155339806,0.7,0.4788732394366197,2025
669461,SL,519,304,92,282,119,354,110,43,0.3026315789473684,0.4219858156028369,0.6820809248554913,0.39090909090909093,2025
669467,FF,1199,575,72,473,94,815,281,185,0.12521739130434784,0.19873150105708245,0.6797331109257715,0.6583629893238434,2025
669467,KC,381,117,48,271,54,166,35,17,0.41025641025641024,0.1992619926199262,0.4356955380577428,0.4857142857142857,2025
669467,SI,363,199,25,214,77,229,87,47,0.12562814070351758,0.3598130841121495,0.6308539944903582,0.5402298850574713,2025
669467,SL,774,357,116,466,137,445,134,72,0.32492997198879553,0.2939914163090129,0.5749354005167958,0.5373134328358209,2025
669467,ST,3,1,0,2,0,1,0,0,0.0,0.0,0.3333333333333333,,2025
669618,FF,1,0,0,1,0,0,0,0,,0.0,0.0,,2025
669618,SL,3,2,1,2,1,2,1,1,0.5,0.5,0.6666666666666666,1.0,2025
669620,CH,20,8,1,15,4,9,5,3,0.125,0.26666666666666666,0.45,0.6,2025
669620,CU,36,18,3,21,6,21,6,3,0.16666666666666666,0.2857142857142857,0.5833333333333334,0.5,2025
669620,FC,38,20,7,14,2,24,7,3,0.35,0.14285714285714285,0.631578947368421,0.42857142857142855,2025
669620,FF,108,53,8,41,9,74,21,14,0.1509433962264151,0.21951219512195122,0.6851851851851852,0.6666666666666666,2025
669620,SI,4,0,0,3,0,1,0,0,,0.0,0.25,,2025
669622,CH,28,11,1,16,1,12,6,4,0.09090909090909091,0.0625,0.42857142857142855,0.6666666666666666,2025
669622,FF,10,4,1,4,0,6,2,0,0.25,0.0,0.6,0.0,2025
669622,SI,210,78,3,84,12,134,41,25,0.038461538461538464,0.14285714285714285,0.638095238095238,0.6097560975609756,2025
669622,SL,175,81,20,89,30,114,30,11,0.24691358024691357,0.33707865168539325,0.6514285714285715,0.36666666666666664,2025
669622,ST,360,151,38,163,43,245,60,28,0.25165562913907286,0.26380368098159507,0.6805555555555556,0.4666666666666667,2025
669674,CU,150,64,14,83,26,93,21,11,0.21875,0.3132530120481928,0.62,0.5238095238095238,2025
669674,FF,293,142,12,127,25,189,48,18,0.08450704225352113,0.1968503937007874,0.6450511945392492,0.375,2025
669674,FS,80,33,7,47,9,43,17,10,0.21212121212121213,0.19148936170212766,0.5375,0.5882352941176471,2025
669674,SI,93,42,3,35,7,60,23,10,0.07142857142857142,0.2,0.6451612903225806,0.43478260869565216,2025
669674,SL,215,105,33,117,37,134,30,9,0.3142857142857143,0.3162393162393162,0.6232558139534884,0.3,2025
669674,ST,8,5,2,6,4,6,2,0,0.4,0.6666666666666666,0.75,0.0,2025
669684,CH,29,16,0,20,7,17,10,7,0.0,0.35,0.5862068965517241,0.7,2025
669684,CU,177,75,21,89,25,110,33,23,0.28,0.2808988764044944,0.6214689265536724,0.696969696969697,2025
669684,FF,179,79,22,93,21,104,25,12,0.27848101265822783,0.22580645161290322,0.5810055865921788,0.48,2025
669684,FS,6,4,1,4,2,4,3,1,0.25,0.5,0.6666666666666666,0.3333333333333333,2025
669684,SI,28,13,4,11,4,18,4,3,0.3076923076923077,0.36363636363636365,0.6428571428571429,0.75,2025
669684,SL,114,51,11,57,14,71,14,4,0.21568627450980393,0.24561403508771928,0.6228070175438597,0.2857142857142857,2025
669684,ST,36,15,5,28,10,18,4,0,0.3333333333333333,0.35714285714285715,0.5,0.0,2025
669704,CU,50,30,8,28,13,35,8,4,0.26666666666666666,0.4642857142857143,0.7,0.5,2025
669704,FC,167,80,21,90,31,108,30,19,0.2625,0.34444444444444444,0.6467065868263473,0.6333333333333333,2025
669704,FF,74,29,8,32,6,45,8,7,0.27586206896551724,0.1875,0.6081081081081081,0.875,2025
669704,SI,62,24,2,27,3,36,8,4,0.08333333333333333,0.1111111111111111,0.5806451612903226,0.5,2025
669704,ST,53,31,7,29,10,34,13,4,0.22580645161290322,0.3448275862068966,0.6415094339622641,0.3076923076923077,2025
669707,EP,17,8,0,13,5,8,6,1,0.0,0.38461538461538464,0.47058823529411764,0.16666666666666666,2025
669707,FA,6,4,0,4,2,4,1,0,0.0,0.5,0.6666666666666666,0.0,2025
669711,CH,106,47,14,74,23,55,17,14,0.2978723404255319,0.3108108108108108,0.5188679245283019,0.8235294117647058,2025
669711,CU,44,18,7,39,14,19,8,1,0.3888888888888889,0.358974358974359,0.4318181818181818,0.125,2025
669711,FF,360,220,44,130,40,266,74,27,0.2,0.3076923076923077,0.7388888888888889,0.36486486486486486,2025
669711,SI,301,115,16,134,32,198,59,29,0.1391304347826087,0.23880597014925373,0.6578073089700996,0.4915254237288136,2025
669711,SL,173,72,20,91,22,106,31,11,0.2777777777777778,0.24175824175824176,0.6127167630057804,0.3548387096774194,2025
669711,ST,96,32,7,57,7,47,11,2,0.21875,0.12280701754385964,0.4895833333333333,0.18181818181818182,2025
669713,CH,36,16,3,21,7,21,8,3,0.1875,0.3333333333333333,0.5833333333333334,0.375,2025
669713,CU,47,18,3,25,7,27,8,3,0.16666666666666666,0.28,0.574468085106383,0.375,2025
669713,FC,58,25,8,27,6,36,8,2,0.32,0.2222222222222222,0.6206896551724138,0.25,2025
669713,FF,186,98,15,71,12,129,36,15,0.15306122448979592,0.16901408450704225,0.6935483870967742,0.4166666666666667,2025
669713,SI,56,28,7,26,8,38,9,6,0.25,0.3076923076923077,0.6785714285714286,0.6666666666666666,2025
669713,ST,125,56,15,68,22,82,26,8,0.26785714285714285,0.3235294117647059,0.656,0.3076923076923077,2025
669717,CH,9,5,0,5,1,6,5,1,0.0,0.2,0.6666666666666666,0.2,2025
669717,CU,2,1,0,1,0,1,1,0,0.0,0.0,0.5,0.0,2025
669717,SL,15,5,0,11,3,8,2,0,0.0,0.2727272727272727,0.5333333333333333,0.0,2025
669721,FF,93,39,4,39,4,57,14,5,0.10256410256410256,0.10256410256410256,0.6129032258064516,0.35714285714285715,2025
669721,FS,41,26,6,23,9,26,10,5,0.23076923076923078,0.391304347826087,0.6341463414634146,0.5,2025
669721,SL,30,9,0,16,3,16,1,0,0.0,0.1875,0.5333333333333333,0.0,2025
669721,ST,19,11,4,13,5,11,4,0,0.36363636363636365,0.38461538461538464,0.5789473684210527,0.0,2025
669722,EP,14,2,0,7,0,7,2,0,0.0,0.0,0.5,0.0,2025
669724,CH,44,17,3,33,9,20,7,2,0.17647058823529413,0.2727272727272727,0.45454545454545453,0.2857142857142857,2025
669724,FF,118,63,7,53,15,75,26,7,0.1111111111111111,0.2830188679245283,0.635593220338983,0.2692307692307692,2025
669724,SI,616,287,27,240,58,430,153,92,0.09407665505226481,0.24166666666666667,0.698051948051948,0.6013071895424836,2025
669724,SL,206,81,24,134,31,103,30,18,0.2962962962962963,0.23134328358208955,0.5,0.6,2025
669735,CH,1,0,0,1,0,0,0,0,,0.0,0.0,,2025
669735,CU,18,2,0,13,1,6,0,0,0.0,0.07692307692307693,0.3333333333333333,,2025
669735,FF,1,1,0,0,0,1,1,0,0.0,,1.0,0.0,2025
669735,SI,7,2,0,4,0,3,2,1,0.0,0.0,0.42857142857142855,0.5,2025
669735,SL,11,4,1,7,1,6,1,0,0.25,0.14285714285714285,0.5454545454545454,0.0,2025
669854,CH,99,53,19,56,23,64,22,8,0.3584905660377358,0.4107142857142857,0.6464646464646465,0.36363636363636365,2025
669854,CU,161,67,20,82,28,105,27,12,0.29850746268656714,0.34146341463414637,0.6521739130434783,0.4444444444444444,2025
669854,FF,283,113,16,154,31,157,40,11,0.1415929203539823,0.2012987012987013,0.5547703180212014,0.275,2025
669854,SL,250,144,59,125,50,175,42,16,0.4097222222222222,0.4,0.7,0.38095238095238093,2025
669920,CH,410,230,92,242,92,256,70,23,0.4,0.38016528925619836,0.624390243902439,0.32857142857142857,2025
669920,FC,13,2,0,10,0,3,1,0,0.0,0.0,0.23076923076923078,0.0,2025
669920,FF,127,42,7,79,8,52,16,4,0.16666666666666666,0.10126582278481013,0.4094488188976378,0.25,2025
669920,SI,500,209,10,162,16,357,126,74,0.04784688995215311,0.09876543209876543,0.714,0.5873015873015873,2025
669920,SL,2,2,0,0,0,2,1,0,0.0,,1.0,0.0,2025
669920,ST,200,64,17,111,18,105,28,7,0.265625,0.16216216216216217,0.525,0.25,2025
669923,CH,46,21,2,26,6,27,7,3,0.09523809523809523,0.23076923076923078,0.5869565217391305,0.42857142857142855,2025
669923,FF,661,368,95,332,102,430,99,33,0.25815217391304346,0.3072289156626506,0.6505295007564297,0.3333333333333333,2025
669923,FS,59,31,11,40,12,31,8,3,0.3548387096774194,0.3,0.5254237288135594,0.375,2025
669923,KC,252,134,48,157,64,158,44,25,0.3582089552238806,0.40764331210191085,0.626984126984127,0.5681818181818182,2025
669923,SI,671,298,31,299,58,445,130,61,0.1040268456375839,0.1939799331103679,0.6631892697466468,0.46923076923076923,2025
669923,ST,696,315,98,354,123,464,116,53,0.3111111111111111,0.3474576271186441,0.6666666666666666,0.45689655172413796,2025
669947,FF,59,31,7,29,8,40,9,3,0.22580645161290322,0.27586206896551724,0.6779661016949152,0.3333333333333333,2025
669947,FS,8,3,1,6,2,4,2,1,0.3333333333333333,0.3333333333333333,0.5,0.5,2025
669947,SL,51,27,8,21,7,37,8,3,0.2962962962962963,0.3333333333333333,0.7254901960784313,0.375,2025
669947,ST,36,15,6,28,10,19,4,2,0.4,0.35714285714285715,0.5277777777777778,0.5,2025
670032,FA,8,2,0,7,1,3,1,0,0.0,0.14285714285714285,0.375,0.0,2025
670036,FC,118,60,14,47,9,80,21,8,0.23333333333333334,0.19148936170212766,0.6779661016949152,0.38095238095238093,2025
670036,FF,326,175,42,126,33,228,63,28,0.24,0.2619047619047619,0.6993865030674846,0.4444444444444444,2025
670036,SI,66,24,5,27,3,42,8,3,0.20833333333333334,0.1111111111111111,0.6363636363636364,0.375,2025
670036,ST,322,169,45,162,60,215,59,25,0.26627218934911245,0.37037037037037035,0.6677018633540373,0.423728813559322,2025
670059,FC,119,56,14,55,17,78,18,4,0.25,0.3090909090909091,0.6554621848739496,0.2222222222222222,2025
670059,FF,38,20,2,18,4,23,8,6,0.1,0.2222222222222222,0.6052631578947368,0.75,2025
670059,FS,22,11,5,13,5,13,2,2,0.45454545454545453,0.38461538461538464,0.5909090909090909,1.0,2025
670059,SI,183,83,16,86,28,124,39,25,0.1927710843373494,0.32558139534883723,0.6775956284153005,0.6410256410256411,2025
670059,SL,4,1,1,1,0,3,0,0,1.0,0.0,0.75,,2025
670059,ST,137,64,20,73,23,85,23,11,0.3125,0.3150684931506849,0.6204379562043796,0.4782608695652174,2025
670102,CU,169,42,15,102,15,85,17,9,0.35714285714285715,0.14705882352941177,0.5029585798816568,0.5294117647058824,2025
670102,FF,689,360,47,286,72,479,143,47,0.13055555555555556,0.2517482517482518,0.6952104499274311,0.32867132867132864,2025
670102,FS,274,137,48,168,47,154,45,17,0.35036496350364965,0.27976190476190477,0.5620437956204379,0.37777777777777777,2025
670102,SI,21,7,1,12,2,11,0,0,0.14285714285714285,0.16666666666666666,0.5238095238095238,,2025
670102,SL,71,30,11,42,9,41,11,3,0.36666666666666664,0.21428571428571427,0.5774647887323944,0.2727272727272727,2025
670109,FF,14,7,2,6,2,8,2,2,0.2857142857142857,0.3333333333333333,0.5714285714285714,1.0,2025
670109,SL,7,3,2,5,1,3,0,0,0.6666666666666666,0.2,0.42857142857142855,,2025
670156,EP,22,7,1,18,4,10,4,2,0.14285714285714285,0.2222222222222222,0.45454545454545453,0.5,2025
670156,FA,1,0,0,1,0,0,0,0,,0.0,0.0,,2025
670167,CH,21,10,5,20,9,10,3,2,0.5,0.45,0.47619047619047616,0.6666666666666666,2025
670167,FC,203,95,17,88,27,139,29,9,0.17894736842105263,0.3068181818181818,0.6847290640394089,0.3103448275862069,2025
670167,FF,336,175,57,149,39,216,50,14,0.32571428571428573,0.26174496644295303,0.6428571428571429,0.28,2025
670167,SI,214,102,10,86,18,148,54,36,0.09803921568627451,0.20930232558139536,0.6915887850467289,0.6666666666666666,2025
670167,ST,303,130,20,169,42,182,55,18,0.15384615384615385,0.2485207100591716,0.6006600660066007,0.32727272727272727,2025
670174,CH,36,20,3,21,10,23,8,5,0.15,0.47619047619047616,0.6388888888888888,0.625,2025
670174,FC,55,29,7,27,6,36,10,5,0.2413793103448276,0.2222222222222222,0.6545454545454545,0.5,2025
670174,FF,61,27,4,33,6,35,8,3,0.14814814814814814,0.18181818181818182,0.5737704918032787,0.375,2025
670174,SI,36,20,6,20,7,23,7,4,0.3,0.35,0.6388888888888888,0.5714285714285714,2025
670174,SL,19,9,2,11,4,10,4,3,0.2222222222222222,0.36363636363636365,0.5263157894736842,0.75,2025
670183,CH,4,2,1,2,0,2,1,0,0.5,0.0,0.5,0.0,2025
670183,FF,17,5,0,11,2,8,2,0,0.0,0.18181818181818182,0.47058823529411764,0.0,2025
670280,CU,420,138,60,195,54,274,34,19,0.43478260869565216,0.27692307692307694,0.6523809523809524,0.5588235294117647,2025
670280,FF,493,260,52,227,65,332,86,22,0.2,0.28634361233480177,0.6734279918864098,0.2558139534883721,2025
670280,FS,226,138,47,113,46,157,41,32,0.34057971014492755,0.40707964601769914,0.6946902654867256,0.7804878048780488,2025
670329,CH,129,67,22,59,15,83,21,10,0.3283582089552239,0.2542372881355932,0.6434108527131783,0.47619047619047616,2025
670329,CU,114,45,8,61,12,64,15,10,0.17777777777777778,0.19672131147540983,0.5614035087719298,0.6666666666666666,2025
670329,FF,231,134,34,89,29,169,39,14,0.2537313432835821,0.3258426966292135,0.7316017316017316,0.358974358974359,2025
670329,SL,112,50,19,59,16,68,19,11,0.38,0.2711864406779661,0.6071428571428571,0.5789473684210527,2025
670389,CU,9,2,1,6,0,4,0,0,0.5,0.0,0.4444444444444444,,2025
670389,FC,12,7,0,4,2,9,3,1,0.0,0.5,0.75,0.3333333333333333,2025
670389,SI,6,0,0,5,0,1,0,0,,0.0,0.16666666666666666,,2025
670389,SL,5,1,1,5,1,1,0,0,1.0,0.2,0.2,,2025
670766,CH,10,7,2,5,4,9,4,1,0.2857142857142857,0.8,0.9,0.25,2025
670766,FF,20,9,3,4,1,15,4,1,0.3333333333333333,0.25,0.75,0.25,2025
670766,SI,20,10,0,6,1,15,4,1,0.0,0.16666666666666666,0.75,0.25,2025
670766,ST,36,18,6,18,7,23,4,0,0.3333333333333333,0.3888888888888889,0.6388888888888888,0.0,2025
670810,CH,33,15,6,22,8,19,1,1,0.4,0.36363636363636365,0.5757575757575758,1.0,2025
670810,CU,17,6,1,7,2,11,4,3,0.16666666666666666,0.2857142857142857,0.6470588235294118,0.75,2025
670810,FC,20,6,1,10,1,11,4,1,0.16666666666666666,0.1,0.55,0.25,2025
670810,FF,52,32,5,19,5,37,13,7,0.15625,0.2631578947368421,0.7115384615384616,0.5384615384615384,2025
670810,SI,12,8,0,3,0,9,5,3,0.0,0.0,0.75,0.6,2025
670810,SL,33,12,1,15,2,19,6,4,0.08333333333333333,0.13333333333333333,0.5757575757575758,0.6666666666666666,2025
670810,ST,3,1,0,1,0,2,1,0,0.0,0.0,0.6666666666666666,0.0,2025
670871,CH,5,4,1,2,2,4,2,1,0.25,1.0,0.8,0.5,2025
670871,FF,3,2,1,1,1,3,0,0,0.5,1.0,1.0,,2025
670871,SI,8,5,0,3,2,7,1,1,0.0,0.6666666666666666,0.875,1.0,2025
670871,SL,8,5,0,6,4,6,0,0,0.0,0.6666666666666666,0.75,,2025
670912,CH,39,18,6,26,8,21,6,4,0.3333333333333333,0.3076923076923077,0.5384615384615384,0.6666666666666666,2025
670912,CU,105,41,15,54,15,68,15,3,0.36585365853658536,0.2777777777777778,0.6476190476190476,0.2,2025
670912,FF,246,97,25,121,19,135,33,10,0.25773195876288657,0.15702479338842976,0.5487804878048781,0.30303030303030304,2025
670912,SI,61,26,4,38,10,32,11,6,0.15384615384615385,0.2631578947368421,0.5245901639344263,0.5454545454545454,2025
670912,SL,214,99,28,93,26,146,37,9,0.2828282828282828,0.27956989247311825,0.6822429906542056,0.24324324324324326,2025
670950,CH,36,14,4,27,7,16,5,1,0.2857142857142857,0.25925925925925924,0.4444444444444444,0.2,2025
670950,FF,68,38,7,28,12,51,13,4,0.18421052631578946,0.42857142857142855,0.75,0.3076923076923077,2025
670950,SL,12,6,1,6,1,7,4,3,0.16666666666666666,0.16666666666666666,0.5833333333333334,0.75,2025
670955,CH,472,267,90,256,99,306,84,32,0.33707865168539325,0.38671875,0.6483050847457628,0.38095238095238093,2025
670955,FC,193,96,28,87,29,135,30,9,0.2916666666666667,0.3333333333333333,0.6994818652849741,0.3,2025
670955,FF,495,257,87,247,71,316,59,15,0.33852140077821014,0.2874493927125506,0.6383838383838384,0.2542372881355932,2025
670955,SI,20,7,2,9,3,15,2,1,0.2857142857142857,0.3333333333333333,0.75,0.5,2025
670955,ST,36,18,2,16,4,24,9,3,0.1111111111111111,0.25,0.6666666666666666,0.3333333333333333,2025
670970,CH,72,45,20,51,27,47,13,8,0.4444444444444444,0.5294117647058824,0.6527777777777778,0.6153846153846154,2025
670970,FC,40,19,2,24,8,23,8,3,0.10526315789473684,0.3333333333333333,0.575,0.375,2025
670970,FF,38,13,3,23,3,16,1,0,0.23076923076923078,0.13043478260869565,0.42105263157894735,0.0,2025
670970,KN,8,1,0,6,0,2,1,1,0.0,0.0,0.25,1.0,2025
670970,SI,669,329,46,254,84,490,153,86,0.1398176291793313,0.33070866141732286,0.7324364723467862,0.5620915032679739,2025
670970,SL,263,121,40,121,32,169,44,22,0.3305785123966942,0.2644628099173554,0.6425855513307985,0.5,2025
670990,CU,116,44,18,66,17,65,13,6,0.4090909090909091,0.25757575757575757,0.5603448275862069,0.46153846153846156,2025
670990,FC,8,6,1,2,0,6,2,2,0.16666666666666666,0.0,0.75,1.0,2025
670990,FF,270,141,25,104,24,192,44,11,0.1773049645390071,0.23076923076923078,0.7111111111111111,0.25,2025
670990,SI,40,19,0,19,3,22,10,8,0.0,0.15789473684210525,0.55,0.8,2025
670990,SL,23,13,4,14,5,14,2,2,0.3076923076923077,0.35714285714285715,0.6086956521739131,1.0,2025
670990,ST,147,76,26,76,28,99,19,5,0.34210526315789475,0.3684210526315789,0.673469387755102,0.2631578947368421,2025
671096,CH,532,288,69,332,133,331,124,50,0.23958333333333334,0.4006024096385542,0.6221804511278195,0.4032258064516129,2025
671096,CU,308,118,24,147,26,195,43,18,0.2033898305084746,0.17687074829931973,0.6331168831168831,0.4186046511627907,2025
671096,FC,115,71,16,53,18,80,19,9,0.22535211267605634,0.33962264150943394,0.6956521739130435,0.47368421052631576,2025
671096,FF,1293,610,104,576,146,873,228,66,0.17049180327868851,0.2534722222222222,0.6751740139211136,0.2894736842105263,2025
671096,ST,479,276,90,233,83,324,85,22,0.32608695652173914,0.3562231759656652,0.6764091858037579,0.25882352941176473,2025
671106,CH,497,263,42,290,93,296,132,68,0.1596958174904943,0.32068965517241377,0.5955734406438632,0.5151515151515151,2025
671106,FC,306,130,26,151,33,187,46,17,0.2,0.2185430463576159,0.6111111111111112,0.3695652173913043,2025
671106,FF,900,401,69,397,77,584,139,48,0.17206982543640897,0.19395465994962216,0.6488888888888888,0.34532374100719426,2025
671106,SI,366,151,14,158,34,242,69,49,0.09271523178807947,0.21518987341772153,0.6612021857923497,0.7101449275362319,2025
671106,SL,4,2,1,4,2,2,0,0,0.5,0.5,0.5,,2025
671106,ST,636,252,64,375,84,358,99,39,0.25396825396825395,0.224,0.5628930817610063,0.3939393939393939,2025
671109,CH,53,21,5,33,6,26,6,1,0.23809523809523808,0.18181818181818182,0.49056603773584906,0.16666666666666666,2025
671109,FF,135,64,11,52,8,85,23,6,0.171875,0.15384615384615385,0.6296296296296297,0.2608695652173913,2025
671109,SL,55,29,9,24,8,39,10,4,0.3103448275862069,0.3333333333333333,0.7090909090909091,0.4,2025
671109,ST,59,31,6,31,10,38,14,6,0.1935483870967742,0.3225806451612903,0.6440677966101694,0.42857142857142855,2025
671111,CH,16,8,1,5,0,10,6,3,0.125,0.0,0.625,0.5,2025
671111,FF,13,4,0,7,2,6,3,0,0.0,0.2857142857142857,0.46153846153846156,0.0,2025
671111,SI,49,22,3,21,6,35,14,7,0.13636363636363635,0.2857142857142857,0.7142857142857143,0.5,2025
671111,SL,74,42,11,36,13,53,15,5,0.2619047619047619,0.3611111111111111,0.7162162162162162,0.3333333333333333,2025
671111,ST,1,1,0,0,0,1,0,0,0.0,,1.0,,2025
671131,FC,186,89,29,97,33,120,26,4,0.3258426966292135,0.3402061855670103,0.6451612903225806,0.15384615384615385,2025
671131,FF,252,119,27,130,31,146,45,11,0.226890756302521,0.23846153846153847,0.5793650793650794,0.24444444444444444,2025
671131,FS,128,60,17,81,22,66,24,14,0.2833333333333333,0.2716049382716049,0.515625,0.5833333333333334,2025
671131,SI,442,216,20,159,41,307,97,46,0.09259259259259259,0.2578616352201258,0.6945701357466063,0.4742268041237113,2025
671131,SL,353,157,60,207,58,205,45,23,0.3821656050955414,0.28019323671497587,0.5807365439093485,0.5111111111111111,2025
671162,CH,29,15,2,20,7,16,8,3,0.13333333333333333,0.35,0.5517241379310345,0.375,2025
671162,FC,42,24,6,14,4,32,10,4,0.25,0.2857142857142857,0.7619047619047619,0.4,2025
671162,FF,8,3,1,5,1,5,2,1,0.3333333333333333,0.2,0.625,0.5,2025
671162,SI,60,22,4,38,6,32,8,5,0.18181818181818182,0.15789473684210525,0.5333333333333333,0.625,2025
671162,ST,25,8,1,14,4,16,3,0,0.125,0.2857142857142857,0.64,0.0,2025
671212,FF,453,198,44,214,34,265,65,22,0.2222222222222222,0.1588785046728972,0.5849889624724062,0.3384615384615385,2025
671212,FS,152,61,14,91,16,75,22,14,0.22950819672131148,0.17582417582417584,0.4934210526315789,0.6363636363636364,2025
671212,SL,328,151,47,138,44,230,50,25,0.31125827814569534,0.3188405797101449,0.7012195121951219,0.5,2025
671212,ST,1,0,0,1,0,0,0,0,,0.0,0.0,,2025
671305,FF,51,17,3,28,2,28,8,1,0.17647058823529413,0.07142857142857142,0.5490196078431373,0.125,2025
671305,SI,27,12,3,15,6,18,5,4,0.25,0.4,0.6666666666666666,0.8,2025
671305,SL,43,16,8,36,12,19,3,1,0.5,0.3333333333333333,0.4418604651162791,0.3333333333333333,2025
671345,FF,2,1,0,1,0,1,1,0,0.0,0.0,0.5,0.0,2025
671345,FS,1,1,0,0,0,1,1,1,0.0,,1.0,1.0,2025
671345,SI,2,2,0,1,1,2,1,1,0.0,1.0,1.0,1.0,2025
671345,SL,2,0,0,2,0,0,0,0,,0.0,0.0,,2025
671737,CU,341,112,41,216,50,175,29,16,0.36607142857142855,0.23148148148148148,0.5131964809384164,0.5517241379310345,2025
671737,FC,535,260,79,272,78,336,101,43,0.3038461538461538,0.2867647058823529,0.6280373831775701,0.42574257425742573,2025
671737,FF,934,493,82,393,109,638,169,59,0.1663286004056795,0.27735368956743,0.683083511777302,0.34911242603550297,2025
671737,FS,361,176,36,185,42,212,75,46,0.20454545454545456,0.22702702702702704,0.5872576177285319,0.6133333333333333,2025
671737,SI,202,106,13,109,40,130,53,25,0.12264150943396226,0.3669724770642202,0.6435643564356436,0.4716981132075472,2025
671922,FF,879,448,121,375,102,608,116,36,0.2700892857142857,0.272,0.6916951080773607,0.3103448275862069,2025
671922,FS,271,152,56,169,72,172,50,25,0.3684210526315789,0.4260355029585799,0.6346863468634686,0.5,2025
671922,ST,107,50,19,61,19,66,15,7,0.38,0.3114754098360656,0.616822429906542,0.4666666666666667,2025
672277,FC,2,2,2,1,1,2,0,0,1.0,1.0,1.0,,2025
672277,FF,1,0,0,1,0,0,0,0,,0.0,0.0,,2025
672277,SI,2,1,0,0,0,2,1,0,0.0,,1.0,0.0,2025
672277,SL,5,2,1,3,2,4,0,0,0.5,0.6666666666666666,0.8,,2025
672282,CH,1,1,0,0,0,1,1,0,0.0,,1.0,0.0,2025
672282,CU,229,71,15,111,25,140,25,12,0.2112676056338028,0.22522522522522523,0.611353711790393,0.48,2025
672282,FF,492,269,72,217,73,337,68,21,0.26765799256505574,0.33640552995391704,0.6849593495934959,0.3088235294117647,2025
672282,PO,1,0,0,1,0,0,0,0,,0.0,0.0,,2025
672282,SI,23,14,2,9,5,18,8,5,0.14285714285714285,0.5555555555555556,0.782608695652174,0.625,2025
672282,SL,338,183,69,167,67,228,57,34,0.3770491803278688,0.40119760479041916,0.6745562130177515,0.5964912280701754,2025
672335,FC,7,3,0,6,2,3,1,0,0.0,0.3333333333333333,0.42857142857142855,0.0,2025
672335,FF,51,24,2,20,2,33,8,6,0.08333333333333333,0.1,0.6470588235294118,0.75,2025
672335,SI,188,65,7,93,17,111,28,20,0.1076923076923077,0.1827956989247312,0.5904255319148937,0.7142857142857143,2025
672335,SL,104,58,20,49,16,69,14,6,0.3448275862068966,0.32653061224489793,0.6634615384615384,0.42857142857142855,2025
672335,SV,98,54,16,59,24,63,19,11,0.2962962962962963,0.4067796610169492,0.6428571428571429,0.5789473684210527,2025
672391,CH,65,21,8,50,11,25,9,4,0.38095238095238093,0.22,0.38461538461538464,0.4444444444444444,2025
672391,FC,112,61,10,52,17,75,23,10,0.16393442622950818,0.3269230769230769,0.6696428571428571,0.43478260869565216,2025
672391,FF,428,201,49,208,43,267,61,22,0.24378109452736318,0.20673076923076922,0.6238317757009346,0.36065573770491804,2025
672391,ST,183,83,33,103,35,111,23,12,0.39759036144578314,0.33980582524271846,0.6065573770491803,0.5217391304347826,2025
672456,CH,209,104,21,118,37,125,45,16,0.20192307692307693,0.3135593220338983,0.5980861244019139,0.35555555555555557,2025
672456,FF,503,233,27,208,36,330,90,30,0.11587982832618025,0.17307692307692307,0.6560636182902585,0.3333333333333333,2025
672456,KC,240,124,22,128,46,157,49,19,0.1774193548387097,0.359375,0.6541666666666667,0.3877551020408163,2025
672456,SI,321,137,11,131,34,225,66,44,0.08029197080291971,0.2595419847328244,0.7009345794392523,0.6666666666666666,2025
672456,SL,346,172,58,169,57,237,61,21,0.3372093023255814,0.33727810650887574,0.684971098265896,0.3442622950819672,2025
672456,ST,1,0,0,1,0,0,0,0,,0.0,0.0,,2025
672578,FF,394,210,36,161,41,274,79,28,0.17142857142857143,0.2546583850931677,0.6954314720812182,0.35443037974683544,2025
672578,FS,151,74,36,92,27,86,19,8,0.4864864864864865,0.29347826086956524,0.5695364238410596,0.42105263157894735,2025
672578,KC,55,17,1,27,4,27,10,2,0.058823529411764705,0.14814814814814814,0.4909090909090909,0.2,2025
672578,SI,14,6,0,8,2,8,2,0,0.0,0.25,0.5714285714285714,0.0,2025
672578,SL,145,73,24,66,22,97,30,10,0.3287671232876712,0.3333333333333333,0.6689655172413793,0.3333333333333333,2025
672582,CH,43,20,6,20,3,25,8,4,0.3,0.15,0.5813953488372093,0.5,2025
672582,FF,232,111,24,119,35,145,40,15,0.21621621621621623,0.29411764705882354,0.625,0.375,2025
672582,SI,489,200,16,171,32,337,85,66,0.08,0.1871345029239766,0.689161554192229,0.7764705882352941,2025
672582,SL,356,155,30,197,66,218,62,39,0.1935483870967742,0.3350253807106599,0.6123595505617978,0.6290322580645161,2025
672710,CH,22,9,1,16,5,11,7,2,0.1111111111111111,0.3125,0.5,0.2857142857142857,2025
672710,CU,38,18,6,21,5,23,5,3,0.3333333333333333,0.23809523809523808,0.6052631578947368,0.6,2025
672710,FF,92,54,9,38,14,67,22,5,0.16666666666666666,0.3684210526315789,0.7282608695652174,0.22727272727272727,2025
672710,SI,25,10,0,9,1,15,4,3,0.0,0.1111111111111111,0.6,0.75,2025
672710,SL,37,14,4,19,3,23,6,2,0.2857142857142857,0.15789473684210525,0.6216216216216216,0.3333333333333333,2025
672710,ST,3,2,1,1,1,2,0,0,0.5,1.0,0.6666666666666666,,2025
672724,CU,32,16,2,18,7,22,12,5,0.125,0.3888888888888889,0.6875,0.4166666666666667,2025
672724,SL,8,4,0,7,3,4,2,1,0.0,0.42857142857142855,0.5,0.5,2025
672782,CH,85,43,7,43,12,55,23,12,0.16279069767441862,0.27906976744186046,0.6470588235294118,0.5217391304347826,2025
672782,CU,162,61,14,85,20,91,24,11,0.22950819672131148,0.23529411764705882,0.5617283950617284,0.4583333333333333,2025
672782,FC,75,37,7,39,11,48,9,1,0.1891891891891892,0.28205128205128205,0.64,0.1111111111111111,2025
672782,FF,385,196,47,181,51,260,56,10,0.23979591836734693,0.281767955801105,0.6753246753246753,0.17857142857142858,2025
672782,SI,212,101,15,91,23,144,46,26,0.1485148514851485,0.25274725274725274,0.6792452830188679,0.5652173913043478,2025
672782,SL,15,8,2,6,2,11,4,0,0.25,0.3333333333333333,0.7333333333333333,0.0,2025
672782,ST,195,84,25,126,31,103,30,12,0.2976190476190476,0.24603174603174602,0.5282051282051282,0.4,2025
672841,CH,32,15,7,23,9,17,5,3,0.4666666666666667,0.391304347826087,0.53125,0.6,2025
672841,FC,188,105,22,79,19,129,39,18,0.20952380952380953,0.24050632911392406,0.6861702127659575,0.46153846153846156,2025
672841,FF,42,17,1,17,2,27,6,2,0.058823529411764705,0.11764705882352941,0.6428571428571429,0.3333333333333333,2025
672841,SI,792,380,52,320,97,544,173,109,0.1368421052631579,0.303125,0.6868686868686869,0.630057803468208,2025
672841,SL,222,120,28,130,40,133,61,28,0.23333333333333334,0.3076923076923077,0.5990990990990991,0.45901639344262296,2025
672851,CH,3,2,0,2,1,2,1,0,0.0,0.5,0.6666666666666666,0.0,2025
672851,CU,6,4,2,4,2,4,1,0,0.5,0.5,0.6666666666666666,0.0,2025
672851,FF,7,3,0,2,0,5,2,1,0.0,0.0,0.7142857142857143,0.5,2025
672851,SI,8,4,1,6,2,4,1,0,0.25,0.3333333333333333,0.5,0.0,2025
673380,CH,3,1,0,2,0,1,1,0,0.0,0.0,0.3333333333333333,0.0,2025
673380,FF,101,43,9,48,6,59,8,1,0.20930232558139536,0.125,0.5841584158415841,0.125,2025
673380,SL,93,60,19,40,19,69,18,6,0.31666666666666665,0.475,0.7419354838709677,0.3333333333333333,2025
673394,CH,7,5,0,3,2,6,4,4,0.0,0.6666666666666666,0.8571428571428571,1.0,2025
673394,FF,5,3,0,0,0,5,1,0,0.0,,1.0,0.0,2025
673394,SL,3,1,0,1,0,2,1,0,0.0,0.0,0.6666666666666666,0.0,2025
673513,CU,2,2,1,1,1,2,0,0,0.5,1.0,1.0,,2025
673513,FF,428,212,30,192,45,274,72,12,0.14150943396226415,0.234375,0.6401869158878505,0.16666666666666666,2025
673513,FS,348,189,81,231,91,208,60,27,0.42857142857142855,0.3939393939393939,0.5977011494252874,0.45,2025
673513,SI,16,9,2,13,6,9,3,1,0.2222222222222222,0.46153846153846156,0.5625,0.3333333333333333,2025
673513,SL,171,81,19,74,13,109,34,15,0.2345679012345679,0.17567567567567569,0.6374269005847953,0.4411764705882353,2025
673513,ST,118,40,17,73,19,62,10,3,0.425,0.2602739726027397,0.5254237288135594,0.3,2025
673540,CU,32,5,3,20,2,14,1,0,0.6,0.1,0.4375,0.0,2025
673540,EP,1,0,0,1,0,0,0,0,,0.0,0.0,,2025
673540,FC,389,176,25,163,34,258,89,48,0.14204545454545456,0.2085889570552147,0.6632390745501285,0.5393258426966292,2025
673540,FF,597,266,47,257,43,381,98,34,0.17669172932330826,0.16731517509727625,0.6381909547738693,0.3469387755102041,2025
673540,FO,542,294,118,393,180,322,84,51,0.4013605442176871,0.4580152671755725,0.5940959409594095,0.6071428571428571,2025
673540,PO,1,0,0,1,0,0,0,0,,0.0,0.0,,2025
673540,SI,114,40,5,77,14,50,13,9,0.125,0.18181818181818182,0.43859649122807015,0.6923076923076923,2025
673540,SL,78,36,14,48,12,41,10,4,0.3888888888888889,0.25,0.5256410256410257,0.4,2025
673540,ST,148,48,8,74,11,81,19,3,0.16666666666666666,0.14864864864864866,0.5472972972972973,0.15789473684210525,2025
673820,FF,11,5,1,3,0,7,2,0,0.2,0.0,0.6363636363636364,0.0,2025
673820,FS,14,7,2,9,3,7,4,3,0.2857142857142857,0.3333333333333333,0.5,0.75,2025
673820,SI,26,11,1,9,1,19,5,1,0.09090909090909091,0.1111111111111111,0.7307692307692307,0.2,2025
673820,SL,10,3,0,8,2,4,1,0,0.0,0.25,0.4,0.0,2025
673929,FF,613,299,63,309,81,381,88,16,0.21070234113712374,0.2621359223300971,0.6215334420880914,0.18181818181818182,2025
673929,FS,32,16,3,20,5,18,6,2,0.1875,0.25,0.5625,0.3333333333333333,2025
673929,SI,14,6,0,11,3,6,2,0,0.0,0.2727272727272727,0.42857142857142855,0.0,2025
673929,SL,485,236,89,273,89,300,63,28,0.3771186440677966,0.326007326007326,0.6185567010309279,0.4444444444444444,2025
673965,CU,32,8,0,16,2,17,4,3,0.0,0.125,0.53125,0.75,2025
673965,FF,50,24,0,22,6,33,11,5,0.0,0.2727272727272727,0.66,0.45454545454545453,2025
673965,SL,16,9,2,10,3,9,2,0,0.2222222222222222,0.3,0.5625,0.0,2025
674072,CH,25,11,5,18,5,12,3,2,0.45454545454545453,0.2777777777777778,0.48,0.6666666666666666,2025
674072,CU,30,15,3,10,5,25,5,4,0.2,0.5,0.8333333333333334,0.8,2025
674072,FF,27,12,3,16,5,16,3,2,0.25,0.3125,0.5925925925925926,0.6666666666666666,2025
674072,SI,2,2,0,0,0,2,0,0,0.0,,1.0,,2025
674072,SL,23,12,1,12,4,15,5,2,0.08333333333333333,0.3333333333333333,0.6521739130434783,0.4,2025
674285,CH,9,2,1,6,0,2,1,1,0.5,0.0,0.2222222222222222,1.0,2025
674285,FF,123,62,10,65,14,70,20,10,0.16129032258064516,0.2153846153846154,0.5691056910569106,0.5,2025
674285,SI,249,116,11,94,22,169,56,32,0.09482758620689655,0.23404255319148937,0.678714859437751,0.5714285714285714,2025
674285,SL,178,90,32,97,32,112,35,15,0.35555555555555557,0.32989690721649484,0.6292134831460674,0.42857142857142855,2025
674370,CH,146,64,15,65,9,84,31,7,0.234375,0.13846153846153847,0.5753424657534246,0.22580645161290322,2025
674370,FC,94,48,14,48,13,60,19,8,0.2916666666666667,0.2708333333333333,0.6382978723404256,0.42105263157894735,2025
674370,FF,523,262,44,251,60,325,86,12,0.16793893129770993,0.23904382470119523,0.621414913957935,0.13953488372093023,2025
674370,PO,2,0,0,2,0,0,0,0,,0.0,0.0,,2025
674370,SI,204,98,11,80,20,136,48,31,0.11224489795918367,0.25,0.6666666666666666,0.6458333333333334,2025
674370,SL,411,211,70,205,70,276,70,20,0.33175355450236965,0.34146341463414637,0.6715328467153284,0.2857142857142857,2025
674384,CU,6,4,0,2,0,6,2,1,0.0,0.0,1.0,0.5,2025
674384,FF,155,64,15,70,13,88,22,2,0.234375,0.18571428571428572,0.567741935483871,0.09090909090909091,2025
674384,SL,88,43,18,60,25,52,11,4,0.4186046511627907,0.4166666666666667,0.5909090909090909,0.36363636363636365,2025
674444,FC,164,79,13,73,15,107,35,13,0.16455696202531644,0.2054794520547945,0.6524390243902439,0.37142857142857144,2025
674444,FF,322,144,29,139,22,203,49,19,0.2013888888888889,0.15827338129496402,0.6304347826086957,0.3877551020408163,2025
674444,SL,156,98,24,72,26,110,48,21,0.24489795918367346,0.3611111111111111,0.7051282051282052,0.4375,2025
674841,CH,22,8,2,12,3,11,5,3,0.25,0.25,0.5,0.6,2025
674841,CU,113,54,7,60,13,64,23,15,0.12962962962962962,0.21666666666666667,0.5663716814159292,0.6521739130434783,2025
674841,FF,142,43,6,73,11,70,18,9,0.13953488372093023,0.1506849315068493,0.49295774647887325,0.5,2025
674841,SI,19,5,0,6,0,11,3,2,0.0,0.0,0.5789473684210527,0.6666666666666666,2025
674841,SL,121,52,16,57,19,79,18,10,0.3076923076923077,0.3333333333333333,0.6528925619834711,0.5555555555555556,2025
674944,FF,5,0,0,4,0,1,0,0,,0.0,0.2,,2025
674944,FS,36,18,6,21,5,20,7,4,0.3333333333333333,0.23809523809523808,0.5555555555555556,0.5714285714285714,2025
674944,SI,68,27,3,17,2,47,14,6,0.1111111111111111,0.11764705882352941,0.6911764705882353,0.42857142857142855,2025
674944,SL,56,23,3,26,6,37,12,5,0.13043478260869565,0.23076923076923078,0.6607142857142857,0.4166666666666667,2025
675512,CH,53,23,3,38,10,25,13,10,0.13043478260869565,0.2631578947368421,0.4716981132075472,0.7692307692307693,2025
675512,CU,35,13,1,16,3,23,5,2,0.07692307692307693,0.1875,0.6571428571428571,0.4,2025
675512,FC,71,39,5,29,7,48,18,7,0.1282051282051282,0.2413793103448276,0.676056338028169,0.3888888888888889,2025
675512,FF,346,175,44,138,25,234,63,20,0.25142857142857145,0.18115942028985507,0.6763005780346821,0.31746031746031744,2025
675512,FS,21,13,6,12,7,16,4,3,0.46153846153846156,0.5833333333333334,0.7619047619047619,0.75,2025
675512,SI,86,33,4,42,5,50,14,8,0.12121212121212122,0.11904761904761904,0.5813953488372093,0.5714285714285714,2025
675512,SL,167,87,23,90,31,110,35,16,0.26436781609195403,0.34444444444444444,0.6586826347305389,0.45714285714285713,2025
675540,CU,10,5,1,7,2,5,2,2,0.2,0.2857142857142857,0.5,1.0,2025
675540,FF,21,9,0,8,0,13,5,2,0.0,0.0,0.6190476190476191,0.4,2025
675540,FS,3,0,0,3,0,0,0,0,,0.0,0.0,,2025
675540,SL,21,9,0,10,2,12,5,1,0.0,0.2,0.5714285714285714,0.2,2025
675540,ST,1,1,0,0,0,1,0,0,0.0,,1.0,,2025
675650,CH,1,1,0,1,1,1,1,1,0.0,1.0,1.0,1.0,2025
675650,CU,15,4,2,12,2,5,1,1,0.5,0.16666666666666666,0.3333333333333333,1.0,2025
675650,FC,32,20,9,17,8,24,3,2,0.45,0.47058823529411764,0.75,0.6666666666666666,2025
675650,FF,59,29,4,25,3,35,11,3,0.13793103448275862,0.12,0.5932203389830508,0.2727272727272727,2025
675650,FS,6,2,1,4,0,2,1,0,0.5,0.0,0.3333333333333333,0.0,2025
675848,CH,1,0,0,1,0,0,0,0,,0.0,0.0,,2025
675848,FF,721,350,90,345,95,463,108,49,0.2571428571428571,0.2753623188405797,0.6421636615811374,0.4537037037037037,2025
675848,ST,352,166,52,194,69,225,54,14,0.3132530120481928,0.3556701030927835,0.6392045454545454,0.25925925925925924,2025
675911,CH,97,34,10,76,17,38,17,9,0.29411764705882354,0.2236842105263158,0.3917525773195876,0.5294117647058824,2025
675911,CU,188,67,36,131,37,96,17,5,0.5373134328358209,0.2824427480916031,0.5106382978723404,0.29411764705882354,2025
675911,FF,1081,529,73,438,83,715,215,79,0.13799621928166353,0.18949771689497716,0.6614246068455134,0.3674418604651163,2025
675911,SL,744,375,175,490,191,441,100,38,0.4666666666666667,0.38979591836734695,0.592741935483871,0.38,2025
675916,CU,34,11,3,16,5,23,4,2,0.2727272727272727,0.3125,0.6764705882352942,0.5,2025
675916,FF,22,10,0,11,2,13,2,0,0.0,0.18181818181818182,0.5909090909090909,0.0,2025
675919,CH,3,1,1,3,1,1,0,0,1.0,0.3333333333333333,0.3333333333333333,,2025
675919,FF,3,2,0,2,1,2,1,0,0.0,0.5,0.6666666666666666,0.0,2025
675919,SI,8,3,0,2,1,6,1,0,0.0,0.5,0.75,0.0,2025
675919,ST,13,5,1,6,2,9,3,2,0.2,0.3333333333333333,0.6923076923076923,0.6666666666666666,2025
675989,FC,3,2,0,3,2,2,1,1,0.0,0.6666666666666666,0.6666666666666666,1.0,2025
675989,FF,3,1,0,1,0,2,1,1,0.0,0.0,0.6666666666666666,1.0,2025
675989,SI,19,7,0,9,1,11,3,1,0.0,0.1111111111111111,0.5789473684210527,0.3333333333333333,2025
675989,ST,15,10,2,3,1,13,4,0,0.2,0.3333333333333333,0.8666666666666667,0.0,2025
676051,CH,5,3,1,4,2,4,1,1,0.3333333333333333,0.5,0.8,1.0,2025
676051,FF,39,19,1,20,3,25,10,4,0.05263157894736842,0.15,0.6410256410256411,0.4,2025
676051,SL,43,22,12,28,12,26,3,2,0.5454545454545454,0.42857142857142855,0.6046511627906976,0.6666666666666666,2025
676070,EP,6,5,0,3,2,5,3,0,0.0,0.6666666666666666,0.8333333333333334,0.0,2025
676083,CH,134,53,7,76,14,69,26,16,0.1320754716981132,0.18421052631578946,0.5149253731343284,0.6153846153846154,2025
676083,CU,195,84,16,105,30,123,41,24,0.19047619047619047,0.2857142857142857,0.6307692307692307,0.5853658536585366,2025
676083,FF,627,339,43,252,78,453,133,45,0.12684365781710916,0.30952380952380953,0.722488038277512,0.3383458646616541,2025
676083,SL,468,269,58,211,71,326,110,43,0.21561338289962825,0.33649289099526064,0.6965811965811965,0.39090909090909093,2025
676083,ST,253,136,24,115,38,175,51,21,0.17647058823529413,0.33043478260869563,0.691699604743083,0.4117647058823529,2025
676092,FC,107,60,12,43,12,77,26,12,0.2,0.27906976744186046,0.719626168224299,0.46153846153846156,2025
676092,FF,129,72,13,62,21,87,20,10,0.18055555555555555,0.3387096774193548,0.6744186046511628,0.5,2025
676092,SI,57,28,8,27,7,36,7,1,0.2857142857142857,0.25925925925925924,0.631578947368421,0.14285714285714285,2025
676092,ST,167,87,15,80,22,110,28,10,0.1724137931034483,0.275,0.6586826347305389,0.35714285714285715,2025
676092,SV,51,33,10,28,15,38,12,5,0.30303030303030304,0.5357142857142857,0.7450980392156863,0.4166666666666667,2025
676106,CH,307,142,36,216,67,161,57,27,0.2535211267605634,0.3101851851851852,0.5244299674267101,0.47368421052631576,2025
676106,FC,1,0,0,1,0,0,0,0,,0.0,0.0,,2025
676106,FF,408,216,47,186,48,269,60,18,0.2175925925925926,0.25806451612903225,0.6593137254901961,0.3,2025
676106,SI,615,301,20,239,53,434,147,77,0.0664451827242525,0.2217573221757322,0.7056910569105691,0.5238095238095238,2025
676106,SL,163,78,23,92,28,101,32,11,0.2948717948717949,0.30434782608695654,0.6196319018404908,0.34375,2025
676106,ST,70,27,11,40,7,37,11,3,0.4074074074074074,0.175,0.5285714285714286,0.2727272727272727,2025
676130,CH,166,76,22,128,45,86,22,13,0.2894736842105263,0.3515625,0.5180722891566265,0.5909090909090909,2025
676130,FF,335,144,35,153,29,213,46,15,0.24305555555555555,0.1895424836601307,0.6358208955223881,0.32608695652173914,2025
676130,SI,189,95,12,86,27,129,45,26,0.12631578947368421,0.313953488372093,0.6825396825396826,0.5777777777777777,2025
676130,SL,328,173,60,205,71,200,67,33,0.3468208092485549,0.3463414634146341,0.6097560975609756,0.4925373134328358,2025
676130,ST,77,28,5,47,10,40,11,5,0.17857142857142858,0.2127659574468085,0.5194805194805194,0.45454545454545453,2025
676206,CH,32,7,2,21,1,14,1,0,0.2857142857142857,0.047619047619047616,0.4375,0.0,2025
676206,CU,23,8,0,12,2,14,4,4,0.0,0.16666666666666666,0.6086956521739131,1.0,2025
676206,FF,44,19,5,22,2,25,4,2,0.2631578947368421,0.09090909090909091,0.5681818181818182,0.5,2025
676206,SI,9,5,2,1,0,8,2,2,0.4,0.0,0.8888888888888888,1.0,2025
676206,SL,22,7,2,13,3,13,2,1,0.2857142857142857,0.23076923076923078,0.5909090909090909,0.5,2025
676249,CH,8,5,2,3,1,6,1,1,0.4,0.3333333333333333,0.75,1.0,2025
676249,FF,10,6,0,4,2,9,0,0,0.0,0.5,0.9,,2025
676249,SL,9,4,3,8,3,4,1,0,0.75,0.375,0.4444444444444444,0.0,2025
676254,CH,4,0,0,4,0,0,0,0,,0.0,0.0,,2025
676254,FF,2,1,0,2,1,1,1,1,0.0,0.5,0.5,1.0,2025
676254,SI,637,261,43,251,57,438,114,60,0.16475095785440613,0.22709163346613545,0.6875981161695447,0.5263157894736842,2025
676254,SL,391,185,50,232,71,229,68,30,0.2702702702702703,0.30603448275862066,0.5856777493606138,0.4411764705882353,2025
676263,CU,105,31,8,62,12,52,12,7,0.25806451612903225,0.1935483870967742,0.49523809523809526,0.5833333333333334,2025
676263,FF,557,274,55,221,48,386,99,26,0.20072992700729927,0.2171945701357466,0.6929982046678635,0.26262626262626265,2025
676263,SL,570,340,96,278,95,388,113,55,0.2823529411764706,0.34172661870503596,0.6807017543859649,0.48672566371681414,2025
676272,CH,16,5,2,12,1,5,1,0,0.4,0.08333333333333333,0.3125,0.0,2025
676272,CU,32,14,4,16,7,24,5,3,0.2857142857142857,0.4375,0.75,0.6,2025
676272,FF,31,15,1,11,3,23,3,0,0.06666666666666667,0.2727272727272727,0.7419354838709677,0.0,2025
676272,SI,26,13,1,11,2,16,7,1,0.07692307692307693,0.18181818181818182,0.6153846153846154,0.14285714285714285,2025
676272,SL,11,4,1,7,2,5,2,1,0.25,0.2857142857142857,0.45454545454545453,0.5,2025
676282,CH,520,255,123,277,86,321,74,34,0.4823529411764706,0.3104693140794224,0.6173076923076923,0.4594594594594595,2025
676282,CU,316,111,25,150,33,192,40,22,0.22522522522522523,0.22,0.6075949367088608,0.55,2025
676282,FF,708,290,37,276,40,454,115,42,0.12758620689655173,0.14492753623188406,0.6412429378531074,0.3652173913043478,2025
676282,SL,148,72,19,75,17,87,31,9,0.2638888888888889,0.22666666666666666,0.5878378378378378,0.2903225806451613,2025
676333,CH,2,1,1,1,0,1,0,0,1.0,0.0,0.5,,2025
676333,FF,15,8,4,8,2,9,1,1,0.5,0.25,0.6,1.0,2025
676333,SL,8,3,2,6,2,5,1,1,0.6666666666666666,0.3333333333333333,0.625,1.0,2025
676395,CH,283,148,44,192,82,181,60,39,0.2972972972972973,0.4270833333333333,0.6395759717314488,0.65,2025
676395,FF,443,223,62,165,39,319,60,23,0.27802690582959644,0.23636363636363636,0.7200902934537246,0.38333333333333336,2025
676395,SL,262,133,28,111,28,180,64,12,0.21052631578947367,0.25225225225225223,0.6870229007633588,0.1875,2025
676428,CH,114,60,16,76,25,63,23,10,0.26666666666666666,0.32894736842105265,0.5526315789473685,0.43478260869565216,2025
676428,FF,57,27,10,31,6,33,7,4,0.37037037037037035,0.1935483870967742,0.5789473684210527,0.5714285714285714,2025
676428,SI,571,257,29,221,53,399,116,63,0.11284046692607004,0.2398190045248869,0.6987740805604203,0.5431034482758621,2025
676428,ST,349,144,61,208,61,199,38,15,0.4236111111111111,0.2932692307692308,0.5702005730659025,0.39473684210526316,2025
676440,CH,470,234,87,244,74,298,79,33,0.3717948717948718,0.30327868852459017,0.6340425531914894,0.4177215189873418,2025
676440,CU,167,78,16,97,33,102,32,15,0.20512820512820512,0.3402061855670103,0.6107784431137725,0.46875,2025
676440,FC,667,332,94,308,90,446,103,34,0.28313253012048195,0.2922077922077922,0.6686656671664168,0.3300970873786408,2025
676440,FF,888,393,37,420,74,554,164,75,0.09414758269720101,0.1761904761904762,0.6238738738738738,0.4573170731707317,2025
676440,SI,459,206,19,178,45,325,105,67,0.09223300970873786,0.25280898876404495,0.7080610021786492,0.638095238095238,2025
676440,ST,488,217,66,264,74,290,82,32,0.30414746543778803,0.2803030303030303,0.5942622950819673,0.3902439024390244,2025
676467,CH,114,61,16,64,19,69,34,14,0.26229508196721313,0.296875,0.6052631578947368,0.4117647058823529,2025
676467,CU,148,62,12,70,18,99,30,13,0.1935483870967742,0.2571428571428571,0.668918918918919,0.43333333333333335,2025
676467,FF,595,324,42,229,62,430,113,23,0.12962962962962962,0.27074235807860264,0.7226890756302521,0.20353982300884957,2025
676467,SI,157,65,3,66,20,107,37,28,0.046153846153846156,0.30303030303030304,0.6815286624203821,0.7567567567567568,2025
676467,SL,41,20,2,18,4,25,8,3,0.1,0.2222222222222222,0.6097560975609756,0.375,2025
676467,ST,396,201,46,199,55,245,64,13,0.22885572139303484,0.27638190954773867,0.6186868686868687,0.203125,2025
676475,CH,7,3,0,4,1,4,3,1,0.0,0.25,0.5714285714285714,0.3333333333333333,2025
676477,CH,261,153,47,154,69,173,47,24,0.30718954248366015,0.44805194805194803,0.6628352490421456,0.5106382978723404,2025
676477,SI,577,303,85,231,57,402,70,25,0.28052805280528054,0.24675324675324675,0.6967071057192374,0.35714285714285715,2025
676477,SL,376,192,67,204,83,258,61,32,0.3489583333333333,0.4068627450980392,0.6861702127659575,0.5245901639344263,2025
676477,ST,13,5,3,10,2,5,0,0,0.6,0.2,0.38461538461538464,,2025
676508,CU,185,72,26,97,23,108,21,7,0.3611111111111111,0.23711340206185566,0.5837837837837838,0.3333333333333333,2025
676508,FC,284,159,28,110,32,204,73,38,0.1761006289308176,0.2909090909090909,0.7183098591549296,0.5205479452054794,2025
676508,FF,390,184,55,195,56,239,60,12,0.29891304347826086,0.28717948717948716,0.6128205128205129,0.2,2025
676508,SI,16,8,2,10,4,10,2,1,0.25,0.4,0.625,0.5,2025
676508,ST,416,217,49,225,75,263,87,25,0.22580645161290322,0.3333333333333333,0.6322115384615384,0.28735632183908044,2025
676510,CH,3,3,0,0,0,3,1,1,0.0,,1.0,1.0,2025
676510,CU,7,2,1,4,0,3,1,1,0.5,0.0,0.42857142857142855,1.0,2025
676510,FC,2,1,0,1,0,1,0,0,0.0,0.0,0.5,,2025
676510,FF,14,6,1,7,2,9,2,0,0.16666666666666666,0.2857142857142857,0.6428571428571429,0.0,2025
676534,CH,1,0,0,1,0,0,0,0,,0.0,0.0,,2025
676534,CU,159,57,21,112,27,73,24,17,0.3684210526315789,0.24107142857142858,0.4591194968553459,0.7083333333333334,2025
676534,FC,386,193,32,149,36,273,77,38,0.16580310880829016,0.24161073825503357,0.7072538860103627,0.4935064935064935,2025
676534,FF,182,60,7,94,13,101,20,7,0.11666666666666667,0.13829787234042554,0.554945054945055,0.35,2025
676534,SI,131,45,10,78,19,76,13,7,0.2222222222222222,0.24358974358974358,0.5801526717557252,0.5384615384615384,2025
676534,SL,4,3,0,2,1,3,0,0,0.0,0.5,0.75,,2025
676534,ST,191,90,22,117,36,106,35,7,0.24444444444444444,0.3076923076923077,0.5549738219895288,0.2,2025
676571,CH,95,45,15,63,22,54,20,10,0.3333333333333333,0.3492063492063492,0.5684210526315789,0.5,2025
676571,FF,189,71,9,83,13,116,26,11,0.1267605633802817,0.1566265060240964,0.6137566137566137,0.4230769230769231,2025
676571,SI,49,29,4,24,10,37,10,7,0.13793103448275862,0.4166666666666667,0.7551020408163265,0.7,2025
676571,SL,7,3,2,4,2,4,0,0,0.6666666666666666,0.5,0.5714285714285714,,2025
676571,ST,101,45,16,59,17,59,15,2,0.35555555555555557,0.288135593220339,0.5841584158415841,0.13333333333333333,2025
676604,CH,17,8,1,10,4,11,5,4,0.125,0.4,0.6470588235294118,0.8,2025
676604,FC,5,1,0,1,0,3,1,0,0.0,0.0,0.6,0.0,2025
676604,FF,68,21,4,33,3,33,5,1,0.19047619047619047,0.09090909090909091,0.4852941176470588,0.2,2025
676604,SI,30,7,1,12,3,20,2,1,0.14285714285714285,0.25,0.6666666666666666,0.5,2025
676604,SL,41,25,2,18,8,31,8,3,0.08,0.4444444444444444,0.7560975609756098,0.375,2025
676604,ST,84,49,11,39,19,61,18,2,0.22448979591836735,0.48717948717948717,0.7261904761904762,0.1111111111111111,2025
676609,CH,1,0,0,0,0,0,0,0,,,0.0,,2025
676609,EP,9,4,0,7,2,4,3,1,0.0,0.2857142857142857,0.4444444444444444,0.3333333333333333,2025
676609,FA,18,7,0,8,0,12,5,1,0.0,0.0,0.6666666666666666,0.2,2025
676617,CH,1,0,0,1,0,0,0,0,,0.0,0.0,,2025
676617,SI,366,167,17,158,36,237,79,48,0.10179640718562874,0.22784810126582278,0.6475409836065574,0.6075949367088608,2025
676617,SL,230,108,32,118,36,149,31,11,0.2962962962962963,0.3050847457627119,0.6478260869565218,0.3548387096774194,2025
676617,ST,161,67,34,124,44,84,15,10,0.5074626865671642,0.3548387096774194,0.5217391304347826,0.6666666666666666,2025
676661,FC,99,47,6,47,9,58,26,12,0.1276595744680851,0.19148936170212766,0.5858585858585859,0.46153846153846156,2025
676661,FF,357,172,27,136,33,241,81,25,0.1569767441860465,0.2426470588235294,0.6750700280112045,0.30864197530864196,2025
676661,FS,21,12,6,16,7,12,4,2,0.5,0.4375,0.5714285714285714,0.5,2025
676661,KC,169,65,20,97,26,99,21,11,0.3076923076923077,0.26804123711340205,0.5857988165680473,0.5238095238095238,2025
676664,CH,369,164,30,221,49,199,74,28,0.18292682926829268,0.22171945701357465,0.5392953929539296,0.3783783783783784,2025
676664,CU,94,41,11,76,24,42,22,6,0.2682926829268293,0.3157894736842105,0.44680851063829785,0.2727272727272727,2025
676664,FC,16,9,2,10,4,10,2,1,0.2222222222222222,0.4,0.625,0.5,2025
676664,FF,1007,500,80,466,111,653,192,55,0.16,0.23819742489270387,0.6484607745779544,0.2864583333333333,2025
676664,SI,169,85,8,70,18,114,36,25,0.09411764705882353,0.2571428571428571,0.6745562130177515,0.6944444444444444,2025
676664,SL,162,90,18,61,17,120,27,4,0.2,0.2786885245901639,0.7407407407407407,0.14814814814814814,2025
676664,ST,682,291,67,308,84,454,97,21,0.23024054982817868,0.2727272727272727,0.6656891495601173,0.21649484536082475,2025
676679,EP,31,14,1,20,6,20,12,8,0.07142857142857142,0.3,0.6451612903225806,0.6666666666666666,2025
676679,SL,1,1,0,1,1,1,1,1,0.0,1.0,1.0,1.0,2025
676680,FF,16,10,3,8,2,10,3,0,0.3,0.25,0.625,0.0,2025
676680,SI,21,14,3,11,6,16,4,4,0.21428571428571427,0.5454545454545454,0.7619047619047619,1.0,2025
676680,ST,27,12,1,17,6,17,5,3,0.08333333333333333,0.35294117647058826,0.6296296296296297,0.6,2025
676684,CH,98,49,17,81,37,54,17,11,0.3469387755102041,0.4567901234567901,0.5510204081632653,0.6470588235294118,2025
676684,FF,658,311,61,246,46,455,98,48,0.19614147909967847,0.18699186991869918,0.6914893617021277,0.4897959183673469,2025
676684,SI,208,112,14,103,43,148,55,40,0.125,0.4174757281553398,0.7115384615384616,0.7272727272727273,2025
676684,SL,304,141,63,194,62,174,39,24,0.44680851063829785,0.31958762886597936,0.5723684210526315,0.6153846153846154,2025
676697,FC,9,5,2,4,1,5,2,1,0.4,0.25,0.5555555555555556,0.5,2025
676697,FF,7,6,3,5,4,6,0,0,0.5,0.8,0.8571428571428571,,2025
676697,SL,3,2,0,3,2,2,1,0,0.0,0.6666666666666666,0.6666666666666666,0.0,2025
676701,CH,3,1,0,3,1,1,0,0,0.0,0.3333333333333333,0.3333333333333333,,2025
676701,FA,13,6,0,6,0,7,3,3,0.0,0.0,0.5384615384615384,1.0,2025
676702,FC,78,41,6,28,10,57,13,5,0.14634146341463414,0.35714285714285715,0.7307692307692307,0.38461538461538464,2025
676702,FF,161,90,10,63,15,111,29,7,0.1111111111111111,0.23809523809523808,0.6894409937888198,0.2413793103448276,2025
676702,FS,4,1,0,3,0,1,1,1,0.0,0.0,0.25,1.0,2025
676702,SI,7,3,0,4,1,4,3,2,0.0,0.25,0.5714285714285714,0.6666666666666666,2025
676702,SL,103,53,16,55,16,67,18,6,0.3018867924528302,0.2909090909090909,0.6504854368932039,0.3333333333333333,2025
676724,EP,5,1,0,4,0,1,1,1,0.0,0.0,0.2,1.0,2025
676724,FA,6,2,0,4,0,3,1,0,0.0,0.0,0.5,0.0,2025
676742,CH,18,7,2,15,5,8,2,2,0.2857142857142857,0.3333333333333333,0.4444444444444444,1.0,2025
676742,FF,77,34,7,42,11,46,12,2,0.20588235294117646,0.2619047619047619,0.5974025974025974,0.16666666666666666,2025
676742,SL,37,19,6,15,5,28,9,1,0.3157894736842105,0.3333333333333333,0.7567567567567568,0.1111111111111111,2025
676742,ST,15,5,2,11,3,6,2,1,0.4,0.2727272727272727,0.4,0.5,2025
676755,CH,90,50,9,48,16,57,28,10,0.18,0.3333333333333333,0.6333333333333333,0.35714285714285715,2025
676755,CU,9,1,0,4,0,5,1,1,0.0,0.0,0.5555555555555556,1.0,2025
676755,FF,610,308,58,264,71,411,85,23,0.18831168831168832,0.2689393939393939,0.6737704918032786,0.27058823529411763,2025
676755,SL,68,37,12,40,17,46,18,4,0.32432432432432434,0.425,0.6764705882352942,0.2222222222222222,2025
676760,CH,53,31,7,36,17,33,12,6,0.22580645161290322,0.4722222222222222,0.6226415094339622,0.5,2025
676760,FC,33,19,4,12,3,24,8,2,0.21052631578947367,0.25,0.7272727272727273,0.25,2025
676760,FF,111,51,14,55,19,73,11,6,0.27450980392156865,0.34545454545454546,0.6576576576576577,0.5454545454545454,2025
676760,ST,25,14,5,13,5,17,6,2,0.35714285714285715,0.38461538461538464,0.68,0.3333333333333333,2025
676775,FF,56,27,7,28,7,35,4,2,0.25925925925925924,0.25,0.625,0.5,2025
676775,FS,94,66,23,48,25,72,21,11,0.3484848484848485,0.5208333333333334,0.7659574468085106,0.5238095238095238,2025
676775,SI,53,22,4,21,2,36,8,4,0.18181818181818182,0.09523809523809523,0.6792452830188679,0.5,2025
676775,SL,10,4,0,4,0,6,2,1,0.0,0.0,0.6,0.5,2025
676801,EP,4,0,0,4,0,0,0,0,,0.0,0.0,,2025
676801,FA,50,18,2,31,3,28,10,4,0.1111111111111111,0.0967741935483871,0.56,0.4,2025
676879,CH,135,76,21,71,24,85,32,17,0.27631578947368424,0.3380281690140845,0.6296296296296297,0.53125,2025
676879,CU,299,88,37,179,46,163,25,14,0.42045454545454547,0.2569832402234637,0.5451505016722408,0.56,2025
676879,FF,51,28,7,30,11,32,6,3,0.25,0.36666666666666664,0.6274509803921569,0.5,2025
676879,SI,605,273,38,245,54,410,111,69,0.1391941391941392,0.22040816326530613,0.6776859504132231,0.6216216216216216,2025
676879,SL,98,36,17,66,15,47,13,6,0.4722222222222222,0.22727272727272727,0.47959183673469385,0.46153846153846156,2025
676917,CH,107,55,22,59,23,67,23,10,0.4,0.3898305084745763,0.6261682242990654,0.43478260869565216,2025
676917,FC,63,33,3,33,9,37,12,7,0.09090909090909091,0.2727272727272727,0.5873015873015873,0.5833333333333334,2025
676917,FF,232,118,25,89,23,160,44,17,0.211864406779661,0.25842696629213485,0.6896551724137931,0.38636363636363635,2025
676917,KC,240,113,42,128,51,160,39,27,0.37168141592920356,0.3984375,0.6666666666666666,0.6923076923076923,2025
676917,SI,146,72,6,67,21,98,40,26,0.08333333333333333,0.31343283582089554,0.6712328767123288,0.65,2025
676961,CH,100,50,20,73,30,58,16,11,0.4,0.410958904109589,0.58,0.6875,2025
676961,CU,55,17,7,33,6,29,7,2,0.4117647058823529,0.18181818181818182,0.5272727272727272,0.2857142857142857,2025
676961,FC,142,59,11,78,15,81,18,6,0.1864406779661017,0.19230769230769232,0.5704225352112676,0.3333333333333333,2025
676961,FF,146,70,16,58,11,102,26,6,0.22857142857142856,0.1896551724137931,0.6986301369863014,0.23076923076923078,2025
676961,SI,210,84,4,84,16,140,50,19,0.047619047619047616,0.19047619047619047,0.6666666666666666,0.38,2025
676961,SL,99,39,6,61,12,54,20,11,0.15384615384615385,0.19672131147540983,0.5454545454545454,0.55,2025
676961,ST,2,2,1,1,1,2,1,0,0.5,1.0,1.0,0.0,2025
676962,CH,82,31,8,46,7,44,10,5,0.25806451612903225,0.15217391304347827,0.5365853658536586,0.5,2025
676962,FF,999,435,57,411,89,659,183,70,0.1310344827586207,0.21654501216545013,0.6596596596596597,0.3825136612021858,2025
676962,KC,721,396,167,405,153,471,126,62,0.4217171717171717,0.37777777777777777,0.6532593619972261,0.49206349206349204,2025
676969,FC,7,0,0,5,0,1,0,0,,0.0,0.14285714285714285,,2025
676969,FS,4,2,0,3,1,2,1,1,0.0,0.3333333333333333,0.5,1.0,2025
676969,KC,9,3,0,5,0,4,0,0,0.0,0.0,0.4444444444444444,,2025
676969,SI,27,13,1,11,2,18,6,4,0.07692307692307693,0.18181818181818182,0.6666666666666666,0.6666666666666666,2025
676974,CH,195,79,18,105,19,111,33,19,0.22784810126582278,0.18095238095238095,0.5692307692307692,0.5757575757575758,2025
676974,FF,243,121,15,107,21,153,50,17,0.12396694214876033,0.19626168224299065,0.6296296296296297,0.34,2025
676974,SI,151,79,16,71,22,103,42,30,0.20253164556962025,0.30985915492957744,0.6821192052980133,0.7142857142857143,2025
676974,SL,383,204,78,191,79,257,66,32,0.38235294117647056,0.41361256544502617,0.6710182767624021,0.48484848484848486,2025
676974,ST,132,42,4,50,6,86,21,9,0.09523809523809523,0.12,0.6515151515151515,0.42857142857142855,2025
676979,CH,141,59,26,115,38,64,14,10,0.4406779661016949,0.33043478260869563,0.45390070921985815,0.7142857142857143,2025
676979,FC,904,496,114,351,109,651,186,97,0.22983870967741934,0.31054131054131057,0.7201327433628318,0.521505376344086,2025
676979,FF,1170,569,144,540,130,749,137,50,0.2530755711775044,0.24074074074074073,0.6401709401709401,0.36496350364963503,2025
676979,FS,1,0,0,1,0,0,0,0,,0.0,0.0,,2025
676979,SI,525,245,45,227,88,376,100,60,0.1836734693877551,0.3876651982378855,0.7161904761904762,0.6,2025
676979,ST,526,319,122,323,147,352,87,42,0.3824451410658307,0.4551083591331269,0.6692015209125475,0.4827586206896552,2025
676979,UN,1,0,0,1,0,0,0,0,,0.0,0.0,,2025
677020,FF,37,17,4,20,6,23,6,1,0.23529411764705882,0.3,0.6216216216216216,0.16666666666666666,2025
677020,SI,6,2,0,3,1,4,1,1,0.0,0.3333333333333333,0.6666666666666666,1.0,2025
677020,SL,49,23,10,27,8,30,7,3,0.43478260869565216,0.2962962962962963,0.6122448979591837,0.42857142857142855,2025
677161,CH,69,25,6,49,13,32,8,4,0.24,0.2653061224489796,0.463768115942029,0.5,2025
677161,CU,6,4,1,4,3,5,2,1,0.25,0.75,0.8333333333333334,0.5,2025
677161,FC,186,99,18,71,23,137,41,16,0.18181818181818182,0.323943661971831,0.7365591397849462,0.3902439024390244,2025
677161,FF,115,62,13,52,16,81,18,7,0.20967741935483872,0.3076923076923077,0.7043478260869566,0.3888888888888889,2025
677161,PO,1,0,0,1,0,0,0,0,,0.0,0.0,,2025
677161,SI,90,43,5,48,20,58,18,10,0.11627906976744186,0.4166666666666667,0.6444444444444445,0.5555555555555556,2025
677161,ST,121,55,14,59,13,73,15,6,0.2545454545454545,0.22033898305084745,0.6033057851239669,0.4,2025
677312,SI,13,3,2,9,2,6,0,0,0.6666666666666666,0.2222222222222222,0.46153846153846156,,2025
677312,SL,10,4,2,4,2,6,0,0,0.5,0.5,0.6,,2025
677334,CH,3,2,0,1,0,2,2,1,0.0,0.0,0.6666666666666666,0.5,2025
677334,FF,3,1,0,2,1,3,1,1,0.0,0.5,1.0,1.0,2025
677334,SL,2,0,0,1,0,1,0,0,,0.0,0.5,,2025
677649,CS,2,2,0,1,1,2,2,1,0.0,1.0,1.0,0.5,2025
677649,CU,1,1,0,1,1,1,1,1,0.0,1.0,1.0,1.0,2025
677649,EP,19,8,0,13,6,12,7,2,0.0,0.46153846153846156,0.631578947368421,0.2857142857142857,2025
677649,FA,1,1,0,1,1,1,1,0,0.0,1.0,1.0,0.0,2025
677649,SL,2,0,0,1,0,1,0,0,,0.0,0.5,,2025
677651,CH,5,4,1,2,1,4,2,0,0.25,0.5,0.8,0.0,2025
677651,CU,13,2,0,8,1,5,0,0,0.0,0.125,0.38461538461538464,,2025
677651,FC,27,15,7,20,10,18,4,2,0.4666666666666667,0.5,0.6666666666666666,0.5,2025
677651,FF,52,28,4,25,7,33,11,2,0.14285714285714285,0.28,0.6346153846153846,0.18181818181818182,2025
677651,ST,9,2,0,3,0,6,2,1,0.0,0.0,0.6666666666666666,0.5,2025
677865,FC,19,9,2,11,3,11,1,0,0.2222222222222222,0.2727272727272727,0.5789473684210527,0.0,2025
677865,SI,115,45,9,46,10,80,22,14,0.2,0.21739130434782608,0.6956521739130435,0.6363636363636364,2025
677865,ST,97,40,9,45,11,63,20,6,0.225,0.24444444444444444,0.6494845360824743,0.3,2025
677944,CH,162,65,15,107,23,77,28,15,0.23076923076923078,0.21495327102803738,0.47530864197530864,0.5357142857142857,2025
677944,CU,346,148,45,223,65,190,65,30,0.30405405405405406,0.2914798206278027,0.5491329479768786,0.46153846153846156,2025
677944,FC,69,39,6,27,4,45,16,5,0.15384615384615385,0.14814814814814814,0.6521739130434783,0.3125,2025
677944,FF,917,427,66,342,63,638,163,56,0.15456674473067916,0.18421052631578946,0.6957470010905126,0.34355828220858897,2025
677944,SI,227,110,4,76,11,163,54,30,0.03636363636363636,0.14473684210526316,0.7180616740088106,0.5555555555555556,2025
677944,SL,383,190,65,206,61,238,81,33,0.34210526315789475,0.2961165048543689,0.6214099216710183,0.4074074074074074,2025
677944,ST,6,3,1,1,0,5,0,0,0.3333333333333333,0.0,0.8333333333333334,,2025
677952,CH,36,17,1,22,6,20,9,4,0.058823529411764705,0.2727272727272727,0.5555555555555556,0.4444444444444444,2025
677952,CU,232,82,28,120,27,137,26,13,0.34146341463414637,0.225,0.5905172413793104,0.5,2025
677952,FF,327,161,25,138,31,215,54,23,0.15527950310559005,0.2246376811594203,0.6574923547400612,0.42592592592592593,2025
677952,SI,163,89,14,71,21,116,33,21,0.15730337078651685,0.29577464788732394,0.7116564417177914,0.6363636363636364,2025
677952,SL,344,204,62,165,67,241,73,38,0.30392156862745096,0.40606060606060607,0.7005813953488372,0.5205479452054794,2025
677955,CH,128,74,22,70,27,85,23,11,0.2972972972972973,0.38571428571428573,0.6640625,0.4782608695652174,2025
677955,FF,117,54,10,61,15,69,15,7,0.18518518518518517,0.2459016393442623,0.5897435897435898,0.4666666666666667,2025
677955,PO,1,0,0,1,0,0,0,0,,0.0,0.0,,2025
677955,SI,150,78,9,55,17,108,32,14,0.11538461538461539,0.3090909090909091,0.72,0.4375,2025
677955,SL,130,57,25,82,27,77,18,7,0.43859649122807015,0.32926829268292684,0.5923076923076923,0.3888888888888889,2025
677958,CH,75,40,7,38,8,44,15,9,0.175,0.21052631578947367,0.5866666666666667,0.6,2025
677958,CU,123,33,17,77,19,64,7,2,0.5151515151515151,0.24675324675324675,0.5203252032520326,0.2857142857142857,2025
677958,FC,291,165,54,160,64,196,48,18,0.32727272727272727,0.4,0.6735395189003437,0.375,2025
677958,FF,270,146,24,116,36,188,53,20,0.1643835616438356,0.3103448275862069,0.6962962962962963,0.37735849056603776,2025
677958,SI,327,153,12,139,24,209,73,47,0.0784313725490196,0.17266187050359713,0.6391437308868502,0.6438356164383562,2025
677958,SL,187,94,38,107,38,119,24,11,0.40425531914893614,0.35514018691588783,0.6363636363636364,0.4583333333333333,2025
677960,CH,188,96,39,108,34,116,29,12,0.40625,0.3148148148148148,0.6170212765957447,0.41379310344827586,2025
677960,FF,291,147,22,102,13,199,64,28,0.14965986394557823,0.12745098039215685,0.6838487972508591,0.4375,2025
677960,SI,20,9,1,7,0,12,5,3,0.1111111111111111,0.0,0.6,0.6,2025
677960,SL,23,15,5,12,4,15,4,3,0.3333333333333333,0.3333333333333333,0.6521739130434783,0.75,2025
677960,ST,120,46,18,70,23,70,14,6,0.391304347826087,0.32857142857142857,0.5833333333333334,0.42857142857142855,2025
677961,FF,9,2,0,5,0,4,0,0,0.0,0.0,0.4444444444444444,,2025
677961,SI,14,7,0,3,0,9,3,2,0.0,0.0,0.6428571428571429,0.6666666666666666,2025
677961,SL,10,5,0,6,2,6,3,1,0.0,0.3333333333333333,0.6,0.3333333333333333,2025
677961,ST,6,3,1,4,1,3,2,0,0.3333333333333333,0.25,0.5,0.0,2025
677976,CH,19,9,2,11,3,11,5,2,0.2222222222222222,0.2727272727272727,0.5789473684210527,0.4,2025
677976,FF,10,6,0,3,0,7,3,2,0.0,0.0,0.7,0.6666666666666666,2025
677976,SI,28,12,1,12,0,17,7,4,0.08333333333333333,0.0,0.6071428571428571,0.5714285714285714,2025
677976,ST,22,4,2,19,3,7,1,0,0.5,0.15789473684210525,0.3181818181818182,0.0,2025
678011,FA,11,6,0,5,1,7,4,1,0.0,0.2,0.6363636363636364,0.25,2025
678020,FF,352,149,37,171,41,216,49,28,0.2483221476510067,0.23976608187134502,0.6136363636363636,0.5714285714285714,2025
678020,FS,170,101,28,87,36,117,48,27,0.27722772277227725,0.41379310344827586,0.6882352941176471,0.5625,2025
678020,SL,132,66,24,71,22,80,22,9,0.36363636363636365,0.30985915492957744,0.6060606060606061,0.4090909090909091,2025
678022,CH,66,29,16,45,14,34,3,3,0.5517241379310345,0.3111111111111111,0.5151515151515151,1.0,2025
678022,CU,5,1,1,4,1,2,0,0,1.0,0.25,0.4,,2025
678022,FC,90,51,10,38,12,62,22,9,0.19607843137254902,0.3157894736842105,0.6888888888888889,0.4090909090909091,2025
678022,FF,267,118,28,133,27,155,45,15,0.23728813559322035,0.20300751879699247,0.5805243445692884,0.3333333333333333,2025
678022,ST,209,108,40,112,44,137,34,16,0.37037037037037035,0.39285714285714285,0.6555023923444976,0.47058823529411764,2025
678024,CH,200,102,19,110,33,123,49,28,0.18627450980392157,0.3,0.615,0.5714285714285714,2025
678024,CU,203,65,19,116,28,112,25,13,0.2923076923076923,0.2413793103448276,0.5517241379310345,0.52,2025
678024,FC,90,47,16,48,13,56,21,11,0.3404255319148936,0.2708333333333333,0.6222222222222222,0.5238095238095238,2025
678024,FF,231,100,37,126,31,131,17,4,0.37,0.24603174603174602,0.5670995670995671,0.23529411764705882,2025
678024,SI,657,287,35,276,53,426,129,68,0.12195121951219512,0.19202898550724637,0.6484018264840182,0.5271317829457365,2025
678024,ST,265,99,29,155,33,137,39,18,0.29292929292929293,0.2129032258064516,0.5169811320754717,0.46153846153846156,2025
678215,FF,59,21,3,31,0,29,5,1,0.14285714285714285,0.0,0.4915254237288136,0.2,2025
678215,FS,33,20,2,15,5,23,8,4,0.1,0.3333333333333333,0.696969696969697,0.5,2025
678215,SI,19,10,2,9,2,12,5,1,0.2,0.2222222222222222,0.631578947368421,0.2,2025
678215,SL,96,44,8,37,5,64,20,2,0.18181818181818182,0.13513513513513514,0.6666666666666666,0.1,2025
678226,FF,315,126,26,156,21,177,35,15,0.20634920634920634,0.1346153846153846,0.5619047619047619,0.42857142857142855,2025
678226,SL,402,182,57,236,75,237,64,30,0.3131868131868132,0.3177966101694915,0.5895522388059702,0.46875,2025
678316,CH,21,9,5,16,4,9,2,0,0.5555555555555556,0.25,0.42857142857142855,0.0,2025
678316,CU,9,1,0,6,0,3,1,0,0.0,0.0,0.3333333333333333,0.0,2025
678316,FF,50,22,7,26,6,29,7,3,0.3181818181818182,0.23076923076923078,0.58,0.42857142857142855,2025
678316,SL,1,0,0,1,0,0,0,0,,0.0,0.0,,2025
678368,CH,191,88,22,123,35,104,39,22,0.25,0.2845528455284553,0.5445026178010471,0.5641025641025641,2025
678368,CU,62,21,3,37,7,30,9,2,0.14285714285714285,0.1891891891891892,0.4838709677419355,0.2222222222222222,2025
678368,FC,478,237,35,186,41,339,103,30,0.14767932489451477,0.22043010752688172,0.7092050209205021,0.2912621359223301,2025
678368,FF,402,207,26,187,54,261,82,26,0.12560386473429952,0.2887700534759358,0.6492537313432836,0.3170731707317073,2025
678368,FS,32,10,3,26,5,11,2,0,0.3,0.19230769230769232,0.34375,0.0,2025
678368,ST,227,135,34,118,43,152,45,12,0.2518518518518518,0.3644067796610169,0.6696035242290749,0.26666666666666666,2025
678394,CH,414,207,61,290,95,217,85,45,0.2946859903381642,0.3275862068965517,0.5241545893719807,0.5294117647058824,2025
678394,FC,428,197,47,175,46,293,74,33,0.23857868020304568,0.26285714285714284,0.6845794392523364,0.44594594594594594,2025
678394,FF,412,222,28,191,49,260,74,24,0.12612612612612611,0.25654450261780104,0.6310679611650486,0.32432432432432434,2025
678394,SI,955,394,40,428,98,623,205,123,0.10152284263959391,0.22897196261682243,0.6523560209424084,0.6,2025
678394,ST,516,231,59,314,95,299,76,32,0.2554112554112554,0.30254777070063693,0.5794573643410853,0.42105263157894735,2025
678493,FC,9,6,5,4,3,7,0,0,0.8333333333333334,0.75,0.7777777777777778,,2025
678493,FF,2,1,0,1,1,2,0,0,0.0,1.0,1.0,,2025
678493,SI,1,1,0,0,0,1,0,0,0.0,,1.0,,2025
678495,FF,485,215,51,231,51,301,54,20,0.2372093023255814,0.22077922077922077,0.6206185567010309,0.37037037037037035,2025
678495,SI,3,2,0,1,0,2,2,0,0.0,0.0,0.6666666666666666,0.0,2025
678495,SL,371,208,68,175,74,266,68,28,0.3269230769230769,0.4228571428571429,0.7169811320754716,0.4117647058823529,2025
678576,FF,9,5,2,7,3,5,2,2,0.4,0.42857142857142855,0.5555555555555556,1.0,2025
678576,SI,9,2,0,6,1,5,0,0,0.0,0.16666666666666666,0.5555555555555556,,2025
678576,SV,15,7,2,6,1,9,2,1,0.2857142857142857,0.16666666666666666,0.6,0.5,2025
678606,CH,266,134,63,183,68,152,40,16,0.4701492537313433,0.37158469945355194,0.5714285714285714,0.4,2025
678606,FF,107,50,4,47,3,59,19,10,0.08,0.06382978723404255,0.5514018691588785,0.5263157894736842,2025
678606,SI,758,383,55,271,69,555,165,121,0.14360313315926893,0.25461254612546125,0.7321899736147758,0.7333333333333333,2025
678606,SL,91,40,19,58,19,49,7,2,0.475,0.3275862068965517,0.5384615384615384,0.2857142857142857,2025
678692,CH,192,74,25,122,32,102,27,16,0.33783783783783783,0.26229508196721313,0.53125,0.5925925925925926,2025
678692,FF,343,156,28,144,36,227,50,19,0.1794871794871795,0.25,0.6618075801749271,0.38,2025
678692,SI,25,5,0,13,1,12,4,1,0.0,0.07692307692307693,0.48,0.25,2025
678692,SL,270,149,56,136,53,188,40,18,0.37583892617449666,0.3897058823529412,0.6962962962962963,0.45,2025
678692,ST,328,188,85,201,95,224,53,17,0.4521276595744681,0.472636815920398,0.6829268292682927,0.32075471698113206,2025
678821,CH,11,2,0,9,1,4,2,2,0.0,0.1111111111111111,0.36363636363636365,1.0,2025
678821,CU,123,38,14,89,15,52,13,4,0.3684210526315789,0.16853932584269662,0.42276422764227645,0.3076923076923077,2025
678821,FF,332,157,25,157,38,211,56,17,0.1592356687898089,0.24203821656050956,0.6355421686746988,0.30357142857142855,2025
678868,FF,3,3,0,1,1,3,2,1,0.0,1.0,1.0,0.5,2025
678868,SI,7,4,1,2,1,6,0,0,0.25,0.5,0.8571428571428571,,2025
678868,SL,2,2,0,2,2,2,1,1,0.0,1.0,1.0,1.0,2025
678906,CH,60,26,8,41,11,29,8,5,0.3076923076923077,0.2682926829268293,0.48333333333333334,0.625,2025
678906,CU,82,36,8,36,7,53,15,9,0.2222222222222222,0.19444444444444445,0.6463414634146342,0.6,2025
678906,FF,146,68,15,65,12,90,19,5,0.22058823529411764,0.18461538461538463,0.6164383561643836,0.2631578947368421,2025
678906,SI,72,22,1,36,5,42,10,7,0.045454545454545456,0.1388888888888889,0.5833333333333334,0.7,2025
678906,ST,226,106,36,119,46,151,26,6,0.33962264150943394,0.3865546218487395,0.668141592920354,0.23076923076923078,2025
679066,FF,14,6,2,6,2,10,2,0,0.3333333333333333,0.3333333333333333,0.7142857142857143,0.0,2025
679066,SL,7,2,0,5,0,2,1,0,0.0,0.0,0.2857142857142857,0.0,2025
679358,FF,174,84,19,77,17,107,26,5,0.2261904761904762,0.22077922077922077,0.6149425287356322,0.19230769230769232,2025
679358,FS,330,179,57,155,54,220,61,31,0.31843575418994413,0.34838709677419355,0.6666666666666666,0.5081967213114754,2025
679358,SL,177,81,15,86,17,109,29,9,0.18518518518518517,0.19767441860465115,0.615819209039548,0.3103448275862069,2025
679702,FC,7,4,2,6,3,5,1,1,0.5,0.5,0.7142857142857143,1.0,2025
679702,FF,4,3,0,2,1,3,0,0,0.0,0.5,0.75,,2025
679702,SI,2,1,0,2,1,1,1,0,0.0,0.5,0.5,0.0,2025
679712,CU,4,1,1,2,1,3,0,0,1.0,0.5,0.75,,2025
679712,FF,19,6,0,11,0,11,5,2,0.0,0.0,0.5789473684210527,0.4,2025
679712,FS,6,4,0,4,2,4,1,0,0.0,0.5,0.6666666666666666,0.0,2025
679712,SL,14,4,1,9,1,6,0,0,0.25,0.1111111111111111,0.42857142857142855,,2025
679758,CU,2,0,0,1,0,1,0,0,,0.0,0.5,,2025
679758,FC,9,5,1,4,1,7,3,2,0.2,0.25,0.7777777777777778,0.6666666666666666,2025
679758,FF,14,7,0,8,1,8,5,1,0.0,0.125,0.5714285714285714,0.2,2025
679758,SL,10,4,1,7,1,4,1,0,0.25,0.14285714285714285,0.4,0.0,2025
679775,CH,42,16,7,30,8,19,5,2,0.4375,0.26666666666666666,0.4523809523809524,0.4,2025
679775,SI,283,127,13,99,24,201,55,26,0.10236220472440945,0.24242424242424243,0.7102473498233216,0.4727272727272727,2025
679775,ST,118,60,19,63,19,73,24,5,0.31666666666666665,0.30158730158730157,0.6186440677966102,0.20833333333333334,2025
679777,CH,2,1,0,1,0,1,1,0,0.0,0.0,0.5,0.0,2025
679777,FC,7,3,1,3,0,4,1,1,0.3333333333333333,0.0,0.5714285714285714,1.0,2025
679777,FF,6,4,1,2,0,4,2,1,0.25,0.0,0.6666666666666666,0.5,2025
679777,SL,1,0,0,1,0,0,0,0,,0.0,0.0,,2025
679883,CH,6,3,0,5,2,3,2,1,0.0,0.4,0.5,0.5,2025
679883,CU,71,36,13,47,17,42,9,4,0.3611111111111111,0.3617021276595745,0.5915492957746479,0.4444444444444444,2025
679883,FF,63,28,3,32,8,40,8,5,0.10714285714285714,0.25,0.6349206349206349,0.625,2025
679883,SI,52,28,3,22,4,34,15,7,0.10714285714285714,0.18181818181818182,0.6538461538461539,0.4666666666666667,2025
679883,SL,25,7,7,14,3,14,0,0,1.0,0.21428571428571427,0.56,,2025
679885,FF,84,37,14,46,10,48,6,4,0.3783783783783784,0.21739130434782608,0.5714285714285714,0.6666666666666666,2025
679885,FS,103,38,20,71,21,53,5,3,0.5263157894736842,0.29577464788732394,0.5145631067961165,0.6,2025
679885,SI,106,47,6,43,11,72,24,15,0.1276595744680851,0.2558139534883721,0.6792452830188679,0.625,2025
679885,SL,34,12,4,19,3,16,3,2,0.3333333333333333,0.15789473684210525,0.47058823529411764,0.6666666666666666,2025
679922,FF,12,3,0,7,1,6,1,0,0.0,0.14285714285714285,0.5,0.0,2025
679922,SI,9,0,0,8,0,1,0,0,,0.0,0.1111111111111111,,2025
679922,SL,6,2,0,3,0,3,1,0,0.0,0.0,0.5,0.0,2025
679928,CH,9,5,0,5,2,6,2,2,0.0,0.4,0.6666666666666666,1.0,2025
679928,FC,6,2,0,3,0,3,0,0,0.0,0.0,0.5,,2025
679928,FF,8,6,0,4,2,6,3,2,0.0,0.5,0.75,0.6666666666666666,2025
679928,SI,3,1,0,1,0,2,1,0,0.0,0.0,0.6666666666666666,0.0,2025
679928,ST,4,0,0,3,0,1,0,0,,0.0,0.25,,2025
680573,CH,87,33,8,58,9,38,18,4,0.24242424242424243,0.15517241379310345,0.4367816091954023,0.2222222222222222,2025
680573,CU,262,91,14,125,21,159,43,20,0.15384615384615385,0.168,0.6068702290076335,0.46511627906976744,2025
680573,FF,884,448,82,391,99,583,146,42,0.18303571428571427,0.2531969309462916,0.6595022624434389,0.2876712328767123,2025
680573,FS,187,101,33,107,34,112,31,17,0.32673267326732675,0.3177570093457944,0.5989304812834224,0.5483870967741935,2025
680573,SL,539,269,69,281,84,345,94,27,0.25650557620817843,0.298932384341637,0.640074211502783,0.2872340425531915,2025
680604,CH,16,8,1,9,1,8,6,3,0.125,0.1111111111111111,0.5,0.5,2025
680604,FC,20,10,0,5,0,15,5,0,0.0,0.0,0.75,0.0,2025
680604,FF,5,3,0,2,0,3,1,0,0.0,0.0,0.6,0.0,2025
680604,SI,3,1,0,3,1,1,0,0,0.0,0.3333333333333333,0.3333333333333333,,2025
680604,ST,6,3,0,3,1,4,0,0,0.0,0.3333333333333333,0.6666666666666666,,2025
680684,CH,126,56,18,80,29,75,23,12,0.32142857142857145,0.3625,0.5952380952380952,0.5217391304347826,2025
680684,FF,196,93,13,69,9,136,38,10,0.13978494623655913,0.13043478260869565,0.6938775510204082,0.2631578947368421,2025
680684,SI,91,43,4,37,10,61,17,11,0.09302325581395349,0.2702702702702703,0.6703296703296703,0.6470588235294118,2025
680684,SL,39,20,3,21,8,27,10,4,0.15,0.38095238095238093,0.6923076923076923,0.4,2025
680684,ST,95,38,13,59,14,47,17,6,0.34210526315789475,0.23728813559322035,0.49473684210526314,0.35294117647058826,2025
680689,CH,288,139,35,151,46,186,58,29,0.2517985611510791,0.304635761589404,0.6458333333333334,0.5,2025
680689,CU,68,22,3,49,9,28,10,6,0.13636363636363635,0.1836734693877551,0.4117647058823529,0.6,2025
680689,FF,148,58,8,86,18,79,16,5,0.13793103448275862,0.20930232558139536,0.5337837837837838,0.3125,2025
680689,SI,205,74,10,91,18,139,41,27,0.13513513513513514,0.1978021978021978,0.6780487804878049,0.6585365853658537,2025
680689,SL,4,2,1,4,2,2,1,0,0.5,0.5,0.5,0.0,2025
680694,CU,63,32,15,40,16,38,7,3,0.46875,0.4,0.6031746031746031,0.42857142857142855,2025
680694,FF,112,42,9,59,12,62,17,6,0.21428571428571427,0.2033898305084746,0.5535714285714286,0.35294117647058826,2025
680694,SI,161,68,14,65,21,114,29,13,0.20588235294117646,0.3230769230769231,0.7080745341614907,0.4482758620689655,2025
680694,SL,158,82,34,86,29,102,15,1,0.4146341463414634,0.3372093023255814,0.6455696202531646,0.06666666666666667,2025
680701,FF,4,1,1,2,0,2,0,0,1.0,0.0,0.5,,2025
680701,SI,5,0,0,5,0,0,0,0,,0.0,0.0,,2025
680701,ST,14,7,3,5,3,12,3,1,0.42857142857142855,0.6,0.8571428571428571,0.3333333333333333,2025
680702,CH,1,0,0,1,0,0,0,0,,0.0,0.0,,2025
680702,FF,45,23,5,19,4,31,8,3,0.21739130434782608,0.21052631578947367,0.6888888888888889,0.375,2025
680702,SL,18,9,0,7,2,12,3,2,0.0,0.2857142857142857,0.6666666666666666,0.6666666666666666,2025
680704,FF,66,23,2,36,5,29,9,2,0.08695652173913043,0.1388888888888889,0.4393939393939394,0.2222222222222222,2025
680704,FS,66,36,12,46,19,39,12,6,0.3333333333333333,0.41304347826086957,0.5909090909090909,0.5,2025
680704,PO,1,0,0,1,0,0,0,0,,0.0,0.0,,2025
680704,SI,33,14,1,14,3,19,7,4,0.07142857142857142,0.21428571428571427,0.5757575757575758,0.5714285714285714,2025
680704,SL,158,67,34,82,29,103,16,4,0.5074626865671642,0.35365853658536583,0.6518987341772152,0.25,2025
680729,CU,11,3,0,7,0,5,2,2,0.0,0.0,0.45454545454545453,1.0,2025
680729,FF,4,2,0,3,1,2,0,0,0.0,0.3333333333333333,0.5,,2025
680729,SI,100,40,8,51,7,54,22,19,0.2,0.13725490196078433,0.54,0.8636363636363636,2025
680729,SL,116,46,14,65,17,68,18,9,0.30434782608695654,0.26153846153846155,0.5862068965517241,0.5,2025
680730,CU,594,276,77,270,99,408,108,42,0.27898550724637683,0.36666666666666664,0.6868686868686869,0.3888888888888889,2025
680730,FF,1501,767,71,669,161,982,330,114,0.09256844850065189,0.2406576980568012,0.654230512991339,0.34545454545454546,2025
680730,FS,284,159,44,158,50,170,59,31,0.27672955974842767,0.31645569620253167,0.5985915492957746,0.5254237288135594,2025
680730,SL,326,184,63,158,56,223,63,24,0.3423913043478261,0.35443037974683544,0.6840490797546013,0.38095238095238093,2025
680732,CH,160,57,17,109,18,65,22,10,0.2982456140350877,0.1651376146788991,0.40625,0.45454545454545453,2025
680732,FF,1059,538,114,515,142,675,157,43,0.21189591078066913,0.2757281553398058,0.6373937677053825,0.27388535031847133,2025
680732,KC,574,210,52,276,68,355,74,33,0.24761904761904763,0.2463768115942029,0.6184668989547039,0.44594594594594594,2025
680732,SI,119,60,3,64,18,72,30,16,0.05,0.28125,0.6050420168067226,0.5333333333333333,2025
680732,SL,551,296,78,274,91,364,124,46,0.2635135135135135,0.33211678832116787,0.6606170598911071,0.3709677419354839,2025
680735,CU,75,29,8,50,10,39,10,5,0.27586206896551724,0.2,0.52,0.5,2025
680735,FC,15,7,0,8,2,7,4,0,0.0,0.25,0.4666666666666667,0.0,2025
680735,FF,152,78,8,51,14,113,26,10,0.10256410256410256,0.27450980392156865,0.743421052631579,0.38461538461538464,2025
680735,FS,44,23,7,25,9,27,7,2,0.30434782608695654,0.36,0.6136363636363636,0.2857142857142857,2025
680735,SI,2,1,0,1,0,1,0,0,0.0,0.0,0.5,,2025
680735,SL,139,63,11,75,15,77,26,16,0.1746031746031746,0.2,0.5539568345323741,0.6153846153846154,2025
680736,CH,36,10,2,29,3,10,5,3,0.2,0.10344827586206896,0.2777777777777778,0.6,2025
680736,CU,97,44,4,37,7,63,24,13,0.09090909090909091,0.1891891891891892,0.6494845360824743,0.5416666666666666,2025
680736,FC,154,88,19,52,16,118,26,15,0.2159090909090909,0.3076923076923077,0.7662337662337663,0.5769230769230769,2025
680736,FF,349,186,48,155,48,231,43,10,0.25806451612903225,0.3096774193548387,0.66189111747851,0.23255813953488372,2025
680736,SI,244,103,9,83,19,169,45,29,0.08737864077669903,0.2289156626506024,0.6926229508196722,0.6444444444444445,2025
680736,SL,291,166,40,136,49,198,54,32,0.24096385542168675,0.3602941176470588,0.6804123711340206,0.5925925925925926,2025
680742,CH,61,28,4,33,6,33,16,8,0.14285714285714285,0.18181818181818182,0.5409836065573771,0.5,2025
680742,CU,70,18,3,49,8,30,11,6,0.16666666666666666,0.16326530612244897,0.42857142857142855,0.5454545454545454,2025
680742,FF,244,126,50,126,44,163,22,5,0.3968253968253968,0.3492063492063492,0.6680327868852459,0.22727272727272727,2025
680742,SI,125,66,7,61,20,87,28,21,0.10606060606060606,0.32786885245901637,0.696,0.75,2025
680742,SL,227,112,43,134,49,145,40,18,0.38392857142857145,0.3656716417910448,0.6387665198237885,0.45,2025
680755,CU,350,126,31,175,41,222,43,21,0.24603174603174602,0.2342857142857143,0.6342857142857142,0.4883720930232558,2025
680755,FC,35,21,7,17,8,25,8,2,0.3333333333333333,0.47058823529411764,0.7142857142857143,0.25,2025
680755,FF,201,88,19,113,26,112,30,4,0.2159090909090909,0.23008849557522124,0.5572139303482587,0.13333333333333333,2025
680755,PO,1,0,0,1,0,0,0,0,,0.0,0.0,,2025
680755,SL,378,186,58,185,65,270,55,20,0.3118279569892473,0.35135135135135137,0.7142857142857143,0.36363636363636365,2025
680767,CH,243,116,49,165,56,130,23,21,0.4224137931034483,0.3393939393939394,0.5349794238683128,0.9130434782608695,2025
680767,FC,46,14,4,26,3,22,5,3,0.2857142857142857,0.11538461538461539,0.4782608695652174,0.6,2025
680767,FF,525,245,34,236,42,326,95,43,0.13877551020408163,0.17796610169491525,0.6209523809523809,0.45263157894736844,2025
680767,SI,4,2,0,2,1,2,1,0,0.0,0.5,0.5,0.0,2025
680767,SL,126,45,12,72,17,74,20,10,0.26666666666666666,0.2361111111111111,0.5873015873015873,0.5,2025
680770,CH,3,2,0,0,0,3,2,1,0.0,,1.0,0.5,2025
680770,FC,3,2,1,1,0,2,1,0,0.5,0.0,0.6666666666666666,0.0,2025
680770,SI,7,3,0,3,0,4,2,1,0.0,0.0,0.5714285714285714,0.5,2025
680837,CU,2,1,0,1,0,1,1,0,0.0,0.0,0.5,0.0,2025
680837,EP,11,7,1,7,3,7,5,1,0.14285714285714285,0.42857142857142855,0.6363636363636364,0.2,2025
680837,SL,11,4,0,3,1,8,2,0,0.0,0.3333333333333333,0.7272727272727273,0.0,2025
680862,EP,18,10,0,8,3,15,10,7,0.0,0.375,0.8333333333333334,0.7,2025
680880,FF,179,77,14,93,18,107,36,14,0.18181818181818182,0.1935483870967742,0.5977653631284916,0.3888888888888889,2025
680880,FS,146,82,25,82,32,95,33,16,0.3048780487804878,0.3902439024390244,0.6506849315068494,0.48484848484848486,2025
680880,PO,1,0,0,1,0,0,0,0,,0.0,0.0,,2025
680880,SL,50,18,8,33,7,24,7,3,0.4444444444444444,0.21212121212121213,0.48,0.42857142857142855,2025
680885,CU,194,80,25,110,35,120,21,10,0.3125,0.3181818181818182,0.6185567010309279,0.47619047619047616,2025
680885,FC,191,104,18,69,19,133,33,13,0.17307692307692307,0.2753623188405797,0.6963350785340314,0.3939393939393939,2025
680885,FF,577,295,69,182,41,431,107,43,0.23389830508474577,0.22527472527472528,0.7469670710571924,0.40186915887850466,2025
680885,FS,228,126,52,162,73,137,39,19,0.4126984126984127,0.4506172839506173,0.6008771929824561,0.48717948717948717,2025
680885,SI,159,82,10,63,27,117,46,32,0.12195121951219512,0.42857142857142855,0.7358490566037735,0.6956521739130435,2025
680885,SL,302,171,60,164,65,200,68,34,0.3508771929824561,0.39634146341463417,0.6622516556291391,0.5,2025
680951,CH,8,3,1,8,3,3,0,0,0.3333333333333333,0.375,0.375,,2025
680951,CU,12,3,1,5,0,7,1,0,0.3333333333333333,0.0,0.5833333333333334,0.0,2025
680951,FA,1,0,0,1,0,0,0,0,,0.0,0.0,,2025
680951,FF,50,23,6,27,6,30,7,1,0.2608695652173913,0.2222222222222222,0.6,0.14285714285714285,2025
680951,SL,31,14,3,16,2,17,4,2,0.21428571428571427,0.125,0.5483870967741935,0.5,2025
680951,ST,6,3,2,2,1,4,0,0,0.6666666666666666,0.5,0.6666666666666666,,2025
681004,CH,1,0,0,1,0,0,0,0,,0.0,0.0,,2025
681004,CU,1,1,0,0,0,1,1,1,0.0,,1.0,1.0,2025
681004,FC,6,3,2,4,2,4,0,0,0.6666666666666666,0.5,0.6666666666666666,,2025
681004,FF,3,1,0,1,0,2,1,0,0.0,0.0,0.6666666666666666,0.0,2025
681004,SL,1,0,0,1,0,0,0,0,,0.0,0.0,,2025
681006,CH,71,40,9,43,16,43,11,6,0.225,0.37209302325581395,0.6056338028169014,0.5454545454545454,2025
681006,CU,159,62,19,76,21,101,21,15,0.3064516129032258,0.27631578947368424,0.6352201257861635,0.7142857142857143,2025
681006,FF,75,38,7,37,8,46,9,3,0.18421052631578946,0.21621621621621623,0.6133333333333333,0.3333333333333333,2025
681006,SI,142,58,6,63,10,88,24,16,0.10344827586206896,0.15873015873015872,0.6197183098591549,0.6666666666666666,2025
681006,SL,35,18,5,13,3,23,6,2,0.2777777777777778,0.23076923076923078,0.6571428571428571,0.3333333333333333,2025
681006,ST,165,72,26,95,31,101,20,7,0.3611111111111111,0.3263157894736842,0.6121212121212121,0.35,2025
681097,CU,1,0,0,1,0,0,0,0,,0.0,0.0,,2025
681097,FF,9,1,0,8,1,3,0,0,0.0,0.125,0.3333333333333333,,2025
681097,SI,3,2,0,2,1,2,1,0,0.0,0.5,0.6666666666666666,0.0,2025
681097,SL,3,0,0,3,0,0,0,0,,0.0,0.0,,2025
681146,CS,12,5,0,6,1,6,4,1,0.0,0.16666666666666666,0.5,0.25,2025
681146,FA,88,41,3,42,8,53,22,5,0.07317073170731707,0.19047619047619047,0.6022727272727273,0.22727272727272727,2025
681146,KN,14,5,1,8,1,8,4,0,0.2,0.125,0.5714285714285714,0.0,2025
681151,CH,6,4,1,3,2,5,1,1,0.25,0.6666666666666666,0.8333333333333334,1.0,2025
681151,CU,4,2,0,1,0,3,2,1,0.0,0.0,0.75,0.5,2025
681151,FC,10,6,0,5,2,7,3,1,0.0,0.4,0.7,0.3333333333333333,2025
681151,FF,83,43,7,38,10,53,9,0,0.16279069767441862,0.2631578947368421,0.6385542168674698,0.0,2025
681151,SI,39,18,0,9,1,32,14,7,0.0,0.1111111111111111,0.8205128205128205,0.5,2025
681151,ST,34,20,7,15,5,24,7,3,0.35,0.3333333333333333,0.7058823529411765,0.42857142857142855,2025
681168,CH,18,6,2,12,2,8,3,1,0.3333333333333333,0.16666666666666666,0.4444444444444444,0.3333333333333333,2025
681168,FF,101,50,12,49,14,65,17,1,0.24,0.2857142857142857,0.6435643564356436,0.058823529411764705,2025
681168,SI,76,34,4,33,9,51,11,6,0.11764705882352941,0.2727272727272727,0.6710526315789473,0.5454545454545454,2025
681168,SL,132,58,13,65,16,80,24,6,0.22413793103448276,0.24615384615384617,0.6060606060606061,0.25,2025
681190,CH,149,59,9,88,13,71,32,12,0.15254237288135594,0.14772727272727273,0.47651006711409394,0.375,2025
681190,CU,276,133,21,147,44,168,50,27,0.15789473684210525,0.29931972789115646,0.6086956521739131,0.54,2025
681190,FC,535,266,42,248,70,344,108,33,0.15789473684210525,0.28225806451612906,0.6429906542056075,0.3055555555555556,2025
681190,FF,452,187,26,179,35,305,67,20,0.13903743315508021,0.19553072625698323,0.6747787610619469,0.29850746268656714,2025
681190,SI,409,202,13,159,45,284,111,56,0.06435643564356436,0.2830188679245283,0.6943765281173594,0.5045045045045045,2025
681190,SL,46,23,5,20,7,32,9,3,0.21739130434782608,0.35,0.6956521739130435,0.3333333333333333,2025
681190,ST,281,127,29,160,38,158,56,23,0.2283464566929134,0.2375,0.5622775800711743,0.4107142857142857,2025
681217,CH,1,0,0,1,0,0,0,0,,0.0,0.0,,2025
681217,FF,75,41,17,32,13,53,5,4,0.4146341463414634,0.40625,0.7066666666666667,0.8,2025
681217,FS,38,19,1,23,6,22,8,5,0.05263157894736842,0.2608695652173913,0.5789473684210527,0.625,2025
681217,SI,29,13,2,13,2,17,7,4,0.15384615384615385,0.15384615384615385,0.5862068965517241,0.5714285714285714,2025
681217,ST,69,36,16,51,25,43,9,4,0.4444444444444444,0.49019607843137253,0.6231884057971014,0.4444444444444444,2025
681293,CH,58,29,7,31,9,35,13,5,0.2413793103448276,0.2903225806451613,0.603448275862069,0.38461538461538464,2025
681293,CU,139,57,20,75,23,89,17,10,0.3508771929824561,0.30666666666666664,0.6402877697841727,0.5882352941176471,2025
681293,FC,86,39,11,32,8,58,16,4,0.28205128205128205,0.25,0.6744186046511628,0.25,2025
681293,FF,196,89,15,97,17,114,35,9,0.16853932584269662,0.17525773195876287,0.5816326530612245,0.2571428571428571,2025
681293,SI,55,23,1,19,5,41,13,8,0.043478260869565216,0.2631578947368421,0.7454545454545455,0.6153846153846154,2025
681293,ST,84,33,13,58,16,43,8,3,0.3939393939393939,0.27586206896551724,0.5119047619047619,0.375,2025
681343,CH,406,201,61,241,63,224,72,34,0.3034825870646766,0.26141078838174275,0.5517241379310345,0.4722222222222222,2025
681343,CU,353,133,60,246,67,173,35,10,0.45112781954887216,0.27235772357723576,0.49008498583569404,0.2857142857142857,2025
681343,FF,1089,556,121,394,93,759,178,54,0.21762589928057555,0.23604060913705585,0.696969696969697,0.30337078651685395,2025
681343,SI,300,143,21,116,35,210,60,44,0.14685314685314685,0.3017241379310345,0.7,0.7333333333333333,2025
681343,SL,268,132,28,125,24,162,56,23,0.21212121212121213,0.192,0.6044776119402985,0.4107142857142857,2025
681343,ST,3,2,1,1,1,3,0,0,0.5,1.0,1.0,,2025
681347,CH,365,218,93,189,82,255,59,30,0.42660550458715596,0.43386243386243384,0.6986301369863014,0.5084745762711864,2025
681347,CU,183,48,16,93,15,105,16,8,0.3333333333333333,0.16129032258064516,0.5737704918032787,0.5,2025
681347,FF,602,298,42,258,52,398,122,42,0.14093959731543623,0.20155038759689922,0.6611295681063123,0.3442622950819672,2025
681347,SI,87,46,4,34,13,64,17,10,0.08695652173913043,0.38235294117647056,0.735632183908046,0.5882352941176471,2025
681347,SL,300,138,29,155,39,185,55,21,0.21014492753623187,0.25161290322580643,0.6166666666666667,0.38181818181818183,2025
681402,CH,6,3,0,4,1,3,2,1,0.0,0.25,0.5,0.5,2025
681402,FF,12,6,1,3,0,9,1,0,0.16666666666666666,0.0,0.75,0.0,2025
681402,SL,9,4,1,6,2,5,2,1,0.25,0.3333333333333333,0.5555555555555556,0.5,2025
681415,SI,6,1,0,4,0,2,1,1,0.0,0.0,0.3333333333333333,1.0,2025
681415,SL,12,6,2,7,2,7,2,0,0.3333333333333333,0.2857142857142857,0.5833333333333334,0.0,2025
681432,FF,41,12,3,21,4,22,2,2,0.25,0.19047619047619047,0.5365853658536586,1.0,2025
681432,ST,35,7,1,23,3,15,3,1,0.14285714285714285,0.13043478260869565,0.42857142857142855,0.3333333333333333,2025
681517,CH,130,65,11,68,19,84,30,15,0.16923076923076924,0.27941176470588236,0.6461538461538462,0.5,2025
681517,CU,244,114,39,151,43,136,39,26,0.34210526315789475,0.2847682119205298,0.5573770491803278,0.6666666666666666,2025
681517,FF,414,165,33,179,34,258,57,15,0.2,0.18994413407821228,0.6231884057971014,0.2631578947368421,2025
681517,SI,105,60,3,41,18,80,25,14,0.05,0.43902439024390244,0.7619047619047619,0.56,2025
681517,SL,288,150,23,107,23,208,68,33,0.15333333333333332,0.21495327102803738,0.7222222222222222,0.4852941176470588,2025
681517,ST,187,123,33,101,46,132,38,11,0.2682926829268293,0.45544554455445546,0.7058823529411765,0.2894736842105263,2025
681676,CH,42,24,12,21,9,29,5,2,0.5,0.42857142857142855,0.6904761904761905,0.4,2025
681676,FC,37,15,3,22,4,18,6,3,0.2,0.18181818181818182,0.4864864864864865,0.5,2025
681676,FF,208,90,15,106,26,125,34,20,0.16666666666666666,0.24528301886792453,0.6009615384615384,0.5882352941176471,2025
681676,SL,257,141,51,133,44,167,48,17,0.3617021276595745,0.3308270676691729,0.6498054474708171,0.3541666666666667,2025
681739,CH,3,1,0,3,1,1,0,0,0.0,0.3333333333333333,0.3333333333333333,,2025
681739,CU,1,0,0,0,0,1,0,0,,,1.0,,2025
681739,FC,8,5,1,5,2,5,1,1,0.2,0.4,0.625,1.0,2025
681739,FF,7,5,0,2,0,5,2,1,0.0,0.0,0.7142857142857143,0.5,2025
681751,CU,13,6,3,7,2,8,1,0,0.5,0.2857142857142857,0.6153846153846154,0.0,2025
681751,FF,58,35,5,22,6,41,14,4,0.14285714285714285,0.2727272727272727,0.7068965517241379,0.2857142857142857,2025
681751,FS,7,3,1,4,1,3,2,0,0.3333333333333333,0.25,0.42857142857142855,0.0,2025
681751,SL,41,20,9,22,8,28,5,2,0.45,0.36363636363636365,0.6829268292682927,0.4,2025
681799,FC,52,25,2,19,8,39,12,3,0.08,0.42105263157894735,0.75,0.25,2025
681799,SI,9,3,0,5,2,6,1,1,0.0,0.4,0.6666666666666666,1.0,2025
681799,ST,83,39,7,48,17,52,17,5,0.1794871794871795,0.3541666666666667,0.6265060240963856,0.29411764705882354,2025
681810,CH,6,1,0,6,1,1,0,0,0.0,0.16666666666666666,0.16666666666666666,,2025
681810,CU,1,0,0,1,0,0,0,0,,0.0,0.0,,2025
681810,FC,25,12,3,15,3,12,4,2,0.25,0.2,0.48,0.5,2025
681810,FF,20,6,0,14,1,7,2,1,0.0,0.07142857142857142,0.35,0.5,2025
681810,SI,52,24,4,20,4,39,9,4,0.16666666666666666,0.2,0.75,0.4444444444444444,2025
681810,ST,42,19,2,21,5,27,6,1,0.10526315789473684,0.23809523809523808,0.6428571428571429,0.16666666666666666,2025
681857,CH,312,162,74,229,99,184,38,21,0.4567901234567901,0.43231441048034935,0.5897435897435898,0.5526315789473685,2025
681857,CU,73,20,7,60,12,26,8,4,0.35,0.2,0.3561643835616438,0.5,2025
681857,FF,241,104,11,98,17,158,44,9,0.10576923076923077,0.17346938775510204,0.6556016597510373,0.20454545454545456,2025
681857,SI,342,128,3,146,11,208,71,34,0.0234375,0.07534246575342465,0.6081871345029239,0.4788732394366197,2025
681857,SL,270,137,64,169,71,178,44,22,0.46715328467153283,0.42011834319526625,0.6592592592592592,0.5,2025
681857,ST,5,2,0,2,1,4,0,0,0.0,0.5,0.8,,2025
681867,CH,95,57,10,56,24,64,24,18,0.17543859649122806,0.42857142857142855,0.6736842105263158,0.75,2025
681867,FC,89,45,7,42,13,61,17,9,0.15555555555555556,0.30952380952380953,0.6853932584269663,0.5294117647058824,2025
681867,SI,78,30,1,41,11,51,20,9,0.03333333333333333,0.2682926829268293,0.6538461538461539,0.45,2025
681867,ST,37,14,1,23,6,19,9,1,0.07142857142857142,0.2608695652173913,0.5135135135135135,0.1111111111111111,2025
681869,CH,80,42,6,53,20,47,20,15,0.14285714285714285,0.37735849056603776,0.5875,0.75,2025
681869,CU,80,35,10,39,12,50,9,7,0.2857142857142857,0.3076923076923077,0.625,0.7777777777777778,2025
681869,FC,20,9,1,9,1,12,5,2,0.1111111111111111,0.1111111111111111,0.6,0.4,2025
681869,FF,193,79,12,87,15,122,31,9,0.1518987341772152,0.1724137931034483,0.6321243523316062,0.2903225806451613,2025
681869,SI,82,32,4,30,6,54,16,10,0.125,0.2,0.6585365853658537,0.625,2025
681869,ST,96,49,12,58,19,60,23,8,0.24489795918367346,0.3275862068965517,0.625,0.34782608695652173,2025
681870,CU,80,31,10,50,13,42,12,3,0.3225806451612903,0.26,0.525,0.25,2025
681870,FF,365,172,52,165,34,230,35,10,0.3023255813953488,0.20606060606060606,0.6301369863013698,0.2857142857142857,2025
681870,SL,89,52,26,44,17,60,13,5,0.5,0.38636363636363635,0.6741573033707865,0.38461538461538464,2025
681882,FF,32,19,4,15,4,22,7,1,0.21052631578947367,0.26666666666666666,0.6875,0.14285714285714285,2025
681882,KC,56,24,7,31,11,34,8,6,0.2916666666666667,0.3548387096774194,0.6071428571428571,0.75,2025
681882,SI,90,45,7,32,6,58,25,13,0.15555555555555556,0.1875,0.6444444444444445,0.52,2025
681882,SL,36,19,10,19,8,24,4,1,0.5263157894736842,0.42105263157894735,0.6666666666666666,0.25,2025
681890,CH,1,1,0,1,1,1,1,1,0.0,1.0,1.0,1.0,2025
681890,FC,1,0,0,0,0,0,0,0,,,0.0,,2025
681890,FF,5,0,0,3,0,1,0,0,,0.0,0.2,,2025
681890,SI,3,2,0,1,0,2,1,1,0.0,0.0,0.6666666666666666,1.0,2025
681890,ST,1,0,0,0,0,1,0,0,,,1.0,,2025
681892,CH,87,43,8,34,8,58,21,13,0.18604651162790697,0.23529411764705882,0.6666666666666666,0.6190476190476191,2025
681892,FC,179,94,18,77,24,124,32,13,0.19148936170212766,0.3116883116883117,0.6927374301675978,0.40625,2025
681892,SI,237,82,14,94,15,155,35,24,0.17073170731707318,0.1595744680851064,0.6540084388185654,0.6857142857142857,2025
681892,SL,78,34,4,40,8,43,17,5,0.11764705882352941,0.2,0.5512820512820513,0.29411764705882354,2025
681892,ST,144,51,19,96,27,72,17,11,0.37254901960784315,0.28125,0.5,0.6470588235294118,2025
681895,CU,34,14,6,17,8,25,4,2,0.42857142857142855,0.47058823529411764,0.7352941176470589,0.5,2025
681895,FC,34,9,1,19,2,17,6,2,0.1111111111111111,0.10526315789473684,0.5,0.3333333333333333,2025
681895,FF,66,27,4,29,3,39,10,2,0.14814814814814814,0.10344827586206896,0.5909090909090909,0.2,2025
681895,SI,103,37,12,53,18,64,15,12,0.32432432432432434,0.33962264150943394,0.6213592233009708,0.8,2025
681895,SL,4,0,0,4,0,0,0,0,,0.0,0.0,,2025
681895,ST,88,39,15,50,13,51,8,4,0.38461538461538464,0.26,0.5795454545454546,0.5,2025
681911,CH,72,31,7,33,6,44,12,5,0.22580645161290322,0.18181818181818182,0.6111111111111112,0.4166666666666667,2025
681911,FF,655,338,80,306,94,440,82,20,0.23668639053254437,0.30718954248366015,0.6717557251908397,0.24390243902439024,2025
681911,SL,405,198,69,207,65,258,51,21,0.3484848484848485,0.3140096618357488,0.6370370370370371,0.4117647058823529,2025
681916,CU,2,0,0,2,0,0,0,0,,0.0,0.0,,2025
681916,FF,96,49,9,36,7,67,21,9,0.1836734693877551,0.19444444444444445,0.6979166666666666,0.42857142857142855,2025
681916,FS,17,6,1,12,2,6,4,4,0.16666666666666666,0.16666666666666666,0.35294117647058826,1.0,2025
681916,SI,12,8,0,7,3,8,6,4,0.0,0.42857142857142855,0.6666666666666666,0.6666666666666666,2025
681916,ST,59,26,10,38,10,31,9,3,0.38461538461538464,0.2631578947368421,0.5254237288135594,0.3333333333333333,2025
681962,EP,31,17,2,15,4,23,14,3,0.11764705882352941,0.26666666666666666,0.7419354838709677,0.21428571428571427,2025
681962,KN,1,0,0,1,0,0,0,0,,0.0,0.0,,2025
681982,CH,49,28,6,26,8,30,18,11,0.21428571428571427,0.3076923076923077,0.6122448979591837,0.6111111111111112,2025
681982,FF,392,207,67,188,58,250,36,7,0.32367149758454106,0.30851063829787234,0.6377551020408163,0.19444444444444445,2025
681982,SI,298,124,8,112,21,205,71,37,0.06451612903225806,0.1875,0.6879194630872483,0.5211267605633803,2025
681982,ST,451,210,74,268,88,274,74,29,0.3523809523809524,0.3283582089552239,0.6075388026607539,0.3918918918918919,2025
681987,EP,6,4,0,2,0,4,3,1,0.0,0.0,0.6666666666666666,0.3333333333333333,2025
681987,FA,8,2,0,5,1,4,1,1,0.0,0.2,0.5,1.0,2025
682052,CH,224,103,30,143,45,125,41,9,0.2912621359223301,0.3146853146853147,0.5580357142857143,0.21951219512195122,2025
682052,FC,243,129,22,111,29,165,41,10,0.17054263565891473,0.26126126126126126,0.6790123456790124,0.24390243902439024,2025
682052,FF,587,230,60,332,82,341,46,15,0.2608695652173913,0.2469879518072289,0.5809199318568995,0.32608695652173914,2025
682052,SI,103,40,6,48,11,66,20,5,0.15,0.22916666666666666,0.6407766990291263,0.25,2025
682052,SL,509,257,79,251,85,341,93,30,0.30739299610894943,0.3386454183266932,0.6699410609037328,0.3225806451612903,2025
682120,CU,320,146,59,210,76,190,45,14,0.4041095890410959,0.3619047619047619,0.59375,0.3111111111111111,2025
682120,FF,216,93,13,93,19,136,34,15,0.13978494623655913,0.20430107526881722,0.6296296296296297,0.4411764705882353,2025
682120,SI,139,42,8,73,11,79,18,11,0.19047619047619047,0.1506849315068493,0.5683453237410072,0.6111111111111112,2025
682120,SL,155,70,20,79,16,93,27,11,0.2857142857142857,0.20253164556962025,0.6,0.4074074074074074,2025
682144,FF,12,7,0,5,1,8,1,0,0.0,0.2,0.6666666666666666,0.0,2025
682144,FS,2,1,0,1,0,1,0,0,0.0,0.0,0.5,,2025
682144,SI,4,0,0,3,0,2,0,0,,0.0,0.5,,2025
682144,SL,13,6,4,8,2,6,0,0,0.6666666666666666,0.25,0.46153846153846156,,2025
682171,CH,2,0,0,2,0,0,0,0,,0.0,0.0,,2025
682171,FF,91,44,7,40,14,64,14,8,0.1590909090909091,0.35,0.7032967032967034,0.5714285714285714,2025
682171,SI,34,16,1,16,4,21,9,3,0.0625,0.25,0.6176470588235294,0.3333333333333333,2025
682171,ST,124,52,18,79,25,70,22,4,0.34615384615384615,0.31645569620253167,0.5645161290322581,0.18181818181818182,2025
682202,FC,4,2,0,1,0,3,2,0,0.0,0.0,0.75,0.0,2025
682202,SI,6,1,0,2,0,3,1,1,0.0,0.0,0.5,1.0,2025
682202,SL,1,0,0,1,0,0,0,0,,0.0,0.0,,2025
682243,FC,12,5,2,8,2,5,1,0,0.4,0.25,0.4166666666666667,0.0,2025
682243,FF,739,415,76,324,96,504,130,28,0.18313253012048192,0.2962962962962963,0.6820027063599459,0.2153846153846154,2025
682243,FS,339,188,50,171,55,225,72,38,0.26595744680851063,0.3216374269005848,0.6637168141592921,0.5277777777777778,2025
682243,KC,180,85,25,112,33,100,35,19,0.29411764705882354,0.29464285714285715,0.5555555555555556,0.5428571428571428,2025
682243,PO,1,0,0,1,0,0,0,0,,0.0,0.0,,2025
682243,SI,306,139,9,114,18,212,67,33,0.06474820143884892,0.15789473684210525,0.6928104575163399,0.4925373134328358,2025
682243,SL,150,65,21,73,18,99,18,4,0.3230769230769231,0.2465753424657534,0.66,0.2222222222222222,2025
682243,ST,79,25,5,61,13,32,13,7,0.2,0.21311475409836064,0.4050632911392405,0.5384615384615384,2025
682254,FF,583,290,74,260,71,387,74,30,0.25517241379310346,0.27307692307692305,0.6638078902229846,0.40540540540540543,2025
682254,SL,293,160,68,165,64,184,47,24,0.425,0.3878787878787879,0.6279863481228669,0.5106382978723404,2025
682274,FF,119,61,9,59,16,75,23,6,0.14754098360655737,0.2711864406779661,0.6302521008403361,0.2608695652173913,2025
682274,FS,111,73,44,74,39,76,17,8,0.6027397260273972,0.527027027027027,0.6846846846846847,0.47058823529411764,2025
682274,SI,2,1,0,1,0,1,1,0,0.0,0.0,0.5,0.0,2025
682274,SL,82,40,11,42,12,50,13,8,0.275,0.2857142857142857,0.6097560975609756,0.6153846153846154,2025
682515,CU,1,0,0,1,0,0,0,0,,0.0,0.0,,2025
682515,SL,14,7,2,5,0,9,5,3,0.2857142857142857,0.0,0.6428571428571429,0.6,2025
682607,FF,2,1,0,1,1,2,1,0,0.0,1.0,1.0,0.0,2025
682607,SI,1,0,0,1,0,0,0,0,,0.0,0.0,,2025
682607,SL,1,0,0,1,0,0,0,0,,0.0,0.0,,2025
682610,CH,7,2,0,7,2,2,1,0,0.0,0.2857142857142857,0.2857142857142857,0.0,2025
682610,FC,64,32,13,35,8,38,4,0,0.40625,0.22857142857142856,0.59375,0.0,2025
682610,FF,38,19,1,16,3,25,5,0,0.05263157894736842,0.1875,0.6578947368421053,0.0,2025
682610,SI,50,23,5,20,2,33,10,5,0.21739130434782608,0.1,0.66,0.5,2025
682610,SL,70,38,15,44,18,45,8,2,0.39473684210526316,0.4090909090909091,0.6428571428571429,0.25,2025
682769,CH,6,1,0,4,0,2,0,0,0.0,0.0,0.3333333333333333,,2025
682769,CU,17,2,1,13,1,6,1,0,0.5,0.07692307692307693,0.35294117647058826,0.0,2025
682769,FF,22,14,2,11,4,15,7,3,0.14285714285714285,0.36363636363636365,0.6818181818181818,0.42857142857142855,2025
682769,SI,11,4,2,7,1,5,2,1,0.5,0.14285714285714285,0.45454545454545453,0.5,2025
682790,CH,57,23,11,38,8,26,6,0,0.4782608695652174,0.21052631578947367,0.45614035087719296,0.0,2025
682790,FF,206,100,20,83,17,139,33,11,0.2,0.20481927710843373,0.6747572815533981,0.3333333333333333,2025
682790,SL,19,9,3,8,0,11,2,1,0.3333333333333333,0.0,0.5789473684210527,0.5,2025
682790,SV,86,29,12,53,13,46,9,4,0.41379310344827586,0.24528301886792453,0.5348837209302325,0.4444444444444444,2025
682825,FF,8,2,0,5,1,4,1,1,0.0,0.2,0.5,1.0,2025
682825,SI,302,120,23,155,35,178,46,26,0.19166666666666668,0.22580645161290322,0.5894039735099338,0.5652173913043478,2025
682825,SL,104,45,18,62,13,55,10,2,0.4,0.20967741935483872,0.5288461538461539,0.2,2025
682840,CH,6,3,3,5,2,3,0,0,1.0,0.4,0.5,,2025
682840,CU,1,0,0,1,0,0,0,0,,0.0,0.0,,2025
682840,FF,4,1,0,2,1,3,0,0,0.0,0.5,0.75,,2025
682840,SL,2,2,1,0,0,2,0,0,0.5,,1.0,,2025
682842,FF,26,16,1,10,2,18,4,3,0.0625,0.2,0.6923076923076923,0.75,2025
682842,SI,646,293,52,273,63,423,124,78,0.17747440273037543,0.23076923076923078,0.6547987616099071,0.6290322580645161,2025
682842,SL,579,254,109,309,101,364,62,20,0.42913385826771655,0.3268608414239482,0.6286701208981001,0.3225806451612903,2025
682847,CH,202,102,26,111,32,122,37,20,0.2549019607843137,0.2882882882882883,0.6039603960396039,0.5405405405405406,2025
682847,FC,214,78,13,102,14,135,29,15,0.16666666666666666,0.13725490196078433,0.6308411214953271,0.5172413793103449,2025
682847,FF,508,227,61,246,47,315,68,21,0.2687224669603524,0.1910569105691057,0.6200787401574803,0.3088235294117647,2025
682847,SI,313,151,17,121,35,234,74,48,0.11258278145695365,0.2892561983471074,0.7476038338658147,0.6486486486486487,2025
682847,SL,423,209,77,234,76,259,62,24,0.3684210526315789,0.3247863247863248,0.6122931442080378,0.3870967741935484,2025
682967,CH,12,5,2,5,0,8,2,0,0.4,0.0,0.6666666666666666,0.0,2025
682967,FF,9,2,0,6,1,4,1,0,0.0,0.16666666666666666,0.4444444444444444,0.0,2025
682967,SL,5,4,1,3,3,5,2,1,0.25,1.0,1.0,0.5,2025
682989,CH,12,5,1,6,0,6,4,0,0.2,0.0,0.5,0.0,2025
682989,FC,80,29,10,44,9,42,6,2,0.3448275862068966,0.20454545454545456,0.525,0.3333333333333333,2025
682989,FS,5,2,0,3,0,2,2,0,0.0,0.0,0.4,0.0,2025
682989,SI,153,72,6,67,13,100,30,13,0.08333333333333333,0.19402985074626866,0.6535947712418301,0.43333333333333335,2025
682989,SL,1,0,0,1,0,0,0,0,,0.0,0.0,,2025
682989,ST,63,26,11,37,9,33,10,2,0.4230769230769231,0.24324324324324326,0.5238095238095238,0.2,2025
682990,CH,37,15,3,24,5,18,6,4,0.2,0.20833333333333334,0.4864864864864865,0.6666666666666666,2025
682990,CU,234,104,42,150,53,136,30,13,0.40384615384615385,0.35333333333333333,0.5811965811965812,0.43333333333333335,2025
682990,FC,545,252,49,256,55,332,85,43,0.19444444444444445,0.21484375,0.6091743119266055,0.5058823529411764,2025
682990,SI,1062,454,50,464,92,685,222,144,0.11013215859030837,0.19827586206896552,0.6450094161958568,0.6486486486486487,2025
682990,SL,687,358,118,387,136,437,138,63,0.329608938547486,0.35142118863049093,0.636098981077147,0.45652173913043476,2025
682995,FF,23,12,3,8,3,18,5,1,0.25,0.375,0.782608695652174,0.2,2025
682995,FS,13,7,3,8,3,9,2,1,0.42857142857142855,0.375,0.6923076923076923,0.5,2025
682995,SL,10,6,1,6,3,7,2,2,0.16666666666666666,0.5,0.7,1.0,2025
682999,FC,3,3,2,2,2,3,1,0,0.6666666666666666,1.0,1.0,0.0,2025
682999,FF,1,0,0,1,0,0,0,0,,0.0,0.0,,2025
683004,CH,447,190,55,246,50,240,68,38,0.2894736842105263,0.2032520325203252,0.5369127516778524,0.5588235294117647,2025
683004,CU,247,86,29,153,34,129,28,8,0.3372093023255814,0.2222222222222222,0.5222672064777328,0.2857142857142857,2025
683004,FF,1029,515,95,454,112,676,162,52,0.18446601941747573,0.24669603524229075,0.6569484936831875,0.32098765432098764,2025
683004,PO,1,0,0,1,0,0,0,0,,0.0,0.0,,2025
683004,SI,323,166,23,133,37,218,74,23,0.13855421686746988,0.2781954887218045,0.6749226006191951,0.3108108108108108,2025
683004,SL,621,325,81,296,91,415,116,48,0.24923076923076923,0.30743243243243246,0.6682769726247987,0.41379310344827586,2025
683021,EP,7,3,0,5,1,4,3,0,0.0,0.2,0.5714285714285714,0.0,2025
683085,FF,7,3,0,3,1,5,2,0,0.0,0.3333333333333333,0.7142857142857143,0.0,2025
683085,ST,4,1,0,2,0,2,1,0,0.0,0.0,0.5,0.0,2025
683094,CU,10,3,1,4,1,6,1,0,0.3333333333333333,0.25,0.6,0.0,2025
683094,FF,6,1,0,5,0,3,0,0,0.0,0.0,0.5,,2025
683094,SI,8,3,1,6,2,4,0,0,0.3333333333333333,0.3333333333333333,0.5,,2025
683094,SL,4,3,3,4,3,3,0,0,1.0,0.75,0.75,,2025
683155,CH,27,13,1,16,4,15,7,2,0.07692307692307693,0.25,0.5555555555555556,0.2857142857142857,2025
683155,FF,129,74,15,53,14,87,30,6,0.20270270270270271,0.2641509433962264,0.6744186046511628,0.2,2025
683155,SI,22,10,1,13,3,11,5,1,0.1,0.23076923076923078,0.5,0.2,2025
683155,SL,49,22,2,22,5,32,13,4,0.09090909090909091,0.22727272727272727,0.6530612244897959,0.3076923076923077,2025
683155,ST,39,17,2,21,6,23,10,4,0.11764705882352941,0.2857142857142857,0.5897435897435898,0.4,2025
683175,CU,19,6,2,13,1,8,3,1,0.3333333333333333,0.07692307692307693,0.42105263157894735,0.3333333333333333,2025
683175,FF,198,76,16,94,14,119,33,10,0.21052631578947367,0.14893617021276595,0.601010101010101,0.30303030303030304,2025
683175,ST,183,83,44,107,37,115,20,5,0.5301204819277109,0.34579439252336447,0.6284153005464481,0.25,2025
683232,CU,35,14,2,17,3,21,5,1,0.14285714285714285,0.17647058823529413,0.6,0.2,2025
683232,FF,472,259,36,189,43,322,98,30,0.138996138996139,0.2275132275132275,0.6822033898305084,0.30612244897959184,2025
683232,SL,375,211,76,184,83,272,61,26,0.36018957345971564,0.45108695652173914,0.7253333333333334,0.4262295081967213,2025
683409,CH,385,200,86,233,76,234,59,32,0.43,0.3261802575107296,0.6077922077922078,0.5423728813559322,2025
683409,FF,487,226,22,228,52,311,120,60,0.09734513274336283,0.22807017543859648,0.6386036960985626,0.5,2025
683409,SL,184,102,43,101,38,121,32,13,0.4215686274509804,0.37623762376237624,0.657608695652174,0.40625,2025
683510,CU,1,1,0,0,0,1,1,1,0.0,,1.0,1.0,2025
683510,FF,4,4,0,0,0,4,3,1,0.0,,1.0,0.3333333333333333,2025
683510,SI,5,1,0,4,1,2,0,0,0.0,0.25,0.4,,2025
683510,SL,5,0,0,4,0,1,0,0,,0.0,0.2,,2025
683618,CU,42,15,4,18,4,24,4,1,0.26666666666666666,0.2222222222222222,0.5714285714285714,0.25,2025
683618,FC,56,27,7,28,8,33,9,3,0.25925925925925924,0.2857142857142857,0.5892857142857143,0.3333333333333333,2025
683618,FF,112,59,13,52,12,72,18,2,0.22033898305084745,0.23076923076923078,0.6428571428571429,0.1111111111111111,2025
683618,SI,91,46,10,43,13,59,25,20,0.21739130434782608,0.3023255813953488,0.6483516483516484,0.8,2025
683618,SL,41,24,12,23,8,25,5,3,0.5,0.34782608695652173,0.6097560975609756,0.6,2025
683627,CH,110,48,12,69,19,59,15,7,0.25,0.2753623188405797,0.5363636363636364,0.4666666666666667,2025
683627,CU,91,41,19,64,23,51,18,7,0.4634146341463415,0.359375,0.5604395604395604,0.3888888888888889,2025
683627,FC,21,10,1,12,5,13,4,1,0.1,0.4166666666666667,0.6190476190476191,0.25,2025
683627,FF,270,132,16,115,29,185,74,28,0.12121212121212122,0.25217391304347825,0.6851851851851852,0.3783783783783784,2025
683627,SI,29,7,1,22,3,10,3,1,0.14285714285714285,0.13636363636363635,0.3448275862068966,0.3333333333333333,2025
683627,SL,87,43,16,57,20,51,12,9,0.37209302325581395,0.3508771929824561,0.5862068965517241,0.75,2025
683766,EP,37,21,0,13,5,29,14,5,0.0,0.38461538461538464,0.7837837837837838,0.35714285714285715,2025
683766,FA,3,1,0,2,0,1,1,0,0.0,0.0,0.3333333333333333,0.0,2025
683766,KN,2,1,0,2,1,1,1,1,0.0,0.5,0.5,1.0,2025
683769,CH,153,57,24,103,24,72,17,9,0.42105263157894735,0.23300970873786409,0.47058823529411764,0.5294117647058824,2025
683769,FF,364,216,45,147,52,271,79,24,0.20833333333333334,0.35374149659863946,0.7445054945054945,0.3037974683544304,2025
683769,SL,595,300,99,329,118,391,97,42,0.33,0.3586626139817629,0.6571428571428571,0.4329896907216495,2025
684007,CU,35,9,2,16,1,18,3,1,0.2222222222222222,0.0625,0.5142857142857142,0.3333333333333333,2025
684007,FF,1129,594,78,451,105,765,222,47,0.13131313131313133,0.2328159645232816,0.6775907883082374,0.21171171171171171,2025
684007,FS,703,433,133,372,155,486,162,72,0.3071593533487298,0.4166666666666667,0.6913229018492176,0.4444444444444444,2025
684007,SI,28,17,2,15,6,22,10,7,0.11764705882352941,0.4,0.7857142857142857,0.7,2025
684007,SL,14,8,4,10,4,8,4,1,0.5,0.4,0.5714285714285714,0.25,2025
684007,ST,380,171,55,190,63,250,44,4,0.3216374269005848,0.33157894736842103,0.6578947368421053,0.09090909090909091,2025
684320,FF,491,202,34,236,35,280,74,32,0.16831683168316833,0.1483050847457627,0.570264765784114,0.43243243243243246,2025
684320,FS,143,55,10,107,26,60,25,16,0.18181818181818182,0.24299065420560748,0.4195804195804196,0.64,2025
684320,PO,1,0,0,1,0,0,0,0,,0.0,0.0,,2025
684320,SI,72,36,4,40,14,45,21,8,0.1111111111111111,0.35,0.625,0.38095238095238093,2025
684320,SL,510,250,88,273,94,328,81,26,0.352,0.3443223443223443,0.6431372549019608,0.32098765432098764,2025
684384,FF,1,1,0,0,0,1,1,0,0.0,,1.0,0.0,2025
684384,SI,4,1,1,3,1,2,0,0,1.0,0.3333333333333333,0.5,,2025
684384,SL,6,3,1,2,0,4,1,0,0.3333333333333333,0.0,0.6666666666666666,0.0,2025
684483,CH,2,1,0,2,1,1,1,0,0.0,0.5,0.5,0.0,2025
684483,SI,3,1,0,2,1,2,0,0,0.0,0.5,0.6666666666666666,,2025
684483,SL,7,6,3,3,3,7,1,0,0.5,1.0,1.0,0.0,2025
684974,CH,83,39,12,44,15,54,11,2,0.3076923076923077,0.3409090909090909,0.6506024096385542,0.18181818181818182,2025
684974,FC,12,4,1,7,2,7,1,0,0.25,0.2857142857142857,0.5833333333333334,0.0,2025
684974,FF,69,23,4,37,1,32,9,6,0.17391304347826086,0.02702702702702703,0.463768115942029,0.6666666666666666,2025
684974,ST,16,6,1,11,3,8,3,3,0.16666666666666666,0.2727272727272727,0.5,1.0,2025
685001,CH,2,1,1,2,1,1,0,0,1.0,0.5,0.5,,2025
685001,FF,12,2,0,7,1,7,0,0,0.0,0.14285714285714285,0.5833333333333334,,2025
685001,SL,13,4,1,8,1,6,1,0,0.25,0.125,0.46153846153846156,0.0,2025
685001,ST,4,1,1,3,0,1,0,0,1.0,0.0,0.25,,2025
685005,CH,3,1,0,2,0,1,1,0,0.0,0.0,0.3333333333333333,0.0,2025
685005,FF,9,4,0,4,1,6,2,1,0.0,0.25,0.6666666666666666,0.5,2025
685005,SI,17,6,0,7,0,10,3,2,0.0,0.0,0.5882352941176471,0.6666666666666666,2025
685005,SL,12,4,0,9,1,5,0,0,0.0,0.1111111111111111,0.4166666666666667,,2025
685045,FF,4,2,0,1,0,3,0,0,0.0,0.0,0.75,,2025
685045,SI,2,0,0,2,0,0,0,0,,0.0,0.0,,2025
685045,SL,11,4,1,7,2,6,2,1,0.25,0.2857142857142857,0.5454545454545454,0.5,2025
685068,CU,30,15,3,15,5,20,3,1,0.2,0.3333333333333333,0.6666666666666666,0.3333333333333333,2025
685068,FF,27,17,3,12,4,19,7,1,0.17647058823529413,0.3333333333333333,0.7037037037037037,0.14285714285714285,2025
685068,FS,9,4,0,4,0,6,2,0,0.0,0.0,0.6666666666666666,0.0,2025
685068,SI,22,11,1,12,4,15,5,3,0.09090909090909091,0.3333333333333333,0.6818181818181818,0.6,2025
685068,SL,7,3,0,2,0,4,3,1,0.0,0.0,0.5714285714285714,0.3333333333333333,2025
685107,CH,37,12,4,30,6,13,4,1,0.3333333333333333,0.2,0.35135135135135137,0.25,2025
685107,FF,151,79,14,57,17,111,28,14,0.17721518987341772,0.2982456140350877,0.7350993377483444,0.5,2025
685107,SI,56,28,6,25,10,41,12,8,0.21428571428571427,0.4,0.7321428571428571,0.6666666666666666,2025
685107,SL,115,52,14,71,18,62,18,9,0.2692307692307692,0.2535211267605634,0.5391304347826087,0.5,2025
685107,ST,140,74,21,75,28,94,21,9,0.28378378378378377,0.37333333333333335,0.6714285714285714,0.42857142857142855,2025
685112,CU,1,0,0,0,0,1,0,0,,,1.0,,2025
685112,FC,4,1,0,3,0,1,1,0,0.0,0.0,0.25,0.0,2025
685112,FF,3,2,0,1,0,2,0,0,0.0,0.0,0.6666666666666666,,2025
685112,SL,7,3,1,2,1,6,1,0,0.3333333333333333,0.5,0.8571428571428571,0.0,2025
685126,CH,362,176,71,256,97,209,63,33,0.4034090909090909,0.37890625,0.5773480662983426,0.5238095238095238,2025
685126,FF,400,153,42,212,45,229,38,5,0.27450980392156865,0.21226415094339623,0.5725,0.13157894736842105,2025
685126,SI,41,21,1,31,12,22,11,7,0.047619047619047616,0.3870967741935484,0.5365853658536586,0.6363636363636364,2025
685126,SL,452,237,65,207,67,304,97,37,0.2742616033755274,0.32367149758454106,0.672566371681416,0.38144329896907214,2025
685299,CH,263,155,38,137,53,178,63,25,0.24516129032258063,0.38686131386861317,0.6768060836501901,0.3968253968253968,2025
685299,CU,5,3,0,3,1,3,3,0,0.0,0.3333333333333333,0.6,0.0,2025
685299,FF,657,348,42,249,58,465,118,33,0.1206896551724138,0.23293172690763053,0.7077625570776256,0.2796610169491525,2025
685299,SL,319,156,29,158,36,195,71,32,0.1858974358974359,0.22784810126582278,0.6112852664576802,0.4507042253521127,2025
685314,CU,191,77,27,105,30,115,24,9,0.35064935064935066,0.2857142857142857,0.6020942408376964,0.375,2025
685314,FF,41,27,3,16,6,31,12,5,0.1111111111111111,0.375,0.7560975609756098,0.4166666666666667,2025
685314,SI,195,97,22,83,21,125,48,24,0.2268041237113402,0.25301204819277107,0.6410256410256411,0.5,2025
685321,CH,1,1,0,0,0,1,1,1,0.0,,1.0,1.0,2025
685321,FC,3,2,1,2,1,2,1,0,0.5,0.5,0.6666666666666666,0.0,2025
685321,FF,3,2,1,2,1,2,0,0,0.5,0.5,0.6666666666666666,,2025
685321,SL,7,2,0,2,0,4,2,0,0.0,0.0,0.5714285714285714,0.0,2025
685326,CH,28,11,2,22,6,12,7,3,0.18181818181818182,0.2727272727272727,0.42857142857142855,0.42857142857142855,2025
685326,FF,286,133,23,130,36,184,42,12,0.17293233082706766,0.27692307692307694,0.6433566433566433,0.2857142857142857,2025
685326,KC,90,27,7,56,11,44,10,4,0.25925925925925924,0.19642857142857142,0.4888888888888889,0.4,2025
685326,PO,1,0,0,1,0,0,0,0,,0.0,0.0,,2025
685326,SL,97,52,19,49,16,62,22,9,0.36538461538461536,0.32653061224489793,0.6391752577319587,0.4090909090909091,2025
685801,CU,15,5,3,11,3,7,1,0,0.6,0.2727272727272727,0.4666666666666667,0.0,2025
685801,FF,108,58,8,50,13,74,24,11,0.13793103448275862,0.26,0.6851851851851852,0.4583333333333333,2025
685801,FS,1,1,0,0,0,1,0,0,0.0,,1.0,,2025
685801,SI,10,7,1,5,2,7,4,2,0.14285714285714285,0.4,0.7,0.5,2025
685801,SL,108,55,22,60,15,67,17,5,0.4,0.25,0.6203703703703703,0.29411764705882354,2025
685801,UN,1,0,0,1,0,0,0,0,,0.0,0.0,,2025
686218,CH,207,105,29,117,34,121,37,13,0.2761904761904762,0.2905982905982906,0.5845410628019324,0.35135135135135137,2025
686218,CU,78,12,3,46,5,37,1,1,0.25,0.10869565217391304,0.47435897435897434,1.0,2025
686218,FA,1,0,0,1,0,0,0,0,,0.0,0.0,,2025
686218,FF,616,323,80,293,90,409,101,21,0.2476780185758514,0.30716723549488056,0.663961038961039,0.2079207920792079,2025
686218,SL,398,222,86,221,97,278,67,35,0.38738738738738737,0.43891402714932126,0.6984924623115578,0.5223880597014925,2025
686228,CH,5,2,0,3,0,2,1,0,0.0,0.0,0.4,0.0,2025
686228,CU,5,2,1,4,1,2,1,0,0.5,0.25,0.4,0.0,2025
686228,FC,84,37,13,50,18,52,9,2,0.35135135135135137,0.36,0.6190476190476191,0.2222222222222222,2025
686228,SI,77,29,0,41,6,41,22,14,0.0,0.14634146341463414,0.5324675324675324,0.6363636363636364,2025
686228,ST,71,42,14,33,14,51,11,3,0.3333333333333333,0.42424242424242425,0.7183098591549296,0.2727272727272727,2025
686249,CH,21,14,4,15,8,14,2,1,0.2857142857142857,0.5333333333333333,0.6666666666666666,0.5,2025
686249,FC,14,8,1,10,6,10,1,0,0.125,0.6,0.7142857142857143,0.0,2025
686249,FF,12,7,0,5,0,7,4,1,0.0,0.0,0.5833333333333334,0.25,2025
686249,SL,1,1,0,0,0,1,0,0,0.0,,1.0,,2025
686294,CH,11,3,1,9,2,4,1,1,0.3333333333333333,0.2222222222222222,0.36363636363636365,1.0,2025
686294,FC,11,3,1,8,1,4,2,1,0.3333333333333333,0.125,0.36363636363636365,0.5,2025
686294,FF,16,10,3,5,1,12,4,2,0.3,0.2,0.75,0.5,2025
686294,SL,4,1,0,2,1,3,0,0,0.0,0.5,0.75,,2025
686463,CU,1,0,0,0,0,1,0,0,,,1.0,,2025
686463,FC,6,1,0,3,0,4,1,0,0.0,0.0,0.6666666666666666,0.0,2025
686463,FF,3,2,0,1,0,2,1,0,0.0,0.0,0.6666666666666666,0.0,2025
686463,SI,2,1,1,1,0,1,0,0,1.0,0.0,0.5,,2025
686463,SL,1,1,1,1,1,1,0,0,1.0,1.0,1.0,,2025
686539,FF,4,0,0,4,0,0,0,0,,0.0,0.0,,2025
686539,SI,8,3,0,4,0,5,2,0,0.0,0.0,0.625,0.0,2025
686539,SL,9,6,0,1,0,8,2,0,0.0,0.0,0.8888888888888888,0.0,2025
686539,ST,6,3,0,4,1,3,1,0,0.0,0.25,0.5,0.0,2025
686563,CH,383,208,43,220,72,234,73,36,0.20673076923076922,0.32727272727272727,0.6109660574412533,0.4931506849315068,2025
686563,FC,418,199,45,181,38,273,60,16,0.22613065326633167,0.20994475138121546,0.65311004784689,0.26666666666666666,2025
686563,FF,325,186,41,163,51,210,55,14,0.22043010752688172,0.3128834355828221,0.6461538461538462,0.2545454545454545,2025
686563,SI,393,178,17,164,32,257,105,55,0.09550561797752809,0.1951219512195122,0.6539440203562341,0.5238095238095238,2025
686563,SL,5,4,1,1,1,5,2,0,0.25,1.0,1.0,0.0,2025
686563,ST,269,93,18,150,30,144,40,5,0.1935483870967742,0.2,0.5353159851301115,0.125,2025
686580,CU,99,49,16,63,21,54,16,7,0.32653061224489793,0.3333333333333333,0.5454545454545454,0.4375,2025
686580,FC,180,89,20,62,13,129,45,22,0.2247191011235955,0.20967741935483872,0.7166666666666667,0.4888888888888889,2025
686580,FF,196,115,27,81,22,134,36,11,0.23478260869565218,0.2716049382716049,0.6836734693877551,0.3055555555555556,2025
686580,ST,65,38,13,41,19,41,13,4,0.34210526315789475,0.4634146341463415,0.6307692307692307,0.3076923076923077,2025
686613,CH,356,158,39,223,64,193,66,30,0.2468354430379747,0.28699551569506726,0.5421348314606742,0.45454545454545453,2025
686613,FC,42,17,4,17,4,26,7,2,0.23529411764705882,0.23529411764705882,0.6190476190476191,0.2857142857142857,2025
686613,FF,1110,467,123,545,123,682,116,35,0.2633832976445396,0.22568807339449543,0.6144144144144145,0.3017241379310345,2025
686613,KC,530,232,87,314,99,311,75,46,0.375,0.31528662420382164,0.5867924528301887,0.6133333333333333,2025
686613,SI,672,333,54,330,131,467,136,80,0.16216216216216217,0.396969696969697,0.6949404761904762,0.5882352941176471,2025
686613,SL,252,119,28,144,42,151,59,28,0.23529411764705882,0.2916666666666667,0.5992063492063492,0.4745762711864407,2025
686642,CH,32,12,5,28,9,13,1,1,0.4166666666666667,0.32142857142857145,0.40625,1.0,2025
686642,FC,3,1,1,2,0,1,0,0,1.0,0.0,0.3333333333333333,,2025
686642,FF,190,93,21,79,16,121,17,4,0.22580645161290322,0.20253164556962025,0.6368421052631579,0.23529411764705882,2025
686642,SI,49,17,2,27,6,23,10,6,0.11764705882352941,0.2222222222222222,0.46938775510204084,0.6,2025
686642,SL,99,36,18,64,14,54,8,3,0.5,0.21875,0.5454545454545454,0.375,2025
686643,CU,10,2,0,5,0,5,1,1,0.0,0.0,0.5,1.0,2025
686643,FF,11,3,0,6,0,6,1,0,0.0,0.0,0.5454545454545454,0.0,2025
686654,FC,17,10,0,5,1,11,1,1,0.0,0.2,0.6470588235294118,1.0,2025
686654,FF,34,18,3,10,2,24,1,0,0.16666666666666666,0.2,0.7058823529411765,0.0,2025
686654,FS,5,3,1,3,1,3,0,0,0.3333333333333333,0.3333333333333333,0.6,,2025
686654,SI,1,0,0,1,0,0,0,0,,0.0,0.0,,2025
686654,SL,25,13,4,12,2,14,4,0,0.3076923076923077,0.16666666666666666,0.56,0.0,2025
686676,EP,6,0,0,6,0,0,0,0,,0.0,0.0,,2025
686676,FA,36,22,2,19,6,25,10,3,0.09090909090909091,0.3157894736842105,0.6944444444444444,0.3,2025
686676,FF,2,2,0,0,0,2,2,1,0.0,,1.0,0.5,2025
686678,CH,11,4,0,4,0,6,3,1,0.0,0.0,0.5454545454545454,0.3333333333333333,2025
686678,CU,1,1,0,0,0,1,0,0,0.0,,1.0,,2025
686678,FC,5,4,1,2,1,4,1,0,0.25,0.5,0.8,0.0,2025
686678,FF,22,7,2,11,4,15,4,1,0.2857142857142857,0.36363636363636365,0.6818181818181818,0.25,2025
686678,ST,8,3,0,5,0,3,0,0,0.0,0.0,0.375,,2025
686700,CH,2,0,0,2,0,0,0,0,,0.0,0.0,,2025
686700,FC,14,7,1,5,2,11,2,1,0.14285714285714285,0.4,0.7857142857142857,0.5,2025
686700,FF,11,5,0,7,2,5,2,0,0.0,0.2857142857142857,0.45454545454545453,0.0,2025
686700,SL,10,5,2,8,3,5,3,0,0.4,0.375,0.5,0.0,2025
686701,CH,99,40,15,67,14,45,14,5,0.375,0.208955223880597,0.45454545454545453,0.35714285714285715,2025
686701,CU,10,5,0,7,3,6,2,2,0.0,0.42857142857142855,0.6,1.0,2025
686701,FF,558,274,32,235,53,369,84,15,0.11678832116788321,0.225531914893617,0.6612903225806451,0.17857142857142858,2025
686701,SI,86,45,4,29,7,60,19,3,0.08888888888888889,0.2413793103448276,0.6976744186046512,0.15789473684210525,2025
686701,SL,325,152,48,184,53,195,57,24,0.3157894736842105,0.28804347826086957,0.6,0.42105263157894735,2025
686701,ST,234,99,26,114,29,148,38,14,0.26262626262626265,0.2543859649122807,0.6324786324786325,0.3684210526315789,2025
686730,CH,66,30,6,46,12,32,13,7,0.2,0.2608695652173913,0.48484848484848486,0.5384615384615384,2025
686730,FC,53,25,6,24,6,35,6,2,0.24,0.25,0.660377358490566,0.3333333333333333,2025
686730,FF,41,19,4,25,7,22,6,1,0.21052631578947367,0.28,0.5365853658536586,0.16666666666666666,2025
686730,SI,68,31,4,30,10,51,17,5,0.12903225806451613,0.3333333333333333,0.75,0.29411764705882354,2025
686730,ST,66,25,6,38,8,37,12,2,0.24,0.21052631578947367,0.5606060606060606,0.16666666666666666,2025
686747,CH,17,7,0,11,2,8,3,1,0.0,0.18181818181818182,0.47058823529411764,0.3333333333333333,2025
686747,FF,27,15,0,11,2,19,8,2,0.0,0.18181818181818182,0.7037037037037037,0.25,2025
686747,SI,57,19,2,21,3,39,16,7,0.10526315789473684,0.14285714285714285,0.6842105263157895,0.4375,2025
686747,ST,31,14,4,14,2,19,7,2,0.2857142857142857,0.14285714285714285,0.6129032258064516,0.2857142857142857,2025
686751,CU,15,7,2,9,3,9,3,2,0.2857142857142857,0.3333333333333333,0.6,0.6666666666666666,2025
686751,FF,110,55,7,54,12,70,16,8,0.12727272727272726,0.2222222222222222,0.6363636363636364,0.5,2025
686751,FS,16,9,1,6,2,12,4,2,0.1111111111111111,0.3333333333333333,0.75,0.5,2025
686751,SL,73,44,18,27,11,56,10,4,0.4090909090909091,0.4074074074074074,0.7671232876712328,0.4,2025
686752,CH,685,371,106,369,126,438,137,69,0.2857142857142857,0.34146341463414637,0.6394160583941606,0.5036496350364964,2025
686752,CU,90,25,7,62,12,40,12,4,0.28,0.1935483870967742,0.4444444444444444,0.3333333333333333,2025
686752,FC,174,87,21,83,23,113,30,9,0.2413793103448276,0.27710843373493976,0.6494252873563219,0.3,2025
686752,FF,1232,615,131,537,134,816,175,49,0.21300813008130082,0.24953445065176907,0.6623376623376623,0.28,2025
686752,PO,1,0,0,1,0,0,0,0,,0.0,0.0,,2025
686752,SI,70,22,1,36,6,39,12,8,0.045454545454545456,0.16666666666666666,0.5571428571428572,0.6666666666666666,2025
686752,SL,482,249,54,224,74,314,81,33,0.21686746987951808,0.33035714285714285,0.6514522821576764,0.4074074074074074,2025
686753,CH,13,5,0,7,1,7,2,2,0.0,0.14285714285714285,0.5384615384615384,1.0,2025
686753,FF,10,5,0,4,0,6,4,0,0.0,0.0,0.6,0.0,2025
686753,SI,16,6,1,10,1,9,3,2,0.16666666666666666,0.1,0.5625,0.6666666666666666,2025
686753,SL,14,4,2,11,3,5,1,0,0.5,0.2727272727272727,0.35714285714285715,0.0,2025
686790,CH,12,8,1,8,4,8,5,3,0.125,0.5,0.6666666666666666,0.6,2025
686790,FC,11,5,3,7,4,9,1,1,0.6,0.5714285714285714,0.8181818181818182,1.0,2025
686790,SI,82,29,3,35,9,53,17,9,0.10344827586206896,0.2571428571428571,0.6463414634146342,0.5294117647058824,2025
686790,SL,107,66,24,54,33,83,21,11,0.36363636363636365,0.6111111111111112,0.7757009345794392,0.5238095238095238,2025
686799,CH,261,153,39,141,50,172,49,24,0.2549019607843137,0.3546099290780142,0.6590038314176245,0.4897959183673469,2025
686799,FF,355,165,34,174,38,219,54,11,0.20606060606060606,0.21839080459770116,0.6169014084507042,0.2037037037037037,2025
686799,PO,1,0,0,1,0,0,0,0,,0.0,0.0,,2025
686799,SI,921,454,60,454,131,582,230,145,0.13215859030837004,0.28854625550660795,0.6319218241042345,0.6304347826086957,2025
686799,SL,291,107,27,149,32,166,41,20,0.2523364485981308,0.21476510067114093,0.570446735395189,0.4878048780487805,2025
686799,ST,106,41,9,66,16,57,20,7,0.21951219512195122,0.24242424242424243,0.5377358490566038,0.35,2025
686826,CH,95,42,9,55,13,54,17,5,0.21428571428571427,0.23636363636363636,0.5684210526315789,0.29411764705882354,2025
686826,CU,19,3,2,15,3,7,0,0,0.6666666666666666,0.2,0.3684210526315789,,2025
686826,FC,32,17,2,13,3,20,6,1,0.11764705882352941,0.23076923076923078,0.625,0.16666666666666666,2025
686826,FF,183,85,9,67,13,125,36,12,0.10588235294117647,0.19402985074626866,0.6830601092896175,0.3333333333333333,2025
686826,SI,48,17,0,20,5,30,8,2,0.0,0.25,0.625,0.25,2025
686826,SL,95,33,16,60,14,44,8,3,0.48484848484848486,0.23333333333333334,0.4631578947368421,0.375,2025
686830,CH,1,1,0,0,0,1,1,0,0.0,,1.0,0.0,2025
686830,CU,1,0,0,1,0,0,0,0,,0.0,0.0,,2025
686830,SL,1,1,0,0,0,1,1,0,0.0,,1.0,0.0,2025
686924,FC,8,7,3,1,1,8,3,3,0.42857142857142855,1.0,1.0,1.0,2025
686924,FF,6,2,0,3,1,3,1,0,0.0,0.3333333333333333,0.5,0.0,2025
686924,SI,2,2,0,0,0,2,0,0,0.0,,1.0,,2025
686924,SL,2,1,0,1,0,1,1,1,0.0,0.0,0.5,1.0,2025
686930,CH,44,20,3,25,8,28,8,3,0.15,0.32,0.6363636363636364,0.375,2025
686930,CU,65,22,7,38,9,36,9,4,0.3181818181818182,0.23684210526315788,0.5538461538461539,0.4444444444444444,2025
686930,FF,230,114,17,98,20,145,46,16,0.14912280701754385,0.20408163265306123,0.6304347826086957,0.34782608695652173,2025
686930,ST,92,42,14,52,15,55,11,3,0.3333333333333333,0.28846153846153844,0.5978260869565217,0.2727272727272727,2025
686973,CH,93,46,12,57,15,50,22,14,0.2608695652173913,0.2631578947368421,0.5376344086021505,0.6363636363636364,2025
686973,FF,594,303,46,224,52,416,105,45,0.15181518151815182,0.23214285714285715,0.7003367003367004,0.42857142857142855,2025
686973,KC,497,264,101,277,103,321,89,54,0.38257575757575757,0.37184115523465705,0.6458752515090543,0.6067415730337079,2025
686973,SI,76,33,3,36,12,49,14,10,0.09090909090909091,0.3333333333333333,0.6447368421052632,0.7142857142857143,2025
686973,SL,100,49,16,49,13,63,19,3,0.32653061224489793,0.2653061224489796,0.63,0.15789473684210525,2025
686993,FC,351,172,53,198,67,224,50,20,0.3081395348837209,0.3383838383838384,0.6381766381766382,0.4,2025
686993,FF,577,292,65,268,72,378,95,22,0.2226027397260274,0.26865671641791045,0.6551126516464472,0.23157894736842105,2025
686993,PO,1,0,0,1,0,0,0,0,,0.0,0.0,,2025
686993,ST,176,89,38,127,52,100,23,8,0.42696629213483145,0.4094488188976378,0.5681818181818182,0.34782608695652173,2025
687003,CH,56,35,14,31,15,41,12,3,0.4,0.4838709677419355,0.7321428571428571,0.25,2025
687003,FF,10,6,1,5,2,7,2,0,0.16666666666666666,0.4,0.7,0.0,2025
687003,SI,33,14,1,14,3,21,9,4,0.07142857142857142,0.21428571428571427,0.6363636363636364,0.4444444444444444,2025
687003,SL,11,7,1,4,4,11,4,1,0.14285714285714285,1.0,1.0,0.25,2025
687003,ST,19,7,4,10,0,9,3,1,0.5714285714285714,0.0,0.47368421052631576,0.3333333333333333,2025
687064,CH,43,15,4,19,1,24,8,4,0.26666666666666666,0.05263157894736842,0.5581395348837209,0.5,2025
687064,CU,148,61,11,86,22,87,19,13,0.18032786885245902,0.2558139534883721,0.5878378378378378,0.6842105263157895,2025
687064,FC,86,32,6,48,10,48,15,7,0.1875,0.20833333333333334,0.5581395348837209,0.4666666666666667,2025
687064,FF,411,207,33,172,46,289,84,29,0.15942028985507245,0.26744186046511625,0.7031630170316302,0.34523809523809523,2025
687064,FS,167,102,29,91,36,110,45,24,0.28431372549019607,0.3956043956043956,0.6586826347305389,0.5333333333333333,2025
687064,PO,1,0,0,1,0,0,0,0,,0.0,0.0,,2025
687064,SL,84,36,7,58,17,53,16,7,0.19444444444444445,0.29310344827586204,0.6309523809523809,0.4375,2025
687074,FC,18,5,1,10,1,7,2,1,0.2,0.1,0.3888888888888889,0.5,2025
687074,FF,28,12,1,9,1,20,6,2,0.08333333333333333,0.1111111111111111,0.7142857142857143,0.3333333333333333,2025
687074,FS,5,1,0,4,0,1,1,1,0.0,0.0,0.2,1.0,2025
687074,SL,15,5,1,8,1,8,2,1,0.2,0.125,0.5333333333333333,0.5,2025
687075,CH,41,23,2,22,9,27,9,6,0.08695652173913043,0.4090909090909091,0.6585365853658537,0.6666666666666666,2025
687075,CU,43,24,5,18,8,32,9,4,0.20833333333333334,0.4444444444444444,0.7441860465116279,0.4444444444444444,2025
687075,FF,40,16,1,19,3,23,6,1,0.0625,0.15789473684210525,0.575,0.16666666666666666,2025
687075,SI,101,46,3,41,13,69,24,14,0.06521739130434782,0.3170731707317073,0.6831683168316832,0.5833333333333334,2025
687075,SL,10,4,1,4,1,6,2,1,0.25,0.25,0.6,0.5,2025
687075,ST,55,26,8,29,10,35,8,3,0.3076923076923077,0.3448275862068966,0.6363636363636364,0.375,2025
687095,SI,3,3,1,1,1,3,1,1,0.3333333333333333,1.0,1.0,1.0,2025
687134,CU,146,49,9,98,13,61,22,8,0.1836734693877551,0.1326530612244898,0.4178082191780822,0.36363636363636365,2025
687134,FC,105,54,13,49,9,64,20,9,0.24074074074074073,0.1836734693877551,0.6095238095238096,0.45,2025
687134,FF,503,249,21,217,56,340,120,36,0.08433734939759036,0.25806451612903225,0.6759443339960238,0.3,2025
687134,FS,160,85,20,86,23,97,34,20,0.23529411764705882,0.26744186046511625,0.60625,0.5882352941176471,2025
687134,SL,169,73,17,91,24,102,32,19,0.2328767123287671,0.26373626373626374,0.6035502958579881,0.59375,2025
687166,CU,6,4,0,2,0,4,3,1,0.0,0.0,0.6666666666666666,0.3333333333333333,2025
687166,FF,19,7,1,12,1,9,1,0,0.14285714285714285,0.08333333333333333,0.47368421052631576,0.0,2025
687166,SI,2,0,0,1,0,1,0,0,,0.0,0.5,,2025
687166,SL,9,5,0,2,0,8,3,3,0.0,0.0,0.8888888888888888,1.0,2025
687198,FC,10,6,2,6,2,6,3,0,0.3333333333333333,0.3333333333333333,0.6,0.0,2025
687198,FF,7,3,0,5,2,4,0,0,0.0,0.4,0.5714285714285714,,2025
687198,SI,4,2,0,1,0,3,0,0,0.0,0.0,0.75,,2025
687209,FC,40,25,5,14,5,31,13,5,0.2,0.35714285714285715,0.775,0.38461538461538464,2025
687209,FF,94,40,13,48,11,56,10,3,0.325,0.22916666666666666,0.5957446808510638,0.3,2025
687209,ST,31,11,6,21,4,15,3,0,0.5454545454545454,0.19047619047619047,0.4838709677419355,0.0,2025
687223,CH,25,7,1,21,3,7,3,1,0.14285714285714285,0.14285714285714285,0.28,0.3333333333333333,2025
687223,FC,88,28,7,42,9,52,10,1,0.25,0.21428571428571427,0.5909090909090909,0.1,2025
687223,FF,370,178,15,160,30,242,77,25,0.08426966292134831,0.1875,0.654054054054054,0.3246753246753247,2025
687223,ST,222,92,30,149,44,116,30,12,0.32608695652173914,0.2953020134228188,0.5225225225225225,0.4,2025
687273,CH,8,5,2,4,1,5,3,0,0.4,0.25,0.625,0.0,2025
687273,CU,3,0,0,3,0,0,0,0,,0.0,0.0,,2025
687273,FF,37,16,7,19,4,23,3,3,0.4375,0.21052631578947367,0.6216216216216216,1.0,2025
687273,SI,2,1,0,1,0,1,1,0,0.0,0.0,0.5,0.0,2025
687273,SL,12,6,4,4,1,9,2,1,0.6666666666666666,0.25,0.75,0.5,2025
687280,CH,6,3,2,4,1,3,1,0,0.6666666666666666,0.25,0.5,0.0,2025
687280,CU,2,0,0,2,0,0,0,0,,0.0,0.0,,2025
687280,FF,12,4,1,11,3,4,1,0,0.25,0.2727272727272727,0.3333333333333333,0.0,2025
687280,SI,4,4,1,0,0,4,2,0,0.25,,1.0,0.0,2025
687280,SL,3,0,0,2,0,1,0,0,,0.0,0.3333333333333333,,2025
687287,CH,9,4,0,7,2,4,1,1,0.0,0.2857142857142857,0.4444444444444444,1.0,2025
687287,CU,12,4,1,5,1,6,2,1,0.25,0.2,0.5,0.5,2025
687287,FC,39,25,5,17,7,29,9,1,0.2,0.4117647058823529,0.7435897435897436,0.1111111111111111,2025
687287,FF,13,4,0,6,0,7,1,0,0.0,0.0,0.5384615384615384,0.0,2025
687287,SI,11,7,0,4,1,9,1,1,0.0,0.25,0.8181818181818182,1.0,2025
687287,SL,3,1,0,2,0,1,1,1,0.0,0.0,0.3333333333333333,1.0,2025
687330,FC,76,32,10,49,15,39,10,3,0.3125,0.30612244897959184,0.5131578947368421,0.3,2025
687330,FF,52,21,11,33,7,25,5,2,0.5238095238095238,0.21212121212121213,0.4807692307692308,0.4,2025
687330,SI,354,166,21,123,32,256,88,45,0.12650602409638553,0.2601626016260163,0.7231638418079096,0.5113636363636364,2025
687330,ST,120,57,16,71,20,70,24,6,0.2807017543859649,0.28169014084507044,0.5833333333333334,0.25,2025
687362,CH,88,43,9,49,15,52,20,11,0.20930232558139536,0.30612244897959184,0.5909090909090909,0.55,2025
687362,CU,5,1,0,4,0,1,1,0,0.0,0.0,0.2,0.0,2025
687362,FC,148,78,17,64,23,107,34,14,0.21794871794871795,0.359375,0.722972972972973,0.4117647058823529,2025
687362,FF,182,74,12,100,27,103,26,7,0.16216216216216217,0.27,0.5659340659340659,0.2692307692307692,2025
687362,ST,180,81,15,88,26,115,34,11,0.18518518518518517,0.29545454545454547,0.6388888888888888,0.3235294117647059,2025
687377,CH,111,59,24,62,16,66,15,10,0.4067796610169492,0.25806451612903225,0.5945945945945946,0.6666666666666666,2025
687377,FF,187,93,18,89,23,121,19,2,0.1935483870967742,0.25842696629213485,0.6470588235294118,0.10526315789473684,2025
687377,SI,99,48,6,60,23,64,18,6,0.125,0.38333333333333336,0.6464646464646465,0.3333333333333333,2025
687377,SL,124,56,13,62,16,79,28,11,0.23214285714285715,0.25806451612903225,0.6370967741935484,0.39285714285714285,2025
687396,FF,262,155,36,105,39,196,44,11,0.23225806451612904,0.37142857142857144,0.7480916030534351,0.25,2025
687396,FS,44,18,4,32,9,22,4,3,0.2222222222222222,0.28125,0.5,0.75,2025
687396,SI,2,2,1,1,1,2,1,1,0.5,1.0,1.0,1.0,2025
687396,SL,95,56,33,54,28,65,10,1,0.5892857142857143,0.5185185185185185,0.6842105263157895,0.1,2025
687424,FF,62,26,4,34,9,37,15,2,0.15384615384615385,0.2647058823529412,0.5967741935483871,0.13333333333333333,2025
687424,SL,67,30,13,46,15,37,6,2,0.43333333333333335,0.32608695652173914,0.5522388059701493,0.3333333333333333,2025
687473,CH,170,77,16,106,26,89,34,15,0.2077922077922078,0.24528301886792453,0.5235294117647059,0.4411764705882353,2025
687473,CU,263,114,17,142,42,161,47,20,0.14912280701754385,0.29577464788732394,0.6121673003802282,0.425531914893617,2025
687473,FC,198,112,24,70,16,146,45,18,0.21428571428571427,0.22857142857142856,0.7373737373737373,0.4,2025
687473,FF,778,395,104,328,72,516,111,34,0.26329113924050634,0.21951219512195122,0.6632390745501285,0.3063063063063063,2025
687473,SI,189,86,12,73,16,131,37,22,0.13953488372093023,0.2191780821917808,0.6931216931216931,0.5945945945945946,2025
687473,ST,183,87,19,88,21,109,42,8,0.21839080459770116,0.23863636363636365,0.5956284153005464,0.19047619047619047,2025
687589,CH,1,1,0,1,1,1,1,0,0.0,1.0,1.0,0.0,2025
687589,FC,1,1,0,0,0,1,1,0,0.0,,1.0,0.0,2025
687589,FF,2,0,0,1,0,1,0,0,,0.0,0.5,,2025
687589,SI,1,0,0,0,0,1,0,0,,,1.0,,2025
687589,SL,4,3,0,2,1,3,2,1,0.0,0.5,0.75,0.5,2025
687589,ST,4,3,0,2,1,3,1,1,0.0,0.5,0.75,1.0,2025
687606,CH,87,38,9,63,20,44,16,10,0.23684210526315788,0.31746031746031744,0.5057471264367817,0.625,2025
687606,FC,129,52,17,68,15,79,18,6,0.3269230769230769,0.22058823529411764,0.6124031007751938,0.3333333333333333,2025
687606,FF,166,81,19,76,21,115,24,8,0.2345679012345679,0.27631578947368424,0.6927710843373494,0.3333333333333333,2025
687606,SL,66,30,5,36,10,42,15,6,0.16666666666666666,0.2777777777777778,0.6363636363636364,0.4,2025
687765,CH,19,8,4,15,4,8,2,1,0.5,0.26666666666666666,0.42105263157894735,0.5,2025
687765,CU,243,127,43,161,63,147,50,28,0.33858267716535434,0.391304347826087,0.6049382716049383,0.56,2025
687765,FC,626,312,53,254,58,434,134,60,0.16987179487179488,0.2283464566929134,0.6932907348242812,0.44776119402985076,2025
687765,PO,1,0,0,1,0,0,0,0,,0.0,0.0,,2025
687765,SI,131,53,7,74,15,72,27,13,0.1320754716981132,0.20270270270270271,0.549618320610687,0.48148148148148145,2025
687765,SL,366,203,67,199,82,249,69,21,0.33004926108374383,0.4120603015075377,0.680327868852459,0.30434782608695654,2025
687798,CH,10,6,3,6,3,8,2,1,0.5,0.5,0.8,0.5,2025
687798,FF,5,3,0,2,0,3,2,1,0.0,0.0,0.6,0.5,2025
687798,SL,1,1,0,1,1,1,1,0,0.0,1.0,1.0,0.0,2025
687817,FF,3,1,0,2,0,1,1,1,0.0,0.0,0.3333333333333333,1.0,2025
687817,SL,9,4,3,3,1,7,1,0,0.75,0.3333333333333333,0.7777777777777778,0.0,2025
687830,CH,98,43,18,65,18,49,9,4,0.4186046511627907,0.27692307692307694,0.5,0.4444444444444444,2025
687830,FC,50,32,5,14,5,40,13,7,0.15625,0.35714285714285715,0.8,0.5384615384615384,2025
687830,FF,131,66,8,45,10,94,35,6,0.12121212121212122,0.2222222222222222,0.7175572519083969,0.17142857142857143,2025
687830,SI,85,50,4,32,15,66,26,15,0.08,0.46875,0.7764705882352941,0.5769230769230769,2025
687830,SL,99,47,19,43,12,65,16,8,0.40425531914893614,0.27906976744186046,0.6565656565656566,0.5,2025
687847,CH,7,1,1,5,1,3,0,0,1.0,0.2,0.42857142857142855,,2025
687847,FF,56,19,2,29,4,28,8,2,0.10526315789473684,0.13793103448275862,0.5,0.25,2025
687847,SL,59,27,8,28,3,36,9,4,0.2962962962962963,0.10714285714285714,0.6101694915254238,0.4444444444444444,2025
687849,CU,77,24,3,50,8,35,8,3,0.125,0.16,0.45454545454545453,0.375,2025
687849,FF,93,44,7,39,9,64,20,6,0.1590909090909091,0.23076923076923078,0.6881720430107527,0.3,2025
687849,SI,17,5,1,9,0,8,2,2,0.2,0.0,0.47058823529411764,1.0,2025
687849,SL,118,57,13,57,16,78,21,8,0.22807017543859648,0.2807017543859649,0.6610169491525424,0.38095238095238093,2025
687849,ST,3,1,0,1,0,2,0,0,0.0,0.0,0.6666666666666666,,2025
687863,FF,314,117,23,165,27,172,33,14,0.19658119658119658,0.16363636363636364,0.5477707006369427,0.42424242424242425,2025
687863,FS,3,1,0,2,0,1,0,0,0.0,0.0,0.3333333333333333,,2025
687863,SL,108,64,21,51,21,75,14,7,0.328125,0.4117647058823529,0.6944444444444444,0.5,2025
687863,ST,199,106,29,98,44,144,42,13,0.27358490566037735,0.4489795918367347,0.7236180904522613,0.30952380952380953,2025
687866,FC,1,0,0,1,0,0,0,0,,0.0,0.0,,2025
687866,FF,5,2,1,2,1,4,1,1,0.5,0.5,0.8,1.0,2025
687866,SL,2,2,0,0,0,2,1,0,0.0,,1.0,0.0,2025
687888,CH,149,72,29,105,40,85,28,13,0.4027777777777778,0.38095238095238093,0.5704697986577181,0.4642857142857143,2025
687888,FC,223,130,19,73,31,175,54,20,0.14615384615384616,0.4246575342465753,0.7847533632286996,0.37037037037037035,2025
687888,FF,157,77,21,87,21,90,21,10,0.2727272727272727,0.2413793103448276,0.5732484076433121,0.47619047619047616,2025
687888,SI,102,48,6,32,13,81,19,8,0.125,0.40625,0.7941176470588235,0.42105263157894735,2025
687888,ST,183,84,18,97,27,116,31,17,0.21428571428571427,0.27835051546391754,0.6338797814207651,0.5483870967741935,2025
687911,CH,18,6,0,12,1,8,5,4,0.0,0.08333333333333333,0.4444444444444444,0.8,2025
687911,CU,2,0,0,1,0,1,0,0,,0.0,0.5,,2025
687911,FF,663,345,75,257,74,481,122,47,0.21739130434782608,0.28793774319066145,0.7254901960784313,0.38524590163934425,2025
687911,SI,55,30,5,22,7,40,16,14,0.16666666666666666,0.3181818181818182,0.7272727272727273,0.875,2025
687911,SL,2,0,0,2,0,0,0,0,,0.0,0.0,,2025
687911,ST,320,148,37,167,55,202,51,17,0.25,0.32934131736526945,0.63125,0.3333333333333333,2025
687916,FF,10,7,0,5,2,8,2,1,0.0,0.4,0.8,0.5,2025
687916,SL,2,2,0,0,0,2,2,1,0.0,,1.0,0.5,2025
687916,ST,7,3,1,4,1,4,2,0,0.3333333333333333,0.25,0.5714285714285714,0.0,2025
687922,CH,92,40,10,57,16,51,14,9,0.25,0.2807017543859649,0.5543478260869565,0.6428571428571429,2025
687922,FC,32,15,2,21,5,18,6,2,0.13333333333333333,0.23809523809523808,0.5625,0.3333333333333333,2025
687922,FF,218,129,33,85,29,161,37,8,0.2558139534883721,0.3411764705882353,0.7385321100917431,0.21621621621621623,2025
687922,SL,53,25,5,32,8,29,11,4,0.2,0.25,0.5471698113207547,0.36363636363636365,2025
687922,ST,43,17,2,23,4,23,5,2,0.11764705882352941,0.17391304347826086,0.5348837209302325,0.4,2025
687931,CH,152,82,30,92,32,92,29,13,0.36585365853658536,0.34782608695652173,0.6052631578947368,0.4482758620689655,2025
687931,CU,4,1,0,2,0,2,1,0,0.0,0.0,0.5,0.0,2025
687931,FF,195,82,9,98,25,125,35,16,0.10975609756097561,0.25510204081632654,0.6410256410256411,0.45714285714285713,2025
687931,SL,57,20,4,31,5,29,7,4,0.2,0.16129032258064516,0.5087719298245614,0.5714285714285714,2025
687956,CH,5,2,1,2,0,3,0,0,0.5,0.0,0.6,,2025
687956,FF,9,2,0,7,0,3,1,0,0.0,0.0,0.3333333333333333,0.0,2025
687956,SL,3,2,1,0,0,3,1,1,0.5,,1.0,1.0,2025
687985,CH,1,1,1,0,0,1,0,0,1.0,,1.0,,2025
687985,CU,3,0,0,0,0,3,0,0,,,1.0,,2025
687985,FF,2,2,0,1,1,2,1,1,0.0,1.0,1.0,1.0,2025
688107,CH,18,3,0,10,0,7,3,2,0.0,0.0,0.3888888888888889,0.6666666666666666,2025
688107,FC,3,2,0,1,0,2,1,0,0.0,0.0,0.6666666666666666,0.0,2025
688107,FF,50,21,4,27,4,26,8,1,0.19047619047619047,0.14814814814814814,0.52,0.125,2025
688107,SI,29,11,2,16,3,16,5,1,0.18181818181818182,0.1875,0.5517241379310345,0.2,2025
688107,ST,62,32,11,27,7,44,13,6,0.34375,0.25925925925925924,0.7096774193548387,0.46153846153846156,2025
688138,CH,168,73,14,112,32,88,31,17,0.1917808219178082,0.2857142857142857,0.5238095238095238,0.5483870967741935,2025
688138,CU,141,72,10,67,19,90,36,15,0.1388888888888889,0.2835820895522388,0.6382978723404256,0.4166666666666667,2025
688138,FC,363,174,41,154,37,249,67,37,0.23563218390804597,0.24025974025974026,0.6859504132231405,0.5522388059701493,2025
688138,FF,148,62,9,59,4,87,26,6,0.14516129032258066,0.06779661016949153,0.5878378378378378,0.23076923076923078,2025
688138,SI,246,98,5,103,18,160,54,21,0.05102040816326531,0.17475728155339806,0.6504065040650406,0.3888888888888889,2025
688138,ST,333,148,30,190,64,202,56,14,0.20270270270270271,0.3368421052631579,0.6066066066066066,0.25,2025
688158,CH,1,0,0,1,0,0,0,0,,0.0,0.0,,2025
688158,CU,182,90,36,107,33,110,16,7,0.4,0.308411214953271,0.6043956043956044,0.4375,2025
688158,FF,293,158,29,145,38,179,44,14,0.18354430379746836,0.2620689655172414,0.6109215017064846,0.3181818181818182,2025
688158,SI,166,75,8,69,21,116,38,26,0.10666666666666667,0.30434782608695654,0.6987951807228916,0.6842105263157895,2025
688158,SL,144,69,22,72,21,93,23,8,0.3188405797101449,0.2916666666666667,0.6458333333333334,0.34782608695652173,2025
688297,FC,98,35,3,58,10,49,14,6,0.08571428571428572,0.1724137931034483,0.5,0.42857142857142855,2025
688297,FF,118,72,17,66,29,78,21,7,0.2361111111111111,0.4393939393939394,0.6610169491525424,0.3333333333333333,2025
688297,SI,205,90,14,101,29,132,40,23,0.15555555555555556,0.2871287128712871,0.6439024390243903,0.575,2025
688328,CU,4,2,0,1,0,3,0,0,0.0,0.0,0.75,,2025
688328,FF,10,2,1,6,1,5,0,0,0.5,0.16666666666666666,0.5,,2025
688328,SL,12,5,0,8,1,5,1,0,0.0,0.125,0.4166666666666667,0.0,2025
688497,CU,31,7,1,12,0,19,4,2,0.14285714285714285,0.0,0.6129032258064516,0.5,2025
688497,FF,190,75,14,91,21,119,26,10,0.18666666666666668,0.23076923076923078,0.6263157894736842,0.38461538461538464,2025
688497,FS,81,41,15,55,20,46,11,4,0.36585365853658536,0.36363636363636365,0.5679012345679012,0.36363636363636365,2025
688497,SL,39,11,6,21,2,21,3,2,0.5454545454545454,0.09523809523809523,0.5384615384615384,0.6666666666666666,2025
688642,CU,2,1,0,1,0,1,1,1,0.0,0.0,0.5,1.0,2025
688642,FC,179,93,18,86,22,114,41,16,0.1935483870967742,0.2558139534883721,0.6368715083798883,0.3902439024390244,2025
688642,FF,160,71,14,85,14,91,29,10,0.19718309859154928,0.16470588235294117,0.56875,0.3448275862068966,2025
688642,FS,112,59,20,65,20,65,25,10,0.3389830508474576,0.3076923076923077,0.5803571428571429,0.4,2025
688642,ST,88,37,16,62,19,46,8,4,0.43243243243243246,0.3064516129032258,0.5227272727272727,0.5,2025
688883,CH,5,3,0,2,0,3,1,0,0.0,0.0,0.6,0.0,2025
688883,CU,7,2,0,4,0,3,2,0,0.0,0.0,0.42857142857142855,0.0,2025
688883,FF,13,8,2,3,1,11,2,1,0.25,0.3333333333333333,0.8461538461538461,0.5,2025
689017,CH,202,103,32,103,31,123,31,13,0.3106796116504854,0.30097087378640774,0.6089108910891089,0.41935483870967744,2025
689017,FF,375,175,25,155,38,250,60,14,0.14285714285714285,0.24516129032258063,0.6666666666666666,0.23333333333333334,2025
689017,KC,104,35,5,53,7,53,15,8,0.14285714285714285,0.1320754716981132,0.5096153846153846,0.5333333333333333,2025
689017,SL,92,39,9,59,12,47,16,3,0.23076923076923078,0.2033898305084746,0.5108695652173914,0.1875,2025
689147,FF,384,171,44,162,38,254,51,19,0.2573099415204678,0.2345679012345679,0.6614583333333334,0.37254901960784315,2025
689147,SI,221,89,14,96,26,145,35,22,0.15730337078651685,0.2708333333333333,0.6561085972850679,0.6285714285714286,2025
689147,ST,560,239,57,279,72,350,100,40,0.2384937238493724,0.25806451612903225,0.625,0.4,2025
689225,CH,106,50,12,67,19,59,20,12,0.24,0.2835820895522388,0.5566037735849056,0.6,2025
689225,FF,211,98,18,94,19,132,37,10,0.1836734693877551,0.20212765957446807,0.6255924170616114,0.2702702702702703,2025
689225,SI,69,33,3,34,6,43,18,5,0.09090909090909091,0.17647058823529413,0.6231884057971014,0.2777777777777778,2025
689225,SL,43,9,3,34,4,12,4,4,0.3333333333333333,0.11764705882352941,0.27906976744186046,1.0,2025
689233,FF,2,1,0,2,1,1,1,0,0.0,0.5,0.5,0.0,2025
689254,FC,579,270,67,290,69,361,90,41,0.24814814814814815,0.23793103448275862,0.6234887737478411,0.45555555555555555,2025
689254,SI,1,0,0,1,0,0,0,0,,0.0,0.0,,2025
689254,ST,429,206,73,238,84,278,63,21,0.35436893203883496,0.35294117647058826,0.6480186480186481,0.3333333333333333,2025
689266,CH,13,5,2,8,1,6,2,2,0.4,0.125,0.46153846153846156,1.0,2025
689266,FC,289,167,53,143,56,204,59,37,0.31736526946107785,0.3916083916083916,0.7058823529411765,0.6271186440677966,2025
689266,SI,189,106,28,78,27,137,35,12,0.2641509433962264,0.34615384615384615,0.7248677248677249,0.34285714285714286,2025
689266,SL,45,13,3,36,5,14,4,1,0.23076923076923078,0.1388888888888889,0.3111111111111111,0.25,2025
689337,CU,3,2,1,2,1,2,1,0,0.5,0.5,0.6666666666666666,0.0,2025
689337,FC,1,1,0,0,0,1,0,0,0.0,,1.0,,2025
689337,SI,5,2,0,2,0,3,1,0,0.0,0.0,0.6,0.0,2025
689337,SL,2,2,0,0,0,2,1,0,0.0,,1.0,0.0,2025
689520,CH,25,10,1,12,3,17,8,4,0.1,0.25,0.68,0.5,2025
689520,FC,10,7,2,9,6,7,3,2,0.2857142857142857,0.6666666666666666,0.7,0.6666666666666666,2025
689520,FF,67,35,9,18,7,54,9,3,0.2571428571428571,0.3888888888888889,0.8059701492537313,0.3333333333333333,2025
689520,SL,5,2,0,4,1,2,1,1,0.0,0.25,0.4,1.0,2025
689557,FC,2,1,1,2,1,1,0,0,1.0,0.5,0.5,,2025
689557,FF,10,4,0,4,0,6,2,1,0.0,0.0,0.6,0.5,2025
689557,SL,8,6,4,3,1,6,2,2,0.6666666666666666,0.3333333333333333,0.75,1.0,2025
689690,CH,201,102,23,101,33,138,47,24,0.22549019607843138,0.32673267326732675,0.6865671641791045,0.5106382978723404,2025
689690,FF,262,118,27,124,27,168,36,9,0.2288135593220339,0.21774193548387097,0.6412213740458015,0.25,2025
689690,SI,95,40,4,38,10,64,21,7,0.1,0.2631578947368421,0.6736842105263158,0.3333333333333333,2025
689690,ST,67,23,5,37,3,30,9,3,0.21739130434782608,0.08108108108108109,0.44776119402985076,0.3333333333333333,2025
689821,CU,2,1,1,1,0,1,0,0,1.0,0.0,0.5,,2025
689821,SI,6,2,0,4,1,3,1,1,0.0,0.25,0.5,1.0,2025
689821,SL,3,2,1,2,2,3,1,0,0.5,1.0,1.0,0.0,2025
689958,FF,36,21,6,19,8,26,6,1,0.2857142857142857,0.42105263157894735,0.7222222222222222,0.16666666666666666,2025
689958,FS,2,1,1,1,0,1,0,0,1.0,0.0,0.5,,2025
689958,SL,24,11,6,17,6,13,2,1,0.5454545454545454,0.35294117647058826,0.5416666666666666,0.5,2025
690294,CH,2,0,0,1,0,1,0,0,,0.0,0.5,,2025
690294,FC,2,0,0,1,0,1,0,0,,0.0,0.5,,2025
690294,FF,6,1,0,2,0,5,1,0,0.0,0.0,0.8333333333333334,0.0,2025
690294,SI,2,1,0,0,0,2,1,1,0.0,,1.0,1.0,2025
690382,FC,53,21,6,31,7,30,7,1,0.2857142857142857,0.22580645161290322,0.5660377358490566,0.14285714285714285,2025
690382,FF,7,5,3,3,1,5,1,1,0.6,0.3333333333333333,0.7142857142857143,1.0,2025
690382,SI,78,33,3,33,6,51,19,9,0.09090909090909091,0.18181818181818182,0.6538461538461539,0.47368421052631576,2025
690382,ST,39,16,7,30,8,18,4,0,0.4375,0.26666666666666666,0.46153846153846156,0.0,2025
690544,FC,35,14,2,20,3,20,5,1,0.14285714285714285,0.15,0.5714285714285714,0.2,2025
690544,FF,76,36,5,30,3,47,7,2,0.1388888888888889,0.1,0.618421052631579,0.2857142857142857,2025
690544,SI,44,20,1,19,4,27,10,5,0.05,0.21052631578947367,0.6136363636363636,0.5,2025
690544,ST,75,41,13,37,15,51,12,6,0.3170731707317073,0.40540540540540543,0.68,0.5,2025
690829,CH,1,1,0,0,0,1,1,1,0.0,,1.0,1.0,2025
690829,FF,57,35,8,24,9,39,12,4,0.22857142857142856,0.375,0.6842105263157895,0.3333333333333333,2025
690829,SI,50,23,11,31,10,28,6,3,0.4782608695652174,0.3225806451612903,0.56,0.5,2025
690829,SL,2,1,0,0,0,2,1,0,0.0,,1.0,0.0,2025
690916,CH,19,8,3,15,5,10,2,1,0.375,0.3333333333333333,0.5263157894736842,0.5,2025
690916,CU,81,38,7,45,14,48,18,9,0.18421052631578946,0.3111111111111111,0.5925925925925926,0.5,2025
690916,FF,285,146,28,130,38,189,38,10,0.1917808219178082,0.2923076923076923,0.6631578947368421,0.2631578947368421,2025
690916,SI,66,38,7,37,17,46,19,13,0.18421052631578946,0.4594594594594595,0.696969696969697,0.6842105263157895,2025
690916,SL,206,113,27,90,26,143,44,21,0.23893805309734514,0.28888888888888886,0.6941747572815534,0.4772727272727273,2025
690916,ST,78,48,17,49,20,50,13,4,0.3541666666666667,0.40816326530612246,0.6410256410256411,0.3076923076923077,2025
690925,FF,251,102,16,120,17,139,30,9,0.1568627450980392,0.14166666666666666,0.5537848605577689,0.3,2025
690925,SL,214,108,51,119,42,136,23,12,0.4722222222222222,0.35294117647058826,0.6355140186915887,0.5217391304347826,2025
690928,CU,112,55,21,64,26,73,20,8,0.38181818181818183,0.40625,0.6517857142857143,0.4,2025
690928,FF,377,177,17,155,37,258,82,36,0.096045197740113,0.23870967741935484,0.6843501326259946,0.43902439024390244,2025
690928,FS,81,34,6,55,16,41,15,11,0.17647058823529413,0.2909090909090909,0.5061728395061729,0.7333333333333333,2025
690928,SI,13,5,0,8,3,9,1,1,0.0,0.375,0.6923076923076923,1.0,2025
690928,SL,252,120,34,124,32,165,53,24,0.2833333333333333,0.25806451612903225,0.6547619047619048,0.4528301886792453,2025
690928,ST,96,42,9,54,15,56,21,13,0.21428571428571427,0.2777777777777778,0.5833333333333334,0.6190476190476191,2025
690953,CH,63,28,6,37,6,32,10,7,0.21428571428571427,0.16216216216216217,0.5079365079365079,0.7,2025
690953,CU,154,64,22,87,26,94,19,9,0.34375,0.2988505747126437,0.6103896103896104,0.47368421052631576,2025
690953,FF,303,162,36,129,37,201,44,8,0.2222222222222222,0.2868217054263566,0.6633663366336634,0.18181818181818182,2025
690953,SI,95,49,6,36,10,64,23,13,0.12244897959183673,0.2777777777777778,0.6736842105263158,0.5652173913043478,2025
690953,SL,83,43,7,32,10,60,19,7,0.16279069767441862,0.3125,0.7228915662650602,0.3684210526315789,2025
690953,ST,22,12,4,14,5,13,3,0,0.3333333333333333,0.35714285714285715,0.5909090909090909,0.0,2025
690986,CH,47,24,7,28,9,30,8,3,0.2916666666666667,0.32142857142857145,0.6382978723404256,0.375,2025
690986,FC,22,7,0,16,4,10,4,0,0.0,0.25,0.45454545454545453,0.0,2025
690986,FF,345,187,45,142,43,241,57,23,0.24064171122994651,0.3028169014084507,0.6985507246376812,0.40350877192982454,2025
690986,SI,12,5,0,5,3,8,3,2,0.0,0.6,0.6666666666666666,0.6666666666666666,2025
690986,SV,161,74,20,92,28,100,31,13,0.2702702702702703,0.30434782608695654,0.6211180124223602,0.41935483870967744,2025
690986,UN,1,0,0,1,0,0,0,0,,0.0,0.0,,2025
690990,CH,228,112,49,160,53,120,33,17,0.4375,0.33125,0.5263157894736842,0.5151515151515151,2025
690990,CU,174,81,19,98,30,109,34,15,0.2345679012345679,0.30612244897959184,0.6264367816091954,0.4411764705882353,2025
690990,FF,899,422,44,318,62,636,181,80,0.10426540284360189,0.1949685534591195,0.7074527252502781,0.4419889502762431,2025
690990,SI,98,43,8,59,15,54,15,7,0.18604651162790697,0.2542372881355932,0.5510204081632653,0.4666666666666667,2025
690990,SL,2,0,0,2,0,0,0,0,,0.0,0.0,,2025
690990,ST,387,210,76,216,90,258,76,26,0.3619047619047619,0.4166666666666667,0.6666666666666666,0.34210526315789475,2025
690997,CH,64,33,10,34,12,41,19,12,0.30303030303030304,0.35294117647058826,0.640625,0.631578947368421,2025
690997,CU,117,50,24,83,24,57,8,5,0.48,0.2891566265060241,0.48717948717948717,0.625,2025
690997,FC,63,30,8,21,3,44,7,2,0.26666666666666666,0.14285714285714285,0.6984126984126984,0.2857142857142857,2025
690997,FF,98,35,13,47,5,57,9,4,0.37142857142857144,0.10638297872340426,0.5816326530612245,0.4444444444444444,2025
690997,SI,206,91,14,77,17,146,40,32,0.15384615384615385,0.22077922077922077,0.7087378640776699,0.8,2025
690997,ST,190,74,12,88,21,125,30,13,0.16216216216216217,0.23863636363636365,0.6578947368421053,0.43333333333333335,2025
690997,UN,1,0,0,1,0,0,0,0,,0.0,0.0,,2025
691008,CH,20,9,3,10,1,11,3,2,0.3333333333333333,0.1,0.55,0.6666666666666666,2025
691008,CU,19,8,2,8,3,13,3,3,0.25,0.375,0.6842105263157895,1.0,2025
691008,FF,30,16,5,12,2,18,3,0,0.3125,0.16666666666666666,0.6,0.0,2025
691008,ST,1,0,0,1,0,0,0,0,,0.0,0.0,,2025
691032,FC,3,1,0,2,0,1,0,0,0.0,0.0,0.3333333333333333,,2025
691032,FF,8,0,0,5,0,3,0,0,,0.0,0.375,,2025
691032,SI,10,3,1,4,0,5,2,0,0.3333333333333333,0.0,0.5,0.0,2025
691032,SL,6,3,2,3,2,5,0,0,0.6666666666666666,0.6666666666666666,0.8333333333333334,,2025
691032,ST,6,2,0,3,1,4,1,0,0.0,0.3333333333333333,0.6666666666666666,0.0,2025
691094,CH,6,5,2,2,1,5,0,0,0.4,0.5,0.8333333333333334,,2025
691094,CU,5,2,0,4,1,2,0,0,0.0,0.25,0.4,,2025
691094,FC,9,5,1,3,0,6,0,0,0.2,0.0,0.6666666666666666,,2025
691094,FF,20,11,0,8,3,14,6,1,0.0,0.375,0.7,0.16666666666666666,2025
691094,SI,4,3,0,1,1,4,1,0,0.0,1.0,1.0,0.0,2025
691094,SL,3,2,0,2,1,2,2,2,0.0,0.5,0.6666666666666666,1.0,2025
691172,CH,9,4,1,2,0,7,2,0,0.25,0.0,0.7777777777777778,0.0,2025
691172,FF,27,15,3,9,2,19,3,2,0.2,0.2222222222222222,0.7037037037037037,0.6666666666666666,2025
691172,SI,64,22,4,33,5,33,11,5,0.18181818181818182,0.15151515151515152,0.515625,0.45454545454545453,2025
691172,SL,55,30,11,30,11,38,9,3,0.36666666666666664,0.36666666666666664,0.6909090909090909,0.3333333333333333,2025
691196,SL,2,1,0,0,0,2,1,0,0.0,,1.0,0.0,2025
691251,FF,116,49,1,49,7,71,27,17,0.02040816326530612,0.14285714285714285,0.6120689655172413,0.6296296296296297,2025
691251,FS,15,9,3,10,4,9,2,2,0.3333333333333333,0.4,0.6,1.0,2025
691251,SI,41,20,2,16,5,29,12,8,0.1,0.3125,0.7073170731707317,0.6666666666666666,2025
691251,SL,83,42,7,40,7,48,18,5,0.16666666666666666,0.175,0.5783132530120482,0.2777777777777778,2025
691441,CH,15,8,3,8,3,9,1,1,0.375,0.375,0.6,1.0,2025
691441,CU,33,14,7,17,4,20,4,3,0.5,0.23529411764705882,0.6060606060606061,0.75,2025
691441,FF,29,12,0,18,5,16,5,2,0.0,0.2777777777777778,0.5517241379310345,0.4,2025
691441,SI,12,6,1,6,1,6,2,1,0.16666666666666666,0.16666666666666666,0.5,0.5,2025
691441,ST,11,6,2,7,3,7,3,1,0.3333333333333333,0.42857142857142855,0.6363636363636364,0.3333333333333333,2025
691548,FF,1,1,0,0,0,1,0,0,0.0,,1.0,,2025
691548,SI,42,12,4,33,8,18,5,4,0.3333333333333333,0.24242424242424243,0.42857142857142855,0.8,2025
691548,SL,35,15,7,19,5,22,4,1,0.4666666666666667,0.2631578947368421,0.6285714285714286,0.25,2025
691582,CU,2,0,0,1,0,0,0,0,,0.0,0.0,,2025
691582,FC,2,0,0,2,0,0,0,0,,0.0,0.0,,2025
691582,SI,21,8,2,12,1,11,2,2,0.25,0.08333333333333333,0.5238095238095238,1.0,2025
691582,SL,10,6,3,5,1,6,1,0,0.5,0.2,0.6,0.0,2025
691587,CH,131,36,22,124,31,36,5,4,0.6111111111111112,0.25,0.2748091603053435,0.8,2025
691587,CU,154,67,13,83,27,99,30,15,0.19402985074626866,0.3253012048192771,0.6428571428571429,0.5,2025
691587,FC,16,6,2,7,1,11,1,0,0.3333333333333333,0.14285714285714285,0.6875,0.0,2025
691587,FF,859,494,92,321,93,621,145,37,0.1862348178137652,0.2897196261682243,0.7229336437718277,0.25517241379310346,2025
691587,SI,17,10,0,10,4,11,2,0,0.0,0.4,0.6470588235294118,0.0,2025
691587,SL,366,173,70,206,60,215,49,14,0.4046242774566474,0.2912621359223301,0.587431693989071,0.2857142857142857,2025
691587,ST,130,56,24,63,16,82,13,7,0.42857142857142855,0.25396825396825395,0.6307692307692307,0.5384615384615384,2025
691594,CS,1,0,0,1,0,0,0,0,,0.0,0.0,,2025
691594,EP,1,1,0,0,0,1,1,0,0.0,,1.0,0.0,2025
691594,FA,168,85,8,95,25,102,47,11,0.09411764705882353,0.2631578947368421,0.6071428571428571,0.23404255319148937,2025
691634,FF,2,1,0,1,1,2,0,0,0.0,1.0,1.0,,2025
691634,SL,2,1,1,2,1,1,0,0,1.0,0.5,0.5,,2025
691669,SI,2,2,1,1,1,2,1,0,0.5,1.0,1.0,0.0,2025
691769,CU,4,2,0,3,1,2,2,1,0.0,0.3333333333333333,0.5,0.5,2025
691769,FF,55,26,8,23,9,37,6,1,0.3076923076923077,0.391304347826087,0.6727272727272727,0.16666666666666666,2025
691769,SL,16,7,0,8,2,9,2,1,0.0,0.25,0.5625,0.5,2025
691799,CU,132,54,20,59,17,88,20,11,0.37037037037037035,0.288135593220339,0.6666666666666666,0.55,2025
691799,FC,102,52,10,41,14,69,21,11,0.19230769230769232,0.34146341463414637,0.6764705882352942,0.5238095238095238,2025
691799,FF,338,167,47,144,35,224,40,20,0.281437125748503,0.24305555555555555,0.6627218934911243,0.5,2025
691799,SL,38,19,6,24,7,21,7,3,0.3157894736842105,0.2916666666666667,0.5526315789473685,0.42857142857142855,2025
691951,CH,72,36,9,41,14,43,11,2,0.25,0.34146341463414637,0.5972222222222222,0.18181818181818182,2025
691951,CU,35,11,2,22,8,20,5,4,0.18181818181818182,0.36363636363636365,0.5714285714285714,0.8,2025
691951,FF,143,52,8,79,13,77,20,6,0.15384615384615385,0.16455696202531644,0.5384615384615384,0.3,2025
691951,SL,53,29,6,29,10,34,11,7,0.20689655172413793,0.3448275862068966,0.6415094339622641,0.6363636363636364,2025
692024,FF,35,17,3,16,1,21,10,1,0.17647058823529413,0.0625,0.6,0.1,2025
692024,FS,22,9,5,17,7,12,1,0,0.5555555555555556,0.4117647058823529,0.5454545454545454,0.0,2025
692024,SL,27,9,3,16,4,15,4,1,0.3333333333333333,0.25,0.5555555555555556,0.25,2025
692030,CH,8,3,2,7,3,4,0,0,0.6666666666666666,0.42857142857142855,0.5,,2025
692030,FC,12,5,0,4,0,7,2,2,0.0,0.0,0.5833333333333334,1.0,2025
692030,FF,20,16,5,3,2,18,5,1,0.3125,0.6666666666666666,0.9,0.2,2025
692030,ST,1,0,0,1,0,0,0,0,,0.0,0.0,,2025
692064,CH,3,0,0,3,0,0,0,0,,0.0,0.0,,2025
692064,FF,2,1,0,1,0,1,0,0,0.0,0.0,0.5,,2025
692064,SI,7,3,0,4,0,3,3,1,0.0,0.0,0.42857142857142855,0.3333333333333333,2025
692064,SL,12,7,1,4,1,9,3,2,0.14285714285714285,0.25,0.75,0.6666666666666666,2025
692230,CH,46,19,7,36,10,20,6,2,0.3684210526315789,0.2777777777777778,0.43478260869565216,0.3333333333333333,2025
692230,CU,14,6,5,9,3,7,1,0,0.8333333333333334,0.3333333333333333,0.5,0.0,2025
692230,FC,43,21,4,22,5,25,6,3,0.19047619047619047,0.22727272727272727,0.5813953488372093,0.5,2025
692230,FF,54,27,6,28,5,33,9,3,0.2222222222222222,0.17857142857142858,0.6111111111111112,0.3333333333333333,2025
692230,SI,12,3,0,7,0,5,2,0,0.0,0.0,0.4166666666666667,0.0,2025
692230,ST,39,21,4,10,2,32,6,2,0.19047619047619047,0.2,0.8205128205128205,0.3333333333333333,2025
692285,CH,14,11,2,11,8,11,5,3,0.18181818181818182,0.7272727272727273,0.7857142857142857,0.6,2025
692285,FF,107,41,9,61,11,58,15,7,0.21951219512195122,0.18032786885245902,0.5420560747663551,0.4666666666666667,2025
692285,PO,1,0,0,1,0,0,0,0,,0.0,0.0,,2025
692285,SL,124,57,19,78,23,71,22,8,0.3333333333333333,0.2948717948717949,0.5725806451612904,0.36363636363636365,2025
692285,ST,43,20,5,20,3,26,6,4,0.25,0.15,0.6046511627906976,0.6666666666666666,2025
692838,FF,25,9,4,19,5,11,2,0,0.4444444444444444,0.2631578947368421,0.44,0.0,2025
692838,SL,12,5,2,8,1,6,1,0,0.4,0.125,0.5,0.0,2025
693312,CH,1,0,0,1,0,0,0,0,,0.0,0.0,,2025
693312,CU,147,50,24,96,22,71,12,5,0.48,0.22916666666666666,0.48299319727891155,0.4166666666666667,2025
693312,FF,343,176,20,146,42,235,78,32,0.11363636363636363,0.2876712328767123,0.685131195335277,0.41025641025641024,2025
693312,SI,2,1,0,0,0,2,0,0,0.0,,1.0,,2025
693312,SL,180,94,41,108,34,106,27,12,0.43617021276595747,0.3148148148148148,0.5888888888888889,0.4444444444444444,2025
693313,CU,29,7,0,21,2,9,2,1,0.0,0.09523809523809523,0.3103448275862069,0.5,2025
693313,FC,62,25,3,34,4,31,11,6,0.12,0.11764705882352941,0.5,0.5454545454545454,2025
693313,FF,136,67,15,62,15,89,23,7,0.22388059701492538,0.24193548387096775,0.6544117647058824,0.30434782608695654,2025
693313,SI,263,108,13,99,17,180,56,33,0.12037037037037036,0.1717171717171717,0.6844106463878327,0.5892857142857143,2025
693313,SL,131,64,25,81,28,75,24,12,0.390625,0.345679012345679,0.5725190839694656,0.5,2025
693433,CH,206,95,20,127,31,105,48,21,0.21052631578947367,0.2440944881889764,0.5097087378640777,0.4375,2025
693433,FF,1385,787,190,575,175,971,206,53,0.241423125794155,0.30434782608695654,0.7010830324909747,0.25728155339805825,2025
693433,SI,743,374,35,286,81,534,196,118,0.09358288770053476,0.28321678321678323,0.7187079407806191,0.6020408163265306,2025
693433,SL,316,159,51,158,48,200,53,22,0.32075471698113206,0.3037974683544304,0.6329113924050633,0.41509433962264153,2025
693433,ST,272,129,55,167,54,159,39,11,0.4263565891472868,0.32335329341317365,0.5845588235294118,0.28205128205128205,2025
693645,CH,3,1,0,2,0,1,0,0,0.0,0.0,0.3333333333333333,,2025
693645,CU,219,104,19,111,30,139,43,22,0.18269230769230768,0.2702702702702703,0.634703196347032,0.5116279069767442,2025
693645,FC,294,143,30,154,42,186,47,15,0.2097902097902098,0.2727272727272727,0.6326530612244898,0.3191489361702128,2025
693645,FF,817,423,99,357,110,559,110,37,0.23404255319148937,0.3081232492997199,0.6842105263157895,0.33636363636363636,2025
693645,SI,118,60,11,48,15,84,21,9,0.18333333333333332,0.3125,0.711864406779661,0.42857142857142855,2025
693645,SL,15,6,1,8,1,7,3,1,0.16666666666666666,0.125,0.4666666666666667,0.3333333333333333,2025
693645,ST,39,23,3,14,4,28,13,4,0.13043478260869565,0.2857142857142857,0.717948717948718,0.3076923076923077,2025
693725,CH,1,1,0,0,0,1,1,1,0.0,,1.0,1.0,2025
693725,FF,11,2,0,8,1,5,1,0,0.0,0.125,0.45454545454545453,0.0,2025
693725,SL,9,5,3,5,3,6,2,2,0.6,0.6,0.6666666666666666,1.0,2025
693725,ST,3,0,0,3,0,0,0,0,,0.0,0.0,,2025
693821,CH,266,134,23,161,50,150,63,28,0.17164179104477612,0.3105590062111801,0.5639097744360902,0.4444444444444444,2025
693821,FF,313,142,21,144,32,187,49,18,0.14788732394366197,0.2222222222222222,0.597444089456869,0.3673469387755102,2025
693821,SI,1074,429,54,555,120,656,198,112,0.1258741258741259,0.21621621621621623,0.6108007448789572,0.5656565656565656,2025
693821,SL,900,480,147,471,179,610,187,84,0.30625,0.38004246284501064,0.6777777777777778,0.44919786096256686,2025
693855,CH,314,173,56,161,53,204,55,20,0.3236994219653179,0.32919254658385094,0.6496815286624203,0.36363636363636365,2025
693855,CU,16,5,0,9,1,9,2,1,0.0,0.1111111111111111,0.5625,0.5,2025
693855,FC,214,99,17,92,17,141,38,16,0.1717171717171717,0.18478260869565216,0.6588785046728972,0.42105263157894735,2025
693855,FF,317,164,32,143,42,216,40,14,0.1951219512195122,0.2937062937062937,0.6813880126182965,0.35,2025
693855,SI,54,15,2,22,1,30,7,4,0.13333333333333333,0.045454545454545456,0.5555555555555556,0.5714285714285714,2025
693855,SL,26,12,5,14,3,15,3,0,0.4166666666666667,0.21428571428571427,0.5769230769230769,0.0,2025
693855,ST,54,25,8,29,7,34,11,3,0.32,0.2413793103448276,0.6296296296296297,0.2727272727272727,2025
694037,CU,3,2,0,1,0,2,1,1,0.0,0.0,0.6666666666666666,1.0,2025
694037,FF,666,339,72,307,80,430,113,41,0.21238938053097345,0.26058631921824105,0.6456456456456456,0.36283185840707965,2025
694037,FS,42,17,5,22,5,22,6,4,0.29411764705882354,0.22727272727272727,0.5238095238095238,0.6666666666666666,2025
694037,SI,3,2,0,1,1,3,0,0,0.0,1.0,1.0,,2025
694037,SL,226,117,42,103,36,162,39,15,0.358974358974359,0.34951456310679613,0.7168141592920354,0.38461538461538464,2025
694297,CH,471,247,59,283,111,295,98,49,0.2388663967611336,0.392226148409894,0.6263269639065817,0.5,2025
694297,CU,295,118,39,178,56,171,36,18,0.3305084745762712,0.3146067415730337,0.5796610169491525,0.5,2025
694297,FC,267,159,12,114,48,193,69,27,0.07547169811320754,0.42105263157894735,0.7228464419475655,0.391304347826087,2025
694297,FF,711,334,59,327,69,456,115,30,0.17664670658682635,0.21100917431192662,0.6413502109704642,0.2608695652173913,2025
694297,PO,2,0,0,2,0,0,0,0,,0.0,0.0,,2025
694297,SI,702,337,27,254,55,497,171,92,0.08011869436201781,0.21653543307086615,0.707977207977208,0.5380116959064327,2025
694297,ST,556,280,86,331,110,341,95,31,0.30714285714285716,0.3323262839879154,0.6133093525179856,0.3263157894736842,2025
694335,FC,158,61,15,81,12,89,23,10,0.2459016393442623,0.14814814814814814,0.5632911392405063,0.43478260869565216,2025
694335,FF,13,7,1,5,1,8,2,0,0.14285714285714285,0.2,0.6153846153846154,0.0,2025
694335,SI,457,208,36,181,37,318,78,37,0.17307692307692307,0.20441988950276244,0.6958424507658644,0.47435897435897434,2025
694335,ST,336,149,38,187,52,200,39,14,0.2550335570469799,0.27807486631016043,0.5952380952380952,0.358974358974359,2025
694350,CH,102,56,24,64,24,61,15,5,0.42857142857142855,0.375,0.5980392156862745,0.3333333333333333,2025
694350,CU,112,42,11,64,18,63,14,5,0.2619047619047619,0.28125,0.5625,0.35714285714285715,2025
694350,FF,245,135,22,125,39,158,43,9,0.16296296296296298,0.312,0.6448979591836734,0.20930232558139536,2025
694359,EP,4,1,0,4,1,2,1,0,0.0,0.25,0.5,0.0,2025
694359,FA,21,13,0,10,4,15,6,3,0.0,0.4,0.7142857142857143,0.5,2025
694361,CU,85,31,9,54,10,43,11,8,0.2903225806451613,0.18518518518518517,0.5058823529411764,0.7272727272727273,2025
694361,FC,51,28,6,25,9,35,11,4,0.21428571428571427,0.36,0.6862745098039216,0.36363636363636365,2025
694361,FF,221,101,24,108,30,142,19,10,0.2376237623762376,0.2777777777777778,0.6425339366515838,0.5263157894736842,2025
694361,ST,34,19,3,17,4,20,8,2,0.15789473684210525,0.23529411764705882,0.5882352941176471,0.25,2025
694363,CH,110,55,14,70,23,65,20,11,0.2545454545454545,0.32857142857142857,0.5909090909090909,0.55,2025
694363,FF,106,53,10,42,9,75,23,7,0.18867924528301888,0.21428571428571427,0.7075471698113207,0.30434782608695654,2025
694363,SI,12,6,0,8,2,6,2,2,0.0,0.25,0.5,1.0,2025
694363,SL,88,48,12,37,12,64,22,10,0.25,0.32432432432432434,0.7272727272727273,0.45454545454545453,2025
694363,ST,2,0,0,1,0,1,0,0,,0.0,0.5,,2025
694462,CU,113,31,11,65,9,57,12,11,0.3548387096774194,0.13846153846153847,0.504424778761062,0.9166666666666666,2025
694462,FC,185,90,7,68,9,121,38,20,0.07777777777777778,0.1323529411764706,0.654054054054054,0.5263157894736842,2025
694462,FF,23,12,2,8,0,14,7,2,0.16666666666666666,0.0,0.6086956521739131,0.2857142857142857,2025
694462,FS,279,141,59,171,57,160,38,19,0.41843971631205673,0.3333333333333333,0.5734767025089605,0.5,2025
694462,SI,162,63,12,71,18,105,28,14,0.19047619047619047,0.2535211267605634,0.6481481481481481,0.5,2025
694462,SL,100,49,11,42,11,67,21,7,0.22448979591836735,0.2619047619047619,0.67,0.3333333333333333,2025
694475,CH,8,1,0,6,0,2,0,0,0.0,0.0,0.25,,2025
694475,FF,7,4,0,2,1,6,2,1,0.0,0.5,0.8571428571428571,0.5,2025
694475,SI,8,2,0,3,0,5,1,0,0.0,0.0,0.625,0.0,2025
694475,SL,2,0,0,2,0,0,0,0,,0.0,0.0,,2025
694477,CH,134,52,7,100,27,59,24,12,0.1346153846153846,0.27,0.44029850746268656,0.5,2025
694477,FC,890,501,121,433,156,617,144,25,0.24151696606786427,0.36027713625866054,0.6932584269662921,0.1736111111111111,2025
694477,FF,465,245,56,234,74,306,66,17,0.22857142857142856,0.3162393162393162,0.6580645161290323,0.25757575757575757,2025
694477,SI,487,207,22,191,32,321,93,51,0.10628019323671498,0.16753926701570682,0.6591375770020534,0.5483870967741935,2025
694477,SL,107,44,13,63,12,55,15,2,0.29545454545454547,0.19047619047619047,0.514018691588785,0.13333333333333333,2025
694477,SV,55,23,9,41,11,25,9,6,0.391304347826087,0.2682926829268293,0.45454545454545453,0.6666666666666666,2025
694496,CH,4,0,0,4,0,0,0,0,,0.0,0.0,,2025
694496,CU,1,1,1,1,1,1,0,0,1.0,1.0,1.0,,2025
694496,FC,7,5,1,4,3,7,2,1,0.2,0.75,1.0,0.5,2025
694496,FF,4,2,0,2,0,2,0,0,0.0,0.0,0.5,,2025
694496,ST,3,0,0,3,0,0,0,0,,0.0,0.0,,2025
694646,CU,2,1,1,2,1,1,0,0,1.0,0.5,0.5,,2025
694646,FC,21,6,1,11,0,10,3,1,0.16666666666666666,0.0,0.47619047619047616,0.3333333333333333,2025
694646,FF,105,37,5,54,8,54,17,5,0.13513513513513514,0.14814814814814814,0.5142857142857142,0.29411764705882354,2025
694646,FS,10,3,1,5,0,4,1,1,0.3333333333333333,0.0,0.4,1.0,2025
694646,SL,52,14,2,34,6,26,8,4,0.14285714285714285,0.17647058823529413,0.5,0.5,2025
694646,ST,5,2,1,5,2,2,0,0,0.5,0.4,0.4,,2025
694660,FC,2,0,0,1,0,1,0,0,,0.0,0.5,,2025
694660,FF,5,1,0,4,0,1,1,0,0.0,0.0,0.2,0.0,2025
694674,CU,4,2,0,2,0,2,1,0,0.0,0.0,0.5,0.0,2025
694674,SI,18,8,0,9,2,11,5,2,0.0,0.2222222222222222,0.6111111111111112,0.4,2025
694674,ST,6,3,0,4,1,3,2,1,0.0,0.25,0.5,0.5,2025
694680,FC,3,1,1,1,0,1,0,0,1.0,0.0,0.3333333333333333,,2025
694680,FF,6,4,2,0,0,6,1,1,0.5,,1.0,1.0,2025
694680,SL,1,1,1,1,1,1,0,0,1.0,1.0,1.0,,2025
694738,CH,315,157,43,239,99,176,55,32,0.27388535031847133,0.41422594142259417,0.5587301587301587,0.5818181818181818,2025
694738,CU,660,310,101,360,125,433,101,43,0.3258064516129032,0.3472222222222222,0.656060606060606,0.42574257425742573,2025
694738,FC,124,60,16,64,15,72,24,6,0.26666666666666666,0.234375,0.5806451612903226,0.25,2025
694738,FF,13,7,2,5,0,7,1,0,0.2857142857142857,0.0,0.5384615384615384,0.0,2025
694738,SI,739,276,22,311,45,477,145,69,0.07971014492753623,0.14469453376205788,0.645466847090663,0.47586206896551725,2025
694819,CH,71,37,13,52,22,39,9,6,0.35135135135135137,0.4230769230769231,0.5492957746478874,0.6666666666666666,2025
694819,CU,208,102,31,108,37,134,36,17,0.30392156862745096,0.3425925925925926,0.6442307692307693,0.4722222222222222,2025
694819,FF,719,356,100,308,80,482,73,20,0.2808988764044944,0.2597402597402597,0.6703755215577191,0.273972602739726,2025
694819,SL,350,166,35,143,31,227,61,22,0.21084337349397592,0.21678321678321677,0.6485714285714286,0.36065573770491804,2025
694851,CH,123,60,24,77,23,68,14,4,0.4,0.2987012987012987,0.5528455284552846,0.2857142857142857,2025
694851,CU,7,2,0,4,1,4,1,1,0.0,0.25,0.5714285714285714,1.0,2025
694851,FF,106,51,9,51,12,68,22,9,0.17647058823529413,0.23529411764705882,0.6415094339622641,0.4090909090909091,2025
694851,SL,20,9,4,10,2,11,3,0,0.4444444444444444,0.2,0.55,0.0,2025
694855,CH,8,5,2,6,3,5,1,1,0.4,0.5,0.625,1.0,2025
694855,SI,6,4,2,4,2,4,0,0,0.5,0.5,0.6666666666666666,,2025
694855,SL,2,1,1,1,1,2,0,0,1.0,1.0,1.0,,2025
694900,CU,1,0,0,0,0,1,0,0,,,1.0,,2025
694900,FF,12,4,2,9,3,6,1,0,0.5,0.3333333333333333,0.5,0.0,2025
694900,SL,10,6,5,3,1,9,1,0,0.8333333333333334,0.3333333333333333,0.9,0.0,2025
694918,CH,10,3,0,7,0,3,2,0,0.0,0.0,0.3,0.0,2025
694918,CU,1,1,0,0,0,1,1,0,0.0,,1.0,0.0,2025
694918,FF,120,50,9,57,12,77,15,4,0.18,0.21052631578947367,0.6416666666666667,0.26666666666666666,2025
694918,SI,58,22,4,24,6,40,12,7,0.18181818181818182,0.25,0.6896551724137931,0.5833333333333334,2025
694918,SL,53,23,3,31,8,30,13,7,0.13043478260869565,0.25806451612903225,0.5660377358490566,0.5384615384615384,2025
694918,ST,67,33,8,35,6,39,14,2,0.24242424242424243,0.17142857142857143,0.582089552238806,0.14285714285714285,2025
694973,CH,330,173,74,255,104,180,43,20,0.4277456647398844,0.40784313725490196,0.5454545454545454,0.46511627906976744,2025
694973,CU,145,49,20,91,21,77,18,7,0.40816326530612246,0.23076923076923078,0.5310344827586206,0.3888888888888889,2025
694973,FF,1189,627,165,460,116,832,171,55,0.2631578947368421,0.25217391304347825,0.6997476871320437,0.3216374269005848,2025
694973,FS,417,219,46,234,81,265,81,58,0.2100456621004566,0.34615384615384615,0.6354916067146283,0.7160493827160493,2025
694973,SI,318,148,23,162,59,214,72,48,0.1554054054054054,0.36419753086419754,0.6729559748427673,0.6666666666666666,2025
694973,SL,169,75,25,75,16,109,18,5,0.3333333333333333,0.21333333333333335,0.6449704142011834,0.2777777777777778,2025
694973,ST,480,221,70,224,60,308,73,20,0.3167420814479638,0.26785714285714285,0.6416666666666667,0.273972602739726,2025
695071,FF,5,0,0,2,0,3,0,0,,0.0,0.6,,2025
695071,SL,3,1,0,2,0,1,0,0,0.0,0.0,0.3333333333333333,,2025
695243,CH,23,8,5,16,3,10,1,0,0.625,0.1875,0.43478260869565216,0.0,2025
695243,FF,541,289,95,279,84,341,57,22,0.328719723183391,0.3010752688172043,0.6303142329020333,0.38596491228070173,2025
695243,SL,477,216,117,269,110,320,48,21,0.5416666666666666,0.40892193308550184,0.6708595387840671,0.4375,2025
695378,CH,3,1,0,1,0,2,0,0,0.0,0.0,0.6666666666666666,,2025
695378,SI,11,6,2,4,1,8,2,1,0.3333333333333333,0.25,0.7272727272727273,0.5,2025
695378,ST,8,6,0,1,0,7,3,1,0.0,0.0,0.875,0.3333333333333333,2025
695418,CH,278,137,24,149,38,165,69,30,0.17518248175182483,0.2550335570469799,0.5935251798561151,0.43478260869565216,2025
695418,FF,1032,550,111,401,94,707,147,57,0.2018181818181818,0.2344139650872818,0.685077519379845,0.3877551020408163,2025
695418,SI,384,196,16,174,57,259,99,70,0.08163265306122448,0.3275862068965517,0.6744791666666666,0.7070707070707071,2025
695418,SL,430,180,45,234,56,245,77,35,0.25,0.23931623931623933,0.5697674418604651,0.45454545454545453,2025
695418,ST,3,0,0,3,0,0,0,0,,0.0,0.0,,2025
695418,UN,1,0,0,1,0,0,0,0,,0.0,0.0,,2025
695445,CH,36,17,1,20,4,19,10,5,0.058823529411764705,0.2,0.5277777777777778,0.5,2025
695445,FF,126,67,16,58,8,76,16,5,0.23880597014925373,0.13793103448275862,0.6031746031746031,0.3125,2025
695445,SI,229,102,13,86,19,169,41,18,0.12745098039215685,0.22093023255813954,0.7379912663755459,0.43902439024390244,2025
695445,ST,209,80,19,120,29,120,34,8,0.2375,0.24166666666666667,0.5741626794258373,0.23529411764705882,2025
695505,CH,43,21,7,28,13,26,7,4,0.3333333333333333,0.4642857142857143,0.6046511627906976,0.5714285714285714,2025
695505,CU,13,4,1,8,1,6,3,2,0.25,0.125,0.46153846153846156,0.6666666666666666,2025
695505,FF,449,238,53,176,38,303,61,19,0.22268907563025211,0.2159090909090909,0.6748329621380846,0.3114754098360656,2025
695505,PO,1,0,0,1,0,0,0,0,,0.0,0.0,,2025
695505,SI,8,3,0,4,0,4,2,1,0.0,0.0,0.5,0.5,2025
695505,SL,264,142,62,155,66,169,36,17,0.43661971830985913,0.4258064516129032,0.6401515151515151,0.4722222222222222,2025
695534,CH,20,13,6,8,2,15,5,1,0.46153846153846156,0.25,0.75,0.2,2025
695534,FF,37,9,0,21,0,16,4,0,0.0,0.0,0.43243243243243246,0.0,2025
695534,SI,39,19,3,17,3,25,9,3,0.15789473684210525,0.17647058823529413,0.6410256410256411,0.3333333333333333,2025
695534,SL,54,21,9,38,13,29,3,0,0.42857142857142855,0.34210526315789475,0.5370370370370371,0.0,2025
695534,ST,19,10,5,14,5,10,3,2,0.5,0.35714285714285715,0.5263157894736842,0.6666666666666666,2025
695549,CH,158,66,29,95,25,86,15,3,0.4393939393939394,0.2631578947368421,0.5443037974683544,0.2,2025
695549,CU,78,32,7,47,13,44,8,1,0.21875,0.2765957446808511,0.5641025641025641,0.125,2025
695549,FF,296,134,18,145,29,179,55,18,0.13432835820895522,0.2,0.6047297297297297,0.32727272727272727,2025
695549,SI,124,60,13,64,17,76,24,11,0.21666666666666667,0.265625,0.6129032258064516,0.4583333333333333,2025
695549,SL,285,128,29,139,44,192,58,34,0.2265625,0.31654676258992803,0.6736842105263158,0.5862068965517241,2025
695549,ST,4,0,0,3,0,1,0,0,,0.0,0.25,,2025
695835,CH,8,5,4,6,3,5,1,0,0.8,0.5,0.625,0.0,2025
695835,SI,10,5,1,4,1,7,1,1,0.2,0.25,0.7,1.0,2025
695835,SV,1,1,0,1,1,1,1,1,0.0,1.0,1.0,1.0,2025
696131,CH,2,1,0,1,0,1,0,0,0.0,0.0,0.5,,2025
696131,FC,5,3,0,3,1,3,2,0,0.0,0.3333333333333333,0.6,0.0,2025
696131,FF,29,16,2,12,3,21,5,2,0.125,0.25,0.7241379310344828,0.4,2025
696131,SI,15,10,0,5,2,13,2,0,0.0,0.4,0.8666666666666667,0.0,2025
696131,ST,23,13,4,12,5,15,5,3,0.3076923076923077,0.4166666666666667,0.6521739130434783,0.6,2025
696136,CH,53,29,14,32,13,34,7,2,0.4827586206896552,0.40625,0.6415094339622641,0.2857142857142857,2025
696136,CU,2,1,0,1,0,1,1,1,0.0,0.0,0.5,1.0,2025
696136,FF,86,60,6,21,11,76,29,15,0.1,0.5238095238095238,0.8837209302325582,0.5172413793103449,2025
696136,SI,22,11,2,15,7,13,5,3,0.18181818181818182,0.4666666666666667,0.5909090909090909,0.6,2025
696136,SL,28,14,4,14,3,17,5,2,0.2857142857142857,0.21428571428571427,0.6071428571428571,0.4,2025
696136,ST,26,15,1,16,6,16,6,3,0.06666666666666667,0.375,0.6153846153846154,0.5,2025
696146,CH,4,3,0,2,1,3,2,1,0.0,0.5,0.75,0.5,2025
696146,FF,32,13,3,17,2,17,4,2,0.23076923076923078,0.11764705882352941,0.53125,0.5,2025
696146,SL,20,7,1,14,3,8,2,1,0.14285714285714285,0.21428571428571427,0.4,0.5,2025
696147,CH,29,13,2,20,6,15,5,3,0.15384615384615385,0.3,0.5172413793103449,0.6,2025
696147,FF,6,0,0,5,0,1,0,0,,0.0,0.16666666666666666,,2025
696147,PO,1,0,0,1,0,0,0,0,,0.0,0.0,,2025
696147,SI,114,43,8,46,10,72,18,7,0.18604651162790697,0.21739130434782608,0.631578947368421,0.3888888888888889,2025
696147,SL,185,97,29,90,30,127,42,27,0.29896907216494845,0.3333333333333333,0.6864864864864865,0.6428571428571429,2025
696149,CH,104,48,18,60,16,58,18,10,0.375,0.26666666666666666,0.5576923076923077,0.5555555555555556,2025
696149,CU,28,11,1,13,2,17,4,4,0.09090909090909091,0.15384615384615385,0.6071428571428571,1.0,2025
696149,FF,249,133,35,111,35,172,47,16,0.2631578947368421,0.3153153153153153,0.6907630522088354,0.3404255319148936,2025
696149,SL,80,39,8,41,15,55,17,10,0.20512820512820512,0.36585365853658536,0.6875,0.5882352941176471,2025
696270,FC,142,69,18,50,11,100,20,11,0.2608695652173913,0.22,0.704225352112676,0.55,2025
696270,FF,3,2,0,1,0,2,1,0,0.0,0.0,0.6666666666666666,0.0,2025
696270,FS,21,5,0,18,3,6,3,2,0.0,0.16666666666666666,0.2857142857142857,0.6666666666666666,2025
696270,SI,71,35,5,30,6,44,12,8,0.14285714285714285,0.2,0.6197183098591549,0.6666666666666666,2025
696270,SL,16,8,2,6,1,12,6,1,0.25,0.16666666666666666,0.75,0.16666666666666666,2025
696270,ST,68,37,13,34,12,45,13,5,0.35135135135135137,0.35294117647058826,0.6617647058823529,0.38461538461538464,2025
697812,CH,10,4,1,5,1,6,1,1,0.25,0.2,0.6,1.0,2025
697812,FF,33,16,4,13,3,23,3,1,0.25,0.23076923076923078,0.696969696969697,0.3333333333333333,2025
697812,SI,64,22,1,29,5,40,11,7,0.045454545454545456,0.1724137931034483,0.625,0.6363636363636364,2025
697812,SL,38,19,5,23,7,22,5,2,0.2631578947368421,0.30434782608695654,0.5789473684210527,0.4,2025
698785,FF,2,0,0,1,0,1,0,0,,0.0,0.5,,2025
698785,SL,3,1,1,1,0,2,0,0,1.0,0.0,0.6666666666666666,,2025
699134,CH,30,15,6,17,7,19,3,2,0.4,0.4117647058823529,0.6333333333333333,0.6666666666666666,2025
699134,FC,13,8,1,6,2,9,2,1,0.125,0.3333333333333333,0.6923076923076923,0.5,2025
699134,FF,52,17,0,28,5,29,6,2,0.0,0.17857142857142858,0.5576923076923077,0.3333333333333333,2025
699134,SI,32,14,3,18,5,19,5,4,0.21428571428571427,0.2777777777777778,0.59375,0.8,2025
699823,FF,8,5,4,1,0,6,1,0,0.8,0.0,0.75,0.0,2025
699823,SL,2,1,0,1,0,1,0,0,0.0,0.0,0.5,,2025
699911,FF,98,43,3,52,10,58,21,9,0.06976744186046512,0.19230769230769232,0.5918367346938775,0.42857142857142855,2025
699911,FS,50,18,3,27,4,25,10,4,0.16666666666666666,0.14814814814814814,0.5,0.4,2025
699911,SL,38,15,4,18,5,26,5,2,0.26666666666666666,0.2777777777777778,0.6842105263157895,0.4,2025
700187,CH,2,1,0,1,0,1,0,0,0.0,0.0,0.5,,2025
700187,FF,64,30,3,27,3,39,10,1,0.1,0.1111111111111111,0.609375,0.1,2025
700187,SI,19,7,3,7,1,11,3,1,0.42857142857142855,0.14285714285714285,0.5789473684210527,0.3333333333333333,2025
700187,ST,51,26,3,25,7,33,18,6,0.11538461538461539,0.28,0.6470588235294118,0.3333333333333333,2025
700241,CH,151,77,22,110,44,84,33,18,0.2857142857142857,0.4,0.5562913907284768,0.5454545454545454,2025
700241,CU,178,65,11,132,32,81,28,15,0.16923076923076924,0.24242424242424243,0.4550561797752809,0.5357142857142857,2025
700241,FC,149,83,10,47,13,107,41,9,0.12048192771084337,0.2765957446808511,0.7181208053691275,0.21951219512195122,2025
700241,FF,387,174,31,168,30,240,61,19,0.1781609195402299,0.17857142857142858,0.6201550387596899,0.3114754098360656,2025
700241,SI,344,174,10,101,26,267,106,70,0.05747126436781609,0.25742574257425743,0.7761627906976745,0.660377358490566,2025
700241,SL,3,0,0,3,0,0,0,0,,0.0,0.0,,2025
700241,ST,311,131,37,183,45,171,64,30,0.2824427480916031,0.2459016393442623,0.5498392282958199,0.46875,2025
700249,CH,296,128,44,202,58,147,47,27,0.34375,0.2871287128712871,0.4966216216216216,0.574468085106383,2025
700249,CU,430,207,54,227,81,286,72,47,0.2608695652173913,0.3568281938325991,0.6651162790697674,0.6527777777777778,2025
700249,FC,33,11,2,12,0,20,2,0,0.18181818181818182,0.0,0.6060606060606061,0.0,2025
700249,FF,733,328,53,311,68,485,115,25,0.16158536585365854,0.21864951768488747,0.6616643929058663,0.21739130434782608,2025
700249,SI,242,106,19,91,21,163,46,23,0.1792452830188679,0.23076923076923078,0.6735537190082644,0.5,2025
700249,SL,34,20,7,16,6,24,4,1,0.35,0.375,0.7058823529411765,0.25,2025
700249,ST,203,84,17,116,25,109,40,15,0.20238095238095238,0.21551724137931033,0.5369458128078818,0.375,2025
700270,FF,34,17,0,16,2,21,9,4,0.0,0.125,0.6176470588235294,0.4444444444444444,2025
700270,KC,5,1,0,3,0,2,0,0,0.0,0.0,0.4,,2025
700270,SL,21,5,2,15,2,7,2,0,0.4,0.13333333333333333,0.3333333333333333,0.0,2025
700327,FF,1,1,1,1,1,1,0,0,1.0,1.0,1.0,,2025
700327,SI,4,1,0,2,0,2,1,0,0.0,0.0,0.5,0.0,2025
700327,SL,1,0,0,1,0,0,0,0,,0.0,0.0,,2025
700363,CU,108,35,10,63,15,60,12,6,0.2857142857142857,0.23809523809523808,0.5555555555555556,0.5,2025
700363,FF,332,153,18,131,25,225,72,28,0.11764705882352941,0.19083969465648856,0.677710843373494,0.3888888888888889,2025
700363,FS,241,131,52,161,67,145,37,11,0.3969465648854962,0.4161490683229814,0.6016597510373444,0.2972972972972973,2025
700363,SL,30,10,0,14,3,20,7,1,0.0,0.21428571428571427,0.6666666666666666,0.14285714285714285,2025
700669,CH,20,11,0,7,3,14,6,3,0.0,0.42857142857142855,0.7,0.5,2025
700669,CU,195,80,24,127,34,101,31,16,0.3,0.2677165354330709,0.517948717948718,0.5161290322580645,2025
700669,FC,171,87,24,87,26,112,31,13,0.27586206896551724,0.2988505747126437,0.6549707602339181,0.41935483870967744,2025
700669,FF,329,168,24,129,32,235,66,30,0.14285714285714285,0.24806201550387597,0.7142857142857143,0.45454545454545453,2025
700669,SI,11,3,0,7,0,4,2,1,0.0,0.0,0.36363636363636365,0.5,2025
700669,SL,30,14,4,14,2,18,2,0,0.2857142857142857,0.14285714285714285,0.6,0.0,2025
700675,CH,1,0,0,1,0,0,0,0,,0.0,0.0,,2025
700675,CU,1,1,1,1,1,1,0,0,1.0,1.0,1.0,,2025
700675,FC,1,1,1,0,0,1,0,0,1.0,,1.0,,2025
700675,FF,1,1,0,1,1,1,0,0,0.0,1.0,1.0,,2025
700675,SI,2,0,0,1,0,1,0,0,,0.0,0.5,,2025
700712,CH,9,7,2,5,3,7,1,0,0.2857142857142857,0.6,0.7777777777777778,0.0,2025
700712,FF,3,0,0,2,0,1,0,0,,0.0,0.3333333333333333,,2025
700712,SI,11,7,0,4,1,8,2,2,0.0,0.25,0.7272727272727273,1.0,2025
700712,SL,5,4,1,2,2,5,1,0,0.25,1.0,1.0,0.0,2025
700786,CH,2,2,0,1,1,2,2,0,0.0,1.0,1.0,0.0,2025
700786,FF,2,1,0,1,0,1,0,0,0.0,0.0,0.5,,2025
700786,SI,7,2,0,3,0,4,1,0,0.0,0.0,0.5714285714285714,0.0,2025
700786,SL,1,0,0,1,0,0,0,0,,0.0,0.0,,2025
701121,CH,24,13,1,15,7,16,10,4,0.07692307692307693,0.4666666666666667,0.6666666666666666,0.4,2025
701121,FC,6,1,0,3,0,3,1,1,0.0,0.0,0.5,1.0,2025
701121,FF,112,50,12,47,12,76,12,5,0.24,0.2553191489361702,0.6785714285714286,0.4166666666666667,2025
701121,SI,17,8,0,10,4,11,6,5,0.0,0.4,0.6470588235294118,0.8333333333333334,2025
701121,ST,49,22,2,24,4,30,14,1,0.09090909090909091,0.16666666666666666,0.6122448979591837,0.07142857142857142,2025
701328,CU,11,4,2,3,1,9,1,0,0.5,0.3333333333333333,0.8181818181818182,0.0,2025
701328,FF,37,14,2,19,0,16,7,3,0.14285714285714285,0.0,0.43243243243243246,0.42857142857142855,2025
701328,SI,1,0,0,1,0,0,0,0,,0.0,0.0,,2025
701328,SL,13,7,2,6,3,10,1,1,0.2857142857142857,0.5,0.7692307692307693,1.0,2025
701487,CH,205,128,39,116,56,145,48,18,0.3046875,0.4827586206896552,0.7073170731707317,0.375,2025
701487,CU,32,10,2,17,5,19,4,3,0.2,0.29411764705882354,0.59375,0.75,2025
701487,FC,64,28,6,41,13,35,8,4,0.21428571428571427,0.3170731707317073,0.546875,0.5,2025
701487,FF,238,105,9,94,9,157,39,10,0.08571428571428572,0.09574468085106383,0.6596638655462185,0.2564102564102564,2025
701487,KN,5,2,1,5,2,2,0,0,0.5,0.4,0.4,,2025
701519,CH,111,46,14,73,20,58,18,7,0.30434782608695654,0.273972602739726,0.5225225225225225,0.3888888888888889,2025
701519,CU,27,10,2,15,3,15,3,0,0.2,0.2,0.5555555555555556,0.0,2025
701519,FC,123,65,13,54,17,85,20,6,0.2,0.3148148148148148,0.6910569105691057,0.3,2025
701519,FF,195,100,24,85,20,132,28,8,0.24,0.23529411764705882,0.676923076923077,0.2857142857142857,2025
701519,SI,74,38,7,32,10,52,14,7,0.18421052631578946,0.3125,0.7027027027027027,0.5,2025
701519,SL,133,50,14,89,20,66,23,7,0.28,0.2247191011235955,0.49624060150375937,0.30434782608695654,2025
701542,CH,288,128,39,219,70,138,55,32,0.3046875,0.319634703196347,0.4791666666666667,0.5818181818181818,2025
701542,CU,205,80,22,161,47,95,30,14,0.275,0.2919254658385093,0.4634146341463415,0.4666666666666667,2025
701542,FF,1228,573,117,535,114,813,191,53,0.20418848167539266,0.2130841121495327,0.6620521172638436,0.2774869109947644,2025
701542,SI,633,257,30,271,55,420,128,78,0.11673151750972763,0.2029520295202952,0.6635071090047393,0.609375,2025
701542,ST,609,238,72,335,91,373,93,33,0.3025210084033613,0.2716417910447761,0.6124794745484401,0.3548387096774194,2025
701549,FF,1,1,1,1,1,1,0,0,1.0,1.0,1.0,,2025
701549,SI,2,0,0,0,0,2,0,0,,,1.0,,2025
701549,SL,1,0,0,1,0,0,0,0,,0.0,0.0,,2025
701552,CH,23,8,5,17,5,11,2,1,0.625,0.29411764705882354,0.4782608695652174,0.5,2025
701552,FF,110,50,11,46,9,71,16,3,0.22,0.1956521739130435,0.6454545454545455,0.1875,2025
701552,SI,4,2,0,1,1,3,2,2,0.0,1.0,0.75,1.0,2025
701552,SL,239,128,45,118,37,155,45,13,0.3515625,0.3135593220338983,0.6485355648535565,0.28888888888888886,2025
701581,CH,256,134,56,159,54,146,36,15,0.417910447761194,0.33962264150943394,0.5703125,0.4166666666666667,2025
701581,FF,278,148,19,111,31,191,56,15,0.12837837837837837,0.27927927927927926,0.6870503597122302,0.26785714285714285,2025
701581,SI,112,55,6,44,13,79,25,14,0.10909090909090909,0.29545454545454547,0.7053571428571429,0.56,2025
701581,SL,236,115,35,119,31,151,36,12,0.30434782608695654,0.2605042016806723,0.6398305084745762,0.3333333333333333,2025
701656,CH,164,85,19,95,32,102,21,6,0.2235294117647059,0.3368421052631579,0.6219512195121951,0.2857142857142857,2025
701656,FC,32,18,5,9,3,23,4,1,0.2777777777777778,0.3333333333333333,0.71875,0.25,2025
701656,FF,200,114,25,79,25,143,29,5,0.21929824561403508,0.31645569620253167,0.715,0.1724137931034483,2025
701656,SL,14,8,1,7,2,9,4,1,0.125,0.2857142857142857,0.6428571428571429,0.25,2025
702056,FF,272,106,17,138,32,161,36,19,0.16037735849056603,0.2318840579710145,0.5919117647058824,0.5277777777777778,2025
702056,FS,186,89,51,106,41,122,21,7,0.5730337078651685,0.3867924528301887,0.6559139784946236,0.3333333333333333,2025
702056,SL,221,118,43,116,45,147,39,25,0.3644067796610169,0.3879310344827586,0.665158371040724,0.6410256410256411,2025
702070,CH,402,199,83,227,64,235,69,28,0.41708542713567837,0.28193832599118945,0.5845771144278606,0.4057971014492754,2025
702070,CU,417,182,52,225,73,257,68,34,0.2857142857142857,0.3244444444444444,0.6163069544364509,0.5,2025
702070,FC,468,242,47,219,68,310,87,39,0.19421487603305784,0.3105022831050228,0.6623931623931624,0.4482758620689655,2025
702070,FF,571,238,23,254,40,339,116,40,0.09663865546218488,0.15748031496062992,0.5936952714535902,0.3448275862068966,2025
702070,SL,306,161,45,149,59,214,56,26,0.2795031055900621,0.3959731543624161,0.6993464052287581,0.4642857142857143,2025
702103,FF,13,7,2,5,1,9,4,2,0.2857142857142857,0.2,0.6923076923076923,0.5,2025
702103,FS,7,2,1,5,0,2,0,0,0.5,0.0,0.2857142857142857,,2025
702103,SL,3,1,0,2,1,1,0,0,0.0,0.5,0.3333333333333333,,2025
702273,CH,2,0,0,2,0,0,0,0,,0.0,0.0,,2025
702273,FC,9,4,1,6,2,5,0,0,0.25,0.3333333333333333,0.5555555555555556,,2025
702273,FF,8,4,2,5,2,5,1,0,0.5,0.4,0.625,0.0,2025
702273,SI,19,5,3,11,2,9,1,0,0.6,0.18181818181818182,0.47368421052631576,0.0,2025
702273,SL,8,4,3,6,2,5,1,1,0.75,0.3333333333333333,0.625,1.0,2025
702273,ST,7,0,0,5,0,2,0,0,,0.0,0.2857142857142857,,2025
702352,CH,198,107,23,120,38,118,49,25,0.21495327102803738,0.31666666666666665,0.5959595959595959,0.5102040816326531,2025
702352,FC,357,174,26,179,47,230,70,31,0.14942528735632185,0.26256983240223464,0.6442577030812325,0.44285714285714284,2025
702352,FF,81,41,10,45,11,47,11,5,0.24390243902439024,0.24444444444444444,0.5802469135802469,0.45454545454545453,2025
702352,SI,487,214,15,182,47,355,90,59,0.07009345794392523,0.25824175824175827,0.728952772073922,0.6555555555555556,2025
702352,ST,108,57,14,60,19,68,20,6,0.24561403508771928,0.31666666666666665,0.6296296296296297,0.3,2025
702352,SV,69,45,13,39,22,53,15,8,0.28888888888888886,0.5641025641025641,0.7681159420289855,0.5333333333333333,2025
702460,CU,1,1,1,1,1,1,0,0,1.0,1.0,1.0,,2025
702460,SI,3,2,1,2,1,2,0,0,0.5,0.5,0.6666666666666666,,2025
702674,CH,109,49,23,71,19,56,11,6,0.46938775510204084,0.2676056338028169,0.5137614678899083,0.5454545454545454,2025
702674,CU,45,14,8,30,8,23,3,1,0.5714285714285714,0.26666666666666666,0.5111111111111111,0.3333333333333333,2025
702674,FF,253,97,13,122,20,152,37,13,0.13402061855670103,0.16393442622950818,0.6007905138339921,0.35135135135135137,2025
702674,SL,155,78,17,71,19,102,38,17,0.21794871794871795,0.2676056338028169,0.6580645161290323,0.4473684210526316,2025
702752,CH,2,0,0,2,0,0,0,0,,0.0,0.0,,2025
702752,FC,21,11,2,8,2,15,3,2,0.18181818181818182,0.25,0.7142857142857143,0.6666666666666666,2025
702752,FF,6,1,0,5,0,1,0,0,0.0,0.0,0.16666666666666666,,2025
702795,CH,39,18,1,23,4,23,12,5,0.05555555555555555,0.17391304347826086,0.5897435897435898,0.4166666666666667,2025
702795,FF,107,50,6,48,9,68,23,8,0.12,0.1875,0.6355140186915887,0.34782608695652173,2025
702795,SI,12,5,1,5,0,7,1,0,0.2,0.0,0.5833333333333334,0.0,2025
702795,SL,52,23,7,27,8,34,8,6,0.30434782608695654,0.2962962962962963,0.6538461538461539,0.75,2025
702795,ST,21,10,2,6,1,15,6,4,0.2,0.16666666666666666,0.7142857142857143,0.6666666666666666,2025
702878,CU,1,0,0,0,0,1,0,0,,,1.0,,2025
702878,FC,17,7,1,9,2,9,2,1,0.14285714285714285,0.2222222222222222,0.5294117647058824,0.5,2025
702878,FF,21,13,3,11,4,14,5,2,0.23076923076923078,0.36363636363636365,0.6666666666666666,0.4,2025
703725,CH,8,4,1,5,2,5,2,1,0.25,0.4,0.625,0.5,2025
703725,FF,3,1,1,1,0,2,0,0,1.0,0.0,0.6666666666666666,,2025
703725,SI,8,3,0,3,0,5,3,3,0.0,0.0,0.625,1.0,2025
703725,ST,2,0,0,2,0,0,0,0,,0.0,0.0,,2025
800048,CH,146,77,23,96,36,87,34,21,0.2987012987012987,0.375,0.5958904109589042,0.6176470588235294,2025
800048,CU,79,28,7,43,10,48,13,7,0.25,0.23255813953488372,0.6075949367088608,0.5384615384615384,2025
800048,FF,225,100,28,88,18,156,28,10,0.28,0.20454545454545456,0.6933333333333334,0.35714285714285715,2025
800048,SI,84,42,6,25,6,64,25,15,0.14285714285714285,0.24,0.7619047619047619,0.6,2025
800048,SL,91,41,8,46,12,58,21,6,0.1951219512195122,0.2608695652173913,0.6373626373626373,0.2857142857142857,2025
800049,CH,41,18,2,24,4,22,10,6,0.1111111111111111,0.16666666666666666,0.5365853658536586,0.6,2025
800049,CU,53,21,3,34,10,30,14,7,0.14285714285714285,0.29411764705882354,0.5660377358490566,0.5,2025
800049,FF,117,48,7,46,9,79,19,4,0.14583333333333334,0.1956521739130435,0.6752136752136753,0.21052631578947367,2025
800049,SI,78,47,5,30,11,59,22,12,0.10638297872340426,0.36666666666666664,0.7564102564102564,0.5454545454545454,2025
800049,SL,140,85,24,65,24,100,30,15,0.2823529411764706,0.36923076923076925,0.7142857142857143,0.5,2025
800049,ST,60,20,4,34,7,33,12,2,0.2,0.20588235294117646,0.55,0.16666666666666666,2025
800311,CU,35,14,5,25,7,18,4,3,0.35714285714285715,0.28,0.5142857142857142,0.75,2025
800311,FF,169,85,14,70,17,110,31,4,0.16470588235294117,0.24285714285714285,0.650887573964497,0.12903225806451613,2025
800311,FS,9,2,0,6,1,3,1,1,0.0,0.16666666666666666,0.3333333333333333,1.0,2025
800311,ST,80,33,11,45,12,48,13,5,0.3333333333333333,0.26666666666666666,0.6,0.38461538461538464,2025
801128,CU,5,1,0,3,1,2,1,1,0.0,0.3333333333333333,0.4,1.0,2025
801128,FC,1,1,1,1,1,1,0,0,1.0,1.0,1.0,,2025
801128,FF,9,4,0,5,2,6,0,0,0.0,0.4,0.6666666666666666,,2025
801128,SL,5,2,1,2,1,4,0,0,0.5,0.5,0.8,,2025
801139,CH,20,9,4,14,3,9,2,0,0.4444444444444444,0.21428571428571427,0.45,0.0,2025
801139,CU,18,6,1,12,1,7,3,2,0.16666666666666666,0.08333333333333333,0.3888888888888889,0.6666666666666666,2025
801139,FC,42,21,7,18,3,25,3,1,0.3333333333333333,0.16666666666666666,0.5952380952380952,0.3333333333333333,2025
801139,FF,202,110,28,78,15,135,33,12,0.2545454545454545,0.19230769230769232,0.6683168316831684,0.36363636363636365,2025
801139,SL,29,21,7,12,5,22,7,1,0.3333333333333333,0.4166666666666667,0.7586206896551724,0.14285714285714285,2025
801216,CH,4,1,0,3,1,2,1,0,0.0,0.3333333333333333,0.5,0.0,2025
801216,FF,16,8,1,8,1,9,3,2,0.125,0.125,0.5625,0.6666666666666666,2025
801216,SI,12,1,0,5,0,6,0,0,0.0,0.0,0.5,,2025
801216,SL,14,7,1,4,0,10,2,1,0.14285714285714285,0.0,0.7142857142857143,0.5,2025
801403,CH,140,61,13,93,22,67,30,11,0.21311475409836064,0.23655913978494625,0.4785714285714286,0.36666666666666664,2025
801403,CU,391,178,62,239,63,212,59,28,0.34831460674157305,0.26359832635983266,0.5421994884910486,0.4745762711864407,2025
801403,FF,914,447,80,385,83,606,138,51,0.1789709172259508,0.21558441558441557,0.6630196936542669,0.3695652173913043,2025
801403,SI,175,90,12,73,22,119,45,31,0.13333333333333333,0.3013698630136986,0.68,0.6888888888888889,2025
801403,SL,231,93,19,128,27,128,38,11,0.20430107526881722,0.2109375,0.5541125541125541,0.2894736842105263,2025
801432,CH,1,1,0,0,0,1,1,0,0.0,,1.0,0.0,2025
801432,FF,25,5,2,18,3,12,1,0,0.4,0.16666666666666666,0.48,0.0,2025
801432,ST,18,9,3,11,5,12,2,0,0.3333333333333333,0.45454545454545453,0.6666666666666666,0.0,2025
801434,FC,16,6,0,10,1,7,3,1,0.0,0.1,0.4375,0.3333333333333333,2025
801434,FF,80,33,11,32,5,50,13,1,0.3333333333333333,0.15625,0.625,0.07692307692307693,2025
801434,SL,40,22,8,24,10,26,9,3,0.36363636363636365,0.4166666666666667,0.65,0.3333333333333333,2025
801619,SI,9,6,2,5,3,7,3,2,0.3333333333333333,0.6,0.7777777777777778,0.6666666666666666,2025
801619,SL,2,0,0,2,0,0,0,0,,0.0,0.0,,2025
801870,CH,2,0,0,2,0,0,0,0,,0.0,0.0,,2025
801870,FF,12,6,0,5,0,7,3,0,0.0,0.0,0.5833333333333334,0.0,2025
801870,SL,14,2,0,10,1,6,1,0,0.0,0.1,0.42857142857142855,0.0,2025
802419,FC,26,15,0,12,4,19,5,0,0.0,0.3333333333333333,0.7307692307692307,0.0,2025
802419,FF,133,75,9,56,15,92,28,13,0.12,0.26785714285714285,0.6917293233082706,0.4642857142857143,2025
802419,FS,69,31,10,36,10,40,11,7,0.3225806451612903,0.2777777777777778,0.5797101449275363,0.6363636363636364,2025
802419,SI,20,8,1,9,2,14,3,0,0.125,0.2222222222222222,0.7,0.0,2025
802419,SL,4,1,0,3,0,1,0,0,0.0,0.0,0.25,,2025
802419,ST,59,23,4,40,8,28,9,3,0.17391304347826086,0.2,0.4745762711864407,0.3333333333333333,2025
802686,FF,43,25,0,15,5,32,10,4,0.0,0.3333333333333333,0.7441860465116279,0.4,2025
802686,FS,2,0,0,2,0,0,0,0,,0.0,0.0,,2025
802686,SI,2,1,1,1,0,1,0,0,1.0,0.0,0.5,,2025
802686,SL,7,4,4,7,4,4,0,0,1.0,0.5714285714285714,0.5714285714285714,,2025
802686,ST,6,2,1,4,0,2,0,0,0.5,0.0,0.3333333333333333,,2025
804636,CH,102,45,10,55,14,61,17,9,0.2222222222222222,0.2545454545454545,0.5980392156862745,0.5294117647058824,2025
804636,CU,46,19,4,26,7,27,6,4,0.21052631578947367,0.2692307692307692,0.5869565217391305,0.6666666666666666,2025
804636,FF,213,94,18,92,17,143,31,6,0.19148936170212766,0.18478260869565216,0.6713615023474179,0.1935483870967742,2025
804636,SL,10,5,0,5,1,5,2,1,0.0,0.2,0.5,0.5,2025
805123,CH,98,50,16,63,22,57,19,9,0.32,0.3492063492063492,0.5816326530612245,0.47368421052631576,2025
805123,CU,17,6,1,11,2,8,0,0,0.16666666666666666,0.18181818181818182,0.47058823529411764,,2025
805123,FC,6,3,0,4,1,3,2,0,0.0,0.25,0.5,0.0,2025
805123,FF,278,129,32,115,30,180,38,8,0.24806201550387597,0.2608695652173913,0.6474820143884892,0.21052631578947367,2025
805123,ST,108,55,19,64,23,68,19,10,0.34545454545454546,0.359375,0.6296296296296297,0.5263157894736842,2025
805299,CH,6,2,1,6,2,2,0,0,0.5,0.3333333333333333,0.3333333333333333,,2025
805299,SI,148,68,3,65,13,98,29,17,0.04411764705882353,0.2,0.6621621621621622,0.5862068965517241,2025
805299,SL,42,16,4,21,3,23,5,2,0.25,0.14285714285714285,0.5476190476190477,0.4,2025
805299,ST,89,39,19,48,12,53,10,4,0.48717948717948717,0.25,0.5955056179775281,0.4,2025
805427,CH,1,1,0,0,0,1,1,0,0.0,,1.0,0.0,2025
805427,FF,10,3,0,6,0,4,0,0,0.0,0.0,0.4,,2025
805427,SI,34,9,1,19,2,17,5,3,0.1111111111111111,0.10526315789473684,0.5,0.6,2025
805427,SL,33,15,6,18,9,23,6,1,0.4,0.5,0.696969696969697,0.16666666666666666,2025
805673,CH,143,57,13,77,13,80,31,13,0.22807017543859648,0.16883116883116883,0.5594405594405595,0.41935483870967744,2025
805673,CU,78,28,8,50,12,38,12,2,0.2857142857142857,0.24,0.48717948717948717,0.16666666666666666,2025
805673,FC,175,94,23,80,29,123,39,17,0.24468085106382978,0.3625,0.7028571428571428,0.4358974358974359,2025
805673,FF,557,290,57,196,39,390,85,16,0.19655172413793104,0.1989795918367347,0.7001795332136446,0.18823529411764706,2025
805673,SI,58,26,2,19,4,41,16,7,0.07692307692307693,0.21052631578947367,0.7068965517241379,0.4375,2025
805673,SL,342,197,72,211,94,223,59,25,0.36548223350253806,0.44549763033175355,0.652046783625731,0.423728813559322,2025
805871,CH,6,3,1,3,1,4,2,1,0.3333333333333333,0.3333333333333333,0.6666666666666666,0.5,2025
805871,FF,14,6,2,6,0,8,3,3,0.3333333333333333,0.0,0.5714285714285714,1.0,2025
805871,SI,14,7,0,8,2,8,2,0,0.0,0.25,0.5714285714285714,0.0,2025
805871,SL,8,5,3,3,1,6,2,1,0.6,0.3333333333333333,0.75,0.5,2025
806185,CH,201,88,32,130,36,106,32,20,0.36363636363636365,0.27692307692307694,0.527363184079602,0.625,2025
806185,CU,155,50,18,92,20,85,16,5,0.36,0.21739130434782608,0.5483870967741935,0.3125,2025
806185,FF,527,227,40,272,61,309,83,15,0.1762114537444934,0.22426470588235295,0.5863377609108159,0.18072289156626506,2025
806185,SL,291,148,41,140,44,192,54,23,0.27702702702702703,0.3142857142857143,0.6597938144329897,0.42592592592592593,2025
806185,SV,20,9,2,9,2,11,3,1,0.2222222222222222,0.2222222222222222,0.55,0.3333333333333333,2025
806188,CH,132,68,10,66,22,89,36,21,0.14705882352941177,0.3333333333333333,0.6742424242424242,0.5833333333333334,2025
806188,CU,259,109,38,140,44,160,30,16,0.3486238532110092,0.3142857142857143,0.6177606177606177,0.5333333333333333,2025
806188,FF,86,29,5,54,8,40,10,5,0.1724137931034483,0.14814814814814814,0.46511627906976744,0.5,2025
806188,SI,215,77,5,84,16,142,37,19,0.06493506493506493,0.19047619047619047,0.6604651162790698,0.5135135135135135,2025
806188,SL,87,43,5,38,11,60,22,13,0.11627906976744186,0.2894736842105263,0.6896551724137931,0.5909090909090909,2025
806188,ST,129,60,18,83,27,73,25,9,0.3,0.3253012048192771,0.5658914728682171,0.36,2025
806288,CH,2,1,0,1,0,1,0,0,0.0,0.0,0.5,,2025
806288,CU,3,1,0,2,0,1,1,1,0.0,0.0,0.3333333333333333,1.0,2025
806288,FC,1,0,0,1,0,0,0,0,,0.0,0.0,,2025
806288,FF,4,2,1,2,1,3,0,0,0.5,0.5,0.75,,2025
806288,SI,3,2,0,0,0,3,2,1,0.0,,1.0,0.5,2025
806288,SL,3,2,0,1,0,2,0,0,0.0,0.0,0.6666666666666666,,2025
806585,FC,1,1,0,0,0,1,0,0,0.0,,1.0,,2025
806585,FF,5,1,0,4,0,1,1,1,0.0,0.0,0.2,1.0,2025
806585,SL,4,2,0,2,1,3,2,0,0.0,0.5,0.75,0.0,2025
806960,CH,107,48,12,57,14,63,24,11,0.25,0.24561403508771928,0.5887850467289719,0.4583333333333333,2025
806960,FF,423,198,25,182,42,267,77,24,0.12626262626262627,0.23076923076923078,0.6312056737588653,0.3116883116883117,2025
806960,SI,7,5,0,3,2,6,2,0,0.0,0.6666666666666666,0.8571428571428571,0.0,2025
806960,SL,64,30,12,33,9,40,5,1,0.4,0.2727272727272727,0.625,0.2,2025
806960,ST,220,80,29,123,26,121,29,12,0.3625,0.21138211382113822,0.55,0.41379310344827586,2025
808865,CH,9,3,1,6,2,5,1,0,0.3333333333333333,0.3333333333333333,0.5555555555555556,0.0,2025
808865,CU,7,2,0,6,1,2,1,1,0.0,0.16666666666666666,0.2857142857142857,1.0,2025
808865,FC,1,1,0,0,0,1,0,0,0.0,,1.0,,2025
808865,FF,5,4,1,0,0,5,1,0,0.25,,1.0,0.0,2025
808865,SI,1,0,0,1,0,0,0,0,,0.0,0.0,,2025
808865,SL,1,1,0,0,0,1,1,1,0.0,,1.0,1.0,2025
808963,FF,394,199,21,144,31,274,92,32,0.10552763819095477,0.2152777777777778,0.6954314720812182,0.34782608695652173,2025
808963,FO,286,119,46,200,62,145,36,19,0.3865546218487395,0.31,0.506993006993007,0.5277777777777778,2025
808963,SI,6,2,1,4,1,4,1,1,0.5,0.25,0.6666666666666666,1.0,2025
808963,ST,101,27,9,62,9,47,10,3,0.3333333333333333,0.14516129032258066,0.46534653465346537,0.3,2025
808967,CU,608,264,90,296,85,400,95,50,0.3409090909090909,0.28716216216216217,0.6578947368421053,0.5263157894736842,2025
808967,FC,374,223,40,152,61,274,83,40,0.17937219730941703,0.40131578947368424,0.732620320855615,0.4819277108433735,2025
808967,FF,1128,453,82,443,69,753,136,49,0.18101545253863136,0.15575620767494355,0.6675531914893617,0.3602941176470588,2025
808967,FS,859,448,175,576,224,500,138,102,0.390625,0.3888888888888889,0.5820721769499418,0.7391304347826086,2025
808967,SI,254,120,19,145,46,154,52,36,0.15833333333333333,0.31724137931034485,0.6062992125984252,0.6923076923076923,2025
808967,SL,91,53,14,44,18,62,18,3,0.2641509433962264,0.4090909090909091,0.6813186813186813,0.16666666666666666,2025
808967,ST,1,1,0,1,1,1,1,1,0.0,1.0,1.0,1.0,2025
809950,FF,2,1,0,1,0,1,0,0,0.0,0.0,0.5,,2025
809950,SL,4,3,3,3,2,3,0,0,1.0,0.6666666666666666,0.75,,2025
811310,CH,2,0,0,2,0,0,0,0,,0.0,0.0,,2025
811310,FF,2,0,0,1,0,1,0,0,,0.0,0.5,,2025
811310,SI,6,1,0,2,0,4,1,0,0.0,0.0,0.6666666666666666,0.0,2025
811310,SL,3,3,2,2,2,3,0,0,0.6666666666666666,1.0,1.0,,2025
811310,ST,1,0,0,1,0,0,0,0,,0.0,0.0,,2025
813349,CH,73,44,10,49,21,44,20,12,0.22727272727272727,0.42857142857142855,0.6027397260273972,0.6,2025
813349,CU,73,36,14,49,20,43,6,3,0.3888888888888889,0.40816326530612246,0.589041095890411,0.5,2025
813349,FF,114,53,11,52,11,72,13,5,0.20754716981132076,0.21153846153846154,0.631578947368421,0.38461538461538464,2025
813349,SI,60,29,6,20,9,46,11,6,0.20689655172413793,0.45,0.7666666666666667,0.5454545454545454,2025
813349,SL,43,19,4,16,2,29,5,2,0.21052631578947367,0.125,0.6744186046511628,0.4,2025
813349,ST,38,20,14,21,10,26,2,0,0.7,0.47619047619047616,0.6842105263157895,0.0,2025
813636,CH,7,2,0,4,0,3,2,1,0.0,0.0,0.42857142857142855,0.5,2025
813636,FC,1,0,0,1,0,0,0,0,,0.0,0.0,,2025
813636,FF,17,5,0,8,0,9,1,0,0.0,0.0,0.5294117647058824,0.0,2025
813636,SL,7,5,1,2,1,6,3,2,0.2,0.5,0.8571428571428571,0.6666666666666666,2025
813882,FC,5,2,1,4,1,2,1,0,0.5,0.25,0.4,0.0,2025
813882,SI,10,6,1,4,2,7,4,2,0.16666666666666666,0.5,0.7,0.5,2025
813882,SL,1,0,0,1,0,0,0,0,,0.0,0.0,,2025
814291,CH,2,2,0,0,0,2,2,0,0.0,,1.0,0.0,2025
814291,CU,1,0,0,0,0,1,0,0,,,1.0,,2025
814291,FC,1,0,0,0,0,1,0,0,,,1.0,,2025
814291,SI,3,2,0,1,1,3,0,0,0.0,1.0,1.0,,2025
814291,SL,6,3,1,5,3,4,0,0,0.3333333333333333,0.6,0.6666666666666666,,2025
814388,CH,1,0,0,1,0,0,0,0,,0.0,0.0,,2025
814388,FC,2,1,1,1,0,1,0,0,1.0,0.0,0.5,,2025
814388,FF,4,3,0,1,0,3,2,0,0.0,0.0,0.75,0.0,2025
814388,SL,7,5,3,5,4,6,1,1,0.6,0.8,0.8571428571428571,1.0,2025
814527,CU,2,0,0,1,0,0,0,0,,0.0,0.0,,2025
814527,FC,3,2,1,1,0,2,0,0,0.5,0.0,0.6666666666666666,,2025
814527,FF,7,1,0,2,0,4,1,0,0.0,0.0,0.5714285714285714,0.0,2025
814527,SI,1,0,0,1,0,0,0,0,,0.0,0.0,,2025
814527,ST,1,0,0,0,0,1,0,0,,,1.0,,2025
814716,CU,1,0,0,1,0,0,0,0,,0.0,0.0,,2025
814716,FF,2,1,0,1,1,2,1,0,0.0,1.0,1.0,0.0,2025
814716,SL,1,0,0,1,0,0,0,0,,0.0,0.0,,2025
815066,CU,1,0,0,0,0,1,0,0,,,1.0,,2025
815066,FF,3,1,0,2,0,1,1,0,0.0,0.0,0.3333333333333333,0.0,2025
815083,CH,108,54,21,76,29,61,16,6,0.3888888888888889,0.3815789473684211,0.5648148148148148,0.375,2025
815083,FF,202,98,20,89,17,129,39,7,0.20408163265306123,0.19101123595505617,0.6386138613861386,0.1794871794871795,2025
815083,SL,95,47,11,39,12,65,16,3,0.23404255319148937,0.3076923076923077,0.6842105263157895,0.1875,2025
815318,CH,1,0,0,0,0,0,0,0,,,0.0,,2025
815318,CU,3,0,0,2,0,1,0,0,,0.0,0.3333333333333333,,2025
815318,FC,4,1,0,4,1,1,0,0,0.0,0.25,0.25,,2025
815318,FF,6,2,0,3,0,4,2,2,0.0,0.0,0.6666666666666666,1.0,2025
815318,SL,3,1,1,3,1,1,0,0,1.0,0.3333333333333333,0.3333333333333333,,2025
820862,CH,2,1,0,2,1,1,0,0,0.0,0.5,0.5,,2025
820862,FF,312,147,31,128,26,203,42,5,0.2108843537414966,0.203125,0.6506410256410257,0.11904761904761904,2025
820862,SI,22,12,0,6,1,16,8,2,0.0,0.16666666666666666,0.7272727272727273,0.25,2025
820862,SL,320,139,61,181,53,189,40,21,0.43884892086330934,0.292817679558011,0.590625,0.525,2025
822416,CH,3,2,1,3,2,2,1,0,0.5,0.6666666666666666,0.6666666666666666,0.0,2025
822416,CU,1,0,0,1,0,0,0,0,,0.0,0.0,,2025
822416,FC,4,2,0,3,1,3,0,0,0.0,0.3333333333333333,0.75,,2025
822416,SI,5,2,2,3,1,3,0,0,1.0,0.3333333333333333,0.6,,2025
822416,SL,2,2,0,0,0,2,0,0,0.0,,1.0,,2025
823996,SI,22,14,1,11,5,16,3,0,0.07142857142857142,0.45454545454545453,0.7272727272727273,0.0,2025
823996,SL,9,2,1,8,1,2,0,0,0.5,0.125,0.2222222222222222,,2025
827744,CU,6,1,0,6,1,1,0,0,0.0,0.16666666666666666,0.16666666666666666,,2025
827744,FF,20,8,2,8,2,14,1,1,0.25,0.25,0.7,1.0,2025
827744,SL,6,5,2,3,2,5,2,0,0.4,0.6666666666666666,0.8333333333333334,0.0,2025
828353,CH,15,5,3,7,1,9,2,1,0.6,0.14285714285714285,0.6,0.5,2025
828353,FF,11,4,2,5,0,5,0,0,0.5,0.0,0.45454545454545453,,2025
828353,SL,4,1,1,4,1,2,0,0,1.0,0.25,0.5,,2025
828496,FC,2,1,0,1,0,2,0,0,0.0,0.0,1.0,,2025
828496,FF,9,7,0,3,1,7,4,1,0.0,0.3333333333333333,0.7777777777777778,0.25,2025
828496,SL,5,1,0,1,0,4,0,0,0.0,0.0,0.8,,2025
829272,CH,150,79,21,60,15,105,32,13,0.26582278481012656,0.25,0.7,0.40625,2025
829272,FF,261,125,12,95,14,175,54,18,0.096,0.14736842105263157,0.6704980842911877,0.3333333333333333,2025
829272,KC,129,43,12,74,9,67,14,9,0.27906976744186046,0.12162162162162163,0.5193798449612403,0.6428571428571429,2025
829272,SI,6,1,0,3,0,3,0,0,0.0,0.0,0.5,,2025
829272,SL,125,58,22,75,23,71,22,6,0.3793103448275862,0.30666666666666664,0.568,0.2727272727272727,2025
829272,ST,3,1,0,2,0,1,1,1,0.0,0.0,0.3333333333333333,1.0,2025
434378,CH,31,12,3,19,4,16,3,0,0.25,0.21052631578947367,0.5161290322580645,0.0,2026
434378,CU,36,15,3,19,3,20,7,4,0.2,0.15789473684210525,0.5555555555555556,0.5714285714285714,2026
434378,FF,108,52,6,50,16,73,21,3,0.11538461538461539,0.32,0.6759259259259259,0.14285714285714285,2026
434378,SI,2,2,0,0,0,2,2,0,0.0,,1.0,0.0,2026
434378,SL,58,37,12,32,15,42,12,3,0.32432432432432434,0.46875,0.7241379310344828,0.25,2026
434378,ST,6,3,0,5,2,3,2,1,0.0,0.4,0.5,0.5,2026
445276,FC,600,285,65,299,85,389,82,20,0.22807017543859648,0.2842809364548495,0.6483333333333333,0.24390243902439024,2026
445276,SI,49,29,8,24,9,34,10,1,0.27586206896551724,0.375,0.6938775510204082,0.1,2026
445276,SL,76,40,14,46,17,47,13,5,0.35,0.3695652173913043,0.618421052631579,0.38461538461538464,2026
453286,CH,227,107,19,141,41,129,45,20,0.17757009345794392,0.2907801418439716,0.5682819383259912,0.4444444444444444,2026
453286,CU,214,99,25,131,43,130,38,15,0.25252525252525254,0.3282442748091603,0.6074766355140186,0.39473684210526316,2026
453286,FC,83,52,8,55,28,56,16,5,0.15384615384615385,0.509090909090909,0.6746987951807228,0.3125,2026
453286,FF,690,345,52,305,88,468,110,25,0.15072463768115943,0.28852459016393445,0.6782608695652174,0.22727272727272727,2026
453286,SL,247,125,34,142,50,159,50,15,0.272,0.352112676056338,0.6437246963562753,0.3,2026
455119,CU,14,5,0,10,3,7,3,2,0.0,0.3,0.5,0.6666666666666666,2026
455119,FC,111,55,13,42,9,77,18,6,0.23636363636363636,0.21428571428571427,0.6936936936936937,0.3333333333333333,2026
455119,FF,71,39,6,34,11,50,15,3,0.15384615384615385,0.3235294117647059,0.704225352112676,0.2,2026
455119,FS,27,17,1,13,6,20,9,2,0.058823529411764705,0.46153846153846156,0.7407407407407407,0.2222222222222222,2026
455119,SI,30,17,0,18,8,20,7,3,0.0,0.4444444444444444,0.6666666666666666,0.42857142857142855,2026
455119,ST,13,7,0,7,2,8,4,3,0.0,0.2857142857142857,0.6153846153846154,0.75,2026
471911,CH,76,42,8,47,22,51,16,7,0.19047619047619047,0.46808510638297873,0.6710526315789473,0.4375,2026
471911,FC,38,20,2,20,4,24,8,2,0.1,0.2,0.631578947368421,0.25,2026
471911,FF,31,20,2,13,6,25,12,5,0.1,0.46153846153846156,0.8064516129032258,0.4166666666666667,2026
471911,SI,67,30,3,37,10,41,15,9,0.1,0.2702702702702703,0.6119402985074627,0.6,2026
471911,SL,34,25,8,18,11,27,10,4,0.32,0.6111111111111112,0.7941176470588235,0.4,2026
472610,FF,5,4,0,3,2,4,3,2,0.0,0.6666666666666666,0.8,0.6666666666666666,2026
472610,FS,83,41,12,61,22,44,14,9,0.2926829268292683,0.36065573770491804,0.5301204819277109,0.6428571428571429,2026
472610,SI,124,64,5,43,9,91,33,13,0.078125,0.20930232558139536,0.7338709677419355,0.3939393939393939,2026
472610,ST,53,30,9,31,14,35,11,0,0.3,0.45161290322580644,0.660377358490566,0.0,2026
476594,CH,48,26,11,34,14,26,9,2,0.4230769230769231,0.4117647058823529,0.5416666666666666,0.2222222222222222,2026
476594,FC,176,81,17,85,20,114,28,10,0.20987654320987653,0.23529411764705882,0.6477272727272727,0.35714285714285715,2026
476594,FF,134,80,22,61,19,91,22,7,0.275,0.3114754098360656,0.6791044776119403,0.3181818181818182,2026
476594,KC,9,7,2,5,3,7,3,2,0.2857142857142857,0.6,0.7777777777777778,0.6666666666666666,2026
476594,SI,125,58,6,59,16,83,28,14,0.10344827586206896,0.2711864406779661,0.664,0.5,2026
476594,ST,68,23,6,38,8,38,9,3,0.2608695652173913,0.21052631578947367,0.5588235294117647,0.3333333333333333,2026
489446,FF,477,259,57,216,73,343,70,15,0.22007722007722008,0.33796296296296297,0.7190775681341719,0.21428571428571427,2026
489446,FS,236,116,38,175,66,127,37,21,0.3275862068965517,0.37714285714285717,0.538135593220339,0.5675675675675675,2026
489446,ST,13,3,0,9,2,6,1,0,0.0,0.2222222222222222,0.46153846153846156,0.0,2026
500743,EP,43,20,1,32,11,26,15,7,0.05,0.34375,0.6046511627906976,0.4666666666666667,2026
500743,FA,10,7,0,4,1,7,6,2,0.0,0.25,0.7,0.3333333333333333,2026
500779,CH,165,71,21,133,47,79,32,12,0.29577464788732394,0.3533834586466165,0.47878787878787876,0.375,2026
500779,CU,126,65,13,74,30,81,26,8,0.2,0.40540540540540543,0.6428571428571429,0.3076923076923077,2026
500779,FF,231,121,22,113,38,150,54,17,0.18181818181818182,0.336283185840708,0.6493506493506493,0.3148148148148148,2026
500779,SI,165,69,5,70,8,103,33,12,0.07246376811594203,0.11428571428571428,0.6242424242424243,0.36363636363636365,2026
500779,SV,129,57,16,78,24,75,21,8,0.2807017543859649,0.3076923076923077,0.5813953488372093,0.38095238095238093,2026
518585,FF,301,112,14,132,18,194,57,20,0.125,0.13636363636363635,0.6445182724252492,0.3508771929824561,2026
518585,FS,484,244,121,328,123,281,59,18,0.4959016393442623,0.375,0.5805785123966942,0.3050847457627119,2026
518585,SI,28,12,2,18,6,17,5,3,0.16666666666666666,0.3333333333333333,0.6071428571428571,0.6,2026
518585,ST,131,44,17,68,13,76,12,2,0.38636363636363635,0.19117647058823528,0.5801526717557252,0.16666666666666666,2026
518876,CH,725,417,119,518,248,452,151,80,0.2853717026378897,0.47876447876447875,0.623448275862069,0.5298013245033113,2026
518876,CU,298,108,22,165,44,176,41,28,0.2037037037037037,0.26666666666666666,0.5906040268456376,0.6829268292682927,2026
518876,FC,360,188,20,173,56,245,78,17,0.10638297872340426,0.3236994219653179,0.6805555555555556,0.21794871794871795,2026
518876,FF,719,323,40,352,93,462,123,28,0.1238390092879257,0.26420454545454547,0.6425591098748261,0.22764227642276422,2026
518876,PO,5,0,0,5,0,0,0,0,,0.0,0.0,,2026
518876,SI,247,124,7,120,31,163,62,32,0.056451612903225805,0.25833333333333336,0.659919028340081,0.5161290322580645,2026
518876,SL,267,134,45,162,52,158,61,29,0.3358208955223881,0.32098765432098764,0.5917602996254682,0.47540983606557374,2026
518886,CH,24,7,3,19,5,10,4,2,0.42857142857142855,0.2631578947368421,0.4166666666666667,0.5,2026
518886,FF,508,259,54,262,78,326,88,26,0.2084942084942085,0.29770992366412213,0.6417322834645669,0.29545454545454547,2026
518886,KC,75,27,2,52,10,37,11,5,0.07407407407407407,0.19230769230769232,0.49333333333333335,0.45454545454545453,2026
518886,SI,62,28,3,36,11,39,9,5,0.10714285714285714,0.3055555555555556,0.6290322580645161,0.5555555555555556,2026
518886,ST,107,51,17,70,22,61,19,6,0.3333333333333333,0.3142857142857143,0.5700934579439252,0.3157894736842105,2026
519141,FF,349,186,30,163,48,234,76,15,0.16129032258064516,0.294478527607362,0.670487106017192,0.19736842105263158,2026
519141,KC,129,52,8,77,16,69,24,13,0.15384615384615385,0.2077922077922078,0.5348837209302325,0.5416666666666666,2026
519242,CH,265,145,40,152,63,176,65,38,0.27586206896551724,0.4144736842105263,0.6641509433962264,0.5846153846153846,2026
519242,FF,1065,571,135,472,156,750,157,51,0.23642732049036777,0.3305084745762712,0.704225352112676,0.3248407643312102,2026
519242,SI,217,104,7,88,33,161,46,32,0.0673076923076923,0.375,0.7419354838709677,0.6956521739130435,2026
519242,SL,1027,484,179,588,222,665,134,58,0.36983471074380164,0.37755102040816324,0.6475170399221032,0.43283582089552236,2026
527048,CH,696,383,123,445,171,422,148,75,0.32114882506527415,0.3842696629213483,0.6063218390804598,0.5067567567567568,2026
527048,CU,162,58,13,82,21,102,25,5,0.22413793103448276,0.25609756097560976,0.6296296296296297,0.2,2026
527048,FC,494,195,29,244,45,304,84,22,0.14871794871794872,0.18442622950819673,0.6153846153846154,0.2619047619047619,2026
527048,FF,98,36,4,63,15,51,16,5,0.1111111111111111,0.23809523809523808,0.5204081632653061,0.3125,2026
527048,SI,794,292,21,395,85,488,156,97,0.07191780821917808,0.21518987341772153,0.6146095717884131,0.6217948717948718,2026
529017,FC,2,1,0,1,0,1,1,0,0.0,0.0,0.5,0.0,2026
529017,FF,21,11,2,12,3,12,2,0,0.18181818181818182,0.25,0.5714285714285714,0.0,2026
529017,SI,2,1,0,1,0,1,1,1,0.0,0.0,0.5,1.0,2026
529017,ST,9,6,2,4,2,7,0,0,0.3333333333333333,0.5,0.7777777777777778,,2026
542888,FC,151,87,15,60,19,108,28,13,0.1724137931034483,0.31666666666666665,0.7152317880794702,0.4642857142857143,2026
542888,FF,194,107,18,88,22,130,35,15,0.16822429906542055,0.25,0.6701030927835051,0.42857142857142855,2026
542888,SI,107,43,7,59,13,63,16,9,0.16279069767441862,0.22033898305084745,0.5887850467289719,0.5625,2026
542888,ST,176,71,18,99,20,95,20,7,0.2535211267605634,0.20202020202020202,0.5397727272727273,0.35,2026
543037,CH,249,122,24,154,48,149,53,22,0.19672131147540983,0.3116883116883117,0.5983935742971888,0.41509433962264153,2026
543037,FC,7,6,0,1,1,7,4,1,0.0,1.0,1.0,0.25,2026
543037,FF,961,481,92,410,111,674,159,43,0.19126819126819128,0.2707317073170732,0.7013527575442248,0.27044025157232704,2026
543037,KC,275,115,22,140,43,189,52,33,0.19130434782608696,0.30714285714285716,0.6872727272727273,0.6346153846153846,2026
543037,SI,70,33,2,30,9,51,15,2,0.06060606060606061,0.3,0.7285714285714285,0.13333333333333333,2026
543037,SL,387,200,50,185,55,255,72,21,0.25,0.2972972972972973,0.6589147286821705,0.2916666666666667,2026
543056,FC,143,62,11,81,21,85,25,12,0.1774193548387097,0.25925925925925924,0.5944055944055944,0.48,2026
543056,FF,38,16,1,24,6,20,7,2,0.0625,0.25,0.5263157894736842,0.2857142857142857,2026
543056,KC,24,10,2,19,7,12,4,3,0.2,0.3684210526315789,0.5,0.75,2026
543056,PO,1,0,0,1,0,0,0,0,,0.0,0.0,,2026
543056,SI,114,48,4,46,6,73,25,11,0.08333333333333333,0.13043478260869565,0.6403508771929824,0.44,2026
543056,ST,66,34,8,37,13,40,9,2,0.23529411764705882,0.35135135135135137,0.6060606060606061,0.2222222222222222,2026
543135,CU,492,235,91,287,109,317,67,28,0.3872340425531915,0.3797909407665505,0.6443089430894309,0.417910447761194,2026
543135,FC,422,203,46,209,61,272,78,21,0.22660098522167488,0.291866028708134,0.6445497630331753,0.2692307692307692,2026
543135,FF,307,124,26,119,20,210,54,18,0.20967741935483872,0.16806722689075632,0.6840390879478827,0.3333333333333333,2026
543135,FS,831,486,142,481,205,559,172,105,0.29218106995884774,0.4261954261954262,0.6726835138387485,0.6104651162790697,2026
543135,SI,151,93,7,57,26,118,49,29,0.07526881720430108,0.45614035087719296,0.7814569536423841,0.5918367346938775,2026
543135,SL,17,9,1,9,2,10,3,2,0.1111111111111111,0.2222222222222222,0.5882352941176471,0.6666666666666666,2026
543238,CH,11,5,1,7,1,5,3,0,0.2,0.14285714285714285,0.45454545454545453,0.0,2026
543238,FF,120,62,9,63,23,83,29,9,0.14516129032258066,0.36507936507936506,0.6916666666666667,0.3103448275862069,2026
543238,SL,69,38,16,44,21,46,10,3,0.42105263157894735,0.4772727272727273,0.6666666666666666,0.3,2026
543243,CH,142,54,11,89,22,73,22,8,0.2037037037037037,0.24719101123595505,0.5140845070422535,0.36363636363636365,2026
543243,CS,2,0,0,2,0,0,0,0,,0.0,0.0,,2026
543243,CU,393,165,47,227,83,243,54,24,0.28484848484848485,0.3656387665198238,0.6183206106870229,0.4444444444444444,2026
543243,FC,465,231,30,211,60,316,110,49,0.12987012987012986,0.2843601895734597,0.6795698924731183,0.44545454545454544,2026
543243,FF,428,189,23,174,45,291,98,44,0.12169312169312169,0.25862068965517243,0.6799065420560748,0.4489795918367347,2026
543243,SI,538,241,29,238,45,355,113,64,0.12033195020746888,0.18907563025210083,0.6598513011152416,0.5663716814159292,2026
543243,ST,506,295,109,374,181,311,86,35,0.3694915254237288,0.4839572192513369,0.6146245059288538,0.4069767441860465,2026
543309,EP,45,17,0,28,8,25,14,3,0.0,0.2857142857142857,0.5555555555555556,0.21428571428571427,2026
543309,FA,6,3,1,3,0,3,2,0,0.3333333333333333,0.0,0.5,0.0,2026
543510,CU,1,1,0,0,0,1,1,0,0.0,,1.0,0.0,2026
543510,EP,55,24,2,40,14,29,17,9,0.08333333333333333,0.35,0.5272727272727272,0.5294117647058824,2026
543510,FA,1,1,0,0,0,1,1,1,0.0,,1.0,1.0,2026
544150,CH,156,81,18,83,25,94,39,12,0.2222222222222222,0.30120481927710846,0.6025641025641025,0.3076923076923077,2026
544150,CU,91,37,9,51,13,53,19,6,0.24324324324324326,0.2549019607843137,0.5824175824175825,0.3157894736842105,2026
544150,FC,204,112,28,99,30,135,46,26,0.25,0.30303030303030304,0.6617647058823529,0.5652173913043478,2026
544150,FF,518,255,48,299,91,323,92,22,0.18823529411764706,0.30434782608695654,0.6235521235521235,0.2391304347826087,2026
544150,SV,1,0,0,1,0,0,0,0,,0.0,0.0,,2026
545121,CS,7,2,0,5,0,2,2,0,0.0,0.0,0.2857142857142857,0.0,2026
545121,EP,18,7,0,15,4,9,6,3,0.0,0.26666666666666666,0.5,0.5,2026
545121,FA,23,7,0,15,3,12,5,2,0.0,0.2,0.5217391304347826,0.4,2026
547179,CH,489,214,59,320,78,249,82,28,0.2757009345794392,0.24375,0.50920245398773,0.34146341463414637,2026
547179,CU,253,106,23,152,45,149,42,23,0.2169811320754717,0.29605263157894735,0.5889328063241107,0.5476190476190477,2026
547179,FC,344,150,19,146,24,231,71,36,0.12666666666666668,0.1643835616438356,0.6715116279069767,0.5070422535211268,2026
547179,FF,454,207,18,207,48,296,85,27,0.08695652173913043,0.2318840579710145,0.6519823788546255,0.3176470588235294,2026
547179,SI,486,217,17,205,42,329,119,68,0.07834101382488479,0.2048780487804878,0.676954732510288,0.5714285714285714,2026
547179,SL,184,92,20,96,30,118,43,16,0.21739130434782608,0.3125,0.6413043478260869,0.37209302325581395,2026
547179,ST,189,81,26,111,31,105,27,7,0.32098765432098764,0.27927927927927926,0.5555555555555556,0.25925925925925924,2026
547179,UN,1,0,0,1,0,0,0,0,,0.0,0.0,,2026
547184,CH,1,0,0,1,0,0,0,0,,0.0,0.0,,2026
547184,FF,27,12,2,10,2,18,3,0,0.16666666666666666,0.2,0.6666666666666666,0.0,2026
547184,SI,11,4,0,4,0,7,2,2,0.0,0.0,0.6363636363636364,1.0,2026
547184,SL,32,13,2,17,3,19,6,0,0.15384615384615385,0.17647058823529413,0.59375,0.0,2026
547184,ST,50,25,7,18,3,35,9,2,0.28,0.16666666666666666,0.7,0.2222222222222222,2026
547973,FF,312,147,23,148,33,199,51,20,0.1564625850340136,0.22297297297297297,0.6378205128205128,0.39215686274509803,2026
547973,FS,103,63,25,68,35,69,17,10,0.3968253968253968,0.5147058823529411,0.6699029126213593,0.5882352941176471,2026
547973,SI,273,159,43,131,47,191,36,19,0.27044025157232704,0.35877862595419846,0.6996336996336996,0.5277777777777778,2026
547973,SL,153,68,26,82,27,102,14,8,0.38235294117647056,0.32926829268292684,0.6666666666666666,0.5714285714285714,2026
548384,CH,107,48,12,74,22,56,25,13,0.25,0.2972972972972973,0.5233644859813084,0.52,2026
548384,FC,250,132,39,128,50,174,39,10,0.29545454545454547,0.390625,0.696,0.2564102564102564,2026
548384,SI,183,59,7,83,10,110,28,14,0.11864406779661017,0.12048192771084337,0.6010928961748634,0.5,2026
548384,ST,302,154,31,150,53,210,58,18,0.2012987012987013,0.35333333333333333,0.695364238410596,0.3103448275862069,2026
552640,FF,87,51,4,48,16,56,20,6,0.0784313725490196,0.3333333333333333,0.6436781609195402,0.3,2026
552640,SI,281,139,13,116,32,200,75,39,0.09352517985611511,0.27586206896551724,0.7117437722419929,0.52,2026
552640,SL,343,191,64,197,98,243,68,26,0.33507853403141363,0.49746192893401014,0.7084548104956269,0.38235294117647056,2026
554430,CU,229,107,46,178,73,125,25,12,0.42990654205607476,0.4101123595505618,0.5458515283842795,0.48,2026
554430,FC,279,145,26,164,57,174,48,23,0.1793103448275862,0.3475609756097561,0.6236559139784946,0.4791666666666667,2026
554430,FF,945,484,123,435,133,653,121,36,0.25413223140495866,0.3057471264367816,0.691005291005291,0.2975206611570248,2026
554430,FS,431,242,105,322,150,261,67,32,0.43388429752066116,0.4658385093167702,0.605568445475638,0.47761194029850745,2026
554430,SI,410,213,19,214,76,277,93,52,0.0892018779342723,0.35514018691588783,0.675609756097561,0.5591397849462365,2026
554430,ST,355,141,52,222,67,207,47,20,0.36879432624113473,0.30180180180180183,0.5830985915492958,0.425531914893617,2026
571510,CH,546,312,81,301,125,377,129,43,0.25961538461538464,0.4152823920265781,0.6904761904761905,0.3333333333333333,2026
571510,CU,242,56,14,138,21,130,22,15,0.25,0.15217391304347827,0.5371900826446281,0.6818181818181818,2026
571510,FF,862,460,61,382,119,605,185,87,0.13260869565217392,0.31151832460732987,0.7018561484918794,0.4702702702702703,2026
571510,SI,28,16,2,13,6,20,6,4,0.125,0.46153846153846156,0.7142857142857143,0.6666666666666666,2026
571510,SL,279,119,41,184,56,151,36,14,0.3445378151260504,0.30434782608695654,0.5412186379928315,0.3888888888888889,2026
571578,CH,247,107,28,167,46,127,41,17,0.2616822429906542,0.2754491017964072,0.5141700404858299,0.4146341463414634,2026
571578,CS,1,0,0,1,0,0,0,0,,0.0,0.0,,2026
571578,CU,21,4,2,11,2,14,0,0,0.5,0.18181818181818182,0.6666666666666666,,2026
571578,FC,214,116,15,102,32,146,51,13,0.12931034482758622,0.3137254901960784,0.6822429906542056,0.2549019607843137,2026
571578,FF,159,80,6,82,28,103,30,9,0.075,0.34146341463414637,0.6477987421383647,0.3,2026
571578,SI,383,186,13,187,49,258,92,45,0.06989247311827956,0.2620320855614973,0.6736292428198434,0.4891304347826087,2026
571578,SL,387,175,62,260,92,224,52,21,0.35428571428571426,0.35384615384615387,0.5788113695090439,0.40384615384615385,2026
571771,EP,8,6,1,6,4,7,4,0,0.16666666666666666,0.6666666666666666,0.875,0.0,2026
571882,CH,13,7,1,7,2,8,3,2,0.14285714285714285,0.2857142857142857,0.6153846153846154,0.6666666666666666,2026
571882,CU,1,0,0,1,0,0,0,0,,0.0,0.0,,2026
571882,FC,58,23,1,33,9,36,9,3,0.043478260869565216,0.2727272727272727,0.6206896551724138,0.3333333333333333,2026
571882,FF,26,12,2,13,3,16,3,1,0.16666666666666666,0.23076923076923078,0.6153846153846154,0.3333333333333333,2026
571882,SI,8,5,2,5,3,6,1,0,0.4,0.6,0.75,0.0,2026
571882,SL,49,21,6,37,12,24,10,6,0.2857142857142857,0.32432432432432434,0.4897959183673469,0.6,2026
571912,FA,8,5,0,5,2,5,3,1,0.0,0.4,0.625,0.3333333333333333,2026
571927,CH,383,207,44,246,98,235,90,31,0.21256038647342995,0.3983739837398374,0.6135770234986945,0.34444444444444444,2026
571927,CU,180,62,15,89,23,117,25,12,0.24193548387096775,0.25842696629213485,0.65,0.48,2026
571927,FC,3,1,0,2,0,1,0,0,0.0,0.0,0.3333333333333333,,2026
571927,SI,673,315,48,266,53,457,117,47,0.1523809523809524,0.19924812030075187,0.6790490341753344,0.4017094017094017,2026
571927,SL,106,59,10,53,17,67,22,9,0.1694915254237288,0.32075471698113206,0.6320754716981132,0.4090909090909091,2026
571945,CH,146,68,6,98,28,76,39,21,0.08823529411764706,0.2857142857142857,0.5205479452054794,0.5384615384615384,2026
571945,CS,1,0,0,1,0,0,0,0,,0.0,0.0,,2026
571945,CU,272,85,18,153,34,153,34,18,0.21176470588235294,0.2222222222222222,0.5625,0.5294117647058824,2026
571945,FF,450,245,29,148,45,336,99,27,0.11836734693877551,0.30405405405405406,0.7466666666666667,0.2727272727272727,2026
571945,PO,1,0,0,1,0,0,0,0,,0.0,0.0,,2026
571945,SI,436,248,17,172,54,327,129,63,0.06854838709677419,0.313953488372093,0.75,0.4883720930232558,2026
571945,SL,424,198,31,239,69,254,97,53,0.15656565656565657,0.28870292887029286,0.5990566037735849,0.5463917525773195,2026
571945,ST,97,41,6,66,19,51,17,6,0.14634146341463414,0.2878787878787879,0.5257731958762887,0.35294117647058826,2026
571948,CH,123,57,11,87,34,71,27,12,0.19298245614035087,0.39080459770114945,0.5772357723577236,0.4444444444444444,2026
571948,FF,104,63,8,38,9,73,26,11,0.12698412698412698,0.23684210526315788,0.7019230769230769,0.4230769230769231,2026
571948,SI,262,114,16,103,29,190,59,31,0.14035087719298245,0.2815533980582524,0.7251908396946565,0.5254237288135594,2026
571948,ST,185,76,16,104,25,108,27,9,0.21052631578947367,0.2403846153846154,0.5837837837837838,0.3333333333333333,2026
572143,CH,27,11,2,20,5,12,3,0,0.18181818181818182,0.25,0.4444444444444444,0.0,2026
572143,CU,73,37,9,35,12,51,13,9,0.24324324324324326,0.34285714285714286,0.6986301369863014,0.6923076923076923,2026
572143,FC,60,25,4,27,7,41,15,9,0.16,0.25925925925925924,0.6833333333333333,0.6,2026
572143,FF,125,59,12,61,14,81,15,6,0.2033898305084746,0.22950819672131148,0.648,0.4,2026
572143,SI,2,0,0,2,0,0,0,0,,0.0,0.0,,2026
572955,CU,532,253,59,271,99,355,103,40,0.233201581027668,0.36531365313653136,0.6672932330827067,0.3883495145631068,2026
572955,FC,4,1,0,2,0,2,0,0,0.0,0.0,0.5,,2026
572955,FF,304,134,24,151,43,194,47,16,0.1791044776119403,0.2847682119205298,0.6381578947368421,0.3404255319148936,2026
573009,CH,98,60,16,71,38,66,21,14,0.26666666666666666,0.5352112676056338,0.673469387755102,0.6666666666666666,2026
573009,CU,106,49,12,64,20,63,18,4,0.24489795918367346,0.3125,0.5943396226415094,0.2222222222222222,2026
573009,SI,195,88,4,79,14,133,44,24,0.045454545454545456,0.17721518987341772,0.6820512820512821,0.5454545454545454,2026
573124,FC,156,60,10,95,21,83,26,9,0.16666666666666666,0.22105263157894736,0.532051282051282,0.34615384615384615,2026
573124,SI,398,133,15,195,21,232,60,23,0.11278195488721804,0.1076923076923077,0.5829145728643216,0.38333333333333336,2026
573124,SL,7,4,0,3,2,6,3,1,0.0,0.6666666666666666,0.8571428571428571,0.3333333333333333,2026
573124,ST,540,270,55,274,98,372,101,37,0.2037037037037037,0.35766423357664234,0.6888888888888889,0.36633663366336633,2026
573204,CU,216,96,27,135,48,134,29,12,0.28125,0.35555555555555557,0.6203703703703703,0.41379310344827586,2026
573204,FF,331,189,36,150,54,236,58,15,0.19047619047619047,0.36,0.7129909365558912,0.25862068965517243,2026
573204,SL,182,95,31,96,35,124,28,10,0.3263157894736842,0.3645833333333333,0.6813186813186813,0.35714285714285715,2026
573204,ST,119,59,15,63,22,77,18,5,0.2542372881355932,0.3492063492063492,0.6470588235294118,0.2777777777777778,2026
579328,CU,136,66,14,74,26,87,25,9,0.21212121212121213,0.35135135135135137,0.6397058823529411,0.36,2026
579328,FC,66,29,8,27,5,41,8,5,0.27586206896551724,0.18518518518518517,0.6212121212121212,0.625,2026
579328,FF,487,242,31,214,41,313,88,41,0.128099173553719,0.19158878504672897,0.6427104722792608,0.4659090909090909,2026
579328,FS,208,91,27,134,39,114,29,9,0.2967032967032967,0.291044776119403,0.5480769230769231,0.3103448275862069,2026
579328,SL,305,158,36,135,44,213,55,26,0.22784810126582278,0.32592592592592595,0.6983606557377049,0.4727272727272727,2026
592094,CH,190,95,28,121,36,105,38,21,0.29473684210526313,0.2975206611570248,0.5526315789473685,0.5526315789473685,2026
592094,FF,134,67,5,79,23,80,20,6,0.07462686567164178,0.2911392405063291,0.5970149253731343,0.3,2026
592094,SL,220,126,45,88,42,176,43,20,0.35714285714285715,0.4772727272727273,0.8,0.46511627906976744,2026
592094,ST,39,17,3,26,7,20,6,3,0.17647058823529413,0.2692307692307692,0.5128205128205128,0.5,2026
592155,CH,9,6,1,8,5,6,2,1,0.16666666666666666,0.625,0.6666666666666666,0.5,2026
592155,FC,251,141,37,108,37,181,38,14,0.2624113475177305,0.3425925925925926,0.7211155378486056,0.3684210526315789,2026
592155,FF,263,146,29,126,37,176,51,10,0.19863013698630136,0.29365079365079366,0.6692015209125475,0.19607843137254902,2026
592155,ST,63,33,15,43,19,40,11,6,0.45454545454545453,0.4418604651162791,0.6349206349206349,0.5454545454545454,2026
592288,CH,23,9,5,12,4,14,3,0,0.5555555555555556,0.3333333333333333,0.6086956521739131,0.0,2026
592288,SI,27,14,0,7,0,20,8,5,0.0,0.0,0.7407407407407407,0.625,2026
592288,SL,20,10,4,13,4,11,2,0,0.4,0.3076923076923077,0.55,0.0,2026
592288,ST,26,10,0,16,5,15,2,0,0.0,0.3125,0.5769230769230769,0.0,2026
592332,CH,35,16,3,21,7,21,5,2,0.1875,0.3333333333333333,0.6,0.4,2026
592332,FF,1521,779,94,550,166,1163,306,115,0.12066752246469833,0.3018181818181818,0.7646285338593031,0.3758169934640523,2026
592332,FS,1177,611,254,870,356,671,178,91,0.4157119476268412,0.4091954022988506,0.5700934579439252,0.5112359550561798,2026
592332,SL,249,94,33,176,38,116,28,8,0.35106382978723405,0.2159090909090909,0.46586345381526106,0.2857142857142857,2026
592332,ST,21,6,2,15,4,11,1,0,0.3333333333333333,0.26666666666666666,0.5238095238095238,0.0,2026
592454,CH,121,67,14,62,18,79,25,10,0.208955223880597,0.2903225806451613,0.6528925619834711,0.4,2026
592454,FF,60,29,3,27,7,40,10,3,0.10344827586206896,0.25925925925925924,0.6666666666666666,0.3,2026
592454,SL,15,4,1,8,3,9,1,1,0.25,0.375,0.6,1.0,2026
592662,CH,530,268,62,305,88,317,112,42,0.23134328358208955,0.28852459016393445,0.5981132075471698,0.375,2026
592662,FF,893,443,76,483,143,561,144,36,0.17155756207674944,0.29606625258799174,0.6282194848824189,0.25,2026
592662,KC,330,135,47,200,64,197,44,18,0.34814814814814815,0.32,0.5969696969696969,0.4090909090909091,2026
592662,SI,434,179,14,218,48,271,86,39,0.0782122905027933,0.22018348623853212,0.6244239631336406,0.45348837209302323,2026
592662,SL,667,293,96,424,116,360,90,38,0.32764505119453924,0.27358490566037735,0.5397301349325337,0.4222222222222222,2026
592773,FF,556,294,65,282,95,370,86,25,0.22108843537414966,0.33687943262411346,0.6654676258992805,0.29069767441860467,2026
592773,FS,170,79,25,116,33,87,28,14,0.31645569620253167,0.28448275862068967,0.5117647058823529,0.5,2026
592773,SI,100,49,8,39,8,69,19,13,0.16326530612244897,0.20512820512820512,0.69,0.6842105263157895,2026
592773,SL,251,103,41,156,39,136,34,16,0.39805825242718446,0.25,0.5418326693227091,0.47058823529411764,2026
592773,ST,2,1,0,2,1,1,0,0,0.0,0.5,0.5,,2026
592779,CH,57,29,7,31,8,34,11,7,0.2413793103448276,0.25806451612903225,0.5964912280701754,0.6363636363636364,2026
592779,FC,34,19,3,22,9,22,6,1,0.15789473684210525,0.4090909090909091,0.6470588235294118,0.16666666666666666,2026
592779,FF,141,72,22,64,24,103,17,7,0.3055555555555556,0.375,0.7304964539007093,0.4117647058823529,2026
592779,SI,55,29,4,24,12,42,16,15,0.13793103448275862,0.5,0.7636363636363637,0.9375,2026
592779,ST,95,39,13,60,17,49,18,8,0.3333333333333333,0.2833333333333333,0.5157894736842106,0.4444444444444444,2026
592791,CH,227,117,34,158,65,133,49,17,0.2905982905982906,0.41139240506329117,0.5859030837004405,0.3469387755102041,2026
592791,CU,159,49,12,99,18,79,22,8,0.24489795918367346,0.18181818181818182,0.4968553459119497,0.36363636363636365,2026
592791,FC,274,122,30,123,25,177,47,17,0.2459016393442623,0.2032520325203252,0.6459854014598541,0.3617021276595745,2026
592791,FF,395,172,33,193,46,250,61,13,0.19186046511627908,0.23834196891191708,0.6329113924050633,0.21311475409836064,2026
592791,SI,138,59,8,66,12,85,29,9,0.13559322033898305,0.18181818181818182,0.6159420289855072,0.3103448275862069,2026
592791,SL,14,10,2,6,3,11,4,3,0.2,0.5,0.7857142857142857,0.75,2026
592791,ST,236,139,43,143,68,165,48,22,0.30935251798561153,0.4755244755244755,0.6991525423728814,0.4583333333333333,2026
592826,CH,2,2,1,2,2,2,0,0,0.5,1.0,1.0,,2026
592826,FC,8,4,0,2,1,7,3,0,0.0,0.5,0.875,0.0,2026
592826,FF,21,9,1,11,2,12,3,3,0.1111111111111111,0.18181818181818182,0.5714285714285714,1.0,2026
592826,KC,6,3,0,3,1,4,3,0,0.0,0.3333333333333333,0.6666666666666666,0.0,2026
592826,SI,2,0,0,2,0,1,0,0,,0.0,0.5,,2026
592826,SL,4,3,1,2,1,3,1,0,0.3333333333333333,0.5,0.75,0.0,2026
592836,CU,54,23,3,32,10,34,9,3,0.13043478260869565,0.3125,0.6296296296296297,0.3333333333333333,2026
592836,FC,84,41,6,39,10,57,18,4,0.14634146341463414,0.2564102564102564,0.6785714285714286,0.2222222222222222,2026
592836,FF,42,12,0,22,2,22,6,3,0.0,0.09090909090909091,0.5238095238095238,0.5,2026
592836,FS,98,58,10,54,20,64,31,16,0.1724137931034483,0.37037037037037035,0.6530612244897959,0.5161290322580645,2026
592836,SI,96,30,3,52,8,52,12,5,0.1,0.15384615384615385,0.5416666666666666,0.4166666666666667,2026
592836,SL,50,27,4,28,10,34,10,3,0.14814814814814814,0.35714285714285715,0.68,0.3,2026
592866,CH,59,28,11,48,18,30,8,6,0.39285714285714285,0.375,0.5084745762711864,0.75,2026
592866,FF,202,111,25,82,25,145,31,10,0.22522522522522523,0.3048780487804878,0.7178217821782178,0.3225806451612903,2026
592866,SI,83,35,2,60,21,46,16,10,0.05714285714285714,0.35,0.5542168674698795,0.625,2026
592866,SL,34,8,0,24,3,14,3,2,0.0,0.125,0.4117647058823529,0.6666666666666666,2026
592866,ST,136,65,23,80,24,82,16,7,0.35384615384615387,0.3,0.6029411764705882,0.4375,2026
593958,CH,811,414,108,529,187,470,185,101,0.2608695652173913,0.3534971644612476,0.5795314426633785,0.5459459459459459,2026
593958,CU,375,150,33,209,55,231,75,35,0.22,0.2631578947368421,0.616,0.4666666666666667,2026
593958,FC,411,204,30,183,40,275,82,34,0.14705882352941177,0.2185792349726776,0.6690997566909975,0.4146341463414634,2026
593958,FF,1225,616,115,586,182,837,185,41,0.18668831168831168,0.310580204778157,0.683265306122449,0.22162162162162163,2026
593958,PO,1,0,0,1,0,0,0,0,,0.0,0.0,,2026
593958,SI,244,116,6,128,36,148,55,22,0.05172413793103448,0.28125,0.6065573770491803,0.4,2026
593974,CH,418,239,72,275,117,262,93,43,0.301255230125523,0.4254545454545455,0.6267942583732058,0.46236559139784944,2026
593974,FF,114,49,4,72,15,57,17,5,0.08163265306122448,0.20833333333333334,0.5,0.29411764705882354,2026
593974,SI,511,263,31,226,69,361,112,57,0.11787072243346007,0.3053097345132743,0.7064579256360078,0.5089285714285714,2026
593974,SL,181,76,21,104,24,101,23,12,0.27631578947368424,0.23076923076923078,0.5580110497237569,0.5217391304347826,2026
594027,FS,26,17,3,16,8,18,8,3,0.17647058823529413,0.5,0.6923076923076923,0.375,2026
594027,SI,523,299,64,205,71,389,95,54,0.2140468227424749,0.3463414634146341,0.7437858508604207,0.5684210526315789,2026
594027,SL,58,32,9,32,11,35,12,6,0.28125,0.34375,0.603448275862069,0.5,2026
594580,CH,169,67,17,136,41,77,19,13,0.2537313432835821,0.3014705882352941,0.4556213017751479,0.6842105263157895,2026
594580,FF,126,65,10,55,13,84,26,10,0.15384615384615385,0.23636363636363636,0.6666666666666666,0.38461538461538464,2026
594580,SI,391,174,18,165,34,269,79,47,0.10344827586206896,0.20606060606060606,0.6879795396419437,0.5949367088607594,2026
594580,ST,387,146,51,233,61,216,41,18,0.3493150684931507,0.26180257510729615,0.5581395348837209,0.43902439024390244,2026
594798,CH,373,164,73,255,77,193,41,14,0.4451219512195122,0.30196078431372547,0.517426273458445,0.34146341463414637,2026
594798,CU,182,69,26,89,29,116,22,6,0.37681159420289856,0.3258426966292135,0.6373626373626373,0.2727272727272727,2026
594798,FF,1152,627,143,506,154,810,176,47,0.22807017543859648,0.30434782608695654,0.703125,0.26704545454545453,2026
594798,SI,91,58,8,34,12,65,25,13,0.13793103448275862,0.35294117647058826,0.7142857142857143,0.52,2026
594798,SL,937,497,186,602,249,597,154,72,0.37424547283702214,0.41362126245847175,0.6371398078975453,0.4675324675324675,2026
594835,CH,25,14,0,13,5,16,9,3,0.0,0.38461538461538464,0.64,0.3333333333333333,2026
594835,CU,5,1,0,2,1,3,0,0,0.0,0.5,0.6,,2026
594835,FC,20,8,2,14,5,12,3,1,0.25,0.35714285714285715,0.6,0.3333333333333333,2026
594835,FF,38,17,3,15,6,29,4,1,0.17647058823529413,0.4,0.7631578947368421,0.25,2026
594835,SI,5,3,0,1,0,4,1,0,0.0,0.0,0.8,0.0,2026
594835,SV,25,9,1,17,3,10,5,3,0.1111111111111111,0.17647058823529413,0.4,0.6,2026
595014,CH,2,0,0,2,0,0,0,0,,0.0,0.0,,2026
595014,FC,54,29,6,26,15,42,6,1,0.20689655172413793,0.5769230769230769,0.7777777777777778,0.16666666666666666,2026
595014,FF,60,35,7,28,8,40,11,2,0.2,0.2857142857142857,0.6666666666666666,0.18181818181818182,2026
595014,SI,181,88,15,71,21,130,39,26,0.17045454545454544,0.29577464788732394,0.7182320441988951,0.6666666666666666,2026
595014,ST,197,85,30,139,48,107,29,11,0.35294117647058826,0.34532374100719426,0.5431472081218274,0.3793103448275862,2026
595345,CH,2,1,1,1,0,1,0,0,1.0,0.0,0.5,,2026
595345,FF,289,124,20,160,40,175,44,11,0.16129032258064516,0.25,0.6055363321799307,0.25,2026
595345,SI,57,19,1,29,8,38,12,5,0.05263157894736842,0.27586206896551724,0.6666666666666666,0.4166666666666667,2026
595345,SL,702,381,128,323,104,483,119,33,0.3359580052493438,0.3219814241486068,0.688034188034188,0.2773109243697479,2026
595978,CH,15,7,0,6,2,11,6,4,0.0,0.3333333333333333,0.7333333333333333,0.6666666666666666,2026
595978,EP,6,4,0,4,2,4,4,2,0.0,0.5,0.6666666666666666,0.5,2026
595978,FA,34,18,1,18,7,25,9,3,0.05555555555555555,0.3888888888888889,0.7352941176470589,0.3333333333333333,2026
596001,CH,171,90,15,96,27,104,45,29,0.16666666666666666,0.28125,0.6081871345029239,0.6444444444444445,2026
596001,FF,163,66,15,73,11,102,21,6,0.22727272727272727,0.1506849315068493,0.6257668711656442,0.2857142857142857,2026
596001,SI,151,76,5,60,19,113,38,14,0.06578947368421052,0.31666666666666665,0.7483443708609272,0.3684210526315789,2026
596001,ST,360,156,29,183,63,241,69,24,0.1858974358974359,0.3442622950819672,0.6694444444444444,0.34782608695652173,2026
596117,EP,40,24,0,27,12,28,20,4,0.0,0.4444444444444444,0.7,0.2,2026
596117,FA,6,4,1,1,0,5,2,1,0.25,0.0,0.8333333333333334,0.5,2026
596133,CH,308,194,76,174,84,217,60,20,0.3917525773195876,0.4827586206896552,0.7045454545454546,0.3333333333333333,2026
596133,FC,132,54,16,79,16,69,21,9,0.2962962962962963,0.20253164556962025,0.5227272727272727,0.42857142857142855,2026
596133,FF,461,230,40,206,60,321,72,30,0.17391304347826086,0.2912621359223301,0.6963123644251626,0.4166666666666667,2026
596133,SI,1,1,0,0,0,1,1,0,0.0,,1.0,0.0,2026
596133,SL,1,0,0,1,0,0,0,0,,0.0,0.0,,2026
596142,EP,16,8,1,10,4,9,5,3,0.125,0.4,0.5625,0.6,2026
596142,FA,10,3,0,5,0,6,2,2,0.0,0.0,0.6,1.0,2026
596142,SL,4,3,0,2,2,4,2,2,0.0,1.0,1.0,1.0,2026
601713,CU,128,45,11,63,17,81,17,9,0.24444444444444444,0.2698412698412698,0.6328125,0.5294117647058824,2026
601713,FC,77,43,4,32,12,56,18,6,0.09302325581395349,0.375,0.7272727272727273,0.3333333333333333,2026
601713,FF,302,151,23,150,53,199,44,11,0.152317880794702,0.35333333333333333,0.6589403973509934,0.25,2026
601713,SI,5,3,0,1,0,4,3,1,0.0,0.0,0.8,0.3333333333333333,2026
601713,SL,2,1,1,2,1,1,0,0,1.0,0.5,0.5,,2026
601713,ST,64,33,14,42,20,41,7,2,0.42424242424242425,0.47619047619047616,0.640625,0.2857142857142857,2026
605130,CU,199,104,45,131,58,126,33,13,0.4326923076923077,0.44274809160305345,0.6331658291457286,0.3939393939393939,2026
605130,FF,76,28,3,32,5,52,17,8,0.10714285714285714,0.15625,0.6842105263157895,0.47058823529411764,2026
605130,SI,77,28,5,45,9,40,15,5,0.17857142857142858,0.2,0.5194805194805194,0.3333333333333333,2026
605130,SL,23,6,1,17,1,8,3,0,0.16666666666666666,0.058823529411764705,0.34782608695652173,0.0,2026
605130,ST,206,82,26,124,37,119,29,10,0.3170731707317073,0.29838709677419356,0.5776699029126213,0.3448275862068966,2026
605135,CH,83,27,7,53,9,36,13,7,0.25925925925925924,0.16981132075471697,0.43373493975903615,0.5384615384615384,2026
605135,CU,374,183,53,221,78,231,66,17,0.2896174863387978,0.35294117647058826,0.6176470588235294,0.25757575757575757,2026
605135,FC,346,169,34,211,63,207,53,16,0.20118343195266272,0.2985781990521327,0.5982658959537572,0.3018867924528302,2026
605135,FF,139,66,8,73,13,81,27,16,0.12121212121212122,0.1780821917808219,0.5827338129496403,0.5925925925925926,2026
605135,SI,636,292,34,246,44,444,151,89,0.11643835616438356,0.17886178861788618,0.6981132075471698,0.5894039735099338,2026
605135,SL,50,21,1,27,4,27,12,5,0.047619047619047616,0.14814814814814814,0.54,0.4166666666666667,2026
605135,ST,103,45,14,56,17,66,17,4,0.3111111111111111,0.30357142857142855,0.6407766990291263,0.23529411764705882,2026
605154,CH,7,3,1,4,0,3,1,0,0.3333333333333333,0.0,0.42857142857142855,0.0,2026
605154,FF,37,17,2,15,4,25,7,2,0.11764705882352941,0.26666666666666666,0.6756756756756757,0.2857142857142857,2026
605154,SL,45,29,3,15,5,36,10,4,0.10344827586206896,0.3333333333333333,0.8,0.4,2026
605154,ST,5,4,3,3,2,4,1,0,0.75,0.6666666666666666,0.8,0.0,2026
605156,CH,1,1,0,1,1,1,1,0,0.0,1.0,1.0,0.0,2026
605156,FF,5,3,0,5,3,4,1,0,0.0,0.6,0.8,0.0,2026
605156,SI,7,2,1,6,1,2,0,0,0.5,0.16666666666666666,0.2857142857142857,,2026
605156,SL,4,0,0,4,0,0,0,0,,0.0,0.0,,2026
605218,CH,16,9,4,7,2,11,1,0,0.4444444444444444,0.2857142857142857,0.6875,0.0,2026
605218,CU,30,13,4,21,8,17,5,3,0.3076923076923077,0.38095238095238093,0.5666666666666667,0.6,2026
605218,FF,53,21,10,23,4,34,4,1,0.47619047619047616,0.17391304347826086,0.6415094339622641,0.25,2026
605242,CH,32,17,7,26,11,17,5,4,0.4117647058823529,0.4230769230769231,0.53125,0.8,2026
605242,CU,2,0,0,1,0,1,0,0,,0.0,0.5,,2026
605242,FC,107,46,16,49,18,75,12,3,0.34782608695652173,0.3673469387755102,0.7009345794392523,0.25,2026
605242,FF,27,11,3,13,4,18,4,2,0.2727272727272727,0.3076923076923077,0.6666666666666666,0.5,2026
605242,SI,20,10,3,9,2,13,4,2,0.3,0.2222222222222222,0.65,0.5,2026
605242,ST,76,36,14,50,20,45,9,2,0.3888888888888889,0.4,0.5921052631578947,0.2222222222222222,2026
605280,CH,230,120,38,164,68,132,49,33,0.31666666666666665,0.4146341463414634,0.5739130434782609,0.673469387755102,2026
605280,CU,111,47,11,73,27,63,14,7,0.23404255319148937,0.3698630136986301,0.5675675675675675,0.5,2026
605280,FC,170,83,31,103,41,109,27,14,0.37349397590361444,0.39805825242718446,0.6411764705882353,0.5185185185185185,2026
605280,FF,17,10,1,10,4,11,4,1,0.1,0.4,0.6470588235294118,0.25,2026
605280,SI,789,364,37,362,98,529,171,110,0.10164835164835165,0.27071823204419887,0.670468948035488,0.6432748538011696,2026
605280,ST,296,107,27,162,49,178,31,15,0.2523364485981308,0.30246913580246915,0.6013513513513513,0.4838709677419355,2026
605288,CH,275,148,51,176,65,163,47,28,0.34459459459459457,0.3693181818181818,0.5927272727272728,0.5957446808510638,2026
605288,CU,119,36,9,75,19,65,13,4,0.25,0.25333333333333335,0.5462184873949579,0.3076923076923077,2026
605288,FF,375,188,32,187,46,237,67,19,0.1702127659574468,0.24598930481283424,0.632,0.2835820895522388,2026
605288,SI,793,349,25,354,77,529,188,91,0.07163323782234957,0.2175141242937853,0.6670870113493065,0.48404255319148937,2026
605288,SL,169,80,12,87,20,102,42,18,0.15,0.22988505747126436,0.6035502958579881,0.42857142857142855,2026
605335,CH,27,11,5,21,7,13,5,3,0.45454545454545453,0.3333333333333333,0.48148148148148145,0.6,2026
605335,CU,4,2,0,1,0,3,0,0,0.0,0.0,0.75,,2026
605335,FF,23,11,1,16,9,16,5,0,0.09090909090909091,0.5625,0.6956521739130435,0.0,2026
605335,SI,14,8,0,5,1,8,6,0,0.0,0.2,0.5714285714285714,0.0,2026
605335,SL,22,12,2,12,6,15,6,5,0.16666666666666666,0.5,0.6818181818181818,0.8333333333333334,2026
605335,ST,9,3,0,5,1,5,2,0,0.0,0.2,0.5555555555555556,0.0,2026
605400,CH,481,219,52,318,92,260,88,48,0.2374429223744292,0.2893081761006289,0.5405405405405406,0.5454545454545454,2026
605400,FC,223,117,26,127,46,145,43,12,0.2222222222222222,0.36220472440944884,0.6502242152466368,0.27906976744186046,2026
605400,FF,706,290,34,333,65,451,111,21,0.11724137931034483,0.19519519519519518,0.6388101983002833,0.1891891891891892,2026
605400,KC,980,518,206,608,291,667,148,84,0.39768339768339767,0.4786184210526316,0.6806122448979591,0.5675675675675675,2026
605400,SI,535,205,21,250,49,334,109,38,0.1024390243902439,0.196,0.6242990654205608,0.3486238532110092,2026
605400,SL,21,15,4,11,6,18,7,5,0.26666666666666666,0.5454545454545454,0.8571428571428571,0.7142857142857143,2026
605441,FF,5,2,0,1,0,4,2,1,0.0,0.0,0.8,0.5,2026
605441,FS,2,1,1,1,0,1,0,0,1.0,0.0,0.5,,2026
605441,SI,5,3,1,2,1,4,1,0,0.3333333333333333,0.5,0.8,0.0,2026
605441,SL,1,0,0,0,0,1,0,0,,,1.0,,2026
605447,FF,267,113,21,127,31,175,34,9,0.18584070796460178,0.2440944881889764,0.6554307116104869,0.2647058823529412,2026
605447,FS,9,1,1,7,1,3,0,0,1.0,0.14285714285714285,0.3333333333333333,,2026
605447,SL,364,177,59,211,81,234,60,21,0.3333333333333333,0.38388625592417064,0.6428571428571429,0.35,2026
605447,ST,3,0,0,3,0,0,0,0,,0.0,0.0,,2026
605452,CU,13,7,3,8,3,8,2,2,0.42857142857142855,0.375,0.6153846153846154,1.0,2026
605452,FF,41,21,7,27,10,24,10,1,0.3333333333333333,0.37037037037037035,0.5853658536585366,0.1,2026
605452,FS,42,23,10,28,11,24,6,4,0.43478260869565216,0.39285714285714285,0.5714285714285714,0.6666666666666666,2026
605452,SI,50,25,4,22,5,31,9,5,0.16,0.22727272727272727,0.62,0.5555555555555556,2026
605452,SL,59,34,6,28,9,38,17,7,0.17647058823529413,0.32142857142857145,0.6440677966101694,0.4117647058823529,2026
605483,CH,132,85,35,78,42,97,29,7,0.4117647058823529,0.5384615384615384,0.7348484848484849,0.2413793103448276,2026
605483,CU,162,65,27,104,35,94,17,10,0.4153846153846154,0.33653846153846156,0.5802469135802469,0.5882352941176471,2026
605483,FF,367,178,35,196,73,243,44,20,0.19662921348314608,0.37244897959183676,0.662125340599455,0.45454545454545453,2026
605483,SL,80,40,20,59,25,46,11,7,0.5,0.423728813559322,0.575,0.6363636363636364,2026
605488,CH,615,344,119,421,191,384,129,58,0.34593023255813954,0.45368171021377673,0.624390243902439,0.4496124031007752,2026
605488,FC,103,37,4,55,9,59,14,5,0.10810810810810811,0.16363636363636364,0.5728155339805825,0.35714285714285715,2026
605488,FF,1066,479,59,513,122,676,189,58,0.12317327766179541,0.2378167641325536,0.6341463414634146,0.30687830687830686,2026
605488,SL,537,231,47,259,65,346,106,32,0.20346320346320346,0.25096525096525096,0.6443202979515829,0.3018867924528302,2026
605488,ST,143,52,7,76,10,78,18,5,0.1346153846153846,0.13157894736842105,0.5454545454545454,0.2777777777777778,2026
605540,CH,136,68,26,83,31,85,19,5,0.38235294117647056,0.37349397590361444,0.625,0.2631578947368421,2026
605540,CU,28,9,2,13,4,19,4,2,0.2222222222222222,0.3076923076923077,0.6785714285714286,0.5,2026
605540,FC,66,27,2,35,7,39,18,6,0.07407407407407407,0.2,0.5909090909090909,0.3333333333333333,2026
605540,FF,281,155,35,118,45,203,44,7,0.22580645161290322,0.3813559322033898,0.7224199288256228,0.1590909090909091,2026
605540,SI,123,64,7,50,15,90,30,12,0.109375,0.3,0.7317073170731707,0.4,2026
605540,ST,5,3,0,4,2,3,1,0,0.0,0.5,0.6,0.0,2026
606115,EP,11,3,0,7,0,5,3,2,0.0,0.0,0.45454545454545453,0.6666666666666666,2026
606115,FA,3,0,0,2,0,1,0,0,,0.0,0.3333333333333333,,2026
606303,CH,4,3,0,1,0,3,2,0,0.0,0.0,0.75,0.0,2026
606303,FC,1,1,0,0,0,1,1,0,0.0,,1.0,0.0,2026
606303,FF,61,29,10,33,8,36,6,0,0.3448275862068966,0.24242424242424243,0.5901639344262295,0.0,2026
606303,SI,16,6,1,8,1,9,2,1,0.16666666666666666,0.125,0.5625,0.5,2026
606303,ST,69,31,5,36,11,44,12,4,0.16129032258064516,0.3055555555555556,0.6376811594202898,0.3333333333333333,2026
606965,CH,59,30,8,34,17,43,10,6,0.26666666666666666,0.5,0.7288135593220338,0.6,2026
606965,FC,5,0,0,5,0,0,0,0,,0.0,0.0,,2026
606965,FF,53,33,2,24,8,36,19,7,0.06060606060606061,0.3333333333333333,0.6792452830188679,0.3684210526315789,2026
606965,SI,2,1,0,1,0,1,1,0,0.0,0.0,0.5,0.0,2026
606965,ST,15,4,1,10,2,8,1,0,0.25,0.2,0.5333333333333333,0.0,2026
606996,FF,93,39,2,37,4,58,21,7,0.05128205128205128,0.10810810810810811,0.6236559139784946,0.3333333333333333,2026
606996,FS,214,104,41,162,61,116,28,16,0.3942307692307692,0.3765432098765432,0.5420560747663551,0.5714285714285714,2026
606996,SI,342,131,16,168,34,206,53,40,0.12213740458015267,0.20238095238095238,0.6023391812865497,0.7547169811320755,2026
606996,SL,150,67,12,56,13,108,32,12,0.1791044776119403,0.23214285714285715,0.72,0.375,2026
606996,ST,272,122,29,136,42,177,46,18,0.23770491803278687,0.3088235294117647,0.6507352941176471,0.391304347826087,2026
607067,CH,411,204,47,271,102,243,78,54,0.23039215686274508,0.3763837638376384,0.5912408759124088,0.6923076923076923,2026
607067,CU,125,33,5,67,14,74,19,7,0.15151515151515152,0.208955223880597,0.592,0.3684210526315789,2026
607067,FC,133,59,11,62,15,87,26,7,0.1864406779661017,0.24193548387096775,0.6541353383458647,0.2692307692307692,2026
607067,FF,938,445,60,411,105,636,177,73,0.1348314606741573,0.25547445255474455,0.6780383795309168,0.4124293785310734,2026
607067,SI,180,82,3,94,25,108,46,17,0.036585365853658534,0.26595744680851063,0.6,0.3695652173913043,2026
607067,SL,242,127,34,144,57,156,51,24,0.2677165354330709,0.3958333333333333,0.6446280991735537,0.47058823529411764,2026
607067,ST,197,93,26,121,37,114,35,8,0.27956989247311825,0.30578512396694213,0.5786802030456852,0.22857142857142856,2026
607074,CH,209,106,38,134,49,123,41,19,0.3584905660377358,0.3656716417910448,0.5885167464114832,0.4634146341463415,2026
607074,CU,24,7,3,17,4,10,3,2,0.42857142857142855,0.23529411764705882,0.4166666666666667,0.6666666666666666,2026
607074,FF,661,311,62,319,79,427,78,17,0.19935691318327975,0.2476489028213166,0.6459909228441755,0.21794871794871795,2026
607074,SI,178,91,16,97,31,113,37,21,0.17582417582417584,0.31958762886597936,0.6348314606741573,0.5675675675675675,2026
607074,SL,366,175,62,231,76,213,50,19,0.35428571428571426,0.329004329004329,0.5819672131147541,0.38,2026
607192,CU,57,23,13,46,17,27,2,1,0.5652173913043478,0.3695652173913043,0.47368421052631576,0.5,2026
607192,FF,399,175,28,182,46,268,66,25,0.16,0.25274725274725274,0.6716791979949874,0.3787878787878788,2026
607192,KC,245,101,51,170,59,135,29,13,0.504950495049505,0.34705882352941175,0.5510204081632653,0.4482758620689655,2026
607192,SI,245,91,19,108,20,160,38,20,0.2087912087912088,0.18518518518518517,0.6530612244897959,0.5263157894736842,2026
607192,SL,203,96,38,117,42,129,29,9,0.3958333333333333,0.358974358974359,0.6354679802955665,0.3103448275862069,2026
607200,CH,273,91,22,218,53,110,37,20,0.24175824175824176,0.24311926605504589,0.40293040293040294,0.5405405405405406,2026
607200,FC,446,207,30,232,56,273,94,29,0.14492753623188406,0.2413793103448276,0.6121076233183856,0.30851063829787234,2026
607200,FF,29,6,0,27,4,6,2,0,0.0,0.14814814814814814,0.20689655172413793,0.0,2026
607200,SI,740,293,32,362,61,462,141,65,0.10921501706484642,0.1685082872928177,0.6243243243243243,0.46099290780141844,2026
607200,ST,925,426,93,470,143,605,175,56,0.21830985915492956,0.30425531914893617,0.654054054054054,0.32,2026
607259,CH,651,332,97,417,161,403,142,50,0.2921686746987952,0.38609112709832133,0.6190476190476191,0.352112676056338,2026
607259,CU,103,24,4,57,6,52,11,6,0.16666666666666666,0.10526315789473684,0.5048543689320388,0.5454545454545454,2026
607259,FC,555,322,39,236,77,401,152,62,0.12111801242236025,0.326271186440678,0.7225225225225225,0.40789473684210525,2026
607259,FF,317,175,23,149,47,210,67,19,0.13142857142857142,0.31543624161073824,0.6624605678233438,0.2835820895522388,2026
607259,PO,2,0,0,2,0,0,0,0,,0.0,0.0,,2026
607259,SI,800,386,33,276,75,598,192,67,0.08549222797927461,0.2717391304347826,0.7475,0.3489583333333333,2026
607259,SL,96,45,10,56,17,57,20,9,0.2222222222222222,0.30357142857142855,0.59375,0.45,2026
607455,CH,39,16,5,27,9,22,7,4,0.3125,0.3333333333333333,0.5641025641025641,0.5714285714285714,2026
607455,FF,158,70,9,86,16,88,25,7,0.12857142857142856,0.18604651162790697,0.5569620253164557,0.28,2026
607455,SI,162,74,11,61,11,114,32,16,0.14864864864864866,0.18032786885245902,0.7037037037037037,0.5,2026
607455,SL,249,113,42,165,56,142,36,14,0.37168141592920356,0.3393939393939394,0.570281124497992,0.3888888888888889,2026
607481,CU,70,35,6,42,15,45,17,11,0.17142857142857143,0.35714285714285715,0.6428571428571429,0.6470588235294118,2026
607481,FC,33,20,3,12,5,26,7,1,0.15,0.4166666666666667,0.7878787878787878,0.14285714285714285,2026
607481,FF,27,8,1,17,2,11,5,2,0.125,0.11764705882352941,0.4074074074074074,0.4,2026
607481,SI,127,52,6,53,9,83,21,11,0.11538461538461539,0.16981132075471697,0.6535433070866141,0.5238095238095238,2026
607481,ST,71,39,13,40,14,44,13,5,0.3333333333333333,0.35,0.6197183098591549,0.38461538461538464,2026
607536,CH,295,156,32,175,63,185,76,37,0.20512820512820512,0.36,0.6271186440677966,0.4868421052631579,2026
607536,FC,459,236,42,186,49,324,100,35,0.17796610169491525,0.26344086021505375,0.7058823529411765,0.35,2026
607536,FF,515,243,25,231,59,342,103,36,0.102880658436214,0.2554112554112554,0.6640776699029126,0.34951456310679613,2026
607536,KC,486,255,82,298,123,312,93,40,0.3215686274509804,0.412751677852349,0.6419753086419753,0.43010752688172044,2026
607536,SI,215,104,13,103,34,147,49,25,0.125,0.3300970873786408,0.6837209302325581,0.5102040816326531,2026
607536,ST,217,124,35,107,45,156,48,17,0.28225806451612906,0.4205607476635514,0.7188940092165899,0.3541666666666667,2026
607625,CH,262,121,16,161,45,143,58,23,0.1322314049586777,0.2795031055900621,0.5458015267175572,0.39655172413793105,2026
607625,CS,64,30,10,37,12,37,10,1,0.3333333333333333,0.32432432432432434,0.578125,0.1,2026
607625,CU,438,191,38,250,82,280,83,44,0.19895287958115182,0.328,0.639269406392694,0.5301204819277109,2026
607625,FC,466,247,54,193,43,316,89,33,0.21862348178137653,0.22279792746113988,0.6781115879828327,0.3707865168539326,2026
607625,FF,487,202,24,219,47,312,72,28,0.1188118811881188,0.2146118721461187,0.6406570841889117,0.3888888888888889,2026
607625,SI,579,249,26,226,36,385,135,62,0.10441767068273092,0.1592920353982301,0.6649395509499136,0.45925925925925926,2026
607625,SL,270,126,28,143,35,161,45,14,0.2222222222222222,0.24475524475524477,0.5962962962962963,0.3111111111111111,2026
607625,ST,331,155,22,164,49,213,65,24,0.14193548387096774,0.29878048780487804,0.6435045317220544,0.36923076923076925,2026
607625,SV,43,19,4,19,6,28,10,3,0.21052631578947367,0.3157894736842105,0.6511627906976745,0.3,2026
608032,CH,6,1,0,4,0,2,1,0,0.0,0.0,0.3333333333333333,0.0,2026
608032,FF,15,6,1,8,1,8,3,1,0.16666666666666666,0.125,0.5333333333333333,0.3333333333333333,2026
608032,SL,6,2,0,4,0,2,1,0,0.0,0.0,0.3333333333333333,0.0,2026
608331,CH,206,107,32,144,65,126,47,19,0.29906542056074764,0.4513888888888889,0.6116504854368932,0.40425531914893614,2026
608331,CU,231,89,24,125,30,139,44,26,0.2696629213483146,0.24,0.6017316017316018,0.5909090909090909,2026
608331,FC,382,193,47,188,65,261,55,26,0.24352331606217617,0.34574468085106386,0.6832460732984293,0.4727272727272727,2026
608331,FF,297,144,22,147,41,195,46,13,0.1527777777777778,0.2789115646258503,0.6565656565656566,0.2826086956521739,2026
608331,SI,355,175,30,170,47,229,83,55,0.17142857142857143,0.27647058823529413,0.6450704225352113,0.6626506024096386,2026
608331,SL,16,5,2,14,3,5,1,1,0.4,0.21428571428571427,0.3125,1.0,2026
608331,ST,209,67,19,115,22,117,19,7,0.2835820895522388,0.19130434782608696,0.5598086124401914,0.3684210526315789,2026
608337,CH,191,86,21,96,20,114,38,7,0.2441860465116279,0.20833333333333334,0.5968586387434555,0.18421052631578946,2026
608337,CU,37,14,1,22,2,17,9,3,0.07142857142857142,0.09090909090909091,0.4594594594594595,0.3333333333333333,2026
608337,FF,229,90,14,109,22,141,42,17,0.15555555555555556,0.2018348623853211,0.6157205240174672,0.40476190476190477,2026
608337,SL,94,35,16,68,12,37,7,3,0.45714285714285713,0.17647058823529413,0.39361702127659576,0.42857142857142855,2026
608344,CH,22,14,4,13,5,14,4,2,0.2857142857142857,0.38461538461538464,0.6363636363636364,0.5,2026
608344,FC,29,18,1,11,4,22,9,4,0.05555555555555555,0.36363636363636365,0.7586206896551724,0.4444444444444444,2026
608344,FF,21,10,1,10,2,13,3,1,0.1,0.2,0.6190476190476191,0.3333333333333333,2026
608344,SI,23,8,1,14,3,13,4,3,0.125,0.21428571428571427,0.5652173913043478,0.75,2026
608344,SV,7,5,1,4,2,5,1,1,0.2,0.5,0.7142857142857143,1.0,2026
608348,FA,29,16,0,15,7,20,13,4,0.0,0.4666666666666667,0.6896551724137931,0.3076923076923077,2026
608371,CU,12,4,1,8,1,5,1,1,0.25,0.125,0.4166666666666667,1.0,2026
608371,FF,78,33,2,40,10,50,14,6,0.06060606060606061,0.25,0.6410256410256411,0.42857142857142855,2026
608371,FS,4,3,1,3,2,3,0,0,0.3333333333333333,0.6666666666666666,0.75,,2026
608371,SI,1,1,0,1,1,1,1,1,0.0,1.0,1.0,1.0,2026
608371,SL,41,18,5,19,4,26,8,4,0.2777777777777778,0.21052631578947367,0.6341463414634146,0.5,2026
608371,ST,35,15,7,24,8,19,4,0,0.4666666666666667,0.3333333333333333,0.5428571428571428,0.0,2026
608372,CU,209,93,19,129,41,123,38,13,0.20430107526881722,0.3178294573643411,0.5885167464114832,0.34210526315789475,2026
608372,FC,286,141,24,143,36,179,68,25,0.1702127659574468,0.2517482517482518,0.6258741258741258,0.36764705882352944,2026
608372,FF,541,269,38,247,57,354,112,38,0.1412639405204461,0.23076923076923078,0.6543438077634011,0.3392857142857143,2026
608372,FS,550,272,84,380,138,307,108,58,0.3088235294117647,0.3631578947368421,0.5581818181818182,0.5370370370370371,2026
608372,SI,487,230,12,186,37,337,120,42,0.05217391304347826,0.1989247311827957,0.6919917864476386,0.35,2026
608372,SL,243,110,20,151,42,134,43,19,0.18181818181818182,0.2781456953642384,0.551440329218107,0.4418604651162791,2026
608372,ST,288,117,23,146,33,177,46,6,0.19658119658119658,0.22602739726027396,0.6145833333333334,0.13043478260869565,2026
608379,CH,762,425,107,383,145,524,162,61,0.25176470588235295,0.3785900783289817,0.6876640419947506,0.3765432098765432,2026
608379,CU,301,89,23,179,37,162,35,15,0.25842696629213485,0.20670391061452514,0.5382059800664452,0.42857142857142855,2026
608379,FC,449,221,29,191,47,308,104,45,0.13122171945701358,0.24607329842931938,0.6859688195991092,0.4326923076923077,2026
608379,FF,840,430,67,391,121,565,150,37,0.1558139534883721,0.309462915601023,0.6726190476190477,0.24666666666666667,2026
608379,SI,413,202,23,203,51,268,90,41,0.11386138613861387,0.2512315270935961,0.648910411622276,0.45555555555555555,2026
608379,SL,263,117,34,160,44,147,52,17,0.2905982905982906,0.275,0.55893536121673,0.3269230769230769,2026
608566,CH,29,7,0,22,3,9,3,2,0.0,0.13636363636363635,0.3103448275862069,0.6666666666666666,2026
608566,FF,350,153,17,153,22,226,61,18,0.1111111111111111,0.1437908496732026,0.6457142857142857,0.29508196721311475,2026
608566,KC,292,146,38,164,53,178,51,18,0.2602739726027397,0.3231707317073171,0.6095890410958904,0.35294117647058826,2026
608566,SI,128,68,3,51,13,86,33,15,0.04411764705882353,0.2549019607843137,0.671875,0.45454545454545453,2026
608566,SL,119,62,19,76,30,74,25,14,0.3064516129032258,0.39473684210526316,0.6218487394957983,0.56,2026
608650,CH,59,17,4,40,7,28,7,2,0.23529411764705882,0.175,0.4745762711864407,0.2857142857142857,2026
608650,CU,16,7,2,11,2,7,2,2,0.2857142857142857,0.18181818181818182,0.4375,1.0,2026
608650,FC,29,11,1,15,2,16,5,4,0.09090909090909091,0.13333333333333333,0.5517241379310345,0.8,2026
608650,FF,160,89,17,67,25,116,28,8,0.19101123595505617,0.373134328358209,0.725,0.2857142857142857,2026
608650,ST,27,10,2,19,4,12,4,0,0.2,0.21052631578947367,0.4444444444444444,0.0,2026
608718,CH,415,196,64,292,95,225,72,38,0.32653061224489793,0.3253424657534247,0.5421686746987951,0.5277777777777778,2026
608718,FF,395,210,38,177,60,283,73,33,0.18095238095238095,0.3389830508474576,0.7164556962025317,0.4520547945205479,2026
608718,SI,523,222,23,185,42,377,100,57,0.1036036036036036,0.22702702702702704,0.7208413001912046,0.57,2026
608718,SL,193,83,25,101,26,115,26,9,0.30120481927710846,0.25742574257425743,0.5958549222797928,0.34615384615384615,2026
608723,CU,34,14,4,27,8,17,6,0,0.2857142857142857,0.2962962962962963,0.5,0.0,2026
608723,FC,51,28,5,30,10,32,12,5,0.17857142857142858,0.3333333333333333,0.6274509803921569,0.4166666666666667,2026
608723,FF,53,23,2,29,4,31,13,3,0.08695652173913043,0.13793103448275862,0.5849056603773585,0.23076923076923078,2026
608723,FS,8,2,0,5,0,3,1,0,0.0,0.0,0.375,0.0,2026
608723,PO,1,0,0,1,0,0,0,0,,0.0,0.0,,2026
608723,SI,28,8,1,17,4,14,4,2,0.125,0.23529411764705882,0.5,0.5,2026
608723,ST,40,21,3,18,6,28,11,2,0.14285714285714285,0.3333333333333333,0.7,0.18181818181818182,2026
615698,CU,72,27,2,40,11,43,10,1,0.07407407407407407,0.275,0.5972222222222222,0.1,2026
615698,FC,332,151,17,152,38,215,65,20,0.11258278145695365,0.25,0.6475903614457831,0.3076923076923077,2026
615698,FF,413,189,40,187,44,270,67,23,0.21164021164021163,0.23529411764705882,0.6537530266343826,0.34328358208955223,2026
615698,FS,382,200,50,255,103,225,84,44,0.25,0.403921568627451,0.5890052356020943,0.5238095238095238,2026
615698,SI,421,222,27,189,59,298,92,39,0.12162162162162163,0.31216931216931215,0.7078384798099763,0.42391304347826086,2026
615698,SL,60,22,1,38,7,30,14,6,0.045454545454545456,0.18421052631578946,0.5,0.42857142857142855,2026
620443,EP,18,10,0,12,6,12,10,5,0.0,0.5,0.6666666666666666,0.5,2026
620443,FA,4,1,0,4,1,1,1,0,0.0,0.25,0.25,0.0,2026
621016,CH,2,2,0,1,1,2,2,0,0.0,1.0,1.0,0.0,2026
621016,FC,23,11,4,13,2,12,1,0,0.36363636363636365,0.15384615384615385,0.5217391304347826,0.0,2026
621016,FF,152,74,19,98,31,86,19,3,0.25675675675675674,0.3163265306122449,0.5657894736842105,0.15789473684210525,2026
621016,SI,174,79,12,92,33,117,30,14,0.1518987341772152,0.358695652173913,0.6724137931034483,0.4666666666666667,2026
621016,ST,122,54,20,75,21,69,16,2,0.37037037037037035,0.28,0.5655737704918032,0.125,2026
621053,CH,18,10,5,11,3,10,4,2,0.5,0.2727272727272727,0.5555555555555556,0.5,2026
621053,FC,26,13,2,11,3,18,7,3,0.15384615384615385,0.2727272727272727,0.6923076923076923,0.42857142857142855,2026
621053,FF,135,71,16,65,22,96,21,6,0.22535211267605634,0.3384615384615385,0.7111111111111111,0.2857142857142857,2026
621053,SI,28,16,2,15,8,21,7,3,0.125,0.5333333333333333,0.75,0.42857142857142855,2026
621053,SL,24,7,1,19,6,12,5,2,0.14285714285714285,0.3157894736842105,0.5,0.4,2026
621053,ST,62,27,12,41,15,38,6,1,0.4444444444444444,0.36585365853658536,0.6129032258064516,0.16666666666666666,2026
621074,CH,5,1,0,3,0,2,1,1,0.0,0.0,0.4,1.0,2026
621074,CU,236,114,41,147,60,153,32,21,0.35964912280701755,0.40816326530612246,0.6483050847457628,0.65625,2026
621074,FC,164,72,13,88,25,100,28,11,0.18055555555555555,0.2840909090909091,0.6097560975609756,0.39285714285714285,2026
621074,FF,250,129,28,132,45,162,38,12,0.21705426356589147,0.3409090909090909,0.648,0.3157894736842105,2026
621074,SI,93,32,4,30,4,66,18,10,0.125,0.13333333333333333,0.7096774193548387,0.5555555555555556,2026
621074,SL,9,3,2,6,1,4,0,0,0.6666666666666666,0.16666666666666666,0.4444444444444444,,2026
621097,CH,133,64,23,85,26,74,25,17,0.359375,0.3058823529411765,0.556390977443609,0.68,2026
621097,CU,40,11,4,21,4,24,2,1,0.36363636363636365,0.19047619047619047,0.6,0.5,2026
621097,FC,220,92,21,105,21,137,40,19,0.22826086956521738,0.2,0.6227272727272727,0.475,2026
621097,FF,279,148,24,129,43,195,61,27,0.16216216216216217,0.3333333333333333,0.6989247311827957,0.4426229508196721,2026
621107,CH,19,13,5,10,4,13,4,3,0.38461538461538464,0.4,0.6842105263157895,0.75,2026
621107,CU,16,6,3,14,5,8,0,0,0.5,0.35714285714285715,0.5,,2026
621107,FC,11,3,0,7,1,6,1,0,0.0,0.14285714285714285,0.5454545454545454,0.0,2026
621107,FF,7,3,0,4,0,3,0,0,0.0,0.0,0.42857142857142855,,2026
621107,SI,14,6,3,4,0,10,2,2,0.5,0.0,0.7142857142857143,1.0,2026
621107,ST,7,3,1,5,1,4,1,0,0.3333333333333333,0.2,0.5714285714285714,0.0,2026
621111,CH,247,109,29,164,44,125,44,24,0.26605504587155965,0.2682926829268293,0.5060728744939271,0.5454545454545454,2026
621111,FC,637,296,45,313,85,408,110,56,0.15202702702702703,0.2715654952076677,0.640502354788069,0.509090909090909,2026
621111,FF,526,206,28,257,55,329,84,35,0.13592233009708737,0.2140077821011673,0.6254752851711026,0.4166666666666667,2026
621111,KC,219,110,32,142,50,126,40,16,0.2909090909090909,0.352112676056338,0.5753424657534246,0.4,2026
621111,SI,519,202,21,207,33,349,91,46,0.10396039603960396,0.15942028985507245,0.6724470134874759,0.5054945054945055,2026
621111,SL,274,152,33,154,54,177,46,24,0.21710526315789475,0.35064935064935066,0.6459854014598541,0.5217391304347826,2026
621111,ST,184,99,26,111,43,116,40,15,0.26262626262626265,0.38738738738738737,0.6304347826086957,0.375,2026
621112,CH,265,147,40,159,58,170,60,33,0.272108843537415,0.36477987421383645,0.6415094339622641,0.55,2026
621112,CU,179,73,29,126,46,101,19,14,0.3972602739726027,0.36507936507936506,0.5642458100558659,0.7368421052631579,2026
621112,FC,242,113,18,135,32,139,42,19,0.1592920353982301,0.23703703703703705,0.5743801652892562,0.4523809523809524,2026
621112,FF,34,11,1,18,2,18,5,2,0.09090909090909091,0.1111111111111111,0.5294117647058824,0.4,2026
621112,PO,1,0,0,1,0,0,0,0,,0.0,0.0,,2026
621112,SI,420,174,14,174,33,285,86,52,0.08045977011494253,0.1896551724137931,0.6785714285714286,0.6046511627906976,2026
621112,SL,6,2,0,5,1,2,2,2,0.0,0.2,0.3333333333333333,1.0,2026
621112,ST,91,46,14,58,20,52,19,6,0.30434782608695654,0.3448275862068966,0.5714285714285714,0.3157894736842105,2026
621121,CH,118,47,17,82,20,56,17,9,0.3617021276595745,0.24390243902439024,0.4745762711864407,0.5294117647058824,2026
621121,FC,219,92,16,101,25,139,31,10,0.17391304347826086,0.24752475247524752,0.634703196347032,0.3225806451612903,2026
621121,FF,29,12,2,22,7,14,5,3,0.16666666666666666,0.3181818181818182,0.4827586206896552,0.6,2026
621121,KC,116,57,22,84,33,64,14,7,0.38596491228070173,0.39285714285714285,0.5517241379310345,0.5,2026
621121,SI,174,69,6,69,11,115,31,18,0.08695652173913043,0.15942028985507245,0.6609195402298851,0.5806451612903226,2026
621121,ST,137,53,15,83,22,76,20,5,0.2830188679245283,0.26506024096385544,0.5547445255474452,0.25,2026
621139,FC,7,2,0,5,1,4,1,0,0.0,0.2,0.5714285714285714,0.0,2026
621139,FF,12,7,0,6,2,8,4,0,0.0,0.3333333333333333,0.6666666666666666,0.0,2026
621139,FS,19,9,4,11,5,13,3,2,0.4444444444444444,0.45454545454545453,0.6842105263157895,0.6666666666666666,2026
621237,CU,29,10,3,25,6,11,2,0,0.3,0.24,0.3793103448275862,0.0,2026
621237,FC,365,174,66,275,97,187,43,16,0.3793103448275862,0.3527272727272727,0.5123287671232877,0.37209302325581395,2026
621237,FF,22,9,2,21,8,9,2,0,0.2222222222222222,0.38095238095238093,0.4090909090909091,0.0,2026
621237,SI,713,326,57,341,99,473,117,43,0.17484662576687116,0.2903225806451613,0.6633941093969145,0.36752136752136755,2026
621242,FF,221,90,18,107,24,143,28,7,0.2,0.22429906542056074,0.6470588235294118,0.25,2026
621242,SI,2,0,0,2,0,1,0,0,,0.0,0.5,,2026
621242,SL,172,87,23,102,39,109,26,10,0.26436781609195403,0.38235294117647056,0.6337209302325582,0.38461538461538464,2026
621345,CH,87,42,6,53,16,50,16,6,0.14285714285714285,0.3018867924528302,0.5747126436781609,0.375,2026
621345,FC,373,206,47,188,60,248,77,30,0.22815533980582525,0.3191489361702128,0.6648793565683646,0.38961038961038963,2026
621345,FF,187,94,17,101,30,120,37,12,0.18085106382978725,0.297029702970297,0.6417112299465241,0.32432432432432434,2026
621345,SI,30,13,2,12,4,23,6,3,0.15384615384615385,0.3333333333333333,0.7666666666666667,0.5,2026
621366,FC,18,13,1,11,6,13,6,1,0.07692307692307693,0.5454545454545454,0.7222222222222222,0.16666666666666666,2026
621366,FS,50,30,8,26,9,33,12,4,0.26666666666666666,0.34615384615384615,0.66,0.3333333333333333,2026
621366,SI,133,52,5,57,9,82,28,19,0.09615384615384616,0.15789473684210525,0.6165413533834586,0.6785714285714286,2026
621366,SL,143,79,31,86,34,91,26,9,0.3924050632911392,0.3953488372093023,0.6363636363636364,0.34615384615384615,2026
621366,ST,36,14,5,21,4,19,6,2,0.35714285714285715,0.19047619047619047,0.5277777777777778,0.3333333333333333,2026
621381,CH,75,43,7,46,17,46,19,10,0.16279069767441862,0.3695652173913043,0.6133333333333333,0.5263157894736842,2026
621381,FC,50,23,6,23,4,30,9,3,0.2608695652173913,0.17391304347826086,0.6,0.3333333333333333,2026
621381,FF,252,134,27,114,39,176,45,9,0.20149253731343283,0.34210526315789475,0.6984126984126984,0.2,2026
621381,SI,96,44,3,44,13,65,18,6,0.06818181818181818,0.29545454545454547,0.6770833333333334,0.3333333333333333,2026
621381,SL,184,83,23,92,28,118,27,4,0.27710843373493976,0.30434782608695654,0.6413043478260869,0.14814814814814814,2026
621383,CH,32,14,4,25,8,15,8,5,0.2857142857142857,0.32,0.46875,0.625,2026
621383,FF,141,83,19,68,26,103,32,11,0.2289156626506024,0.38235294117647056,0.7304964539007093,0.34375,2026
621383,SI,106,45,5,58,20,68,18,12,0.1111111111111111,0.3448275862068966,0.6415094339622641,0.6666666666666666,2026
621383,SL,239,118,22,112,27,156,41,16,0.1864406779661017,0.24107142857142858,0.6527196652719666,0.3902439024390244,2026
621383,ST,151,69,16,76,25,100,23,3,0.2318840579710145,0.32894736842105265,0.6622516556291391,0.13043478260869565,2026
621389,CH,3,3,1,1,1,3,2,2,0.3333333333333333,1.0,1.0,1.0,2026
621389,FC,8,4,2,6,2,4,1,0,0.5,0.3333333333333333,0.5,0.0,2026
621389,SI,19,7,0,5,1,15,4,3,0.0,0.2,0.7894736842105263,0.75,2026
622088,CS,1,0,0,1,0,0,0,0,,0.0,0.0,,2026
622088,CU,107,42,6,62,16,63,18,10,0.14285714285714285,0.25806451612903225,0.5887850467289719,0.5555555555555556,2026
622088,FC,155,68,12,63,14,110,25,10,0.17647058823529413,0.2222222222222222,0.7096774193548387,0.4,2026
622088,FF,46,29,6,21,8,33,16,9,0.20689655172413793,0.38095238095238093,0.717391304347826,0.5625,2026
622088,PO,1,0,0,1,0,0,0,0,,0.0,0.0,,2026
622088,SI,109,48,12,53,14,67,21,12,0.25,0.2641509433962264,0.6146788990825688,0.5714285714285714,2026
622088,SL,8,6,1,4,3,7,2,1,0.16666666666666666,0.75,0.875,0.5,2026
622088,ST,480,226,70,261,101,323,70,23,0.30973451327433627,0.38697318007662834,0.6729166666666667,0.32857142857142857,2026
622491,CH,346,186,43,210,70,206,79,37,0.23118279569892472,0.3333333333333333,0.5953757225433526,0.46835443037974683,2026
622491,FC,1,1,1,0,0,1,0,0,1.0,,1.0,,2026
622491,FF,1003,560,129,510,170,664,161,30,0.23035714285714284,0.3333333333333333,0.6620139581256231,0.18633540372670807,2026
622491,PO,1,0,0,0,0,1,0,0,,,1.0,,2026
622491,SI,433,203,19,188,45,291,95,55,0.09359605911330049,0.2393617021276596,0.6720554272517321,0.5789473684210527,2026
622491,SL,583,275,69,307,98,376,93,34,0.2509090909090909,0.31921824104234525,0.6449399656946827,0.3655913978494624,2026
622554,CU,15,3,2,11,2,6,1,1,0.6666666666666666,0.18181818181818182,0.4,1.0,2026
622554,FF,480,245,54,227,65,323,71,30,0.22040816326530613,0.28634361233480177,0.6729166666666667,0.4225352112676056,2026
622554,FS,126,60,33,90,29,64,13,8,0.55,0.32222222222222224,0.5079365079365079,0.6153846153846154,2026
622554,PO,1,0,0,1,0,0,0,0,,0.0,0.0,,2026
622554,SI,182,84,8,90,21,112,34,15,0.09523809523809523,0.23333333333333334,0.6153846153846154,0.4411764705882353,2026
622554,ST,308,128,38,188,54,171,42,13,0.296875,0.2872340425531915,0.5551948051948052,0.30952380952380953,2026
622608,CH,53,20,2,32,6,26,11,4,0.1,0.1875,0.49056603773584906,0.36363636363636365,2026
622608,CU,99,34,10,71,16,45,10,2,0.29411764705882354,0.22535211267605634,0.45454545454545453,0.2,2026
622608,FC,391,182,40,206,65,251,79,29,0.21978021978021978,0.3155339805825243,0.6419437340153452,0.3670886075949367,2026
622608,FF,356,206,49,165,60,255,62,27,0.23786407766990292,0.36363636363636365,0.7162921348314607,0.43548387096774194,2026
622608,SI,245,128,15,109,37,174,56,44,0.1171875,0.3394495412844037,0.710204081632653,0.7857142857142857,2026
622608,SL,21,5,0,15,0,6,5,3,0.0,0.0,0.2857142857142857,0.6,2026
622663,CH,59,20,6,34,5,27,7,2,0.3,0.14705882352941177,0.4576271186440678,0.2857142857142857,2026
622663,FC,225,116,17,127,45,141,36,19,0.14655172413793102,0.3543307086614173,0.6266666666666667,0.5277777777777778,2026
622663,FF,230,119,25,103,34,160,31,7,0.21008403361344538,0.3300970873786408,0.6956521739130435,0.22580645161290322,2026
622663,SI,259,125,14,110,32,176,56,28,0.112,0.2909090909090909,0.6795366795366795,0.5,2026
622663,SL,46,19,8,33,11,25,5,3,0.42105263157894735,0.3333333333333333,0.5434782608695652,0.6,2026
622663,ST,267,118,31,158,50,161,38,19,0.2627118644067797,0.31645569620253167,0.602996254681648,0.5,2026
622694,CH,50,22,8,31,10,29,7,3,0.36363636363636365,0.3225806451612903,0.58,0.42857142857142855,2026
622694,CU,1,0,0,0,0,1,0,0,,,1.0,,2026
622694,FC,8,3,0,4,1,5,1,1,0.0,0.25,0.625,1.0,2026
622694,FF,81,41,6,32,8,59,15,5,0.14634146341463414,0.25,0.7283950617283951,0.3333333333333333,2026
622694,ST,77,33,11,49,16,44,10,2,0.3333333333333333,0.32653061224489793,0.5714285714285714,0.2,2026
622761,FA,41,19,1,21,5,25,10,2,0.05263157894736842,0.23809523809523808,0.6097560975609756,0.2,2026
623149,FC,18,5,1,12,3,8,2,1,0.2,0.25,0.4444444444444444,0.5,2026
623149,FF,473,265,50,228,79,327,91,21,0.18867924528301888,0.34649122807017546,0.6913319238900634,0.23076923076923078,2026
623149,ST,363,172,48,177,55,244,56,10,0.27906976744186046,0.3107344632768362,0.6721763085399449,0.17857142857142858,2026
623168,EP,38,22,0,26,13,28,15,5,0.0,0.5,0.7368421052631579,0.3333333333333333,2026
623168,FA,26,13,0,15,6,19,10,3,0.0,0.4,0.7307692307692307,0.3,2026
623211,CH,413,211,71,256,94,250,66,35,0.33649289099526064,0.3671875,0.6053268765133172,0.5303030303030303,2026
623211,FC,30,12,3,17,4,17,1,0,0.25,0.23529411764705882,0.5666666666666667,0.0,2026
623211,FF,75,45,6,36,12,51,12,3,0.13333333333333333,0.3333333333333333,0.68,0.25,2026
623211,SI,516,242,43,235,64,342,100,54,0.17768595041322313,0.2723404255319149,0.6627906976744186,0.54,2026
623211,SL,6,5,2,3,2,5,2,0,0.4,0.6666666666666666,0.8333333333333334,0.0,2026
623352,SI,435,243,61,222,95,310,64,25,0.25102880658436216,0.42792792792792794,0.7126436781609196,0.390625,2026
623352,SL,241,122,56,148,57,154,33,13,0.45901639344262296,0.38513513513513514,0.6390041493775933,0.3939393939393939,2026
623381,CH,6,4,0,2,1,5,1,0,0.0,0.5,0.8333333333333334,0.0,2026
623381,CU,7,1,0,6,0,1,0,0,0.0,0.0,0.14285714285714285,,2026
623381,FC,25,11,1,11,2,16,3,1,0.09090909090909091,0.18181818181818182,0.64,0.3333333333333333,2026
623381,FF,4,2,0,4,2,2,2,1,0.0,0.5,0.5,0.5,2026
623381,SI,10,7,1,4,2,8,3,2,0.14285714285714285,0.5,0.8,0.6666666666666666,2026
623381,ST,4,3,1,0,0,4,1,0,0.3333333333333333,,1.0,0.0,2026
623437,CH,54,30,6,29,10,35,16,8,0.2,0.3448275862068966,0.6481481481481481,0.5,2026
623437,FC,109,51,8,64,21,69,16,7,0.1568627450980392,0.328125,0.6330275229357798,0.4375,2026
623437,PO,1,0,0,1,0,0,0,0,,0.0,0.0,,2026
623437,SI,168,71,7,75,13,108,34,23,0.09859154929577464,0.17333333333333334,0.6428571428571429,0.6764705882352942,2026
623437,ST,82,29,6,51,13,42,13,5,0.20689655172413793,0.2549019607843137,0.5121951219512195,0.38461538461538464,2026
623454,CH,550,296,100,351,150,352,93,56,0.33783783783783783,0.42735042735042733,0.64,0.6021505376344086,2026
623454,CU,389,138,45,216,61,239,46,28,0.32608695652173914,0.2824074074074074,0.6143958868894601,0.6086956521739131,2026
623454,FF,718,376,63,359,117,487,127,44,0.1675531914893617,0.32590529247910865,0.6782729805013927,0.3464566929133858,2026
623454,SI,28,14,0,15,4,17,7,4,0.0,0.26666666666666666,0.6071428571428571,0.5714285714285714,2026
623454,SL,85,46,12,41,15,60,20,11,0.2608695652173913,0.36585365853658536,0.7058823529411765,0.55,2026
623465,FC,43,28,5,24,12,32,12,2,0.17857142857142858,0.5,0.7441860465116279,0.16666666666666666,2026
623465,FF,191,94,19,86,32,136,28,8,0.20212765957446807,0.37209302325581395,0.7120418848167539,0.2857142857142857,2026
623465,SI,32,17,1,9,3,27,5,2,0.058823529411764705,0.3333333333333333,0.84375,0.4,2026
623465,ST,157,67,22,93,28,94,21,9,0.3283582089552239,0.3010752688172043,0.5987261146496815,0.42857142857142855,2026
623474,CH,84,35,6,76,28,36,15,7,0.17142857142857143,0.3684210526315789,0.42857142857142855,0.4666666666666667,2026
623474,FF,82,44,9,52,16,47,14,4,0.20454545454545456,0.3076923076923077,0.573170731707317,0.2857142857142857,2026
623474,SI,216,78,6,104,11,123,42,16,0.07692307692307693,0.10576923076923077,0.5694444444444444,0.38095238095238093,2026
623474,SL,317,150,44,138,40,225,38,10,0.29333333333333333,0.2898550724637681,0.7097791798107256,0.2631578947368421,2026
623474,ST,265,146,40,146,56,178,55,19,0.273972602739726,0.3835616438356164,0.6716981132075471,0.34545454545454546,2026
624133,CH,308,147,38,229,76,155,55,21,0.2585034013605442,0.3318777292576419,0.5032467532467533,0.38181818181818183,2026
624133,CU,408,192,71,262,112,264,55,20,0.3697916666666667,0.42748091603053434,0.6470588235294118,0.36363636363636365,2026
624133,FC,463,240,31,229,70,307,96,36,0.12916666666666668,0.3056768558951965,0.6630669546436285,0.375,2026
624133,FF,551,207,29,265,57,363,74,33,0.14009661835748793,0.21509433962264152,0.6588021778584392,0.44594594594594594,2026
624133,SI,598,270,28,282,76,396,143,72,0.1037037037037037,0.2695035460992908,0.6622073578595318,0.5034965034965035,2026
624133,SL,125,57,25,92,35,70,14,3,0.43859649122807015,0.3804347826086957,0.56,0.21428571428571427,2026
624428,CU,4,1,0,4,1,1,1,0,0.0,0.25,0.25,0.0,2026
624428,EP,15,6,0,13,4,7,6,2,0.0,0.3076923076923077,0.4666666666666667,0.3333333333333333,2026
624428,FA,26,10,0,13,5,17,5,2,0.0,0.38461538461538464,0.6538461538461539,0.4,2026
624431,EP,67,39,3,45,20,46,30,9,0.07692307692307693,0.4444444444444444,0.6865671641791045,0.3,2026
624431,FA,9,7,1,5,4,8,3,2,0.14285714285714285,0.8,0.8888888888888888,0.6666666666666666,2026
624431,KN,49,19,1,37,9,26,11,4,0.05263157894736842,0.24324324324324326,0.5306122448979592,0.36363636363636365,2026
624512,EP,9,5,1,4,2,8,3,0,0.2,0.5,0.8888888888888888,0.0,2026
624522,CH,13,3,0,9,1,5,1,1,0.0,0.1111111111111111,0.38461538461538464,1.0,2026
624522,CU,16,6,1,9,2,9,3,1,0.16666666666666666,0.2222222222222222,0.5625,0.3333333333333333,2026
624522,FC,47,27,7,18,5,34,11,5,0.25925925925925924,0.2777777777777778,0.723404255319149,0.45454545454545453,2026
624522,FF,56,32,5,28,10,39,15,4,0.15625,0.35714285714285715,0.6964285714285714,0.26666666666666666,2026
624522,SI,44,21,3,17,3,32,11,2,0.14285714285714285,0.17647058823529413,0.7272727272727273,0.18181818181818182,2026
624522,ST,19,8,4,14,4,9,3,1,0.5,0.2857142857142857,0.47368421052631576,0.3333333333333333,2026
625643,CH,57,17,8,47,8,19,4,1,0.47058823529411764,0.1702127659574468,0.3333333333333333,0.25,2026
625643,CU,148,68,15,88,26,86,31,15,0.22058823529411764,0.29545454545454547,0.581081081081081,0.4838709677419355,2026
625643,FF,738,360,47,284,70,527,139,41,0.13055555555555556,0.24647887323943662,0.7140921409214093,0.2949640287769784,2026
625643,SL,425,177,60,305,93,213,63,33,0.3389830508474576,0.30491803278688523,0.5011764705882353,0.5238095238095238,2026
628452,CH,330,205,77,199,100,232,67,29,0.375609756097561,0.5025125628140703,0.703030303030303,0.43283582089552236,2026
628452,FF,340,180,36,138,37,240,53,10,0.2,0.26811594202898553,0.7058823529411765,0.18867924528301888,2026
628452,SI,183,70,7,78,27,135,30,18,0.1,0.34615384615384615,0.7377049180327869,0.6,2026
628452,SL,70,28,9,52,17,36,9,3,0.32142857142857145,0.3269230769230769,0.5142857142857142,0.3333333333333333,2026
628708,FF,6,1,0,3,1,3,0,0,0.0,0.3333333333333333,0.5,,2026
628708,SI,3,2,1,3,2,2,0,0,0.5,0.6666666666666666,0.6666666666666666,,2026
628708,SL,12,9,3,7,4,9,3,0,0.3333333333333333,0.5714285714285714,0.75,0.0,2026
640448,FF,548,249,39,253,63,363,102,39,0.1566265060240964,0.2490118577075099,0.6624087591240876,0.38235294117647056,2026
640448,FS,336,163,49,217,66,185,56,32,0.3006134969325153,0.30414746543778803,0.5505952380952381,0.5714285714285714,2026
640448,SL,178,92,32,94,28,111,30,16,0.34782608695652173,0.2978723404255319,0.6235955056179775,0.5333333333333333,2026
640451,CU,3,0,0,1,0,2,0,0,,0.0,0.6666666666666666,,2026
640451,FF,38,19,0,12,3,30,7,3,0.0,0.25,0.7894736842105263,0.42857142857142855,2026
640451,FS,25,13,5,17,6,14,3,1,0.38461538461538464,0.35294117647058826,0.56,0.3333333333333333,2026
640451,SL,10,3,0,4,0,6,3,2,0.0,0.0,0.6,0.6666666666666666,2026
640454,CH,1,0,0,1,0,0,0,0,,0.0,0.0,,2026
640454,FC,7,4,1,5,2,5,1,0,0.25,0.4,0.7142857142857143,0.0,2026
640454,SI,78,31,5,43,9,45,11,9,0.16129032258064516,0.20930232558139536,0.5769230769230769,0.8181818181818182,2026
640454,ST,93,39,13,60,19,53,13,3,0.3333333333333333,0.31666666666666665,0.5698924731182796,0.23076923076923078,2026
640455,CH,108,58,6,70,23,62,26,12,0.10344827586206896,0.32857142857142857,0.5740740740740741,0.46153846153846156,2026
640455,FC,196,105,27,99,36,133,32,10,0.2571428571428571,0.36363636363636365,0.6785714285714286,0.3125,2026
640455,FF,963,519,110,384,111,690,176,64,0.2119460500963391,0.2890625,0.7165109034267912,0.36363636363636365,2026
640455,SI,474,227,15,198,60,333,112,65,0.06607929515418502,0.30303030303030304,0.7025316455696202,0.5803571428571429,2026
640455,ST,752,347,99,455,145,444,103,29,0.28530259365994237,0.31868131868131866,0.5904255319148937,0.2815533980582524,2026
640902,EP,12,5,1,6,1,7,2,0,0.2,0.16666666666666666,0.5833333333333334,0.0,2026
640902,FA,2,2,1,2,2,2,1,0,0.5,1.0,1.0,0.0,2026
640902,FF,2,1,0,2,1,1,1,1,0.0,0.5,0.5,1.0,2026
641302,CH,278,145,38,205,85,159,64,39,0.2620689655172414,0.4146341463414634,0.5719424460431655,0.609375,2026
641302,FC,254,95,17,128,22,155,29,8,0.17894736842105263,0.171875,0.610236220472441,0.27586206896551724,2026
641302,FF,216,101,24,94,25,148,29,9,0.2376237623762376,0.26595744680851063,0.6851851851851852,0.3103448275862069,2026
641302,KC,1,0,0,1,0,0,0,0,,0.0,0.0,,2026
641302,SI,230,101,5,93,23,158,58,36,0.04950495049504951,0.24731182795698925,0.6869565217391305,0.6206896551724138,2026
641302,ST,221,112,28,110,38,150,45,23,0.25,0.34545454545454546,0.6787330316742082,0.5111111111111111,2026
641312,CH,90,42,9,52,18,55,17,6,0.21428571428571427,0.34615384615384615,0.6111111111111112,0.35294117647058826,2026
641312,FF,94,44,11,48,11,56,18,10,0.25,0.22916666666666666,0.5957446808510638,0.5555555555555556,2026
641312,SI,26,8,1,15,4,15,3,2,0.125,0.26666666666666666,0.5769230769230769,0.6666666666666666,2026
641312,SL,94,43,12,39,7,58,19,10,0.27906976744186046,0.1794871794871795,0.6170212765957447,0.5263157894736842,2026
641312,ST,47,21,7,32,12,28,8,2,0.3333333333333333,0.375,0.5957446808510638,0.25,2026
641329,CH,428,219,66,240,91,285,77,37,0.3013698630136986,0.37916666666666665,0.6658878504672897,0.4805194805194805,2026
641329,FF,517,279,56,245,84,357,72,21,0.2007168458781362,0.34285714285714286,0.690522243713733,0.2916666666666667,2026
641329,SL,32,16,3,14,4,22,8,5,0.1875,0.2857142857142857,0.6875,0.625,2026
641386,CH,9,3,0,5,1,5,2,1,0.0,0.2,0.5555555555555556,0.5,2026
641386,CU,1,0,0,1,0,0,0,0,,0.0,0.0,,2026
641386,FF,28,11,2,16,2,14,3,0,0.18181818181818182,0.125,0.5,0.0,2026
641386,SL,2,0,0,2,0,0,0,0,,0.0,0.0,,2026
641401,CH,111,53,12,72,22,62,23,13,0.22641509433962265,0.3055555555555556,0.5585585585585585,0.5652173913043478,2026
641401,FC,27,11,4,17,3,14,5,1,0.36363636363636365,0.17647058823529413,0.5185185185185185,0.2,2026
641401,FF,134,72,16,59,15,89,22,6,0.2222222222222222,0.2542372881355932,0.664179104477612,0.2727272727272727,2026
641401,ST,9,2,0,7,2,4,1,1,0.0,0.2857142857142857,0.4444444444444444,1.0,2026
641585,CH,18,8,2,10,2,10,6,3,0.25,0.2,0.5555555555555556,0.5,2026
641585,CU,33,14,3,20,4,17,4,2,0.21428571428571427,0.2,0.5151515151515151,0.5,2026
641585,FC,27,16,1,10,3,19,3,1,0.0625,0.3,0.7037037037037037,0.3333333333333333,2026
641585,FF,26,6,0,14,1,12,5,2,0.0,0.07142857142857142,0.46153846153846156,0.4,2026
641585,SI,6,4,0,1,1,6,3,2,0.0,1.0,1.0,0.6666666666666666,2026
641585,ST,7,5,1,2,1,6,0,0,0.2,0.5,0.8571428571428571,,2026
641656,FF,25,9,2,15,3,16,3,1,0.2222222222222222,0.2,0.64,0.3333333333333333,2026
641656,SI,10,5,0,6,1,5,2,1,0.0,0.16666666666666666,0.5,0.5,2026
641656,SL,57,28,9,29,11,39,11,7,0.32142857142857145,0.3793103448275862,0.6842105263157895,0.6363636363636364,2026
641743,CH,399,189,62,304,115,212,73,46,0.328042328042328,0.3782894736842105,0.531328320802005,0.6301369863013698,2026
641743,FC,455,230,38,239,76,291,79,24,0.16521739130434782,0.3179916317991632,0.6395604395604395,0.3037974683544304,2026
641743,FF,601,312,53,298,100,404,120,38,0.16987179487179488,0.33557046979865773,0.6722129783693843,0.31666666666666665,2026
641743,SI,502,271,42,219,81,365,119,66,0.15498154981549817,0.3698630136986301,0.7270916334661355,0.5546218487394958,2026
641743,SL,170,95,24,120,52,102,38,23,0.25263157894736843,0.43333333333333335,0.6,0.6052631578947368,2026
641743,ST,661,221,72,379,91,369,70,21,0.3257918552036199,0.24010554089709762,0.5582450832072617,0.3,2026
641745,CH,72,31,10,57,20,36,14,11,0.3225806451612903,0.3508771929824561,0.5,0.7857142857142857,2026
641745,FF,170,70,13,90,17,95,18,8,0.18571428571428572,0.18888888888888888,0.5588235294117647,0.4444444444444444,2026
641745,SI,105,48,6,50,18,74,20,9,0.125,0.36,0.7047619047619048,0.45,2026
641745,SL,120,57,13,60,17,82,23,7,0.22807017543859648,0.2833333333333333,0.6833333333333333,0.30434782608695654,2026
641745,ST,66,34,7,32,9,42,13,4,0.20588235294117646,0.28125,0.6363636363636364,0.3076923076923077,2026
641755,CH,3,1,0,3,1,1,1,1,0.0,0.3333333333333333,0.3333333333333333,1.0,2026
641755,CU,150,66,16,94,30,86,31,14,0.24242424242424243,0.3191489361702128,0.5733333333333334,0.45161290322580644,2026
641755,FF,140,41,5,74,10,78,17,8,0.12195121951219512,0.13513513513513514,0.5571428571428572,0.47058823529411764,2026
641755,SI,10,2,0,6,1,5,0,0,0.0,0.16666666666666666,0.5,,2026
641755,SL,611,302,84,306,90,410,108,30,0.2781456953642384,0.29411764705882354,0.6710310965630114,0.2777777777777778,2026
641778,CH,269,121,15,175,50,140,71,29,0.12396694214876033,0.2857142857142857,0.5204460966542751,0.4084507042253521,2026
641778,CU,223,85,14,115,30,140,36,18,0.16470588235294117,0.2608695652173913,0.6278026905829597,0.5,2026
641778,FC,415,231,40,213,84,288,83,22,0.17316017316017315,0.39436619718309857,0.6939759036144578,0.26506024096385544,2026
641778,FF,759,426,67,365,126,530,129,34,0.1572769953051643,0.3452054794520548,0.6982872200263505,0.26356589147286824,2026
641778,SL,148,79,9,80,24,91,34,9,0.11392405063291139,0.3,0.6148648648648649,0.2647058823529412,2026
641793,FF,503,251,30,226,60,337,96,28,0.11952191235059761,0.26548672566371684,0.6699801192842942,0.2916666666666667,2026
641793,FS,456,234,40,263,90,278,111,50,0.17094017094017094,0.34220532319391633,0.6096491228070176,0.45045045045045046,2026
641793,PO,1,0,0,1,0,0,0,0,,0.0,0.0,,2026
641793,SI,286,161,18,115,33,204,74,25,0.11180124223602485,0.28695652173913044,0.7132867132867133,0.33783783783783783,2026
641793,SL,559,274,44,293,91,366,111,34,0.16058394160583941,0.310580204778157,0.6547406082289803,0.3063063063063063,2026
641793,ST,171,71,13,102,29,95,33,12,0.18309859154929578,0.28431372549019607,0.5555555555555556,0.36363636363636365,2026
641793,UN,1,0,0,1,0,0,0,0,,0.0,0.0,,2026
641816,FC,358,153,22,168,29,223,74,36,0.1437908496732026,0.17261904761904762,0.6229050279329609,0.4864864864864865,2026
641816,FF,1161,455,92,594,149,732,150,49,0.2021978021978022,0.25084175084175087,0.6304909560723514,0.32666666666666666,2026
641816,FS,713,424,105,399,168,482,172,90,0.24764150943396226,0.42105263157894735,0.6760168302945302,0.5232558139534884,2026
641816,SI,17,7,1,8,2,11,1,1,0.14285714285714285,0.25,0.6470588235294118,1.0,2026
641816,SL,153,56,13,108,21,68,31,14,0.23214285714285715,0.19444444444444445,0.4444444444444444,0.45161290322580644,2026
641835,FF,126,63,17,67,18,79,18,6,0.2698412698412698,0.26865671641791045,0.626984126984127,0.3333333333333333,2026
641835,FS,23,8,2,16,2,9,4,1,0.25,0.125,0.391304347826087,0.25,2026
641835,SI,613,287,47,254,72,438,115,61,0.16376306620209058,0.28346456692913385,0.7145187601957586,0.5304347826086957,2026
641835,SL,323,133,35,219,58,165,51,25,0.2631578947368421,0.2648401826484018,0.5108359133126935,0.49019607843137253,2026
641927,CH,696,353,72,381,110,427,149,65,0.20396600566572237,0.2887139107611549,0.6135057471264368,0.436241610738255,2026
641927,CU,30,9,1,15,0,15,4,1,0.1111111111111111,0.0,0.5,0.25,2026
641927,FF,660,329,43,305,87,454,134,29,0.13069908814589665,0.28524590163934427,0.6878787878787879,0.21641791044776118,2026
641927,SI,67,32,3,32,9,46,17,8,0.09375,0.28125,0.6865671641791045,0.47058823529411764,2026
641927,SL,379,183,27,171,54,265,85,36,0.14754098360655737,0.3157894736842105,0.6992084432717678,0.4235294117647059,2026
641927,ST,267,126,49,164,59,159,36,9,0.3888888888888889,0.3597560975609756,0.5955056179775281,0.25,2026
641941,FC,132,52,16,75,17,77,18,5,0.3076923076923077,0.22666666666666666,0.5833333333333334,0.2777777777777778,2026
641941,FF,423,248,40,188,64,303,82,18,0.16129032258064516,0.3404255319148936,0.7163120567375887,0.21951219512195122,2026
641941,FS,119,51,21,86,26,59,14,7,0.4117647058823529,0.3023255813953488,0.4957983193277311,0.5,2026
641941,PO,1,0,0,1,0,0,0,0,,0.0,0.0,,2026
642048,CH,34,17,8,23,7,18,3,1,0.47058823529411764,0.30434782608695654,0.5294117647058824,0.3333333333333333,2026
642048,FF,50,21,5,30,9,30,7,1,0.23809523809523808,0.3,0.6,0.14285714285714285,2026
642048,SI,57,27,5,34,10,34,13,10,0.18518518518518517,0.29411764705882354,0.5964912280701754,0.7692307692307693,2026
642048,SL,88,41,17,44,15,59,11,1,0.4146341463414634,0.3409090909090909,0.6704545454545454,0.09090909090909091,2026
642048,ST,114,58,24,68,26,71,17,7,0.41379310344827586,0.38235294117647056,0.6228070175438597,0.4117647058823529,2026
642100,CH,2,1,0,2,1,1,0,0,0.0,0.5,0.5,,2026
642100,FF,281,168,49,122,47,206,42,12,0.2916666666666667,0.38524590163934425,0.7330960854092526,0.2857142857142857,2026
642100,SI,233,115,11,84,17,164,58,33,0.09565217391304348,0.20238095238095238,0.703862660944206,0.5689655172413793,2026
642100,SL,179,79,20,114,40,107,25,10,0.25316455696202533,0.3508771929824561,0.5977653631284916,0.4,2026
642100,ST,3,0,0,3,0,0,0,0,,0.0,0.0,,2026
642121,CH,359,170,62,278,102,186,53,32,0.36470588235294116,0.3669064748201439,0.5181058495821727,0.6037735849056604,2026
642121,FC,125,64,13,68,23,79,30,12,0.203125,0.3382352941176471,0.632,0.4,2026
642121,FF,417,233,44,165,61,313,73,18,0.1888412017167382,0.3696969696969697,0.750599520383693,0.2465753424657534,2026
642121,PO,1,0,0,1,0,0,0,0,,0.0,0.0,,2026
642121,ST,36,12,3,31,7,12,7,1,0.25,0.22580645161290322,0.3333333333333333,0.14285714285714285,2026
642152,CH,25,10,3,19,4,10,6,1,0.3,0.21052631578947367,0.4,0.16666666666666666,2026
642152,FC,45,21,6,27,9,28,5,3,0.2857142857142857,0.3333333333333333,0.6222222222222222,0.6,2026
642152,FF,7,3,1,3,1,4,1,0,0.3333333333333333,0.3333333333333333,0.5714285714285714,0.0,2026
642152,SI,43,18,1,22,2,23,9,4,0.05555555555555555,0.09090909090909091,0.5348837209302325,0.4444444444444444,2026
642152,ST,24,11,8,17,7,15,0,0,0.7272727272727273,0.4117647058823529,0.625,,2026
642207,CH,349,195,72,220,103,235,60,26,0.36923076923076925,0.4681818181818182,0.673352435530086,0.43333333333333335,2026
642207,FC,10,3,0,7,2,5,1,1,0.0,0.2857142857142857,0.5,1.0,2026
642207,FF,400,189,51,208,63,257,50,17,0.2698412698412698,0.30288461538461536,0.6425,0.34,2026
642215,EP,44,22,1,31,12,30,15,3,0.045454545454545456,0.3870967741935484,0.6818181818181818,0.2,2026
642215,FA,15,8,0,8,3,11,6,2,0.0,0.375,0.7333333333333333,0.3333333333333333,2026
642232,CH,241,137,44,139,62,162,55,16,0.32116788321167883,0.4460431654676259,0.6721991701244814,0.2909090909090909,2026
642232,FC,305,143,24,142,31,200,52,19,0.16783216783216784,0.21830985915492956,0.6557377049180327,0.36538461538461536,2026
642232,FF,166,64,8,76,14,103,23,8,0.125,0.18421052631578946,0.6204819277108434,0.34782608695652173,2026
642232,SI,139,67,1,57,20,102,31,18,0.014925373134328358,0.3508771929824561,0.7338129496402878,0.5806451612903226,2026
642232,ST,210,97,39,115,21,117,31,7,0.4020618556701031,0.1826086956521739,0.5571428571428572,0.22580645161290322,2026
642376,CH,37,19,13,32,15,20,3,2,0.6842105263157895,0.46875,0.5405405405405406,0.6666666666666666,2026
642376,FA,1,0,0,1,0,0,0,0,,0.0,0.0,,2026
642376,FF,94,49,11,48,16,63,15,8,0.22448979591836735,0.3333333333333333,0.6702127659574468,0.5333333333333333,2026
642376,SI,162,71,13,85,23,101,30,16,0.18309859154929578,0.27058823529411763,0.6234567901234568,0.5333333333333333,2026
642376,SL,73,31,16,53,19,39,6,3,0.5161290322580645,0.3584905660377358,0.5342465753424658,0.5,2026
642397,FF,185,84,11,105,29,112,32,12,0.13095238095238096,0.2761904761904762,0.6054054054054054,0.375,2026
642397,FS,1,0,0,1,0,0,0,0,,0.0,0.0,,2026
642397,SI,456,172,16,224,54,290,81,50,0.09302325581395349,0.24107142857142858,0.6359649122807017,0.6172839506172839,2026
642397,SL,330,153,67,208,73,197,33,10,0.43790849673202614,0.35096153846153844,0.5969696969696969,0.30303030303030304,2026
642397,ST,181,89,38,105,38,117,23,6,0.42696629213483145,0.3619047619047619,0.6464088397790055,0.2608695652173913,2026
642528,CH,261,148,44,165,67,166,62,39,0.2972972972972973,0.40606060606060607,0.6360153256704981,0.6290322580645161,2026
642528,CU,142,62,16,84,21,77,26,8,0.25806451612903225,0.25,0.5422535211267606,0.3076923076923077,2026
642528,FC,66,35,7,30,7,46,11,6,0.2,0.23333333333333334,0.696969696969697,0.5454545454545454,2026
642528,FF,155,78,12,84,26,96,20,7,0.15384615384615385,0.30952380952380953,0.6193548387096774,0.35,2026
642528,SI,338,183,23,135,58,261,80,51,0.12568306010928962,0.42962962962962964,0.772189349112426,0.6375,2026
642546,FF,71,32,3,37,7,42,15,3,0.09375,0.1891891891891892,0.5915492957746479,0.2,2026
642546,FS,6,4,2,4,2,4,1,0,0.5,0.5,0.6666666666666666,0.0,2026
642546,SI,151,70,5,67,18,102,34,18,0.07142857142857142,0.26865671641791045,0.6754966887417219,0.5294117647058824,2026
642546,SL,185,75,22,110,31,109,24,9,0.29333333333333333,0.2818181818181818,0.5891891891891892,0.375,2026
642547,CH,693,342,89,479,185,401,125,71,0.260233918128655,0.3862212943632568,0.5786435786435786,0.568,2026
642547,CS,28,14,6,21,7,14,5,2,0.42857142857142855,0.3333333333333333,0.5,0.4,2026
642547,CU,382,182,54,226,85,243,69,24,0.2967032967032967,0.37610619469026546,0.6361256544502618,0.34782608695652173,2026
642547,FF,1568,758,141,796,216,1003,263,91,0.18601583113456466,0.271356783919598,0.6396683673469388,0.34600760456273766,2026
642547,SL,119,39,18,83,14,50,9,5,0.46153846153846156,0.1686746987951807,0.42016806722689076,0.5555555555555556,2026
642547,ST,169,84,21,97,26,101,32,10,0.25,0.26804123711340205,0.5976331360946746,0.3125,2026
642585,FS,18,10,7,9,3,11,2,1,0.7,0.3333333333333333,0.6111111111111112,0.5,2026
642585,SI,13,7,1,8,3,9,3,0,0.14285714285714285,0.375,0.6923076923076923,0.0,2026
642585,SL,6,4,3,5,4,5,1,0,0.75,0.8,0.8333333333333334,0.0,2026
642701,CH,129,63,18,84,30,75,25,11,0.2857142857142857,0.35714285714285715,0.5813953488372093,0.44,2026
642701,FC,102,49,10,51,12,67,15,5,0.20408163265306123,0.23529411764705882,0.6568627450980392,0.3333333333333333,2026
642701,FF,249,122,14,123,33,158,43,7,0.11475409836065574,0.2682926829268293,0.6345381526104418,0.16279069767441862,2026
642701,SI,116,55,6,55,17,78,36,20,0.10909090909090909,0.3090909090909091,0.6724137931034483,0.5555555555555556,2026
642701,SL,333,168,58,192,77,224,54,15,0.34523809523809523,0.4010416666666667,0.6726726726726727,0.2777777777777778,2026
642759,CH,29,8,5,23,4,10,2,0,0.625,0.17391304347826086,0.3448275862068966,0.0,2026
642759,FF,42,21,3,18,5,30,11,4,0.14285714285714285,0.2777777777777778,0.7142857142857143,0.36363636363636365,2026
643361,CH,4,0,0,3,0,1,0,0,,0.0,0.25,,2026
643361,FC,3,2,0,1,0,2,2,1,0.0,0.0,0.6666666666666666,0.5,2026
643361,FF,4,3,0,0,0,4,1,0,0.0,,1.0,0.0,2026
643377,CH,389,234,93,252,122,258,73,45,0.3974358974358974,0.48412698412698413,0.6632390745501285,0.6164383561643836,2026
643377,CU,150,54,22,98,31,82,16,7,0.4074074074074074,0.3163265306122449,0.5466666666666666,0.4375,2026
643377,FC,50,24,3,23,4,30,13,1,0.125,0.17391304347826086,0.6,0.07692307692307693,2026
643377,FF,312,156,39,175,58,193,47,12,0.25,0.3314285714285714,0.6185897435897436,0.2553191489361702,2026
643377,SI,391,193,18,159,50,290,102,57,0.09326424870466321,0.31446540880503143,0.7416879795396419,0.5588235294117647,2026
643377,ST,432,171,56,239,67,265,55,22,0.32748538011695905,0.2803347280334728,0.6134259259259259,0.4,2026
643410,CU,106,43,15,58,21,68,14,8,0.3488372093023256,0.3620689655172414,0.6415094339622641,0.5714285714285714,2026
643410,FC,51,16,4,23,2,32,7,4,0.25,0.08695652173913043,0.6274509803921569,0.5714285714285714,2026
643410,FF,64,26,2,32,5,36,14,5,0.07692307692307693,0.15625,0.5625,0.35714285714285715,2026
643410,FS,181,105,47,129,57,109,24,8,0.44761904761904764,0.4418604651162791,0.6022099447513812,0.3333333333333333,2026
643410,SI,144,60,7,58,15,103,29,13,0.11666666666666667,0.25862068965517243,0.7152777777777778,0.4482758620689655,2026
643410,SL,5,4,0,2,2,5,3,1,0.0,1.0,1.0,0.3333333333333333,2026
643511,SI,773,401,40,313,87,563,179,126,0.09975062344139651,0.2779552715654952,0.7283311772315654,0.7039106145251397,2026
643511,SL,245,111,25,138,39,147,49,18,0.22522522522522523,0.2826086956521739,0.6,0.3673469387755102,2026
644433,EP,14,6,0,10,3,8,5,1,0.0,0.3,0.5714285714285714,0.2,2026
644433,FA,2,0,0,1,0,0,0,0,,0.0,0.0,,2026
645261,CH,681,384,101,442,187,428,163,85,0.2630208333333333,0.4230769230769231,0.6284875183553598,0.5214723926380368,2026
645261,CU,141,57,10,81,16,76,27,5,0.17543859649122806,0.19753086419753085,0.5390070921985816,0.18518518518518517,2026
645261,FC,495,241,50,216,60,340,83,24,0.2074688796680498,0.2777777777777778,0.6868686868686869,0.2891566265060241,2026
645261,FF,592,298,53,263,64,397,113,30,0.17785234899328858,0.24334600760456274,0.6706081081081081,0.26548672566371684,2026
645261,SI,865,443,40,342,104,629,216,118,0.09029345372460497,0.30409356725146197,0.7271676300578035,0.5462962962962963,2026
645261,SL,230,116,26,118,33,148,34,18,0.22413793103448276,0.2796610169491525,0.6434782608695652,0.5294117647058824,2026
645261,ST,289,130,29,161,40,169,37,5,0.2230769230769231,0.2484472049689441,0.5847750865051903,0.13513513513513514,2026
645302,CU,11,5,0,6,1,8,4,1,0.0,0.16666666666666666,0.7272727272727273,0.25,2026
645302,EP,4,2,0,4,2,3,2,1,0.0,0.5,0.75,0.5,2026
645302,FF,11,4,0,5,0,6,2,1,0.0,0.0,0.5454545454545454,0.5,2026
646241,CH,147,69,20,94,34,87,28,14,0.2898550724637681,0.3617021276595745,0.5918367346938775,0.5,2026
646241,FC,111,58,19,58,20,72,24,12,0.3275862068965517,0.3448275862068966,0.6486486486486487,0.5,2026
646241,FF,282,134,29,125,29,188,39,9,0.21641791044776118,0.232,0.6666666666666666,0.23076923076923078,2026
646241,SI,90,45,2,28,11,70,25,15,0.044444444444444446,0.39285714285714285,0.7777777777777778,0.6,2026
646241,SL,39,12,2,24,3,19,6,1,0.16666666666666666,0.125,0.48717948717948717,0.16666666666666666,2026
646242,CH,2,1,0,1,0,1,1,0,0.0,0.0,0.5,0.0,2026
646242,CU,1,0,0,1,0,0,0,0,,0.0,0.0,,2026
646242,SI,15,6,0,3,0,12,3,2,0.0,0.0,0.8,0.6666666666666666,2026
646242,ST,7,2,0,4,0,4,1,0,0.0,0.0,0.5714285714285714,0.0,2026
647315,FC,15,5,1,10,2,8,1,0,0.2,0.2,0.5333333333333333,0.0,2026
647315,SI,81,34,4,41,12,51,15,10,0.11764705882352941,0.2926829268292683,0.6296296296296297,0.6666666666666666,2026
647315,SL,34,13,3,17,3,20,5,1,0.23076923076923078,0.17647058823529413,0.5882352941176471,0.2,2026
647336,CH,235,114,20,149,49,135,57,28,0.17543859649122806,0.3288590604026846,0.574468085106383,0.49122807017543857,2026
647336,FC,225,107,18,134,41,137,42,13,0.16822429906542055,0.30597014925373134,0.6088888888888889,0.30952380952380953,2026
647336,FF,619,322,44,300,96,419,113,29,0.13664596273291926,0.32,0.6768982229402262,0.25663716814159293,2026
647336,PO,1,0,0,1,0,0,0,0,,0.0,0.0,,2026
647336,SI,202,108,6,77,25,148,40,22,0.05555555555555555,0.3246753246753247,0.7326732673267327,0.55,2026
647336,ST,13,7,1,9,3,7,3,0,0.14285714285714285,0.3333333333333333,0.5384615384615384,0.0,2026
647336,SV,624,286,99,348,128,409,83,33,0.34615384615384615,0.367816091954023,0.655448717948718,0.39759036144578314,2026
650556,CH,1,1,0,1,1,1,1,1,0.0,1.0,1.0,1.0,2026
650556,FC,127,62,20,62,20,86,19,9,0.3225806451612903,0.3225806451612903,0.6771653543307087,0.47368421052631576,2026
650556,FF,479,193,46,277,58,261,60,24,0.23834196891191708,0.20938628158844766,0.5448851774530271,0.4,2026
650556,SL,486,205,78,276,91,306,62,25,0.3804878048780488,0.32971014492753625,0.6296296296296297,0.4032258064516129,2026
650633,CH,788,441,111,460,174,496,186,97,0.25170068027210885,0.3782608695652174,0.6294416243654822,0.521505376344086,2026
650633,FF,604,273,67,338,97,371,68,20,0.2454212454212454,0.2869822485207101,0.6142384105960265,0.29411764705882354,2026
650633,SI,831,347,49,376,95,557,135,71,0.14121037463976946,0.2526595744680851,0.6702767749699158,0.5259259259259259,2026
650633,SL,197,86,18,112,30,118,37,14,0.20930232558139536,0.26785714285714285,0.5989847715736041,0.3783783783783784,2026
650633,ST,561,238,61,305,86,343,88,30,0.25630252100840334,0.2819672131147541,0.6114081996434938,0.3409090909090909,2026
650644,CU,484,196,43,254,78,306,85,32,0.2193877551020408,0.30708661417322836,0.6322314049586777,0.3764705882352941,2026
650644,FC,717,348,73,321,109,508,122,35,0.20977011494252873,0.3395638629283489,0.708507670850767,0.28688524590163933,2026
650644,FF,196,101,12,101,29,124,43,6,0.1188118811881188,0.2871287128712871,0.6326530612244898,0.13953488372093023,2026
650644,FS,137,63,15,96,32,70,32,18,0.23809523809523808,0.3333333333333333,0.5109489051094891,0.5625,2026
650644,SI,304,139,12,148,39,195,64,18,0.08633093525179857,0.2635135135135135,0.6414473684210527,0.28125,2026
650644,SL,58,29,5,34,10,34,15,5,0.1724137931034483,0.29411764705882354,0.5862068965517241,0.3333333333333333,2026
650911,CH,1171,641,278,789,342,722,180,111,0.43369734789391573,0.43346007604562736,0.6165670367207515,0.6166666666666667,2026
650911,SI,1402,663,70,560,135,994,310,183,0.10558069381598793,0.24107142857142858,0.7089871611982882,0.5903225806451613,2026
650911,SL,585,290,118,324,131,387,84,39,0.4068965517241379,0.404320987654321,0.6615384615384615,0.4642857142857143,2026
650960,CH,49,30,4,27,12,34,11,3,0.13333333333333333,0.4444444444444444,0.6938775510204082,0.2727272727272727,2026
650960,FC,153,81,13,76,31,106,29,6,0.16049382716049382,0.40789473684210525,0.6928104575163399,0.20689655172413793,2026
650960,FF,72,30,4,35,6,45,9,2,0.13333333333333333,0.17142857142857143,0.625,0.2222222222222222,2026
650960,SI,68,38,5,27,12,56,13,6,0.13157894736842105,0.4444444444444444,0.8235294117647058,0.46153846153846156,2026
650960,ST,121,65,22,75,33,80,12,6,0.3384615384615385,0.44,0.6611570247933884,0.5,2026
655316,CU,1,0,0,1,0,0,0,0,,0.0,0.0,,2026
655316,SL,27,8,0,20,3,11,5,0,0.0,0.15,0.4074074074074074,0.0,2026
655889,FF,22,10,1,16,5,11,3,1,0.1,0.3125,0.5,0.3333333333333333,2026
655889,SI,51,18,4,27,8,34,7,3,0.2222222222222222,0.2962962962962963,0.6666666666666666,0.42857142857142855,2026
655889,SL,65,28,7,43,12,35,6,4,0.25,0.27906976744186046,0.5384615384615384,0.6666666666666666,2026
656186,CH,5,4,3,3,2,4,0,0,0.75,0.6666666666666666,0.8,,2026
656186,FF,2,1,0,0,0,2,1,0,0.0,,1.0,0.0,2026
656186,SL,2,1,1,1,0,1,0,0,1.0,0.0,0.5,,2026
656212,CH,36,18,3,24,10,22,11,5,0.16666666666666666,0.4166666666666667,0.6111111111111112,0.45454545454545453,2026
656212,FF,67,26,2,38,6,34,13,2,0.07692307692307693,0.15789473684210525,0.5074626865671642,0.15384615384615385,2026
656212,SI,43,21,1,18,5,31,15,13,0.047619047619047616,0.2777777777777778,0.7209302325581395,0.8666666666666667,2026
656212,SL,42,17,6,28,9,22,6,2,0.35294117647058826,0.32142857142857145,0.5238095238095238,0.3333333333333333,2026
656212,ST,13,4,0,5,0,9,4,1,0.0,0.0,0.6923076923076923,0.25,2026
656222,CH,166,77,27,93,27,98,34,18,0.35064935064935066,0.2903225806451613,0.5903614457831325,0.5294117647058824,2026
656222,FC,40,11,3,21,2,21,4,1,0.2727272727272727,0.09523809523809523,0.525,0.25,2026
656222,FF,212,109,14,86,27,152,48,19,0.12844036697247707,0.313953488372093,0.7169811320754716,0.3958333333333333,2026
656234,CH,6,3,1,4,2,4,0,0,0.3333333333333333,0.5,0.6666666666666666,,2026
656234,CU,77,31,6,41,6,43,16,6,0.1935483870967742,0.14634146341463414,0.5584415584415584,0.375,2026
656234,FF,110,55,13,64,20,66,12,2,0.23636363636363636,0.3125,0.6,0.16666666666666666,2026
656234,SI,225,96,18,103,19,140,51,28,0.1875,0.18446601941747573,0.6222222222222222,0.5490196078431373,2026
656234,ST,260,95,34,123,33,175,34,8,0.35789473684210527,0.2682926829268293,0.6730769230769231,0.23529411764705882,2026
656240,FC,195,116,29,100,43,136,40,13,0.25,0.43,0.6974358974358974,0.325,2026
656240,FF,145,67,11,69,14,92,26,15,0.16417910447761194,0.2028985507246377,0.6344827586206897,0.5769230769230769,2026
656240,FS,38,15,2,29,6,15,9,4,0.13333333333333333,0.20689655172413793,0.39473684210526316,0.4444444444444444,2026
656240,SI,58,32,3,31,11,38,14,10,0.09375,0.3548387096774194,0.6551724137931034,0.7142857142857143,2026
656240,SL,148,86,34,95,44,96,26,17,0.3953488372093023,0.4631578947368421,0.6486486486486487,0.6538461538461539,2026
656271,CH,207,107,27,123,45,129,43,15,0.2523364485981308,0.36585365853658536,0.6231884057971014,0.3488372093023256,2026
656271,FF,484,228,51,249,67,305,73,31,0.2236842105263158,0.26907630522088355,0.6301652892561983,0.4246575342465753,2026
656271,SI,159,73,9,71,18,106,38,17,0.1232876712328767,0.2535211267605634,0.6666666666666666,0.4473684210526316,2026
656271,SL,330,133,47,177,45,198,42,15,0.3533834586466165,0.2542372881355932,0.6,0.35714285714285715,2026
656288,CH,386,212,47,213,73,245,91,56,0.22169811320754718,0.3427230046948357,0.6347150259067358,0.6153846153846154,2026
656288,FC,85,33,8,44,7,48,15,3,0.24242424242424243,0.1590909090909091,0.5647058823529412,0.2,2026
656288,FF,377,160,31,207,48,223,48,8,0.19375,0.2318840579710145,0.5915119363395226,0.16666666666666666,2026
656288,KC,133,58,16,85,27,79,19,10,0.27586206896551724,0.3176470588235294,0.5939849624060151,0.5263157894736842,2026
656288,SI,152,60,1,71,8,91,33,21,0.016666666666666666,0.11267605633802817,0.5986842105263158,0.6363636363636364,2026
656288,SL,366,165,60,204,60,223,50,24,0.36363636363636365,0.29411764705882354,0.6092896174863388,0.48,2026
656288,ST,45,10,3,30,6,22,1,1,0.3,0.2,0.4888888888888889,1.0,2026
656302,CH,332,124,56,204,34,164,35,16,0.45161290322580644,0.16666666666666666,0.4939759036144578,0.45714285714285713,2026
656302,FF,1071,523,111,562,181,694,134,45,0.21223709369024857,0.3220640569395018,0.6479925303454716,0.3358208955223881,2026
656302,KC,292,77,22,186,32,147,22,9,0.2857142857142857,0.17204301075268819,0.5034246575342466,0.4090909090909091,2026
656302,SI,228,106,13,115,35,151,42,20,0.12264150943396226,0.30434782608695654,0.6622807017543859,0.47619047619047616,2026
656302,SL,871,466,194,536,232,575,118,56,0.41630901287553645,0.43283582089552236,0.6601607347876005,0.4745762711864407,2026
656302,ST,101,31,7,63,15,57,14,9,0.22580645161290322,0.23809523809523808,0.5643564356435643,0.6428571428571429,2026
656427,CH,44,12,3,40,9,13,4,0,0.25,0.225,0.29545454545454547,0.0,2026
656427,FF,816,386,72,366,86,546,123,36,0.18652849740932642,0.23497267759562843,0.6691176470588235,0.2926829268292683,2026
656427,KC,322,141,51,225,78,178,36,15,0.3617021276595745,0.3466666666666667,0.5527950310559007,0.4166666666666667,2026
656427,SI,73,25,6,50,10,33,13,6,0.24,0.2,0.4520547945205479,0.46153846153846156,2026
656427,SL,403,184,54,238,71,245,68,20,0.29347826086956524,0.29831932773109243,0.607940446650124,0.29411764705882354,2026
656457,FC,17,7,1,8,3,11,3,0,0.14285714285714285,0.375,0.6470588235294118,0.0,2026
656457,FF,12,4,0,9,2,5,2,1,0.0,0.2222222222222222,0.4166666666666667,0.5,2026
656457,FS,3,0,0,3,0,0,0,0,,0.0,0.0,,2026
656457,SI,53,29,1,15,3,41,15,6,0.034482758620689655,0.2,0.7735849056603774,0.4,2026
656457,ST,49,20,9,30,7,27,4,2,0.45,0.23333333333333334,0.5510204081632653,0.5,2026
656464,FF,507,250,40,256,78,335,83,27,0.16,0.3046875,0.6607495069033531,0.3253012048192771,2026
656464,SI,60,29,3,30,15,45,17,9,0.10344827586206896,0.5,0.75,0.5294117647058824,2026
656464,SL,532,270,109,324,127,331,85,39,0.40370370370370373,0.39197530864197533,0.6221804511278195,0.4588235294117647,2026
656492,CH,327,154,47,228,76,183,63,36,0.3051948051948052,0.3333333333333333,0.5596330275229358,0.5714285714285714,2026
656492,CU,251,117,27,149,59,163,50,28,0.23076923076923078,0.3959731543624161,0.649402390438247,0.56,2026
656492,FC,921,519,84,364,119,687,192,86,0.16184971098265896,0.3269230769230769,0.745928338762215,0.4479166666666667,2026
656492,FF,457,175,30,211,33,282,56,17,0.17142857142857143,0.15639810426540285,0.6170678336980306,0.30357142857142855,2026
656492,FS,160,82,21,128,55,86,32,9,0.25609756097560976,0.4296875,0.5375,0.28125,2026
656492,SI,292,129,17,148,48,193,45,29,0.13178294573643412,0.32432432432432434,0.660958904109589,0.6444444444444445,2026
656492,ST,425,194,54,239,79,275,70,26,0.27835051546391754,0.3305439330543933,0.6470588235294118,0.37142857142857144,2026
656529,CU,117,38,14,79,21,56,11,9,0.3684210526315789,0.26582278481012656,0.47863247863247865,0.8181818181818182,2026
656529,FF,231,101,23,116,19,139,33,13,0.22772277227722773,0.16379310344827586,0.6017316017316018,0.3939393939393939,2026
656529,SI,184,78,13,79,22,128,35,18,0.16666666666666666,0.27848101265822783,0.6956521739130435,0.5142857142857142,2026
656529,SL,155,77,21,93,29,91,24,9,0.2727272727272727,0.3118279569892473,0.5870967741935483,0.375,2026
656546,FF,377,186,41,185,55,249,47,12,0.22043010752688172,0.2972972972972973,0.6604774535809018,0.2553191489361702,2026
656546,FS,240,127,38,160,64,146,42,28,0.2992125984251969,0.4,0.6083333333333333,0.6666666666666666,2026
656546,SI,54,28,4,22,6,38,11,4,0.14285714285714285,0.2727272727272727,0.7037037037037037,0.36363636363636365,2026
656546,SL,540,261,124,333,138,354,53,24,0.47509578544061304,0.4144144144144144,0.6555555555555556,0.4528301886792453,2026
656550,CH,177,77,19,128,33,84,31,23,0.24675324675324675,0.2578125,0.4745762711864407,0.7419354838709677,2026
656550,CU,194,102,35,138,57,112,36,15,0.3431372549019608,0.41304347826086957,0.5773195876288659,0.4166666666666667,2026
656550,FC,207,93,14,82,19,142,47,23,0.15053763440860216,0.23170731707317074,0.6859903381642513,0.48936170212765956,2026
656550,FF,690,328,39,289,56,449,139,48,0.11890243902439024,0.19377162629757785,0.6507246376811594,0.34532374100719426,2026
656550,SI,304,129,15,157,34,185,64,35,0.11627906976744186,0.21656050955414013,0.6085526315789473,0.546875,2026
656550,SL,888,468,182,555,230,567,159,69,0.3888888888888889,0.4144144144144144,0.6385135135135135,0.4339622641509434,2026
656557,FF,11,3,0,7,0,4,0,0,0.0,0.0,0.36363636363636365,,2026
656557,FS,11,10,1,7,6,10,4,4,0.1,0.8571428571428571,0.9090909090909091,1.0,2026
656557,SI,15,6,0,6,1,11,5,2,0.0,0.16666666666666666,0.7333333333333333,0.4,2026
656557,ST,13,5,0,5,1,9,3,1,0.0,0.2,0.6923076923076923,0.3333333333333333,2026
656577,EP,25,12,0,17,6,15,9,3,0.0,0.35294117647058826,0.6,0.3333333333333333,2026
656577,FA,1,0,0,1,0,0,0,0,,0.0,0.0,,2026
656605,CH,169,82,18,97,33,103,34,15,0.21951219512195122,0.3402061855670103,0.6094674556213018,0.4411764705882353,2026
656605,CU,171,52,19,118,31,83,14,6,0.36538461538461536,0.2627118644067797,0.4853801169590643,0.42857142857142855,2026
656605,FC,140,78,15,76,26,90,28,12,0.19230769230769232,0.34210526315789475,0.6428571428571429,0.42857142857142855,2026
656605,FF,603,296,45,276,75,406,111,29,0.15202702702702703,0.2717391304347826,0.6733001658374793,0.26126126126126126,2026
656605,SI,322,143,17,137,25,216,71,34,0.11888111888111888,0.18248175182481752,0.6708074534161491,0.4788732394366197,2026
656605,SL,180,93,18,94,32,112,39,20,0.1935483870967742,0.3404255319148936,0.6222222222222222,0.5128205128205128,2026
656605,ST,302,150,35,173,63,190,67,22,0.23333333333333334,0.36416184971098264,0.6291390728476821,0.3283582089552239,2026
656638,CH,245,116,34,159,59,143,39,18,0.29310344827586204,0.3710691823899371,0.5836734693877551,0.46153846153846156,2026
656638,FC,151,65,8,76,16,92,26,13,0.12307692307692308,0.21052631578947367,0.609271523178808,0.5,2026
656638,FF,116,53,7,64,16,70,19,6,0.1320754716981132,0.25,0.603448275862069,0.3157894736842105,2026
656638,SI,267,105,19,125,25,167,42,20,0.18095238095238095,0.2,0.6254681647940075,0.47619047619047616,2026
656638,SL,356,189,70,202,69,224,50,23,0.37037037037037035,0.3415841584158416,0.6292134831460674,0.46,2026
656641,CH,231,128,60,141,60,148,31,14,0.46875,0.425531914893617,0.6406926406926406,0.45161290322580644,2026
656641,CU,83,28,9,57,12,38,7,2,0.32142857142857145,0.21052631578947367,0.4578313253012048,0.2857142857142857,2026
656641,FF,635,352,66,304,102,439,106,34,0.1875,0.3355263157894737,0.6913385826771653,0.32075471698113206,2026
656641,SL,192,91,36,97,39,132,21,11,0.3956043956043956,0.4020618556701031,0.6875,0.5238095238095238,2026
656686,CH,8,3,1,6,1,3,2,1,0.3333333333333333,0.16666666666666666,0.375,0.5,2026
656686,CU,27,11,5,16,4,15,3,3,0.45454545454545453,0.25,0.5555555555555556,1.0,2026
656686,FF,56,29,8,33,12,35,7,1,0.27586206896551724,0.36363636363636365,0.625,0.14285714285714285,2026
656686,SI,4,2,0,1,0,3,2,1,0.0,0.0,0.75,0.5,2026
656686,SL,3,1,0,3,1,1,1,0,0.0,0.3333333333333333,0.3333333333333333,0.0,2026
656686,ST,13,7,4,7,3,9,1,0,0.5714285714285714,0.42857142857142855,0.6923076923076923,0.0,2026
656716,EP,24,7,1,19,4,11,5,2,0.14285714285714285,0.21052631578947367,0.4583333333333333,0.4,2026
656716,FA,33,8,2,29,7,15,4,1,0.25,0.2413793103448276,0.45454545454545453,0.25,2026
656730,FF,565,300,54,240,81,408,105,31,0.18,0.3375,0.7221238938053097,0.29523809523809524,2026
656730,KC,309,172,79,190,85,207,52,24,0.45930232558139533,0.4473684210526316,0.6699029126213593,0.46153846153846156,2026
656756,CH,51,27,12,31,12,31,6,3,0.4444444444444444,0.3870967741935484,0.6078431372549019,0.5,2026
656756,CU,66,23,8,47,13,33,6,5,0.34782608695652173,0.2765957446808511,0.5,0.8333333333333334,2026
656756,FF,66,36,2,33,12,46,16,4,0.05555555555555555,0.36363636363636365,0.696969696969697,0.25,2026
656756,SI,161,84,7,62,22,121,41,28,0.08333333333333333,0.3548387096774194,0.7515527950310559,0.6829268292682927,2026
656756,SL,70,23,8,43,7,33,8,5,0.34782608695652173,0.16279069767441862,0.4714285714285714,0.625,2026
656786,CH,5,2,0,3,0,2,2,1,0.0,0.0,0.4,0.5,2026
656786,CU,23,10,2,17,5,10,4,2,0.2,0.29411764705882354,0.43478260869565216,0.5,2026
656786,FC,22,8,1,10,2,15,3,0,0.125,0.2,0.6818181818181818,0.0,2026
656786,FF,28,8,0,16,2,15,6,3,0.0,0.125,0.5357142857142857,0.5,2026
656786,SI,21,8,0,11,2,13,4,1,0.0,0.18181818181818182,0.6190476190476191,0.25,2026
656786,ST,40,22,3,18,7,29,10,3,0.13636363636363635,0.3888888888888889,0.725,0.3,2026
656794,CH,42,21,1,27,8,23,12,6,0.047619047619047616,0.2962962962962963,0.5476190476190477,0.5,2026
656794,CU,63,27,5,40,8,33,11,8,0.18518518518518517,0.2,0.5238095238095238,0.7272727272727273,2026
656794,FC,24,8,0,16,2,10,4,2,0.0,0.125,0.4166666666666667,0.5,2026
656794,FF,579,307,77,249,76,406,83,25,0.250814332247557,0.30522088353413657,0.7012089810017271,0.30120481927710846,2026
656794,SI,308,148,11,133,34,212,80,44,0.07432432432432433,0.2556390977443609,0.6883116883116883,0.55,2026
656794,SV,456,164,50,263,72,273,56,28,0.3048780487804878,0.2737642585551331,0.5986842105263158,0.5,2026
656848,CH,132,51,13,75,18,73,18,10,0.2549019607843137,0.24,0.553030303030303,0.5555555555555556,2026
656848,FF,694,398,88,345,131,481,95,24,0.22110552763819097,0.37971014492753624,0.6930835734870316,0.25263157894736843,2026
656848,SI,2,0,0,2,0,0,0,0,,0.0,0.0,,2026
656848,SL,301,126,48,173,52,181,42,22,0.38095238095238093,0.30057803468208094,0.6013289036544851,0.5238095238095238,2026
656849,CH,323,152,33,196,62,192,64,28,0.21710526315789475,0.3163265306122449,0.5944272445820433,0.4375,2026
656849,CU,257,95,27,155,44,147,39,19,0.28421052631578947,0.2838709677419355,0.5719844357976653,0.48717948717948717,2026
656849,FF,623,296,55,374,107,368,93,40,0.1858108108108108,0.28609625668449196,0.5906902086677368,0.43010752688172044,2026
656849,SI,730,318,44,322,70,491,165,92,0.13836477987421383,0.21739130434782608,0.6726027397260274,0.5575757575757576,2026
656849,SL,543,285,81,274,97,363,96,53,0.28421052631578947,0.354014598540146,0.6685082872928176,0.5520833333333334,2026
656876,CH,354,187,62,249,97,203,57,34,0.3315508021390374,0.3895582329317269,0.5734463276836158,0.5964912280701754,2026
656876,CU,92,24,6,50,7,52,8,4,0.25,0.14,0.5652173913043478,0.5,2026
656876,FC,768,403,93,391,119,495,153,63,0.23076923076923078,0.30434782608695654,0.64453125,0.4117647058823529,2026
656876,FF,745,397,94,360,140,536,100,44,0.2367758186397985,0.3888888888888889,0.7194630872483222,0.44,2026
656876,SI,633,285,41,253,70,447,119,55,0.14385964912280702,0.2766798418972332,0.7061611374407583,0.46218487394957986,2026
656876,ST,68,36,6,35,10,43,19,5,0.16666666666666666,0.2857142857142857,0.6323529411764706,0.2631578947368421,2026
656945,FF,473,277,74,219,80,333,73,23,0.26714801444043323,0.365296803652968,0.7040169133192389,0.3150684931506849,2026
656945,SL,490,266,101,260,115,346,80,38,0.37969924812030076,0.4423076923076923,0.7061224489795919,0.475,2026
656986,FF,130,59,10,50,6,86,31,8,0.1694915254237288,0.12,0.6615384615384615,0.25806451612903225,2026
656986,SI,43,18,5,28,8,22,4,2,0.2777777777777778,0.2857142857142857,0.5116279069767442,0.5,2026
656986,SL,360,184,64,184,75,248,56,20,0.34782608695652173,0.4076086956521739,0.6888888888888889,0.35714285714285715,2026
657044,FF,28,11,2,16,3,14,5,1,0.18181818181818182,0.1875,0.5,0.2,2026
657044,SI,409,192,27,215,72,271,89,61,0.140625,0.33488372093023255,0.6625916870415648,0.6853932584269663,2026
657044,SL,217,115,29,112,48,153,47,11,0.25217391304347825,0.42857142857142855,0.7050691244239631,0.23404255319148937,2026
657097,CH,442,270,105,247,106,303,81,35,0.3888888888888889,0.4291497975708502,0.6855203619909502,0.43209876543209874,2026
657097,CU,85,18,2,36,3,52,11,7,0.1111111111111111,0.08333333333333333,0.611764705882353,0.6363636363636364,2026
657097,FF,489,234,59,235,63,316,73,24,0.25213675213675213,0.2680851063829787,0.6462167689161554,0.3287671232876712,2026
657097,SL,97,41,11,47,12,63,18,8,0.2682926829268293,0.2553191489361702,0.6494845360824743,0.4444444444444444,2026
657097,ST,26,7,2,16,5,15,2,1,0.2857142857142857,0.3125,0.5769230769230769,0.5,2026
657265,CH,27,11,4,20,7,14,0,0,0.36363636363636365,0.35,0.5185185185185185,,2026
657265,CU,69,26,5,48,13,36,11,7,0.19230769230769232,0.2708333333333333,0.5217391304347826,0.6363636363636364,2026
657265,FF,29,16,3,16,5,17,3,0,0.1875,0.3125,0.5862068965517241,0.0,2026
657265,SI,99,44,2,44,7,64,24,9,0.045454545454545456,0.1590909090909091,0.6464646464646465,0.375,2026
657265,ST,27,9,1,12,2,16,7,2,0.1111111111111111,0.16666666666666666,0.5925925925925926,0.2857142857142857,2026
657277,CH,596,335,88,415,195,377,118,72,0.2626865671641791,0.46987951807228917,0.6325503355704698,0.6101694915254238,2026
657277,FC,323,168,27,155,46,220,66,25,0.16071428571428573,0.2967741935483871,0.6811145510835913,0.3787878787878788,2026
657277,FF,338,184,42,184,53,209,56,23,0.22826086956521738,0.28804347826086957,0.6183431952662722,0.4107142857142857,2026
657277,SI,732,329,38,325,78,505,178,111,0.11550151975683891,0.24,0.6898907103825137,0.6235955056179775,2026
657277,ST,499,168,34,246,64,314,63,18,0.20238095238095238,0.2601626016260163,0.6292585170340681,0.2857142857142857,2026
657376,FC,8,3,1,5,2,6,1,0,0.3333333333333333,0.4,0.75,0.0,2026
657376,FF,2,0,0,2,0,0,0,0,,0.0,0.0,,2026
657376,KC,4,1,0,3,0,1,1,0,0.0,0.0,0.25,0.0,2026
657376,SI,2,2,0,0,0,2,0,0,0.0,,1.0,,2026
657376,SL,8,3,2,7,3,4,0,0,0.6666666666666666,0.42857142857142855,0.5,,2026
657424,CH,75,30,5,54,13,34,14,7,0.16666666666666666,0.24074074074074073,0.4533333333333333,0.5,2026
657424,FF,174,89,16,108,40,108,20,8,0.1797752808988764,0.37037037037037035,0.6206896551724138,0.4,2026
657424,SI,41,22,5,20,7,28,10,5,0.22727272727272727,0.35,0.6829268292682927,0.5,2026
657424,SL,236,109,26,146,52,145,42,16,0.23853211009174313,0.3561643835616438,0.614406779661017,0.38095238095238093,2026
657514,CH,78,37,8,56,17,43,15,5,0.21621621621621623,0.30357142857142855,0.5512820512820513,0.3333333333333333,2026
657514,CU,347,136,46,223,54,180,51,21,0.3382352941176471,0.242152466367713,0.5187319884726225,0.4117647058823529,2026
657514,FC,114,55,12,58,13,71,24,9,0.21818181818181817,0.22413793103448276,0.6228070175438597,0.375,2026
657514,FF,50,28,3,25,8,33,6,2,0.10714285714285714,0.32,0.66,0.3333333333333333,2026
657514,SI,419,212,29,153,39,304,105,56,0.13679245283018868,0.2549019607843137,0.7255369928400954,0.5333333333333333,2026
657514,ST,9,5,1,4,1,6,1,1,0.2,0.25,0.6666666666666666,1.0,2026
657571,FC,150,74,15,84,24,89,22,12,0.20270270270270271,0.2857142857142857,0.5933333333333334,0.5454545454545454,2026
657571,FF,146,71,7,61,16,101,31,13,0.09859154929577464,0.26229508196721313,0.6917808219178082,0.41935483870967744,2026
657571,SI,196,83,13,81,20,136,30,16,0.1566265060240964,0.24691358024691357,0.6938775510204082,0.5333333333333333,2026
657571,SV,94,41,11,63,20,51,16,9,0.2682926829268293,0.31746031746031744,0.5425531914893617,0.5625,2026
657612,FF,49,21,4,25,4,28,9,3,0.19047619047619047,0.16,0.5714285714285714,0.3333333333333333,2026
657612,SI,677,350,30,300,93,476,177,126,0.08571428571428572,0.31,0.7031019202363368,0.711864406779661,2026
657612,SL,90,34,12,49,8,50,10,6,0.35294117647058826,0.16326530612244897,0.5555555555555556,0.6,2026
657649,CH,31,16,6,13,3,21,4,2,0.375,0.23076923076923078,0.6774193548387096,0.5,2026
657649,CU,8,4,0,5,1,4,3,2,0.0,0.2,0.5,0.6666666666666666,2026
657649,FC,43,15,3,22,3,24,7,2,0.2,0.13636363636363635,0.5581395348837209,0.2857142857142857,2026
657649,FF,2,0,0,2,0,0,0,0,,0.0,0.0,,2026
657649,SI,77,33,5,33,7,52,12,7,0.15151515151515152,0.21212121212121213,0.6753246753246753,0.5833333333333334,2026
657746,FF,1081,555,115,470,133,750,169,37,0.2072072072072072,0.28297872340425534,0.6938020351526365,0.21893491124260356,2026
657746,FS,293,139,31,160,47,183,60,36,0.22302158273381295,0.29375,0.6245733788395904,0.6,2026
657746,KC,274,140,37,172,72,175,42,24,0.2642857142857143,0.4186046511627907,0.6386861313868614,0.5714285714285714,2026
657746,SI,230,116,10,88,25,161,56,26,0.08620689655172414,0.2840909090909091,0.7,0.4642857142857143,2026
657746,SL,167,74,17,93,23,98,24,8,0.22972972972972974,0.24731182795698925,0.5868263473053892,0.3333333333333333,2026
657746,ST,396,195,72,212,84,269,60,22,0.36923076923076925,0.39622641509433965,0.6792929292929293,0.36666666666666664,2026
657756,CH,100,42,6,76,29,52,18,8,0.14285714285714285,0.3815789473684211,0.52,0.4444444444444444,2026
657756,FC,48,22,5,26,5,29,7,6,0.22727272727272727,0.19230769230769232,0.6041666666666666,0.8571428571428571,2026
657756,FF,252,125,17,108,30,175,39,13,0.136,0.2777777777777778,0.6944444444444444,0.3333333333333333,2026
657756,SL,76,36,8,44,13,48,17,8,0.2222222222222222,0.29545454545454547,0.631578947368421,0.47058823529411764,2026
660271,CU,150,35,15,104,21,70,10,6,0.42857142857142855,0.20192307692307693,0.4666666666666667,0.6,2026
660271,FC,9,4,0,4,0,4,2,0,0.0,0.0,0.4444444444444444,0.0,2026
660271,FF,633,339,85,261,77,443,110,57,0.25073746312684364,0.2950191570881226,0.6998420221169036,0.5181818181818182,2026
660271,FS,122,60,19,84,31,68,25,18,0.31666666666666665,0.36904761904761907,0.5573770491803278,0.72,2026
660271,SI,83,37,10,49,12,46,14,9,0.2702702702702703,0.24489795918367346,0.5542168674698795,0.6428571428571429,2026
660271,SL,15,10,1,5,0,10,3,0,0.1,0.0,0.6666666666666666,0.0,2026
660271,ST,409,184,68,208,74,270,54,23,0.3695652173913043,0.3557692307692308,0.6601466992665037,0.42592592592592593,2026
660604,CH,183,110,36,100,37,122,34,13,0.32727272727272727,0.37,0.6666666666666666,0.38235294117647056,2026
660604,CU,59,13,1,31,4,33,6,2,0.07692307692307693,0.12903225806451613,0.559322033898305,0.3333333333333333,2026
660604,FF,168,89,7,80,30,120,30,9,0.07865168539325842,0.375,0.7142857142857143,0.3,2026
660604,SL,81,34,12,49,16,47,9,2,0.35294117647058826,0.32653061224489793,0.5802469135802469,0.2222222222222222,2026
660710,CU,1,1,0,0,0,1,1,0,0.0,,1.0,0.0,2026
660710,EP,9,7,0,5,4,8,6,3,0.0,0.8,0.8888888888888888,0.5,2026
660710,FA,35,19,2,15,2,22,11,2,0.10526315789473684,0.13333333333333333,0.6285714285714286,0.18181818181818182,2026
660761,CH,257,152,56,178,85,164,47,23,0.3684210526315789,0.47752808988764045,0.6381322957198443,0.48936170212765956,2026
660761,FC,7,3,0,4,0,3,2,2,0.0,0.0,0.42857142857142855,1.0,2026
660761,FF,388,170,33,200,43,231,57,17,0.19411764705882353,0.215,0.595360824742268,0.2982456140350877,2026
660761,SI,104,52,5,42,13,74,32,15,0.09615384615384616,0.30952380952380953,0.7115384615384616,0.46875,2026
660761,SL,280,132,35,150,45,179,43,19,0.26515151515151514,0.3,0.6392857142857142,0.4418604651162791,2026
660761,ST,32,12,4,22,6,16,5,0,0.3333333333333333,0.2727272727272727,0.5,0.0,2026
660761,UN,1,0,0,1,0,0,0,0,,0.0,0.0,,2026
660787,CH,81,38,11,54,14,41,13,7,0.2894736842105263,0.25925925925925924,0.5061728395061729,0.5384615384615384,2026
660787,FF,46,20,2,18,4,32,7,4,0.1,0.2222222222222222,0.6956521739130435,0.5714285714285714,2026
660787,SI,207,103,10,70,14,151,46,19,0.0970873786407767,0.2,0.7294685990338164,0.41304347826086957,2026
660787,SL,24,8,3,17,3,11,3,2,0.375,0.17647058823529413,0.4583333333333333,0.6666666666666666,2026
660825,FF,26,10,3,17,3,12,4,0,0.3,0.17647058823529413,0.46153846153846156,0.0,2026
660825,FS,23,10,1,17,4,10,5,3,0.1,0.23529411764705882,0.43478260869565216,0.6,2026
660825,SI,697,321,43,294,71,474,128,51,0.13395638629283488,0.24149659863945577,0.6800573888091822,0.3984375,2026
660825,ST,387,167,56,204,62,244,63,17,0.33532934131736525,0.30392156862745096,0.6304909560723514,0.2698412698412698,2026
660844,EP,31,12,0,18,2,17,12,3,0.0,0.1111111111111111,0.5483870967741935,0.25,2026
660853,CH,299,165,59,162,59,197,60,24,0.3575757575757576,0.36419753086419754,0.6588628762541806,0.4,2026
660853,FF,505,296,45,228,86,367,102,30,0.15202702702702703,0.37719298245614036,0.7267326732673267,0.29411764705882354,2026
660853,SL,349,160,54,203,53,204,51,22,0.3375,0.26108374384236455,0.5845272206303725,0.43137254901960786,2026
661395,CH,44,17,2,28,5,21,7,2,0.11764705882352941,0.17857142857142858,0.4772727272727273,0.2857142857142857,2026
661395,FF,265,139,54,124,39,180,23,7,0.38848920863309355,0.31451612903225806,0.6792452830188679,0.30434782608695654,2026
661395,FS,445,263,69,209,78,318,93,66,0.2623574144486692,0.37320574162679426,0.7146067415730337,0.7096774193548387,2026
661395,KC,93,37,16,67,20,47,8,3,0.43243243243243246,0.29850746268656714,0.5053763440860215,0.375,2026
661395,ST,100,42,25,78,30,52,7,4,0.5952380952380952,0.38461538461538464,0.52,0.5714285714285714,2026
661527,CH,2,1,0,2,1,1,1,0,0.0,0.5,0.5,0.0,2026
661527,FF,4,1,0,2,1,3,0,0,0.0,0.5,0.75,,2026
661527,SI,7,4,1,2,1,6,0,0,0.25,0.5,0.8571428571428571,,2026
661527,ST,9,5,2,4,2,7,3,1,0.4,0.5,0.7777777777777778,0.3333333333333333,2026
661563,CH,97,32,9,57,14,56,12,6,0.28125,0.24561403508771928,0.5773195876288659,0.5,2026
661563,FF,253,115,15,131,34,158,49,22,0.13043478260869565,0.2595419847328244,0.6245059288537549,0.4489795918367347,2026
661563,SI,45,11,0,27,2,21,8,5,0.0,0.07407407407407407,0.4666666666666667,0.625,2026
661563,SL,101,45,8,60,17,56,16,3,0.17777777777777778,0.2833333333333333,0.5544554455445545,0.1875,2026
662144,FC,13,11,1,5,3,11,5,1,0.09090909090909091,0.6,0.8461538461538461,0.2,2026
662144,FF,11,6,1,6,2,7,0,0,0.16666666666666666,0.3333333333333333,0.6363636363636364,,2026
662144,SI,5,2,0,1,0,4,1,0,0.0,0.0,0.8,0.0,2026
662144,ST,10,6,2,7,4,7,2,1,0.3333333333333333,0.5714285714285714,0.7,0.5,2026
662253,CH,66,30,24,61,26,31,2,2,0.8,0.4262295081967213,0.4696969696969697,1.0,2026
662253,FF,409,183,39,186,46,274,58,31,0.21311475409836064,0.24731182795698925,0.6699266503667481,0.5344827586206896,2026
662253,SI,74,26,3,35,9,46,15,10,0.11538461538461539,0.2571428571428571,0.6216216216216216,0.6666666666666666,2026
662253,SL,404,218,106,265,122,262,51,21,0.48623853211009177,0.46037735849056605,0.6485148514851485,0.4117647058823529,2026
663158,CH,158,97,32,95,42,103,36,22,0.32989690721649484,0.4421052631578947,0.6518987341772152,0.6111111111111112,2026
663158,FC,70,30,7,44,16,44,10,3,0.23333333333333334,0.36363636363636365,0.6285714285714286,0.3,2026
663158,FF,241,129,18,119,41,162,41,15,0.13953488372093023,0.3445378151260504,0.6721991701244814,0.36585365853658536,2026
663158,SI,33,18,0,15,6,25,13,7,0.0,0.4,0.7575757575757576,0.5384615384615384,2026
663362,FC,145,80,11,78,33,102,31,17,0.1375,0.4230769230769231,0.7034482758620689,0.5483870967741935,2026
663362,FF,123,65,11,66,24,80,24,6,0.16923076923076924,0.36363636363636365,0.6504065040650406,0.25,2026
663362,KN,208,100,21,105,29,132,43,18,0.21,0.2761904761904762,0.6346153846153846,0.4186046511627907,2026
663362,SI,113,57,8,44,13,83,30,17,0.14035087719298245,0.29545454545454547,0.7345132743362832,0.5666666666666667,2026
663362,ST,101,40,4,47,8,63,20,8,0.1,0.1702127659574468,0.6237623762376238,0.4,2026
663372,CH,381,213,88,214,76,238,60,29,0.4131455399061033,0.35514018691588783,0.6246719160104987,0.48333333333333334,2026
663372,CU,114,42,7,63,10,62,19,9,0.16666666666666666,0.15873015873015872,0.543859649122807,0.47368421052631576,2026
663372,FF,582,282,34,266,68,385,132,49,0.12056737588652482,0.2556390977443609,0.6615120274914089,0.3712121212121212,2026
663372,SI,288,147,19,127,35,193,64,38,0.1292517006802721,0.2755905511811024,0.6701388888888888,0.59375,2026
663372,SL,472,225,55,238,63,298,82,35,0.24444444444444444,0.2647058823529412,0.6313559322033898,0.4268292682926829,2026
663372,ST,212,97,16,107,24,128,44,12,0.16494845360824742,0.22429906542056074,0.6037735849056604,0.2727272727272727,2026
663423,CH,2,0,0,1,0,0,0,0,,0.0,0.0,,2026
663423,CU,115,41,7,68,17,65,15,7,0.17073170731707318,0.25,0.5652173913043478,0.4666666666666667,2026
663423,FC,155,88,24,82,31,104,29,14,0.2727272727272727,0.3780487804878049,0.6709677419354839,0.4827586206896552,2026
663423,FF,226,115,19,102,30,152,52,24,0.16521739130434782,0.29411764705882354,0.672566371681416,0.46153846153846156,2026
663423,SI,75,43,4,38,15,53,21,13,0.09302325581395349,0.39473684210526316,0.7066666666666667,0.6190476190476191,2026
663423,ST,135,60,14,76,21,81,27,9,0.23333333333333334,0.27631578947368424,0.6,0.3333333333333333,2026
663432,CH,1,1,1,0,0,1,0,0,1.0,,1.0,,2026
663432,CU,13,3,1,9,1,5,2,2,0.3333333333333333,0.1111111111111111,0.38461538461538464,1.0,2026
663432,FF,62,23,7,30,2,37,11,0,0.30434782608695654,0.06666666666666667,0.5967741935483871,0.0,2026
663432,SL,51,16,7,37,9,24,3,1,0.4375,0.24324324324324326,0.47058823529411764,0.3333333333333333,2026
663436,CH,344,178,23,193,69,220,82,50,0.12921348314606743,0.35751295336787564,0.6395348837209303,0.6097560975609756,2026
663436,CU,336,120,47,219,64,180,34,15,0.39166666666666666,0.2922374429223744,0.5357142857142857,0.4411764705882353,2026
663436,FC,294,146,35,115,30,206,46,16,0.23972602739726026,0.2608695652173913,0.7006802721088435,0.34782608695652173,2026
663436,FF,617,291,60,322,88,384,104,39,0.20618556701030927,0.2732919254658385,0.6223662884927067,0.375,2026
663436,SI,429,219,13,182,48,293,107,53,0.0593607305936073,0.26373626373626374,0.682983682983683,0.4953271028037383,2026
663436,SL,297,167,58,194,91,196,62,17,0.3473053892215569,0.4690721649484536,0.6599326599326599,0.27419354838709675,2026
663436,UN,1,0,0,1,0,0,0,0,,0.0,0.0,,2026
663460,CH,181,106,31,105,40,118,31,24,0.29245283018867924,0.38095238095238093,0.6519337016574586,0.7741935483870968,2026
663460,FF,365,172,37,190,49,224,53,16,0.21511627906976744,0.2578947368421053,0.6136986301369863,0.3018867924528302,2026
663460,SI,113,51,4,52,11,72,25,15,0.0784313725490196,0.21153846153846154,0.6371681415929203,0.6,2026
663460,SL,75,33,11,43,16,47,11,7,0.3333333333333333,0.37209302325581395,0.6266666666666667,0.6363636363636364,2026
663460,ST,148,62,15,70,21,100,22,7,0.24193548387096775,0.3,0.6756756756756757,0.3181818181818182,2026
663465,CH,33,23,2,15,6,25,7,3,0.08695652173913043,0.4,0.7575757575757576,0.42857142857142855,2026
663465,CU,24,7,1,15,2,11,4,2,0.14285714285714285,0.13333333333333333,0.4583333333333333,0.5,2026
663465,FC,40,20,5,15,6,31,8,3,0.25,0.4,0.775,0.375,2026
663465,FF,60,29,2,29,11,43,7,1,0.06896551724137931,0.3793103448275862,0.7166666666666667,0.14285714285714285,2026
663465,SI,20,13,2,10,4,14,6,4,0.15384615384615385,0.4,0.7,0.6666666666666666,2026
663485,CU,27,12,4,18,6,15,5,3,0.3333333333333333,0.3333333333333333,0.5555555555555556,0.6,2026
663485,FC,49,28,9,21,8,39,6,3,0.32142857142857145,0.38095238095238093,0.7959183673469388,0.5,2026
663485,FF,83,38,5,43,10,51,16,5,0.13157894736842105,0.23255813953488372,0.6144578313253012,0.3125,2026
663485,FS,34,14,4,23,5,16,5,3,0.2857142857142857,0.21739130434782608,0.47058823529411764,0.6,2026
663485,SI,16,11,1,2,0,14,7,2,0.09090909090909091,0.0,0.875,0.2857142857142857,2026
663494,EP,18,10,0,13,5,10,7,1,0.0,0.38461538461538464,0.5555555555555556,0.14285714285714285,2026
663542,FC,13,5,0,9,2,6,2,1,0.0,0.2222222222222222,0.46153846153846156,0.5,2026
663542,FF,701,359,76,241,54,511,136,55,0.2116991643454039,0.22406639004149378,0.7289586305278174,0.40441176470588236,2026
663542,SI,42,11,3,22,2,22,5,3,0.2727272727272727,0.09090909090909091,0.5238095238095238,0.6,2026
663542,ST,301,131,27,190,58,173,57,35,0.20610687022900764,0.30526315789473685,0.574750830564784,0.6140350877192983,2026
663554,FF,743,338,56,371,85,470,134,25,0.16568047337278108,0.22911051212938005,0.6325706594885598,0.1865671641791045,2026
663554,FS,508,290,84,328,136,314,107,59,0.2896551724137931,0.4146341463414634,0.6181102362204725,0.5514018691588785,2026
663554,SI,206,113,17,80,31,154,54,21,0.1504424778761062,0.3875,0.7475728155339806,0.3888888888888889,2026
663554,SL,587,244,56,260,57,387,99,26,0.22950819672131148,0.21923076923076923,0.6592844974446337,0.26262626262626265,2026
663554,SV,91,32,6,62,15,42,18,7,0.1875,0.24193548387096775,0.46153846153846156,0.3888888888888889,2026
663556,CH,516,263,94,317,124,323,93,51,0.3574144486692015,0.3911671924290221,0.625968992248062,0.5483870967741935,2026
663556,CU,273,91,20,129,30,173,38,25,0.21978021978021978,0.23255813953488372,0.6336996336996337,0.6578947368421053,2026
663556,FF,704,344,53,321,78,462,132,54,0.15406976744186046,0.24299065420560748,0.65625,0.4090909090909091,2026
663556,SL,337,190,51,167,63,232,74,28,0.26842105263157895,0.3772455089820359,0.6884272997032641,0.3783783783783784,2026
663558,CH,380,190,94,238,85,226,53,24,0.49473684210526314,0.35714285714285715,0.5947368421052631,0.4528301886792453,2026
663558,CU,2,1,0,1,0,1,1,0,0.0,0.0,0.5,0.0,2026
663558,FC,126,60,19,67,18,77,20,6,0.31666666666666665,0.26865671641791045,0.6111111111111112,0.3,2026
663558,FF,422,172,27,197,41,265,69,28,0.1569767441860465,0.20812182741116753,0.6279620853080569,0.4057971014492754,2026
663558,SI,98,41,3,41,9,67,18,9,0.07317073170731707,0.21951219512195122,0.6836734693877551,0.5,2026
663558,ST,51,27,5,31,12,31,6,1,0.18518518518518517,0.3870967741935484,0.6078431372549019,0.16666666666666666,2026
663559,CU,17,11,3,4,1,14,5,3,0.2727272727272727,0.25,0.8235294117647058,0.6,2026
663559,FF,120,51,5,52,10,78,33,10,0.09803921568627451,0.19230769230769232,0.65,0.30303030303030304,2026
663559,FS,20,9,3,11,1,10,4,1,0.3333333333333333,0.09090909090909091,0.5,0.25,2026
663559,SI,4,1,1,3,0,1,0,0,1.0,0.0,0.25,,2026
663559,SL,56,29,5,31,9,34,13,6,0.1724137931034483,0.2903225806451613,0.6071428571428571,0.46153846153846156,2026
663567,CH,626,336,106,392,148,385,115,57,0.31547619047619047,0.37755102040816324,0.6150159744408946,0.4956521739130435,2026
663567,CU,9,0,0,7,0,1,0,0,,0.0,0.1111111111111111,,2026
663567,FC,269,130,17,114,23,183,46,13,0.13076923076923078,0.20175438596491227,0.6802973977695167,0.2826086956521739,2026
663567,FF,832,438,90,386,126,578,126,32,0.2054794520547945,0.32642487046632124,0.6947115384615384,0.25396825396825395,2026
663567,SI,270,120,8,139,43,173,59,33,0.06666666666666667,0.30935251798561153,0.6407407407407407,0.559322033898305,2026
663567,SL,290,132,32,155,36,171,47,16,0.24242424242424243,0.23225806451612904,0.5896551724137931,0.3404255319148936,2026
663567,ST,206,95,26,121,42,128,33,10,0.2736842105263158,0.34710743801652894,0.6213592233009708,0.30303030303030304,2026
663567,SV,140,38,7,83,16,77,13,4,0.18421052631578946,0.1927710843373494,0.55,0.3076923076923077,2026
663567,UN,1,0,0,1,0,0,0,0,,0.0,0.0,,2026
663568,CH,100,50,8,60,20,59,25,15,0.16,0.3333333333333333,0.59,0.6,2026
663568,FC,103,53,9,41,9,71,16,10,0.16981132075471697,0.21951219512195122,0.6893203883495146,0.625,2026
663568,FF,237,113,19,109,23,151,38,13,0.168141592920354,0.21100917431192662,0.6371308016877637,0.34210526315789475,2026
663568,SI,182,89,4,83,19,121,55,29,0.0449438202247191,0.2289156626506024,0.6648351648351648,0.5272727272727272,2026
663568,SL,137,77,31,81,37,92,26,7,0.4025974025974026,0.4567901234567901,0.6715328467153284,0.2692307692307692,2026
663568,ST,78,22,2,41,3,42,16,7,0.09090909090909091,0.07317073170731707,0.5384615384615384,0.4375,2026
663574,FF,439,218,27,205,56,289,87,23,0.12385321100917432,0.2731707317073171,0.6583143507972665,0.26436781609195403,2026
663574,SL,55,22,8,36,9,28,5,4,0.36363636363636365,0.25,0.509090909090909,0.8,2026
663574,SV,204,66,20,139,31,102,33,16,0.30303030303030304,0.22302158273381295,0.5,0.48484848484848486,2026
663623,CH,151,52,15,94,14,70,18,11,0.28846153846153844,0.14893617021276595,0.46357615894039733,0.6111111111111112,2026
663623,CU,440,215,68,254,86,272,58,24,0.31627906976744186,0.33858267716535434,0.6181818181818182,0.41379310344827586,2026
663623,FC,194,90,12,102,24,119,40,11,0.13333333333333333,0.23529411764705882,0.6134020618556701,0.275,2026
663623,FF,619,301,65,274,59,405,92,27,0.2159468438538206,0.21532846715328466,0.654281098546042,0.29347826086956524,2026
663623,SI,366,162,16,133,24,256,67,33,0.09876543209876543,0.18045112781954886,0.6994535519125683,0.4925373134328358,2026
663623,ST,169,84,21,96,31,104,28,9,0.25,0.3229166666666667,0.6153846153846154,0.32142857142857145,2026
663687,CH,53,17,4,29,4,27,7,2,0.23529411764705882,0.13793103448275862,0.5094339622641509,0.2857142857142857,2026
663687,CU,355,149,46,213,64,207,49,30,0.3087248322147651,0.3004694835680751,0.5830985915492958,0.6122448979591837,2026
663687,FC,16,5,0,12,1,6,2,1,0.0,0.08333333333333333,0.375,0.5,2026
663687,FF,822,375,72,359,82,546,107,49,0.192,0.22841225626740946,0.6642335766423357,0.45794392523364486,2026
663687,SL,83,27,8,55,8,35,9,3,0.2962962962962963,0.14545454545454545,0.42168674698795183,0.3333333333333333,2026
663687,SV,4,3,0,2,1,3,1,0,0.0,0.5,0.75,0.0,2026
663738,CH,316,169,38,165,65,217,75,36,0.22485207100591717,0.3939393939393939,0.6867088607594937,0.48,2026
663738,FF,190,75,10,113,19,98,30,7,0.13333333333333333,0.168141592920354,0.5157894736842106,0.23333333333333334,2026
663738,KC,118,43,9,58,14,73,23,9,0.20930232558139536,0.2413793103448276,0.6186440677966102,0.391304347826087,2026
663738,SI,424,185,23,208,58,283,88,51,0.12432432432432433,0.27884615384615385,0.6674528301886793,0.5795454545454546,2026
663738,SL,252,138,47,145,52,157,54,26,0.34057971014492755,0.3586206896551724,0.623015873015873,0.48148148148148145,2026
663765,CU,4,2,1,3,1,2,1,1,0.5,0.3333333333333333,0.5,1.0,2026
663765,FC,168,84,16,81,22,110,38,11,0.19047619047619047,0.2716049382716049,0.6547619047619048,0.2894736842105263,2026
663765,FF,15,5,1,9,2,8,1,1,0.2,0.2222222222222222,0.5333333333333333,1.0,2026
663765,FS,74,30,4,51,10,34,12,8,0.13333333333333333,0.19607843137254902,0.4594594594594595,0.6666666666666666,2026
663765,SI,145,67,8,48,11,109,34,14,0.11940298507462686,0.22916666666666666,0.7517241379310344,0.4117647058823529,2026
663765,SL,7,2,0,5,1,3,1,0,0.0,0.2,0.42857142857142855,0.0,2026
663765,ST,72,33,9,49,19,44,14,5,0.2727272727272727,0.3877551020408163,0.6111111111111112,0.35714285714285715,2026
663767,CH,83,37,9,50,16,49,20,6,0.24324324324324326,0.32,0.5903614457831325,0.3,2026
663767,FC,278,112,18,138,30,167,46,17,0.16071428571428573,0.21739130434782608,0.6007194244604317,0.3695652173913043,2026
663767,FF,80,30,7,44,9,44,11,4,0.23333333333333334,0.20454545454545456,0.55,0.36363636363636365,2026
663767,SI,251,88,18,101,24,176,29,14,0.20454545454545456,0.2376237623762376,0.701195219123506,0.4827586206896552,2026
663767,ST,175,83,22,111,35,100,34,9,0.26506024096385544,0.3153153153153153,0.5714285714285714,0.2647058823529412,2026
663776,CH,342,174,66,199,68,211,56,27,0.3793103448275862,0.3417085427135678,0.6169590643274854,0.48214285714285715,2026
663776,CU,48,9,2,32,4,19,2,0,0.2222222222222222,0.125,0.3958333333333333,0.0,2026
663776,FF,309,165,18,110,31,228,62,19,0.10909090909090909,0.2818181818181818,0.7378640776699029,0.3064516129032258,2026
663776,SI,207,91,10,87,15,134,38,17,0.10989010989010989,0.1724137931034483,0.6473429951690821,0.4473684210526316,2026
663776,SL,250,107,25,140,35,145,40,11,0.2336448598130841,0.25,0.58,0.275,2026
663776,ST,63,36,6,42,20,41,16,9,0.16666666666666666,0.47619047619047616,0.6507936507936508,0.5625,2026
663795,CH,30,19,5,20,10,20,5,2,0.2631578947368421,0.5,0.6666666666666666,0.4,2026
663795,FC,36,22,1,17,8,29,12,3,0.045454545454545456,0.47058823529411764,0.8055555555555556,0.25,2026
663795,FF,55,17,1,28,3,28,8,1,0.058823529411764705,0.10714285714285714,0.509090909090909,0.125,2026
663795,SL,11,7,0,10,6,7,2,2,0.0,0.6,0.6363636363636364,1.0,2026
663855,FF,184,94,22,103,37,116,18,6,0.23404255319148937,0.3592233009708738,0.6304347826086957,0.3333333333333333,2026
663855,FS,31,13,7,25,9,15,5,3,0.5384615384615384,0.36,0.4838709677419355,0.6,2026
663855,SI,404,185,21,166,47,282,75,38,0.11351351351351352,0.28313253012048195,0.698019801980198,0.5066666666666667,2026
663855,ST,269,101,52,182,50,136,20,8,0.5148514851485149,0.27472527472527475,0.5055762081784386,0.4,2026
663878,CH,17,6,2,11,2,8,2,1,0.3333333333333333,0.18181818181818182,0.47058823529411764,0.5,2026
663878,CU,92,25,12,62,13,41,5,2,0.48,0.20967741935483872,0.44565217391304346,0.4,2026
663878,FF,345,165,27,180,44,210,63,27,0.16363636363636364,0.24444444444444444,0.6086956521739131,0.42857142857142855,2026
663878,SI,101,45,5,52,17,63,17,10,0.1111111111111111,0.3269230769230769,0.6237623762376238,0.5882352941176471,2026
663878,SL,217,103,25,116,39,139,40,18,0.24271844660194175,0.33620689655172414,0.6405529953917051,0.45,2026
663884,CH,2,0,0,2,0,0,0,0,,0.0,0.0,,2026
663884,FF,13,3,0,7,0,6,1,0,0.0,0.0,0.46153846153846156,0.0,2026
663884,SI,3,3,1,3,3,3,1,1,0.3333333333333333,1.0,1.0,1.0,2026
663884,SL,4,2,1,3,1,2,1,0,0.5,0.3333333333333333,0.5,0.0,2026
663893,FC,2,1,0,1,0,1,0,0,0.0,0.0,0.5,,2026
663893,FF,93,38,14,52,14,57,5,1,0.3684210526315789,0.2692307692307692,0.6129032258064516,0.2,2026
663893,KC,156,70,32,125,48,81,17,13,0.45714285714285713,0.384,0.5192307692307693,0.7647058823529411,2026
663893,SI,149,59,13,73,14,92,25,16,0.22033898305084745,0.1917808219178082,0.6174496644295302,0.64,2026
663893,SL,152,65,30,98,32,89,16,8,0.46153846153846156,0.32653061224489793,0.5855263157894737,0.5,2026
663903,FC,192,90,13,121,31,108,35,11,0.14444444444444443,0.256198347107438,0.5625,0.3142857142857143,2026
663903,FF,54,23,3,36,7,25,8,3,0.13043478260869565,0.19444444444444445,0.46296296296296297,0.375,2026
663903,SI,1416,575,84,638,116,900,270,110,0.14608695652173914,0.18181818181818182,0.635593220338983,0.4074074074074074,2026
663903,SL,771,352,102,484,167,466,140,63,0.2897727272727273,0.3450413223140496,0.6044098573281452,0.45,2026
663903,ST,368,193,75,237,89,224,69,32,0.38860103626943004,0.3755274261603376,0.6086956521739131,0.463768115942029,2026
663941,CH,9,2,1,8,2,3,1,1,0.5,0.25,0.3333333333333333,1.0,2026
663941,CU,15,9,0,6,0,9,5,4,0.0,0.0,0.6,0.8,2026
663941,FF,129,58,5,59,14,84,23,11,0.08620689655172414,0.23728813559322035,0.6511627906976745,0.4782608695652174,2026
663941,SL,40,23,5,15,3,30,10,5,0.21739130434782608,0.2,0.75,0.5,2026
663941,ST,120,62,14,70,25,77,29,14,0.22580645161290322,0.35714285714285715,0.6416666666666667,0.4827586206896552,2026
663947,CH,186,96,28,124,46,106,38,22,0.2916666666666667,0.3709677419354839,0.5698924731182796,0.5789473684210527,2026
663947,CU,37,11,3,30,5,12,3,2,0.2727272727272727,0.16666666666666666,0.32432432432432434,0.6666666666666666,2026
663947,FC,359,187,34,150,44,260,82,43,0.18181818181818182,0.29333333333333333,0.724233983286908,0.524390243902439,2026
663947,FF,143,59,7,75,16,88,20,3,0.11864406779661017,0.21333333333333335,0.6153846153846154,0.15,2026
663947,SI,230,105,10,83,17,162,53,32,0.09523809523809523,0.20481927710843373,0.7043478260869566,0.6037735849056604,2026
663947,ST,175,72,30,115,35,95,25,13,0.4166666666666667,0.30434782608695654,0.5428571428571428,0.52,2026
663967,EP,10,5,0,7,3,6,4,1,0.0,0.42857142857142855,0.6,0.25,2026
663969,CU,355,173,68,227,89,218,53,28,0.3930635838150289,0.3920704845814978,0.6140845070422535,0.5283018867924528,2026
663969,FF,171,81,9,71,10,109,37,11,0.1111111111111111,0.14084507042253522,0.6374269005847953,0.2972972972972973,2026
663969,FS,475,250,84,297,124,299,77,42,0.336,0.4175084175084175,0.6294736842105263,0.5454545454545454,2026
663969,SI,521,228,10,250,53,331,129,74,0.043859649122807015,0.212,0.6353166986564299,0.5736434108527132,2026
663969,SL,32,10,1,18,3,18,6,3,0.1,0.16666666666666666,0.5625,0.5,2026
663969,ST,483,190,60,230,76,327,75,22,0.3157894736842105,0.33043478260869563,0.6770186335403726,0.29333333333333333,2026
663978,CH,276,149,40,177,69,168,72,35,0.2684563758389262,0.3898305084745763,0.6086956521739131,0.4861111111111111,2026
663978,CU,115,42,9,68,14,66,19,11,0.21428571428571427,0.20588235294117646,0.5739130434782609,0.5789473684210527,2026
663978,FC,133,64,14,63,15,85,23,9,0.21875,0.23809523809523808,0.6390977443609023,0.391304347826087,2026
663978,FF,350,177,22,160,52,241,59,16,0.12429378531073447,0.325,0.6885714285714286,0.2711864406779661,2026
663978,SI,62,40,3,25,11,47,18,4,0.075,0.44,0.7580645161290323,0.2222222222222222,2026
663978,SL,1,0,0,1,0,0,0,0,,0.0,0.0,,2026
663978,ST,78,36,7,53,20,46,15,6,0.19444444444444445,0.37735849056603776,0.5897435897435898,0.4,2026
663992,FF,140,64,9,75,16,84,16,4,0.140625,0.21333333333333335,0.6,0.25,2026
663992,SI,189,81,13,98,34,124,33,19,0.16049382716049382,0.3469387755102041,0.656084656084656,0.5757575757575758,2026
663992,SL,32,15,3,10,2,24,6,3,0.2,0.2,0.75,0.5,2026
663992,ST,279,130,31,158,48,173,58,26,0.23846153846153847,0.3037974683544304,0.6200716845878136,0.4482758620689655,2026
664059,EP,6,3,1,5,2,5,2,2,0.3333333333333333,0.4,0.8333333333333334,1.0,2026
664062,CU,2,1,0,1,0,1,1,0,0.0,0.0,0.5,0.0,2026
664062,FF,37,11,0,23,2,19,5,3,0.0,0.08695652173913043,0.5135135135135135,0.6,2026
664062,FS,16,6,3,9,4,11,0,0,0.5,0.4444444444444444,0.6875,,2026
664062,SL,8,4,3,7,3,4,1,1,0.75,0.42857142857142855,0.5,1.0,2026
664074,CH,12,9,4,7,4,9,1,0,0.4444444444444444,0.5714285714285714,0.75,0.0,2026
664074,CU,6,3,1,5,2,4,2,2,0.3333333333333333,0.4,0.6666666666666666,1.0,2026
664074,FF,12,7,2,8,3,7,2,0,0.2857142857142857,0.375,0.5833333333333334,0.0,2026
664074,SL,17,10,8,16,9,10,1,1,0.8,0.5625,0.5882352941176471,1.0,2026
664076,FF,115,56,11,74,22,64,16,4,0.19642857142857142,0.2972972972972973,0.5565217391304348,0.25,2026
664076,SI,213,78,13,103,15,128,30,16,0.16666666666666666,0.14563106796116504,0.6009389671361502,0.5333333333333333,2026
664076,SL,329,170,53,185,76,222,39,15,0.31176470588235294,0.41081081081081083,0.6747720364741642,0.38461538461538464,2026
664076,ST,95,52,15,62,28,61,19,6,0.28846153846153844,0.45161290322580644,0.6421052631578947,0.3157894736842105,2026
664126,CH,14,5,0,11,2,5,4,2,0.0,0.18181818181818182,0.35714285714285715,0.5,2026
664126,FC,177,86,28,92,28,120,26,7,0.32558139534883723,0.30434782608695654,0.6779661016949152,0.2692307692307692,2026
664126,FF,373,175,41,200,65,242,46,8,0.2342857142857143,0.325,0.6487935656836461,0.17391304347826086,2026
664126,SL,202,79,31,105,32,132,26,8,0.3924050632911392,0.3047619047619048,0.6534653465346535,0.3076923076923077,2026
664129,FC,71,35,4,35,8,44,17,8,0.11428571428571428,0.22857142857142856,0.6197183098591549,0.47058823529411764,2026
664129,FF,142,64,9,76,19,83,26,6,0.140625,0.25,0.5845070422535211,0.23076923076923078,2026
664129,SI,70,38,11,35,16,47,21,14,0.2894736842105263,0.45714285714285713,0.6714285714285714,0.6666666666666666,2026
664129,SL,152,77,33,94,39,97,23,8,0.42857142857142855,0.4148936170212766,0.6381578947368421,0.34782608695652173,2026
664141,CH,138,64,11,94,33,76,27,16,0.171875,0.35106382978723405,0.5507246376811594,0.5925925925925926,2026
664141,CU,87,34,7,49,14,51,14,6,0.20588235294117646,0.2857142857142857,0.5862068965517241,0.42857142857142855,2026
664141,FF,60,36,2,35,14,39,14,4,0.05555555555555555,0.4,0.65,0.2857142857142857,2026
664141,SI,451,183,14,215,46,292,82,33,0.07650273224043716,0.21395348837209302,0.647450110864745,0.4024390243902439,2026
664141,SL,264,133,47,159,61,167,46,17,0.3533834586466165,0.3836477987421384,0.6325757575757576,0.3695652173913043,2026
664192,CU,30,9,3,26,7,13,3,3,0.3333333333333333,0.2692307692307692,0.43333333333333335,1.0,2026
664192,FF,16,6,1,11,1,6,4,3,0.16666666666666666,0.09090909090909091,0.375,0.75,2026
664192,FS,8,2,1,5,0,3,0,0,0.5,0.0,0.375,,2026
664192,SI,57,24,0,32,13,39,6,3,0.0,0.40625,0.6842105263157895,0.5,2026
664199,CH,296,151,34,180,63,178,66,37,0.2251655629139073,0.35,0.6013513513513513,0.5606060606060606,2026
664199,FC,200,94,7,123,32,117,45,19,0.07446808510638298,0.2601626016260163,0.585,0.4222222222222222,2026
664199,FF,14,6,0,8,2,8,1,1,0.0,0.25,0.5714285714285714,1.0,2026
664199,PO,1,0,0,1,0,0,0,0,,0.0,0.0,,2026
664199,SI,242,127,15,107,38,176,61,33,0.11811023622047244,0.35514018691588783,0.7272727272727273,0.5409836065573771,2026
664199,SL,317,154,55,173,50,194,52,13,0.35714285714285715,0.28901734104046245,0.61198738170347,0.25,2026
664208,CU,158,81,24,94,33,97,26,17,0.2962962962962963,0.35106382978723405,0.6139240506329114,0.6538461538461539,2026
664208,FC,201,99,19,90,23,134,32,8,0.1919191919191919,0.25555555555555554,0.6666666666666666,0.25,2026
664208,SI,104,43,6,41,14,76,17,7,0.13953488372093023,0.34146341463414637,0.7307692307692307,0.4117647058823529,2026
664208,ST,83,34,8,38,7,52,9,3,0.23529411764705882,0.18421052631578946,0.6265060240963856,0.3333333333333333,2026
664238,EP,15,8,1,10,4,9,5,3,0.125,0.4,0.6,0.6,2026
664238,FA,2,0,0,2,0,0,0,0,,0.0,0.0,,2026
664238,SL,3,0,0,2,0,1,0,0,,0.0,0.3333333333333333,,2026
664285,CH,496,275,56,280,109,327,119,65,0.20363636363636364,0.3892857142857143,0.6592741935483871,0.5462184873949579,2026
664285,CU,826,349,104,529,177,475,101,55,0.2979942693409742,0.33459357277882795,0.5750605326876513,0.5445544554455446,2026
664285,FC,1,0,0,1,0,0,0,0,,0.0,0.0,,2026
664285,FF,104,56,9,67,24,60,19,8,0.16071428571428573,0.3582089552238806,0.5769230769230769,0.42105263157894735,2026
664285,SI,1215,553,48,498,110,841,283,164,0.0867992766726944,0.22088353413654618,0.6921810699588478,0.5795053003533569,2026
664285,SL,126,61,26,81,29,74,20,13,0.4262295081967213,0.35802469135802467,0.5873015873015873,0.65,2026
664299,CH,178,97,27,110,47,114,41,16,0.27835051546391754,0.42727272727272725,0.6404494382022472,0.3902439024390244,2026
664299,FC,86,56,11,31,12,67,19,5,0.19642857142857142,0.3870967741935484,0.7790697674418605,0.2631578947368421,2026
664299,FF,514,270,65,267,86,329,76,15,0.24074074074074073,0.32209737827715357,0.6400778210116731,0.19736842105263158,2026
664299,KC,16,5,1,13,3,6,1,0,0.2,0.23076923076923078,0.375,0.0,2026
664299,PO,1,0,0,1,0,0,0,0,,0.0,0.0,,2026
664299,SI,12,6,1,6,1,7,4,1,0.16666666666666666,0.16666666666666666,0.5833333333333334,0.25,2026
664299,SL,5,3,0,2,1,4,2,1,0.0,0.5,0.8,0.5,2026
664299,ST,297,132,47,168,53,182,44,8,0.3560606060606061,0.31547619047619047,0.6127946127946128,0.18181818181818182,2026
664353,CH,170,105,30,88,40,121,37,13,0.2857142857142857,0.45454545454545453,0.711764705882353,0.35135135135135137,2026
664353,CU,95,33,7,50,11,60,13,3,0.21212121212121213,0.22,0.631578947368421,0.23076923076923078,2026
664353,FF,129,71,12,54,15,90,31,9,0.16901408450704225,0.2777777777777778,0.6976744186046512,0.2903225806451613,2026
664353,FS,8,5,0,5,2,5,3,1,0.0,0.4,0.625,0.3333333333333333,2026
664353,SI,127,60,2,46,10,93,29,15,0.03333333333333333,0.21739130434782608,0.7322834645669292,0.5172413793103449,2026
664353,ST,78,39,10,41,14,51,12,8,0.2564102564102564,0.34146341463414637,0.6538461538461539,0.6666666666666666,2026
664702,CU,3,0,0,3,0,0,0,0,,0.0,0.0,,2026
664702,EP,38,19,2,32,15,25,13,7,0.10526315789473684,0.46875,0.6578947368421053,0.5384615384615384,2026
664702,FA,5,1,0,5,1,1,1,1,0.0,0.2,0.2,1.0,2026
664702,KN,2,0,0,2,0,0,0,0,,0.0,0.0,,2026
664702,SL,6,5,0,4,3,5,5,2,0.0,0.75,0.8333333333333334,0.4,2026
664731,CH,9,4,2,5,2,6,1,0,0.5,0.4,0.6666666666666666,0.0,2026
664731,SL,1,1,0,0,0,1,1,0,0.0,,1.0,0.0,2026
664744,FF,6,5,1,3,2,5,2,1,0.2,0.6666666666666666,0.8333333333333334,0.5,2026
664744,FS,1,0,0,1,0,0,0,0,,0.0,0.0,,2026
664744,SL,8,2,0,6,2,5,2,1,0.0,0.3333333333333333,0.625,0.5,2026
664774,EP,10,7,0,5,2,8,6,2,0.0,0.4,0.8,0.3333333333333333,2026
664774,FA,1,0,0,1,0,0,0,0,,0.0,0.0,,2026
664849,CH,3,0,0,3,0,0,0,0,,0.0,0.0,,2026
664849,FC,2,0,0,2,0,0,0,0,,0.0,0.0,,2026
664849,SI,129,50,5,58,9,80,26,14,0.1,0.15517241379310345,0.6201550387596899,0.5384615384615384,2026
664849,ST,131,39,16,90,22,64,8,2,0.41025641025641024,0.24444444444444444,0.48854961832061067,0.25,2026
664854,CU,11,2,1,7,2,6,1,1,0.5,0.2857142857142857,0.5454545454545454,1.0,2026
664854,FF,123,54,16,60,12,75,18,7,0.2962962962962963,0.2,0.6097560975609756,0.3888888888888889,2026
664854,FS,33,22,11,18,8,23,6,6,0.5,0.4444444444444444,0.696969696969697,1.0,2026
664854,SL,106,46,17,66,23,63,13,9,0.3695652173913043,0.3484848484848485,0.5943396226415094,0.6923076923076923,2026
664875,FF,93,50,11,50,16,59,12,2,0.22,0.32,0.6344086021505376,0.16666666666666666,2026
664875,SI,292,127,16,137,30,187,63,33,0.12598425196850394,0.21897810218978103,0.6404109589041096,0.5238095238095238,2026
664875,ST,299,101,42,196,46,155,25,8,0.4158415841584158,0.23469387755102042,0.5183946488294314,0.32,2026
664954,EP,59,27,0,31,9,39,18,6,0.0,0.2903225806451613,0.6610169491525424,0.3333333333333333,2026
664954,FA,35,18,0,19,8,25,13,6,0.0,0.42105263157894735,0.7142857142857143,0.46153846153846156,2026
664991,CU,141,74,23,87,37,96,18,13,0.3108108108108108,0.42528735632183906,0.6808510638297872,0.7222222222222222,2026
664991,FC,9,6,1,5,3,7,3,2,0.16666666666666666,0.6,0.7777777777777778,0.6666666666666666,2026
664991,FF,213,103,27,112,31,133,30,11,0.2621359223300971,0.2767857142857143,0.6244131455399061,0.36666666666666664,2026
664991,SI,350,181,24,137,51,263,68,30,0.13259668508287292,0.3722627737226277,0.7514285714285714,0.4411764705882353,2026
664991,SL,107,51,19,61,14,59,17,6,0.37254901960784315,0.22950819672131148,0.5514018691588785,0.35294117647058826,2026
664991,ST,81,25,9,64,14,30,9,5,0.36,0.21875,0.37037037037037035,0.5555555555555556,2026
665152,CU,183,66,17,104,24,107,30,8,0.25757575757575757,0.23076923076923078,0.5846994535519126,0.26666666666666666,2026
665152,FC,263,134,41,169,64,162,46,21,0.30597014925373134,0.378698224852071,0.6159695817490495,0.45652173913043476,2026
665152,FF,439,202,32,206,62,301,76,16,0.15841584158415842,0.30097087378640774,0.6856492027334852,0.21052631578947367,2026
665152,FS,370,196,74,223,76,223,65,31,0.37755102040816324,0.34080717488789236,0.6027027027027027,0.47692307692307695,2026
665152,SI,193,72,8,85,10,121,31,13,0.1111111111111111,0.11764705882352941,0.6269430051813472,0.41935483870967744,2026
665152,SL,17,6,2,13,2,6,0,0,0.3333333333333333,0.15384615384615385,0.35294117647058826,,2026
665152,UN,1,0,0,1,0,0,0,0,,0.0,0.0,,2026
665622,CH,189,92,54,131,41,99,17,7,0.5869565217391305,0.31297709923664124,0.5238095238095238,0.4117647058823529,2026
665622,CU,167,58,29,103,27,95,16,6,0.5,0.2621359223300971,0.5688622754491018,0.375,2026
665622,FF,368,170,32,182,47,238,56,15,0.18823529411764706,0.25824175824175827,0.6467391304347826,0.26785714285714285,2026
665622,SI,333,142,11,141,27,218,67,35,0.07746478873239436,0.19148936170212766,0.6546546546546547,0.5223880597014925,2026
665622,SL,213,90,42,133,40,124,25,8,0.4666666666666667,0.3007518796992481,0.5821596244131455,0.32,2026
665645,CU,11,3,1,7,1,5,1,0,0.3333333333333333,0.14285714285714285,0.45454545454545453,0.0,2026
665645,FC,18,12,2,7,2,13,5,3,0.16666666666666666,0.2857142857142857,0.7222222222222222,0.6,2026
665645,FF,49,23,4,29,10,32,4,2,0.17391304347826086,0.3448275862068966,0.6530612244897959,0.5,2026
665645,SI,16,10,4,8,4,12,3,3,0.4,0.5,0.75,1.0,2026
665660,FF,562,304,85,262,72,377,68,19,0.27960526315789475,0.2748091603053435,0.6708185053380783,0.27941176470588236,2026
665660,FS,62,25,8,46,12,27,10,5,0.32,0.2608695652173913,0.43548387096774194,0.5,2026
665660,SI,140,64,8,70,17,86,30,15,0.125,0.24285714285714285,0.6142857142857143,0.5,2026
665660,SL,187,91,35,107,36,116,29,11,0.38461538461538464,0.3364485981308411,0.6203208556149733,0.3793103448275862,2026
665665,CH,96,52,10,65,29,61,24,17,0.19230769230769232,0.4461538461538462,0.6354166666666666,0.7083333333333334,2026
665665,FF,28,7,1,18,2,12,3,1,0.14285714285714285,0.1111111111111111,0.42857142857142855,0.3333333333333333,2026
665665,SI,128,58,10,49,15,95,28,17,0.1724137931034483,0.30612244897959184,0.7421875,0.6071428571428571,2026
665665,SL,93,35,11,58,15,48,15,9,0.3142857142857143,0.25862068965517243,0.5161290322580645,0.6,2026
665795,CH,438,255,73,280,126,282,87,51,0.28627450980392155,0.45,0.6438356164383562,0.5862068965517241,2026
665795,CU,276,97,31,149,35,162,31,10,0.31958762886597936,0.2348993288590604,0.5869565217391305,0.3225806451612903,2026
665795,FF,244,94,14,139,27,127,38,9,0.14893617021276595,0.19424460431654678,0.5204918032786885,0.23684210526315788,2026
665795,SI,311,157,10,142,37,210,79,34,0.06369426751592357,0.2605633802816901,0.6752411575562701,0.43037974683544306,2026
665795,SL,167,80,33,104,31,94,22,10,0.4125,0.2980769230769231,0.562874251497006,0.45454545454545453,2026
665871,CH,118,52,16,88,29,58,25,17,0.3076923076923077,0.32954545454545453,0.4915254237288136,0.68,2026
665871,CU,108,30,5,65,12,54,7,5,0.16666666666666666,0.18461538461538463,0.5,0.7142857142857143,2026
665871,FC,186,78,10,95,18,110,27,14,0.1282051282051282,0.18947368421052632,0.5913978494623656,0.5185185185185185,2026
665871,FF,285,149,23,115,35,204,54,16,0.15436241610738255,0.30434782608695654,0.7157894736842105,0.2962962962962963,2026
665871,SI,636,295,21,248,45,439,144,74,0.0711864406779661,0.1814516129032258,0.690251572327044,0.5138888888888888,2026
665871,SL,56,24,5,34,10,33,15,4,0.20833333333333334,0.29411764705882354,0.5892857142857143,0.26666666666666666,2026
665871,ST,117,43,15,93,22,46,13,6,0.3488372093023256,0.23655913978494625,0.39316239316239315,0.46153846153846156,2026
666126,EP,8,4,0,5,1,4,1,0,0.0,0.2,0.5,0.0,2026
666126,FA,151,64,3,90,20,86,39,14,0.046875,0.2222222222222222,0.5695364238410596,0.358974358974359,2026
666129,CH,32,11,2,25,6,13,7,3,0.18181818181818182,0.24,0.40625,0.42857142857142855,2026
666129,FF,37,16,2,20,3,19,3,1,0.125,0.15,0.5135135135135135,0.3333333333333333,2026
666129,SI,53,22,3,27,4,32,9,4,0.13636363636363635,0.14814814814814814,0.6037735849056604,0.4444444444444444,2026
666129,SL,44,15,5,29,5,20,5,3,0.3333333333333333,0.1724137931034483,0.45454545454545453,0.6,2026
666129,ST,33,13,3,17,5,20,6,4,0.23076923076923078,0.29411764705882354,0.6060606060606061,0.6666666666666666,2026
666142,CH,105,52,21,60,19,63,16,5,0.40384615384615385,0.31666666666666665,0.6,0.3125,2026
666142,FC,36,18,4,13,5,27,5,4,0.2222222222222222,0.38461538461538464,0.75,0.8,2026
666142,FF,358,165,41,183,47,224,45,12,0.24848484848484848,0.2568306010928962,0.6256983240223464,0.26666666666666666,2026
666142,KC,54,16,2,31,4,27,5,1,0.125,0.12903225806451613,0.5,0.2,2026
666142,SL,85,39,14,67,24,45,12,7,0.358974358974359,0.3582089552238806,0.5294117647058824,0.5833333333333334,2026
666142,UN,1,0,0,1,0,0,0,0,,0.0,0.0,,2026
666157,CH,429,220,47,269,101,267,100,54,0.21363636363636362,0.3754646840148699,0.6223776223776224,0.54,2026
666157,CU,463,187,75,317,96,241,45,15,0.40106951871657753,0.3028391167192429,0.5205183585313174,0.3333333333333333,2026
666157,FF,521,227,36,277,64,306,78,22,0.15859030837004406,0.23104693140794225,0.5873320537428023,0.28205128205128205,2026
666157,SI,486,223,15,161,32,354,117,51,0.06726457399103139,0.19875776397515527,0.7283950617283951,0.4358974358974359,2026
666171,CU,28,11,5,23,8,13,4,3,0.45454545454545453,0.34782608695652173,0.4642857142857143,0.75,2026
666171,FF,414,152,49,251,53,221,32,14,0.3223684210526316,0.21115537848605578,0.533816425120773,0.4375,2026
666171,SI,200,79,9,104,23,117,34,25,0.11392405063291139,0.22115384615384615,0.585,0.7352941176470589,2026
666171,SL,125,59,12,59,15,81,24,16,0.2033898305084746,0.2542372881355932,0.648,0.6666666666666666,2026
666171,ST,502,236,82,266,90,330,66,14,0.3474576271186441,0.3383458646616541,0.6573705179282868,0.21212121212121213,2026
666171,UN,1,0,0,1,0,0,0,0,,0.0,0.0,,2026
666200,CH,522,275,100,276,93,344,98,53,0.36363636363636365,0.33695652173913043,0.6590038314176245,0.5408163265306123,2026
666200,FF,749,370,59,368,118,500,125,36,0.15945945945945947,0.32065217391304346,0.6675567423230975,0.288,2026
666200,SI,500,209,22,199,45,348,121,87,0.10526315789473684,0.22613065326633167,0.696,0.71900826446281,2026
666200,ST,1093,473,214,687,259,658,102,48,0.452431289640592,0.37700145560407566,0.6020128087831657,0.47058823529411764,2026
666201,CH,63,25,3,37,9,34,10,5,0.12,0.24324324324324326,0.5396825396825397,0.5,2026
666201,FF,19,9,1,9,2,12,6,1,0.1111111111111111,0.2222222222222222,0.631578947368421,0.16666666666666666,2026
666201,SI,56,22,4,28,5,32,8,3,0.18181818181818182,0.17857142857142858,0.5714285714285714,0.375,2026
666201,SL,23,5,2,16,2,9,2,0,0.4,0.125,0.391304347826087,0.0,2026
666277,CH,359,190,64,219,91,237,54,33,0.3368421052631579,0.4155251141552511,0.6601671309192201,0.6111111111111112,2026
666277,FF,341,156,23,171,40,207,64,25,0.14743589743589744,0.23391812865497075,0.6070381231671554,0.390625,2026
666277,PO,1,0,0,1,0,0,0,0,,0.0,0.0,,2026
666277,SI,79,37,2,32,10,60,21,7,0.05405405405405406,0.3125,0.759493670886076,0.3333333333333333,2026
666277,SL,264,124,45,137,48,178,34,12,0.3629032258064516,0.35036496350364965,0.6742424242424242,0.35294117647058826,2026
666277,ST,106,45,18,71,22,58,12,6,0.4,0.30985915492957744,0.5471698113207547,0.5,2026
666374,CH,35,18,5,20,7,22,9,3,0.2777777777777778,0.35,0.6285714285714286,0.3333333333333333,2026
666374,FF,16,3,0,10,1,6,1,1,0.0,0.1,0.375,1.0,2026
666374,SI,55,21,4,22,3,36,10,2,0.19047619047619047,0.13636363636363635,0.6545454545454545,0.2,2026
666374,SL,156,63,23,97,31,91,20,11,0.36507936507936506,0.31958762886597936,0.5833333333333334,0.55,2026
666619,CH,2,2,0,0,0,2,2,1,0.0,,1.0,0.5,2026
666619,FF,11,3,0,5,0,6,1,1,0.0,0.0,0.5454545454545454,1.0,2026
666619,SI,29,16,0,13,2,18,9,4,0.0,0.15384615384615385,0.6206896551724138,0.4444444444444444,2026
666619,SL,44,16,1,17,3,28,6,3,0.0625,0.17647058823529413,0.6363636363636364,0.5,2026
666661,CH,220,115,38,152,59,126,42,20,0.33043478260869563,0.3881578947368421,0.5727272727272728,0.47619047619047616,2026
666661,FF,503,254,67,244,78,335,67,31,0.2637795275590551,0.319672131147541,0.6660039761431411,0.4626865671641791,2026
666661,SI,204,105,16,90,42,153,38,27,0.1523809523809524,0.4666666666666667,0.75,0.7105263157894737,2026
666661,SL,127,45,18,80,23,68,18,7,0.4,0.2875,0.5354330708661418,0.3888888888888889,2026
666711,FF,73,43,10,29,11,54,11,3,0.23255813953488372,0.3793103448275862,0.7397260273972602,0.2727272727272727,2026
666711,SI,57,31,3,28,8,38,17,14,0.0967741935483871,0.2857142857142857,0.6666666666666666,0.8235294117647058,2026
666711,SL,39,20,4,25,10,23,9,4,0.2,0.4,0.5897435897435898,0.4444444444444444,2026
666745,CH,39,32,12,19,13,33,12,5,0.375,0.6842105263157895,0.8461538461538461,0.4166666666666667,2026
666745,FF,10,5,0,4,0,6,3,0,0.0,0.0,0.6,0.0,2026
666745,SI,34,22,2,12,4,26,12,7,0.09090909090909091,0.3333333333333333,0.7647058823529411,0.5833333333333334,2026
666745,SL,19,7,3,12,4,13,1,0,0.42857142857142855,0.3333333333333333,0.6842105263157895,0.0,2026
666745,ST,21,6,3,17,5,9,0,0,0.5,0.29411764705882354,0.42857142857142855,,2026
666808,CH,26,8,5,21,5,10,2,1,0.625,0.23809523809523808,0.38461538461538464,0.5,2026
666808,FC,276,110,16,130,25,168,47,18,0.14545454545454545,0.19230769230769232,0.6086956521739131,0.3829787234042553,2026
666808,SI,412,201,25,213,53,250,84,48,0.12437810945273632,0.24882629107981222,0.6067961165048543,0.5714285714285714,2026
666808,SL,324,159,75,201,81,207,38,22,0.4716981132075472,0.40298507462686567,0.6388888888888888,0.5789473684210527,2026
666974,FF,37,9,3,26,3,13,5,0,0.3333333333333333,0.11538461538461539,0.35135135135135137,0.0,2026
666974,FS,220,120,37,154,73,141,37,20,0.30833333333333335,0.474025974025974,0.6409090909090909,0.5405405405405406,2026
666974,SI,436,194,37,191,46,292,87,63,0.19072164948453607,0.24083769633507854,0.6697247706422018,0.7241379310344828,2026
666974,SL,6,2,0,4,0,2,0,0,0.0,0.0,0.3333333333333333,,2026
666974,ST,95,29,7,52,7,51,14,6,0.2413793103448276,0.1346153846153846,0.5368421052631579,0.42857142857142855,2026
667297,CU,283,127,29,173,63,172,34,15,0.2283464566929134,0.36416184971098264,0.607773851590106,0.4411764705882353,2026
667297,FF,3,3,0,2,2,3,0,0,0.0,1.0,1.0,,2026
667297,SI,267,112,12,124,30,177,60,30,0.10714285714285714,0.24193548387096775,0.6629213483146067,0.5,2026
667297,SL,428,226,73,229,88,294,71,35,0.3230088495575221,0.38427947598253276,0.6869158878504673,0.49295774647887325,2026
667463,CH,143,80,23,101,47,89,22,12,0.2875,0.46534653465346537,0.6223776223776224,0.5454545454545454,2026
667463,CU,82,28,2,40,7,50,13,5,0.07142857142857142,0.175,0.6097560975609756,0.38461538461538464,2026
667463,FF,9,2,0,5,0,4,1,0,0.0,0.0,0.4444444444444444,0.0,2026
667463,SI,229,114,16,108,38,158,51,32,0.14035087719298245,0.35185185185185186,0.6899563318777293,0.6274509803921569,2026
667463,SL,137,61,11,66,14,86,30,11,0.18032786885245902,0.21212121212121213,0.6277372262773723,0.36666666666666664,2026
667463,ST,114,52,11,62,21,73,26,8,0.21153846153846154,0.3387096774193548,0.6403508771929824,0.3076923076923077,2026
667652,FF,82,30,4,37,7,53,8,5,0.13333333333333333,0.1891891891891892,0.6463414634146342,0.625,2026
667652,FS,159,65,14,83,18,97,30,11,0.2153846153846154,0.21686746987951808,0.610062893081761,0.36666666666666664,2026
667652,SL,70,24,1,31,4,44,10,7,0.041666666666666664,0.12903225806451613,0.6285714285714286,0.7,2026
667755,FF,608,285,54,262,62,411,101,25,0.18947368421052632,0.2366412213740458,0.6759868421052632,0.24752475247524752,2026
667755,FS,547,267,83,389,146,304,100,68,0.31086142322097376,0.37532133676092544,0.5557586837294333,0.68,2026
667755,KC,747,334,135,435,158,470,91,44,0.4041916167664671,0.3632183908045977,0.6291834002677377,0.4835164835164835,2026
667755,SI,873,428,68,429,139,589,188,122,0.1588785046728972,0.32400932400932403,0.6746849942726232,0.648936170212766,2026
667755,SL,141,52,14,96,23,67,14,7,0.2692307692307692,0.23958333333333334,0.475177304964539,0.5,2026
668390,CU,1,0,0,1,0,0,0,0,,0.0,0.0,,2026
668390,FC,228,121,21,95,28,161,47,16,0.17355371900826447,0.29473684210526313,0.706140350877193,0.3404255319148936,2026
668390,FF,254,123,26,124,31,160,36,12,0.21138211382113822,0.25,0.6299212598425197,0.3333333333333333,2026
668390,FS,117,65,21,72,35,80,24,8,0.3230769230769231,0.4861111111111111,0.6837606837606838,0.3333333333333333,2026
668390,SI,13,8,0,3,1,12,7,0,0.0,0.3333333333333333,0.9230769230769231,0.0,2026
668390,SL,189,110,43,123,55,121,38,23,0.39090909090909093,0.44715447154471544,0.6402116402116402,0.6052631578947368,2026
668670,EP,24,6,0,19,2,9,4,2,0.0,0.10526315789473684,0.375,0.5,2026
668670,FA,18,6,1,10,2,13,3,2,0.16666666666666666,0.2,0.7222222222222222,0.6666666666666666,2026
668670,KN,1,1,1,1,1,1,0,0,1.0,1.0,1.0,,2026
668674,CH,122,61,11,72,26,76,26,12,0.18032786885245902,0.3611111111111111,0.6229508196721312,0.46153846153846156,2026
668674,FC,17,4,1,13,1,5,3,2,0.25,0.07692307692307693,0.29411764705882354,0.6666666666666666,2026
668674,FF,258,124,24,123,29,162,39,16,0.1935483870967742,0.23577235772357724,0.627906976744186,0.41025641025641024,2026
668674,SI,253,117,13,116,31,169,45,32,0.1111111111111111,0.2672413793103448,0.6679841897233202,0.7111111111111111,2026
668674,SL,251,120,30,169,53,137,43,18,0.25,0.3136094674556213,0.545816733067729,0.4186046511627907,2026
668678,CH,304,138,33,209,73,176,58,30,0.2391304347826087,0.3492822966507177,0.5789473684210527,0.5172413793103449,2026
668678,FF,626,251,16,270,45,416,136,56,0.06374501992031872,0.16666666666666666,0.6645367412140575,0.4117647058823529,2026
668678,KC,340,171,39,219,90,209,62,24,0.22807017543859648,0.410958904109589,0.6147058823529412,0.3870967741935484,2026
668678,PO,1,0,0,1,0,0,0,0,,0.0,0.0,,2026
668678,SI,99,51,4,55,22,70,21,8,0.0784313725490196,0.4,0.7070707070707071,0.38095238095238093,2026
668678,SL,410,210,57,230,76,254,90,44,0.2714285714285714,0.33043478260869563,0.6195121951219512,0.4888888888888889,2026
668716,CU,23,9,4,20,7,11,4,4,0.4444444444444444,0.35,0.4782608695652174,1.0,2026
668716,FC,9,4,0,6,2,5,0,0,0.0,0.3333333333333333,0.5555555555555556,,2026
668716,FF,3,0,0,3,0,1,0,0,,0.0,0.3333333333333333,,2026
668716,SI,28,13,1,9,1,21,4,2,0.07692307692307693,0.1111111111111111,0.75,0.5,2026
668716,ST,1,0,0,1,0,0,0,0,,0.0,0.0,,2026
668820,CU,82,37,15,54,21,51,15,4,0.40540540540540543,0.3888888888888889,0.6219512195121951,0.26666666666666666,2026
668820,FF,127,56,7,73,17,72,24,9,0.125,0.2328767123287671,0.5669291338582677,0.375,2026
668820,SI,10,3,0,4,0,6,2,1,0.0,0.0,0.6,0.5,2026
668820,SL,97,51,9,47,15,65,24,7,0.17647058823529413,0.3191489361702128,0.6701030927835051,0.2916666666666667,2026
668820,ST,24,16,4,11,4,16,4,1,0.25,0.36363636363636365,0.6666666666666666,0.25,2026
668831,CH,79,42,16,53,20,47,13,3,0.38095238095238093,0.37735849056603776,0.5949367088607594,0.23076923076923078,2026
668831,CU,5,0,0,4,0,1,0,0,,0.0,0.2,,2026
668831,FC,51,22,6,20,6,38,5,1,0.2727272727272727,0.3,0.7450980392156863,0.2,2026
668831,FF,6,1,0,3,0,3,1,1,0.0,0.0,0.5,1.0,2026
668831,SI,49,26,4,21,9,37,10,5,0.15384615384615385,0.42857142857142855,0.7551020408163265,0.5,2026
668831,ST,4,0,0,4,0,0,0,0,,0.0,0.0,,2026
668834,CH,7,4,0,4,1,4,3,1,0.0,0.25,0.5714285714285714,0.3333333333333333,2026
668834,CU,40,20,5,23,7,23,7,5,0.25,0.30434782608695654,0.575,0.7142857142857143,2026
668834,FC,31,23,3,11,6,26,6,2,0.13043478260869565,0.5454545454545454,0.8387096774193549,0.3333333333333333,2026
668834,FF,38,22,7,23,9,24,6,0,0.3181818181818182,0.391304347826087,0.631578947368421,0.0,2026
668834,SI,34,19,2,13,5,25,7,4,0.10526315789473684,0.38461538461538464,0.7352941176470589,0.5714285714285714,2026
668834,ST,34,18,2,14,2,22,9,1,0.1111111111111111,0.14285714285714285,0.6470588235294118,0.1111111111111111,2026
668873,FF,392,194,32,180,52,261,59,29,0.16494845360824742,0.28888888888888886,0.6658163265306123,0.4915254237288136,2026
668873,KC,187,83,32,132,47,105,28,14,0.3855421686746988,0.3560606060606061,0.5614973262032086,0.5,2026
668873,SI,106,48,9,43,12,72,24,16,0.1875,0.27906976744186046,0.6792452830188679,0.6666666666666666,2026
668873,SL,101,58,24,52,22,71,18,4,0.41379310344827586,0.4230769230769231,0.7029702970297029,0.2222222222222222,2026
668881,FF,237,121,17,106,26,159,41,15,0.14049586776859505,0.24528301886792453,0.6708860759493671,0.36585365853658536,2026
668881,FS,46,21,6,24,7,29,8,3,0.2857142857142857,0.2916666666666667,0.6304347826086957,0.375,2026
668881,SI,28,21,3,8,4,24,11,3,0.14285714285714285,0.5,0.8571428571428571,0.2727272727272727,2026
668881,SL,145,80,36,87,35,94,19,0,0.45,0.40229885057471265,0.6482758620689655,0.0,2026
668909,CU,665,300,89,376,135,430,104,58,0.2966666666666667,0.35904255319148937,0.6466165413533834,0.5576923076923077,2026
668909,FC,174,91,21,78,22,123,35,15,0.23076923076923078,0.28205128205128205,0.7068965517241379,0.42857142857142855,2026
668909,FF,809,412,115,416,126,525,102,39,0.279126213592233,0.30288461538461536,0.6489493201483313,0.38235294117647056,2026
668909,SI,461,205,29,160,31,333,88,40,0.14146341463414633,0.19375,0.7223427331887202,0.45454545454545453,2026
668909,ST,851,443,188,504,202,551,96,38,0.42437923250564336,0.4007936507936508,0.6474735605170387,0.3958333333333333,2026
668933,FC,333,151,27,181,57,208,52,29,0.17880794701986755,0.3149171270718232,0.6246246246246246,0.5576923076923077,2026
668933,SL,279,131,52,161,61,173,34,17,0.3969465648854962,0.37888198757763975,0.6200716845878136,0.5,2026
668941,CH,154,71,19,123,43,75,28,16,0.2676056338028169,0.34959349593495936,0.487012987012987,0.5714285714285714,2026
668941,FF,15,8,3,12,5,8,3,1,0.375,0.4166666666666667,0.5333333333333333,0.3333333333333333,2026
668941,SI,418,165,22,185,35,276,81,50,0.13333333333333333,0.1891891891891892,0.6602870813397129,0.6172839506172839,2026
668941,ST,335,141,30,169,52,225,50,16,0.2127659574468085,0.3076923076923077,0.6716417910447762,0.32,2026
668942,CS,6,2,0,6,2,2,1,0,0.0,0.3333333333333333,0.3333333333333333,0.0,2026
668942,EP,3,2,0,1,0,2,2,0,0.0,0.0,0.6666666666666666,0.0,2026
668942,FA,4,2,0,2,0,3,1,1,0.0,0.0,0.75,1.0,2026
668964,CU,6,3,2,2,1,5,0,0,0.6666666666666666,0.5,0.8333333333333334,,2026
668964,FC,104,60,12,54,21,71,25,9,0.2,0.3888888888888889,0.6826923076923077,0.36,2026
668964,FF,386,215,24,159,49,280,90,25,0.11162790697674418,0.3081761006289308,0.7253886010362695,0.2777777777777778,2026
668964,FS,212,108,36,117,35,131,33,14,0.3333333333333333,0.29914529914529914,0.6179245283018868,0.42424242424242425,2026
668964,SL,117,48,7,69,13,64,22,7,0.14583333333333334,0.18840579710144928,0.5470085470085471,0.3181818181818182,2026
668964,ST,11,5,1,8,2,5,3,1,0.2,0.25,0.45454545454545453,0.3333333333333333,2026
668970,CH,23,11,7,12,5,16,3,0,0.6363636363636364,0.4166666666666667,0.6956521739130435,0.0,2026
668970,FF,92,43,9,45,12,58,18,2,0.20930232558139536,0.26666666666666666,0.6304347826086957,0.1111111111111111,2026
668970,SI,58,25,4,26,6,37,10,5,0.16,0.23076923076923078,0.6379310344827587,0.5,2026
668970,ST,86,30,9,47,10,49,10,2,0.3,0.2127659574468085,0.5697674418604651,0.2,2026
668984,CH,131,65,7,86,29,75,28,21,0.1076923076923077,0.3372093023255814,0.5725190839694656,0.75,2026
668984,FF,482,270,54,199,61,341,87,22,0.2,0.3065326633165829,0.7074688796680498,0.25287356321839083,2026
668984,SI,246,118,11,99,34,182,58,32,0.09322033898305085,0.3434343434343434,0.7398373983739838,0.5517241379310345,2026
668984,SL,131,61,13,81,24,73,21,14,0.21311475409836064,0.2962962962962963,0.5572519083969466,0.6666666666666666,2026
668984,ST,128,70,24,70,24,84,25,4,0.34285714285714286,0.34285714285714286,0.65625,0.16,2026
669020,CH,9,5,0,3,0,6,1,1,0.0,0.0,0.6666666666666666,1.0,2026
669020,CU,162,70,16,95,32,99,22,10,0.22857142857142856,0.3368421052631579,0.6111111111111112,0.45454545454545453,2026
669020,FF,394,168,20,186,33,245,71,28,0.11904761904761904,0.1774193548387097,0.6218274111675127,0.39436619718309857,2026
669020,SI,147,70,12,71,23,98,25,14,0.17142857142857143,0.323943661971831,0.6666666666666666,0.56,2026
669020,SL,124,58,9,60,15,81,28,11,0.15517241379310345,0.25,0.6532258064516129,0.39285714285714285,2026
669020,ST,154,79,23,98,33,91,24,12,0.2911392405063291,0.336734693877551,0.5909090909090909,0.5,2026
669022,CH,388,188,64,264,93,214,66,30,0.3404255319148936,0.3522727272727273,0.5515463917525774,0.45454545454545453,2026
669022,CU,535,225,60,332,113,318,86,44,0.26666666666666666,0.34036144578313254,0.594392523364486,0.5116279069767442,2026
669022,FC,184,93,22,98,27,114,30,7,0.23655913978494625,0.2755102040816326,0.6195652173913043,0.23333333333333334,2026
669022,FF,1405,717,140,646,165,931,230,76,0.19525801952580196,0.25541795665634676,0.6626334519572954,0.33043478260869563,2026
669022,SI,156,81,7,84,32,103,36,21,0.08641975308641975,0.38095238095238093,0.6602564102564102,0.5833333333333334,2026
669022,SL,294,143,40,154,42,185,50,22,0.27972027972027974,0.2727272727272727,0.6292517006802721,0.44,2026
669060,CU,39,21,3,22,7,24,13,2,0.14285714285714285,0.3181818181818182,0.6153846153846154,0.15384615384615385,2026
669060,FC,194,103,17,79,20,140,39,14,0.1650485436893204,0.25316455696202533,0.7216494845360825,0.358974358974359,2026
669060,FF,97,59,9,41,15,70,19,4,0.15254237288135594,0.36585365853658536,0.7216494845360825,0.21052631578947367,2026
669060,FS,47,29,6,32,14,30,15,7,0.20689655172413793,0.4375,0.6382978723404256,0.4666666666666667,2026
669060,SI,181,87,10,70,21,134,29,18,0.11494252873563218,0.3,0.7403314917127072,0.6206896551724138,2026
669062,CH,35,12,3,27,6,14,6,4,0.25,0.2222222222222222,0.4,0.6666666666666666,2026
669062,FF,58,9,2,49,4,13,3,0,0.2222222222222222,0.08163265306122448,0.22413793103448276,0.0,2026
669062,SI,479,190,30,224,40,298,75,39,0.15789473684210525,0.17857142857142858,0.6221294363256785,0.52,2026
669062,SL,398,177,93,267,103,236,30,16,0.5254237288135594,0.3857677902621723,0.592964824120603,0.5333333333333333,2026
669084,CH,154,64,25,87,19,82,22,8,0.390625,0.21839080459770116,0.5324675324675324,0.36363636363636365,2026
669084,CU,166,64,13,89,24,105,23,13,0.203125,0.2696629213483146,0.6325301204819277,0.5652173913043478,2026
669084,FC,10,3,1,9,3,4,1,1,0.3333333333333333,0.3333333333333333,0.4,1.0,2026
669084,FF,121,55,14,74,21,68,16,7,0.2545454545454545,0.28378378378378377,0.5619834710743802,0.4375,2026
669084,SI,362,134,12,155,24,233,53,26,0.08955223880597014,0.15483870967741936,0.643646408839779,0.49056603773584906,2026
669084,SL,105,62,25,51,20,73,16,5,0.4032258064516129,0.39215686274509803,0.6952380952380952,0.3125,2026
669084,ST,79,39,20,55,24,47,9,2,0.5128205128205128,0.43636363636363634,0.5949367088607594,0.2222222222222222,2026
669093,FF,299,151,34,172,57,184,50,19,0.2251655629139073,0.3313953488372093,0.6153846153846154,0.38,2026
669093,FS,164,73,32,103,34,98,17,5,0.4383561643835616,0.3300970873786408,0.5975609756097561,0.29411764705882354,2026
669093,SL,49,16,3,26,5,28,5,3,0.1875,0.19230769230769232,0.5714285714285714,0.6,2026
669145,CU,9,4,0,3,0,6,4,3,0.0,0.0,0.6666666666666666,0.75,2026
669145,FC,9,4,1,7,2,4,1,0,0.25,0.2857142857142857,0.4444444444444444,0.0,2026
669145,FF,8,2,0,6,0,3,1,0,0.0,0.0,0.375,0.0,2026
669145,FS,11,4,2,7,3,7,2,1,0.5,0.42857142857142855,0.6363636363636364,0.5,2026
669145,SI,23,12,0,11,4,17,7,1,0.0,0.36363636363636365,0.7391304347826086,0.14285714285714285,2026
669145,SL,12,3,0,3,0,9,3,1,0.0,0.0,0.75,0.3333333333333333,2026
669160,CH,146,62,12,91,25,80,26,12,0.1935483870967742,0.27472527472527475,0.547945205479452,0.46153846153846156,2026
669160,CU,182,66,20,121,37,97,13,6,0.30303030303030304,0.30578512396694213,0.532967032967033,0.46153846153846156,2026
669160,FC,569,311,69,270,102,404,120,50,0.22186495176848875,0.37777777777777777,0.7100175746924429,0.4166666666666667,2026
669160,FF,595,267,51,283,71,388,92,26,0.19101123595505617,0.2508833922261484,0.6521008403361345,0.2826086956521739,2026
669160,PO,1,0,0,1,0,0,0,0,,0.0,0.0,,2026
669160,SI,481,241,37,214,63,334,100,54,0.15352697095435686,0.29439252336448596,0.6943866943866944,0.54,2026
669160,ST,425,195,53,243,73,254,64,26,0.2717948717948718,0.3004115226337449,0.5976470588235294,0.40625,2026
669165,CH,263,149,55,143,52,172,43,22,0.3691275167785235,0.36363636363636365,0.6539923954372624,0.5116279069767442,2026
669165,FF,409,208,56,179,44,274,61,22,0.2692307692307692,0.24581005586592178,0.6699266503667481,0.36065573770491804,2026
669165,SL,70,27,10,40,13,45,12,6,0.37037037037037035,0.325,0.6428571428571429,0.5,2026
669169,CH,12,6,1,7,3,8,2,1,0.16666666666666666,0.42857142857142855,0.6666666666666666,0.5,2026
669169,CU,6,3,0,2,0,5,2,1,0.0,0.0,0.8333333333333334,0.5,2026
669169,FF,25,19,1,10,7,22,9,3,0.05263157894736842,0.7,0.88,0.3333333333333333,2026
669169,SL,21,10,1,10,1,12,4,0,0.1,0.1,0.5714285714285714,0.0,2026
669194,CU,123,42,9,87,19,55,18,4,0.21428571428571427,0.21839080459770116,0.44715447154471544,0.2222222222222222,2026
669194,FC,134,60,7,76,23,79,22,7,0.11666666666666667,0.3026315789473684,0.5895522388059702,0.3181818181818182,2026
669194,FF,784,453,68,340,121,565,166,53,0.15011037527593818,0.3558823529411765,0.7206632653061225,0.3192771084337349,2026
669194,SI,48,28,4,27,13,34,11,2,0.14285714285714285,0.48148148148148145,0.7083333333333334,0.18181818181818182,2026
669194,SL,285,158,39,153,54,189,61,28,0.2468354430379747,0.35294117647058826,0.6631578947368421,0.45901639344262296,2026
669199,CU,297,121,45,168,55,187,33,20,0.371900826446281,0.3273809523809524,0.6296296296296297,0.6060606060606061,2026
669199,FF,438,216,32,222,56,278,81,21,0.14814814814814814,0.25225225225225223,0.634703196347032,0.25925925925925924,2026
669199,FS,104,46,16,72,21,53,16,7,0.34782608695652173,0.2916666666666667,0.5096153846153846,0.4375,2026
669199,SI,62,33,4,29,5,37,14,7,0.12121212121212122,0.1724137931034483,0.5967741935483871,0.5,2026
669199,SL,323,137,52,173,49,197,45,19,0.3795620437956204,0.2832369942196532,0.6099071207430341,0.4222222222222222,2026
669199,ST,224,100,36,132,42,133,33,14,0.36,0.3181818181818182,0.59375,0.42424242424242425,2026
669203,CH,22,10,7,20,8,10,3,0,0.7,0.4,0.45454545454545453,0.0,2026
669203,CU,47,22,7,30,8,26,9,2,0.3181818181818182,0.26666666666666666,0.5531914893617021,0.2222222222222222,2026
669203,FC,106,48,8,50,10,67,15,3,0.16666666666666666,0.2,0.6320754716981132,0.2,2026
669203,SI,15,9,3,7,4,12,5,0,0.3333333333333333,0.5714285714285714,0.8,0.0,2026
669203,SL,8,6,1,6,4,6,3,1,0.16666666666666666,0.6666666666666666,0.75,0.3333333333333333,2026
669211,CH,114,55,11,64,18,70,28,12,0.2,0.28125,0.6140350877192983,0.42857142857142855,2026
669211,FF,219,105,15,90,23,151,31,9,0.14285714285714285,0.25555555555555554,0.6894977168949772,0.2903225806451613,2026
669211,SL,110,58,11,57,18,71,29,10,0.1896551724137931,0.3157894736842105,0.6454545454545455,0.3448275862068966,2026
669212,CH,115,58,10,61,23,79,25,11,0.1724137931034483,0.3770491803278688,0.6869565217391305,0.44,2026
669212,FF,129,56,9,79,24,76,28,7,0.16071428571428573,0.3037974683544304,0.5891472868217055,0.25,2026
669212,SL,102,47,17,59,19,65,13,3,0.3617021276595745,0.3220338983050847,0.6372549019607843,0.23076923076923078,2026
669270,CH,45,21,5,30,8,23,11,6,0.23809523809523808,0.26666666666666666,0.5111111111111111,0.5454545454545454,2026
669270,CU,28,14,5,14,5,19,3,0,0.35714285714285715,0.35714285714285715,0.6785714285714286,0.0,2026
669270,FC,220,89,30,125,39,131,33,14,0.33707865168539325,0.312,0.5954545454545455,0.42424242424242425,2026
669270,FF,54,22,6,36,6,26,9,3,0.2727272727272727,0.16666666666666666,0.48148148148148145,0.3333333333333333,2026
669270,SI,387,192,25,184,51,251,96,54,0.13020833333333334,0.27717391304347827,0.648578811369509,0.5625,2026
669270,SL,14,4,2,11,2,5,0,0,0.5,0.18181818181818182,0.35714285714285715,,2026
669276,CH,170,73,27,111,31,92,27,12,0.3698630136986301,0.27927927927927926,0.5411764705882353,0.4444444444444444,2026
669276,FF,338,179,32,148,45,237,58,12,0.1787709497206704,0.30405405405405406,0.7011834319526628,0.20689655172413793,2026
669276,SL,555,310,126,283,115,388,84,31,0.4064516129032258,0.40636042402826855,0.6990990990990991,0.36904761904761907,2026
669298,CH,28,13,2,22,9,16,6,2,0.15384615384615385,0.4090909090909091,0.5714285714285714,0.3333333333333333,2026
669298,FC,16,9,2,5,2,13,3,0,0.2222222222222222,0.4,0.8125,0.0,2026
669298,FF,59,25,5,30,8,37,8,3,0.2,0.26666666666666666,0.6271186440677966,0.375,2026
669298,ST,31,17,3,12,3,21,10,3,0.17647058823529413,0.25,0.6774193548387096,0.3,2026
669302,CH,215,78,25,143,32,108,30,18,0.32051282051282054,0.22377622377622378,0.5023255813953489,0.6,2026
669302,CU,3,0,0,3,0,0,0,0,,0.0,0.0,,2026
669302,FC,152,69,8,65,15,105,33,11,0.11594202898550725,0.23076923076923078,0.6907894736842105,0.3333333333333333,2026
669302,FF,1187,629,118,454,137,858,197,57,0.1875993640699523,0.30176211453744495,0.7228306655433867,0.2893401015228426,2026
669302,FS,447,214,88,345,121,223,61,29,0.411214953271028,0.3507246376811594,0.4988814317673378,0.47540983606557374,2026
669302,PO,1,0,0,1,0,0,0,0,,0.0,0.0,,2026
669302,SI,18,3,2,14,0,5,1,0,0.6666666666666666,0.0,0.2777777777777778,0.0,2026
669302,SL,746,403,143,389,153,506,134,66,0.3548387096774194,0.39331619537275064,0.67828418230563,0.4925373134328358,2026
669302,ST,214,104,38,124,43,132,33,13,0.36538461538461536,0.3467741935483871,0.616822429906542,0.3939393939393939,2026
669310,CH,36,18,2,23,7,21,8,5,0.1111111111111111,0.30434782608695654,0.5833333333333334,0.625,2026
669310,CU,49,26,5,28,10,31,13,7,0.19230769230769232,0.35714285714285715,0.6326530612244898,0.5384615384615384,2026
669310,FC,58,34,3,27,11,43,15,6,0.08823529411764706,0.4074074074074074,0.7413793103448276,0.4,2026
669310,FF,39,17,4,18,2,24,7,2,0.23529411764705882,0.1111111111111111,0.6153846153846154,0.2857142857142857,2026
669310,SI,29,11,1,19,6,16,2,1,0.09090909090909091,0.3157894736842105,0.5517241379310345,0.5,2026
669310,ST,14,7,1,9,3,8,3,0,0.14285714285714285,0.3333333333333333,0.5714285714285714,0.0,2026
669330,CH,238,146,45,119,51,170,50,18,0.3082191780821918,0.42857142857142855,0.7142857142857143,0.36,2026
669330,CU,47,8,2,26,2,21,5,2,0.25,0.07692307692307693,0.44680851063829785,0.4,2026
669330,FC,324,169,52,147,47,229,48,10,0.3076923076923077,0.3197278911564626,0.7067901234567902,0.20833333333333334,2026
669330,FF,300,154,35,149,51,207,54,12,0.22727272727272727,0.3422818791946309,0.69,0.2222222222222222,2026
669330,SL,159,82,25,90,33,103,28,9,0.3048780487804878,0.36666666666666664,0.6477987421383647,0.32142857142857145,2026
669358,CH,269,118,24,155,35,142,47,14,0.2033898305084746,0.22580645161290322,0.5278810408921933,0.2978723404255319,2026
669358,FA,1,0,0,1,0,0,0,0,,0.0,0.0,,2026
669358,FC,433,236,49,191,65,305,100,37,0.2076271186440678,0.3403141361256545,0.7043879907621247,0.37,2026
669358,FF,993,466,61,480,122,633,163,38,0.13090128755364808,0.25416666666666665,0.6374622356495468,0.2331288343558282,2026
669358,KC,959,457,122,542,193,609,181,88,0.26695842450765866,0.35608856088560886,0.635036496350365,0.4861878453038674,2026
669358,SI,256,125,15,98,23,177,55,36,0.12,0.23469387755102042,0.69140625,0.6545454545454545,2026
669371,CU,1,1,0,0,0,1,0,0,0.0,,1.0,,2026
669371,FC,20,10,0,10,2,12,3,1,0.0,0.2,0.6,0.3333333333333333,2026
669371,FF,135,66,13,75,21,84,24,7,0.19696969696969696,0.28,0.6222222222222222,0.2916666666666667,2026
669371,SI,28,18,3,11,8,25,4,2,0.16666666666666666,0.7272727272727273,0.8928571428571429,0.5,2026
669371,ST,98,38,11,64,16,51,13,2,0.2894736842105263,0.25,0.5204081632653061,0.15384615384615385,2026
669372,CH,436,234,77,294,118,260,83,46,0.32905982905982906,0.4013605442176871,0.5963302752293578,0.5542168674698795,2026
669372,CU,64,29,8,43,13,37,13,2,0.27586206896551724,0.3023255813953488,0.578125,0.15384615384615385,2026
669372,FC,355,145,28,207,47,194,59,23,0.19310344827586207,0.22705314009661837,0.5464788732394367,0.3898305084745763,2026
669372,FF,246,101,18,137,28,139,43,17,0.1782178217821782,0.20437956204379562,0.5650406504065041,0.3953488372093023,2026
669372,SI,804,354,70,387,97,530,150,71,0.1977401129943503,0.25064599483204136,0.6592039800995025,0.47333333333333333,2026
669372,SL,280,136,46,185,68,167,45,23,0.3382352941176471,0.3675675675675676,0.5964285714285714,0.5111111111111111,2026
669373,CH,603,360,167,401,186,391,102,55,0.4638888888888889,0.46384039900249374,0.648424543946932,0.5392156862745098,2026
669373,CU,118,49,19,67,21,71,15,4,0.3877551020408163,0.31343283582089554,0.6016949152542372,0.26666666666666666,2026
669373,FF,896,514,116,404,144,640,155,50,0.22568093385214008,0.3564356435643564,0.7142857142857143,0.3225806451612903,2026
669373,SI,412,189,31,169,42,282,70,37,0.164021164021164,0.2485207100591716,0.6844660194174758,0.5285714285714286,2026
669373,SL,327,146,37,146,42,227,60,35,0.2534246575342466,0.2876712328767123,0.6941896024464832,0.5833333333333334,2026
669387,CU,242,105,25,127,40,153,42,22,0.23809523809523808,0.31496062992125984,0.6322314049586777,0.5238095238095238,2026
669387,FC,105,53,7,38,9,77,22,5,0.1320754716981132,0.23684210526315788,0.7333333333333333,0.22727272727272727,2026
669387,FF,537,258,38,242,64,356,102,36,0.14728682170542637,0.2644628099173554,0.6629422718808193,0.35294117647058826,2026
669387,FS,522,256,80,331,124,310,95,44,0.3125,0.37462235649546827,0.5938697318007663,0.4631578947368421,2026
669387,SI,383,154,5,159,26,251,87,45,0.032467532467532464,0.16352201257861634,0.6553524804177546,0.5172413793103449,2026
669387,SL,72,29,5,42,11,40,15,4,0.1724137931034483,0.2619047619047619,0.5555555555555556,0.26666666666666666,2026
669387,ST,219,81,17,120,30,129,28,13,0.20987654320987653,0.25,0.589041095890411,0.4642857142857143,2026
669432,CH,551,305,69,341,146,355,133,78,0.2262295081967213,0.4281524926686217,0.6442831215970962,0.5864661654135338,2026
669432,FC,222,112,24,111,37,151,40,15,0.21428571428571427,0.3333333333333333,0.6801801801801802,0.375,2026
669432,FF,1257,696,150,531,184,916,207,45,0.21551724137931033,0.3465160075329567,0.7287191726332538,0.21739130434782608,2026
669432,SI,275,130,15,107,20,187,58,36,0.11538461538461539,0.18691588785046728,0.68,0.6206896551724138,2026
669432,ST,384,189,59,203,73,255,62,23,0.31216931216931215,0.35960591133004927,0.6640625,0.3709677419354839,2026
669438,CH,178,101,31,117,57,118,31,12,0.3069306930693069,0.48717948717948717,0.6629213483146067,0.3870967741935484,2026
669438,CS,7,5,1,3,1,5,3,2,0.2,0.3333333333333333,0.7142857142857143,0.6666666666666666,2026
669438,CU,124,54,17,62,22,84,12,4,0.3148148148148148,0.3548387096774194,0.6774193548387096,0.3333333333333333,2026
669438,FC,68,37,8,33,11,46,15,5,0.21621621621621623,0.3333333333333333,0.6764705882352942,0.3333333333333333,2026
669438,FF,115,58,15,66,18,70,19,3,0.25862068965517243,0.2727272727272727,0.6086956521739131,0.15789473684210525,2026
669438,PO,1,0,0,1,0,0,0,0,,0.0,0.0,,2026
669438,SI,132,77,5,42,13,106,42,15,0.06493506493506493,0.30952380952380953,0.803030303030303,0.35714285714285715,2026
669438,SL,37,16,6,22,7,22,6,1,0.375,0.3181818181818182,0.5945945945945946,0.16666666666666666,2026
669438,ST,2,0,0,2,0,0,0,0,,0.0,0.0,,2026
669456,CH,171,70,15,114,33,93,32,17,0.21428571428571427,0.2894736842105263,0.543859649122807,0.53125,2026
669456,FC,113,56,12,69,20,65,21,9,0.21428571428571427,0.2898550724637681,0.5752212389380531,0.42857142857142855,2026
669456,FF,340,119,11,175,33,204,51,17,0.09243697478991597,0.18857142857142858,0.6,0.3333333333333333,2026
669456,KC,172,83,27,105,43,116,38,19,0.3253012048192771,0.4095238095238095,0.6744186046511628,0.5,2026
669456,SI,41,20,1,26,9,25,12,6,0.05,0.34615384615384615,0.6097560975609756,0.5,2026
669456,SL,93,52,18,61,25,58,20,8,0.34615384615384615,0.4098360655737705,0.6236559139784946,0.4,2026
669461,CH,326,159,31,168,44,199,81,34,0.1949685534591195,0.2619047619047619,0.6104294478527608,0.41975308641975306,2026
669461,CU,473,156,58,305,71,248,35,18,0.3717948717948718,0.23278688524590163,0.5243128964059197,0.5142857142857142,2026
669461,FC,105,47,9,57,13,63,22,14,0.19148936170212766,0.22807017543859648,0.6,0.6363636363636364,2026
669461,FF,779,388,43,339,85,535,167,51,0.11082474226804123,0.25073746312684364,0.686777920410783,0.30538922155688625,2026
669461,FS,9,1,0,9,1,1,1,0,0.0,0.1111111111111111,0.1111111111111111,0.0,2026
669461,PO,1,0,0,1,0,0,0,0,,0.0,0.0,,2026
669461,SI,212,108,8,70,18,157,53,19,0.07407407407407407,0.2571428571428571,0.7405660377358491,0.3584905660377358,2026
669461,SL,690,339,118,383,146,452,99,39,0.3480825958702065,0.381201044386423,0.6550724637681159,0.3939393939393939,2026
669461,ST,15,8,4,12,6,9,2,0,0.5,0.5,0.6,0.0,2026
669467,FF,902,414,50,360,83,622,196,139,0.12077294685990338,0.23055555555555557,0.6895787139689579,0.7091836734693877,2026
669467,FS,76,24,7,57,8,27,7,6,0.2916666666666667,0.14035087719298245,0.35526315789473684,0.8571428571428571,2026
669467,KC,452,145,40,309,59,203,67,26,0.27586206896551724,0.19093851132686085,0.4491150442477876,0.3880597014925373,2026
669467,SI,441,244,26,238,95,299,111,56,0.10655737704918032,0.39915966386554624,0.6780045351473923,0.5045045045045045,2026
669467,SL,771,361,107,394,114,494,130,60,0.296398891966759,0.2893401015228426,0.6407263294422828,0.46153846153846156,2026
669620,CH,30,11,2,25,7,12,6,4,0.18181818181818182,0.28,0.4,0.6666666666666666,2026
669620,CU,124,46,17,89,28,64,17,10,0.3695652173913043,0.3146067415730337,0.5161290322580645,0.5882352941176471,2026
669620,FC,77,43,4,30,8,53,20,9,0.09302325581395349,0.26666666666666666,0.6883116883116883,0.45,2026
669620,FF,305,171,23,119,34,227,71,28,0.13450292397660818,0.2857142857142857,0.7442622950819672,0.39436619718309857,2026
669620,SI,56,28,2,33,11,34,16,9,0.07142857142857142,0.3333333333333333,0.6071428571428571,0.5625,2026
669620,SL,101,62,14,52,25,73,28,8,0.22580645161290322,0.4807692307692308,0.7227722772277227,0.2857142857142857,2026
669620,ST,3,1,1,2,1,2,0,0,1.0,0.5,0.6666666666666666,,2026
669622,CH,12,3,1,8,0,4,1,0,0.3333333333333333,0.0,0.3333333333333333,0.0,2026
669622,FF,8,2,0,5,0,3,0,0,0.0,0.0,0.375,,2026
669622,SI,171,55,9,69,12,118,26,20,0.16363636363636364,0.17391304347826086,0.6900584795321637,0.7692307692307693,2026
669622,SL,69,30,7,46,13,36,10,4,0.23333333333333334,0.2826086956521739,0.5217391304347826,0.4,2026
669622,ST,279,127,30,117,39,202,47,13,0.23622047244094488,0.3333333333333333,0.7240143369175627,0.2765957446808511,2026
669684,CH,22,9,4,13,2,11,4,2,0.4444444444444444,0.15384615384615385,0.5,0.5,2026
669684,CU,146,59,20,76,22,89,19,9,0.3389830508474576,0.2894736842105263,0.6095890410958904,0.47368421052631576,2026
669684,FF,210,117,26,102,35,140,27,6,0.2222222222222222,0.3431372549019608,0.6666666666666666,0.2222222222222222,2026
669684,SI,17,14,1,4,2,15,6,3,0.07142857142857142,0.5,0.8823529411764706,0.5,2026
669684,SL,178,92,26,81,21,120,34,4,0.2826086956521739,0.25925925925925924,0.6741573033707865,0.11764705882352941,2026
669684,ST,30,10,3,20,1,12,4,0,0.3,0.05,0.4,0.0,2026
669684,SV,11,7,2,8,4,7,1,1,0.2857142857142857,0.5,0.6363636363636364,1.0,2026
669704,CU,9,2,0,7,1,3,1,0,0.0,0.14285714285714285,0.3333333333333333,0.0,2026
669704,FC,40,14,0,25,4,17,6,1,0.0,0.16,0.425,0.16666666666666666,2026
669704,FF,3,0,0,3,0,0,0,0,,0.0,0.0,,2026
669704,SI,6,1,0,3,0,3,1,0,0.0,0.0,0.5,0.0,2026
669704,ST,1,0,0,1,0,0,0,0,,0.0,0.0,,2026
669711,CH,130,75,31,102,49,78,16,9,0.41333333333333333,0.4803921568627451,0.6,0.5625,2026
669711,CU,23,4,0,19,1,5,3,0,0.0,0.05263157894736842,0.21739130434782608,0.0,2026
669711,FF,292,171,35,139,48,203,52,17,0.2046783625730994,0.34532374100719426,0.6952054794520548,0.3269230769230769,2026
669711,SI,342,160,14,136,42,248,76,40,0.0875,0.3088235294117647,0.7251461988304093,0.5263157894736842,2026
669711,SL,80,29,3,39,6,49,9,3,0.10344827586206896,0.15384615384615385,0.6125,0.3333333333333333,2026
669711,ST,124,51,19,76,21,69,15,3,0.37254901960784315,0.27631578947368424,0.5564516129032258,0.2,2026
669713,CH,109,52,17,63,22,70,21,15,0.3269230769230769,0.3492063492063492,0.6422018348623854,0.7142857142857143,2026
669713,CU,2,2,0,1,1,2,0,0,0.0,1.0,1.0,,2026
669713,FC,136,74,16,63,20,95,30,11,0.21621621621621623,0.31746031746031744,0.6985294117647058,0.36666666666666664,2026
669713,FF,218,111,13,110,30,145,49,21,0.11711711711711711,0.2727272727272727,0.6651376146788991,0.42857142857142855,2026
669713,SI,168,93,10,88,34,113,43,20,0.10752688172043011,0.38636363636363635,0.6726190476190477,0.46511627906976744,2026
669713,ST,265,109,41,164,61,161,35,13,0.3761467889908257,0.3719512195121951,0.6075471698113207,0.37142857142857144,2026
669724,CH,25,11,1,17,5,13,8,2,0.09090909090909091,0.29411764705882354,0.52,0.25,2026
669724,FF,27,14,3,14,3,16,3,1,0.21428571428571427,0.21428571428571427,0.5925925925925926,0.3333333333333333,2026
669724,SI,195,98,7,75,18,140,55,39,0.07142857142857142,0.24,0.717948717948718,0.7090909090909091,2026
669724,SL,74,23,5,45,8,38,9,4,0.21739130434782608,0.17777777777777778,0.5135135135135135,0.4444444444444444,2026
669854,CH,152,92,30,82,35,106,32,14,0.32608695652173914,0.4268292682926829,0.6973684210526315,0.4375,2026
669854,CU,87,36,8,46,11,53,11,5,0.2222222222222222,0.2391304347826087,0.6091954022988506,0.45454545454545453,2026
669854,FF,211,91,14,115,25,122,33,11,0.15384615384615385,0.21739130434782608,0.5781990521327014,0.3333333333333333,2026
669854,SL,120,63,11,56,16,81,21,5,0.1746031746031746,0.2857142857142857,0.675,0.23809523809523808,2026
669920,CH,105,51,14,64,15,55,23,11,0.27450980392156865,0.234375,0.5238095238095238,0.4782608695652174,2026
669920,FC,22,9,1,10,1,13,4,1,0.1111111111111111,0.1,0.5909090909090909,0.25,2026
669920,FF,69,35,3,31,10,49,18,8,0.08571428571428572,0.3225806451612903,0.7101449275362319,0.4444444444444444,2026
669920,SI,70,24,4,28,4,48,10,5,0.16666666666666666,0.14285714285714285,0.6857142857142857,0.5,2026
669920,SL,15,9,2,5,1,11,2,0,0.2222222222222222,0.2,0.7333333333333333,0.0,2026
669920,ST,18,5,1,7,1,11,4,2,0.2,0.14285714285714285,0.6111111111111112,0.5,2026
669923,CH,149,67,18,91,21,80,26,8,0.26865671641791045,0.23076923076923078,0.5369127516778524,0.3076923076923077,2026
669923,FC,116,56,15,61,16,69,22,10,0.26785714285714285,0.26229508196721313,0.5948275862068966,0.45454545454545453,2026
669923,FF,784,470,97,377,149,549,161,53,0.20638297872340425,0.3952254641909814,0.7002551020408163,0.32919254658385094,2026
669923,FS,71,35,8,48,15,38,16,6,0.22857142857142856,0.3125,0.5352112676056338,0.375,2026
669923,KC,281,131,29,170,68,179,48,35,0.22137404580152673,0.4,0.6370106761565836,0.7291666666666666,2026
669923,SI,576,287,34,228,54,412,130,72,0.11846689895470383,0.23684210526315788,0.7152777777777778,0.5538461538461539,2026
669923,ST,781,384,102,424,157,513,140,56,0.265625,0.37028301886792453,0.6568501920614597,0.4,2026
669947,FF,164,76,17,81,24,103,15,3,0.2236842105263158,0.2962962962962963,0.6280487804878049,0.2,2026
669947,FS,115,61,10,70,23,70,31,12,0.16393442622950818,0.32857142857142857,0.6086956521739131,0.3870967741935484,2026
669947,SI,179,98,16,90,38,130,42,21,0.16326530612244897,0.4222222222222222,0.7262569832402235,0.5,2026
669947,SL,236,117,19,112,27,154,52,20,0.1623931623931624,0.24107142857142858,0.652542372881356,0.38461538461538464,2026
669947,ST,79,37,10,54,16,45,14,4,0.2702702702702703,0.2962962962962963,0.569620253164557,0.2857142857142857,2026
670032,EP,5,2,0,3,0,2,2,2,0.0,0.0,0.4,1.0,2026
670032,FA,19,8,0,11,4,13,4,1,0.0,0.36363636363636365,0.6842105263157895,0.25,2026
670036,FC,53,27,5,30,10,32,13,5,0.18518518518518517,0.3333333333333333,0.6037735849056604,0.38461538461538464,2026
670036,FF,543,263,68,274,84,355,83,36,0.2585551330798479,0.30656934306569344,0.6537753222836096,0.43373493975903615,2026
670036,SI,65,23,3,32,7,40,12,3,0.13043478260869565,0.21875,0.6153846153846154,0.25,2026
670036,ST,440,219,51,238,79,279,85,28,0.2328767123287671,0.3319327731092437,0.634090909090909,0.32941176470588235,2026
670036,UN,1,0,0,1,0,0,0,0,,0.0,0.0,,2026
670059,CU,90,38,13,74,28,44,15,9,0.34210526315789475,0.3783783783783784,0.4888888888888889,0.6,2026
670059,FC,1,1,0,0,0,1,1,0,0.0,,1.0,0.0,2026
670059,FF,40,19,6,28,10,22,3,1,0.3157894736842105,0.35714285714285715,0.55,0.3333333333333333,2026
670059,SI,439,196,27,205,53,291,90,54,0.1377551020408163,0.25853658536585367,0.662870159453303,0.6,2026
670059,ST,290,127,57,179,54,169,33,15,0.44881889763779526,0.3016759776536313,0.5827586206896552,0.45454545454545453,2026
670062,FF,217,86,12,97,13,136,32,18,0.13953488372093023,0.13402061855670103,0.6267281105990783,0.5625,2026
670062,SL,127,54,14,51,11,83,16,4,0.25925925925925924,0.21568627450980393,0.6535433070866141,0.25,2026
670062,ST,368,189,58,217,85,240,70,26,0.30687830687830686,0.391705069124424,0.6521739130434783,0.37142857142857144,2026
670090,FF,42,17,0,24,3,21,6,3,0.0,0.125,0.5,0.5,2026
670090,SI,40,17,4,21,3,22,6,5,0.23529411764705882,0.14285714285714285,0.55,0.8333333333333334,2026
670090,SL,44,20,4,21,4,29,6,0,0.2,0.19047619047619047,0.6590909090909091,0.0,2026
670090,ST,23,8,1,18,6,11,2,0,0.125,0.3333333333333333,0.4782608695652174,0.0,2026
670097,EP,7,5,0,5,3,5,2,1,0.0,0.6,0.7142857142857143,0.5,2026
670097,FA,3,2,0,2,1,2,1,0,0.0,0.5,0.6666666666666666,0.0,2026
670103,CH,27,16,4,17,6,16,4,3,0.25,0.35294117647058826,0.5925925925925926,0.75,2026
670103,FC,34,17,0,15,2,22,12,2,0.0,0.13333333333333333,0.6470588235294118,0.16666666666666666,2026
670103,FF,6,4,1,3,2,5,2,0,0.25,0.6666666666666666,0.8333333333333334,0.0,2026
670103,SI,127,68,6,40,12,99,26,16,0.08823529411764706,0.3,0.7795275590551181,0.6153846153846154,2026
670103,ST,98,49,17,53,19,67,21,14,0.3469387755102041,0.3584905660377358,0.6836734693877551,0.6666666666666666,2026
670167,CH,69,29,6,53,17,33,14,9,0.20689655172413793,0.32075471698113206,0.4782608695652174,0.6428571428571429,2026
670167,FC,126,67,12,61,23,88,18,6,0.1791044776119403,0.3770491803278688,0.6984126984126984,0.3333333333333333,2026
670167,FF,286,142,32,149,42,177,42,16,0.22535211267605634,0.28187919463087246,0.6188811188811189,0.38095238095238093,2026
670167,SI,262,112,15,121,30,174,70,40,0.13392857142857142,0.24793388429752067,0.6641221374045801,0.5714285714285714,2026
670167,ST,278,108,28,154,41,170,39,16,0.25925925925925924,0.2662337662337662,0.6115107913669064,0.41025641025641024,2026
670183,FF,116,51,11,54,12,76,16,5,0.21568627450980393,0.2222222222222222,0.6551724137931034,0.3125,2026
670183,FS,4,1,0,3,0,1,1,1,0.0,0.0,0.25,1.0,2026
670183,SL,83,41,19,53,19,52,12,4,0.4634146341463415,0.3584905660377358,0.6265060240963856,0.3333333333333333,2026
670245,CU,201,83,29,136,45,111,32,22,0.3493975903614458,0.33088235294117646,0.5522388059701493,0.6875,2026
670245,FC,278,148,24,106,35,208,56,16,0.16216216216216217,0.330188679245283,0.7482014388489209,0.2857142857142857,2026
670245,FF,214,112,22,100,37,145,43,10,0.19642857142857142,0.37,0.677570093457944,0.23255813953488372,2026
670245,FS,10,3,2,10,3,3,1,1,0.6666666666666666,0.3,0.3,1.0,2026
670245,SI,163,82,11,90,29,103,41,23,0.13414634146341464,0.32222222222222224,0.6319018404907976,0.5609756097560976,2026
670245,ST,272,132,44,151,49,172,43,15,0.3333333333333333,0.32450331125827814,0.6323529411764706,0.3488372093023256,2026
670280,CU,210,76,30,106,28,133,22,8,0.39473684210526316,0.2641509433962264,0.6333333333333333,0.36363636363636365,2026
670280,FF,468,250,53,242,85,317,60,24,0.212,0.3512396694214876,0.6773504273504274,0.4,2026
670280,FS,476,287,92,284,130,324,100,62,0.3205574912891986,0.45774647887323944,0.680672268907563,0.62,2026
670329,CH,273,152,60,137,47,187,46,16,0.39473684210526316,0.34306569343065696,0.684981684981685,0.34782608695652173,2026
670329,CU,241,110,35,139,45,148,41,19,0.3181818181818182,0.3237410071942446,0.6141078838174274,0.4634146341463415,2026
670329,FF,330,149,26,153,35,212,48,18,0.174496644295302,0.22875816993464052,0.6424242424242425,0.375,2026
670329,SL,153,78,20,82,24,95,38,20,0.2564102564102564,0.2926829268292683,0.6209150326797386,0.5263157894736842,2026
670871,CH,2,2,1,2,2,2,0,0,0.5,1.0,1.0,,2026
670871,FF,7,4,0,6,3,4,2,0,0.0,0.5,0.5714285714285714,0.0,2026
670871,SI,5,0,0,2,0,3,0,0,,0.0,0.6,,2026
670871,ST,4,2,1,3,1,2,0,0,0.5,0.3333333333333333,0.5,,2026
670912,CU,18,9,1,12,4,10,3,1,0.1111111111111111,0.3333333333333333,0.5555555555555556,0.3333333333333333,2026
670912,FC,1,0,0,1,0,1,0,0,,0.0,1.0,,2026
670912,FF,25,14,3,11,3,17,5,4,0.21428571428571427,0.2727272727272727,0.68,0.8,2026
670912,SI,14,10,0,7,4,11,3,0,0.0,0.5714285714285714,0.7857142857142857,0.0,2026
670912,SL,14,4,1,8,2,8,2,1,0.25,0.25,0.5714285714285714,0.5,2026
670950,CH,359,158,64,266,95,194,51,19,0.4050632911392405,0.35714285714285715,0.5403899721448467,0.37254901960784315,2026
670950,FF,823,426,48,332,86,585,173,43,0.11267605633802817,0.25903614457831325,0.7108140947752126,0.24855491329479767,2026
670950,SI,6,3,2,5,2,3,0,0,0.6666666666666666,0.4,0.5,,2026
670950,SL,114,53,16,73,24,65,21,10,0.3018867924528302,0.3287671232876712,0.5701754385964912,0.47619047619047616,2026
670970,CH,304,182,101,221,118,201,35,27,0.554945054945055,0.5339366515837104,0.6611842105263158,0.7714285714285715,2026
670970,FF,187,123,47,109,53,131,21,8,0.3821138211382114,0.48623853211009177,0.7005347593582888,0.38095238095238093,2026
670970,SI,627,311,52,248,66,437,128,73,0.16720257234726688,0.2661290322580645,0.696969696969697,0.5703125,2026
670970,SL,200,77,22,98,24,129,28,15,0.2857142857142857,0.24489795918367346,0.645,0.5357142857142857,2026
670990,CH,5,1,0,3,0,2,0,0,0.0,0.0,0.4,,2026
670990,CU,149,55,15,94,28,82,17,10,0.2727272727272727,0.2978723404255319,0.5503355704697986,0.5882352941176471,2026
670990,FF,293,143,34,145,39,185,48,17,0.23776223776223776,0.2689655172413793,0.6313993174061433,0.3541666666666667,2026
670990,SI,344,161,22,163,40,225,75,44,0.13664596273291926,0.24539877300613497,0.6540697674418605,0.5866666666666667,2026
670990,ST,619,264,95,344,116,396,62,30,0.35984848484848486,0.3372093023255814,0.6397415185783522,0.4838709677419355,2026
670990,UN,1,0,0,1,0,0,0,0,,0.0,0.0,,2026
671083,FA,39,17,1,25,7,21,7,3,0.058823529411764705,0.28,0.5384615384615384,0.42857142857142855,2026
671096,CH,557,253,90,376,121,305,106,57,0.3557312252964427,0.32180851063829785,0.547576301615799,0.5377358490566038,2026
671096,CU,372,120,27,213,41,205,56,20,0.225,0.19248826291079812,0.5510752688172043,0.35714285714285715,2026
671096,FC,95,52,13,45,16,65,11,8,0.25,0.35555555555555557,0.6842105263157895,0.7272727272727273,2026
671096,FF,1275,592,58,547,132,855,252,88,0.09797297297297297,0.2413162705667276,0.6705882352941176,0.3492063492063492,2026
671096,ST,559,298,73,324,126,358,94,34,0.24496644295302014,0.3888888888888889,0.6404293381037567,0.3617021276595745,2026
671106,CH,43,20,6,30,11,25,6,5,0.3,0.36666666666666664,0.5813953488372093,0.8333333333333334,2026
671106,FC,77,43,10,34,11,53,16,3,0.23255813953488372,0.3235294117647059,0.6883116883116883,0.1875,2026
671106,FF,88,45,5,47,14,57,17,10,0.1111111111111111,0.2978723404255319,0.6477272727272727,0.5882352941176471,2026
671106,SI,53,28,1,18,7,41,9,6,0.03571428571428571,0.3888888888888889,0.7735849056603774,0.6666666666666666,2026
671106,ST,64,21,7,38,7,33,9,4,0.3333333333333333,0.18421052631578946,0.515625,0.4444444444444444,2026
671109,CH,1,0,0,1,0,0,0,0,,0.0,0.0,,2026
671109,CU,2,1,0,1,0,1,0,0,0.0,0.0,0.5,,2026
671109,FF,34,21,1,13,4,24,11,3,0.047619047619047616,0.3076923076923077,0.7058823529411765,0.2727272727272727,2026
671109,SL,19,11,2,13,5,11,2,1,0.18181818181818182,0.38461538461538464,0.5789473684210527,0.5,2026
671111,CH,71,38,5,46,18,45,19,8,0.13157894736842105,0.391304347826087,0.6338028169014085,0.42105263157894735,2026
671111,FF,59,29,5,32,11,38,8,4,0.1724137931034483,0.34375,0.6440677966101694,0.5,2026
671111,SI,105,44,3,43,9,75,20,10,0.06818181818181818,0.20930232558139536,0.7142857142857143,0.5,2026
671111,SL,83,39,10,35,11,59,17,5,0.2564102564102564,0.3142857142857143,0.7108433734939759,0.29411764705882354,2026
671111,ST,82,32,4,42,8,50,12,2,0.125,0.19047619047619047,0.6097560975609756,0.16666666666666666,2026
671131,FC,20,13,4,9,5,15,4,4,0.3076923076923077,0.5555555555555556,0.75,1.0,2026
671131,FS,12,4,3,8,1,5,1,0,0.75,0.125,0.4166666666666667,0.0,2026
671131,SI,12,6,1,2,0,10,3,2,0.16666666666666666,0.0,0.8333333333333334,0.6666666666666666,2026
671162,CH,81,34,7,54,16,42,18,9,0.20588235294117646,0.2962962962962963,0.5185185185185185,0.5,2026
671162,FC,68,39,7,26,6,51,16,7,0.1794871794871795,0.23076923076923078,0.75,0.4375,2026
671162,FF,95,45,12,50,16,60,12,6,0.26666666666666666,0.32,0.631578947368421,0.5,2026
671162,SI,98,48,4,37,6,68,27,23,0.08333333333333333,0.16216216216216217,0.6938775510204082,0.8518518518518519,2026
671162,ST,76,32,8,46,15,47,16,5,0.25,0.32608695652173914,0.618421052631579,0.3125,2026
671212,FF,77,37,9,31,5,48,10,4,0.24324324324324326,0.16129032258064516,0.6233766233766234,0.4,2026
671212,FS,50,27,8,30,10,30,8,7,0.2962962962962963,0.3333333333333333,0.6,0.875,2026
671212,SI,65,27,4,36,12,41,11,5,0.14814814814814814,0.3333333333333333,0.6307692307692307,0.45454545454545453,2026
671212,SL,112,48,11,55,13,71,16,4,0.22916666666666666,0.23636363636363636,0.6339285714285714,0.25,2026
671212,ST,43,18,3,22,7,28,6,1,0.16666666666666666,0.3181818181818182,0.6511627906976745,0.16666666666666666,2026
671345,FF,81,34,9,58,15,36,10,5,0.2647058823529412,0.25862068965517243,0.4444444444444444,0.5,2026
671345,FS,61,27,5,42,13,32,15,10,0.18518518518518517,0.30952380952380953,0.5245901639344263,0.6666666666666666,2026
671345,SI,187,81,6,67,11,132,38,21,0.07407407407407407,0.16417910447761194,0.7058823529411765,0.5526315789473685,2026
671345,SL,119,50,9,67,16,68,28,11,0.18,0.23880597014925373,0.5714285714285714,0.39285714285714285,2026
671382,FC,38,21,7,17,4,24,10,7,0.3333333333333333,0.23529411764705882,0.631578947368421,0.7,2026
671382,FF,110,48,10,53,14,69,16,6,0.20833333333333334,0.2641509433962264,0.6272727272727273,0.375,2026
671382,SL,41,17,5,28,8,23,6,3,0.29411764705882354,0.2857142857142857,0.5609756097560976,0.5,2026
671737,CU,278,88,31,176,42,146,25,9,0.3522727272727273,0.23863636363636365,0.5251798561151079,0.36,2026
671737,FC,734,367,128,411,149,473,112,41,0.34877384196185285,0.36253041362530414,0.6444141689373297,0.36607142857142855,2026
671737,FF,1398,686,93,620,159,942,237,70,0.13556851311953352,0.2564516129032258,0.6738197424892703,0.29535864978902954,2026
671737,FS,587,273,90,330,85,334,89,45,0.32967032967032966,0.25757575757575757,0.5689948892674617,0.5056179775280899,2026
671922,FF,789,408,111,326,108,569,110,42,0.27205882352941174,0.3312883435582822,0.7211660329531052,0.38181818181818183,2026
671922,FS,309,150,62,220,81,169,35,20,0.41333333333333333,0.36818181818181817,0.5469255663430421,0.5714285714285714,2026
671922,ST,128,48,17,75,20,74,14,4,0.3541666666666667,0.26666666666666666,0.578125,0.2857142857142857,2026
671936,CH,84,28,8,63,14,37,12,7,0.2857142857142857,0.2222222222222222,0.44047619047619047,0.5833333333333334,2026
671936,FF,230,127,20,100,37,166,44,13,0.15748031496062992,0.37,0.7217391304347827,0.29545454545454547,2026
671936,KC,32,6,3,25,4,11,0,0,0.5,0.16,0.34375,,2026
671936,SL,231,112,36,116,40,159,39,15,0.32142857142857145,0.3448275862068966,0.6883116883116883,0.38461538461538464,2026
671969,SI,2,0,0,2,0,0,0,0,,0.0,0.0,,2026
671969,SL,2,1,0,0,0,2,1,0,0.0,,1.0,0.0,2026
672021,FC,28,8,4,21,5,13,1,0,0.5,0.23809523809523808,0.4642857142857143,0.0,2026
672021,FF,45,12,2,27,2,19,4,2,0.16666666666666666,0.07407407407407407,0.4222222222222222,0.5,2026
672021,SL,49,17,9,33,7,24,5,3,0.5294117647058824,0.21212121212121213,0.4897959183673469,0.6,2026
672282,CH,275,137,48,152,42,161,47,24,0.35036496350364965,0.27631578947368424,0.5854545454545454,0.5106382978723404,2026
672282,CU,326,112,41,151,39,223,30,9,0.36607142857142855,0.2582781456953642,0.6840490797546013,0.3,2026
672282,FF,1356,693,117,615,173,907,248,73,0.16883116883116883,0.2813008130081301,0.6688790560471977,0.29435483870967744,2026
672282,PO,1,0,0,1,0,0,0,0,,0.0,0.0,,2026
672282,SI,29,13,0,20,7,15,5,4,0.0,0.35,0.5172413793103449,0.8,2026
672282,SL,971,506,170,534,222,650,145,73,0.3359683794466403,0.4157303370786517,0.6694129763130793,0.503448275862069,2026
672335,CU,128,58,15,75,23,77,23,16,0.25862068965517243,0.30666666666666664,0.6015625,0.6956521739130435,2026
672335,FF,166,80,16,76,17,103,28,11,0.2,0.2236842105263158,0.6204819277108434,0.39285714285714285,2026
672335,SI,235,111,14,111,31,159,47,36,0.12612612612612611,0.27927927927927926,0.676595744680851,0.7659574468085106,2026
672335,SV,261,118,35,160,57,163,37,13,0.2966101694915254,0.35625,0.6245210727969349,0.35135135135135137,2026
672442,FF,79,30,3,39,7,47,13,3,0.1,0.1794871794871795,0.5949367088607594,0.23076923076923078,2026
672442,FS,20,11,5,10,4,12,2,1,0.45454545454545453,0.4,0.6,0.5,2026
672442,SI,46,20,0,22,3,27,9,4,0.0,0.13636363636363635,0.5869565217391305,0.4444444444444444,2026
672442,SL,128,63,20,64,22,86,23,8,0.31746031746031744,0.34375,0.671875,0.34782608695652173,2026
672456,CH,314,155,40,164,37,191,69,24,0.25806451612903225,0.22560975609756098,0.60828025477707,0.34782608695652173,2026
672456,FF,691,330,37,318,83,462,138,50,0.11212121212121212,0.2610062893081761,0.6685962373371924,0.36231884057971014,2026
672456,KC,319,150,27,176,52,197,69,22,0.18,0.29545454545454547,0.6175548589341693,0.3188405797101449,2026
672456,SI,529,241,20,230,55,359,125,68,0.08298755186721991,0.2391304347826087,0.6786389413988658,0.544,2026
672456,SL,451,224,57,216,70,299,74,27,0.2544642857142857,0.32407407407407407,0.6629711751662971,0.36486486486486486,2026
672456,UN,1,0,0,1,0,0,0,0,,0.0,0.0,,2026
672578,FF,28,15,3,14,3,17,5,0,0.2,0.21428571428571427,0.6071428571428571,0.0,2026
672578,FS,12,6,2,10,4,6,0,0,0.3333333333333333,0.4,0.5,,2026
672578,KC,1,0,0,1,0,0,0,0,,0.0,0.0,,2026
672578,SL,10,5,0,2,0,8,4,2,0.0,0.0,0.8,0.5,2026
672582,CH,13,5,1,9,2,6,1,0,0.2,0.2222222222222222,0.46153846153846156,0.0,2026
672582,FF,11,6,1,8,3,6,1,0,0.16666666666666666,0.375,0.5454545454545454,0.0,2026
672582,SI,147,57,8,57,7,98,25,16,0.14035087719298245,0.12280701754385964,0.6666666666666666,0.64,2026
672582,SL,45,22,3,27,9,27,14,9,0.13636363636363635,0.3333333333333333,0.6,0.6428571428571429,2026
672629,FC,92,34,3,48,6,50,13,6,0.08823529411764706,0.125,0.5434782608695652,0.46153846153846156,2026
672629,FF,34,14,2,21,5,18,4,1,0.14285714285714285,0.23809523809523808,0.5294117647058824,0.25,2026
672629,FS,81,34,18,58,18,41,9,4,0.5294117647058824,0.3103448275862069,0.5061728395061729,0.4444444444444444,2026
672629,SI,68,22,2,33,5,40,10,7,0.09090909090909091,0.15151515151515152,0.5882352941176471,0.7,2026
672629,ST,41,21,9,20,8,29,6,1,0.42857142857142855,0.4,0.7073170731707317,0.16666666666666666,2026
672782,CH,64,28,6,43,11,32,9,5,0.21428571428571427,0.2558139534883721,0.5,0.5555555555555556,2026
672782,FC,169,78,14,83,22,107,39,13,0.1794871794871795,0.26506024096385544,0.6331360946745562,0.3333333333333333,2026
672782,FF,518,244,54,235,56,339,71,14,0.22131147540983606,0.23829787234042554,0.6544401544401545,0.19718309859154928,2026
672782,SI,101,50,8,50,17,69,23,9,0.16,0.34,0.6831683168316832,0.391304347826087,2026
672782,ST,271,124,47,174,52,148,41,9,0.3790322580645161,0.2988505747126437,0.5461254612546126,0.21951219512195122,2026
672841,FC,69,33,5,30,5,46,10,6,0.15151515151515152,0.16666666666666666,0.6666666666666666,0.6,2026
672841,SI,142,72,7,62,18,97,30,16,0.09722222222222222,0.2903225806451613,0.6830985915492958,0.5333333333333333,2026
672841,SL,71,43,10,43,19,46,16,5,0.23255813953488372,0.4418604651162791,0.647887323943662,0.3125,2026
673380,CH,4,1,0,4,1,1,1,1,0.0,0.25,0.25,1.0,2026
673380,FF,113,67,9,49,16,79,33,11,0.13432835820895522,0.32653061224489793,0.6991150442477876,0.3333333333333333,2026
673380,SL,96,63,35,53,35,80,18,8,0.5555555555555556,0.660377358490566,0.8333333333333334,0.4444444444444444,2026
673513,FF,414,201,34,193,52,280,62,16,0.1691542288557214,0.2694300518134715,0.6763285024154589,0.25806451612903225,2026
673513,FS,281,153,69,206,92,168,36,14,0.45098039215686275,0.44660194174757284,0.597864768683274,0.3888888888888889,2026
673513,SI,31,11,1,23,5,13,7,3,0.09090909090909091,0.21739130434782608,0.41935483870967744,0.42857142857142855,2026
673513,SL,329,137,46,185,46,198,47,22,0.3357664233576642,0.24864864864864866,0.601823708206687,0.46808510638297873,2026
673513,ST,31,11,3,16,2,16,2,1,0.2727272727272727,0.125,0.5161290322580645,0.5,2026
673540,CU,2,0,0,2,0,0,0,0,,0.0,0.0,,2026
673540,FC,149,66,14,74,19,94,27,13,0.21212121212121213,0.25675675675675674,0.6308724832214765,0.48148148148148145,2026
673540,FF,481,216,27,229,45,300,77,17,0.125,0.1965065502183406,0.6237006237006237,0.22077922077922077,2026
673540,FO,302,131,62,228,74,149,27,9,0.4732824427480916,0.32456140350877194,0.49337748344370863,0.3333333333333333,2026
673540,SI,36,16,3,19,3,20,5,1,0.1875,0.15789473684210525,0.5555555555555556,0.2,2026
673540,SL,67,44,21,37,16,47,14,4,0.4772727272727273,0.43243243243243246,0.7014925373134329,0.2857142857142857,2026
673540,ST,92,28,7,47,8,51,13,4,0.25,0.1702127659574468,0.5543478260869565,0.3076923076923077,2026
673929,FF,164,90,16,91,29,104,28,4,0.17777777777777778,0.31868131868131866,0.6341463414634146,0.14285714285714285,2026
673929,FS,9,4,2,7,2,4,1,1,0.5,0.2857142857142857,0.4444444444444444,1.0,2026
673929,SI,11,8,1,6,3,8,3,2,0.125,0.5,0.7272727272727273,0.6666666666666666,2026
673929,SL,129,60,22,78,28,80,20,5,0.36666666666666664,0.358974358974359,0.6201550387596899,0.25,2026
674003,CH,224,116,25,106,37,154,45,22,0.21551724137931033,0.3490566037735849,0.6875,0.4888888888888889,2026
674003,CU,32,5,0,20,1,14,2,1,0.0,0.05,0.4375,0.5,2026
674003,FF,370,201,27,149,51,277,88,25,0.13432835820895522,0.3422818791946309,0.7486486486486487,0.2840909090909091,2026
674003,SI,15,8,0,9,4,10,5,2,0.0,0.4444444444444444,0.6666666666666666,0.4,2026
674003,SL,78,30,4,50,12,40,20,7,0.13333333333333333,0.24,0.5128205128205128,0.35,2026
674073,CH,15,8,2,5,2,12,2,1,0.25,0.4,0.8,0.5,2026
674073,CU,3,1,0,2,0,1,1,0,0.0,0.0,0.3333333333333333,0.0,2026
674073,FC,38,23,3,22,11,30,9,6,0.13043478260869565,0.5,0.7894736842105263,0.6666666666666666,2026
674073,FF,63,27,7,43,11,34,7,4,0.25925925925925924,0.2558139534883721,0.5396825396825397,0.5714285714285714,2026
674073,SI,37,20,4,15,5,29,6,2,0.2,0.3333333333333333,0.7837837837837838,0.3333333333333333,2026
674073,ST,49,25,8,34,14,29,7,2,0.32,0.4117647058823529,0.5918367346938775,0.2857142857142857,2026
674370,CH,20,6,1,15,4,8,3,0,0.16666666666666666,0.26666666666666666,0.4,0.0,2026
674370,FF,92,42,7,55,15,53,16,5,0.16666666666666666,0.2727272727272727,0.5760869565217391,0.3125,2026
674370,SI,65,32,2,27,9,50,15,6,0.0625,0.3333333333333333,0.7692307692307693,0.4,2026
674370,SL,77,31,9,48,13,45,11,4,0.2903225806451613,0.2708333333333333,0.5844155844155844,0.36363636363636365,2026
674370,ST,63,34,13,40,18,42,11,3,0.38235294117647056,0.45,0.6666666666666666,0.2727272727272727,2026
674444,FC,266,147,38,123,32,176,52,29,0.2585034013605442,0.2601626016260163,0.6616541353383458,0.5576923076923077,2026
674444,FF,523,277,72,231,66,357,81,33,0.259927797833935,0.2857142857142857,0.6826003824091779,0.4074074074074074,2026
674444,SL,138,68,15,76,22,82,25,11,0.22058823529411764,0.2894736842105263,0.5942028985507246,0.44,2026
674444,ST,3,1,1,3,1,1,0,0,1.0,0.3333333333333333,0.3333333333333333,,2026
674841,CH,101,38,13,71,18,48,17,10,0.34210526315789475,0.2535211267605634,0.4752475247524752,0.5882352941176471,2026
674841,CU,594,265,88,349,121,364,84,47,0.3320754716981132,0.3467048710601719,0.6127946127946128,0.5595238095238095,2026
674841,FF,521,230,22,269,69,328,96,47,0.09565217391304348,0.25650557620817843,0.6295585412667947,0.4895833333333333,2026
674841,SI,265,107,15,133,30,164,51,28,0.14018691588785046,0.22556390977443608,0.6188679245283019,0.5490196078431373,2026
674841,SL,376,181,64,209,71,238,57,20,0.35359116022099446,0.3397129186602871,0.6329787234042553,0.3508771929824561,2026
675450,SI,4,4,2,1,1,4,1,0,0.5,1.0,1.0,0.0,2026
675512,CH,200,92,25,144,42,98,35,21,0.2717391304347826,0.2916666666666667,0.49,0.6,2026
675512,CU,140,65,21,77,28,91,18,10,0.3230769230769231,0.36363636363636365,0.65,0.5555555555555556,2026
675512,FC,389,205,36,163,53,278,84,34,0.17560975609756097,0.32515337423312884,0.7146529562982005,0.40476190476190477,2026
675512,FF,581,282,44,281,72,368,114,35,0.15602836879432624,0.25622775800711745,0.6333907056798623,0.30701754385964913,2026
675512,SI,162,82,16,88,36,108,29,20,0.1951219512195122,0.4090909090909091,0.6666666666666666,0.6896551724137931,2026
675512,SL,301,154,49,167,60,193,52,24,0.3181818181818182,0.3592814371257485,0.6411960132890365,0.46153846153846156,2026
675540,CU,37,21,1,15,4,25,12,3,0.047619047619047616,0.26666666666666666,0.6756756756756757,0.25,2026
675540,FF,131,58,6,60,12,81,25,6,0.10344827586206896,0.2,0.6183206106870229,0.24,2026
675540,FS,53,27,9,33,11,32,10,2,0.3333333333333333,0.3333333333333333,0.6037735849056604,0.2,2026
675540,SI,27,14,1,10,2,18,5,2,0.07142857142857142,0.2,0.6666666666666666,0.4,2026
675540,SL,100,39,6,59,15,58,17,5,0.15384615384615385,0.2542372881355932,0.58,0.29411764705882354,2026
675627,FC,14,8,2,7,3,10,5,2,0.25,0.42857142857142855,0.7142857142857143,0.4,2026
675627,FF,16,5,0,8,1,9,5,0,0.0,0.125,0.5625,0.0,2026
675627,KC,7,4,2,3,1,6,1,1,0.5,0.3333333333333333,0.8571428571428571,1.0,2026
675627,SI,18,10,1,4,3,17,5,1,0.1,0.75,0.9444444444444444,0.2,2026
675627,SL,34,18,8,20,8,22,6,2,0.4444444444444444,0.4,0.6470588235294118,0.3333333333333333,2026
675660,CH,101,33,11,79,19,40,9,1,0.3333333333333333,0.24050632911392406,0.39603960396039606,0.1111111111111111,2026
675660,CU,259,106,30,155,54,158,36,16,0.2830188679245283,0.34838709677419355,0.61003861003861,0.4444444444444444,2026
675660,FC,235,127,19,116,41,156,53,22,0.14960629921259844,0.35344827586206895,0.6638297872340425,0.41509433962264153,2026
675660,FF,535,261,64,273,84,342,71,20,0.24521072796934865,0.3076923076923077,0.6392523364485981,0.28169014084507044,2026
675660,SI,439,200,23,170,40,308,106,53,0.115,0.23529411764705882,0.7015945330296127,0.5,2026
675660,SL,432,235,87,248,102,288,79,34,0.3702127659574468,0.4112903225806452,0.6666666666666666,0.43037974683544306,2026
675848,CH,27,10,1,15,2,14,3,1,0.1,0.13333333333333333,0.5185185185185185,0.3333333333333333,2026
675848,FF,701,340,54,365,97,437,128,61,0.1588235294117647,0.26575342465753427,0.62339514978602,0.4765625,2026
675848,SI,60,32,6,27,11,45,12,5,0.1875,0.4074074074074074,0.75,0.4166666666666667,2026
675848,SL,25,11,4,16,4,14,4,0,0.36363636363636365,0.25,0.56,0.0,2026
675848,ST,490,220,71,269,95,317,67,24,0.32272727272727275,0.35315985130111527,0.6469387755102041,0.3582089552238806,2026
675911,CH,71,25,13,42,6,36,7,3,0.52,0.14285714285714285,0.5070422535211268,0.42857142857142855,2026
675911,CU,100,35,15,66,19,54,14,5,0.42857142857142855,0.2878787878787879,0.54,0.35714285714285715,2026
675911,FF,329,164,22,160,42,213,58,14,0.13414634146341464,0.2625,0.6474164133738601,0.2413793103448276,2026
675911,SL,191,98,34,112,42,124,19,7,0.3469387755102041,0.375,0.6492146596858639,0.3684210526315789,2026
675916,CU,64,19,6,36,6,34,8,3,0.3157894736842105,0.16666666666666666,0.53125,0.375,2026
675916,FF,98,45,8,51,14,62,16,4,0.17777777777777778,0.27450980392156865,0.6326530612244898,0.25,2026
675919,CH,1,0,0,1,0,0,0,0,,0.0,0.0,,2026
675919,FC,3,2,0,1,0,2,1,0,0.0,0.0,0.6666666666666666,0.0,2026
675919,SI,20,6,1,11,1,12,1,0,0.16666666666666666,0.09090909090909091,0.6,0.0,2026
675919,SL,20,7,0,12,3,12,1,1,0.0,0.25,0.6,1.0,2026
675919,ST,31,17,1,16,5,20,10,2,0.058823529411764705,0.3125,0.6451612903225806,0.2,2026
675920,CH,7,5,1,2,2,6,2,1,0.2,1.0,0.8571428571428571,0.5,2026
675920,FC,4,2,0,3,1,2,2,2,0.0,0.3333333333333333,0.5,1.0,2026
675920,FF,3,2,0,1,0,2,2,2,0.0,0.0,0.6666666666666666,1.0,2026
675920,SI,19,7,1,7,0,12,5,5,0.14285714285714285,0.0,0.631578947368421,1.0,2026
675920,ST,7,3,2,3,0,4,1,0,0.6666666666666666,0.0,0.5714285714285714,0.0,2026
675989,CH,42,15,4,27,4,18,6,2,0.26666666666666666,0.14814814814814814,0.42857142857142855,0.3333333333333333,2026
675989,CU,45,13,0,22,2,28,9,5,0.0,0.09090909090909091,0.6222222222222222,0.5555555555555556,2026
675989,FC,93,37,4,46,10,55,13,9,0.10810810810810811,0.21739130434782608,0.5913978494623656,0.6923076923076923,2026
675989,FF,111,48,10,70,18,58,12,2,0.20833333333333334,0.2571428571428571,0.5225225225225225,0.16666666666666666,2026
675989,SI,59,30,2,20,8,47,11,4,0.06666666666666667,0.4,0.7966101694915254,0.36363636363636365,2026
675989,ST,41,20,6,19,6,28,7,0,0.3,0.3157894736842105,0.6829268292682927,0.0,2026
676051,CH,46,19,11,30,7,23,3,2,0.5789473684210527,0.23333333333333334,0.5,0.6666666666666666,2026
676051,FF,81,45,5,30,10,59,22,7,0.1111111111111111,0.3333333333333333,0.7283950617283951,0.3181818181818182,2026
676051,SI,1,0,0,1,0,0,0,0,,0.0,0.0,,2026
676051,SL,61,19,5,43,11,30,9,5,0.2631578947368421,0.2558139534883721,0.4918032786885246,0.5555555555555556,2026
676083,CH,346,159,31,205,56,196,67,45,0.1949685534591195,0.2731707317073171,0.5664739884393064,0.6716417910447762,2026
676083,CU,179,64,9,99,25,103,30,19,0.140625,0.25252525252525254,0.5754189944134078,0.6333333333333333,2026
676083,FF,703,345,39,287,77,492,122,41,0.11304347826086956,0.2682926829268293,0.6998577524893315,0.3360655737704918,2026
676083,SI,78,44,2,32,8,54,24,13,0.045454545454545456,0.25,0.6923076923076923,0.5416666666666666,2026
676083,SL,380,195,26,158,41,264,82,33,0.13333333333333333,0.25949367088607594,0.6947368421052632,0.4024390243902439,2026
676083,ST,286,159,22,146,53,195,70,22,0.13836477987421383,0.363013698630137,0.6818181818181818,0.3142857142857143,2026
676083,SV,9,5,2,7,3,5,1,0,0.4,0.42857142857142855,0.5555555555555556,0.0,2026
676105,CH,9,4,1,5,1,4,1,1,0.25,0.2,0.4444444444444444,1.0,2026
676105,FF,33,18,4,19,6,20,4,0,0.2222222222222222,0.3157894736842105,0.6060606060606061,0.0,2026
676105,SL,37,15,4,20,2,20,7,3,0.26666666666666666,0.1,0.5405405405405406,0.42857142857142855,2026
676106,CH,108,43,9,80,18,46,23,14,0.20930232558139536,0.225,0.42592592592592593,0.6086956521739131,2026
676106,CU,97,41,15,78,25,45,11,2,0.36585365853658536,0.32051282051282054,0.4639175257731959,0.18181818181818182,2026
676106,FC,252,105,35,130,29,148,32,9,0.3333333333333333,0.2230769230769231,0.5873015873015873,0.28125,2026
676106,FF,857,532,103,323,106,640,164,62,0.19360902255639098,0.3281733746130031,0.7467911318553092,0.3780487804878049,2026
676106,SI,508,272,25,197,62,372,131,80,0.09191176470588236,0.3147208121827411,0.7322834645669292,0.6106870229007634,2026
676106,ST,349,134,47,243,60,170,40,9,0.35074626865671643,0.24691358024691357,0.4871060171919771,0.225,2026
676130,CH,8,1,1,6,0,2,0,0,1.0,0.0,0.25,,2026
676130,CU,1,0,0,1,0,0,0,0,,0.0,0.0,,2026
676130,FF,16,6,3,14,5,8,1,0,0.5,0.35714285714285715,0.5,0.0,2026
676130,SI,25,8,1,14,2,12,4,1,0.125,0.14285714285714285,0.48,0.25,2026
676130,SL,13,7,4,9,4,8,2,0,0.5714285714285714,0.4444444444444444,0.6153846153846154,0.0,2026
676254,FF,25,7,2,12,2,14,4,2,0.2857142857142857,0.16666666666666666,0.56,0.5,2026
676254,SI,397,175,18,180,45,262,70,39,0.10285714285714286,0.25,0.6599496221662469,0.5571428571428572,2026
676254,SL,187,79,15,113,29,103,38,11,0.189873417721519,0.25663716814159293,0.5508021390374331,0.2894736842105263,2026
676263,CU,170,64,15,105,33,99,20,18,0.234375,0.3142857142857143,0.5823529411764706,0.9,2026
676263,FF,494,249,57,225,79,346,66,26,0.2289156626506024,0.3511111111111111,0.7004048582995951,0.3939393939393939,2026
676263,SL,373,191,57,210,62,231,77,34,0.29842931937172773,0.29523809523809524,0.6193029490616622,0.44155844155844154,2026
676272,CH,10,3,1,7,0,3,0,0,0.3333333333333333,0.0,0.3,,2026
676272,CU,57,20,6,38,10,32,7,5,0.3,0.2631578947368421,0.5614035087719298,0.7142857142857143,2026
676272,FF,49,23,2,26,7,30,8,3,0.08695652173913043,0.2692307692307692,0.6122448979591837,0.375,2026
676272,SI,19,8,3,10,4,13,3,2,0.375,0.4,0.6842105263157895,0.6666666666666666,2026
676272,SL,7,4,3,4,1,4,0,0,0.75,0.25,0.5714285714285714,,2026
676282,CH,669,316,119,378,100,396,89,44,0.37658227848101267,0.26455026455026454,0.5919282511210763,0.4943820224719101,2026
676282,CU,843,375,129,497,176,523,115,73,0.344,0.35412474849094566,0.6204033214709371,0.6347826086956522,2026
676282,FC,224,115,29,99,26,154,51,15,0.25217391304347825,0.26262626262626265,0.6875,0.29411764705882354,2026
676282,FF,900,358,48,413,74,556,154,56,0.1340782122905028,0.1791767554479419,0.6177777777777778,0.36363636363636365,2026
676282,SL,111,56,15,58,21,75,20,5,0.26785714285714285,0.3620689655172414,0.6756756756756757,0.25,2026
676282,UN,1,0,0,1,0,0,0,0,,0.0,0.0,,2026
676395,CH,101,47,9,63,18,56,23,13,0.19148936170212766,0.2857142857142857,0.5544554455445545,0.5652173913043478,2026
676395,FF,127,60,14,44,8,89,22,8,0.23333333333333334,0.18181818181818182,0.7007874015748031,0.36363636363636365,2026
676395,SL,59,18,4,32,6,34,6,4,0.2222222222222222,0.1875,0.576271186440678,0.6666666666666666,2026
676428,CH,54,28,7,36,14,31,11,8,0.25,0.3888888888888889,0.5740740740740741,0.7272727272727273,2026
676428,FF,23,13,2,10,1,14,6,2,0.15384615384615385,0.1,0.6086956521739131,0.3333333333333333,2026
676428,SI,279,121,10,117,27,189,70,47,0.08264462809917356,0.23076923076923078,0.6774193548387096,0.6714285714285714,2026
676428,ST,152,60,22,87,27,92,17,5,0.36666666666666664,0.3103448275862069,0.6052631578947368,0.29411764705882354,2026
676440,CH,458,222,74,253,70,268,77,28,0.3333333333333333,0.2766798418972332,0.5851528384279476,0.36363636363636365,2026
676440,CU,326,145,31,191,58,199,57,17,0.21379310344827587,0.3036649214659686,0.6104294478527608,0.2982456140350877,2026
676440,FC,717,359,105,375,124,471,130,33,0.2924791086350975,0.33066666666666666,0.6569037656903766,0.25384615384615383,2026
676440,FF,696,316,41,353,84,432,143,57,0.12974683544303797,0.23796033994334279,0.6206896551724138,0.3986013986013986,2026
676440,SI,616,277,39,244,54,430,133,70,0.1407942238267148,0.22131147540983606,0.698051948051948,0.5263157894736842,2026
676440,ST,155,82,12,86,27,96,30,10,0.14634146341463414,0.313953488372093,0.6193548387096774,0.3333333333333333,2026
676454,FF,48,21,6,21,5,32,8,2,0.2857142857142857,0.23809523809523808,0.6666666666666666,0.25,2026
676454,SI,3,0,0,2,0,1,0,0,,0.0,0.3333333333333333,,2026
676454,SL,9,4,0,7,2,4,2,1,0.0,0.2857142857142857,0.4444444444444444,0.5,2026
676454,ST,52,24,10,25,12,40,6,1,0.4166666666666667,0.48,0.7692307692307693,0.16666666666666666,2026
676467,CH,38,23,6,21,8,26,8,4,0.2608695652173913,0.38095238095238093,0.6842105263157895,0.5,2026
676467,CU,6,3,0,2,1,5,1,0,0.0,0.5,0.8333333333333334,0.0,2026
676467,FF,77,41,6,37,14,57,14,3,0.14634146341463414,0.3783783783783784,0.7402597402597403,0.21428571428571427,2026
676467,SI,58,23,2,32,8,33,15,8,0.08695652173913043,0.25,0.5689655172413793,0.5333333333333333,2026
676467,SL,18,9,1,12,4,10,3,0,0.1111111111111111,0.3333333333333333,0.5555555555555556,0.0,2026
676467,ST,75,35,6,43,11,44,12,7,0.17142857142857143,0.2558139534883721,0.5866666666666667,0.5833333333333334,2026
676477,CH,134,79,26,81,37,88,26,12,0.3291139240506329,0.4567901234567901,0.6567164179104478,0.46153846153846156,2026
676477,SI,416,235,46,174,60,301,71,23,0.19574468085106383,0.3448275862068966,0.7235576923076923,0.323943661971831,2026
676477,SL,193,112,52,113,58,142,33,17,0.4642857142857143,0.5132743362831859,0.7357512953367875,0.5151515151515151,2026
676508,CH,2,0,0,1,0,1,0,0,,0.0,0.5,,2026
676508,CU,16,5,1,8,1,10,3,2,0.2,0.125,0.625,0.6666666666666666,2026
676508,FC,13,7,3,8,5,10,1,0,0.42857142857142855,0.625,0.7692307692307693,0.0,2026
676508,FF,41,16,5,26,7,23,6,0,0.3125,0.2692307692307692,0.5609756097560976,0.0,2026
676508,ST,27,12,3,18,7,16,5,2,0.25,0.3888888888888889,0.5925925925925926,0.4,2026
676510,CH,20,6,2,17,3,6,3,2,0.3333333333333333,0.17647058823529413,0.3,0.6666666666666666,2026
676510,CU,11,5,1,8,2,5,1,0,0.2,0.25,0.45454545454545453,0.0,2026
676510,FC,60,24,1,26,2,34,10,4,0.041666666666666664,0.07692307692307693,0.5666666666666667,0.4,2026
676510,FF,58,32,7,23,8,44,12,6,0.21875,0.34782608695652173,0.7586206896551724,0.5,2026
676510,SI,56,27,3,28,12,41,15,8,0.1111111111111111,0.42857142857142855,0.7321428571428571,0.5333333333333333,2026
676510,ST,24,9,4,18,5,11,5,2,0.4444444444444444,0.2777777777777778,0.4583333333333333,0.4,2026
676534,CU,152,60,15,98,30,85,27,18,0.25,0.30612244897959184,0.5592105263157895,0.6666666666666666,2026
676534,FC,372,170,40,176,41,243,58,29,0.23529411764705882,0.23295454545454544,0.6532258064516129,0.5,2026
676534,FF,128,46,15,73,17,73,6,1,0.32608695652173914,0.2328767123287671,0.5703125,0.16666666666666666,2026
676534,SI,187,71,7,100,29,119,36,28,0.09859154929577464,0.29,0.6363636363636364,0.7777777777777778,2026
676534,SL,28,12,3,18,5,13,4,1,0.25,0.2777777777777778,0.4642857142857143,0.25,2026
676534,ST,299,141,37,185,63,183,49,23,0.2624113475177305,0.34054054054054056,0.6120401337792643,0.46938775510204084,2026
676568,CH,44,24,5,26,10,28,9,5,0.20833333333333334,0.38461538461538464,0.6363636363636364,0.5555555555555556,2026
676568,CU,39,11,2,25,3,17,7,3,0.18181818181818182,0.12,0.4358974358974359,0.42857142857142855,2026
676568,FF,87,33,1,38,7,57,14,5,0.030303030303030304,0.18421052631578946,0.6551724137931034,0.35714285714285715,2026
676571,CH,75,29,2,54,15,37,11,9,0.06896551724137931,0.2777777777777778,0.49333333333333335,0.8181818181818182,2026
676571,FF,189,71,7,91,11,109,35,13,0.09859154929577464,0.12087912087912088,0.5767195767195767,0.37142857142857144,2026
676571,SI,147,54,3,68,14,95,29,23,0.05555555555555555,0.20588235294117646,0.6462585034013606,0.7931034482758621,2026
676571,ST,224,100,28,121,39,141,31,5,0.28,0.32231404958677684,0.6294642857142857,0.16129032258064516,2026
676596,CH,18,8,2,13,4,10,4,3,0.25,0.3076923076923077,0.5555555555555556,0.75,2026
676596,CU,26,13,3,13,2,15,3,1,0.23076923076923078,0.15384615384615385,0.5769230769230769,0.3333333333333333,2026
676596,FC,4,2,0,3,1,2,1,1,0.0,0.3333333333333333,0.5,1.0,2026
676596,SI,29,14,0,14,5,18,6,4,0.0,0.35714285714285715,0.6206896551724138,0.6666666666666666,2026
676604,CU,44,23,7,30,11,26,12,3,0.30434782608695654,0.36666666666666664,0.5909090909090909,0.25,2026
676604,FF,274,137,28,123,36,190,40,20,0.20437956204379562,0.2926829268292683,0.6934306569343066,0.5,2026
676604,SI,82,34,1,33,7,57,19,12,0.029411764705882353,0.21212121212121213,0.6951219512195121,0.631578947368421,2026
676604,SL,120,57,15,66,19,72,23,13,0.2631578947368421,0.2878787878787879,0.6,0.5652173913043478,2026
676604,ST,174,77,16,88,27,111,26,5,0.2077922077922078,0.3068181818181818,0.6379310344827587,0.19230769230769232,2026
676617,CH,12,3,2,9,2,5,0,0,0.6666666666666666,0.2222222222222222,0.4166666666666667,,2026
676617,PO,1,0,0,1,0,0,0,0,,0.0,0.0,,2026
676617,SI,620,281,41,273,69,420,122,62,0.14590747330960854,0.25274725274725274,0.6774193548387096,0.5081967213114754,2026
676617,SL,82,42,8,39,10,53,17,4,0.19047619047619047,0.2564102564102564,0.6463414634146342,0.23529411764705882,2026
676617,ST,349,144,67,254,87,181,34,16,0.4652777777777778,0.3425196850393701,0.5186246418338109,0.47058823529411764,2026
676620,CH,22,9,0,17,5,10,6,5,0.0,0.29411764705882354,0.45454545454545453,0.8333333333333334,2026
676620,FF,17,5,1,9,0,9,2,0,0.2,0.0,0.5294117647058824,0.0,2026
676620,SI,36,17,2,12,3,27,11,4,0.11764705882352941,0.25,0.75,0.36363636363636365,2026
676620,SL,69,31,7,26,7,51,10,3,0.22580645161290322,0.2692307692307692,0.7391304347826086,0.3,2026
676620,ST,140,79,21,70,29,101,31,10,0.26582278481012656,0.4142857142857143,0.7214285714285714,0.3225806451612903,2026
676661,FC,33,17,4,15,4,22,11,8,0.23529411764705882,0.26666666666666666,0.6666666666666666,0.7272727272727273,2026
676661,FF,61,34,2,26,8,43,15,5,0.058823529411764705,0.3076923076923077,0.7049180327868853,0.3333333333333333,2026
676661,FS,35,19,7,18,5,22,4,3,0.3684210526315789,0.2777777777777778,0.6285714285714286,0.75,2026
676661,KC,27,7,1,13,2,17,4,3,0.14285714285714285,0.15384615384615385,0.6296296296296297,0.75,2026
676664,CH,110,53,12,70,17,58,24,11,0.22641509433962265,0.24285714285714285,0.5272727272727272,0.4583333333333333,2026
676664,FC,9,4,1,5,1,5,2,1,0.25,0.2,0.5555555555555556,0.5,2026
676664,FF,182,95,17,85,25,125,40,15,0.17894736842105263,0.29411764705882354,0.6868131868131868,0.375,2026
676664,SI,78,40,4,31,12,58,14,7,0.1,0.3870967741935484,0.7435897435897436,0.5,2026
676664,SL,74,36,5,42,13,43,17,10,0.1388888888888889,0.30952380952380953,0.581081081081081,0.5882352941176471,2026
676664,ST,76,23,8,46,8,39,7,1,0.34782608695652173,0.17391304347826086,0.5131578947368421,0.14285714285714285,2026
676680,FF,75,44,7,31,9,53,17,5,0.1590909090909091,0.2903225806451613,0.7066666666666667,0.29411764705882354,2026
676680,SI,15,8,0,7,2,10,5,2,0.0,0.2857142857142857,0.6666666666666666,0.4,2026
676680,ST,178,85,12,86,24,119,30,10,0.1411764705882353,0.27906976744186046,0.6685393258426966,0.3333333333333333,2026
676684,CH,55,22,12,49,18,23,3,3,0.5454545454545454,0.3673469387755102,0.41818181818181815,1.0,2026
676684,FF,214,104,16,81,21,153,35,18,0.15384615384615385,0.25925925925925924,0.7149532710280374,0.5142857142857142,2026
676684,SI,75,36,2,36,15,54,16,14,0.05555555555555555,0.4166666666666667,0.72,0.875,2026
676684,SL,140,70,24,94,33,83,23,13,0.34285714285714286,0.35106382978723405,0.5928571428571429,0.5652173913043478,2026
676694,EP,9,3,0,5,0,5,3,3,0.0,0.0,0.5555555555555556,1.0,2026
676702,FC,11,8,2,5,3,9,3,1,0.25,0.6,0.8181818181818182,0.3333333333333333,2026
676702,FF,25,15,1,9,3,19,7,3,0.06666666666666667,0.3333333333333333,0.76,0.42857142857142855,2026
676702,SI,2,0,0,1,0,0,0,0,,0.0,0.0,,2026
676702,SL,18,7,1,8,3,13,2,2,0.14285714285714285,0.375,0.7222222222222222,1.0,2026
676742,CH,69,30,7,48,14,33,12,8,0.23333333333333334,0.2916666666666667,0.4782608695652174,0.6666666666666666,2026
676742,FF,250,115,37,135,38,152,27,10,0.3217391304347826,0.2814814814814815,0.608,0.37037037037037035,2026
676742,SI,16,3,1,11,1,6,1,1,0.3333333333333333,0.09090909090909091,0.375,1.0,2026
676742,SL,212,95,41,117,43,137,27,11,0.43157894736842106,0.36752136752136755,0.6462264150943396,0.4074074074074074,2026
676755,CH,74,22,3,53,9,30,8,5,0.13636363636363635,0.16981132075471697,0.40540540540540543,0.625,2026
676755,FF,513,264,43,230,67,350,85,18,0.16287878787878787,0.29130434782608694,0.682261208576998,0.21176470588235294,2026
676755,SL,88,48,12,45,15,59,16,6,0.25,0.3333333333333333,0.6704545454545454,0.375,2026
676755,ST,53,28,7,26,6,33,12,4,0.25,0.23076923076923078,0.6226415094339622,0.3333333333333333,2026
676760,CH,284,123,29,209,62,142,53,29,0.23577235772357724,0.2966507177033493,0.5,0.5471698113207547,2026
676760,FC,217,97,20,106,25,139,39,11,0.20618556701030927,0.2358490566037736,0.6405529953917051,0.28205128205128205,2026
676760,FF,444,225,51,206,50,289,68,25,0.22666666666666666,0.24271844660194175,0.6509009009009009,0.36764705882352944,2026
676760,ST,97,46,10,50,10,57,18,5,0.21739130434782608,0.2,0.5876288659793815,0.2777777777777778,2026
676775,FF,158,70,6,82,15,95,27,10,0.08571428571428572,0.18292682926829268,0.6012658227848101,0.37037037037037035,2026
676775,FS,294,153,49,166,56,185,48,26,0.3202614379084967,0.3373493975903614,0.6292517006802721,0.5416666666666666,2026
676775,SI,144,59,4,52,11,103,37,19,0.06779661016949153,0.21153846153846154,0.7152777777777778,0.5135135135135135,2026
676775,SL,48,23,7,28,9,29,11,6,0.30434782608695654,0.32142857142857145,0.6041666666666666,0.5454545454545454,2026
676879,CH,188,94,46,142,56,102,28,15,0.48936170212765956,0.39436619718309857,0.5425531914893617,0.5357142857142857,2026
676879,CU,354,104,51,227,59,190,22,14,0.49038461538461536,0.2599118942731278,0.536723163841808,0.6363636363636364,2026
676879,FF,28,13,1,16,4,16,5,1,0.07692307692307693,0.25,0.5714285714285714,0.2,2026
676879,SI,825,348,48,377,91,547,148,84,0.13793103448275862,0.2413793103448276,0.6630303030303031,0.5675675675675675,2026
676879,SL,187,82,46,132,54,110,21,12,0.5609756097560976,0.4090909090909091,0.5882352941176471,0.5714285714285714,2026
676910,FC,22,11,3,13,4,12,4,2,0.2727272727272727,0.3076923076923077,0.5454545454545454,0.5,2026
676910,FF,20,9,3,10,4,14,3,0,0.3333333333333333,0.4,0.7,0.0,2026
676910,KC,10,4,1,8,3,5,2,1,0.25,0.375,0.5,0.5,2026
676917,CH,212,93,24,131,38,118,32,15,0.25806451612903225,0.2900763358778626,0.5566037735849056,0.46875,2026
676917,CS,1,0,0,1,0,0,0,0,,0.0,0.0,,2026
676917,FC,176,90,14,81,22,119,34,17,0.15555555555555556,0.2716049382716049,0.6761363636363636,0.5,2026
676917,FF,903,448,85,411,114,614,139,41,0.18973214285714285,0.2773722627737226,0.6799557032115172,0.2949640287769784,2026
676917,KC,740,336,126,413,151,476,100,71,0.375,0.36561743341404357,0.6432432432432432,0.71,2026
676917,PO,1,0,0,1,0,0,0,0,,0.0,0.0,,2026
676917,SI,347,183,18,138,36,246,81,51,0.09836065573770492,0.2608695652173913,0.7089337175792507,0.6296296296296297,2026
676917,ST,397,173,59,243,94,249,56,29,0.34104046242774566,0.3868312757201646,0.6272040302267002,0.5178571428571429,2026
676962,CH,60,23,8,44,12,28,11,7,0.34782608695652173,0.2727272727272727,0.4666666666666667,0.6363636363636364,2026
676962,FF,371,173,23,152,36,256,67,25,0.1329479768786127,0.23684210526315788,0.6900269541778976,0.373134328358209,2026
676962,KC,366,185,77,217,83,233,56,24,0.41621621621621624,0.3824884792626728,0.6366120218579235,0.42857142857142855,2026
676962,SI,207,92,8,93,24,134,45,24,0.08695652173913043,0.25806451612903225,0.6473429951690821,0.5333333333333333,2026
676974,CH,183,80,26,110,27,102,25,12,0.325,0.24545454545454545,0.5573770491803278,0.48,2026
676974,FF,430,184,19,199,48,277,78,22,0.10326086956521739,0.24120603015075376,0.6441860465116279,0.28205128205128205,2026
676974,SI,173,79,3,73,16,115,35,21,0.0379746835443038,0.2191780821917808,0.6647398843930635,0.6,2026
676974,SL,466,235,86,236,89,321,61,30,0.3659574468085106,0.3771186440677966,0.6888412017167382,0.4918032786885246,2026
676974,ST,537,258,88,325,118,328,94,42,0.34108527131782945,0.3630769230769231,0.6108007448789572,0.44680851063829785,2026
676979,CH,22,8,5,16,5,10,0,0,0.625,0.3125,0.45454545454545453,,2026
676979,FC,128,72,14,62,20,88,26,11,0.19444444444444445,0.3225806451612903,0.6875,0.4230769230769231,2026
676979,FF,174,90,21,91,28,116,28,6,0.23333333333333334,0.3076923076923077,0.6666666666666666,0.21428571428571427,2026
676979,FS,4,0,0,4,0,0,0,0,,0.0,0.0,,2026
676979,SI,116,48,9,62,16,72,21,11,0.1875,0.25806451612903225,0.6206896551724138,0.5238095238095238,2026
676979,ST,74,36,9,47,16,43,11,4,0.25,0.3404255319148936,0.581081081081081,0.36363636363636365,2026
677020,CH,50,18,8,35,6,21,6,5,0.4444444444444444,0.17142857142857143,0.42,0.8333333333333334,2026
677020,FF,127,60,10,73,23,77,21,4,0.16666666666666666,0.3150684931506849,0.6062992125984252,0.19047619047619047,2026
677020,SI,137,76,3,47,12,102,37,23,0.039473684210526314,0.2553191489361702,0.7445255474452555,0.6216216216216216,2026
677020,SL,191,91,27,107,36,121,20,5,0.2967032967032967,0.3364485981308411,0.6335078534031413,0.25,2026
677053,CH,44,20,6,29,8,23,9,8,0.3,0.27586206896551724,0.5227272727272727,0.8888888888888888,2026
677053,FF,181,93,25,82,27,127,27,9,0.26881720430107525,0.32926829268292684,0.7016574585635359,0.3333333333333333,2026
677053,SI,7,4,0,3,0,4,2,2,0.0,0.0,0.5714285714285714,1.0,2026
677053,SL,59,27,7,26,8,41,11,4,0.25925925925925924,0.3076923076923077,0.6949152542372882,0.36363636363636365,2026
677053,ST,87,37,12,50,13,50,11,3,0.32432432432432434,0.26,0.5747126436781609,0.2727272727272727,2026
677161,CH,10,2,1,9,1,2,0,0,0.5,0.1111111111111111,0.2,,2026
677161,FC,124,52,10,59,14,79,22,7,0.19230769230769232,0.23728813559322035,0.6370967741935484,0.3181818181818182,2026
677161,FF,39,22,2,20,7,25,4,4,0.09090909090909091,0.35,0.6410256410256411,1.0,2026
677161,SI,48,19,2,24,7,27,11,6,0.10526315789473684,0.2916666666666667,0.5625,0.5454545454545454,2026
677161,ST,62,28,8,38,13,37,12,6,0.2857142857142857,0.34210526315789475,0.5967741935483871,0.5,2026
677312,FC,7,5,2,3,2,6,3,1,0.4,0.6666666666666666,0.8571428571428571,0.3333333333333333,2026
677312,FF,4,2,0,2,0,2,2,1,0.0,0.0,0.5,0.5,2026
677312,SI,9,5,1,2,1,8,3,2,0.2,0.5,0.8888888888888888,0.6666666666666666,2026
677312,SL,12,2,1,8,1,5,1,1,0.5,0.125,0.4166666666666667,1.0,2026
677588,FA,11,4,0,9,2,4,4,3,0.0,0.2222222222222222,0.36363636363636365,0.75,2026
677865,CH,112,47,13,92,31,52,21,11,0.2765957446808511,0.33695652173913043,0.4642857142857143,0.5238095238095238,2026
677865,FC,12,7,1,8,3,7,3,0,0.14285714285714285,0.375,0.5833333333333334,0.0,2026
677865,FF,80,32,6,60,16,35,9,5,0.1875,0.26666666666666666,0.4375,0.5555555555555556,2026
677865,SI,574,258,21,240,64,403,125,80,0.08139534883720931,0.26666666666666666,0.7020905923344948,0.64,2026
677865,ST,536,254,57,285,89,348,95,35,0.22440944881889763,0.312280701754386,0.6492537313432836,0.3684210526315789,2026
677944,CH,41,18,5,32,10,20,8,3,0.2777777777777778,0.3125,0.4878048780487805,0.375,2026
677944,CU,296,107,27,189,47,156,41,19,0.2523364485981308,0.24867724867724866,0.527027027027027,0.4634146341463415,2026
677944,FC,513,257,53,248,73,341,93,41,0.20622568093385213,0.29435483870967744,0.6647173489278753,0.44086021505376344,2026
677944,FF,538,240,38,248,60,350,93,34,0.15833333333333333,0.24193548387096775,0.6505576208178439,0.3655913978494624,2026
677944,FS,2,1,1,2,1,1,0,0,1.0,0.5,0.5,,2026
677944,SI,403,213,20,159,50,291,114,55,0.09389671361502347,0.31446540880503143,0.7220843672456576,0.4824561403508772,2026
677944,SL,92,46,14,57,18,52,20,11,0.30434782608695654,0.3157894736842105,0.5652173913043478,0.55,2026
677944,ST,118,55,15,69,20,70,18,7,0.2727272727272727,0.2898550724637681,0.5932203389830508,0.3888888888888889,2026
677952,CU,638,310,118,354,151,429,82,42,0.38064516129032255,0.4265536723163842,0.6724137931034483,0.5121951219512195,2026
677952,FF,739,377,51,320,104,534,140,34,0.13527851458885942,0.325,0.7225981055480379,0.24285714285714285,2026
677952,FS,100,44,4,56,12,55,17,7,0.09090909090909091,0.21428571428571427,0.55,0.4117647058823529,2026
677952,SI,400,216,33,178,63,285,114,79,0.1527777777777778,0.3539325842696629,0.7125,0.6929824561403509,2026
677952,SL,536,308,88,259,102,381,99,48,0.2857142857142857,0.3938223938223938,0.710820895522388,0.48484848484848486,2026
677955,CH,145,77,33,84,33,94,25,10,0.42857142857142855,0.39285714285714285,0.6482758620689655,0.4,2026
677955,FF,221,118,28,109,33,148,33,12,0.23728813559322035,0.30275229357798167,0.669683257918552,0.36363636363636365,2026
677955,SI,142,74,6,58,10,93,31,14,0.08108108108108109,0.1724137931034483,0.6549295774647887,0.45161290322580644,2026
677955,SL,184,69,24,104,23,105,25,9,0.34782608695652173,0.22115384615384615,0.5706521739130435,0.36,2026
677958,CH,81,37,9,48,13,45,17,8,0.24324324324324326,0.2708333333333333,0.5555555555555556,0.47058823529411764,2026
677958,FC,352,167,32,170,49,220,58,22,0.19161676646706588,0.28823529411764703,0.625,0.3793103448275862,2026
677958,FF,368,170,32,185,38,220,59,18,0.18823529411764706,0.20540540540540542,0.5978260869565217,0.3050847457627119,2026
677958,FS,20,7,2,12,1,8,2,0,0.2857142857142857,0.08333333333333333,0.4,0.0,2026
677958,SI,736,356,29,344,86,473,173,94,0.08146067415730338,0.25,0.6426630434782609,0.5433526011560693,2026
677958,SL,939,458,189,593,237,580,133,47,0.4126637554585153,0.3996627318718381,0.617678381256656,0.3533834586466165,2026
677960,CH,590,307,106,401,158,354,114,71,0.34527687296416937,0.3940149625935162,0.6,0.6228070175438597,2026
677960,FF,535,252,42,251,52,339,84,19,0.16666666666666666,0.20717131474103587,0.6336448598130842,0.2261904761904762,2026
677960,SI,488,220,17,199,48,347,110,71,0.07727272727272727,0.24120603015075376,0.7110655737704918,0.6454545454545455,2026
677960,SL,270,143,48,137,50,187,48,20,0.3356643356643357,0.36496350364963503,0.6925925925925925,0.4166666666666667,2026
677960,ST,477,144,53,265,57,279,43,17,0.3680555555555556,0.21509433962264152,0.5849056603773585,0.3953488372093023,2026
677961,CH,58,35,11,37,16,36,11,6,0.3142857142857143,0.43243243243243246,0.6206896551724138,0.5454545454545454,2026
677961,FF,135,56,12,66,13,85,15,4,0.21428571428571427,0.19696969696969696,0.6296296296296297,0.26666666666666666,2026
677961,SI,78,31,4,43,11,46,13,8,0.12903225806451613,0.2558139534883721,0.5897435897435898,0.6153846153846154,2026
677961,SL,84,48,18,42,18,59,13,6,0.375,0.42857142857142855,0.7023809523809523,0.46153846153846156,2026
677961,ST,133,56,18,70,22,86,24,10,0.32142857142857145,0.3142857142857143,0.6466165413533834,0.4166666666666667,2026
677976,CH,279,151,41,204,96,172,51,27,0.271523178807947,0.47058823529411764,0.6164874551971327,0.5294117647058824,2026
677976,FF,122,52,4,63,13,69,25,8,0.07692307692307693,0.20634920634920634,0.5655737704918032,0.32,2026
677976,SI,488,230,14,213,39,327,119,72,0.06086956521739131,0.18309859154929578,0.6700819672131147,0.6050420168067226,2026
677976,SL,63,36,11,44,18,39,13,7,0.3055555555555556,0.4090909090909091,0.6190476190476191,0.5384615384615384,2026
677976,ST,312,107,33,183,42,181,34,10,0.308411214953271,0.22950819672131148,0.5801282051282052,0.29411764705882354,2026
678020,FA,1,0,0,1,0,0,0,0,,0.0,0.0,,2026
678020,FF,313,144,15,161,35,187,61,29,0.10416666666666667,0.21739130434782608,0.597444089456869,0.47540983606557374,2026
678020,FS,47,28,7,27,13,33,11,6,0.25,0.48148148148148145,0.7021276595744681,0.5454545454545454,2026
678020,SI,10,5,0,6,2,6,3,2,0.0,0.3333333333333333,0.6,0.6666666666666666,2026
678020,SL,151,75,28,94,31,89,24,7,0.37333333333333335,0.32978723404255317,0.5894039735099338,0.2916666666666667,2026
678022,CH,390,192,68,265,106,229,65,43,0.3541666666666667,0.4,0.5871794871794872,0.6615384615384615,2026
678022,FC,315,161,28,152,46,208,59,32,0.17391304347826086,0.3026315789473684,0.6603174603174603,0.5423728813559322,2026
678022,FF,607,280,44,293,78,389,96,16,0.15714285714285714,0.26621160409556316,0.6408566721581549,0.16666666666666666,2026
678022,SI,114,57,10,50,11,73,28,17,0.17543859649122806,0.22,0.6403508771929824,0.6071428571428571,2026
678022,SL,58,26,7,35,12,35,8,4,0.2692307692307692,0.34285714285714286,0.603448275862069,0.5,2026
678022,ST,582,280,102,306,125,399,82,15,0.36428571428571427,0.4084967320261438,0.6855670103092784,0.18292682926829268,2026
678061,CS,14,5,2,10,1,5,2,2,0.4,0.1,0.35714285714285715,1.0,2026
678061,CU,66,37,11,36,17,47,15,5,0.2972972972972973,0.4722222222222222,0.7121212121212122,0.3333333333333333,2026
678061,FC,8,5,1,4,1,5,2,1,0.2,0.25,0.625,0.5,2026
678061,FF,76,37,8,34,9,49,18,7,0.21621621621621623,0.2647058823529412,0.6447368421052632,0.3888888888888889,2026
678061,SI,48,27,0,15,7,40,14,7,0.0,0.4666666666666667,0.8333333333333334,0.5,2026
678368,CH,31,13,6,21,6,16,4,1,0.46153846153846156,0.2857142857142857,0.5161290322580645,0.25,2026
678368,CU,8,2,2,7,2,2,0,0,1.0,0.2857142857142857,0.25,,2026
678368,FC,40,20,5,11,1,31,8,1,0.25,0.09090909090909091,0.775,0.125,2026
678368,FF,36,19,3,15,3,24,8,1,0.15789473684210525,0.2,0.6666666666666666,0.125,2026
678368,SI,19,7,0,13,3,8,5,2,0.0,0.23076923076923078,0.42105263157894735,0.4,2026
678368,ST,36,17,5,21,4,20,7,4,0.29411764705882354,0.19047619047619047,0.5555555555555556,0.5714285714285714,2026
678391,EP,53,28,0,40,15,31,22,8,0.0,0.375,0.5849056603773585,0.36363636363636365,2026
678394,CH,387,225,50,239,94,238,86,47,0.2222222222222222,0.39330543933054396,0.6149870801033591,0.5465116279069767,2026
678394,CU,64,27,7,37,9,33,11,3,0.25925925925925924,0.24324324324324326,0.515625,0.2727272727272727,2026
678394,FC,277,140,61,130,46,191,37,18,0.4357142857142857,0.35384615384615387,0.6895306859205776,0.4864864864864865,2026
678394,FF,183,99,15,93,24,114,39,17,0.15151515151515152,0.25806451612903225,0.6229508196721312,0.4358974358974359,2026
678394,SI,737,332,42,351,101,496,159,91,0.12650602409638553,0.28774928774928776,0.6729986431478969,0.5723270440251572,2026
678394,ST,258,124,38,154,53,158,36,21,0.3064516129032258,0.34415584415584416,0.6124031007751938,0.5833333333333334,2026
678576,CU,9,6,2,5,2,6,2,1,0.3333333333333333,0.4,0.6666666666666666,0.5,2026
678576,FC,2,1,1,2,1,1,0,0,1.0,0.5,0.5,,2026
678576,FF,13,7,2,7,3,8,1,0,0.2857142857142857,0.42857142857142855,0.6153846153846154,0.0,2026
678576,SI,37,9,1,17,1,21,7,4,0.1111111111111111,0.058823529411764705,0.5675675675675675,0.5714285714285714,2026
678606,CH,196,89,37,148,48,94,31,11,0.4157303370786517,0.32432432432432434,0.47959183673469385,0.3548387096774194,2026
678606,FF,7,1,1,4,0,3,0,0,1.0,0.0,0.42857142857142855,,2026
678606,SI,751,398,47,275,80,553,158,102,0.11809045226130653,0.2909090909090909,0.7363515312916112,0.6455696202531646,2026
678606,SL,136,57,15,78,21,79,25,8,0.2631578947368421,0.2692307692307692,0.5808823529411765,0.32,2026
678868,CH,50,29,4,26,9,32,15,10,0.13793103448275862,0.34615384615384615,0.64,0.6666666666666666,2026
678868,FF,4,3,0,2,1,3,0,0,0.0,0.5,0.75,,2026
678868,SI,97,41,5,38,4,66,19,9,0.12195121951219512,0.10526315789473684,0.6804123711340206,0.47368421052631576,2026
678868,SL,17,5,0,15,3,5,1,1,0.0,0.2,0.29411764705882354,1.0,2026
678906,CH,125,57,15,77,21,68,25,11,0.2631578947368421,0.2727272727272727,0.544,0.44,2026
678906,CU,116,40,16,75,16,59,11,4,0.4,0.21333333333333335,0.5086206896551724,0.36363636363636365,2026
678906,FF,345,158,27,164,40,218,64,22,0.17088607594936708,0.24390243902439024,0.6318840579710145,0.34375,2026
678906,SI,211,79,14,88,19,138,34,16,0.17721518987341772,0.2159090909090909,0.6540284360189573,0.47058823529411764,2026
678906,SL,21,9,6,17,7,11,1,0,0.6666666666666666,0.4117647058823529,0.5238095238095238,0.0,2026
678906,ST,448,213,64,241,86,298,75,30,0.3004694835680751,0.35684647302904565,0.6651785714285714,0.4,2026
679358,CU,63,23,6,33,7,37,8,3,0.2608695652173913,0.21212121212121213,0.5873015873015873,0.375,2026
679358,FF,177,73,5,82,18,113,33,14,0.0684931506849315,0.21951219512195122,0.6384180790960452,0.42424242424242425,2026
679358,FS,340,165,44,187,64,220,70,32,0.26666666666666666,0.3422459893048128,0.6470588235294118,0.45714285714285713,2026
679358,SL,97,33,6,46,9,62,19,8,0.18181818181818182,0.1956521739130435,0.6391752577319587,0.42105263157894735,2026
679775,CH,37,13,2,27,7,18,5,2,0.15384615384615385,0.25925925925925924,0.4864864864864865,0.4,2026
679775,SI,196,89,8,78,17,136,42,23,0.0898876404494382,0.21794871794871795,0.6938775510204082,0.5476190476190477,2026
679775,ST,121,51,18,76,27,74,19,5,0.35294117647058826,0.35526315789473684,0.6115702479338843,0.2631578947368421,2026
679883,CH,133,54,20,90,21,64,18,12,0.37037037037037035,0.23333333333333334,0.48120300751879697,0.6666666666666666,2026
679883,CU,190,75,18,100,31,121,28,7,0.24,0.31,0.6368421052631579,0.25,2026
679883,FF,336,142,20,163,35,204,59,25,0.14084507042253522,0.2147239263803681,0.6071428571428571,0.423728813559322,2026
679883,SI,354,162,26,191,52,219,62,38,0.16049382716049382,0.27225130890052357,0.6186440677966102,0.6129032258064516,2026
679883,SL,280,115,37,182,56,160,37,15,0.3217391304347826,0.3076923076923077,0.5714285714285714,0.40540540540540543,2026
679885,FF,84,32,10,41,6,46,11,2,0.3125,0.14634146341463414,0.5476190476190477,0.18181818181818182,2026
679885,FS,54,24,12,35,10,29,4,3,0.5,0.2857142857142857,0.5370370370370371,0.75,2026
679885,SI,84,28,2,37,4,51,11,9,0.07142857142857142,0.10810810810810811,0.6071428571428571,0.8181818181818182,2026
679885,SL,10,2,1,6,1,5,0,0,0.5,0.16666666666666666,0.5,,2026
679922,CH,1,0,0,1,0,0,0,0,,0.0,0.0,,2026
679922,FF,13,3,1,8,0,6,1,0,0.3333333333333333,0.0,0.46153846153846156,0.0,2026
679922,SI,13,5,1,9,3,7,3,3,0.2,0.3333333333333333,0.5384615384615384,1.0,2026
679922,SL,8,2,1,6,1,3,1,1,0.5,0.16666666666666666,0.375,1.0,2026
680474,EP,14,5,0,12,3,7,4,1,0.0,0.25,0.5,0.25,2026
680570,CH,467,230,73,286,91,276,72,32,0.3173913043478261,0.3181818181818182,0.5910064239828694,0.4444444444444444,2026
680570,CU,209,75,21,121,32,123,25,9,0.28,0.2644628099173554,0.5885167464114832,0.36,2026
680570,FF,905,461,58,368,86,625,174,67,0.12581344902386118,0.23369565217391305,0.6906077348066298,0.3850574712643678,2026
680570,SL,190,99,32,107,37,120,38,15,0.32323232323232326,0.34579439252336447,0.631578947368421,0.39473684210526316,2026
680573,CU,112,34,3,49,8,68,16,6,0.08823529411764706,0.16326530612244897,0.6071428571428571,0.375,2026
680573,FF,504,227,34,216,43,327,101,34,0.14977973568281938,0.19907407407407407,0.6488095238095238,0.33663366336633666,2026
680573,FS,287,119,23,193,45,139,54,31,0.19327731092436976,0.23316062176165803,0.4843205574912892,0.5740740740740741,2026
680573,SI,1,0,0,1,0,0,0,0,,0.0,0.0,,2026
680573,SL,257,111,21,144,38,152,53,16,0.1891891891891892,0.2638888888888889,0.5914396887159533,0.3018867924528302,2026
680604,CH,47,23,4,26,8,29,13,9,0.17391304347826086,0.3076923076923077,0.6170212765957447,0.6923076923076923,2026
680604,FC,64,29,5,33,10,42,11,3,0.1724137931034483,0.30303030303030304,0.65625,0.2727272727272727,2026
680604,FF,56,33,3,27,13,42,15,5,0.09090909090909091,0.48148148148148145,0.75,0.3333333333333333,2026
680604,SI,185,83,11,79,19,126,26,12,0.13253012048192772,0.24050632911392406,0.6810810810810811,0.46153846153846156,2026
680604,ST,108,47,16,65,16,60,14,6,0.3404255319148936,0.24615384615384617,0.5555555555555556,0.42857142857142855,2026
680686,CH,1,0,0,1,0,0,0,0,,0.0,0.0,,2026
680686,CU,15,7,4,15,7,7,3,1,0.5714285714285714,0.4666666666666667,0.4666666666666667,0.3333333333333333,2026
680686,FF,12,6,0,4,0,8,3,1,0.0,0.0,0.6666666666666666,0.3333333333333333,2026
680686,SL,25,11,0,10,2,18,6,3,0.0,0.2,0.72,0.5,2026
680686,ST,5,2,2,4,1,2,0,0,1.0,0.25,0.4,,2026
680689,CH,28,14,8,20,7,15,2,1,0.5714285714285714,0.35,0.5357142857142857,0.5,2026
680689,FF,8,2,0,6,0,3,1,0,0.0,0.0,0.375,0.0,2026
680689,SI,24,7,0,12,1,13,3,2,0.0,0.08333333333333333,0.5416666666666666,0.6666666666666666,2026
680689,SL,6,0,0,4,0,2,0,0,,0.0,0.3333333333333333,,2026
680689,ST,2,2,0,2,2,2,2,2,0.0,1.0,1.0,1.0,2026
680694,CH,14,0,0,11,0,3,0,0,,0.0,0.21428571428571427,,2026
680694,CU,572,261,89,386,131,318,82,41,0.34099616858237547,0.3393782383419689,0.5559440559440559,0.5,2026
680694,FF,446,201,26,219,54,283,88,43,0.12935323383084577,0.2465753424657534,0.6345291479820628,0.48863636363636365,2026
680694,SI,961,412,39,420,94,640,196,95,0.09466019417475728,0.22380952380952382,0.6659729448491155,0.4846938775510204,2026
680694,SL,636,325,113,409,158,387,88,30,0.3476923076923077,0.3863080684596577,0.6084905660377359,0.3409090909090909,2026
680702,CH,2,2,1,1,1,2,1,1,0.5,1.0,1.0,1.0,2026
680702,FC,54,19,4,22,4,36,9,2,0.21052631578947367,0.18181818181818182,0.6666666666666666,0.2222222222222222,2026
680702,FF,70,28,3,40,9,40,12,2,0.10714285714285714,0.225,0.5714285714285714,0.16666666666666666,2026
680702,SL,3,2,0,2,1,2,0,0,0.0,0.5,0.6666666666666666,,2026
680704,FF,22,8,0,14,2,10,4,1,0.0,0.14285714285714285,0.45454545454545453,0.25,2026
680704,FS,40,16,5,31,8,17,8,6,0.3125,0.25806451612903225,0.425,0.75,2026
680704,SI,16,9,2,6,1,10,4,1,0.2222222222222222,0.16666666666666666,0.625,0.25,2026
680704,SL,90,35,11,44,10,56,13,5,0.3142857142857143,0.22727272727272727,0.6222222222222222,0.38461538461538464,2026
680723,FF,183,87,18,78,17,122,35,5,0.20689655172413793,0.21794871794871795,0.6666666666666666,0.14285714285714285,2026
680723,FS,36,17,0,19,4,21,10,5,0.0,0.21052631578947367,0.5833333333333334,0.5,2026
680723,SI,46,21,3,18,3,32,9,5,0.14285714285714285,0.16666666666666666,0.6956521739130435,0.5555555555555556,2026
680723,ST,35,7,0,24,0,11,5,2,0.0,0.0,0.3142857142857143,0.4,2026
680728,EP,8,6,0,7,5,8,6,0,0.0,0.7142857142857143,1.0,0.0,2026
680728,FA,8,5,0,7,5,6,3,0,0.0,0.7142857142857143,0.75,0.0,2026
680730,CU,103,41,12,61,19,60,17,5,0.2926829268292683,0.3114754098360656,0.5825242718446602,0.29411764705882354,2026
680730,FF,225,118,15,93,21,153,53,24,0.1271186440677966,0.22580645161290322,0.68,0.4528301886792453,2026
680730,FS,4,2,2,3,1,2,0,0,1.0,0.3333333333333333,0.5,,2026
680730,PO,1,0,0,1,0,0,0,0,,0.0,0.0,,2026
680730,SL,331,173,59,173,65,223,59,23,0.34104046242774566,0.37572254335260113,0.6737160120845922,0.3898305084745763,2026
680732,CH,53,22,5,34,7,25,8,3,0.22727272727272727,0.20588235294117646,0.4716981132075472,0.375,2026
680732,FC,301,143,38,134,38,206,40,14,0.26573426573426573,0.2835820895522388,0.6843853820598007,0.35,2026
680732,FF,1069,584,124,516,173,732,165,47,0.21232876712328766,0.33527131782945735,0.6847521047708138,0.28484848484848485,2026
680732,KC,579,227,61,334,94,347,77,41,0.2687224669603524,0.281437125748503,0.5993091537132987,0.5324675324675324,2026
680732,SI,397,194,18,197,57,258,83,30,0.09278350515463918,0.2893401015228426,0.6498740554156172,0.3614457831325301,2026
680732,SL,479,242,76,241,92,336,86,30,0.3140495867768595,0.3817427385892116,0.7014613778705637,0.3488372093023256,2026
680736,CH,106,44,8,70,18,55,21,9,0.18181818181818182,0.2571428571428571,0.5188679245283019,0.42857142857142855,2026
680736,CU,100,43,3,48,11,62,18,8,0.06976744186046512,0.22916666666666666,0.62,0.4444444444444444,2026
680736,FC,34,19,3,19,7,24,9,3,0.15789473684210525,0.3684210526315789,0.7058823529411765,0.3333333333333333,2026
680736,FF,1069,545,124,443,157,777,177,60,0.22752293577981653,0.3544018058690745,0.7268475210477081,0.3389830508474576,2026
680736,FS,1,0,0,1,0,0,0,0,,0.0,0.0,,2026
680736,SI,179,90,6,65,17,127,56,26,0.06666666666666667,0.26153846153846155,0.7094972067039106,0.4642857142857143,2026
680736,SL,624,318,63,329,107,397,136,68,0.19811320754716982,0.3252279635258359,0.6362179487179487,0.5,2026
680736,ST,73,31,3,47,12,36,14,6,0.0967741935483871,0.2553191489361702,0.4931506849315068,0.42857142857142855,2026
680742,CH,128,67,19,72,22,77,30,14,0.2835820895522388,0.3055555555555556,0.6015625,0.4666666666666667,2026
680742,CU,8,2,0,6,1,3,1,1,0.0,0.16666666666666666,0.375,1.0,2026
680742,FF,465,243,81,238,90,317,39,12,0.3333333333333333,0.37815126050420167,0.6817204301075269,0.3076923076923077,2026
680742,SI,109,55,2,53,24,79,25,15,0.03636363636363636,0.4528301886792453,0.7247706422018348,0.6,2026
680742,SL,179,90,30,106,38,112,32,17,0.3333333333333333,0.3584905660377358,0.6256983240223464,0.53125,2026
680742,ST,77,26,7,54,11,34,10,5,0.2692307692307692,0.2037037037037037,0.44155844155844154,0.5,2026
680744,FC,159,77,31,91,35,106,26,12,0.4025974025974026,0.38461538461538464,0.6666666666666666,0.46153846153846156,2026
680744,FF,247,135,21,135,40,162,49,18,0.15555555555555556,0.2962962962962963,0.6558704453441295,0.3673469387755102,2026
680744,FS,104,44,8,70,16,51,17,5,0.18181818181818182,0.22857142857142856,0.49038461538461536,0.29411764705882354,2026
680744,KC,6,1,0,3,0,3,0,0,0.0,0.0,0.5,,2026
680744,SI,82,38,7,38,9,54,11,5,0.18421052631578946,0.23684210526315788,0.6585365853658537,0.45454545454545453,2026
680744,SL,157,75,22,100,38,100,24,8,0.29333333333333333,0.38,0.6369426751592356,0.3333333333333333,2026
680755,CU,372,128,29,206,48,222,46,19,0.2265625,0.23300970873786409,0.5967741935483871,0.41304347826086957,2026
680755,FC,30,17,3,17,7,22,5,2,0.17647058823529413,0.4117647058823529,0.7333333333333333,0.4,2026
680755,FF,246,105,22,159,47,137,32,14,0.20952380952380953,0.29559748427672955,0.556910569105691,0.4375,2026
680755,SI,2,0,0,2,0,0,0,0,,0.0,0.0,,2026
680755,SL,606,297,88,328,107,390,106,48,0.2962962962962963,0.32621951219512196,0.6435643564356436,0.4528301886792453,2026
680767,CH,152,73,17,86,23,89,32,20,0.2328767123287671,0.26744186046511625,0.5855263157894737,0.625,2026
680767,FC,14,10,2,6,2,10,8,3,0.2,0.3333333333333333,0.7142857142857143,0.375,2026
680767,FF,468,226,33,240,53,284,94,53,0.14601769911504425,0.22083333333333333,0.6068376068376068,0.5638297872340425,2026
680767,SI,39,18,2,22,8,24,7,5,0.1111111111111111,0.36363636363636365,0.6153846153846154,0.7142857142857143,2026
680767,SL,284,125,39,145,43,179,38,19,0.312,0.296551724137931,0.6302816901408451,0.5,2026
680767,SV,70,28,14,54,17,33,7,5,0.5,0.3148148148148148,0.4714285714285714,0.7142857142857143,2026
680802,CH,79,29,11,56,13,35,10,5,0.3793103448275862,0.23214285714285715,0.4430379746835443,0.5,2026
680802,CU,18,6,0,10,1,9,4,0,0.0,0.1,0.5,0.0,2026
680802,FF,196,96,12,90,22,132,35,6,0.125,0.24444444444444444,0.673469387755102,0.17142857142857143,2026
680802,SI,66,31,6,39,13,40,14,9,0.1935483870967742,0.3333333333333333,0.6060606060606061,0.6428571428571429,2026
680802,ST,171,74,23,99,36,107,18,7,0.3108108108108108,0.36363636363636365,0.6257309941520468,0.3888888888888889,2026
680880,FF,17,7,1,10,2,9,4,1,0.14285714285714285,0.2,0.5294117647058824,0.25,2026
680880,FS,15,10,3,9,4,10,2,1,0.3,0.4444444444444444,0.6666666666666666,0.5,2026
680880,SL,2,1,0,0,0,2,0,0,0.0,,1.0,,2026
680899,CH,79,49,13,41,18,56,20,13,0.2653061224489796,0.43902439024390244,0.7088607594936709,0.65,2026
680899,FF,151,71,18,68,15,97,13,3,0.2535211267605634,0.22058823529411764,0.6423841059602649,0.23076923076923078,2026
680899,SL,59,28,10,33,10,37,8,5,0.35714285714285715,0.30303030303030304,0.6271186440677966,0.625,2026
680916,CH,28,10,2,16,1,14,3,1,0.2,0.0625,0.5,0.3333333333333333,2026
680916,FF,283,125,26,140,31,180,36,12,0.208,0.22142857142857142,0.6360424028268551,0.3333333333333333,2026
680916,SL,116,60,20,68,24,72,22,5,0.3333333333333333,0.35294117647058826,0.6206896551724138,0.22727272727272727,2026
680951,CH,6,1,1,6,1,1,0,0,1.0,0.16666666666666666,0.16666666666666666,,2026
680951,CU,1,0,0,1,0,0,0,0,,0.0,0.0,,2026
680951,FF,18,7,1,8,0,10,5,4,0.14285714285714285,0.0,0.5555555555555556,0.8,2026
680951,SI,6,3,1,1,0,5,1,1,0.3333333333333333,0.0,0.8333333333333334,1.0,2026
680951,SL,3,0,0,3,0,0,0,0,,0.0,0.0,,2026
680951,ST,5,1,1,4,0,1,0,0,1.0,0.0,0.2,,2026
680970,SI,2,2,0,1,1,2,1,1,0.0,1.0,1.0,1.0,2026
680970,SL,1,0,0,1,0,0,0,0,,0.0,0.0,,2026
681006,CH,6,2,0,4,1,3,0,0,0.0,0.25,0.5,,2026
681006,CU,39,19,5,20,8,27,5,0,0.2631578947368421,0.4,0.6923076923076923,0.0,2026
681006,FF,7,4,1,4,1,4,1,0,0.25,0.25,0.5714285714285714,0.0,2026
681006,SI,59,22,2,28,4,39,9,5,0.09090909090909091,0.14285714285714285,0.6610169491525424,0.5555555555555556,2026
681006,ST,42,17,5,25,5,20,8,2,0.29411764705882354,0.2,0.47619047619047616,0.25,2026
681035,CU,100,61,9,54,22,67,24,13,0.14754098360655737,0.4074074074074074,0.67,0.5416666666666666,2026
681035,FC,372,184,43,194,52,237,58,19,0.23369565217391305,0.26804123711340205,0.6370967741935484,0.3275862068965517,2026
681035,FF,926,468,114,423,124,622,117,33,0.24358974358974358,0.29314420803782504,0.67170626349892,0.28205128205128205,2026
681035,FS,84,37,9,58,17,42,18,5,0.24324324324324326,0.29310344827586204,0.5,0.2777777777777778,2026
681035,SI,33,14,3,19,5,18,6,4,0.21428571428571427,0.2631578947368421,0.5454545454545454,0.6666666666666666,2026
681035,SL,1,1,1,0,0,1,0,0,1.0,,1.0,,2026
681035,ST,448,207,59,250,77,279,61,19,0.28502415458937197,0.308,0.6227678571428571,0.3114754098360656,2026
681084,FF,16,6,1,11,2,8,3,1,0.16666666666666666,0.18181818181818182,0.5,0.3333333333333333,2026
681084,FS,18,8,2,12,3,9,3,3,0.25,0.25,0.5,1.0,2026
681084,SL,9,4,1,5,1,5,2,0,0.25,0.2,0.5555555555555556,0.0,2026
681151,CH,23,10,0,16,3,10,7,3,0.0,0.1875,0.43478260869565216,0.42857142857142855,2026
681151,FC,14,6,0,7,2,8,3,2,0.0,0.2857142857142857,0.5714285714285714,0.6666666666666666,2026
681151,FF,162,89,29,79,24,108,27,6,0.3258426966292135,0.3037974683544304,0.6666666666666666,0.2222222222222222,2026
681151,FS,1,0,0,1,0,0,0,0,,0.0,0.0,,2026
681151,SI,29,7,1,12,3,18,4,2,0.14285714285714285,0.25,0.6206896551724138,0.5,2026
681151,ST,75,36,7,46,14,45,15,2,0.19444444444444445,0.30434782608695654,0.6,0.13333333333333333,2026
681168,FF,59,30,1,26,6,39,11,3,0.03333333333333333,0.23076923076923078,0.6610169491525424,0.2727272727272727,2026
681168,FS,41,22,7,19,6,27,11,3,0.3181818181818182,0.3157894736842105,0.6585365853658537,0.2727272727272727,2026
681168,SI,40,23,4,16,5,29,9,2,0.17391304347826086,0.3125,0.725,0.2222222222222222,2026
681168,SL,58,32,10,23,6,39,12,3,0.3125,0.2608695652173913,0.6724137931034483,0.25,2026
681190,CH,194,73,20,145,32,80,34,18,0.273972602739726,0.2206896551724138,0.41237113402061853,0.5294117647058824,2026
681190,CU,171,98,19,91,32,114,35,18,0.19387755102040816,0.3516483516483517,0.6666666666666666,0.5142857142857142,2026
681190,FC,538,266,48,239,62,370,97,31,0.18045112781954886,0.2594142259414226,0.6877323420074349,0.31958762886597936,2026
681190,FF,707,371,63,317,91,481,133,42,0.16981132075471697,0.2870662460567823,0.6803394625176803,0.3157894736842105,2026
681190,SI,369,189,12,126,30,273,97,47,0.06349206349206349,0.23809523809523808,0.7398373983739838,0.4845360824742268,2026
681190,SL,136,76,19,86,36,89,34,14,0.25,0.4186046511627907,0.6544117647058824,0.4117647058823529,2026
681190,ST,111,56,8,65,20,66,28,11,0.14285714285714285,0.3076923076923077,0.5945945945945946,0.39285714285714285,2026
681217,FF,457,230,81,205,60,309,52,15,0.3521739130434783,0.2926829268292683,0.6761487964989059,0.28846153846153844,2026
681217,FS,261,120,42,194,62,129,38,18,0.35,0.31958762886597936,0.4942528735632184,0.47368421052631576,2026
681217,SI,139,65,5,65,12,87,29,13,0.07692307692307693,0.18461538461538463,0.6258992805755396,0.4482758620689655,2026
681217,ST,232,100,29,126,45,153,38,15,0.29,0.35714285714285715,0.6594827586206896,0.39473684210526316,2026
681252,CU,10,3,2,8,2,4,0,0,0.6666666666666666,0.25,0.4,,2026
681252,FF,60,28,0,20,3,44,13,5,0.0,0.15,0.7333333333333333,0.38461538461538464,2026
681252,FS,42,27,9,20,9,31,6,1,0.3333333333333333,0.45,0.7380952380952381,0.16666666666666666,2026
681252,SL,40,19,9,25,8,25,6,2,0.47368421052631576,0.32,0.625,0.3333333333333333,2026
681252,ST,28,18,5,22,12,18,8,4,0.2777777777777778,0.5454545454545454,0.6428571428571429,0.5,2026
681293,CH,155,63,14,105,30,79,30,20,0.2222222222222222,0.2857142857142857,0.5096774193548387,0.6666666666666666,2026
681293,CU,665,248,91,422,116,363,79,36,0.36693548387096775,0.27488151658767773,0.5458646616541354,0.45569620253164556,2026
681293,FC,131,64,8,48,9,94,33,9,0.125,0.1875,0.7175572519083969,0.2727272727272727,2026
681293,FF,546,254,44,259,62,354,84,19,0.1732283464566929,0.23938223938223938,0.6483516483516484,0.2261904761904762,2026
681293,SI,204,82,7,95,20,127,40,14,0.08536585365853659,0.21052631578947367,0.6225490196078431,0.35,2026
681293,SL,16,8,2,9,3,9,3,1,0.25,0.3333333333333333,0.5625,0.3333333333333333,2026
681293,ST,225,96,24,133,39,133,37,13,0.25,0.2932330827067669,0.5911111111111111,0.35135135135135137,2026
681320,CH,25,11,5,16,3,12,4,2,0.45454545454545453,0.1875,0.48,0.5,2026
681320,FF,216,106,25,90,30,155,33,10,0.2358490566037736,0.3333333333333333,0.7175925925925926,0.30303030303030304,2026
681320,SL,31,15,2,12,1,21,8,2,0.13333333333333333,0.08333333333333333,0.6774193548387096,0.25,2026
681320,ST,22,11,2,14,5,14,4,1,0.18181818181818182,0.35714285714285715,0.6363636363636364,0.25,2026
681343,CH,41,21,6,28,13,26,8,3,0.2857142857142857,0.4642857142857143,0.6341463414634146,0.375,2026
681343,CU,53,26,10,27,11,37,6,5,0.38461538461538464,0.4074074074074074,0.6981132075471698,0.8333333333333334,2026
681343,FF,74,26,7,43,7,38,2,1,0.2692307692307692,0.16279069767441862,0.5135135135135135,0.5,2026
681343,SI,32,10,0,16,4,20,3,0,0.0,0.25,0.625,0.0,2026
681343,SL,25,13,0,11,3,17,8,3,0.0,0.2727272727272727,0.68,0.375,2026
681347,CH,424,226,70,248,87,262,79,38,0.30973451327433627,0.35080645161290325,0.6179245283018868,0.4810126582278481,2026
681347,CU,226,82,20,145,39,122,29,11,0.24390243902439024,0.2689655172413793,0.5398230088495575,0.3793103448275862,2026
681347,FF,447,204,21,217,58,291,77,19,0.10294117647058823,0.2672811059907834,0.6510067114093959,0.24675324675324675,2026
681347,SI,212,121,11,97,41,161,66,30,0.09090909090909091,0.422680412371134,0.7594339622641509,0.45454545454545453,2026
681347,SL,258,138,36,123,43,179,58,19,0.2608695652173913,0.34959349593495936,0.6937984496124031,0.3275862068965517,2026
681402,CH,13,4,0,9,1,5,3,1,0.0,0.1111111111111111,0.38461538461538464,0.3333333333333333,2026
681402,FF,333,170,31,155,52,230,61,18,0.18235294117647058,0.33548387096774196,0.6906906906906907,0.29508196721311475,2026
681402,SL,233,115,25,121,40,156,44,13,0.21739130434782608,0.3305785123966942,0.6695278969957081,0.29545454545454547,2026
681432,FF,14,8,2,3,0,11,4,3,0.25,0.0,0.7857142857142857,0.75,2026
681432,SI,1,0,0,1,0,0,0,0,,0.0,0.0,,2026
681432,ST,4,2,1,3,2,3,0,0,0.5,0.6666666666666666,0.75,,2026
681517,CH,339,165,49,210,64,193,61,37,0.296969696969697,0.3047619047619048,0.5693215339233039,0.6065573770491803,2026
681517,CU,381,171,45,223,68,228,64,27,0.2631578947368421,0.30493273542600896,0.5984251968503937,0.421875,2026
681517,FF,605,246,34,297,56,363,93,38,0.13821138211382114,0.18855218855218855,0.6,0.40860215053763443,2026
681517,PO,1,0,0,1,0,0,0,0,,0.0,0.0,,2026
681517,SI,307,146,14,104,24,229,76,41,0.0958904109589041,0.23076923076923078,0.745928338762215,0.5394736842105263,2026
681517,SL,379,193,42,171,46,263,72,34,0.21761658031088082,0.26900584795321636,0.6939313984168866,0.4722222222222222,2026
681517,ST,316,158,34,178,64,200,51,14,0.21518987341772153,0.3595505617977528,0.6329113924050633,0.27450980392156865,2026
681520,CH,1,1,0,0,0,1,0,0,0.0,,1.0,,2026
681520,FF,13,6,2,7,1,8,2,2,0.3333333333333333,0.14285714285714285,0.6153846153846154,1.0,2026
681520,SI,9,1,0,8,1,3,0,0,0.0,0.125,0.3333333333333333,,2026
681520,SL,22,13,3,11,3,14,2,2,0.23076923076923078,0.2727272727272727,0.6363636363636364,1.0,2026
681544,CH,5,1,0,4,1,2,0,0,0.0,0.25,0.4,,2026
681544,FC,41,16,5,23,4,24,6,1,0.3125,0.17391304347826086,0.5853658536585366,0.16666666666666666,2026
681544,FF,149,78,16,73,18,95,17,5,0.20512820512820512,0.2465753424657534,0.6375838926174496,0.29411764705882354,2026
681544,SL,93,47,20,53,22,60,15,10,0.425531914893617,0.41509433962264153,0.6451612903225806,0.6666666666666666,2026
681676,CH,46,22,11,29,8,25,4,3,0.5,0.27586206896551724,0.5434782608695652,0.75,2026
681676,FC,16,7,2,9,1,8,0,0,0.2857142857142857,0.1111111111111111,0.5,,2026
681676,FF,158,74,11,69,16,108,33,13,0.14864864864864866,0.2318840579710145,0.6835443037974683,0.3939393939393939,2026
681676,SL,167,85,33,110,40,100,24,9,0.38823529411764707,0.36363636363636365,0.5988023952095808,0.375,2026
681751,CU,37,14,4,21,6,22,7,4,0.2857142857142857,0.2857142857142857,0.5945945945945946,0.5714285714285714,2026
681751,FC,55,28,7,30,10,34,7,5,0.25,0.3333333333333333,0.6181818181818182,0.7142857142857143,2026
681751,FF,101,44,9,48,13,65,15,3,0.20454545454545456,0.2708333333333333,0.6435643564356436,0.2,2026
681751,FS,14,5,1,12,3,5,3,1,0.2,0.25,0.35714285714285715,0.3333333333333333,2026
681751,SL,21,10,2,13,3,12,5,3,0.2,0.23076923076923078,0.5714285714285714,0.6,2026
681799,FC,196,90,16,85,17,125,36,18,0.17777777777777778,0.2,0.6377551020408163,0.5,2026
681799,SI,71,32,4,46,16,41,13,7,0.125,0.34782608695652173,0.5774647887323944,0.5384615384615384,2026
681799,ST,169,68,19,100,25,95,27,11,0.27941176470588236,0.25,0.5621301775147929,0.4074074074074074,2026
681806,CH,3,1,0,2,0,1,1,0,0.0,0.0,0.3333333333333333,0.0,2026
681806,CU,3,2,1,2,1,2,1,1,0.5,0.5,0.6666666666666666,1.0,2026
681806,FC,22,13,3,7,1,16,2,0,0.23076923076923078,0.14285714285714285,0.7272727272727273,0.0,2026
681806,FF,28,14,0,18,6,16,4,0,0.0,0.3333333333333333,0.5714285714285714,0.0,2026
681806,SI,15,7,0,8,1,9,2,2,0.0,0.125,0.6,1.0,2026
681806,ST,10,6,0,4,2,8,4,0,0.0,0.5,0.8,0.0,2026
681810,CH,20,12,4,13,5,12,5,4,0.3333333333333333,0.38461538461538464,0.6,0.8,2026
681810,CU,63,37,8,44,23,42,19,10,0.21621621621621623,0.5227272727272727,0.6666666666666666,0.5263157894736842,2026
681810,FC,14,5,1,11,2,6,2,2,0.2,0.18181818181818182,0.42857142857142855,1.0,2026
681810,FF,149,62,30,100,27,81,10,2,0.4838709677419355,0.27,0.5436241610738255,0.2,2026
681810,SI,261,94,10,114,19,172,42,20,0.10638297872340426,0.16666666666666666,0.6590038314176245,0.47619047619047616,2026
681810,ST,424,163,43,232,57,258,56,20,0.26380368098159507,0.24568965517241378,0.6084905660377359,0.35714285714285715,2026
681867,CH,170,93,20,114,55,111,40,30,0.21505376344086022,0.4824561403508772,0.6529411764705882,0.75,2026
681867,FC,127,61,14,73,27,82,18,8,0.22950819672131148,0.3698630136986301,0.6456692913385826,0.4444444444444444,2026
681867,FF,44,19,4,29,8,24,4,3,0.21052631578947367,0.27586206896551724,0.5454545454545454,0.75,2026
681867,SI,183,90,8,66,15,134,45,29,0.08888888888888889,0.22727272727272727,0.73224043715847,0.6444444444444445,2026
681867,ST,114,40,10,60,14,70,15,2,0.25,0.23333333333333334,0.6140350877192983,0.13333333333333333,2026
681867,SV,4,2,0,3,1,2,2,1,0.0,0.3333333333333333,0.5,0.5,2026
681870,CU,154,65,21,100,34,89,17,7,0.3230769230769231,0.34,0.577922077922078,0.4117647058823529,2026
681870,FF,533,242,58,262,66,338,58,5,0.2396694214876033,0.25190839694656486,0.6341463414634146,0.08620689655172414,2026
681870,SL,133,71,32,77,30,88,19,7,0.4507042253521127,0.38961038961038963,0.6616541353383458,0.3684210526315789,2026
681892,CH,51,21,2,25,7,31,12,7,0.09523809523809523,0.28,0.6078431372549019,0.5833333333333334,2026
681892,FC,311,157,49,155,44,206,42,19,0.31210191082802546,0.2838709677419355,0.662379421221865,0.4523809523809524,2026
681892,SI,304,122,15,137,30,197,52,34,0.12295081967213115,0.21897810218978103,0.6480263157894737,0.6538461538461539,2026
681892,SL,36,11,2,26,4,13,5,5,0.18181818181818182,0.15384615384615385,0.3611111111111111,1.0,2026
681892,ST,174,74,15,117,31,89,33,19,0.20270270270270271,0.26495726495726496,0.5114942528735632,0.5757575757575758,2026
681895,CH,74,28,8,49,9,34,10,6,0.2857142857142857,0.1836734693877551,0.4594594594594595,0.6,2026
681895,CU,221,87,25,123,33,135,31,17,0.28735632183908044,0.2682926829268293,0.6108597285067874,0.5483870967741935,2026
681895,FF,144,75,20,84,27,90,17,5,0.26666666666666666,0.32142857142857145,0.625,0.29411764705882354,2026
681895,SI,256,94,14,122,22,158,32,16,0.14893617021276595,0.18032786885245902,0.6171875,0.5,2026
681895,ST,138,55,17,90,20,67,23,7,0.3090909090909091,0.2222222222222222,0.4855072463768116,0.30434782608695654,2026
681911,CH,142,68,31,81,24,85,19,6,0.45588235294117646,0.2962962962962963,0.5985915492957746,0.3157894736842105,2026
681911,FF,564,290,71,296,92,364,80,18,0.24482758620689654,0.3108108108108108,0.6453900709219859,0.225,2026
681911,SL,305,130,51,168,58,197,32,15,0.3923076923076923,0.34523809523809523,0.6459016393442623,0.46875,2026
681916,CU,44,12,2,24,4,26,5,3,0.16666666666666666,0.16666666666666666,0.5909090909090909,0.6,2026
681916,FF,402,195,40,188,48,258,52,17,0.20512820512820512,0.2553191489361702,0.6417910447761194,0.3269230769230769,2026
681916,FS,42,20,8,30,11,23,6,1,0.4,0.36666666666666664,0.5476190476190477,0.16666666666666666,2026
681916,SI,58,24,2,25,4,36,12,5,0.08333333333333333,0.16,0.6206896551724138,0.4166666666666667,2026
681916,ST,157,88,25,85,29,101,33,13,0.2840909090909091,0.3411764705882353,0.643312101910828,0.3939393939393939,2026
681973,CU,5,0,0,5,0,1,0,0,,0.0,0.2,,2026
681973,FC,16,7,3,8,3,11,2,0,0.42857142857142855,0.375,0.6875,0.0,2026
681973,FF,14,8,3,6,3,11,4,2,0.375,0.5,0.7857142857142857,0.5,2026
681982,CH,31,15,3,23,7,15,7,4,0.2,0.30434782608695654,0.4838709677419355,0.5714285714285714,2026
681982,FF,324,175,29,155,43,211,57,9,0.1657142857142857,0.27741935483870966,0.6512345679012346,0.15789473684210525,2026
681982,SI,219,101,9,88,21,152,48,32,0.0891089108910891,0.23863636363636365,0.6940639269406392,0.6666666666666666,2026
681982,ST,341,153,61,218,70,197,47,17,0.39869281045751637,0.3211009174311927,0.5777126099706745,0.3617021276595745,2026
682052,CH,193,94,23,122,39,107,42,16,0.24468085106382978,0.319672131147541,0.5544041450777202,0.38095238095238093,2026
682052,FC,444,210,45,202,35,284,74,18,0.21428571428571427,0.17326732673267325,0.6396396396396397,0.24324324324324326,2026
682052,FF,770,319,54,381,88,476,120,39,0.16927899686520376,0.23097112860892388,0.6181818181818182,0.325,2026
682052,SI,63,23,2,30,4,36,13,5,0.08695652173913043,0.13333333333333333,0.5714285714285714,0.38461538461538464,2026
682052,SL,756,377,103,436,154,475,126,43,0.27320954907161804,0.3532110091743119,0.6283068783068783,0.3412698412698413,2026
682120,CH,4,1,0,4,1,1,0,0,0.0,0.25,0.25,,2026
682120,CU,302,136,44,201,66,167,40,12,0.3235294117647059,0.3283582089552239,0.5529801324503312,0.3,2026
682120,FF,199,90,13,86,21,136,36,12,0.14444444444444443,0.2441860465116279,0.6834170854271356,0.3333333333333333,2026
682120,SI,239,108,18,114,34,160,45,30,0.16666666666666666,0.2982456140350877,0.6694560669456067,0.6666666666666666,2026
682120,SL,250,131,57,148,54,154,36,15,0.4351145038167939,0.36486486486486486,0.616,0.4166666666666667,2026
682227,CH,189,86,30,124,37,102,32,15,0.3488372093023256,0.29838709677419356,0.5396825396825397,0.46875,2026
682227,CU,80,18,1,45,4,38,9,5,0.05555555555555555,0.08888888888888889,0.475,0.5555555555555556,2026
682227,FC,301,142,25,138,31,197,56,26,0.176056338028169,0.2246376811594203,0.654485049833887,0.4642857142857143,2026
682227,FF,163,55,7,86,12,84,25,5,0.12727272727272726,0.13953488372093023,0.5153374233128835,0.2,2026
682227,SI,76,39,4,37,10,52,20,7,0.10256410256410256,0.2702702702702703,0.6842105263157895,0.35,2026
682227,ST,98,55,20,58,25,63,19,6,0.36363636363636365,0.43103448275862066,0.6428571428571429,0.3157894736842105,2026
682243,FC,107,62,18,58,24,74,19,6,0.2903225806451613,0.41379310344827586,0.6915887850467289,0.3157894736842105,2026
682243,FF,744,438,75,338,133,543,130,38,0.17123287671232876,0.39349112426035504,0.7298387096774194,0.2923076923076923,2026
682243,FS,441,256,73,233,86,291,78,36,0.28515625,0.36909871244635195,0.6598639455782312,0.46153846153846156,2026
682243,KC,80,41,10,57,22,45,10,4,0.24390243902439024,0.38596491228070173,0.5625,0.4,2026
682243,PO,1,0,0,1,0,0,0,0,,0.0,0.0,,2026
682243,SI,162,60,0,71,16,105,30,12,0.0,0.22535211267605634,0.6481481481481481,0.4,2026
682243,SL,214,108,31,110,32,136,34,12,0.28703703703703703,0.2909090909090909,0.6355140186915887,0.35294117647058826,2026
682243,ST,136,57,13,96,29,73,25,15,0.22807017543859648,0.3020833333333333,0.5367647058823529,0.6,2026
682254,CH,23,10,1,12,3,14,4,3,0.1,0.25,0.6086956521739131,0.75,2026
682254,CU,156,77,26,99,40,97,27,16,0.33766233766233766,0.40404040404040403,0.6217948717948718,0.5925925925925926,2026
682254,FF,542,275,77,258,80,364,63,29,0.28,0.31007751937984496,0.6715867158671587,0.4603174603174603,2026
682254,SI,286,133,41,120,31,200,34,19,0.3082706766917293,0.25833333333333336,0.6993006993006993,0.5588235294117647,2026
682254,SL,162,80,30,109,41,95,18,11,0.375,0.3761467889908257,0.5864197530864198,0.6111111111111112,2026
682274,FF,86,39,10,43,10,49,6,0,0.2564102564102564,0.23255813953488372,0.5697674418604651,0.0,2026
682274,FS,59,34,16,35,13,37,11,5,0.47058823529411764,0.37142857142857144,0.6271186440677966,0.45454545454545453,2026
682274,SL,48,21,8,24,8,31,7,0,0.38095238095238093,0.3333333333333333,0.6458333333333334,0.0,2026
682445,CH,2,1,0,1,0,1,1,0,0.0,0.0,0.5,0.0,2026
682445,FF,50,23,3,23,4,31,5,0,0.13043478260869565,0.17391304347826086,0.62,0.0,2026
682445,SI,31,17,1,14,3,20,11,3,0.058823529411764705,0.21428571428571427,0.6451612903225806,0.2727272727272727,2026
682445,SL,46,20,7,27,6,25,8,3,0.35,0.2222222222222222,0.5434782608695652,0.375,2026
682608,CH,375,205,58,224,92,244,81,33,0.28292682926829266,0.4107142857142857,0.6506666666666666,0.4074074074074074,2026
682608,FF,394,194,35,149,42,288,54,17,0.18041237113402062,0.28187919463087246,0.7309644670050761,0.3148148148148148,2026
682608,SL,175,74,16,93,20,104,33,12,0.21621621621621623,0.21505376344086022,0.5942857142857143,0.36363636363636365,2026
682610,CH,5,0,0,5,0,0,0,0,,0.0,0.0,,2026
682610,FC,19,10,2,11,3,12,1,0,0.2,0.2727272727272727,0.631578947368421,0.0,2026
682610,FF,29,11,2,16,2,15,4,0,0.18181818181818182,0.125,0.5172413793103449,0.0,2026
682610,SI,13,6,3,8,3,8,2,1,0.5,0.375,0.6153846153846154,0.5,2026
682610,SL,46,19,12,36,13,26,6,2,0.631578947368421,0.3611111111111111,0.5652173913043478,0.3333333333333333,2026
682668,CU,1,0,0,1,0,0,0,0,,0.0,0.0,,2026
682668,EP,24,9,0,19,5,13,8,4,0.0,0.2631578947368421,0.5416666666666666,0.5,2026
682668,FA,1,0,0,1,0,0,0,0,,0.0,0.0,,2026
682668,SL,2,1,0,0,0,1,1,1,0.0,,0.5,1.0,2026
682769,CH,2,2,0,0,0,2,2,2,0.0,,1.0,1.0,2026
682769,CU,13,4,3,12,3,8,1,1,0.75,0.25,0.6153846153846154,1.0,2026
682769,FF,12,7,2,8,4,8,2,0,0.2857142857142857,0.5,0.6666666666666666,0.0,2026
682769,SI,8,6,1,3,1,6,4,2,0.16666666666666666,0.3333333333333333,0.75,0.5,2026
682825,FF,27,17,3,11,5,20,8,3,0.17647058823529413,0.45454545454545453,0.7407407407407407,0.375,2026
682825,SI,394,169,42,172,44,260,52,32,0.2485207100591716,0.2558139534883721,0.6598984771573604,0.6153846153846154,2026
682825,SL,244,88,30,152,29,126,28,8,0.3409090909090909,0.19078947368421054,0.5163934426229508,0.2857142857142857,2026
682842,FF,2,2,0,0,0,2,2,2,0.0,,1.0,1.0,2026
682842,SI,567,251,43,275,68,365,112,65,0.17131474103585656,0.24727272727272728,0.6437389770723104,0.5803571428571429,2026
682842,SL,349,142,52,199,59,222,38,16,0.36619718309859156,0.2964824120603015,0.6361031518624641,0.42105263157894735,2026
682982,CU,25,4,1,11,0,13,3,1,0.25,0.0,0.52,0.3333333333333333,2026
682982,FF,169,86,32,85,24,111,11,1,0.37209302325581395,0.2823529411764706,0.6568047337278107,0.09090909090909091,2026
682982,SL,79,43,12,48,20,52,19,10,0.27906976744186046,0.4166666666666667,0.6582278481012658,0.5263157894736842,2026
682989,FC,272,140,44,146,57,185,45,11,0.3142857142857143,0.3904109589041096,0.6801470588235294,0.24444444444444444,2026
682989,FF,138,66,13,84,25,79,25,11,0.19696969696969696,0.2976190476190476,0.572463768115942,0.44,2026
682989,FS,75,34,13,57,18,37,6,2,0.38235294117647056,0.3157894736842105,0.49333333333333335,0.3333333333333333,2026
682989,SI,76,33,3,36,9,45,16,8,0.09090909090909091,0.25,0.5921052631578947,0.5,2026
682989,SL,2,1,0,1,0,1,0,0,0.0,0.0,0.5,,2026
682989,ST,23,13,3,12,5,17,4,2,0.23076923076923078,0.4166666666666667,0.7391304347826086,0.5,2026
682995,CH,30,9,2,20,2,12,4,2,0.2222222222222222,0.1,0.4,0.5,2026
682995,FF,130,53,6,63,13,80,21,5,0.11320754716981132,0.20634920634920634,0.6153846153846154,0.23809523809523808,2026
682995,FS,15,3,1,13,1,3,1,1,0.3333333333333333,0.07692307692307693,0.2,1.0,2026
682995,SI,69,30,3,28,5,48,15,13,0.1,0.17857142857142858,0.6956521739130435,0.8666666666666667,2026
682995,SL,82,29,5,54,12,42,13,5,0.1724137931034483,0.2222222222222222,0.5121951219512195,0.38461538461538464,2026
682995,ST,25,11,3,17,5,14,4,1,0.2727272727272727,0.29411764705882354,0.56,0.25,2026
682997,CH,10,5,0,8,4,6,2,1,0.0,0.5,0.6,0.5,2026
682997,CU,1,0,0,1,0,0,0,0,,0.0,0.0,,2026
682997,FA,24,9,0,18,5,12,4,1,0.0,0.2777777777777778,0.5,0.25,2026
682997,SL,18,5,0,13,1,8,5,2,0.0,0.07692307692307693,0.4444444444444444,0.4,2026
683000,FC,99,41,13,60,17,59,12,9,0.3170731707317073,0.2833333333333333,0.5959595959595959,0.75,2026
683000,FF,251,124,11,119,27,156,49,18,0.08870967741935484,0.226890756302521,0.6215139442231076,0.3673469387755102,2026
683000,SL,335,157,78,219,81,193,30,11,0.4968152866242038,0.3698630136986301,0.5761194029850746,0.36666666666666664,2026
683003,CH,181,83,31,124,41,95,27,16,0.37349397590361444,0.33064516129032256,0.5248618784530387,0.5925925925925926,2026
683003,CU,135,56,22,83,31,83,15,7,0.39285714285714285,0.37349397590361444,0.6148148148148148,0.4666666666666667,2026
683003,FF,762,378,75,352,90,493,128,39,0.1984126984126984,0.2556818181818182,0.6469816272965879,0.3046875,2026
683003,SL,556,292,112,288,116,384,88,34,0.3835616438356164,0.4027777777777778,0.6906474820143885,0.38636363636363635,2026
683004,CH,256,127,39,146,43,153,54,27,0.30708661417322836,0.2945205479452055,0.59765625,0.5,2026
683004,CU,126,40,15,74,16,69,8,4,0.375,0.21621621621621623,0.5476190476190477,0.5,2026
683004,FC,141,72,15,83,27,86,27,10,0.20833333333333334,0.3253012048192771,0.6099290780141844,0.37037037037037035,2026
683004,FF,554,275,54,264,79,364,83,23,0.19636363636363635,0.29924242424242425,0.6570397111913358,0.27710843373493976,2026
683004,SI,111,58,5,48,17,77,26,11,0.08620689655172414,0.3541666666666667,0.6936936936936937,0.4230769230769231,2026
683004,SL,265,122,40,139,49,176,43,14,0.32786885245901637,0.35251798561151076,0.6641509433962264,0.32558139534883723,2026
683155,CH,8,5,0,4,1,5,4,1,0.0,0.25,0.625,0.25,2026
683155,FC,25,11,3,7,0,19,4,0,0.2727272727272727,0.0,0.76,0.0,2026
683155,FF,43,23,6,22,9,29,5,1,0.2608695652173913,0.4090909090909091,0.6744186046511628,0.2,2026
683155,SI,10,7,2,4,2,8,4,1,0.2857142857142857,0.5,0.8,0.25,2026
683155,SL,17,10,2,7,1,11,5,0,0.2,0.14285714285714285,0.6470588235294118,0.0,2026
683155,ST,22,9,1,13,3,13,5,1,0.1111111111111111,0.23076923076923078,0.5909090909090909,0.2,2026
683175,CU,19,7,1,11,1,10,3,1,0.14285714285714285,0.09090909090909091,0.5263157894736842,0.3333333333333333,2026
683175,FF,293,102,10,148,16,164,38,9,0.09803921568627451,0.10810810810810811,0.5597269624573379,0.23684210526315788,2026
683175,ST,278,126,42,168,51,162,41,11,0.3333333333333333,0.30357142857142855,0.5827338129496403,0.2682926829268293,2026
683232,CH,37,12,4,31,8,13,2,1,0.3333333333333333,0.25806451612903225,0.35135135135135137,0.5,2026
683232,CU,46,15,3,27,6,28,4,3,0.2,0.2222222222222222,0.6086956521739131,0.75,2026
683232,FF,129,56,5,69,17,82,23,12,0.08928571428571429,0.2463768115942029,0.6356589147286822,0.5217391304347826,2026
683232,SI,42,24,0,15,3,30,14,8,0.0,0.2,0.7142857142857143,0.5714285714285714,2026
683232,SL,98,50,17,57,25,65,16,4,0.34,0.43859649122807015,0.6632653061224489,0.25,2026
683352,CH,71,38,4,45,18,45,20,6,0.10526315789473684,0.4,0.6338028169014085,0.3,2026
683352,CU,26,5,1,14,2,14,2,0,0.2,0.14285714285714285,0.5384615384615384,0.0,2026
683352,FF,338,167,21,167,41,211,61,15,0.12574850299401197,0.24550898203592814,0.6242603550295858,0.2459016393442623,2026
683352,SI,57,28,0,24,4,36,13,7,0.0,0.16666666666666666,0.631578947368421,0.5384615384615384,2026
683352,SL,65,35,9,37,12,40,9,3,0.2571428571428571,0.32432432432432434,0.6153846153846154,0.3333333333333333,2026
683352,SV,169,70,9,80,16,107,31,8,0.12857142857142856,0.2,0.6331360946745562,0.25806451612903225,2026
683363,CH,96,32,8,62,11,44,16,7,0.25,0.1774193548387097,0.4583333333333333,0.4375,2026
683363,FC,24,12,1,14,5,14,6,2,0.08333333333333333,0.35714285714285715,0.5833333333333334,0.3333333333333333,2026
683363,FF,239,115,19,111,34,170,47,12,0.16521739130434782,0.3063063063063063,0.7112970711297071,0.2553191489361702,2026
683363,SL,60,25,3,35,7,34,16,3,0.12,0.2,0.5666666666666667,0.1875,2026
683409,CH,119,66,23,77,31,73,21,8,0.3484848484848485,0.4025974025974026,0.6134453781512605,0.38095238095238093,2026
683409,FF,59,27,4,31,7,37,13,5,0.14814814814814814,0.22580645161290322,0.6271186440677966,0.38461538461538464,2026
683409,SL,107,51,18,55,13,66,15,6,0.35294117647058826,0.23636363636363636,0.616822429906542,0.4,2026
683618,CU,41,10,3,33,7,16,5,2,0.3,0.21212121212121213,0.3902439024390244,0.4,2026
683618,FC,141,79,27,70,31,103,19,6,0.34177215189873417,0.44285714285714284,0.7304964539007093,0.3157894736842105,2026
683618,FF,333,172,52,182,56,204,39,9,0.3023255813953488,0.3076923076923077,0.6126126126126126,0.23076923076923078,2026
683618,SI,241,126,16,116,47,172,54,35,0.12698412698412698,0.4051724137931034,0.7136929460580913,0.6481481481481481,2026
683618,SL,212,88,36,135,43,117,23,9,0.4090909090909091,0.31851851851851853,0.5518867924528302,0.391304347826087,2026
683627,CH,117,60,9,68,21,70,25,9,0.15,0.3088235294117647,0.5982905982905983,0.36,2026
683627,CU,82,43,14,44,17,54,16,8,0.32558139534883723,0.38636363636363635,0.6585365853658537,0.5,2026
683627,FF,262,141,23,117,35,180,44,17,0.16312056737588654,0.29914529914529914,0.6870229007633588,0.38636363636363635,2026
683627,SI,1,0,0,0,0,1,0,0,,,1.0,,2026
683627,SL,57,23,7,30,11,38,10,2,0.30434782608695654,0.36666666666666664,0.6666666666666666,0.2,2026
683627,SV,22,13,4,11,4,14,3,1,0.3076923076923077,0.36363636363636365,0.6363636363636364,0.3333333333333333,2026
683734,EP,26,9,0,23,6,16,8,4,0.0,0.2608695652173913,0.6153846153846154,0.5,2026
683734,FA,6,2,0,5,2,3,1,1,0.0,0.4,0.5,1.0,2026
683734,KN,50,17,5,40,8,20,9,2,0.29411764705882354,0.2,0.4,0.2222222222222222,2026
683734,SL,1,1,0,0,0,1,1,1,0.0,,1.0,1.0,2026
683742,CH,47,16,5,32,6,21,6,1,0.3125,0.1875,0.44680851063829785,0.16666666666666666,2026
683742,FF,160,73,6,78,16,100,31,9,0.0821917808219178,0.20512820512820512,0.625,0.2903225806451613,2026
683742,SL,141,66,18,79,22,83,25,11,0.2727272727272727,0.27848101265822783,0.5886524822695035,0.44,2026
683766,EP,28,12,1,17,3,17,10,4,0.08333333333333333,0.17647058823529413,0.6071428571428571,0.4,2026
683769,CH,196,68,25,122,24,96,20,5,0.36764705882352944,0.19672131147540983,0.4897959183673469,0.25,2026
683769,FF,290,175,29,128,55,219,68,19,0.1657142857142857,0.4296875,0.7551724137931034,0.27941176470588236,2026
683769,FS,7,1,1,7,1,1,0,0,1.0,0.14285714285714285,0.14285714285714285,,2026
683769,SL,490,264,80,259,93,324,87,40,0.30303030303030304,0.3590733590733591,0.6612244897959184,0.45977011494252873,2026
684007,CU,81,19,3,36,2,45,5,4,0.15789473684210525,0.05555555555555555,0.5555555555555556,0.8,2026
684007,FF,1128,546,93,555,152,734,193,49,0.17032967032967034,0.27387387387387385,0.650709219858156,0.2538860103626943,2026
684007,FS,970,587,234,591,272,652,179,88,0.3986371379897785,0.4602368866328257,0.6721649484536083,0.49162011173184356,2026
684007,SI,166,88,15,69,27,123,49,25,0.17045454545454544,0.391304347826087,0.7409638554216867,0.5102040816326531,2026
684007,SL,54,30,9,25,8,37,8,3,0.3,0.32,0.6851851851851852,0.375,2026
684007,ST,411,185,53,240,75,246,54,15,0.2864864864864865,0.3125,0.5985401459854015,0.2777777777777778,2026
684049,CH,11,5,1,8,4,7,2,0,0.2,0.5,0.6363636363636364,0.0,2026
684049,FF,178,96,26,90,28,118,28,8,0.2708333333333333,0.3111111111111111,0.6629213483146067,0.2857142857142857,2026
684049,SL,136,58,25,82,29,81,17,4,0.43103448275862066,0.35365853658536583,0.5955882352941176,0.23529411764705882,2026
684128,FC,8,7,0,2,1,7,3,1,0.0,0.5,0.875,0.3333333333333333,2026
684128,FF,6,2,1,5,2,3,0,0,0.5,0.4,0.5,,2026
684320,FF,36,13,2,20,3,18,3,2,0.15384615384615385,0.15,0.5,0.6666666666666666,2026
684320,FS,42,17,4,27,6,21,8,3,0.23529411764705882,0.2222222222222222,0.5,0.375,2026
684320,SI,26,10,1,20,6,12,6,4,0.1,0.3,0.46153846153846156,0.6666666666666666,2026
684320,SL,68,30,3,31,7,47,14,3,0.1,0.22580645161290322,0.6911764705882353,0.21428571428571427,2026
684442,CH,73,36,12,52,24,44,11,6,0.3333333333333333,0.46153846153846156,0.6027397260273972,0.5454545454545454,2026
684442,CU,65,18,4,38,4,31,6,0,0.2222222222222222,0.10526315789473684,0.47692307692307695,0.0,2026
684442,FC,44,18,5,23,4,25,7,2,0.2777777777777778,0.17391304347826086,0.5681818181818182,0.2857142857142857,2026
684442,FF,165,79,8,75,16,106,36,9,0.10126582278481013,0.21333333333333335,0.6424242424242425,0.25,2026
684442,SL,35,17,2,16,2,21,7,3,0.11764705882352941,0.125,0.6,0.42857142857142855,2026
684516,CH,18,8,2,13,4,9,4,2,0.25,0.3076923076923077,0.5,0.5,2026
684516,FF,22,13,2,10,3,15,4,1,0.15384615384615385,0.3,0.6818181818181818,0.25,2026
684516,SL,19,7,3,13,3,10,1,0,0.42857142857142855,0.23076923076923078,0.5263157894736842,0.0,2026
684665,CH,29,13,0,17,5,17,8,4,0.0,0.29411764705882354,0.5862068965517241,0.5,2026
684665,FC,81,39,6,52,13,43,15,5,0.15384615384615385,0.25,0.5308641975308642,0.3333333333333333,2026
684665,FF,209,88,17,105,28,133,20,8,0.19318181818181818,0.26666666666666666,0.6363636363636364,0.4,2026
684665,SL,62,33,9,34,11,39,14,4,0.2727272727272727,0.3235294117647059,0.6290322580645161,0.2857142857142857,2026
684974,CH,340,181,58,184,78,239,62,27,0.32044198895027626,0.42391304347826086,0.7029411764705882,0.43548387096774194,2026
684974,FC,79,35,11,49,14,47,11,5,0.3142857142857143,0.2857142857142857,0.5949367088607594,0.45454545454545453,2026
684974,FF,103,37,5,53,9,58,12,3,0.13513513513513514,0.16981132075471697,0.5631067961165048,0.25,2026
684974,SI,108,37,4,59,9,58,17,7,0.10810810810810811,0.15254237288135594,0.5370370370370371,0.4117647058823529,2026
684974,ST,5,2,0,3,1,3,0,0,0.0,0.3333333333333333,0.6,,2026
685005,CH,14,8,1,6,1,9,4,1,0.125,0.16666666666666666,0.6428571428571429,0.25,2026
685005,FF,45,18,4,28,5,22,6,2,0.2222222222222222,0.17857142857142858,0.4888888888888889,0.3333333333333333,2026
685005,SI,57,27,2,26,4,34,12,3,0.07407407407407407,0.15384615384615385,0.5964912280701754,0.25,2026
685005,SL,62,28,8,33,8,34,5,3,0.2857142857142857,0.24242424242424243,0.5483870967741935,0.6,2026
685112,FC,104,50,15,49,24,79,21,8,0.3,0.4897959183673469,0.7596153846153846,0.38095238095238093,2026
685112,FF,82,38,9,38,8,49,11,7,0.23684210526315788,0.21052631578947367,0.5975609756097561,0.6363636363636364,2026
685112,PO,1,0,0,1,0,0,0,0,,0.0,0.0,,2026
685112,SI,2,1,0,1,0,1,0,0,0.0,0.0,0.5,,2026
685112,ST,50,21,7,39,12,24,6,4,0.3333333333333333,0.3076923076923077,0.48,0.6666666666666666,2026
685126,CH,147,59,18,112,31,70,20,11,0.3050847457627119,0.2767857142857143,0.47619047619047616,0.55,2026
685126,FF,311,141,36,158,35,189,50,15,0.2553191489361702,0.22151898734177214,0.6077170418006431,0.3,2026
685126,SI,52,20,3,28,6,31,10,4,0.15,0.21428571428571427,0.5961538461538461,0.4,2026
685126,SL,274,140,46,155,63,185,45,22,0.32857142857142857,0.4064516129032258,0.6751824817518248,0.4888888888888889,2026
685299,CH,378,216,50,211,84,249,82,35,0.23148148148148148,0.3981042654028436,0.6587301587301587,0.4268292682926829,2026
685299,CU,159,67,15,97,32,95,31,6,0.22388059701492538,0.32989690721649484,0.5974842767295597,0.1935483870967742,2026
685299,FC,35,14,1,16,2,20,8,5,0.07142857142857142,0.125,0.5714285714285714,0.625,2026
685299,FF,730,404,69,302,87,524,155,38,0.1707920792079208,0.28807947019867547,0.7178082191780822,0.24516129032258063,2026
685299,SI,38,18,1,19,4,22,7,3,0.05555555555555555,0.21052631578947367,0.5789473684210527,0.42857142857142855,2026
685299,SL,352,170,35,156,42,237,79,33,0.20588235294117646,0.2692307692307692,0.6732954545454546,0.4177215189873418,2026
685464,CH,2,1,0,1,0,1,1,0,0.0,0.0,0.5,0.0,2026
685464,CU,67,21,7,43,7,32,6,2,0.3333333333333333,0.16279069767441862,0.47761194029850745,0.3333333333333333,2026
685464,FC,69,40,5,28,11,53,15,7,0.125,0.39285714285714285,0.7681159420289855,0.4666666666666667,2026
685464,FF,87,30,10,41,6,51,8,6,0.3333333333333333,0.14634146341463414,0.5862068965517241,0.75,2026
685464,SI,20,10,2,10,3,12,2,2,0.2,0.3,0.6,1.0,2026
685801,CU,7,5,0,1,0,5,4,2,0.0,0.0,0.7142857142857143,0.5,2026
685801,FF,164,71,11,85,20,101,33,14,0.15492957746478872,0.23529411764705882,0.6158536585365854,0.42424242424242425,2026
685801,FS,17,5,1,14,3,6,2,1,0.2,0.21428571428571427,0.35294117647058826,0.5,2026
685801,SL,131,58,20,82,26,76,18,7,0.3448275862068966,0.3170731707317073,0.5801526717557252,0.3888888888888889,2026
686218,CH,304,157,34,172,56,188,65,33,0.21656050955414013,0.32558139534883723,0.618421052631579,0.5076923076923077,2026
686218,CU,241,88,25,122,32,146,26,13,0.2840909090909091,0.26229508196721313,0.6058091286307054,0.5,2026
686218,FF,836,434,119,463,166,538,106,23,0.27419354838709675,0.35853131749460043,0.6435406698564593,0.2169811320754717,2026
686218,SL,573,312,112,316,127,392,102,38,0.358974358974359,0.40189873417721517,0.6841186736474695,0.37254901960784315,2026
686228,FC,19,9,1,7,2,13,4,4,0.1111111111111111,0.2857142857142857,0.6842105263157895,1.0,2026
686228,FF,3,2,0,1,0,2,1,0,0.0,0.0,0.6666666666666666,0.0,2026
686228,SI,19,10,1,12,4,12,6,4,0.1,0.3333333333333333,0.631578947368421,0.6666666666666666,2026
686228,ST,12,8,1,5,2,8,5,0,0.125,0.4,0.6666666666666666,0.0,2026
686475,EP,106,36,1,80,23,60,29,12,0.027777777777777776,0.2875,0.5660377358490566,0.41379310344827586,2026
686560,FC,159,63,14,77,17,98,26,10,0.2222222222222222,0.22077922077922077,0.6163522012578616,0.38461538461538464,2026
686560,FF,127,47,15,82,19,64,11,1,0.3191489361702128,0.23170731707317074,0.5039370078740157,0.09090909090909091,2026
686560,SI,85,19,0,37,3,49,9,5,0.0,0.08108108108108109,0.5764705882352941,0.5555555555555556,2026
686560,ST,109,55,15,57,19,69,19,6,0.2727272727272727,0.3333333333333333,0.6330275229357798,0.3157894736842105,2026
686563,CH,7,2,0,6,1,2,1,0,0.0,0.16666666666666666,0.2857142857142857,0.0,2026
686563,FC,5,3,0,3,1,3,1,1,0.0,0.3333333333333333,0.6,1.0,2026
686563,FF,44,24,7,24,7,27,5,1,0.2916666666666667,0.2916666666666667,0.6136363636363636,0.2,2026
686563,SI,9,4,1,2,0,7,2,1,0.25,0.0,0.7777777777777778,0.5,2026
686563,SL,5,1,1,4,0,1,0,0,1.0,0.0,0.2,,2026
686563,ST,10,6,3,6,2,6,0,0,0.5,0.3333333333333333,0.6,,2026
686580,CU,17,9,4,10,5,12,2,2,0.4444444444444444,0.5,0.7058823529411765,1.0,2026
686580,FC,211,97,18,84,23,148,38,18,0.18556701030927836,0.27380952380952384,0.7014218009478673,0.47368421052631576,2026
686580,FF,128,77,13,64,25,87,23,6,0.16883116883116883,0.390625,0.6796875,0.2608695652173913,2026
686580,SI,65,34,9,27,9,46,14,8,0.2647058823529412,0.3333333333333333,0.7076923076923077,0.5714285714285714,2026
686580,ST,87,41,17,58,19,48,13,5,0.4146341463414634,0.3275862068965517,0.5517241379310345,0.38461538461538464,2026
686588,FF,2,1,0,1,0,1,1,1,0.0,0.0,0.5,1.0,2026
686588,SL,1,0,0,0,0,1,0,0,,,1.0,,2026
686588,ST,1,1,0,1,1,1,0,0,0.0,1.0,1.0,,2026
686610,CH,2,0,0,2,0,0,0,0,,0.0,0.0,,2026
686610,CU,61,28,10,34,10,39,11,5,0.35714285714285715,0.29411764705882354,0.639344262295082,0.45454545454545453,2026
686610,FC,27,14,4,14,6,19,4,1,0.2857142857142857,0.42857142857142855,0.7037037037037037,0.25,2026
686610,FF,49,17,1,30,4,24,9,5,0.058823529411764705,0.13333333333333333,0.4897959183673469,0.5555555555555556,2026
686610,ST,10,3,1,5,1,6,2,0,0.3333333333333333,0.2,0.6,0.0,2026
686613,CH,167,69,28,108,29,91,24,10,0.4057971014492754,0.26851851851851855,0.5449101796407185,0.4166666666666667,2026
686613,FC,37,19,7,18,6,25,5,3,0.3684210526315789,0.3333333333333333,0.6756756756756757,0.6,2026
686613,FF,572,222,48,313,67,328,58,20,0.21621621621621623,0.21405750798722045,0.5734265734265734,0.3448275862068966,2026
686613,KC,339,147,53,216,70,191,52,40,0.36054421768707484,0.32407407407407407,0.5634218289085545,0.7692307692307693,2026
686613,SI,582,252,47,271,84,396,93,57,0.1865079365079365,0.30996309963099633,0.6804123711340206,0.6129032258064516,2026
686613,SL,166,80,15,89,23,100,32,20,0.1875,0.25842696629213485,0.6024096385542169,0.625,2026
686613,SV,18,8,2,12,3,9,4,3,0.25,0.25,0.5,0.75,2026
686628,CU,6,3,1,4,1,3,0,0,0.3333333333333333,0.25,0.5,,2026
686628,FC,6,3,1,5,3,4,1,0,0.3333333333333333,0.6,0.6666666666666666,0.0,2026
686628,FF,11,4,1,9,2,5,2,0,0.25,0.2222222222222222,0.45454545454545453,0.0,2026
686678,CH,6,2,0,4,0,2,0,0,0.0,0.0,0.3333333333333333,,2026
686678,FC,9,5,1,2,0,7,2,1,0.2,0.0,0.7777777777777778,0.5,2026
686678,FF,6,3,0,2,0,4,1,0,0.0,0.0,0.6666666666666666,0.0,2026
686678,SI,22,8,0,6,0,16,6,3,0.0,0.0,0.7272727272727273,0.5,2026
686678,ST,15,4,0,8,1,10,3,2,0.0,0.125,0.6666666666666666,0.6666666666666666,2026
686730,CH,10,6,1,3,1,8,3,1,0.16666666666666666,0.3333333333333333,0.8,0.3333333333333333,2026
686730,FC,1,1,0,0,0,1,0,0,0.0,,1.0,,2026
686730,FF,10,5,2,4,0,6,2,1,0.4,0.0,0.6,0.5,2026
686730,SI,27,17,0,8,3,22,9,4,0.0,0.375,0.8148148148148148,0.4444444444444444,2026
686730,ST,37,20,6,20,9,26,4,2,0.3,0.45,0.7027027027027027,0.5,2026
686747,FF,2,0,0,0,0,2,0,0,,,1.0,,2026
686747,SI,2,1,0,1,0,1,1,0,0.0,0.0,0.5,0.0,2026
686747,ST,4,1,0,2,0,2,0,0,0.0,0.0,0.5,,2026
686751,CU,29,10,5,25,7,11,0,0,0.5,0.28,0.3793103448275862,,2026
686751,FF,281,122,28,147,35,170,39,7,0.22950819672131148,0.23809523809523808,0.604982206405694,0.1794871794871795,2026
686751,FS,7,4,0,3,1,5,1,0,0.0,0.3333333333333333,0.7142857142857143,0.0,2026
686751,SI,54,25,3,28,6,33,14,8,0.12,0.21428571428571427,0.6111111111111112,0.5714285714285714,2026
686751,SL,203,96,30,99,36,142,32,18,0.3125,0.36363636363636365,0.6995073891625616,0.5625,2026
686751,ST,31,20,6,16,8,22,10,3,0.3,0.5,0.7096774193548387,0.3,2026
686753,CH,64,33,10,39,12,37,14,10,0.30303030303030304,0.3076923076923077,0.578125,0.7142857142857143,2026
686753,FF,62,25,4,38,11,34,8,2,0.16,0.2894736842105263,0.5483870967741935,0.25,2026
686753,SI,54,26,2,22,7,38,13,6,0.07692307692307693,0.3181818181818182,0.7037037037037037,0.46153846153846156,2026
686753,SL,104,51,20,46,16,76,22,4,0.39215686274509803,0.34782608695652173,0.7307692307692307,0.18181818181818182,2026
686753,ST,22,9,2,12,2,12,5,0,0.2222222222222222,0.16666666666666666,0.5454545454545454,0.0,2026
686780,CH,1,0,0,1,0,0,0,0,,0.0,0.0,,2026
686780,CU,4,2,0,3,1,3,2,1,0.0,0.3333333333333333,0.75,0.5,2026
686780,SL,11,8,0,9,6,9,5,2,0.0,0.6666666666666666,0.8181818181818182,0.4,2026
686790,CH,167,88,27,120,45,92,29,10,0.3068181818181818,0.375,0.5508982035928144,0.3448275862068966,2026
686790,FC,9,5,2,6,3,6,2,0,0.4,0.5,0.6666666666666666,0.0,2026
686790,FF,11,6,1,6,2,7,2,0,0.16666666666666666,0.3333333333333333,0.6363636363636364,0.0,2026
686790,SI,655,283,27,267,62,447,146,95,0.09540636042402827,0.23220973782771537,0.6824427480916031,0.6506849315068494,2026
686790,SL,295,124,46,189,60,166,38,13,0.3709677419354839,0.31746031746031744,0.5627118644067797,0.34210526315789475,2026
686796,CH,2,0,0,2,0,0,0,0,,0.0,0.0,,2026
686796,CU,6,3,0,1,1,6,3,3,0.0,1.0,1.0,1.0,2026
686796,FC,6,2,1,3,1,3,1,0,0.5,0.3333333333333333,0.5,0.0,2026
686796,FF,17,5,1,11,0,7,3,0,0.2,0.0,0.4117647058823529,0.0,2026
686796,SI,1,0,0,1,0,0,0,0,,0.0,0.0,,2026
686796,SL,10,5,3,5,1,6,1,1,0.6,0.2,0.6,1.0,2026
686799,CH,272,143,49,140,42,169,47,28,0.34265734265734266,0.3,0.6213235294117647,0.5957446808510638,2026
686799,FF,253,117,20,139,41,160,46,12,0.17094017094017094,0.2949640287769784,0.6324110671936759,0.2608695652173913,2026
686799,SI,438,205,32,208,52,284,100,72,0.15609756097560976,0.25,0.6484018264840182,0.72,2026
686799,SL,189,59,20,121,23,90,20,9,0.3389830508474576,0.19008264462809918,0.47619047619047616,0.45,2026
686894,CH,3,1,0,2,0,1,1,1,0.0,0.0,0.3333333333333333,1.0,2026
686894,CU,3,0,0,3,0,1,0,0,,0.0,0.3333333333333333,,2026
686894,EP,1,0,0,1,0,0,0,0,,0.0,0.0,,2026
686894,FA,22,10,0,16,4,15,8,0,0.0,0.25,0.6818181818181818,0.0,2026
686894,SL,14,7,0,9,2,8,4,1,0.0,0.2222222222222222,0.5714285714285714,0.25,2026
686930,CH,69,25,9,51,13,31,11,7,0.36,0.2549019607843137,0.4492753623188406,0.6363636363636364,2026
686930,CU,93,37,5,49,10,53,17,8,0.13513513513513514,0.20408163265306123,0.5698924731182796,0.47058823529411764,2026
686930,FF,447,187,31,247,55,262,74,21,0.1657754010695187,0.22267206477732793,0.5861297539149888,0.28378378378378377,2026
686930,SL,162,80,20,82,27,107,20,8,0.25,0.32926829268292684,0.6604938271604939,0.4,2026
686930,ST,138,65,14,79,30,89,25,6,0.2153846153846154,0.379746835443038,0.644927536231884,0.24,2026
686934,FF,134,68,19,63,17,88,16,4,0.27941176470588236,0.2698412698412698,0.6567164179104478,0.25,2026
686934,SI,82,39,1,36,10,54,22,13,0.02564102564102564,0.2777777777777778,0.6585365853658537,0.5909090909090909,2026
686934,SL,68,30,12,39,15,46,12,7,0.4,0.38461538461538464,0.6764705882352942,0.5833333333333334,2026
686934,ST,28,10,5,23,9,14,2,1,0.5,0.391304347826087,0.5,0.5,2026
686973,CH,223,122,42,149,68,143,37,24,0.3442622950819672,0.4563758389261745,0.6412556053811659,0.6486486486486487,2026
686973,FF,509,275,53,203,68,378,69,35,0.19272727272727272,0.33497536945812806,0.7426326129666012,0.5072463768115942,2026
686973,KC,375,181,61,249,93,225,59,32,0.3370165745856354,0.37349397590361444,0.6,0.5423728813559322,2026
686973,SI,29,8,0,18,2,13,4,3,0.0,0.1111111111111111,0.4482758620689655,0.75,2026
686973,SL,100,56,11,39,10,71,18,10,0.19642857142857142,0.2564102564102564,0.71,0.5555555555555556,2026
686993,FC,224,125,36,106,40,157,51,29,0.288,0.37735849056603776,0.7008928571428571,0.5686274509803921,2026
686993,FF,287,156,27,134,41,193,52,15,0.17307692307692307,0.30597014925373134,0.6724738675958188,0.28846153846153844,2026
686993,ST,215,97,41,147,50,115,28,10,0.422680412371134,0.3401360544217687,0.5348837209302325,0.35714285714285715,2026
687060,CU,5,3,1,4,2,3,1,0,0.3333333333333333,0.5,0.6,0.0,2026
687060,FC,13,5,2,9,2,7,1,0,0.4,0.2222222222222222,0.5384615384615384,0.0,2026
687060,FF,14,7,0,6,0,9,4,1,0.0,0.0,0.6428571428571429,0.25,2026
687060,SI,4,1,0,3,1,2,0,0,0.0,0.3333333333333333,0.5,,2026
687060,ST,1,1,0,0,0,1,1,0,0.0,,1.0,0.0,2026
687064,CU,296,89,22,173,38,160,36,12,0.24719101123595505,0.21965317919075145,0.5405405405405406,0.3333333333333333,2026
687064,FF,1014,549,100,499,186,703,179,68,0.18214936247723132,0.3727454909819639,0.6932938856015779,0.37988826815642457,2026
687064,FS,478,227,63,308,99,260,91,42,0.2775330396475771,0.32142857142857145,0.5439330543933054,0.46153846153846156,2026
687064,SI,349,178,14,142,45,246,95,51,0.07865168539325842,0.31690140845070425,0.7048710601719198,0.5368421052631579,2026
687064,SL,393,197,80,233,89,248,68,28,0.40609137055837563,0.38197424892703863,0.6310432569974554,0.4117647058823529,2026
687075,CH,147,67,22,93,24,78,21,15,0.3283582089552239,0.25806451612903225,0.5306122448979592,0.7142857142857143,2026
687075,CU,181,82,26,134,51,100,25,9,0.3170731707317073,0.3805970149253731,0.5524861878453039,0.36,2026
687075,FC,374,180,36,170,39,244,52,17,0.2,0.22941176470588234,0.6524064171122995,0.3269230769230769,2026
687075,FF,432,214,44,178,31,280,59,16,0.205607476635514,0.17415730337078653,0.6481481481481481,0.2711864406779661,2026
687075,SI,471,199,31,220,55,299,83,47,0.15577889447236182,0.25,0.6348195329087049,0.5662650602409639,2026
687075,ST,184,75,27,117,31,99,23,9,0.36,0.26495726495726496,0.5380434782608695,0.391304347826087,2026
687102,CU,1,0,0,1,0,0,0,0,,0.0,0.0,,2026
687102,FF,11,4,0,7,1,5,3,1,0.0,0.14285714285714285,0.45454545454545453,0.3333333333333333,2026
687102,SL,4,1,1,2,0,1,0,0,1.0,0.0,0.25,,2026
687134,CU,29,12,6,17,5,18,2,2,0.5,0.29411764705882354,0.6206896551724138,1.0,2026
687134,FC,11,6,1,4,1,8,4,2,0.16666666666666666,0.25,0.7272727272727273,0.5,2026
687134,FF,54,29,4,25,9,40,6,3,0.13793103448275862,0.36,0.7407407407407407,0.5,2026
687134,FS,28,15,2,14,3,16,3,2,0.13333333333333333,0.21428571428571427,0.5714285714285714,0.6666666666666666,2026
687134,SI,17,10,1,8,4,13,4,2,0.1,0.5,0.7647058823529411,0.5,2026
687134,SL,35,16,2,16,3,22,8,3,0.125,0.1875,0.6285714285714286,0.375,2026
687134,ST,26,16,3,14,5,20,5,2,0.1875,0.35714285714285715,0.7692307692307693,0.4,2026
687168,FC,2,1,0,1,1,2,1,0,0.0,1.0,1.0,0.0,2026
687168,FF,1,0,0,1,0,0,0,0,,0.0,0.0,,2026
687168,SI,1,1,0,0,0,1,1,0,0.0,,1.0,0.0,2026
687168,SL,1,0,0,1,0,0,0,0,,0.0,0.0,,2026
687209,FC,57,19,4,30,5,29,8,4,0.21052631578947367,0.16666666666666666,0.5087719298245614,0.5,2026
687209,FF,171,79,8,68,17,117,28,6,0.10126582278481013,0.25,0.6842105263157895,0.21428571428571427,2026
687209,ST,63,28,6,42,10,32,7,2,0.21428571428571427,0.23809523809523808,0.5079365079365079,0.2857142857142857,2026
687223,FC,31,15,4,13,4,23,3,2,0.26666666666666666,0.3076923076923077,0.7419354838709677,0.6666666666666666,2026
687223,FF,49,22,4,30,6,24,3,1,0.18181818181818182,0.2,0.4897959183673469,0.3333333333333333,2026
687223,SI,102,43,3,45,15,72,24,10,0.06976744186046512,0.3333333333333333,0.7058823529411765,0.4166666666666667,2026
687223,ST,131,71,21,84,34,83,22,6,0.29577464788732394,0.40476190476190477,0.6335877862595419,0.2727272727272727,2026
687239,CH,12,7,1,9,4,8,4,3,0.14285714285714285,0.4444444444444444,0.6666666666666666,0.75,2026
687239,FF,163,86,16,83,29,109,29,10,0.18604651162790697,0.3493975903614458,0.6687116564417178,0.3448275862068966,2026
687239,SL,107,53,14,63,23,65,16,9,0.2641509433962264,0.36507936507936506,0.6074766355140186,0.5625,2026
687273,CH,138,65,27,95,30,74,25,15,0.4153846153846154,0.3157894736842105,0.5362318840579711,0.6,2026
687273,CU,116,43,7,58,14,67,13,6,0.16279069767441862,0.2413793103448276,0.5775862068965517,0.46153846153846156,2026
687273,FF,335,153,30,168,41,214,57,21,0.19607843137254902,0.24404761904761904,0.6388059701492538,0.3684210526315789,2026
687273,SI,83,34,5,35,5,53,11,5,0.14705882352941177,0.14285714285714285,0.6385542168674698,0.45454545454545453,2026
687273,SL,195,100,24,94,27,128,38,15,0.24,0.2872340425531915,0.6564102564102564,0.39473684210526316,2026
687287,CU,14,7,1,7,1,8,4,0,0.14285714285714285,0.14285714285714285,0.5714285714285714,0.0,2026
687287,FC,11,9,1,2,1,10,4,1,0.1111111111111111,0.5,0.9090909090909091,0.25,2026
687287,FF,7,3,0,4,1,4,1,0,0.0,0.25,0.5714285714285714,0.0,2026
687287,FS,12,5,1,7,1,5,3,2,0.2,0.14285714285714285,0.4166666666666667,0.6666666666666666,2026
687287,SI,11,6,0,7,2,6,0,0,0.0,0.2857142857142857,0.5454545454545454,,2026
687287,SL,10,7,1,5,2,7,3,0,0.14285714285714285,0.4,0.7,0.0,2026
687309,CH,40,21,5,21,7,25,8,3,0.23809523809523808,0.3333333333333333,0.625,0.375,2026
687309,FC,24,10,0,9,0,16,3,0,0.0,0.0,0.6666666666666666,0.0,2026
687309,FF,132,58,13,66,18,85,15,8,0.22413793103448276,0.2727272727272727,0.6439393939393939,0.5333333333333333,2026
687309,ST,58,24,9,37,10,32,3,3,0.375,0.2702702702702703,0.5517241379310345,1.0,2026
687312,CH,127,50,5,77,14,65,21,10,0.1,0.18181818181818182,0.5118110236220472,0.47619047619047616,2026
687312,CU,138,62,15,91,30,78,18,7,0.24193548387096775,0.32967032967032966,0.5652173913043478,0.3888888888888889,2026
687312,FF,568,290,46,232,65,400,112,48,0.15862068965517243,0.2801724137931034,0.704225352112676,0.42857142857142855,2026
687312,SI,119,56,12,55,14,77,19,10,0.21428571428571427,0.2545454545454545,0.6470588235294118,0.5263157894736842,2026
687312,SL,91,46,12,50,12,52,13,5,0.2608695652173913,0.24,0.5714285714285714,0.38461538461538464,2026
687312,ST,99,43,9,58,15,57,17,3,0.20930232558139536,0.25862068965517243,0.5757575757575758,0.17647058823529413,2026
687330,CH,277,154,52,196,85,167,54,36,0.33766233766233766,0.4336734693877551,0.6028880866425993,0.6666666666666666,2026
687330,FC,3,0,0,3,0,0,0,0,,0.0,0.0,,2026
687330,FF,70,29,10,51,13,32,8,1,0.3448275862068966,0.2549019607843137,0.45714285714285713,0.125,2026
687330,SI,568,280,39,209,69,434,130,76,0.1392857142857143,0.33014354066985646,0.7640845070422535,0.5846153846153846,2026
687330,ST,69,25,5,41,6,35,10,4,0.2,0.14634146341463414,0.5072463768115942,0.4,2026
687377,CH,123,48,21,88,20,57,12,2,0.4375,0.22727272727272727,0.4634146341463415,0.16666666666666666,2026
687377,FF,210,120,31,114,51,148,31,8,0.25833333333333336,0.4473684210526316,0.7047619047619048,0.25806451612903225,2026
687377,SI,125,70,7,61,26,89,35,18,0.1,0.4262295081967213,0.712,0.5142857142857142,2026
687377,SL,292,148,41,157,57,195,40,19,0.27702702702702703,0.3630573248407643,0.6678082191780822,0.475,2026
687396,FF,623,346,60,238,66,469,108,30,0.17341040462427745,0.2773109243697479,0.7528089887640449,0.2777777777777778,2026
687396,FS,162,78,38,136,55,81,18,7,0.48717948717948717,0.40441176470588236,0.5,0.3888888888888889,2026
687396,SI,112,59,9,55,19,78,28,14,0.15254237288135594,0.34545454545454546,0.6964285714285714,0.5,2026
687396,SL,385,191,91,242,87,232,47,24,0.47643979057591623,0.359504132231405,0.6025974025974026,0.5106382978723404,2026
687473,CH,190,83,14,105,27,111,31,15,0.1686746987951807,0.2571428571428571,0.5842105263157895,0.4838709677419355,2026
687473,CU,131,59,9,63,20,89,33,14,0.15254237288135594,0.31746031746031744,0.6793893129770993,0.42424242424242425,2026
687473,FC,172,90,20,73,19,119,33,14,0.2222222222222222,0.2602739726027397,0.6918604651162791,0.42424242424242425,2026
687473,FF,411,202,39,190,58,281,69,22,0.19306930693069307,0.30526315789473685,0.683698296836983,0.3188405797101449,2026
687473,SI,175,81,17,81,31,126,30,15,0.20987654320987653,0.38271604938271603,0.72,0.5,2026
687473,SL,168,95,14,66,20,123,49,23,0.14736842105263157,0.30303030303030304,0.7321428571428571,0.46938775510204084,2026
687473,ST,189,99,14,87,28,132,40,10,0.1414141414141414,0.3218390804597701,0.6984126984126984,0.25,2026
687531,CH,5,2,0,3,0,2,1,1,0.0,0.0,0.4,1.0,2026
687531,FC,25,9,4,11,2,17,1,1,0.4444444444444444,0.18181818181818182,0.68,1.0,2026
687531,FF,96,41,15,53,15,62,11,2,0.36585365853658536,0.2830188679245283,0.6458333333333334,0.18181818181818182,2026
687531,SI,29,11,1,20,6,15,6,2,0.09090909090909091,0.3,0.5172413793103449,0.3333333333333333,2026
687531,ST,44,28,8,23,10,31,11,3,0.2857142857142857,0.43478260869565216,0.7045454545454546,0.2727272727272727,2026
687562,CH,438,257,78,278,128,294,88,34,0.3035019455252918,0.460431654676259,0.6712328767123288,0.38636363636363635,2026
687562,CU,40,17,2,34,12,19,7,4,0.11764705882352941,0.35294117647058826,0.475,0.5714285714285714,2026
687562,FC,60,33,11,24,6,43,13,6,0.3333333333333333,0.25,0.7166666666666667,0.46153846153846156,2026
687562,FF,569,314,55,269,88,391,119,36,0.1751592356687898,0.3271375464684015,0.687170474516696,0.3025210084033613,2026
687562,SI,388,193,17,147,50,289,96,63,0.08808290155440414,0.3401360544217687,0.7448453608247423,0.65625,2026
687562,ST,123,54,16,87,30,64,17,6,0.2962962962962963,0.3448275862068966,0.5203252032520326,0.35294117647058826,2026
687570,CH,207,101,18,126,39,122,48,30,0.1782178217821782,0.30952380952380953,0.5893719806763285,0.625,2026
687570,CU,383,159,57,229,80,227,39,16,0.3584905660377358,0.34934497816593885,0.5926892950391645,0.41025641025641024,2026
687570,FF,546,269,36,263,69,356,89,21,0.13382899628252787,0.2623574144486692,0.652014652014652,0.23595505617977527,2026
687570,SI,316,150,11,133,28,216,77,42,0.07333333333333333,0.21052631578947367,0.6835443037974683,0.5454545454545454,2026
687570,SL,615,309,87,303,104,416,102,45,0.2815533980582524,0.3432343234323432,0.6764227642276422,0.4411764705882353,2026
687606,CH,87,29,7,67,16,35,13,4,0.2413793103448276,0.23880597014925373,0.40229885057471265,0.3076923076923077,2026
687606,FC,272,128,25,136,40,190,44,17,0.1953125,0.29411764705882354,0.6985294117647058,0.38636363636363635,2026
687606,FF,207,99,14,104,31,137,40,13,0.1414141414141414,0.2980769230769231,0.6618357487922706,0.325,2026
687606,SL,44,17,4,28,4,20,10,3,0.23529411764705882,0.14285714285714285,0.45454545454545453,0.3,2026
687721,FO,2,0,0,2,0,0,0,0,,0.0,0.0,,2026
687721,SI,7,2,0,3,1,4,0,0,0.0,0.3333333333333333,0.5714285714285714,,2026
687721,SL,2,2,0,1,1,2,1,1,0.0,1.0,1.0,1.0,2026
687721,ST,6,4,1,3,2,5,0,0,0.25,0.6666666666666666,0.8333333333333334,,2026
687765,CH,17,4,0,14,1,5,2,1,0.0,0.07142857142857142,0.29411764705882354,0.5,2026
687765,CU,33,16,6,26,10,17,5,1,0.375,0.38461538461538464,0.5151515151515151,0.2,2026
687765,FC,76,42,4,29,8,54,19,10,0.09523809523809523,0.27586206896551724,0.7105263157894737,0.5263157894736842,2026
687765,SI,34,15,0,22,8,20,9,3,0.0,0.36363636363636365,0.5882352941176471,0.3333333333333333,2026
687765,SL,40,13,4,21,4,23,6,4,0.3076923076923077,0.19047619047619047,0.575,0.6666666666666666,2026
687792,CH,38,20,3,23,10,25,9,2,0.15,0.43478260869565216,0.6578947368421053,0.2222222222222222,2026
687792,FF,62,33,8,28,7,42,10,5,0.24242424242424243,0.25,0.6774193548387096,0.5,2026
687792,KC,3,1,0,2,0,1,1,1,0.0,0.0,0.3333333333333333,1.0,2026
687792,SL,25,13,1,11,2,16,6,1,0.07692307692307693,0.18181818181818182,0.64,0.16666666666666666,2026
687849,CU,53,24,7,31,13,35,9,3,0.2916666666666667,0.41935483870967744,0.660377358490566,0.3333333333333333,2026
687849,FF,128,69,7,57,14,88,34,15,0.10144927536231885,0.24561403508771928,0.6875,0.4411764705882353,2026
687849,SI,7,2,0,5,0,2,2,0,0.0,0.0,0.2857142857142857,0.0,2026
687849,SL,122,54,16,71,22,74,17,6,0.2962962962962963,0.30985915492957744,0.6065573770491803,0.35294117647058826,2026
687849,ST,1,1,0,0,0,1,0,0,0.0,,1.0,,2026
687859,CH,20,11,1,13,6,14,3,1,0.09090909090909091,0.46153846153846156,0.7,0.3333333333333333,2026
687859,SL,15,8,1,12,5,10,4,3,0.125,0.4166666666666667,0.6666666666666666,0.75,2026
687911,CH,9,5,0,2,0,7,4,1,0.0,0.0,0.7777777777777778,0.25,2026
687911,CU,2,1,0,1,0,1,0,0,0.0,0.0,0.5,,2026
687911,FF,588,318,53,297,95,395,117,56,0.16666666666666666,0.31986531986531985,0.6717687074829932,0.47863247863247865,2026
687911,SI,184,79,9,78,26,130,36,29,0.11392405063291139,0.3333333333333333,0.7065217391304348,0.8055555555555556,2026
687911,ST,284,128,25,151,42,173,41,13,0.1953125,0.2781456953642384,0.6091549295774648,0.3170731707317073,2026
687924,CH,13,8,3,8,3,8,3,1,0.375,0.375,0.6153846153846154,0.3333333333333333,2026
687924,CU,3,0,0,2,0,1,0,0,,0.0,0.3333333333333333,,2026
687924,FF,5,0,0,3,0,2,0,0,,0.0,0.4,,2026
687924,SI,22,13,0,11,4,14,7,3,0.0,0.36363636363636365,0.6363636363636364,0.42857142857142855,2026
687924,SL,11,4,0,4,0,7,1,1,0.0,0.0,0.6363636363636364,1.0,2026
687931,CH,216,125,47,127,57,144,48,20,0.376,0.44881889763779526,0.6666666666666666,0.4166666666666667,2026
687931,FF,215,79,7,122,23,116,35,9,0.08860759493670886,0.1885245901639344,0.5395348837209303,0.2571428571428571,2026
687931,SI,57,18,3,28,5,37,10,4,0.16666666666666666,0.17857142857142858,0.6491228070175439,0.4,2026
687931,SL,101,50,14,55,21,68,18,6,0.28,0.38181818181818183,0.6732673267326733,0.3333333333333333,2026
687931,SV,28,8,2,18,4,14,5,0,0.25,0.2222222222222222,0.5,0.0,2026
687941,CH,7,2,1,5,1,3,0,0,0.5,0.2,0.42857142857142855,,2026
687941,CU,8,3,0,5,0,3,1,0,0.0,0.0,0.375,0.0,2026
687941,FF,194,106,12,83,19,131,35,20,0.11320754716981132,0.2289156626506024,0.6752577319587629,0.5714285714285714,2026
687941,SI,101,41,3,48,11,67,22,16,0.07317073170731707,0.22916666666666666,0.6633663366336634,0.7272727272727273,2026
687941,SL,156,92,17,88,35,103,39,16,0.18478260869565216,0.3977272727272727,0.6602564102564102,0.41025641025641024,2026
687985,CU,10,0,0,10,0,2,0,0,,0.0,0.2,,2026
687985,FF,22,8,0,12,2,12,1,0,0.0,0.16666666666666666,0.5454545454545454,0.0,2026
687985,FS,1,1,0,0,0,1,0,0,0.0,,1.0,,2026
687985,SL,10,3,0,7,1,5,1,0,0.0,0.14285714285714285,0.5,0.0,2026
688107,CH,188,86,20,115,37,108,36,18,0.23255813953488372,0.3217391304347826,0.574468085106383,0.5,2026
688107,FC,328,176,27,136,41,234,58,18,0.1534090909090909,0.3014705882352941,0.7134146341463414,0.3103448275862069,2026
688107,FF,424,242,59,210,65,280,70,15,0.24380165289256198,0.30952380952380953,0.660377358490566,0.21428571428571427,2026
688107,SI,408,165,17,159,25,276,71,33,0.10303030303030303,0.15723270440251572,0.6764705882352942,0.4647887323943662,2026
688107,SL,10,5,0,6,2,6,5,0,0.0,0.3333333333333333,0.6,0.0,2026
688107,ST,459,222,55,239,73,296,75,22,0.24774774774774774,0.3054393305439331,0.644880174291939,0.29333333333333333,2026
688158,CU,135,61,24,96,34,74,14,4,0.39344262295081966,0.3541666666666667,0.5481481481481482,0.2857142857142857,2026
688158,FF,192,105,23,84,24,133,31,14,0.21904761904761905,0.2857142857142857,0.6927083333333334,0.45161290322580644,2026
688158,SI,164,73,14,82,27,104,30,23,0.1917808219178082,0.32926829268292684,0.6341463414634146,0.7666666666666667,2026
688158,SL,106,58,24,53,20,73,21,8,0.41379310344827586,0.37735849056603776,0.6886792452830188,0.38095238095238093,2026
688297,CH,4,0,0,4,0,0,0,0,,0.0,0.0,,2026
688297,FC,135,67,10,64,14,84,32,16,0.14925373134328357,0.21875,0.6222222222222222,0.5,2026
688297,FF,162,74,14,97,27,92,19,11,0.1891891891891892,0.27835051546391754,0.5679012345679012,0.5789473684210527,2026
688297,SI,351,171,22,156,40,230,81,52,0.1286549707602339,0.2564102564102564,0.6552706552706553,0.6419753086419753,2026
688297,ST,43,12,2,23,5,24,4,1,0.16666666666666666,0.21739130434782608,0.5581395348837209,0.25,2026
688497,CU,9,4,2,4,1,6,1,0,0.5,0.25,0.6666666666666666,0.0,2026
688497,FF,37,19,2,11,1,25,8,5,0.10526315789473684,0.09090909090909091,0.6756756756756757,0.625,2026
688497,FS,15,5,2,12,4,7,3,1,0.4,0.3333333333333333,0.4666666666666667,0.3333333333333333,2026
688497,SL,23,14,7,9,4,18,6,2,0.5,0.4444444444444444,0.782608695652174,0.3333333333333333,2026
688497,SV,4,3,1,4,3,3,0,0,0.3333333333333333,0.75,0.75,,2026
688642,FC,327,170,25,149,36,215,74,31,0.14705882352941177,0.24161073825503357,0.6574923547400612,0.4189189189189189,2026
688642,FF,372,180,25,190,46,231,78,18,0.1388888888888889,0.24210526315789474,0.6209677419354839,0.23076923076923078,2026
688642,FS,164,86,36,131,55,90,25,13,0.4186046511627907,0.4198473282442748,0.5487804878048781,0.52,2026
688642,SI,208,109,3,96,32,142,66,28,0.027522935779816515,0.3333333333333333,0.6826923076923077,0.42424242424242425,2026
688642,SL,185,111,28,107,49,128,42,20,0.25225225225225223,0.45794392523364486,0.6918918918918919,0.47619047619047616,2026
688642,ST,257,104,34,144,42,157,29,12,0.3269230769230769,0.2916666666666667,0.6108949416342413,0.41379310344827586,2026
688692,FF,37,15,3,17,3,24,1,0,0.2,0.17647058823529413,0.6486486486486487,0.0,2026
688692,FS,14,5,0,12,3,5,3,1,0.0,0.25,0.35714285714285715,0.3333333333333333,2026
688692,SI,32,8,1,21,3,15,4,0,0.125,0.14285714285714285,0.46875,0.0,2026
688692,SL,10,3,1,9,3,4,1,1,0.3333333333333333,0.3333333333333333,0.4,1.0,2026
688883,CH,6,3,0,4,1,3,1,1,0.0,0.25,0.5,1.0,2026
688883,CU,106,35,8,58,12,61,11,6,0.22857142857142856,0.20689655172413793,0.5754716981132075,0.5454545454545454,2026
688883,FF,231,103,26,104,18,144,31,8,0.2524271844660194,0.17307692307692307,0.6233766233766234,0.25806451612903225,2026
688883,SL,99,35,11,71,20,49,13,5,0.3142857142857143,0.28169014084507044,0.494949494949495,0.38461538461538464,2026
689017,CH,45,24,9,27,9,27,4,2,0.375,0.3333333333333333,0.6,0.5,2026
689017,FF,84,42,5,35,9,59,23,4,0.11904761904761904,0.2571428571428571,0.7023809523809523,0.17391304347826086,2026
689017,KC,27,8,1,13,2,15,3,2,0.125,0.15384615384615385,0.5555555555555556,0.6666666666666666,2026
689017,SL,31,17,2,15,4,20,9,3,0.11764705882352941,0.26666666666666666,0.6451612903225806,0.3333333333333333,2026
689147,FF,369,159,45,185,44,228,45,12,0.2830188679245283,0.23783783783783785,0.6178861788617886,0.26666666666666666,2026
689147,FS,65,21,8,58,15,22,9,4,0.38095238095238093,0.25862068965517243,0.3384615384615385,0.4444444444444444,2026
689147,SI,199,86,9,99,31,131,36,18,0.10465116279069768,0.31313131313131315,0.6582914572864321,0.5,2026
689147,ST,460,193,47,249,77,283,74,23,0.24352331606217617,0.3092369477911647,0.6152173913043478,0.3108108108108108,2026
689149,CU,74,25,6,58,14,33,9,2,0.24,0.2413793103448276,0.44594594594594594,0.2222222222222222,2026
689149,FC,110,46,7,57,14,66,17,9,0.15217391304347827,0.24561403508771928,0.6,0.5294117647058824,2026
689149,FF,2,2,1,1,1,2,1,0,0.5,1.0,1.0,0.0,2026
689149,SI,5,0,0,3,0,3,0,0,,0.0,0.6,,2026
689149,ST,69,48,16,40,27,55,12,4,0.3333333333333333,0.675,0.7971014492753623,0.3333333333333333,2026
689225,CH,54,27,4,34,13,30,9,7,0.14814814814814814,0.38235294117647056,0.5555555555555556,0.7777777777777778,2026
689225,CU,43,17,9,31,9,21,4,2,0.5294117647058824,0.2903225806451613,0.4883720930232558,0.5,2026
689225,FF,160,88,16,75,23,110,31,13,0.18181818181818182,0.30666666666666664,0.6875,0.41935483870967744,2026
689225,SI,60,23,2,24,5,44,10,4,0.08695652173913043,0.20833333333333334,0.7333333333333333,0.4,2026
689225,SL,70,47,13,35,15,50,17,6,0.2765957446808511,0.42857142857142855,0.7142857142857143,0.35294117647058826,2026
689254,CH,107,49,13,79,28,54,22,9,0.2653061224489796,0.35443037974683544,0.5046728971962616,0.4090909090909091,2026
689254,FC,516,262,49,247,81,353,83,26,0.18702290076335878,0.32793522267206476,0.6841085271317829,0.3132530120481928,2026
689254,ST,411,197,66,231,83,261,64,27,0.3350253807106599,0.3593073593073593,0.635036496350365,0.421875,2026
689266,FC,274,152,49,156,61,180,52,19,0.3223684210526316,0.391025641025641,0.656934306569343,0.36538461538461536,2026
689266,FF,1,1,1,1,1,1,0,0,1.0,1.0,1.0,,2026
689266,SI,468,260,56,236,78,314,68,14,0.2153846153846154,0.3305084745762712,0.6709401709401709,0.20588235294117646,2026
689266,SL,36,11,6,31,8,12,4,1,0.5454545454545454,0.25806451612903225,0.3333333333333333,0.25,2026
689296,CH,220,110,43,155,57,123,33,19,0.39090909090909093,0.36774193548387096,0.5590909090909091,0.5757575757575758,2026
689296,FC,59,32,9,24,8,42,13,1,0.28125,0.3333333333333333,0.711864406779661,0.07692307692307693,2026
689296,FF,297,138,30,146,43,195,49,19,0.21739130434782608,0.2945205479452055,0.6565656565656566,0.3877551020408163,2026
689296,SI,112,54,8,56,15,74,22,13,0.14814814814814814,0.26785714285714285,0.6607142857142857,0.5909090909090909,2026
689296,ST,305,144,63,197,87,197,42,15,0.4375,0.4416243654822335,0.6459016393442623,0.35714285714285715,2026
689433,SI,13,9,3,6,4,10,2,2,0.3333333333333333,0.6666666666666666,0.7692307692307693,1.0,2026
689433,SL,6,3,1,4,2,4,2,2,0.3333333333333333,0.5,0.6666666666666666,1.0,2026
689441,CU,61,32,7,31,11,41,8,4,0.21875,0.3548387096774194,0.6721311475409836,0.5,2026
689441,FC,107,54,12,48,16,74,24,6,0.2222222222222222,0.3333333333333333,0.6915887850467289,0.25,2026
689441,FF,54,25,2,29,9,33,12,6,0.08,0.3103448275862069,0.6111111111111112,0.5,2026
689441,SI,50,27,2,16,4,39,14,5,0.07407407407407407,0.25,0.78,0.35714285714285715,2026
689441,ST,23,15,1,17,10,16,10,4,0.06666666666666667,0.5882352941176471,0.6956521739130435,0.4,2026
689520,CH,45,21,2,31,11,25,9,4,0.09523809523809523,0.3548387096774194,0.5555555555555556,0.4444444444444444,2026
689520,FC,55,27,8,34,11,33,13,4,0.2962962962962963,0.3235294117647059,0.6,0.3076923076923077,2026
689520,FF,214,103,19,94,24,149,31,13,0.18446601941747573,0.2553191489361702,0.6962616822429907,0.41935483870967744,2026
689546,FF,48,21,5,28,7,29,5,2,0.23809523809523808,0.25,0.6041666666666666,0.4,2026
689546,SI,107,50,5,49,14,73,22,12,0.1,0.2857142857142857,0.6822429906542056,0.5454545454545454,2026
689546,SL,290,132,20,143,44,185,62,32,0.15151515151515152,0.3076923076923077,0.6379310344827587,0.5161290322580645,2026
689546,ST,1,0,0,1,0,0,0,0,,0.0,0.0,,2026
689557,FC,1,0,0,1,0,0,0,0,,0.0,0.0,,2026
689557,FF,10,3,2,5,1,6,1,0,0.6666666666666666,0.2,0.6,0.0,2026
689557,SI,4,1,1,4,1,1,0,0,1.0,0.25,0.25,,2026
689557,SL,5,1,0,4,1,2,0,0,0.0,0.25,0.4,,2026
689690,CH,30,17,12,22,12,20,2,2,0.7058823529411765,0.5454545454545454,0.6666666666666666,1.0,2026
689690,FF,37,19,4,19,7,25,7,1,0.21052631578947367,0.3684210526315789,0.6756756756756757,0.14285714285714285,2026
689690,SI,17,7,0,9,2,10,4,2,0.0,0.2222222222222222,0.5882352941176471,0.5,2026
689690,ST,3,2,0,2,1,2,1,1,0.0,0.5,0.6666666666666666,1.0,2026
689818,CH,40,17,4,34,11,17,9,6,0.23529411764705882,0.3235294117647059,0.425,0.6666666666666666,2026
689818,CU,141,66,13,72,29,98,27,13,0.19696969696969696,0.4027777777777778,0.6950354609929078,0.48148148148148145,2026
689818,FC,116,55,17,55,10,72,20,10,0.3090909090909091,0.18181818181818182,0.6206896551724138,0.5,2026
689818,FF,200,87,13,93,23,130,35,13,0.14942528735632185,0.24731182795698925,0.65,0.37142857142857144,2026
689818,SI,58,26,1,32,9,37,10,8,0.038461538461538464,0.28125,0.6379310344827587,0.8,2026
689818,ST,83,39,14,52,19,51,12,2,0.358974358974359,0.36538461538461536,0.6144578313253012,0.16666666666666666,2026
689981,CH,10,4,3,9,3,4,1,1,0.75,0.3333333333333333,0.4,1.0,2026
689981,CU,8,4,1,3,0,5,2,0,0.25,0.0,0.625,0.0,2026
689981,FC,9,2,0,4,2,7,0,0,0.0,0.5,0.7777777777777778,,2026
689981,FF,32,13,2,17,4,19,4,0,0.15384615384615385,0.23529411764705882,0.59375,0.0,2026
689981,SI,8,4,1,5,2,5,3,2,0.25,0.4,0.625,0.6666666666666666,2026
689981,SL,15,5,3,11,3,7,2,1,0.6,0.2727272727272727,0.4666666666666667,0.5,2026
690155,CH,9,5,1,5,2,6,3,2,0.2,0.4,0.6666666666666666,0.6666666666666666,2026
690155,CU,15,3,1,8,0,8,1,0,0.3333333333333333,0.0,0.5333333333333333,0.0,2026
690155,FF,54,23,5,29,8,36,8,3,0.21739130434782608,0.27586206896551724,0.6666666666666666,0.375,2026
690155,SI,1,1,0,1,1,1,0,0,0.0,1.0,1.0,,2026
690155,SL,26,11,0,17,3,12,3,1,0.0,0.17647058823529413,0.46153846153846156,0.3333333333333333,2026
690155,ST,15,7,1,11,3,8,5,1,0.14285714285714285,0.2727272727272727,0.5333333333333333,0.2,2026
690279,CH,23,12,2,12,5,15,7,4,0.16666666666666666,0.4166666666666667,0.6521739130434783,0.5714285714285714,2026
690279,CU,88,33,17,58,23,54,5,3,0.5151515151515151,0.39655172413793105,0.6136363636363636,0.6,2026
690279,FC,29,17,4,10,3,24,5,1,0.23529411764705882,0.3,0.8275862068965517,0.2,2026
690279,FF,147,74,13,65,13,97,27,7,0.17567567567567569,0.2,0.6598639455782312,0.25925925925925924,2026
690279,SI,119,54,4,51,8,78,23,11,0.07407407407407407,0.1568627450980392,0.6554621848739496,0.4782608695652174,2026
690279,ST,62,31,6,36,15,40,13,6,0.1935483870967742,0.4166666666666667,0.6451612903225806,0.46153846153846156,2026
690440,FC,12,4,0,5,0,7,4,1,0.0,0.0,0.5833333333333334,0.25,2026
690440,FF,60,32,5,33,11,39,12,3,0.15625,0.3333333333333333,0.65,0.25,2026
690440,SI,35,17,0,16,3,25,7,3,0.0,0.1875,0.7142857142857143,0.42857142857142855,2026
690440,ST,36,15,3,23,6,20,7,3,0.2,0.2608695652173913,0.5555555555555556,0.42857142857142855,2026
690829,FF,174,75,17,76,15,113,24,4,0.22666666666666666,0.19736842105263158,0.6494252873563219,0.16666666666666666,2026
690829,SI,62,23,11,41,8,28,7,4,0.4782608695652174,0.1951219512195122,0.45161290322580644,0.5714285714285714,2026
690829,SL,23,10,2,12,3,14,2,1,0.2,0.25,0.6086956521739131,0.5,2026
690925,FF,394,160,29,202,41,238,56,25,0.18125,0.20297029702970298,0.6040609137055838,0.44642857142857145,2026
690925,SL,402,194,66,250,88,242,72,37,0.3402061855670103,0.352,0.6019900497512438,0.5138888888888888,2026
690928,CU,106,44,17,66,22,63,15,6,0.38636363636363635,0.3333333333333333,0.5943396226415094,0.4,2026
690928,FF,300,145,21,140,41,203,46,18,0.14482758620689656,0.29285714285714287,0.6766666666666666,0.391304347826087,2026
690928,FS,109,44,12,71,17,54,17,12,0.2727272727272727,0.23943661971830985,0.4954128440366973,0.7058823529411765,2026
690928,SI,122,48,7,62,12,73,25,19,0.14583333333333334,0.1935483870967742,0.5983606557377049,0.76,2026
690928,SL,158,65,12,76,15,99,23,7,0.18461538461538463,0.19736842105263158,0.6265822784810127,0.30434782608695654,2026
690928,ST,137,69,17,81,25,77,27,5,0.2463768115942029,0.30864197530864196,0.5620437956204379,0.18518518518518517,2026
690953,CH,69,33,10,31,9,48,15,8,0.30303030303030304,0.2903225806451613,0.6956521739130435,0.5333333333333333,2026
690953,CU,47,22,4,30,10,28,7,5,0.18181818181818182,0.3333333333333333,0.5957446808510638,0.7142857142857143,2026
690953,FF,174,94,24,74,28,127,23,5,0.2553191489361702,0.3783783783783784,0.7298850574712644,0.21739130434782608,2026
690953,SI,19,11,5,11,6,12,4,2,0.45454545454545453,0.5454545454545454,0.631578947368421,0.5,2026
690953,SL,57,25,5,29,10,37,12,4,0.2,0.3448275862068966,0.6491228070175439,0.3333333333333333,2026
690953,ST,40,19,6,28,9,23,7,2,0.3157894736842105,0.32142857142857145,0.575,0.2857142857142857,2026
690978,CH,32,14,4,24,7,15,7,6,0.2857142857142857,0.2916666666666667,0.46875,0.8571428571428571,2026
690978,FF,145,69,16,63,14,97,26,15,0.2318840579710145,0.2222222222222222,0.6689655172413793,0.5769230769230769,2026
690978,SI,53,23,1,28,4,31,11,8,0.043478260869565216,0.14285714285714285,0.5849056603773585,0.7272727272727273,2026
690978,SL,100,41,9,56,18,59,20,9,0.21951219512195122,0.32142857142857145,0.59,0.45,2026
690978,ST,149,61,22,95,30,86,13,5,0.36065573770491804,0.3157894736842105,0.5771812080536913,0.38461538461538464,2026
690986,CH,200,91,22,134,39,106,34,17,0.24175824175824176,0.291044776119403,0.53,0.5,2026
690986,FC,1,0,0,0,0,1,0,0,,,1.0,,2026
690986,FF,1250,652,164,542,176,883,181,59,0.25153374233128833,0.3247232472324723,0.7064,0.3259668508287293,2026
690986,SI,46,21,1,25,12,32,9,3,0.047619047619047616,0.48,0.6956521739130435,0.3333333333333333,2026
690986,SV,691,290,84,417,131,413,108,44,0.2896551724137931,0.31414868105515587,0.597684515195369,0.4074074074074074,2026
690990,CH,19,11,2,13,6,11,7,7,0.18181818181818182,0.46153846153846156,0.5789473684210527,1.0,2026
690990,CU,9,2,0,5,0,4,1,0,0.0,0.0,0.4444444444444444,0.0,2026
690990,FF,46,21,4,17,5,35,12,4,0.19047619047619047,0.29411764705882354,0.7608695652173914,0.3333333333333333,2026
690990,SI,7,3,1,4,2,5,0,0,0.3333333333333333,0.5,0.7142857142857143,,2026
690990,ST,11,6,2,10,5,6,0,0,0.3333333333333333,0.5,0.5454545454545454,,2026
690997,CH,181,94,24,120,42,105,33,15,0.2553191489361702,0.35,0.580110497237569,0.45454545454545453,2026
690997,CS,4,0,0,3,0,2,0,0,,0.0,0.5,,2026
690997,CU,420,201,70,286,101,241,49,26,0.3482587064676617,0.3531468531468531,0.5738095238095238,0.5306122448979592,2026
690997,FC,306,157,35,154,50,204,57,23,0.2229299363057325,0.3246753246753247,0.6666666666666666,0.40350877192982454,2026
690997,FF,564,254,65,265,65,365,77,20,0.2559055118110236,0.24528301886792453,0.6471631205673759,0.2597402597402597,2026
690997,SI,1012,447,48,449,124,695,209,113,0.10738255033557047,0.27616926503340755,0.6867588932806324,0.5406698564593302,2026
690997,SL,115,45,16,70,15,64,11,5,0.35555555555555557,0.21428571428571427,0.5565217391304348,0.45454545454545453,2026
690997,ST,312,93,21,184,31,162,32,13,0.22580645161290322,0.16847826086956522,0.5192307692307693,0.40625,2026
691008,CH,19,11,1,11,4,13,7,2,0.09090909090909091,0.36363636363636365,0.6842105263157895,0.2857142857142857,2026
691008,CU,42,16,5,27,7,24,1,1,0.3125,0.25925925925925924,0.5714285714285714,1.0,2026
691008,FF,66,23,5,35,4,35,9,2,0.21739130434782608,0.11428571428571428,0.5303030303030303,0.2222222222222222,2026
691008,SI,12,4,0,5,1,8,2,2,0.0,0.2,0.6666666666666666,1.0,2026
691008,SL,5,2,0,2,0,3,1,1,0.0,0.0,0.6,1.0,2026
691008,ST,19,11,4,9,3,13,5,1,0.36363636363636365,0.3333333333333333,0.6842105263157895,0.2,2026
691014,SI,1,1,0,1,1,1,1,0,0.0,1.0,1.0,0.0,2026
691384,FC,79,35,8,32,4,50,15,7,0.22857142857142856,0.125,0.6329113924050633,0.4666666666666667,2026
691384,FF,56,30,5,25,6,36,11,4,0.16666666666666666,0.24,0.6428571428571429,0.36363636363636365,2026
691384,FS,81,47,23,57,24,48,7,2,0.48936170212765956,0.42105263157894735,0.5925925925925926,0.2857142857142857,2026
691384,SL,34,13,5,17,3,19,1,0,0.38461538461538464,0.17647058823529413,0.5588235294117647,0.0,2026
691548,CH,3,0,0,3,0,0,0,0,,0.0,0.0,,2026
691548,FF,3,0,0,2,0,1,0,0,,0.0,0.3333333333333333,,2026
691548,SI,15,6,1,7,1,10,5,4,0.16666666666666666,0.14285714285714285,0.6666666666666666,0.8,2026
691548,SL,28,15,6,13,4,19,3,2,0.4,0.3076923076923077,0.6785714285714286,0.6666666666666666,2026
691587,CH,230,106,41,180,63,115,36,20,0.3867924528301887,0.35,0.5,0.5555555555555556,2026
691587,CU,170,68,16,92,23,100,22,10,0.23529411764705882,0.25,0.5882352941176471,0.45454545454545453,2026
691587,FF,988,564,118,452,155,700,161,45,0.20921985815602837,0.34292035398230086,0.708502024291498,0.2795031055900621,2026
691587,SI,472,250,32,258,88,300,95,42,0.128,0.34108527131782945,0.635593220338983,0.4421052631578947,2026
691587,SL,465,224,91,266,81,277,58,30,0.40625,0.30451127819548873,0.5956989247311828,0.5172413793103449,2026
691587,ST,348,159,65,198,53,204,40,15,0.4088050314465409,0.2676767676767677,0.5862068965517241,0.375,2026
691594,FA,73,39,1,42,11,47,24,5,0.02564102564102564,0.2619047619047619,0.6438356164383562,0.20833333333333334,2026
691725,CH,230,147,47,129,64,163,44,31,0.3197278911564626,0.49612403100775193,0.7086956521739131,0.7045454545454546,2026
691725,CU,126,65,16,61,23,88,23,8,0.24615384615384617,0.3770491803278688,0.6984126984126984,0.34782608695652173,2026
691725,FF,697,341,43,362,114,443,145,60,0.12609970674486803,0.3149171270718232,0.6355810616929699,0.41379310344827586,2026
691725,FS,164,86,31,88,28,104,26,8,0.36046511627906974,0.3181818181818182,0.6341463414634146,0.3076923076923077,2026
691725,SI,182,96,6,86,30,123,46,21,0.0625,0.3488372093023256,0.6758241758241759,0.45652173913043476,2026
691725,SL,374,152,53,213,58,214,52,24,0.34868421052631576,0.27230046948356806,0.5721925133689839,0.46153846153846156,2026
691725,ST,353,159,45,177,60,240,49,16,0.2830188679245283,0.3389830508474576,0.6798866855524079,0.32653061224489793,2026
691769,CH,23,10,3,20,7,10,5,3,0.3,0.35,0.43478260869565216,0.6,2026
691769,CU,64,25,5,29,4,38,11,6,0.2,0.13793103448275862,0.59375,0.5454545454545454,2026
691769,FF,174,84,12,77,18,113,38,14,0.14285714285714285,0.23376623376623376,0.6494252873563219,0.3684210526315789,2026
691769,SI,1,0,0,1,0,0,0,0,,0.0,0.0,,2026
691769,SL,51,29,1,30,12,33,11,4,0.034482758620689655,0.4,0.6470588235294118,0.36363636363636365,2026
691799,CU,361,126,42,200,60,230,45,27,0.3333333333333333,0.3,0.6371191135734072,0.6,2026
691799,FC,4,1,0,2,0,2,1,0,0.0,0.0,0.5,0.0,2026
691799,FF,583,304,71,279,100,401,89,35,0.23355263157894737,0.35842293906810035,0.6878216123499142,0.39325842696629215,2026
691799,SI,164,79,14,74,22,114,30,18,0.17721518987341772,0.2972972972972973,0.6951219512195121,0.6,2026
691799,SL,221,110,38,126,43,140,34,14,0.34545454545454546,0.3412698412698413,0.6334841628959276,0.4117647058823529,2026
691945,CU,56,25,8,32,11,35,8,3,0.32,0.34375,0.625,0.375,2026
691945,FF,39,18,2,24,6,21,6,1,0.1111111111111111,0.25,0.5384615384615384,0.16666666666666666,2026
691945,SI,8,2,0,5,1,3,0,0,0.0,0.2,0.375,,2026
691945,SL,14,5,4,6,1,9,0,0,0.8,0.16666666666666666,0.6428571428571429,,2026
691946,CH,84,41,10,46,11,48,17,9,0.24390243902439024,0.2391304347826087,0.5714285714285714,0.5294117647058824,2026
691946,CU,21,7,2,13,0,8,2,1,0.2857142857142857,0.0,0.38095238095238093,0.5,2026
691946,FF,187,78,14,92,17,108,30,16,0.1794871794871795,0.18478260869565216,0.5775401069518716,0.5333333333333333,2026
691946,SI,45,17,2,21,3,26,8,2,0.11764705882352941,0.14285714285714285,0.5777777777777777,0.25,2026
691946,SL,154,81,35,92,36,98,22,13,0.43209876543209874,0.391304347826087,0.6363636363636364,0.5909090909090909,2026
691951,CH,189,105,35,101,39,128,35,12,0.3333333333333333,0.38613861386138615,0.6772486772486772,0.34285714285714286,2026
691951,CU,46,9,2,21,3,28,1,1,0.2222222222222222,0.14285714285714285,0.6086956521739131,1.0,2026
691951,FC,59,24,2,33,8,34,13,5,0.08333333333333333,0.24242424242424243,0.576271186440678,0.38461538461538464,2026
691951,FF,288,132,13,154,38,177,58,24,0.09848484848484848,0.24675324675324675,0.6145833333333334,0.41379310344827586,2026
691951,SL,28,9,1,20,3,10,4,0,0.1111111111111111,0.15,0.35714285714285715,0.0,2026
692030,CH,27,14,8,15,3,15,4,1,0.5714285714285714,0.2,0.5555555555555556,0.25,2026
692030,FC,15,11,1,3,1,13,5,2,0.09090909090909091,0.3333333333333333,0.8666666666666667,0.4,2026
692030,FF,27,10,2,15,1,13,3,0,0.2,0.06666666666666667,0.48148148148148145,0.0,2026
692030,SI,9,7,1,5,3,7,2,0,0.14285714285714285,0.6,0.7777777777777778,0.0,2026
692030,SL,8,4,1,4,1,5,3,1,0.25,0.25,0.625,0.3333333333333333,2026
692030,ST,18,6,0,11,2,9,3,0,0.0,0.18181818181818182,0.5,0.0,2026
692064,CH,23,9,4,19,6,10,2,0,0.4444444444444444,0.3157894736842105,0.43478260869565216,0.0,2026
692064,FF,12,6,2,4,2,10,3,2,0.3333333333333333,0.5,0.8333333333333334,0.6666666666666666,2026
692064,SI,23,9,3,11,4,15,5,1,0.3333333333333333,0.36363636363636365,0.6521739130434783,0.2,2026
692064,SL,10,6,3,5,2,7,1,0,0.5,0.4,0.7,0.0,2026
692230,CH,67,37,16,43,17,41,10,3,0.43243243243243246,0.3953488372093023,0.6119402985074627,0.3,2026
692230,CU,2,0,0,2,0,0,0,0,,0.0,0.0,,2026
692230,FC,49,25,5,17,3,34,10,3,0.2,0.17647058823529413,0.6938775510204082,0.3,2026
692230,FF,49,19,1,28,4,24,6,0,0.05263157894736842,0.14285714285714285,0.4897959183673469,0.0,2026
692230,ST,15,10,2,7,3,10,4,1,0.2,0.42857142857142855,0.6666666666666666,0.25,2026
692437,CH,5,4,2,2,1,4,1,0,0.5,0.5,0.8,0.0,2026
692437,FF,18,6,0,9,1,11,4,1,0.0,0.1111111111111111,0.6111111111111112,0.25,2026
692437,SL,10,3,0,4,0,6,2,0,0.0,0.0,0.6,0.0,2026
692589,CH,2,2,0,0,0,2,2,0,0.0,,1.0,0.0,2026
692589,FF,4,0,0,2,0,2,0,0,,0.0,0.5,,2026
693308,CH,96,44,21,73,29,53,10,1,0.4772727272727273,0.3972602739726027,0.5520833333333334,0.1,2026
693308,FC,54,28,3,25,6,35,14,9,0.10714285714285714,0.24,0.6481481481481481,0.6428571428571429,2026
693308,FF,217,107,13,89,26,153,42,13,0.12149532710280374,0.29213483146067415,0.7050691244239631,0.30952380952380953,2026
693308,SL,23,11,4,16,7,12,2,1,0.36363636363636365,0.4375,0.5217391304347826,0.5,2026
693312,CU,32,6,2,18,2,15,3,0,0.3333333333333333,0.1111111111111111,0.46875,0.0,2026
693312,FF,96,29,2,58,9,48,12,2,0.06896551724137931,0.15517241379310345,0.5,0.16666666666666666,2026
693312,SI,4,2,0,3,1,2,1,0,0.0,0.3333333333333333,0.5,0.0,2026
693312,SL,66,22,6,43,9,30,6,4,0.2727272727272727,0.20930232558139536,0.45454545454545453,0.6666666666666666,2026
693313,CU,1,0,0,1,0,0,0,0,,0.0,0.0,,2026
693313,FC,116,49,10,65,13,65,21,10,0.20408163265306123,0.2,0.5603448275862069,0.47619047619047616,2026
693313,FF,89,50,7,44,12,57,16,4,0.14,0.2727272727272727,0.6404494382022472,0.25,2026
693313,FS,15,5,0,10,2,7,3,1,0.0,0.2,0.4666666666666667,0.3333333333333333,2026
693313,SI,178,78,13,75,16,121,36,22,0.16666666666666666,0.21333333333333335,0.6797752808988764,0.6111111111111112,2026
693313,SL,131,66,24,83,29,75,24,13,0.36363636363636365,0.3493975903614458,0.5725190839694656,0.5416666666666666,2026
693433,CH,167,90,13,97,36,106,38,22,0.14444444444444443,0.3711340206185567,0.6347305389221557,0.5789473684210527,2026
693433,CU,66,25,10,46,14,35,8,4,0.4,0.30434782608695654,0.5303030303030303,0.5,2026
693433,FF,1259,692,150,570,174,861,212,55,0.21676300578034682,0.30526315789473685,0.6838760921366164,0.25943396226415094,2026
693433,SI,509,268,26,204,68,373,122,72,0.09701492537313433,0.3333333333333333,0.7328094302554028,0.5901639344262295,2026
693433,SL,357,181,58,206,77,225,51,16,0.32044198895027626,0.3737864077669903,0.6302521008403361,0.3137254901960784,2026
693433,ST,309,161,56,183,77,198,57,18,0.34782608695652173,0.4207650273224044,0.6407766990291263,0.3157894736842105,2026
693645,CU,297,120,51,206,69,159,35,18,0.425,0.33495145631067963,0.5353535353535354,0.5142857142857142,2026
693645,FC,777,422,91,377,122,532,136,60,0.2156398104265403,0.32360742705570295,0.6846846846846847,0.4411764705882353,2026
693645,FF,1352,750,242,670,253,935,168,53,0.32266666666666666,0.3776119402985075,0.6915680473372781,0.31547619047619047,2026
693645,PO,1,0,0,1,0,0,0,0,,0.0,0.0,,2026
693645,SI,586,280,40,276,86,398,122,73,0.14285714285714285,0.3115942028985507,0.6791808873720137,0.5983606557377049,2026
693645,SL,28,8,2,23,4,9,4,2,0.25,0.17391304347826086,0.32142857142857145,0.5,2026
693686,CH,2,1,0,1,0,1,1,1,0.0,0.0,0.5,1.0,2026
693686,CU,368,167,39,194,63,240,62,26,0.23353293413173654,0.3247422680412371,0.6521739130434783,0.41935483870967744,2026
693686,FF,215,108,23,123,35,130,26,13,0.21296296296296297,0.2845528455284553,0.6046511627906976,0.5,2026
693686,PO,1,0,0,1,0,0,0,0,,0.0,0.0,,2026
693686,SI,675,328,38,251,54,475,134,74,0.11585365853658537,0.2151394422310757,0.7037037037037037,0.5522388059701493,2026
693686,SL,242,116,21,140,42,152,46,23,0.1810344827586207,0.3,0.628099173553719,0.5,2026
693713,CH,3,3,1,1,1,3,1,1,0.3333333333333333,1.0,1.0,1.0,2026
693713,SI,25,10,2,14,3,14,3,2,0.2,0.21428571428571427,0.56,0.6666666666666666,2026
693713,SL,15,7,1,7,2,10,3,0,0.14285714285714285,0.2857142857142857,0.6666666666666666,0.0,2026
693821,CH,276,136,40,207,78,148,59,28,0.29411764705882354,0.37681159420289856,0.5362318840579711,0.4745762711864407,2026
693821,FC,336,192,34,156,47,228,80,33,0.17708333333333334,0.30128205128205127,0.6785714285714286,0.4125,2026
693821,FF,504,202,28,258,55,306,79,31,0.13861386138613863,0.2131782945736434,0.6071428571428571,0.3924050632911392,2026
693821,SI,627,241,27,280,47,401,133,66,0.11203319502074689,0.16785714285714284,0.6395534290271132,0.49624060150375937,2026
693821,SL,502,268,73,275,97,328,108,45,0.27238805970149255,0.3527272727272727,0.6533864541832669,0.4166666666666667,2026
693855,CH,611,323,114,379,154,387,113,49,0.35294117647058826,0.40633245382585753,0.6333878887070377,0.4336283185840708,2026
693855,CU,14,2,1,9,0,5,1,0,0.5,0.0,0.35714285714285715,0.0,2026
693855,FC,11,6,1,5,2,8,2,0,0.16666666666666666,0.4,0.7272727272727273,0.0,2026
693855,FF,583,327,73,268,96,405,90,24,0.22324159021406728,0.3582089552238806,0.6946826758147513,0.26666666666666666,2026
693855,SI,349,141,12,146,37,247,65,32,0.0851063829787234,0.2534246575342466,0.7077363896848138,0.49230769230769234,2026
693855,SL,138,77,22,65,23,96,24,7,0.2857142857142857,0.35384615384615387,0.6956521739130435,0.2916666666666667,2026
693855,ST,417,221,66,178,59,300,57,12,0.2986425339366516,0.33146067415730335,0.7194244604316546,0.21052631578947367,2026
694037,FF,317,163,31,159,45,204,53,15,0.1901840490797546,0.2830188679245283,0.6435331230283912,0.2830188679245283,2026
694037,FS,28,12,4,15,3,15,4,1,0.3333333333333333,0.2,0.5357142857142857,0.25,2026
694037,SI,18,11,1,14,7,11,8,5,0.09090909090909091,0.5,0.6111111111111112,0.625,2026
694037,SL,114,51,22,58,16,72,16,6,0.43137254901960786,0.27586206896551724,0.631578947368421,0.375,2026
694297,CH,324,170,36,205,75,198,65,40,0.21176470588235294,0.36585365853658536,0.6111111111111112,0.6153846153846154,2026
694297,CU,297,118,37,189,57,174,45,25,0.3135593220338983,0.30158730158730157,0.5858585858585859,0.5555555555555556,2026
694297,FC,235,132,30,94,29,170,54,24,0.22727272727272727,0.30851063829787234,0.723404255319149,0.4444444444444444,2026
694297,FF,550,263,33,248,71,375,117,34,0.12547528517110265,0.2862903225806452,0.6818181818181818,0.2905982905982906,2026
694297,SI,335,176,18,128,38,243,91,53,0.10227272727272728,0.296875,0.7253731343283583,0.5824175824175825,2026
694297,ST,291,150,45,186,67,175,58,19,0.3,0.3602150537634409,0.6013745704467354,0.3275862068965517,2026
694335,FC,171,88,14,75,19,112,25,7,0.1590909090909091,0.25333333333333335,0.6549707602339181,0.28,2026
694335,FF,9,2,0,7,0,2,1,0,0.0,0.0,0.2222222222222222,0.0,2026
694335,SI,354,182,19,147,37,241,83,38,0.1043956043956044,0.25170068027210885,0.6807909604519774,0.4578313253012048,2026
694335,ST,254,112,26,144,38,142,34,9,0.23214285714285715,0.2638888888888889,0.5590551181102362,0.2647058823529412,2026
694341,CU,19,4,0,10,1,9,2,0,0.0,0.1,0.47368421052631576,0.0,2026
694341,FC,2,1,1,1,0,1,0,0,1.0,0.0,0.5,,2026
694341,FF,113,48,10,66,17,68,14,2,0.20833333333333334,0.25757575757575757,0.6017699115044248,0.14285714285714285,2026
694341,FS,23,9,5,18,5,10,4,1,0.5555555555555556,0.2777777777777778,0.43478260869565216,0.25,2026
694341,SI,16,8,1,7,3,12,4,3,0.125,0.42857142857142855,0.75,0.75,2026
694341,SL,73,37,16,40,11,45,13,3,0.43243243243243246,0.275,0.6164383561643836,0.23076923076923078,2026
694346,CU,97,37,9,54,13,57,18,11,0.24324324324324326,0.24074074074074073,0.5876288659793815,0.6111111111111112,2026
694346,FC,140,55,11,63,14,92,24,15,0.2,0.2222222222222222,0.6571428571428571,0.625,2026
694346,FF,151,61,11,70,13,94,16,6,0.18032786885245902,0.18571428571428572,0.6225165562913907,0.375,2026
694346,SI,163,58,9,85,18,94,28,14,0.15517241379310345,0.21176470588235294,0.5766871165644172,0.5,2026
694346,SL,148,81,21,100,44,93,31,18,0.25925925925925924,0.44,0.6283783783783784,0.5806451612903226,2026
694346,ST,12,5,0,6,2,7,3,1,0.0,0.3333333333333333,0.5833333333333334,0.3333333333333333,2026
694350,CH,7,3,1,5,2,5,1,1,0.3333333333333333,0.4,0.7142857142857143,1.0,2026
694350,CU,6,2,1,5,2,3,1,1,0.5,0.4,0.5,1.0,2026
694350,FF,23,9,1,14,4,12,4,2,0.1111111111111111,0.2857142857142857,0.5217391304347826,0.5,2026
694350,SL,11,4,0,5,1,7,2,2,0.0,0.2,0.6363636363636364,1.0,2026
694350,ST,1,0,0,1,0,0,0,0,,0.0,0.0,,2026
694357,CH,12,4,1,6,0,6,1,0,0.25,0.0,0.5,0.0,2026
694357,FC,2,2,0,0,0,2,1,1,0.0,,1.0,1.0,2026
694357,FF,47,13,4,29,5,24,2,0,0.3076923076923077,0.1724137931034483,0.5106382978723404,0.0,2026
694357,ST,62,23,9,35,11,39,10,4,0.391304347826087,0.3142857142857143,0.6290322580645161,0.4,2026
694360,CH,13,5,2,8,2,7,1,1,0.4,0.25,0.5384615384615384,1.0,2026
694360,FC,164,83,25,78,30,118,31,16,0.30120481927710846,0.38461538461538464,0.7195121951219512,0.5161290322580645,2026
694360,FF,55,21,4,35,8,29,8,1,0.19047619047619047,0.22857142857142856,0.5272727272727272,0.125,2026
694360,SI,96,42,3,42,10,61,28,18,0.07142857142857142,0.23809523809523808,0.6354166666666666,0.6428571428571429,2026
694360,ST,61,23,7,37,10,32,5,2,0.30434782608695654,0.2702702702702703,0.5245901639344263,0.4,2026
694361,CU,123,33,8,89,15,51,13,9,0.24242424242424243,0.16853932584269662,0.4146341463414634,0.6923076923076923,2026
694361,FF,388,166,29,184,55,258,63,34,0.1746987951807229,0.29891304347826086,0.6649484536082474,0.5396825396825397,2026
694361,SL,35,14,3,19,4,20,5,1,0.21428571428571427,0.21052631578947367,0.5714285714285714,0.2,2026
694361,ST,216,117,31,105,39,149,35,21,0.26495726495726496,0.37142857142857144,0.6898148148148148,0.6,2026
694363,CH,34,11,3,30,7,12,7,7,0.2727272727272727,0.23333333333333334,0.35294117647058826,1.0,2026
694363,FC,28,16,2,10,3,21,7,2,0.125,0.3,0.75,0.2857142857142857,2026
694363,FF,49,19,1,19,6,35,12,5,0.05263157894736842,0.3157894736842105,0.7142857142857143,0.4166666666666667,2026
694363,SI,21,8,0,13,2,10,3,2,0.0,0.15384615384615385,0.47619047619047616,0.6666666666666666,2026
694363,SL,34,12,2,20,5,17,5,1,0.16666666666666666,0.25,0.5,0.2,2026
694397,CH,17,9,3,12,5,10,5,2,0.3333333333333333,0.4166666666666667,0.5882352941176471,0.4,2026
694397,CU,10,1,0,6,0,3,1,1,0.0,0.0,0.3,1.0,2026
694397,FC,1,1,1,0,0,1,0,0,1.0,,1.0,,2026
694397,FF,45,20,3,23,5,27,8,3,0.15,0.21739130434782608,0.6,0.375,2026
694397,ST,27,11,4,18,8,17,4,2,0.36363636363636365,0.4444444444444444,0.6296296296296297,0.5,2026
694462,CU,26,12,6,19,6,13,2,1,0.5,0.3157894736842105,0.5,0.5,2026
694462,FC,34,13,1,16,0,18,4,2,0.07692307692307693,0.0,0.5294117647058824,0.5,2026
694462,FS,41,16,5,29,7,19,8,5,0.3125,0.2413793103448276,0.4634146341463415,0.625,2026
694462,SI,83,32,2,38,8,53,17,15,0.0625,0.21052631578947367,0.6385542168674698,0.8823529411764706,2026
694462,SL,31,13,5,21,5,17,4,2,0.38461538461538464,0.23809523809523808,0.5483870967741935,0.5,2026
694477,CH,10,3,0,6,0,4,2,0,0.0,0.0,0.4,0.0,2026
694477,FC,735,363,99,380,125,481,121,41,0.2727272727272727,0.32894736842105265,0.654421768707483,0.33884297520661155,2026
694477,FF,434,215,56,227,67,270,64,19,0.26046511627906976,0.29515418502202645,0.6221198156682027,0.296875,2026
694477,SI,410,178,22,190,38,265,84,44,0.12359550561797752,0.2,0.6463414634146342,0.5238095238095238,2026
694477,SV,141,65,14,104,35,72,25,14,0.2153846153846154,0.33653846153846156,0.5106382978723404,0.56,2026
694492,FF,1,1,0,0,0,1,1,0,0.0,,1.0,0.0,2026
694494,FF,87,48,12,37,11,63,9,0,0.25,0.2972972972972973,0.7241379310344828,0.0,2026
694494,SL,74,31,9,48,16,43,10,3,0.2903225806451613,0.3333333333333333,0.581081081081081,0.3,2026
694536,CH,1,0,0,1,0,0,0,0,,0.0,0.0,,2026
694536,FF,10,7,0,3,2,9,4,0,0.0,0.6666666666666666,0.9,0.0,2026
694536,SL,4,0,0,4,0,0,0,0,,0.0,0.0,,2026
694646,FC,60,29,8,35,12,37,10,4,0.27586206896551724,0.34285714285714286,0.6166666666666667,0.4,2026
694646,FF,64,31,6,32,6,37,10,3,0.1935483870967742,0.1875,0.578125,0.3,2026
694646,FS,7,1,0,6,0,1,1,0,0.0,0.0,0.14285714285714285,0.0,2026
694646,SL,24,11,2,11,3,16,5,0,0.18181818181818182,0.2727272727272727,0.6666666666666666,0.0,2026
694660,CH,1,0,0,0,0,1,0,0,,,1.0,,2026
694660,FC,5,2,1,2,0,3,0,0,0.5,0.0,0.6,,2026
694660,FF,1,0,0,1,0,0,0,0,,0.0,0.0,,2026
694680,CU,17,9,1,10,4,11,5,4,0.1111111111111111,0.4,0.6470588235294118,0.8,2026
694680,FC,59,29,2,28,5,37,14,5,0.06896551724137931,0.17857142857142858,0.6271186440677966,0.35714285714285715,2026
694680,FF,123,64,20,53,14,84,17,8,0.3125,0.2641509433962264,0.6829268292682927,0.47058823529411764,2026
694680,FS,52,25,3,34,10,27,17,10,0.12,0.29411764705882354,0.5192307692307693,0.5882352941176471,2026
694680,SI,14,2,0,7,0,7,2,0,0.0,0.0,0.5,0.0,2026
694738,CH,552,301,77,400,175,329,107,68,0.2558139534883721,0.4375,0.5960144927536232,0.6355140186915887,2026
694738,CU,693,310,101,414,155,441,98,40,0.3258064516129032,0.3743961352657005,0.6363636363636364,0.40816326530612246,2026
694738,FC,381,168,42,200,48,235,50,23,0.25,0.24,0.6167979002624672,0.46,2026
694738,FF,156,61,20,121,31,66,17,5,0.32786885245901637,0.256198347107438,0.4230769230769231,0.29411764705882354,2026
694738,SI,930,338,23,432,64,568,162,84,0.06804733727810651,0.14814814814814814,0.610752688172043,0.5185185185185185,2026
694753,CH,62,30,6,39,12,35,16,5,0.2,0.3076923076923077,0.5645161290322581,0.3125,2026
694753,CU,15,2,0,13,0,2,2,1,0.0,0.0,0.13333333333333333,0.5,2026
694753,FC,112,52,12,56,18,73,19,11,0.23076923076923078,0.32142857142857145,0.6517857142857143,0.5789473684210527,2026
694753,FF,121,55,12,67,16,73,20,3,0.21818181818181817,0.23880597014925373,0.6033057851239669,0.15,2026
694753,SL,39,23,6,27,15,27,4,1,0.2608695652173913,0.5555555555555556,0.6923076923076923,0.25,2026
694795,CU,46,19,2,26,4,24,9,6,0.10526315789473684,0.15384615384615385,0.5217391304347826,0.6666666666666666,2026
694795,FF,297,134,24,140,34,192,40,17,0.1791044776119403,0.24285714285714285,0.6464646464646465,0.425,2026
694795,SI,67,28,4,26,5,44,14,8,0.14285714285714285,0.19230769230769232,0.6567164179104478,0.5714285714285714,2026
694795,ST,139,53,12,79,19,80,25,4,0.22641509433962265,0.24050632911392406,0.5755395683453237,0.16,2026
694819,CH,28,10,3,18,4,13,5,3,0.3,0.2222222222222222,0.4642857142857143,0.6,2026
694819,CU,273,131,54,173,64,161,40,25,0.4122137404580153,0.3699421965317919,0.5897435897435898,0.625,2026
694819,FC,369,182,37,183,58,244,70,35,0.2032967032967033,0.31693989071038253,0.6612466124661247,0.5,2026
694819,FF,1677,859,314,784,269,1164,180,66,0.36554132712456344,0.34311224489795916,0.6940966010733453,0.36666666666666664,2026
694819,SI,3,0,0,3,0,0,0,0,,0.0,0.0,,2026
694819,SL,297,175,59,154,65,207,65,30,0.33714285714285713,0.42207792207792205,0.696969696969697,0.46153846153846156,2026
694820,FF,21,11,2,12,4,13,6,3,0.18181818181818182,0.3333333333333333,0.6190476190476191,0.5,2026
694820,SI,15,6,2,7,0,8,2,1,0.3333333333333333,0.0,0.5333333333333333,0.5,2026
694820,SL,30,12,4,14,1,19,4,2,0.3333333333333333,0.07142857142857142,0.6333333333333333,0.5,2026
694820,ST,38,20,5,18,6,26,7,4,0.25,0.3333333333333333,0.6842105263157895,0.5714285714285714,2026
694851,CH,67,25,7,42,6,29,6,3,0.28,0.14285714285714285,0.43283582089552236,0.5,2026
694851,FF,122,51,4,50,9,81,26,9,0.0784313725490196,0.18,0.6639344262295082,0.34615384615384615,2026
694851,PO,1,0,0,1,0,0,0,0,,0.0,0.0,,2026
694851,SL,49,16,3,28,4,24,8,3,0.1875,0.14285714285714285,0.4897959183673469,0.375,2026
694918,CH,42,13,2,34,7,15,4,3,0.15384615384615385,0.20588235294117646,0.35714285714285715,0.75,2026
694918,CU,38,22,6,20,7,25,11,4,0.2727272727272727,0.35,0.6578947368421053,0.36363636363636365,2026
694918,FF,321,132,18,158,32,198,50,15,0.13636363636363635,0.20253164556962025,0.616822429906542,0.3,2026
694918,SI,167,72,7,69,9,104,35,21,0.09722222222222222,0.13043478260869565,0.6227544910179641,0.6,2026
694918,SL,87,42,9,45,10,52,20,6,0.21428571428571427,0.2222222222222222,0.5977011494252874,0.3,2026
694918,ST,304,144,45,154,53,199,42,13,0.3125,0.34415584415584416,0.6546052631578947,0.30952380952380953,2026
694973,CH,360,179,62,275,104,189,55,29,0.3463687150837989,0.3781818181818182,0.525,0.5272727272727272,2026
694973,CU,10,5,1,6,1,5,1,1,0.2,0.16666666666666666,0.5,1.0,2026
694973,FF,1180,656,178,561,183,807,175,53,0.27134146341463417,0.32620320855614976,0.6838983050847458,0.3028571428571429,2026
694973,FS,291,158,27,166,60,185,59,36,0.17088607594936708,0.3614457831325301,0.6357388316151202,0.6101694915254238,2026
694973,SI,340,154,19,159,42,230,70,38,0.12337662337662338,0.2641509433962264,0.6764705882352942,0.5428571428571428,2026
694973,SL,249,137,44,148,57,161,40,18,0.32116788321167883,0.38513513513513514,0.6465863453815262,0.45,2026
694973,ST,460,185,50,222,50,287,51,15,0.2702702702702703,0.22522522522522523,0.6239130434782608,0.29411764705882354,2026
695001,FF,18,7,0,11,2,10,4,3,0.0,0.18181818181818182,0.5555555555555556,0.75,2026
695001,SI,56,23,1,32,5,30,9,8,0.043478260869565216,0.15625,0.5357142857142857,0.8888888888888888,2026
695001,SL,74,29,7,35,7,47,12,4,0.2413793103448276,0.2,0.6351351351351351,0.3333333333333333,2026
695001,ST,90,49,11,46,16,60,19,8,0.22448979591836735,0.34782608695652173,0.6666666666666666,0.42105263157894735,2026
695034,CH,42,23,5,33,15,24,11,5,0.21739130434782608,0.45454545454545453,0.5714285714285714,0.45454545454545453,2026
695034,CU,17,4,2,13,2,6,1,1,0.5,0.15384615384615385,0.35294117647058826,1.0,2026
695034,FF,59,33,2,22,5,41,15,4,0.06060606060606061,0.22727272727272727,0.6949152542372882,0.26666666666666666,2026
695034,SI,121,68,6,61,23,84,30,20,0.08823529411764706,0.3770491803278688,0.6942148760330579,0.6666666666666666,2026
695034,SL,53,20,6,28,5,30,6,4,0.3,0.17857142857142858,0.5660377358490566,0.6666666666666666,2026
695034,ST,30,11,3,21,5,14,6,2,0.2727272727272727,0.23809523809523808,0.4666666666666667,0.3333333333333333,2026
695049,CH,47,23,9,28,9,27,6,3,0.391304347826087,0.32142857142857145,0.574468085106383,0.5,2026
695049,CU,3,1,0,1,0,2,0,0,0.0,0.0,0.6666666666666666,,2026
695049,FF,101,45,4,52,14,65,19,10,0.08888888888888889,0.2692307692307692,0.6435643564356436,0.5263157894736842,2026
695049,SL,58,35,11,33,17,45,14,6,0.3142857142857143,0.5151515151515151,0.7758620689655172,0.42857142857142855,2026
695049,ST,3,1,0,2,0,1,1,0,0.0,0.0,0.3333333333333333,0.0,2026
695076,CH,472,189,38,304,75,240,83,41,0.20105820105820105,0.24671052631578946,0.5084745762711864,0.4939759036144578,2026
695076,CU,67,20,2,45,11,33,5,3,0.1,0.24444444444444444,0.4925373134328358,0.6,2026
695076,FF,472,205,24,227,48,292,89,21,0.11707317073170732,0.21145374449339208,0.6186440677966102,0.23595505617977527,2026
695076,SI,714,323,19,247,54,513,164,73,0.058823529411764705,0.21862348178137653,0.7184873949579832,0.4451219512195122,2026
695076,SL,619,297,91,366,129,383,107,51,0.3063973063973064,0.3524590163934426,0.6187399030694669,0.4766355140186916,2026
695076,ST,2,1,1,2,1,1,0,0,1.0,0.5,0.5,,2026
695239,CH,102,52,11,48,13,66,26,9,0.21153846153846154,0.2708333333333333,0.6470588235294118,0.34615384615384615,2026
695239,CU,24,10,1,16,4,13,4,3,0.1,0.25,0.5416666666666666,0.75,2026
695239,FF,211,90,25,115,22,116,18,7,0.2777777777777778,0.19130434782608696,0.5497630331753555,0.3888888888888889,2026
695239,SI,144,77,8,66,22,103,30,13,0.1038961038961039,0.3333333333333333,0.7152777777777778,0.43333333333333335,2026
695239,SL,167,80,26,77,20,109,33,10,0.325,0.2597402597402597,0.6526946107784432,0.30303030303030304,2026
695243,CH,22,7,1,19,4,7,2,1,0.14285714285714285,0.21052631578947367,0.3181818181818182,0.5,2026
695243,FF,555,288,96,301,95,356,67,26,0.3333333333333333,0.31561461794019935,0.6414414414414414,0.3880597014925373,2026
695243,SI,1,1,0,1,1,1,0,0,0.0,1.0,1.0,,2026
695243,SL,571,247,136,310,128,387,46,27,0.5506072874493927,0.4129032258064516,0.6777583187390543,0.5869565217391305,2026
695378,CH,7,1,0,6,1,2,1,1,0.0,0.16666666666666666,0.2857142857142857,1.0,2026
695378,FF,51,24,3,23,3,32,10,4,0.125,0.13043478260869565,0.6274509803921569,0.4,2026
695378,SI,21,11,1,14,5,12,5,5,0.09090909090909091,0.35714285714285715,0.5714285714285714,1.0,2026
695378,SL,17,11,1,2,0,15,5,3,0.09090909090909091,0.0,0.8823529411764706,0.6,2026
695378,ST,71,31,9,42,13,41,10,3,0.2903225806451613,0.30952380952380953,0.5774647887323944,0.3,2026
695380,CH,8,2,0,6,1,3,1,0,0.0,0.16666666666666666,0.375,0.0,2026
695380,FF,278,135,21,125,25,176,47,17,0.15555555555555556,0.2,0.6330935251798561,0.3617021276595745,2026
695380,SI,178,86,14,86,27,120,36,24,0.16279069767441862,0.313953488372093,0.6741573033707865,0.6666666666666666,2026
695380,SL,269,117,47,169,50,149,38,16,0.4017094017094017,0.2958579881656805,0.5539033457249071,0.42105263157894735,2026
695418,CH,68,32,2,46,14,36,17,10,0.0625,0.30434782608695654,0.5294117647058824,0.5882352941176471,2026
695418,FF,542,282,53,243,66,371,61,27,0.1879432624113475,0.2716049382716049,0.6845018450184502,0.4426229508196721,2026
695418,SI,367,192,23,123,31,276,82,56,0.11979166666666667,0.25203252032520324,0.7520435967302452,0.6829268292682927,2026
695418,SL,280,133,28,173,55,165,46,24,0.21052631578947367,0.3179190751445087,0.5892857142857143,0.5217391304347826,2026
695418,ST,210,92,19,114,37,134,32,15,0.20652173913043478,0.32456140350877194,0.638095238095238,0.46875,2026
695445,CH,14,7,0,8,2,9,5,3,0.0,0.25,0.6428571428571429,0.6,2026
695445,FF,26,10,3,18,4,13,2,0,0.3,0.2222222222222222,0.5,0.0,2026
695445,SI,53,16,1,22,2,34,9,7,0.0625,0.09090909090909091,0.6415094339622641,0.7777777777777778,2026
695445,ST,53,23,8,35,13,33,13,4,0.34782608695652173,0.37142857142857144,0.6226415094339622,0.3076923076923077,2026
695505,CH,137,51,16,103,27,60,19,9,0.3137254901960784,0.2621359223300971,0.43795620437956206,0.47368421052631576,2026
695505,CU,2,0,0,2,0,0,0,0,,0.0,0.0,,2026
695505,FF,1462,721,106,688,204,979,246,79,0.14701803051317613,0.29651162790697677,0.6696306429548564,0.32113821138211385,2026
695505,SI,12,3,0,7,0,5,1,1,0.0,0.0,0.4166666666666667,1.0,2026
695505,SL,1024,522,259,672,277,629,133,62,0.49616858237547895,0.41220238095238093,0.6142578125,0.46616541353383456,2026
695534,CH,110,45,15,72,16,55,18,11,0.3333333333333333,0.2222222222222222,0.5,0.6111111111111112,2026
695534,FF,71,39,7,35,13,48,17,7,0.1794871794871795,0.37142857142857144,0.676056338028169,0.4117647058823529,2026
695534,SI,164,86,6,66,21,123,52,19,0.06976744186046512,0.3181818181818182,0.75,0.36538461538461536,2026
695534,SL,45,22,3,22,8,32,11,2,0.13636363636363635,0.36363636363636365,0.7111111111111111,0.18181818181818182,2026
695534,ST,87,38,12,52,11,46,14,4,0.3157894736842105,0.21153846153846154,0.5287356321839081,0.2857142857142857,2026
695549,CH,79,34,9,51,11,38,9,5,0.2647058823529412,0.21568627450980393,0.4810126582278481,0.5555555555555556,2026
695549,CU,75,36,12,48,22,48,11,7,0.3333333333333333,0.4583333333333333,0.64,0.6363636363636364,2026
695549,FC,12,6,2,8,3,7,2,0,0.3333333333333333,0.375,0.5833333333333334,0.0,2026
695549,FF,241,118,21,125,40,157,34,13,0.17796610169491525,0.32,0.6514522821576764,0.38235294117647056,2026
695549,KC,21,4,0,14,1,7,3,1,0.0,0.07142857142857142,0.3333333333333333,0.3333333333333333,2026
695549,SI,143,70,9,70,24,101,32,18,0.12857142857142856,0.34285714285714286,0.7062937062937062,0.5625,2026
695549,SL,200,99,25,106,35,127,31,14,0.25252525252525254,0.330188679245283,0.635,0.45161290322580644,2026
695611,CH,164,57,16,125,29,68,22,12,0.2807017543859649,0.232,0.4146341463414634,0.5454545454545454,2026
695611,CU,187,90,22,120,43,109,31,15,0.24444444444444444,0.35833333333333334,0.5828877005347594,0.4838709677419355,2026
695611,FF,812,419,87,340,99,575,128,44,0.20763723150357996,0.2911764705882353,0.708128078817734,0.34375,2026
695611,SI,93,37,7,51,11,53,14,7,0.1891891891891892,0.21568627450980393,0.5698924731182796,0.5,2026
695611,SL,398,201,53,201,72,272,71,25,0.263681592039801,0.3582089552238806,0.6834170854271356,0.352112676056338,2026
695611,ST,102,44,15,67,21,56,13,6,0.3409090909090909,0.31343283582089554,0.5490196078431373,0.46153846153846156,2026
695684,CH,39,19,3,25,5,19,11,6,0.15789473684210525,0.2,0.48717948717948717,0.5454545454545454,2026
695684,CU,72,22,14,56,16,33,5,3,0.6363636363636364,0.2857142857142857,0.4583333333333333,0.6,2026
695684,FC,1,0,0,1,0,0,0,0,,0.0,0.0,,2026
695684,FF,94,40,8,52,10,51,13,4,0.2,0.19230769230769232,0.5425531914893617,0.3076923076923077,2026
695684,SI,229,93,15,93,20,158,47,22,0.16129032258064516,0.21505376344086022,0.6899563318777293,0.46808510638297873,2026
695684,ST,62,24,14,50,16,28,7,4,0.5833333333333334,0.32,0.45161290322580644,0.5714285714285714,2026
696062,CH,11,5,2,9,3,5,1,1,0.4,0.3333333333333333,0.45454545454545453,1.0,2026
696062,FC,174,93,22,70,19,123,36,13,0.23655913978494625,0.2714285714285714,0.7068965517241379,0.3611111111111111,2026
696062,FF,320,155,23,158,44,205,54,30,0.14838709677419354,0.27848101265822783,0.640625,0.5555555555555556,2026
696062,FS,38,15,3,24,5,19,5,2,0.2,0.20833333333333334,0.5,0.4,2026
696062,SI,13,2,1,8,0,5,0,0,0.5,0.0,0.38461538461538464,,2026
696062,SL,150,73,21,80,27,99,29,13,0.2876712328767123,0.3375,0.66,0.4482758620689655,2026
696070,CH,76,37,9,43,12,43,16,8,0.24324324324324326,0.27906976744186046,0.5657894736842105,0.5,2026
696070,FF,226,101,27,115,29,141,25,11,0.26732673267326734,0.25217391304347825,0.6238938053097345,0.44,2026
696070,SI,75,30,3,35,6,45,11,6,0.1,0.17142857142857143,0.6,0.5454545454545454,2026
696070,SL,144,60,19,96,29,76,21,7,0.31666666666666665,0.3020833333333333,0.5277777777777778,0.3333333333333333,2026
696131,CH,23,8,2,12,3,13,5,3,0.25,0.25,0.5652173913043478,0.6,2026
696131,CU,37,18,3,14,2,25,7,2,0.16666666666666666,0.14285714285714285,0.6756756756756757,0.2857142857142857,2026
696131,FC,43,13,3,31,5,20,5,3,0.23076923076923078,0.16129032258064516,0.46511627906976744,0.6,2026
696131,FF,118,51,6,76,23,65,16,6,0.11764705882352941,0.3026315789473684,0.5508474576271186,0.375,2026
696131,SI,144,59,9,61,10,95,29,11,0.15254237288135594,0.16393442622950818,0.6597222222222222,0.3793103448275862,2026
696131,SL,78,34,6,37,9,49,14,3,0.17647058823529413,0.24324324324324326,0.6282051282051282,0.21428571428571427,2026
696131,ST,113,49,8,54,9,67,25,6,0.16326530612244897,0.16666666666666666,0.5929203539823009,0.24,2026
696136,CH,51,24,9,34,11,29,8,2,0.375,0.3235294117647059,0.5686274509803921,0.25,2026
696136,CU,8,1,0,5,0,4,1,1,0.0,0.0,0.5,1.0,2026
696136,FF,69,40,6,29,9,52,18,7,0.15,0.3103448275862069,0.7536231884057971,0.3888888888888889,2026
696136,SI,15,10,1,8,3,10,5,3,0.1,0.375,0.6666666666666666,0.6,2026
696136,SL,36,16,3,16,4,22,7,5,0.1875,0.25,0.6111111111111112,0.7142857142857143,2026
696136,ST,1,1,0,0,0,1,0,0,0.0,,1.0,,2026
696146,CH,11,5,2,7,1,5,3,2,0.4,0.14285714285714285,0.45454545454545453,0.6666666666666666,2026
696146,FC,89,35,12,44,10,57,4,2,0.34285714285714286,0.22727272727272727,0.6404494382022472,0.5,2026
696146,FF,227,86,23,113,27,141,24,10,0.26744186046511625,0.23893805309734514,0.6211453744493393,0.4166666666666667,2026
696146,SL,142,73,31,90,35,90,22,9,0.4246575342465753,0.3888888888888889,0.6338028169014085,0.4090909090909091,2026
696147,CH,120,53,18,63,20,78,19,12,0.33962264150943394,0.31746031746031744,0.65,0.631578947368421,2026
696147,FF,29,10,3,17,4,15,2,0,0.3,0.23529411764705882,0.5172413793103449,0.0,2026
696147,SI,250,91,18,133,23,140,38,20,0.1978021978021978,0.17293233082706766,0.56,0.5263157894736842,2026
696147,SL,427,207,76,236,93,279,75,36,0.3671497584541063,0.3940677966101695,0.6533957845433255,0.48,2026
696147,ST,4,2,1,3,2,2,1,0,0.5,0.6666666666666666,0.5,0.0,2026
696149,CH,383,168,41,215,61,219,71,32,0.24404761904761904,0.2837209302325581,0.5718015665796344,0.4507042253521127,2026
696149,CU,122,39,7,67,9,67,17,8,0.1794871794871795,0.13432835820895522,0.5491803278688525,0.47058823529411764,2026
696149,FF,1299,630,122,648,175,823,201,56,0.19365079365079366,0.2700617283950617,0.6335642802155504,0.27860696517412936,2026
696149,PO,1,0,0,1,0,0,0,0,,0.0,0.0,,2026
696149,SI,218,90,9,106,32,146,35,18,0.1,0.3018867924528302,0.6697247706422018,0.5142857142857142,2026
696149,SL,555,285,63,283,95,368,111,57,0.22105263157894736,0.33568904593639576,0.6630630630630631,0.5135135135135135,2026
696149,ST,108,42,12,63,16,59,11,5,0.2857142857142857,0.25396825396825395,0.5462962962962963,0.45454545454545453,2026
696270,FC,693,322,71,317,96,477,109,34,0.2204968944099379,0.3028391167192429,0.6883116883116883,0.3119266055045872,2026
696270,FS,364,163,52,241,71,191,62,28,0.31901840490797545,0.2946058091286307,0.5247252747252747,0.45161290322580644,2026
696270,SI,308,133,4,142,22,184,74,30,0.03007518796992481,0.15492957746478872,0.5974025974025974,0.40540540540540543,2026
696270,SL,4,1,0,3,0,1,0,0,0.0,0.0,0.25,,2026
696270,ST,418,218,62,209,74,283,74,20,0.28440366972477066,0.35406698564593303,0.6770334928229665,0.2702702702702703,2026
696519,FF,463,227,61,212,55,308,57,11,0.2687224669603524,0.25943396226415094,0.6652267818574514,0.19298245614035087,2026
696519,FS,5,2,0,5,2,2,0,0,0.0,0.4,0.4,,2026
696519,SL,112,48,26,79,24,57,11,4,0.5416666666666666,0.3037974683544304,0.5089285714285714,0.36363636363636365,2026
696522,CH,62,29,6,41,14,35,16,6,0.20689655172413793,0.34146341463414637,0.5645161290322581,0.375,2026
696522,FC,65,28,2,34,5,37,14,4,0.07142857142857142,0.14705882352941177,0.5692307692307692,0.2857142857142857,2026
696522,FF,102,47,5,51,15,65,19,6,0.10638297872340426,0.29411764705882354,0.6372549019607843,0.3157894736842105,2026
696522,SL,63,31,4,33,11,43,16,3,0.12903225806451613,0.3333333333333333,0.6825396825396826,0.1875,2026
697811,FF,3,2,0,0,0,3,2,2,0.0,,1.0,1.0,2026
697811,FS,7,3,1,6,2,3,1,0,0.3333333333333333,0.3333333333333333,0.42857142857142855,0.0,2026
697811,SL,1,1,0,0,0,1,0,0,0.0,,1.0,,2026
697812,CH,7,1,0,6,0,1,1,0,0.0,0.0,0.14285714285714285,0.0,2026
697812,FF,104,39,7,56,9,58,9,3,0.1794871794871795,0.16071428571428573,0.5576923076923077,0.3333333333333333,2026
697812,SI,21,8,0,11,1,11,3,1,0.0,0.09090909090909091,0.5238095238095238,0.3333333333333333,2026
697812,SL,79,41,13,39,13,53,16,4,0.3170731707317073,0.3333333333333333,0.6708860759493671,0.25,2026
699008,CH,36,13,1,23,4,17,6,1,0.07692307692307693,0.17391304347826086,0.4722222222222222,0.16666666666666666,2026
699008,FF,152,80,7,58,13,108,30,18,0.0875,0.22413793103448276,0.7105263157894737,0.6,2026
699008,SI,24,13,2,12,5,18,8,4,0.15384615384615385,0.4166666666666667,0.75,0.5,2026
699008,SL,30,12,3,11,2,21,5,3,0.25,0.18181818181818182,0.7,0.6,2026
699008,ST,51,30,7,27,9,33,9,3,0.23333333333333334,0.3333333333333333,0.6470588235294118,0.3333333333333333,2026
699044,CH,2,0,0,2,0,0,0,0,,0.0,0.0,,2026
699044,CU,6,4,1,3,1,4,0,0,0.25,0.3333333333333333,0.6666666666666666,,2026
699044,FC,12,10,5,4,3,11,5,2,0.5,0.75,0.9166666666666666,0.4,2026
699044,FF,157,70,13,80,20,99,22,7,0.18571428571428572,0.25,0.6305732484076433,0.3181818181818182,2026
699044,SL,59,29,7,32,12,39,12,1,0.2413793103448276,0.375,0.6610169491525424,0.08333333333333333,2026
699134,CH,503,288,109,265,114,354,75,42,0.3784722222222222,0.43018867924528303,0.7037773359840954,0.56,2026
699134,FF,311,143,30,158,40,197,45,16,0.2097902097902098,0.25316455696202533,0.6334405144694534,0.35555555555555557,2026
699134,SI,298,147,18,140,44,204,66,37,0.12244897959183673,0.3142857142857143,0.6845637583892618,0.5606060606060606,2026
699134,SL,71,33,10,41,12,43,14,7,0.30303030303030304,0.2926829268292683,0.6056338028169014,0.5,2026
699151,CH,76,40,16,48,19,47,12,7,0.4,0.3958333333333333,0.618421052631579,0.5833333333333334,2026
699151,CU,38,16,2,20,5,24,7,7,0.125,0.25,0.631578947368421,1.0,2026
699151,FC,21,11,0,9,2,14,3,1,0.0,0.2222222222222222,0.6666666666666666,0.3333333333333333,2026
699151,FF,68,36,5,33,9,45,14,2,0.1388888888888889,0.2727272727272727,0.6617647058823529,0.14285714285714285,2026
699151,SI,26,12,0,11,1,15,8,3,0.0,0.09090909090909091,0.5769230769230769,0.375,2026
699823,FF,303,165,33,149,55,209,51,15,0.2,0.3691275167785235,0.6897689768976898,0.29411764705882354,2026
699823,FS,31,11,3,24,6,13,4,2,0.2727272727272727,0.25,0.41935483870967744,0.5,2026
699823,SL,154,79,16,81,27,101,30,15,0.20253164556962025,0.3333333333333333,0.6558441558441559,0.5,2026
700187,FF,32,13,3,17,4,19,8,2,0.23076923076923078,0.23529411764705882,0.59375,0.25,2026
700187,SL,16,7,5,13,5,8,1,1,0.7142857142857143,0.38461538461538464,0.5,1.0,2026
700187,ST,3,2,0,2,1,2,2,1,0.0,0.5,0.6666666666666666,0.5,2026
700241,CH,566,269,67,399,145,314,127,75,0.24907063197026022,0.3634085213032581,0.5547703180212014,0.5905511811023622,2026
700241,CU,351,128,31,222,73,210,43,19,0.2421875,0.32882882882882886,0.5982905982905983,0.4418604651162791,2026
700241,FC,311,141,20,155,35,186,61,19,0.14184397163120568,0.22580645161290322,0.5980707395498392,0.3114754098360656,2026
700241,FF,683,298,38,304,61,438,134,49,0.12751677852348994,0.20065789473684212,0.6412884333821376,0.3656716417910448,2026
700241,SI,450,221,24,181,47,326,102,55,0.1085972850678733,0.2596685082872928,0.7244444444444444,0.5392156862745098,2026
700241,SL,121,56,11,78,20,65,23,8,0.19642857142857142,0.2564102564102564,0.5371900826446281,0.34782608695652173,2026
700241,ST,292,124,33,186,53,156,48,14,0.2661290322580645,0.2849462365591398,0.5342465753424658,0.2916666666666667,2026
700249,CH,62,32,5,38,14,38,17,10,0.15625,0.3684210526315789,0.6129032258064516,0.5882352941176471,2026
700249,CU,137,51,19,93,30,73,17,11,0.37254901960784315,0.3225806451612903,0.5328467153284672,0.6470588235294118,2026
700249,FF,280,141,22,128,34,185,51,15,0.15602836879432624,0.265625,0.6607142857142857,0.29411764705882354,2026
700249,SI,52,22,2,26,7,34,15,10,0.09090909090909091,0.2692307692307692,0.6538461538461539,0.6666666666666666,2026
700249,SL,80,37,10,48,14,46,16,5,0.2702702702702703,0.2916666666666667,0.575,0.3125,2026
700270,FF,68,33,6,35,8,44,12,3,0.18181818181818182,0.22857142857142856,0.6470588235294118,0.25,2026
700270,KC,4,1,0,3,1,1,0,0,0.0,0.3333333333333333,0.25,,2026
700270,SL,74,29,6,44,13,45,11,2,0.20689655172413793,0.29545454545454547,0.6081081081081081,0.18181818181818182,2026
700327,CH,7,2,1,5,0,3,0,0,0.5,0.0,0.42857142857142855,,2026
700327,FF,28,14,2,11,4,20,5,1,0.14285714285714285,0.36363636363636365,0.7142857142857143,0.2,2026
700327,SL,10,5,1,5,1,5,2,1,0.2,0.2,0.5,0.5,2026
700363,CU,58,28,8,23,4,40,6,2,0.2857142857142857,0.17391304347826086,0.6896551724137931,0.3333333333333333,2026
700363,FC,18,9,0,7,1,12,5,0,0.0,0.14285714285714285,0.6666666666666666,0.0,2026
700363,FF,224,103,11,110,27,145,35,12,0.10679611650485436,0.24545454545454545,0.6473214285714286,0.34285714285714286,2026
700363,FS,204,115,36,131,55,131,38,21,0.3130434782608696,0.4198473282442748,0.6421568627450981,0.5526315789473685,2026
700363,SI,42,19,3,17,4,29,8,2,0.15789473684210525,0.23529411764705882,0.6904761904761905,0.25,2026
700363,SL,27,13,5,18,5,14,7,3,0.38461538461538464,0.2777777777777778,0.5185185185185185,0.42857142857142855,2026
700413,CH,5,2,0,2,0,3,1,1,0.0,0.0,0.6,1.0,2026
700413,FC,9,4,1,3,0,6,0,0,0.25,0.0,0.6666666666666666,,2026
700413,FF,10,7,1,1,0,9,2,0,0.14285714285714285,0.0,0.9,0.0,2026
700413,SI,10,5,2,2,0,8,3,0,0.4,0.0,0.8,0.0,2026
700413,ST,11,8,4,9,6,8,2,0,0.5,0.6666666666666666,0.7272727272727273,0.0,2026
700669,CH,165,66,15,116,30,81,28,19,0.22727272727272727,0.25862068965517243,0.4909090909090909,0.6785714285714286,2026
700669,CU,100,33,4,67,10,44,14,8,0.12121212121212122,0.14925373134328357,0.44,0.5714285714285714,2026
700669,FC,180,101,26,95,35,118,46,20,0.25742574257425743,0.3684210526315789,0.6555555555555556,0.43478260869565216,2026
700669,FF,467,219,21,214,57,314,83,31,0.0958904109589041,0.26635514018691586,0.6723768736616702,0.37349397590361444,2026
700669,SI,86,33,4,56,19,48,16,8,0.12121212121212122,0.3392857142857143,0.5581395348837209,0.5,2026
700669,SL,224,104,34,136,47,137,36,20,0.3269230769230769,0.34558823529411764,0.6116071428571429,0.5555555555555556,2026
700712,CH,852,435,153,493,196,550,136,79,0.35172413793103446,0.3975659229208925,0.6455399061032864,0.5808823529411765,2026
700712,FF,459,209,40,227,56,281,63,28,0.19138755980861244,0.24669603524229075,0.6122004357298475,0.4444444444444444,2026
700712,PO,1,0,0,1,0,0,0,0,,0.0,0.0,,2026
700712,SI,821,383,63,407,117,534,164,102,0.16449086161879894,0.28746928746928746,0.6504263093788063,0.6219512195121951,2026
700712,ST,348,135,47,217,57,186,43,18,0.34814814814814815,0.2626728110599078,0.5344827586206896,0.4186046511627907,2026
700842,CH,31,17,6,20,7,18,4,1,0.35294117647058826,0.35,0.5806451612903226,0.25,2026
700842,FF,114,55,11,56,18,74,19,10,0.2,0.32142857142857145,0.6491228070175439,0.5263157894736842,2026
700842,SL,65,24,6,38,7,35,5,3,0.25,0.18421052631578946,0.5384615384615384,0.6,2026
701121,CH,11,4,0,11,4,4,0,0,0.0,0.36363636363636365,0.36363636363636365,,2026
701121,FC,6,1,0,4,1,3,1,1,0.0,0.25,0.5,1.0,2026
701121,FF,106,62,16,42,12,76,18,10,0.25806451612903225,0.2857142857142857,0.7169811320754716,0.5555555555555556,2026
701121,SI,16,9,2,6,2,11,5,2,0.2222222222222222,0.3333333333333333,0.6875,0.4,2026
701121,ST,55,29,4,23,7,39,12,1,0.13793103448275862,0.30434782608695654,0.7090909090909091,0.08333333333333333,2026
701474,CH,11,5,1,7,2,6,4,2,0.2,0.2857142857142857,0.5454545454545454,0.5,2026
701474,CU,9,6,3,5,3,7,3,3,0.5,0.6,0.7777777777777778,1.0,2026
701474,FF,49,22,4,28,5,28,8,1,0.18181818181818182,0.17857142857142858,0.5714285714285714,0.125,2026
701474,SI,9,6,0,2,1,8,4,2,0.0,0.5,0.8888888888888888,0.5,2026
701474,SL,13,7,0,8,3,8,3,1,0.0,0.375,0.6153846153846154,0.3333333333333333,2026
701474,ST,30,12,3,17,4,18,6,3,0.25,0.23529411764705882,0.6,0.5,2026
701519,CH,233,117,38,157,59,137,45,14,0.3247863247863248,0.37579617834394907,0.5879828326180258,0.3111111111111111,2026
701519,FC,197,93,20,91,22,131,34,13,0.21505376344086022,0.24175824175824176,0.6649746192893401,0.38235294117647056,2026
701519,FF,231,104,12,117,29,144,28,12,0.11538461538461539,0.24786324786324787,0.6233766233766234,0.42857142857142855,2026
701519,SI,58,28,0,25,7,40,14,9,0.0,0.28,0.6896551724137931,0.6428571428571429,2026
701519,SL,231,116,45,151,61,143,39,17,0.3879310344827586,0.40397350993377484,0.6190476190476191,0.4358974358974359,2026
701542,CH,364,175,49,285,114,196,61,37,0.28,0.4,0.5384615384615384,0.6065573770491803,2026
701542,CU,149,57,17,114,38,73,21,8,0.2982456140350877,0.3333333333333333,0.4899328859060403,0.38095238095238093,2026
701542,FF,934,444,88,414,104,627,147,47,0.1981981981981982,0.25120772946859904,0.671306209850107,0.3197278911564626,2026
701542,SI,653,274,43,322,70,413,142,86,0.15693430656934307,0.21739130434782608,0.6324655436447167,0.6056338028169014,2026
701542,SL,12,9,4,10,7,9,1,1,0.4444444444444444,0.7,0.75,1.0,2026
701542,ST,530,207,45,277,85,345,87,30,0.21739130434782608,0.30685920577617326,0.6509433962264151,0.3448275862068966,2026
701552,CH,5,1,0,3,0,2,0,0,0.0,0.0,0.4,,2026
701552,FF,49,20,1,25,6,29,9,5,0.05,0.24,0.5918367346938775,0.5555555555555556,2026
701552,SI,26,12,1,18,6,15,4,3,0.08333333333333333,0.3333333333333333,0.5769230769230769,0.75,2026
701552,SL,118,41,5,63,9,65,25,5,0.12195121951219512,0.14285714285714285,0.5508474576271186,0.2,2026
701656,CH,530,281,101,289,102,340,81,20,0.3594306049822064,0.35294117647058826,0.6415094339622641,0.24691358024691357,2026
701656,FC,230,119,20,97,22,157,48,21,0.16806722689075632,0.2268041237113402,0.6826086956521739,0.4375,2026
701656,FF,698,379,62,281,92,506,101,29,0.16358839050131926,0.3274021352313167,0.7249283667621776,0.2871287128712871,2026
701656,ST,47,21,3,31,9,25,11,7,0.14285714285714285,0.2903225806451613,0.5319148936170213,0.6363636363636364,2026
701719,CH,19,6,1,12,2,9,1,1,0.16666666666666666,0.16666666666666666,0.47368421052631576,1.0,2026
701719,FC,24,12,3,11,4,16,6,1,0.25,0.36363636363636365,0.6666666666666666,0.16666666666666666,2026
701719,FF,84,44,9,48,16,52,19,8,0.20454545454545456,0.3333333333333333,0.6190476190476191,0.42105263157894735,2026
701719,SI,128,53,7,50,10,89,26,17,0.1320754716981132,0.2,0.6953125,0.6538461538461539,2026
701719,ST,59,24,6,39,9,29,11,4,0.25,0.23076923076923078,0.4915254237288136,0.36363636363636365,2026
701780,CH,1,0,0,0,0,1,0,0,,,1.0,,2026
701780,CU,2,1,0,1,0,1,1,1,0.0,0.0,0.5,1.0,2026
701780,FF,20,5,1,17,3,6,0,0,0.2,0.17647058823529413,0.3,,2026
701780,SL,2,0,0,2,0,0,0,0,,0.0,0.0,,2026
702021,CH,204,100,36,128,42,120,30,12,0.36,0.328125,0.5882352941176471,0.4,2026
702021,CU,157,51,7,77,16,97,18,10,0.13725490196078433,0.2077922077922078,0.6178343949044586,0.5555555555555556,2026
702021,FC,66,34,8,41,18,44,14,5,0.23529411764705882,0.43902439024390244,0.6666666666666666,0.35714285714285715,2026
702021,FF,336,204,46,151,65,248,59,16,0.22549019607843138,0.4304635761589404,0.7380952380952381,0.2711864406779661,2026
702021,SI,29,13,1,12,0,17,7,2,0.07692307692307693,0.0,0.5862068965517241,0.2857142857142857,2026
702047,CH,13,4,0,5,1,9,3,2,0.0,0.2,0.6923076923076923,0.6666666666666666,2026
702047,FF,66,29,4,30,6,42,11,0,0.13793103448275862,0.2,0.6363636363636364,0.0,2026
702047,SL,19,7,3,11,2,9,3,1,0.42857142857142855,0.18181818181818182,0.47368421052631576,0.3333333333333333,2026
702056,FF,757,360,63,365,96,499,136,33,0.175,0.26301369863013696,0.6591809775429326,0.2426470588235294,2026
702056,FS,470,206,80,319,98,252,66,30,0.3883495145631068,0.3072100313479624,0.5361702127659574,0.45454545454545453,2026
702056,SL,392,200,76,225,79,252,53,26,0.38,0.3511111111111111,0.6428571428571429,0.49056603773584906,2026
702070,CH,578,291,100,311,86,353,102,45,0.3436426116838488,0.2765273311897106,0.610726643598616,0.4411764705882353,2026
702070,CU,472,184,50,275,71,265,76,34,0.2717391304347826,0.2581818181818182,0.5614406779661016,0.4473684210526316,2026
702070,EP,1,0,0,1,0,0,0,0,,0.0,0.0,,2026
702070,FC,610,334,63,279,95,431,131,55,0.18862275449101795,0.34050179211469533,0.7065573770491803,0.4198473282442748,2026
702070,FF,695,322,42,348,83,430,119,34,0.13043478260869565,0.23850574712643677,0.6187050359712231,0.2857142857142857,2026
702070,SI,147,53,3,72,14,89,30,18,0.05660377358490566,0.19444444444444445,0.6054421768707483,0.6,2026
702070,SL,390,212,68,233,98,257,67,24,0.32075471698113206,0.4206008583690987,0.658974358974359,0.3582089552238806,2026
702153,CH,40,22,3,21,6,27,11,3,0.13636363636363635,0.2857142857142857,0.675,0.2727272727272727,2026
702153,FF,26,11,2,13,3,16,2,1,0.18181818181818182,0.23076923076923078,0.6153846153846154,0.5,2026
702153,SI,20,12,3,7,1,14,5,4,0.25,0.14285714285714285,0.7,0.8,2026
702153,SL,21,10,3,10,1,13,4,2,0.3,0.1,0.6190476190476191,0.5,2026
702153,ST,11,5,1,4,1,8,3,1,0.2,0.25,0.7272727272727273,0.3333333333333333,2026
702193,CH,139,53,13,89,17,67,21,9,0.24528301886792453,0.19101123595505617,0.48201438848920863,0.42857142857142855,2026
702193,CU,17,5,1,10,1,7,2,0,0.2,0.1,0.4117647058823529,0.0,2026
702193,FC,300,156,37,164,58,195,57,30,0.23717948717948717,0.35365853658536583,0.65,0.5263157894736842,2026
702193,FF,582,292,46,227,63,424,89,44,0.15753424657534246,0.2775330396475771,0.7285223367697594,0.4943820224719101,2026
702193,SI,153,84,16,54,19,117,35,12,0.19047619047619047,0.35185185185185186,0.7647058823529411,0.34285714285714286,2026
702193,ST,104,40,10,79,17,42,18,6,0.25,0.21518987341772153,0.40384615384615385,0.3333333333333333,2026
702273,CH,121,64,17,83,31,67,24,12,0.265625,0.37349397590361444,0.5537190082644629,0.5,2026
702273,CU,41,21,6,23,10,27,5,1,0.2857142857142857,0.43478260869565216,0.6585365853658537,0.2,2026
702273,FC,279,128,26,130,32,183,43,10,0.203125,0.24615384615384617,0.6559139784946236,0.23255813953488372,2026
702273,FF,274,132,25,140,43,173,49,18,0.1893939393939394,0.30714285714285716,0.6313868613138686,0.3673469387755102,2026
702273,SI,329,142,12,131,28,225,71,34,0.08450704225352113,0.21374045801526717,0.6838905775075987,0.4788732394366197,2026
702273,ST,218,84,26,130,38,125,25,5,0.30952380952380953,0.2923076923076923,0.573394495412844,0.2,2026
702275,CH,226,125,28,135,50,142,46,24,0.224,0.37037037037037035,0.6283185840707964,0.5217391304347826,2026
702275,CU,336,146,42,196,64,203,47,25,0.2876712328767123,0.32653061224489793,0.6041666666666666,0.5319148936170213,2026
702275,FC,109,44,7,65,14,58,15,3,0.1590909090909091,0.2153846153846154,0.5321100917431193,0.2,2026
702275,FF,242,92,18,141,26,127,34,6,0.1956521739130435,0.18439716312056736,0.5247933884297521,0.17647058823529413,2026
702275,SI,289,106,10,134,19,174,54,37,0.09433962264150944,0.1417910447761194,0.6020761245674741,0.6851851851851852,2026
702275,SL,76,35,4,38,11,49,13,4,0.11428571428571428,0.2894736842105263,0.6447368421052632,0.3076923076923077,2026
702281,CH,14,8,3,10,5,9,0,0,0.375,0.5,0.6428571428571429,,2026
702281,CU,29,16,5,13,4,19,8,4,0.3125,0.3076923076923077,0.6551724137931034,0.5,2026
702281,FF,28,12,1,13,1,16,5,2,0.08333333333333333,0.07692307692307693,0.5714285714285714,0.4,2026
702281,SI,7,3,0,4,2,5,1,1,0.0,0.5,0.7142857142857143,1.0,2026
702281,SL,8,3,1,5,2,5,2,1,0.3333333333333333,0.4,0.625,0.5,2026
702303,CU,35,10,1,22,3,16,1,1,0.1,0.13636363636363635,0.45714285714285713,1.0,2026
702303,FF,65,39,7,14,3,53,15,5,0.1794871794871795,0.21428571428571427,0.8153846153846154,0.3333333333333333,2026
702303,SL,18,10,3,8,3,13,3,1,0.3,0.375,0.7222222222222222,0.3333333333333333,2026
702352,CH,20,9,1,14,3,9,4,2,0.1111111111111111,0.21428571428571427,0.45,0.5,2026
702352,CU,6,3,2,6,3,3,0,0,0.6666666666666666,0.5,0.5,,2026
702352,FC,9,5,1,7,3,5,2,0,0.2,0.42857142857142855,0.5555555555555556,0.0,2026
702352,FF,46,23,6,23,7,33,9,3,0.2608695652173913,0.30434782608695654,0.717391304347826,0.3333333333333333,2026
702352,SI,64,27,4,25,6,42,6,2,0.14814814814814814,0.24,0.65625,0.3333333333333333,2026
702352,ST,37,12,4,19,4,22,3,1,0.3333333333333333,0.21052631578947367,0.5945945945945946,0.3333333333333333,2026
702474,CH,141,69,12,78,26,88,32,21,0.17391304347826086,0.3333333333333333,0.624113475177305,0.65625,2026
702474,FC,85,47,10,40,11,56,20,7,0.2127659574468085,0.275,0.6588235294117647,0.35,2026
702474,FF,204,98,11,86,16,136,42,14,0.11224489795918367,0.18604651162790697,0.6666666666666666,0.3333333333333333,2026
702474,ST,121,60,16,77,27,70,24,4,0.26666666666666666,0.35064935064935066,0.5785123966942148,0.16666666666666666,2026
702566,CH,42,31,6,22,13,33,11,3,0.1935483870967742,0.5909090909090909,0.7857142857142857,0.2727272727272727,2026
702566,CU,33,12,1,21,4,16,6,2,0.08333333333333333,0.19047619047619047,0.48484848484848486,0.3333333333333333,2026
702566,FF,110,63,10,44,14,82,22,2,0.15873015873015872,0.3181818181818182,0.7454545454545455,0.09090909090909091,2026
702566,SI,2,0,0,1,0,1,0,0,,0.0,0.5,,2026
702566,SL,25,14,5,13,4,16,4,2,0.35714285714285715,0.3076923076923077,0.64,0.5,2026
702752,CH,34,17,2,21,5,18,9,4,0.11764705882352941,0.23809523809523808,0.5294117647058824,0.4444444444444444,2026
702752,CU,24,8,3,20,5,9,1,0,0.375,0.25,0.375,0.0,2026
702752,FC,277,129,32,138,36,179,47,15,0.24806201550387597,0.2608695652173913,0.6462093862815884,0.3191489361702128,2026
702752,FF,84,41,14,54,20,51,4,1,0.34146341463414637,0.37037037037037035,0.6071428571428571,0.25,2026
702752,SI,104,45,5,51,12,64,20,15,0.1111111111111111,0.23529411764705882,0.6153846153846154,0.75,2026
702885,CH,114,68,14,60,22,76,38,22,0.20588235294117646,0.36666666666666664,0.6666666666666666,0.5789473684210527,2026
702885,FF,174,75,14,87,21,108,26,8,0.18666666666666668,0.2413793103448276,0.6206896551724138,0.3076923076923077,2026
702885,SL,87,43,8,43,10,53,19,5,0.18604651162790697,0.23255813953488372,0.6091954022988506,0.2631578947368421,2026
703615,CH,64,33,2,42,15,38,17,7,0.06060606060606061,0.35714285714285715,0.59375,0.4117647058823529,2026
703615,CU,52,26,6,32,11,31,13,6,0.23076923076923078,0.34375,0.5961538461538461,0.46153846153846156,2026
703615,FC,109,51,6,52,15,74,22,9,0.11764705882352941,0.28846153846153844,0.6788990825688074,0.4090909090909091,2026
703615,FF,120,49,6,63,12,66,21,8,0.12244897959183673,0.19047619047619047,0.55,0.38095238095238093,2026
703615,SI,51,23,5,20,2,33,13,10,0.21739130434782608,0.1,0.6470588235294118,0.7692307692307693,2026
703615,ST,67,23,8,40,11,37,9,3,0.34782608695652173,0.275,0.5522388059701493,0.3333333333333333,2026
703725,CH,221,131,62,147,73,149,34,17,0.4732824427480916,0.4965986394557823,0.6742081447963801,0.5,2026
703725,FF,187,88,12,85,19,125,29,5,0.13636363636363635,0.2235294117647059,0.6684491978609626,0.1724137931034483,2026
703725,SI,50,17,1,20,2,34,10,6,0.058823529411764705,0.1,0.68,0.6,2026
703725,ST,141,52,17,77,17,81,21,10,0.3269230769230769,0.22077922077922077,0.574468085106383,0.47619047619047616,2026
800048,CH,720,391,135,516,224,429,131,71,0.3452685421994885,0.43410852713178294,0.5958333333333333,0.5419847328244275,2026
800048,CU,255,68,7,137,26,143,33,13,0.10294117647058823,0.1897810218978102,0.5607843137254902,0.3939393939393939,2026
800048,FC,141,57,14,86,19,75,15,7,0.24561403508771928,0.22093023255813954,0.5319148936170213,0.4666666666666667,2026
800048,FF,1258,638,139,552,157,864,193,68,0.21786833855799373,0.28442028985507245,0.6868044515103339,0.35233160621761656,2026
800048,SI,449,227,20,178,45,317,110,58,0.0881057268722467,0.25280898876404495,0.7060133630289532,0.5272727272727272,2026
800048,SL,201,86,23,117,31,114,33,15,0.26744186046511625,0.26495726495726496,0.5671641791044776,0.45454545454545453,2026
800311,CU,5,2,0,4,1,2,2,0,0.0,0.25,0.4,0.0,2026
800311,FF,847,466,118,371,112,593,118,35,0.2532188841201717,0.3018867924528302,0.7001180637544274,0.2966101694915254,2026
800311,FS,83,36,7,59,13,39,17,7,0.19444444444444445,0.22033898305084745,0.46987951807228917,0.4117647058823529,2026
800311,SL,296,145,54,175,66,189,45,29,0.3724137931034483,0.37714285714285717,0.6385135135135135,0.6444444444444445,2026
800600,CH,139,69,24,107,44,74,24,13,0.34782608695652173,0.411214953271028,0.5323741007194245,0.5416666666666666,2026
800600,CU,96,29,9,63,15,50,9,5,0.3103448275862069,0.23809523809523808,0.5208333333333334,0.5555555555555556,2026
800600,FF,212,90,6,108,25,130,33,16,0.06666666666666667,0.23148148148148148,0.6132075471698113,0.48484848484848486,2026
800600,SI,87,37,5,38,8,56,20,11,0.13513513513513514,0.21052631578947367,0.6436781609195402,0.55,2026
800600,SL,143,82,22,72,33,100,29,12,0.2682926829268293,0.4583333333333333,0.6993006993006993,0.41379310344827586,2026
801139,CH,65,28,5,40,7,33,11,4,0.17857142857142858,0.175,0.5076923076923077,0.36363636363636365,2026
801139,CU,212,106,44,119,53,145,29,10,0.41509433962264153,0.44537815126050423,0.6839622641509434,0.3448275862068966,2026
801139,FC,439,265,70,207,88,313,80,27,0.2641509433962264,0.4251207729468599,0.7129840546697038,0.3375,2026
801139,FF,1017,583,155,485,175,703,143,35,0.2658662092624357,0.36082474226804123,0.6912487708947886,0.24475524475524477,2026
801139,SI,549,275,39,229,70,383,123,71,0.14181818181818182,0.3056768558951965,0.697632058287796,0.5772357723577236,2026
801403,CH,78,35,10,49,14,41,13,6,0.2857142857142857,0.2857142857142857,0.5256410256410257,0.46153846153846156,2026
801403,CU,59,20,9,46,13,27,4,2,0.45,0.2826086956521739,0.4576271186440678,0.5,2026
801403,FF,280,165,40,112,29,199,45,13,0.24242424242424243,0.25892857142857145,0.7107142857142857,0.28888888888888886,2026
801403,SI,178,78,11,74,17,118,38,29,0.14102564102564102,0.22972972972972974,0.6629213483146067,0.7631578947368421,2026
801403,SL,108,48,15,66,25,68,19,9,0.3125,0.3787878787878788,0.6296296296296297,0.47368421052631576,2026
801403,ST,40,11,4,30,6,18,2,1,0.36363636363636365,0.2,0.45,0.5,2026
801434,CH,1,0,0,1,0,0,0,0,,0.0,0.0,,2026
801434,FC,19,9,0,7,2,14,7,2,0.0,0.2857142857142857,0.7368421052631579,0.2857142857142857,2026
801434,FF,55,23,8,31,10,36,7,2,0.34782608695652173,0.3225806451612903,0.6545454545454545,0.2857142857142857,2026
801434,SL,49,18,4,30,6,25,7,6,0.2222222222222222,0.2,0.5102040816326531,0.8571428571428571,2026
801517,CU,1,1,0,0,0,1,0,0,0.0,,1.0,,2026
801517,FF,9,7,1,2,0,7,4,0,0.14285714285714285,0.0,0.7777777777777778,0.0,2026
801517,SI,2,2,1,1,1,2,0,0,0.5,1.0,1.0,,2026
801517,ST,7,2,0,3,1,5,1,1,0.0,0.3333333333333333,0.7142857142857143,1.0,2026
801725,FS,26,12,4,20,6,12,5,3,0.3333333333333333,0.3,0.46153846153846156,0.6,2026
801725,SI,85,37,3,36,14,62,19,13,0.08108108108108109,0.3888888888888889,0.7294117647058823,0.6842105263157895,2026
801725,SL,15,10,2,6,4,12,4,1,0.2,0.6666666666666666,0.8,0.25,2026
801842,FC,5,3,2,5,3,3,1,1,0.6666666666666666,0.6,0.6,1.0,2026
801842,FF,7,4,0,2,0,6,3,1,0.0,0.0,0.8571428571428571,0.3333333333333333,2026
801842,SL,1,0,0,1,0,0,0,0,,0.0,0.0,,2026
802408,CH,3,0,0,3,0,0,0,0,,0.0,0.0,,2026
802408,CU,59,22,6,42,13,33,4,2,0.2727272727272727,0.30952380952380953,0.559322033898305,0.5,2026
802408,FF,116,57,17,55,9,71,20,4,0.2982456140350877,0.16363636363636364,0.6120689655172413,0.2,2026
802408,SI,44,20,2,18,2,27,11,6,0.1,0.1111111111111111,0.6136363636363636,0.5454545454545454,2026
802408,SL,80,30,15,54,16,44,8,3,0.5,0.2962962962962963,0.55,0.375,2026
804267,CH,58,29,3,29,8,38,14,6,0.10344827586206896,0.27586206896551724,0.6551724137931034,0.42857142857142855,2026
804267,CU,42,22,4,21,4,25,10,4,0.18181818181818182,0.19047619047619047,0.5952380952380952,0.4,2026
804267,FC,399,230,34,184,68,289,85,39,0.14782608695652175,0.3695652173913043,0.7243107769423559,0.4588235294117647,2026
804267,FF,320,163,27,154,49,220,62,17,0.1656441717791411,0.3181818181818182,0.6875,0.27419354838709675,2026
804267,SI,139,62,8,64,17,94,23,9,0.12903225806451613,0.265625,0.6762589928057554,0.391304347826087,2026
804267,SL,101,57,11,63,26,62,23,11,0.19298245614035087,0.4126984126984127,0.6138613861386139,0.4782608695652174,2026
804267,ST,198,93,22,108,32,121,36,11,0.23655913978494625,0.2962962962962963,0.6111111111111112,0.3055555555555556,2026
804541,CH,3,3,0,2,2,3,3,2,0.0,1.0,1.0,0.6666666666666666,2026
804541,FF,12,5,1,7,1,5,0,0,0.2,0.14285714285714285,0.4166666666666667,,2026
804541,SI,14,8,2,2,0,12,5,4,0.25,0.0,0.8571428571428571,0.8,2026
804541,SL,12,9,1,4,2,10,4,0,0.1111111111111111,0.5,0.8333333333333334,0.0,2026
804541,ST,8,4,1,5,1,4,3,2,0.25,0.2,0.5,0.6666666666666666,2026
804619,CH,40,18,3,25,5,21,7,3,0.16666666666666666,0.2,0.525,0.42857142857142855,2026
804619,CU,16,5,0,8,2,9,2,1,0.0,0.25,0.5625,0.5,2026
804619,FC,14,9,0,7,3,10,3,1,0.0,0.42857142857142855,0.7142857142857143,0.3333333333333333,2026
804619,FF,68,31,5,27,7,47,7,2,0.16129032258064516,0.25925925925925924,0.6911764705882353,0.2857142857142857,2026
804619,ST,10,6,2,4,2,8,3,2,0.3333333333333333,0.5,0.8,0.6666666666666666,2026
804636,CH,136,76,24,78,31,89,20,9,0.3157894736842105,0.3974358974358974,0.6544117647058824,0.45,2026
804636,CU,47,15,5,28,4,24,6,4,0.3333333333333333,0.14285714285714285,0.5106382978723404,0.6666666666666666,2026
804636,FC,110,63,14,55,20,75,24,10,0.2222222222222222,0.36363636363636365,0.6818181818181818,0.4166666666666667,2026
804636,FF,246,111,32,135,37,149,34,15,0.2882882882882883,0.2740740740740741,0.6056910569105691,0.4411764705882353,2026
804668,CU,1,0,0,1,0,1,0,0,,0.0,1.0,,2026
804668,SL,7,6,1,2,1,6,5,2,0.16666666666666666,0.5,0.8571428571428571,0.4,2026
804926,CH,9,5,2,6,2,5,0,0,0.4,0.3333333333333333,0.5555555555555556,,2026
804926,CU,6,2,0,3,1,4,1,0,0.0,0.3333333333333333,0.6666666666666666,0.0,2026
804926,FC,25,9,3,15,4,15,2,2,0.3333333333333333,0.26666666666666666,0.6,1.0,2026
804926,FF,20,6,0,10,0,11,3,0,0.0,0.0,0.55,0.0,2026
804926,SI,21,12,2,10,3,14,7,4,0.16666666666666666,0.3,0.6666666666666666,0.5714285714285714,2026
804926,ST,24,10,5,15,7,16,4,3,0.5,0.4666666666666667,0.6666666666666666,0.75,2026
805074,FF,170,68,5,76,11,102,35,14,0.07352941176470588,0.14473684210526316,0.6,0.4,2026
805074,FS,53,22,9,41,11,23,10,6,0.4090909090909091,0.2682926829268293,0.4339622641509434,0.6,2026
805074,SL,158,84,20,84,29,103,33,12,0.23809523809523808,0.34523809523809523,0.6518987341772152,0.36363636363636365,2026
805123,CH,342,159,51,240,77,181,62,27,0.32075471698113206,0.32083333333333336,0.5292397660818714,0.43548387096774194,2026
805123,CU,14,5,1,11,2,5,1,0,0.2,0.18181818181818182,0.35714285714285715,0.0,2026
805123,FC,66,27,13,48,13,32,8,3,0.48148148148148145,0.2708333333333333,0.48484848484848486,0.375,2026
805123,FF,843,431,86,383,92,555,135,37,0.19953596287703015,0.2402088772845953,0.6583629893238434,0.2740740740740741,2026
805123,ST,375,178,50,211,73,240,56,24,0.2808988764044944,0.3459715639810427,0.64,0.42857142857142855,2026
805291,CH,3,3,1,0,0,3,1,1,0.3333333333333333,,1.0,1.0,2026
805291,FC,14,2,2,11,1,4,0,0,1.0,0.09090909090909091,0.2857142857142857,,2026
805291,FF,5,1,0,4,1,2,0,0,0.0,0.25,0.4,,2026
805291,SI,5,1,0,2,0,4,1,1,0.0,0.0,0.8,1.0,2026
805291,SL,2,0,0,2,0,0,0,0,,0.0,0.0,,2026
805299,FC,146,71,14,68,19,98,18,9,0.19718309859154928,0.27941176470588236,0.6712328767123288,0.5,2026
805299,SI,346,139,17,130,22,233,72,51,0.1223021582733813,0.16923076923076924,0.6734104046242775,0.7083333333333334,2026
805299,ST,213,99,46,133,44,127,24,7,0.46464646464646464,0.3308270676691729,0.596244131455399,0.2916666666666667,2026
805326,CH,53,30,4,33,13,33,13,11,0.13333333333333333,0.3939393939393939,0.6226415094339622,0.8461538461538461,2026
805326,CU,38,14,2,17,2,22,6,2,0.14285714285714285,0.11764705882352941,0.5789473684210527,0.3333333333333333,2026
805326,FF,217,119,19,74,17,160,45,10,0.15966386554621848,0.22972972972972974,0.7373271889400922,0.2222222222222222,2026
805326,SI,24,11,2,11,2,14,7,2,0.18181818181818182,0.18181818181818182,0.5833333333333334,0.2857142857142857,2026
805326,SL,211,114,27,112,38,136,47,19,0.23684210526315788,0.3392857142857143,0.6445497630331753,0.40425531914893614,2026
805326,ST,23,8,1,15,4,11,6,3,0.125,0.26666666666666666,0.4782608695652174,0.5,2026
805345,CU,66,28,7,41,13,37,9,6,0.25,0.3170731707317073,0.5606060606060606,0.6666666666666666,2026
805345,FC,110,51,8,48,13,75,23,12,0.1568627450980392,0.2708333333333333,0.6818181818181818,0.5217391304347826,2026
805345,FS,1,0,0,0,0,1,0,0,,,1.0,,2026
805345,SI,82,33,9,29,8,62,13,6,0.2727272727272727,0.27586206896551724,0.7560975609756098,0.46153846153846156,2026
805345,SL,2,0,0,1,0,1,0,0,,0.0,0.5,,2026
805345,ST,107,46,10,58,19,67,15,7,0.21739130434782608,0.3275862068965517,0.6261682242990654,0.4666666666666667,2026
805427,CH,24,12,3,20,9,14,6,4,0.25,0.45,0.5833333333333334,0.6666666666666666,2026
805427,FF,219,117,49,109,40,149,22,14,0.4188034188034188,0.3669724770642202,0.680365296803653,0.6363636363636364,2026
805427,SI,269,128,15,110,39,198,46,32,0.1171875,0.35454545454545455,0.7360594795539034,0.6956521739130435,2026
805427,SL,130,61,21,78,25,77,16,7,0.3442622950819672,0.32051282051282054,0.5923076923076923,0.4375,2026
805673,CH,280,116,21,174,39,144,61,30,0.1810344827586207,0.22413793103448276,0.5142857142857142,0.4918032786885246,2026
805673,CU,235,94,31,154,45,133,27,11,0.32978723404255317,0.2922077922077922,0.5659574468085107,0.4074074074074074,2026
805673,FC,263,130,16,115,29,176,57,22,0.12307692307692308,0.25217391304347825,0.6692015209125475,0.38596491228070173,2026
805673,FF,757,356,45,321,71,510,130,46,0.12640449438202248,0.22118380062305296,0.6737120211360634,0.35384615384615387,2026
805673,SI,99,43,7,45,10,66,18,11,0.16279069767441862,0.2222222222222222,0.6666666666666666,0.6111111111111112,2026
805673,SL,483,266,87,278,111,314,93,47,0.32706766917293234,0.39928057553956836,0.650103519668737,0.5053763440860215,2026
806188,CH,74,35,9,44,13,42,13,10,0.2571428571428571,0.29545454545454547,0.5675675675675675,0.7692307692307693,2026
806188,CU,184,80,24,115,47,116,25,15,0.3,0.40869565217391307,0.6304347826086957,0.6,2026
806188,FF,43,11,4,28,3,20,4,0,0.36363636363636365,0.10714285714285714,0.46511627906976744,0.0,2026
806188,SI,200,84,1,89,21,137,40,30,0.011904761904761904,0.23595505617977527,0.685,0.75,2026
806188,SL,140,63,13,58,12,96,26,10,0.20634920634920634,0.20689655172413793,0.6857142857142857,0.38461538461538464,2026
806188,ST,236,116,27,130,51,160,42,13,0.23275862068965517,0.3923076923076923,0.6779661016949152,0.30952380952380953,2026
806272,FF,1,1,0,0,0,1,1,1,0.0,,1.0,1.0,2026
806960,CH,31,8,1,24,1,8,3,1,0.125,0.041666666666666664,0.25806451612903225,0.3333333333333333,2026
806960,FF,158,72,6,77,19,102,29,13,0.08333333333333333,0.24675324675324675,0.6455696202531646,0.4482758620689655,2026
806960,SI,39,17,2,28,11,23,8,4,0.11764705882352941,0.39285714285714285,0.5897435897435898,0.5,2026
806960,SL,94,45,15,52,17,60,18,5,0.3333333333333333,0.3269230769230769,0.6382978723404256,0.2777777777777778,2026
806960,ST,24,9,2,16,5,13,4,1,0.2222222222222222,0.3125,0.5416666666666666,0.25,2026
807575,CU,2,1,1,0,0,2,0,0,1.0,,1.0,,2026
807575,FF,2,1,0,1,1,2,0,0,0.0,1.0,1.0,,2026
807575,FS,5,3,1,3,1,4,0,0,0.3333333333333333,0.3333333333333333,0.8,,2026
807575,SL,3,2,0,0,0,2,2,0,0.0,,0.6666666666666666,0.0,2026
807739,CH,96,58,18,56,21,61,23,12,0.3103448275862069,0.375,0.6354166666666666,0.5217391304347826,2026
807739,CU,83,26,8,41,14,52,11,6,0.3076923076923077,0.34146341463414637,0.6265060240963856,0.5454545454545454,2026
807739,FF,219,126,22,93,26,152,41,14,0.1746031746031746,0.27956989247311825,0.6940639269406392,0.34146341463414637,2026
807739,SI,10,6,1,5,2,7,3,1,0.16666666666666666,0.4,0.7,0.3333333333333333,2026
807739,SL,133,79,22,62,24,93,27,13,0.27848101265822783,0.3870967741935484,0.6992481203007519,0.48148148148148145,2026
807743,CH,65,36,8,36,11,40,20,2,0.2222222222222222,0.3055555555555556,0.6153846153846154,0.1,2026
807743,FC,62,31,5,39,13,37,8,1,0.16129032258064516,0.3333333333333333,0.5967741935483871,0.125,2026
807743,FF,189,89,13,69,16,130,36,6,0.14606741573033707,0.2318840579710145,0.6878306878306878,0.16666666666666666,2026
807743,SI,24,10,1,13,5,17,6,2,0.1,0.38461538461538464,0.7083333333333334,0.3333333333333333,2026
807743,ST,72,31,3,35,9,47,14,6,0.0967741935483871,0.2571428571428571,0.6527777777777778,0.42857142857142855,2026
807744,FC,6,4,1,2,0,4,2,1,0.25,0.0,0.6666666666666666,0.5,2026
807744,SI,23,9,1,11,1,13,6,3,0.1111111111111111,0.09090909090909091,0.5652173913043478,0.5,2026
807744,SL,11,2,0,6,1,5,1,0,0.0,0.16666666666666666,0.45454545454545453,0.0,2026
808825,CH,47,23,11,34,13,26,7,6,0.4782608695652174,0.38235294117647056,0.5531914893617021,0.8571428571428571,2026
808825,FF,163,74,11,80,19,103,33,4,0.14864864864864866,0.2375,0.6319018404907976,0.12121212121212122,2026
808825,SI,43,20,2,19,5,28,12,6,0.1,0.2631578947368421,0.6511627906976745,0.5,2026
808825,SL,111,46,16,71,23,63,13,3,0.34782608695652173,0.323943661971831,0.5675675675675675,0.23076923076923078,2026
808963,FF,881,446,72,386,110,597,156,57,0.16143497757847533,0.2849740932642487,0.677639046538025,0.36538461538461536,2026
808963,FO,152,67,20,96,24,78,25,14,0.29850746268656714,0.25,0.5131578947368421,0.56,2026
808963,FS,613,334,114,378,150,389,104,52,0.3413173652694611,0.3968253968253968,0.634584013050571,0.5,2026
808963,SL,454,205,79,259,89,286,61,26,0.3853658536585366,0.3436293436293436,0.6299559471365639,0.4262295081967213,2026
808967,CU,360,146,35,174,55,246,53,21,0.23972602739726026,0.3160919540229885,0.6833333333333333,0.39622641509433965,2026
808967,FC,406,203,41,206,70,269,72,27,0.2019704433497537,0.33980582524271846,0.6625615763546798,0.375,2026
808967,FF,716,351,82,319,94,497,93,30,0.2336182336182336,0.2946708463949843,0.6941340782122905,0.3225806451612903,2026
808967,FS,728,391,125,486,187,429,146,100,0.319693094629156,0.38477366255144035,0.5892857142857143,0.684931506849315,2026
808967,SI,358,166,21,149,38,245,72,37,0.12650602409638553,0.2550335570469799,0.6843575418994413,0.5138888888888888,2026
808967,SL,166,98,33,84,37,120,41,17,0.336734693877551,0.44047619047619047,0.7228915662650602,0.4146341463414634,2026
808970,CU,13,8,3,5,2,10,3,2,0.375,0.4,0.7692307692307693,0.6666666666666666,2026
808970,FF,34,14,1,17,2,18,4,2,0.07142857142857142,0.11764705882352941,0.5294117647058824,0.5,2026
808970,FS,10,6,1,4,0,6,2,2,0.16666666666666666,0.0,0.6,1.0,2026
808970,SL,29,16,2,13,4,21,6,1,0.125,0.3076923076923077,0.7241379310344828,0.16666666666666666,2026
810938,EP,50,21,0,23,6,33,20,5,0.0,0.2608695652173913,0.66,0.25,2026
811139,CH,2,0,0,2,0,0,0,0,,0.0,0.0,,2026
811139,SI,23,7,2,14,3,11,1,1,0.2857142857142857,0.21428571428571427,0.4782608695652174,1.0,2026
811139,SL,11,3,0,4,1,8,2,0,0.0,0.25,0.7272727272727273,0.0,2026
811315,CU,39,15,6,23,5,22,4,4,0.4,0.21739130434782608,0.5641025641025641,1.0,2026
811315,FC,7,1,1,6,1,2,0,0,1.0,0.16666666666666666,0.2857142857142857,,2026
811315,FF,57,21,3,23,2,38,7,0,0.14285714285714285,0.08695652173913043,0.6666666666666666,0.0,2026
811319,CH,1,0,0,1,0,0,0,0,,0.0,0.0,,2026
811319,FF,1,1,1,0,0,1,0,0,1.0,,1.0,,2026
811319,SL,3,2,0,1,0,2,1,0,0.0,0.0,0.6666666666666666,0.0,2026
813349,CH,284,151,33,180,74,174,69,42,0.2185430463576159,0.4111111111111111,0.6126760563380281,0.6086956521739131,2026
813349,CU,169,70,15,99,26,101,21,6,0.21428571428571427,0.26262626262626265,0.5976331360946746,0.2857142857142857,2026
813349,FF,546,276,59,262,80,367,74,18,0.213768115942029,0.3053435114503817,0.6721611721611722,0.24324324324324326,2026
813349,SI,314,115,11,158,29,197,54,33,0.09565217391304348,0.18354430379746836,0.6273885350318471,0.6111111111111112,2026
813349,SL,124,56,16,56,16,83,23,10,0.2857142857142857,0.2857142857142857,0.6693548387096774,0.43478260869565216,2026
813349,ST,125,63,25,81,36,80,22,6,0.3968253968253968,0.4444444444444444,0.64,0.2727272727272727,2026
814106,FF,9,1,0,5,0,3,1,0,0.0,0.0,0.3333333333333333,0.0,2026
814106,SL,6,4,1,1,1,5,2,0,0.25,1.0,0.8333333333333334,0.0,2026
814305,FC,104,42,11,59,12,58,18,9,0.2619047619047619,0.2033898305084746,0.5576923076923077,0.5,2026
814305,FF,86,36,5,44,9,52,16,1,0.1388888888888889,0.20454545454545456,0.6046511627906976,0.0625,2026
814305,FS,96,48,18,56,22,60,15,5,0.375,0.39285714285714285,0.625,0.3333333333333333,2026
814305,ST,8,4,0,4,0,4,3,1,0.0,0.0,0.5,0.3333333333333333,2026
814366,CH,2,1,0,1,0,1,0,0,0.0,0.0,0.5,,2026
814366,CU,1,1,0,0,0,1,1,1,0.0,,1.0,1.0,2026
814366,SI,6,2,0,1,0,5,1,0,0.0,0.0,0.8333333333333334,0.0,2026
814366,SL,2,1,0,2,1,1,1,1,0.0,0.5,0.5,1.0,2026
814490,CH,31,8,2,27,5,8,3,2,0.25,0.18518518518518517,0.25806451612903225,0.6666666666666666,2026
814490,CU,74,30,6,41,10,42,12,5,0.2,0.24390243902439024,0.5675675675675675,0.4166666666666667,2026
814490,FC,109,50,7,61,15,66,18,6,0.14,0.2459016393442623,0.6055045871559633,0.3333333333333333,2026
814490,FF,119,48,10,78,18,60,19,4,0.20833333333333334,0.23076923076923078,0.5042016806722689,0.21052631578947367,2026
814490,SI,129,70,9,62,29,96,30,19,0.12857142857142856,0.46774193548387094,0.7441860465116279,0.6333333333333333,2026
814490,ST,110,58,17,57,19,71,19,1,0.29310344827586204,0.3333333333333333,0.6454545454545455,0.05263157894736842,2026
815081,CH,14,4,0,11,1,4,2,1,0.0,0.09090909090909091,0.2857142857142857,0.5,2026
815081,FF,177,88,15,68,19,128,30,13,0.17045454545454544,0.27941176470588236,0.7231638418079096,0.43333333333333335,2026
815081,SI,10,1,0,6,0,4,1,0,0.0,0.0,0.4,0.0,2026
815081,SL,83,30,11,54,12,42,15,6,0.36666666666666664,0.2222222222222222,0.5060240963855421,0.4,2026
815081,ST,14,3,1,11,1,4,2,0,0.3333333333333333,0.09090909090909091,0.2857142857142857,0.0,2026
815083,CH,248,111,49,185,69,131,27,16,0.44144144144144143,0.372972972972973,0.5282258064516129,0.5925925925925926,2026
815083,FC,155,87,23,73,25,106,43,27,0.26436781609195403,0.3424657534246575,0.6838709677419355,0.627906976744186,2026
815083,FF,434,184,19,207,40,276,75,16,0.10326086956521739,0.1932367149758454,0.6359447004608295,0.21333333333333335,2026
815083,SL,135,50,18,86,27,77,16,7,0.36,0.313953488372093,0.5703703703703704,0.4375,2026
820862,CH,46,23,4,29,7,24,10,5,0.17391304347826086,0.2413793103448276,0.5217391304347826,0.5,2026
820862,FF,69,32,5,39,9,38,8,2,0.15625,0.23076923076923078,0.5507246376811594,0.25,2026
820862,SI,293,124,18,130,21,191,49,23,0.14516129032258066,0.16153846153846155,0.6518771331058021,0.46938775510204084,2026
820862,SL,573,304,105,319,129,387,80,38,0.34539473684210525,0.4043887147335423,0.675392670157068,0.475,2026
822416,FC,2,1,0,1,0,1,1,0,0.0,0.0,0.5,0.0,2026
822416,SI,4,3,0,2,1,3,2,2,0.0,0.5,0.75,1.0,2026
822416,SL,1,0,0,0,0,0,0,0,,,0.0,,2026
830242,FC,8,5,2,5,3,6,2,0,0.4,0.6,0.75,0.0,2026
830242,FF,2,0,0,2,0,0,0,0,,0.0,0.0,,2026
837227,CH,39,11,6,22,3,19,1,0,0.5454545454545454,0.13636363636363635,0.48717948717948717,0.0,2026
837227,CU,6,2,0,2,0,4,1,1,0.0,0.0,0.6666666666666666,1.0,2026
837227,FF,642,244,44,319,54,382,83,33,0.18032786885245902,0.16927899686520376,0.5950155763239875,0.39759036144578314,2026
837227,FS,42,8,6,39,6,9,0,0,0.75,0.15384615384615385,0.21428571428571427,,2026
837227,SI,61,27,5,31,6,35,10,7,0.18518518518518517,0.1935483870967742,0.5737704918032787,0.7,2026
837227,SL,661,345,130,403,160,415,91,37,0.37681159420289856,0.3970223325062035,0.6278366111951589,0.4065934065934066,2026
