entity_id,entity_name,entity_code,team_id,total_pitches,total_pitches.1,total_pitches_empty,median_seconds_empty,total_pitches_onbase,median_seconds_empty.1,freq_hot,freq_warm,freq_cold,season
621512,"Nido, Tomás",Pit,116,3,3,2.0,6.531,1.0,6.531,1.0,0.0,0.0,2025
543592,"Nola, Austin",Pit,115,11,11,6.0,6.866,5.0,6.866,1.0,0.0,0.0,2025
656577,"Jackson, Alex",Pit,110,13,13,3.0,7.573,10.0,7.573,0.9230769230769232,0.0769230769230769,0.0,2025
669722,"Davidson, Logan",Pit,108,11,11,11.0,7.689,,7.689,1.0,0.0,0.0,2025
669717,"Wilson, Will",Pit,114,15,15,10.0,7.781,5.0,7.781,1.0,0.0,0.0,2025
645305,"Sánchez, Ali",Pit,111,7,7,1.0,7.801,6.0,7.801,1.0,0.0,0.0,2025
656896,"Rivera, Emmanuel",Pit,110,25,25,4.0,8.082,21.0,8.082,1.0,0.0,0.0,2025
694359,"Kavadas, Niko",Pit,108,10,10,4.0,8.311,6.0,8.311,1.0,0.0,0.0,2025
676801,"McCormick, Chas",Pit,117,32,32,14.0,8.453,18.0,8.453,1.0,0.0,0.0,2025
683021,"Stefanic, Michael",Pit,141,4,4,4.0,8.623,,8.623,1.0,0.0,0.0,2025
681146,"Bride, Jonah",Pit,142,55,55,20.0,8.679,35.0,8.679,0.9818181818181818,0.0181818181818181,0.0,2025
642133,"Tellez, Rowdy",Pit,140,9,9,2.0,8.786,7.0,8.786,1.0,0.0,0.0,2025
624512,"McGuire, Reese",Pit,112,11,11,4.0,8.792,7.0,8.792,1.0,0.0,0.0,2025
622761,"Mateo, Jorge",Pit,110,18,18,2.0,8.875,16.0,8.875,0.9444444444444444,0.0555555555555555,0.0,2025
642708,"Rosario, Amed",Pit,147,13,13,6.0,8.92,7.0,8.92,1.0,0.0,0.0,2025
691594,"Sanoja, Javier",Pit,146,77,77,37.0,9.068,40.0,9.068,0.948051948051948,0.0519480519480519,0.0,2025
676679,"Vázquez, Luis",Pit,110,16,16,12.0,9.283,4.0,9.283,0.9375,0.0625,0.0,2025
647351,"Toro, Abraham",Pit,111,5,5,1.0,9.343,4.0,9.343,0.8,0.2,0.0,2025
660844,"Rivas, Leo",Pit,136,8,8,2.0,9.383,6.0,9.383,1.0,0.0,0.0,2025
571466,"Barnhart, Tucker",Pit,140,10,10,3.0,9.437,7.0,9.437,1.0,0.0,0.0,2025
573262,"Yastrzemski, Mike",Pit,118,9,9,2.0,9.499,7.0,9.499,0.8888888888888888,0.1111111111111111,0.0,2025
682515,"Porter, Logan",Pit,137,7,7,4.0,9.508,3.0,9.508,1.0,0.0,0.0,2025
663967,"Salazar, César",Pit,117,6,6,5.0,9.552,1.0,9.552,1.0,0.0,0.0,2025
664068,"Kingery, Scott",Pit,108,14,14,2.0,9.568,12.0,9.568,1.0,0.0,0.0,2025
678011,"Seigler, Anthony",Pit,158,5,5,2.0,9.683,3.0,9.683,1.0,0.0,0.0,2025
595978,"Hedges, Austin",Pit,114,32,32,11.0,9.705,21.0,9.705,0.96875,0.03125,0.0,2025
681962,"Capra, Vinny",Pit,145,14,14,9.0,9.788,5.0,9.788,1.0,0.0,0.0,2025
660644,"Bruján, Vidal",Pit,144,12,12,4.0,9.952,8.0,9.952,1.0,0.0,0.0,2025
620443,"Torrens, Luis",Pit,121,14,14,11.0,9.968,3.0,9.968,1.0,0.0,0.0,2025
677649,"Duran, Ezequiel",Pit,140,13,13,9.0,9.996,4.0,9.996,1.0,0.0,0.0,2025
680862,"MacIver, Willie",Pit,133,7,7,3.0,10.059,4.0,10.059,1.0,0.0,0.0,2025
645444,"Herrera, Jose",Pit,109,16,16,5.0,10.072,11.0,10.072,1.0,0.0,0.0,2025
669450,"Hummel, Cooper",Pit,117,7,7,3.0,10.113,4.0,10.113,1.0,0.0,0.0,2025
596142,"Sánchez, Gary",Pit,110,11,11,8.0,10.118,3.0,10.118,0.9090909090909092,0.0909090909090909,0.0,2025
489119,"Miley, Wade",Pit,113,102,102,59.0,10.32,43.0,10.32,0.9215686274509804,0.0784313725490196,0.0,2025
641343,"Bauers, Jake",Pit,158,39,39,12.0,10.375,27.0,10.375,1.0,0.0,0.0,2025
542932,"Berti, Jon",Pit,112,28,28,10.0,10.388,18.0,10.388,0.9642857142857144,0.0357142857142857,0.0,2025
686676,"Lee, Korey",Pit,145,18,18,8.0,10.417,10.0,10.417,1.0,0.0,0.0,2025
676609,"Caballero, José",Pit,147,15,15,10.0,10.467,5.0,10.467,0.9333333333333332,0.0666666666666666,0.0,2025
642215,"Wilson, Weston",Pit,143,19,19,12.0,10.5,7.0,10.5,1.0,0.0,0.0,2025
665019,"Clemens, Kody",Pit,142,11,11,3.0,10.527,8.0,10.527,1.0,0.0,0.0,2025
670032,"Lopez, Nicky",Pit,112,5,5,3.0,10.753,2.0,10.753,1.0,0.0,0.0,2025
623168,"Heineman, Tyler",Pit,141,22,22,8.0,10.855,14.0,10.855,1.0,0.0,0.0,2025
672724,"Peraza, Oswald",Pit,108,19,19,9.0,10.924,10.0,10.924,0.9473684210526316,0.0526315789473684,0.0,2025
621028,"Newman, Kevin",Pit,108,13,13,11.0,10.949,2.0,10.949,1.0,0.0,0.0,2025
500743,"Rojas, Miguel",Pit,119,30,30,20.0,11.014,10.0,11.014,0.9666666666666668,0.0333333333333333,0.0,2025
663897,"Williams, Luke",Pit,144,29,29,14.0,11.19,15.0,11.19,1.0,0.0,0.0,2025
650489,"Castro, Willi",Pit,112,7,7,4.0,11.301,3.0,11.301,0.8571428571428571,0.1428571428571428,0.0,2025
571912,"Maile, Luke",Pit,118,6,6,5.0,11.464,1.0,11.464,1.0,0.0,0.0,2025
571771,"Hernández, Enrique",Pit,119,67,67,19.0,11.476,48.0,11.476,0.7910447761194029,0.208955223880597,0.0,2025
608718,"Suter, Brent",Pit,113,485,485,299.0,11.536,186.0,11.536,0.6721649484536083,0.3278350515463917,0.0,2025
668670,"Rogers, Jake",Pit,116,30,30,11.0,11.709,19.0,11.709,0.9666666666666668,0.0333333333333333,0.0,2025
694738,"Roupp, Landen",Pit,137,854,854,526.0,11.86,328.0,11.86,0.6908665105386417,0.3079625292740047,0.0011709601873536,2025
596001,"Junis, Jakob",Pit,114,500,500,309.0,11.875,191.0,11.875,0.72,0.27,0.01,2025
686747,"La Sorsa, Joe",Pit,113,49,49,33.0,11.876,16.0,11.876,0.5510204081632653,0.4285714285714285,0.0204081632653061,2025
683766,"Koss, Christian",Pit,137,19,19,11.0,11.895,8.0,11.895,1.0,0.0,0.0,2025
671106,"Allen, Logan",Pit,114,1220,1220,748.0,11.919,472.0,11.919,0.6254098360655738,0.3737704918032787,0.0008196721311475,2025
681987,"Eaton, Nate",Pit,111,7,7,3.0,11.972,4.0,11.972,1.0,0.0,0.0,2025
596103,"Slater, Austin",Pit,147,6,6,3.0,12.002,3.0,12.002,1.0,0.0,0.0,2025
622569,"Reyes, Pablo",Pit,147,7,7,3.0,12.018,4.0,12.018,1.0,0.0,0.0,2025
607732,"Stallings, Jacob",Pit,110,11,11,9.0,12.024,2.0,12.024,0.9090909090909092,0.0909090909090909,0.0,2025
663795,"Hagenman, Justin",Pit,121,164,164,113.0,12.11,51.0,12.11,0.6951219512195121,0.298780487804878,0.0060975609756097,2025
696270,"Johnson, Ryan",Pit,108,125,125,54.0,12.173,71.0,12.173,0.44,0.56,0.0,2025
640902,"Pereda, Jhonny",Pit,142,33,33,5.0,12.191,28.0,12.191,0.7878787878787878,0.2121212121212121,0.0,2025
571927,"Matz, Steven",Pit,111,512,512,331.0,12.251,181.0,12.251,0.6875,0.3125,0.0,2025
676724,"Young, Jared",Pit,121,6,6,1.0,12.283,5.0,12.283,1.0,0.0,0.0,2025
665665,"Sanmartin, Reiver",Pit,113,10,10,5.0,12.324,5.0,12.324,0.4,0.6,0.0,2025
676701,"Trejo, Alan",Pit,115,9,9,7.0,12.352,2.0,12.352,0.6666666666666666,0.3333333333333333,0.0,2025
624431,"Trevino, Jose",Pit,113,20,20,6.0,12.383,14.0,12.383,1.0,0.0,0.0,2025
657053,"Toussaint, Touki",Pit,108,16,16,8.0,12.385,8.0,12.385,0.625,0.3125,0.0625,2025
628452,"Iglesias, Raisel",Pit,144,388,388,257.0,12.486,131.0,12.486,0.7577319587628866,0.2371134020618556,0.0051546391752577,2025
693821,"Elder, Bryce",Pit,144,1102,1102,745.0,12.548,357.0,12.548,0.5871143375680581,0.411070780399274,0.0018148820326678,2025
663738,"Lynch IV, Daniel",Pit,118,527,527,296.0,12.615,231.0,12.615,0.5787476280834914,0.4193548387096774,0.0018975332068311,2025
663399,"Waddell, Brandon",Pit,121,228,228,132.0,12.625,96.0,12.625,0.4824561403508772,0.5131578947368421,0.0043859649122807,2025
805673,"Matthews, Zebby",Pit,142,547,547,311.0,12.638,236.0,12.638,0.5009140767824497,0.4862888482632541,0.0127970749542961,2025
641540,"Dunning, Dane",Pit,144,170,170,106.0,12.639,64.0,12.639,0.5411764705882353,0.4529411764705882,0.0058823529411764,2025
800311,"Fuentes, Didier",Pit,144,136,136,81.0,12.642,55.0,12.642,0.4705882352941176,0.5294117647058824,0.0,2025
681916,"Smith, Dylan",Pit,116,66,66,44.0,12.69,22.0,12.69,0.5454545454545454,0.4545454545454545,0.0,2025
682990,"Priester, Quinn",Pit,158,1119,1119,737.0,12.745,382.0,12.745,0.548704200178731,0.4459338695263628,0.0053619302949061,2025
445926,"Chavez, Jesse",Pit,144,80,80,49.0,12.771,31.0,12.771,0.65,0.35,0.0,2025
640455,"Manaea, Sean",Pit,121,451,451,299.0,12.811,152.0,12.811,0.6674057649667405,0.3303769401330377,0.0022172949002217,2025
608566,"Márquez, Germán",Pit,115,847,847,507.0,12.908,340.0,12.908,0.5088547815820543,0.48642266824085,0.0047225501770956,2025
663903,"Singer, Brady",Pit,113,1314,1314,803.0,12.922,511.0,12.922,0.5966514459665144,0.4018264840182648,0.0015220700152207,2025
592836,"Walker, Taijuan",Pit,143,930,930,593.0,12.944,337.0,12.944,0.5483870967741935,0.4483870967741935,0.0032258064516129,2025
641745,"Keller, Brad",Pit,112,506,506,314.0,12.957,192.0,12.957,0.5632411067193676,0.4328063241106719,0.0039525691699604,2025
701121,"VanWey, Logan",Pit,117,87,87,45.0,12.966,42.0,12.966,0.5057471264367817,0.4942528735632184,0.0,2025
682995,"Barco, Hunter",Pit,134,16,16,10.0,13.026,6.0,13.026,0.5,0.5,0.0,2025
680885,"Schwellenbach, Spencer",Pit,144,650,650,471.0,13.058,179.0,13.058,0.6384615384615384,0.36,0.0015384615384615,2025
681867,"Criswell, Cooper",Pit,111,120,120,51.0,13.123,69.0,13.123,0.3916666666666666,0.6083333333333333,0.0,2025
607200,"Fedde, Erick",Pit,158,1072,1072,631.0,13.206,441.0,13.206,0.5018656716417911,0.4962686567164179,0.001865671641791,2025
682825,"Mey, Luis",Pit,113,194,194,101.0,13.208,93.0,13.208,0.4587628865979381,0.5360824742268041,0.0051546391752577,2025
690990,"Horton, Cade",Pit,112,730,730,500.0,13.21,230.0,13.21,0.536986301369863,0.4561643835616438,0.0068493150684931,2025
595928,"Curtiss, John",Pit,109,220,220,145.0,13.319,75.0,13.319,0.55,0.4409090909090909,0.009090909090909,2025
690986,"Harrison, Kyle",Pit,111,248,248,159.0,13.352,89.0,13.352,0.5201612903225806,0.4798387096774194,0.0,2025
702070,"Cameron, Noah",Pit,118,967,967,683.0,13.354,284.0,13.354,0.562564632885212,0.4332988624612203,0.0041365046535677,2025
663671,"Enright, Nic",Pit,114,208,208,124.0,13.362,84.0,13.362,0.5192307692307693,0.4759615384615384,0.0048076923076923,2025
543391,"Kelly, Casey",Pit,109,9,9,4.0,13.369,5.0,13.369,0.2222222222222222,0.7777777777777778,0.0,2025
656794,"Newcomb, Sean",Pit,133,686,686,356.0,13.371,330.0,13.371,0.5204081632653061,0.4795918367346938,0.0,2025
641482,"Cortes, Nestor",Pit,135,282,282,195.0,13.376,87.0,13.376,0.549645390070922,0.450354609929078,0.0,2025
621242,"Díaz, Edwin",Pit,121,441,441,267.0,13.395,174.0,13.395,0.5238095238095238,0.4693877551020408,0.0068027210884353,2025
665871,"Assad, Javier",Pit,112,249,249,178.0,13.421,71.0,13.421,0.5582329317269076,0.429718875502008,0.0120481927710843,2025
800048,"Messick, Parker",Pit,114,273,273,172.0,13.424,101.0,13.424,0.4761904761904761,0.5238095238095238,0.0,2025
687075,"Sproat, Brandon",Pit,121,121,121,79.0,13.424,42.0,13.424,0.4958677685950413,0.5041322314049587,0.0,2025
669449,"Palisch, Jake",Pit,145,10,10,2.0,13.428,8.0,13.428,0.1,0.9,0.0,2025
693855,"Seymour, Ian",Pit,139,422,422,238.0,13.439,184.0,13.439,0.462085308056872,0.5355450236966824,0.0023696682464454,2025
690928,"Dobbins, Hunter",Pit,111,416,416,265.0,13.447,151.0,13.447,0.5264423076923077,0.4663461538461538,0.0072115384615384,2025
695445,"Lee, Chase",Pit,116,297,297,186.0,13.471,111.0,13.471,0.6296296296296297,0.3703703703703703,0.0,2025
683155,"Estes, Joey",Pit,133,74,74,44.0,13.491,30.0,13.491,0.4189189189189189,0.581081081081081,0.0,2025
669674,"Long, Sam",Pit,118,339,339,189.0,13.491,150.0,13.491,0.4690265486725664,0.5191740412979351,0.0117994100294985,2025
685326,"Brown, McCade",Pit,115,216,216,140.0,13.501,76.0,13.501,0.4583333333333333,0.5416666666666666,0.0,2025
668678,"Gallen, Zac",Pit,109,1405,1405,933.0,13.511,472.0,13.511,0.5288256227758007,0.4669039145907473,0.0042704626334519,2025
680837,"Fitzgerald, Ryan",Pit,142,12,12,5.0,13.517,7.0,13.517,0.5,0.5,0.0,2025
669721,"Daniel, Davis",Pit,144,75,75,29.0,13.518,46.0,13.518,0.3066666666666666,0.6933333333333334,0.0,2025
657277,"Webb, Logan",Pit,137,1479,1479,866.0,13.536,613.0,13.536,0.5456389452332657,0.45368492224476,0.0006761325219743,2025
695549,"Jobe, Jackson",Pit,116,397,397,218.0,13.538,179.0,13.538,0.4332493702770781,0.5617128463476071,0.0050377833753148,2025
519008,"McFarland, T.J.",Pit,133,126,126,49.0,13.55,77.0,13.55,0.4444444444444444,0.5476190476190477,0.0079365079365079,2025
657612,"Hill, Tim",Pit,147,379,379,203.0,13.556,176.0,13.556,0.6306068601583114,0.366754617414248,0.0026385224274406,2025
669308,"Reynolds, Sean",Pit,135,236,236,141.0,13.57,95.0,13.57,0.461864406779661,0.5296610169491526,0.0084745762711864,2025
642759,"Fernández, Julian",Pit,120,36,36,34.0,13.58,2.0,13.58,0.5833333333333334,0.4166666666666667,0.0,2025
701519,"Adams, Travis",Pit,142,276,276,170.0,13.593,106.0,13.593,0.4565217391304347,0.5362318840579711,0.0072463768115942,2025
664747,"Díaz, Alexis",Pit,144,149,149,88.0,13.616,61.0,13.616,0.5369127516778524,0.4630872483221476,0.0,2025
622503,"Crismatt, Nabil",Pit,109,240,240,145.0,13.629,95.0,13.629,0.5041666666666667,0.4916666666666666,0.0041666666666666,2025
680604,"Castaño, Blas",Pit,136,21,21,15.0,13.635,6.0,13.635,0.6190476190476191,0.3809523809523809,0.0,2025
657240,"Merryweather, Julian",Pit,112,151,151,85.0,13.636,66.0,13.636,0.423841059602649,0.5761589403973509,0.0,2025
608665,"Graveman, Kendall",Pit,109,151,151,76.0,13.643,75.0,13.643,0.5496688741721855,0.4503311258278146,0.0,2025
806185,"Birdsong, Hayden",Pit,137,520,520,336.0,13.646,184.0,13.646,0.473076923076923,0.5269230769230769,0.0,2025
643361,"Herget, Kevin",Pit,121,89,89,44.0,13.649,45.0,13.649,0.6404494382022472,0.348314606741573,0.0112359550561797,2025
663687,"Harris, Hogan",Pit,133,499,499,259.0,13.658,240.0,13.658,0.4288577154308617,0.5691382765531062,0.002004008016032,2025
687911,"King, Bryan",Pit,117,452,452,292.0,13.667,160.0,13.667,0.5641592920353983,0.4358407079646018,0.0,2025
668984,"Legumina, Casey",Pit,136,372,372,207.0,13.674,165.0,13.674,0.510752688172043,0.478494623655914,0.010752688172043,2025
669456,"Bieber, Shane",Pit,141,302,302,239.0,13.694,63.0,13.694,0.543046357615894,0.4503311258278146,0.0066225165562913,2025
592866,"Williams, Trevor",Pit,120,645,645,400.0,13.698,245.0,13.698,0.4806201550387597,0.5162790697674419,0.0031007751937984,2025
691094,"Wynne, Randy",Pit,113,17,17,8.0,13.698,9.0,13.698,0.6470588235294118,0.3529411764705882,0.0,2025
656557,"Houck, Tanner",Pit,111,354,354,208.0,13.715,146.0,13.715,0.4943502824858757,0.5028248587570622,0.0028248587570621,2025
676661,"Lazar, Max",Pit,143,289,289,180.0,13.732,109.0,13.732,0.4671280276816609,0.532871972318339,0.0,2025
678226,"Hernández, Daysbel",Pit,144,315,315,170.0,13.74,145.0,13.74,0.5619047619047619,0.4317460317460317,0.0063492063492063,2025
607625,"Lugo, Seth",Pit,118,1122,1122,718.0,13.745,404.0,13.745,0.5311942959001783,0.4661319073083779,0.0026737967914438,2025
701552,"Granillo, Andre",Pit,138,155,155,90.0,13.752,65.0,13.752,0.4580645161290322,0.5419354838709678,0.0,2025
656849,"Peterson, David",Pit,121,1202,1202,783.0,13.754,419.0,13.754,0.4792013311148086,0.519134775374376,0.0016638935108153,2025
694361,"Klein, Will",Pit,119,141,141,87.0,13.755,54.0,13.755,0.3617021276595745,0.624113475177305,0.0141843971631205,2025
700363,"Smith-Shawver, AJ",Pit,144,311,311,197.0,13.782,114.0,13.782,0.4855305466237942,0.5144694533762058,0.0,2025
660730,"Rodríguez, Elvin",Pit,110,161,161,107.0,13.782,54.0,13.782,0.4782608695652174,0.5217391304347826,0.0,2025
448179,"Hill, Rich",Pit,118,86,86,48.0,13.813,38.0,13.813,0.4302325581395348,0.5465116279069767,0.0232558139534883,2025
656629,"Kopech, Michael",Pit,119,108,108,60.0,13.851,48.0,13.851,0.3796296296296296,0.6203703703703703,0.0,2025
477132,"Kershaw, Clayton",Pit,119,793,793,544.0,13.865,249.0,13.865,0.4640605296343001,0.5346784363177806,0.0012610340479192,2025
685299,"Gordon, Tanner",Pit,115,470,470,299.0,13.875,171.0,13.875,0.4872340425531914,0.5127659574468085,0.0,2025
676467,"Gordon, Colton",Pit,117,608,608,434.0,13.888,174.0,13.888,0.4950657894736842,0.5049342105263158,0.0,2025
571760,"Heaney, Andrew",Pit,119,952,952,624.0,13.903,328.0,13.903,0.4842436974789916,0.5147058823529411,0.0010504201680672,2025
641927,"Ober, Bailey",Pit,142,997,997,698.0,13.933,299.0,13.933,0.4764292878635908,0.5215646940822467,0.0020060180541624,2025
666120,"Anderson, Ian",Pit,108,87,87,51.0,13.933,36.0,13.933,0.4022988505747126,0.5977011494252874,0.0,2025
593974,"Peralta, Wandy",Pit,135,488,488,272.0,13.957,216.0,13.957,0.4282786885245901,0.569672131147541,0.0020491803278688,2025
669084,"Hall, DL",Pit,158,281,281,203.0,13.965,78.0,13.965,0.5195729537366548,0.4733096085409252,0.0071174377224199,2025
681347,"Burrows, Mike",Pit,134,654,654,430.0,13.969,224.0,13.969,0.4617737003058104,0.5321100917431193,0.0061162079510703,2025
694918,"Tidwell, Blade",Pit,121,147,147,81.0,13.971,66.0,13.971,0.4285714285714285,0.564625850340136,0.0068027210884353,2025
695418,"Lord, Brad",Pit,120,930,930,593.0,13.975,337.0,13.975,0.4451612903225806,0.5548387096774193,0.0,2025
594902,"Lively, Ben",Pit,114,319,319,233.0,13.983,86.0,13.983,0.5203761755485894,0.4796238244514106,0.0,2025
665795,"Cabrera, Edward",Pit,146,1004,1004,708.0,13.985,296.0,13.985,0.4571713147410358,0.5328685258964143,0.0099601593625498,2025
694646,"McDermott, Chayce",Pit,110,106,106,44.0,13.989,62.0,13.989,0.3584905660377358,0.6415094339622641,0.0,2025
688497,"Rashi, Taylor",Pit,109,164,164,90.0,13.993,74.0,13.993,0.3902439024390244,0.6036585365853658,0.0060975609756097,2025
669707,"Triolo, Jared",Pit,134,9,9,3.0,13.999,6.0,13.999,1.0,0.0,0.0,2025
701581,"Festa, David",Pit,142,349,349,258.0,14.0,91.0,14.0,0.4527220630372492,0.5358166189111748,0.0114613180515759,2025
671922,"Smith, Cade",Pit,114,483,483,311.0,14.004,172.0,14.004,0.5320910973084886,0.463768115942029,0.0041407867494824,2025
690997,"McLean, Nolan",Pit,121,351,351,242.0,14.005,109.0,14.005,0.4786324786324786,0.5156695156695157,0.0056980056980056,2025
687863,"Hodge, Porter",Pit,112,276,276,165.0,14.013,111.0,14.013,0.427536231884058,0.5579710144927537,0.0144927536231884,2025
694462,"Waldrep, Hurston",Pit,144,395,395,273.0,14.022,122.0,14.022,0.4556962025316455,0.5417721518987342,0.0025316455696202,2025
622663,"Severino, Luis",Pit,133,1214,1214,726.0,14.029,488.0,14.029,0.4060955518945634,0.5897858319604613,0.0041186161449752,2025
696131,"Black, Mason",Pit,137,26,26,12.0,14.031,14.0,14.031,0.3076923076923077,0.6923076923076923,0.0,2025
592254,"De León, José",Pit,111,41,41,30.0,14.046,11.0,14.046,0.4878048780487805,0.5121951219512195,0.0,2025
684974,"Yoho, Craig",Pit,158,89,89,42.0,14.06,47.0,14.06,0.4044943820224719,0.5955056179775281,0.0,2025
663465,"Allard, Kolby",Pit,114,435,435,284.0,14.072,151.0,14.072,0.5310344827586206,0.4689655172413793,0.0,2025
669854,"Blanco, Ronel",Pit,117,364,364,240.0,14.072,124.0,14.072,0.4148351648351648,0.5824175824175825,0.0027472527472527,2025
815083,"Farris, Mitch",Pit,108,167,167,110.0,14.082,57.0,14.082,0.562874251497006,0.4311377245508982,0.0059880239520958,2025
681676,"Fernandez, Ryan",Pit,138,206,206,107.0,14.103,99.0,14.103,0.4077669902912621,0.587378640776699,0.0048543689320388,2025
675512,"Melton, Troy",Pit,116,281,281,176.0,14.106,105.0,14.106,0.4199288256227758,0.5800711743772242,0.0,2025
643511,"Rogers, Tyler",Pit,121,391,391,254.0,14.109,137.0,14.109,0.4961636828644501,0.5012787723785166,0.0025575447570332,2025
680736,"Wrobleski, Justin",Pit,119,456,456,276.0,14.111,180.0,14.111,0.4407894736842105,0.5592105263157895,0.0,2025
674841,"Alvarez, Andrew",Pit,120,209,209,137.0,14.145,72.0,14.145,0.4641148325358851,0.5311004784688995,0.0047846889952153,2025
571510,"Boyd, Matthew",Pit,112,1131,1131,793.0,14.153,338.0,14.153,0.4491600353669319,0.5419982316534041,0.008841732979664,2025
681892,"Funderburk, Kody",Pit,142,338,338,172.0,14.158,166.0,14.158,0.5266272189349113,0.4644970414201183,0.0088757396449704,2025
674370,"Bido, Osvaldo",Pit,133,585,585,330.0,14.161,255.0,14.161,0.3264957264957265,0.6683760683760683,0.0051282051282051,2025
669062,"Miller, Erik",Pit,137,202,202,83.0,14.163,119.0,14.163,0.3465346534653465,0.6435643564356436,0.0099009900990099,2025
593833,"Suero, Wander",Pit,144,62,62,28.0,14.164,34.0,14.164,0.4354838709677419,0.5645161290322581,0.0,2025
606303,"Payamps, Joel",Pit,144,221,221,126.0,14.165,95.0,14.165,0.4389140271493212,0.5565610859728507,0.004524886877828,2025
800049,"Mazur, Adam",Pit,146,197,197,106.0,14.172,91.0,14.172,0.3705583756345177,0.6294416243654822,0.0,2025
548384,"Raley, Brooks",Pit,121,189,189,117.0,14.181,72.0,14.181,0.4761904761904761,0.5238095238095238,0.0,2025
647336,"Soroka, Michael",Pit,112,682,682,453.0,14.213,229.0,14.213,0.4281524926686217,0.5659824046920822,0.0058651026392961,2025
608379,"Wacha, Michael",Pit,118,1131,1131,741.0,14.228,390.0,14.228,0.4394341290893015,0.5526083112290009,0.0079575596816976,2025
694363,"Shuster, Jared",Pit,145,107,107,54.0,14.231,53.0,14.231,0.2990654205607476,0.7009345794392523,0.0,2025
534910,"Hahn, Jesse",Pit,136,38,38,16.0,14.232,22.0,14.232,0.3157894736842105,0.6842105263157895,0.0,2025
676979,"Crochet, Garrett",Pit,111,1290,1290,897.0,14.245,393.0,14.245,0.448062015503876,0.5434108527131783,0.0085271317829457,2025
642048,"Saucedo, Tayler",Pit,136,105,105,62.0,14.246,43.0,14.246,0.419047619047619,0.580952380952381,0.0,2025
663546,"Hjelle, Sean",Pit,137,127,127,78.0,14.246,49.0,14.246,0.3779527559055118,0.6220472440944882,0.0,2025
660604,"Rangel, Alan",Pit,143,83,83,46.0,14.262,37.0,14.262,0.4216867469879518,0.5783132530120482,0.0,2025
666200,"Luzardo, Jesús",Pit,143,1282,1282,876.0,14.262,406.0,14.262,0.4797191887675507,0.5140405616224649,0.0062402496099844,2025
663969,"Phillips, Tyler",Pit,146,467,467,309.0,14.263,158.0,14.263,0.4154175588865096,0.5781584582441114,0.006423982869379,2025
687931,"Whisenhunt, Carson",Pit,137,171,171,103.0,14.272,68.0,14.272,0.391812865497076,0.6081871345029239,0.0,2025
656605,"Keller, Mitch",Pit,134,1242,1242,829.0,14.274,413.0,14.274,0.4339774557165861,0.5636070853462157,0.002415458937198,2025
621383,"Banks, Tanner",Pit,143,453,453,291.0,14.277,162.0,14.277,0.5033112582781457,0.4944812362030905,0.0022075055187637,2025
687134,"Blalock, Bradley",Pit,115,447,447,286.0,14.283,161.0,14.283,0.4205816554809843,0.5749440715883669,0.0044742729306487,2025
806960,"Morales, Luis",Pit,133,390,390,244.0,14.285,146.0,14.285,0.4538461538461538,0.5461538461538461,0.0,2025
605288,"Houser, Adrian",Pit,139,800,800,515.0,14.317,285.0,14.317,0.4275,0.57125,0.00125,2025
592791,"Taillon, Jameson",Pit,112,865,865,645.0,14.337,220.0,14.337,0.4947976878612716,0.5040462427745664,0.0011560693641618,2025
573186,"Stroman, Marcus",Pit,147,321,321,206.0,14.341,115.0,14.341,0.4579439252336448,0.5327102803738317,0.0093457943925233,2025
596295,"Gomber, Austin",Pit,115,420,420,265.0,14.344,155.0,14.344,0.3880952380952381,0.6095238095238096,0.0023809523809523,2025
693313,"Seymour, Carson",Pit,137,303,303,208.0,14.346,95.0,14.346,0.4818481848184818,0.5181518151815182,0.0,2025
660761,"Suarez, José",Pit,144,132,132,84.0,14.359,48.0,14.359,0.3636363636363636,0.6287878787878788,0.0075757575757575,2025
670156,"Mastrobuoni, Miles",Pit,136,12,12,5.0,14.364,7.0,14.364,0.75,0.25,0.0,2025
646242,"Díaz, Jhonathan",Pit,136,11,11,6.0,14.367,5.0,14.367,0.4545454545454545,0.5454545454545454,0.0,2025
623211,"Brazobán, Huascar",Pit,121,413,413,220.0,14.372,193.0,14.372,0.4527845036319612,0.5423728813559322,0.0048426150121065,2025
605507,"Thompson, Zach",Pit,144,27,27,25.0,14.374,2.0,14.374,0.5925925925925926,0.4074074074074074,0.0,2025
656257,"Brigham, Jeff",Pit,109,27,27,6.0,14.376,21.0,14.376,0.2592592592592592,0.7407407407407407,0.0,2025
668881,"Greene, Hunter",Pit,113,679,679,511.0,14.381,168.0,14.381,0.471281296023564,0.5287187039764359,0.0,2025
669920,"Alexander, Jason",Pit,117,598,598,421.0,14.392,177.0,14.392,0.4632107023411371,0.5367892976588629,0.0,2025
691548,"Muñoz, Rolddy",Pit,144,35,35,9.0,14.394,26.0,14.394,0.2571428571428571,0.7428571428571429,0.0,2025
669060,"Wilson, Bryse",Pit,145,376,376,213.0,14.412,163.0,14.412,0.3803191489361702,0.6117021276595744,0.0079787234042553,2025
688138,"Evans, Logan",Pit,136,629,629,391.0,14.414,238.0,14.414,0.4292527821939587,0.5675675675675675,0.0031796502384737,2025
657006,"Steele, Justin",Pit,112,129,129,90.0,14.425,39.0,14.425,0.4418604651162791,0.5581395348837209,0.0,2025
621111,"Buehler, Walker",Pit,143,997,997,616.0,14.435,381.0,14.435,0.4142427281845536,0.5837512537612839,0.0020060180541624,2025
672710,"Contreras, Roansy",Pit,115,87,87,63.0,14.435,24.0,14.435,0.4482758620689655,0.5517241379310345,0.0,2025
669432,"Rogers, Trevor",Pit,110,638,638,436.0,14.438,202.0,14.438,0.4200626959247649,0.5752351097178683,0.0047021943573667,2025
663554,"Mize, Casey",Pit,116,998,998,642.0,14.444,356.0,14.444,0.4118236472945892,0.5871743486973948,0.001002004008016,2025
663878,"Pearson, Nate",Pit,112,123,123,74.0,14.446,49.0,14.446,0.4390243902439024,0.5609756097560976,0.0,2025
680702,"Gerber, Joey",Pit,139,28,28,24.0,14.454,4.0,14.454,0.6785714285714286,0.2857142857142857,0.0357142857142857,2025
663855,"Hicks, Jordan",Pit,111,532,532,327.0,14.469,205.0,14.469,0.5112781954887218,0.4868421052631579,0.0018796992481203,2025
655889,"Rodríguez, Manuel",Pit,139,177,177,95.0,14.473,82.0,14.473,0.3785310734463277,0.615819209039548,0.0056497175141242,2025
687888,"Walter, Brandon",Pit,117,354,354,267.0,14.476,87.0,14.476,0.4689265536723164,0.5310734463276836,0.0,2025
691172,"Zulueta, Yosver",Pit,113,53,53,35.0,14.483,18.0,14.483,0.4339622641509434,0.5471698113207547,0.0188679245283018,2025
621121,"McCullers Jr., Lance",Pit,117,546,546,311.0,14.485,235.0,14.485,0.3791208791208791,0.6153846153846154,0.0054945054945054,2025
687209,"Maxwell, Zach",Pit,113,74,74,44.0,14.49,30.0,14.49,0.4594594594594595,0.5405405405405406,0.0,2025
605154,"Brebbia, John",Pit,144,197,197,90.0,14.508,107.0,14.508,0.2690355329949238,0.7309644670050761,0.0,2025
570632,"Ureña, José",Pit,108,402,402,256.0,14.52,146.0,14.52,0.3980099502487562,0.6019900497512438,0.0,2025
669373,"Skubal, Tarik",Pit,116,1091,1091,793.0,14.545,298.0,14.545,0.4152153987167736,0.5765352887259395,0.0082493125572868,2025
677952,"Ashcraft, Braxton",Pit,134,437,437,271.0,14.555,166.0,14.555,0.3661327231121281,0.631578947368421,0.0022883295194508,2025
657514,"Bernardino, Brennan",Pit,111,380,380,192.0,14.56,188.0,14.56,0.35,0.6394736842105263,0.0105263157894736,2025
676684,"Vest, Will",Pit,116,480,480,264.0,14.571,216.0,14.571,0.3895833333333333,0.6083333333333333,0.0020833333333333,2025
622491,"Castillo, Luis",Pit,136,1259,1259,777.0,14.581,482.0,14.581,0.363780778395552,0.636219221604448,0.0,2025
689147,"Kerkering, Orion",Pit,143,509,509,255.0,14.592,254.0,14.592,0.4302554027504912,0.5638506876227898,0.005893909626719,2025
596271,"Lawrence, Casey",Pit,136,123,123,68.0,14.594,55.0,14.594,0.3495934959349593,0.6422764227642277,0.008130081300813,2025
702352,"Bivens, Spencer",Pit,137,557,557,325.0,14.608,232.0,14.608,0.3662477558348294,0.6283662477558348,0.0053859964093357,2025
676508,"Casparius, Ben",Pit,119,528,528,338.0,14.615,190.0,14.615,0.3731060606060606,0.625,0.0018939393939393,2025
622786,"Tinoco, Jesus",Pit,146,143,143,72.0,14.616,71.0,14.616,0.4055944055944055,0.5804195804195804,0.0139860139860139,2025
682254,"Montgomery, Mason",Pit,139,331,331,160.0,14.622,171.0,14.622,0.3293051359516616,0.6706948640483383,0.0,2025
622608,"Senzatela, Antonio",Pit,115,1007,1007,539.0,14.625,468.0,14.625,0.3227408142999007,0.6752730883813307,0.0019860973187686,2025
676962,"Brown, Ben",Pit,112,751,751,468.0,14.637,283.0,14.637,0.3635153129161118,0.6338215712383488,0.0026631158455392,2025
663568,"Kolek, Stephen",Pit,118,772,772,540.0,14.64,232.0,14.64,0.4080310880829015,0.5893782383419689,0.0025906735751295,2025
671096,"Abbott, Andrew",Pit,113,1131,1131,744.0,14.649,387.0,14.649,0.3996463306808134,0.5977011494252874,0.0026525198938992,2025
690953,"Abel, Mick",Pit,142,307,307,199.0,14.65,108.0,14.65,0.3745928338762215,0.6188925081433225,0.006514657980456,2025
519141,"Pomeranz, Drew",Pit,112,321,321,198.0,14.658,123.0,14.658,0.3925233644859813,0.6074766355140186,0.0,2025
676254,"Walker, Ryan",Pit,137,478,478,273.0,14.675,205.0,14.675,0.4225941422594142,0.5753138075313807,0.002092050209205,2025
672282,"Detmers, Reid",Pit,108,462,462,284.0,14.677,178.0,14.677,0.3658008658008658,0.6320346320346321,0.0021645021645021,2025
669724,"Hanifee, Brenan",Pit,116,435,435,228.0,14.688,207.0,14.688,0.3195402298850575,0.6804597701149425,0.0,2025
674944,"Guenther, Sean",Pit,116,77,77,53.0,14.707,24.0,14.707,0.4285714285714285,0.5714285714285714,0.0,2025
695505,"Burns, Chase",Pit,113,296,296,199.0,14.707,97.0,14.707,0.3986486486486486,0.6013513513513513,0.0,2025
697812,"Rock, Joe",Pit,139,68,68,29.0,14.712,39.0,14.712,0.3088235294117647,0.6911764705882353,0.0,2025
666374,"Brash, Matt",Pit,136,392,392,226.0,14.713,166.0,14.713,0.4158163265306122,0.5816326530612245,0.0025510204081632,2025
608032,"Estévez, Carlos",Pit,118,441,441,233.0,14.73,208.0,14.73,0.3673469387755102,0.6281179138321995,0.0045351473922902,2025
670810,"Gillaspie, Logan",Pit,135,43,43,28.0,14.731,15.0,14.731,0.3720930232558139,0.627906976744186,0.0,2025
663436,"Martin, Davis",Pit,145,962,962,637.0,14.733,325.0,14.733,0.4417879417879418,0.5550935550935551,0.0031185031185031,2025
623149,"Sewald, Paul",Pit,116,144,144,78.0,14.733,66.0,14.733,0.375,0.625,0.0,2025
689017,"Knack, Landon",Pit,119,337,337,222.0,14.741,115.0,14.741,0.3560830860534125,0.6379821958456974,0.0059347181008902,2025
671737,"Bradley, Taj",Pit,142,983,983,653.0,14.75,330.0,14.75,0.3621566632756867,0.6317395727365208,0.0061037639877924,2025
667463,"King, John",Pit,138,328,328,175.0,14.753,153.0,14.753,0.399390243902439,0.5975609756097561,0.0030487804878048,2025
681517,"Leahy, Kyle",Pit,138,550,550,330.0,14.757,220.0,14.757,0.3927272727272727,0.6018181818181818,0.0054545454545454,2025
593958,"Rodriguez, Eduardo",Pit,109,1148,1148,735.0,14.765,413.0,14.765,0.3684668989547038,0.6306620209059234,0.0008710801393728,2025
571945,"Mikolas, Miles",Pit,138,1093,1093,744.0,14.765,349.0,14.765,0.3833485818847209,0.616651418115279,0.0,2025
677976,"Dobnak, Randy",Pit,142,39,39,28.0,14.769,11.0,14.769,0.4102564102564102,0.5897435897435898,0.0,2025
686751,"Johnson, Seth",Pit,143,83,83,53.0,14.771,30.0,14.771,0.3734939759036144,0.6265060240963856,0.0,2025
607481,"Bummer, Aaron",Pit,144,425,425,234.0,14.781,191.0,14.781,0.36,0.6376470588235295,0.0023529411764705,2025
621107,"Eflin, Zach",Pit,110,488,488,336.0,14.782,152.0,14.782,0.3688524590163934,0.6270491803278688,0.0040983606557377,2025
686642,"Ellard, Fraser",Pit,145,141,141,68.0,14.791,73.0,14.791,0.3262411347517731,0.6666666666666666,0.0070921985815602,2025
691799,"Taylor, Grant",Pit,145,250,250,141.0,14.801,109.0,14.801,0.332,0.66,0.008,2025
661527,"Martinez, Seth",Pit,146,54,54,39.0,14.808,15.0,14.808,0.3703703703703703,0.6296296296296297,0.0,2025
694477,"Patrick, Chad",Pit,158,857,857,549.0,14.818,308.0,14.818,0.3395565927654609,0.6557759626604434,0.0046674445740956,2025
663978,"Paddack, Chris",Pit,116,1066,1066,750.0,14.822,316.0,14.822,0.3705440900562852,0.6228893058161351,0.0065666041275797,2025
660896,"Alcala, Jorge",Pit,138,445,445,250.0,14.831,195.0,14.831,0.3123595505617977,0.6831460674157304,0.0044943820224719,2025
645261,"Alcantara, Sandy",Pit,146,1198,1198,775.0,14.837,423.0,14.837,0.3889816360601001,0.6076794657762938,0.003338898163606,2025
656458,"Gilbreath, Lucas",Pit,115,9,9,9.0,14.852,,14.852,0.6666666666666666,0.3333333333333333,0.0,2025
681190,"Vásquez, Randy",Pit,135,959,959,622.0,14.854,337.0,14.854,0.3555787278415016,0.643378519290928,0.0010427528675703,2025
677020,"Walker, Josh",Pit,141,43,43,14.0,14.858,29.0,14.858,0.1627906976744186,0.8372093023255814,0.0,2025
571578,"Corbin, Patrick",Pit,140,1119,1119,732.0,14.868,387.0,14.868,0.3476318141197497,0.6487935656836461,0.0035746201966041,2025
676477,"Whitlock, Garrett",Pit,111,464,464,266.0,14.869,198.0,14.869,0.3426724137931034,0.6530172413793104,0.0043103448275862,2025
571948,"Milner, Hoby",Pit,140,559,559,327.0,14.875,232.0,14.875,0.3613595706618962,0.6350626118067979,0.0035778175313059,2025
672841,"Vargas, Carlos",Pit,136,459,459,242.0,14.879,217.0,14.879,0.3464052287581699,0.6470588235294118,0.0065359477124183,2025
676282,"Cantillo, Joey",Pit,114,754,754,505.0,14.887,249.0,14.887,0.376657824933687,0.6206896551724138,0.0026525198938992,2025
675650,"Mercado, Michael",Pit,143,42,42,17.0,14.889,25.0,14.889,0.238095238095238,0.7142857142857143,0.0476190476190476,2025
605218,"Edwards Jr., Carl",Pit,140,39,39,22.0,14.894,17.0,14.894,0.3076923076923077,0.6923076923076923,0.0,2025
686701,"Bergert, Ryan",Pit,118,580,580,388.0,14.896,192.0,14.896,0.3551724137931034,0.6448275862068965,0.0,2025
681982,"Anderson, Grant",Pit,158,519,519,264.0,14.902,255.0,14.902,0.2832369942196532,0.7148362235067437,0.001926782273603,2025
668941,"Romero, JoJo",Pit,138,469,469,244.0,14.905,225.0,14.905,0.3454157782515991,0.6481876332622601,0.0063965884861407,2025
643338,"Green, Chad",Pit,141,293,293,178.0,14.929,115.0,14.929,0.3720136518771331,0.6245733788395904,0.0034129692832764,2025
680684,"Hoglund, Gunnar",Pit,133,256,256,168.0,14.929,88.0,14.929,0.33203125,0.6640625,0.00390625,2025
664139,"Gibaut, Ian",Pit,113,167,167,112.0,14.937,55.0,14.937,0.3473053892215569,0.6467065868263473,0.0059880239520958,2025
543859,"Tonkin, Michael",Pit,142,184,184,100.0,14.951,84.0,14.951,0.3423913043478261,0.6467391304347826,0.0108695652173913,2025
686993,"Sterner, Justin",Pit,133,450,450,259.0,14.955,191.0,14.955,0.3244444444444444,0.6711111111111111,0.0044444444444444,2025
688107,"Gasser, Robert",Pit,158,47,47,24.0,14.972,23.0,14.972,0.2553191489361702,0.7446808510638298,0.0,2025
687849,"Kent, Zak",Pit,114,138,138,80.0,14.974,58.0,14.974,0.3260869565217391,0.6739130434782609,0.0,2025
679775,"Backhus, Kyle",Pit,109,200,200,108.0,14.983,92.0,14.983,0.3,0.7,0.0,2025
686563,"Cannon, Jonathan",Pit,145,768,768,477.0,14.983,291.0,14.983,0.3294270833333333,0.6640625,0.0065104166666666,2025
657424,"Gage, Matt",Pit,137,228,228,125.0,14.985,103.0,14.985,0.2850877192982456,0.7149122807017544,0.0,2025
661563,"Gil, Luis",Pit,147,448,448,255.0,14.993,193.0,14.993,0.3013392857142857,0.6986607142857143,0.0,2025
668716,"Murdock, Noah",Pit,133,195,195,76.0,14.998,119.0,14.998,0.2769230769230769,0.717948717948718,0.0051282051282051,2025
663992,"Lovelady, Richard",Pit,121,95,95,47.0,14.998,48.0,14.998,0.2842105263157894,0.7157894736842105,0.0,2025
573124,"Rogers, Taylor",Pit,112,422,422,244.0,15.003,178.0,15.003,0.2962085308056872,0.6990521327014217,0.0047393364928909,2025
681857,"Olson, Reese",Pit,116,535,535,368.0,15.008,167.0,15.008,0.3457943925233644,0.6523364485981309,0.0018691588785046,2025
685068,"Ragsdale, Carson",Pit,110,36,36,17.0,15.01,19.0,15.01,0.25,0.75,0.0,2025
542881,"Anderson, Tyler",Pit,108,974,974,606.0,15.014,368.0,15.014,0.3285420944558521,0.6683778234086243,0.0030800821355236,2025
680732,"Burke, Sean",Pit,145,992,992,653.0,15.065,339.0,15.065,0.3256048387096774,0.6653225806451613,0.0090725806451612,2025
663623,"Irvin, Jake",Pit,120,1332,1332,835.0,15.075,497.0,15.075,0.3085585585585585,0.6884384384384384,0.003003003003003,2025
607067,"Rea, Colin",Pit,112,1127,1127,784.0,15.08,343.0,15.08,0.35226264418811,0.6441881100266194,0.0035492457852706,2025
606965,"Devenski, Chris",Pit,121,127,127,87.0,15.08,40.0,15.08,0.4015748031496063,0.5984251968503937,0.0,2025
605463,"Scott, Tayler",Pit,117,243,243,147.0,15.083,96.0,15.083,0.3086419753086419,0.691358024691358,0.0,2025
676106,"Hancock, Emerson",Pit,136,590,590,380.0,15.097,210.0,15.097,0.3508474576271186,0.6474576271186441,0.0016949152542372,2025
593576,"Neris, Héctor",Pit,117,234,234,135.0,15.099,99.0,15.099,0.3247863247863248,0.6709401709401709,0.0042735042735042,2025
668970,"Hollowell, Gavin",Pit,112,81,81,44.0,15.099,37.0,15.099,0.3580246913580246,0.6419753086419753,0.0,2025
678024,"Vasil, Mike",Pit,145,744,744,441.0,15.102,303.0,15.102,0.2862903225806452,0.7110215053763441,0.0026881720430107,2025
678821,"Peralta, Luis",Pit,115,204,204,88.0,15.105,116.0,15.105,0.3333333333333333,0.6666666666666666,0.0,2025
679883,"Avila, Luinder",Pit,118,89,89,55.0,15.109,34.0,15.109,0.348314606741573,0.651685393258427,0.0,2025
621057,"Garza, Justin",Pit,121,39,39,13.0,15.12,26.0,15.12,0.1282051282051282,0.8717948717948718,0.0,2025
676428,"Hurter, Brant",Pit,116,479,479,282.0,15.124,197.0,15.124,0.2776617954070981,0.7223382045929019,0.0,2025
685126,"Eisert, Brandon",Pit,145,546,546,335.0,15.134,211.0,15.134,0.3663003663003663,0.6336996336996337,0.0,2025
573009,"Mantiply, Joe",Pit,109,90,90,39.0,15.142,51.0,15.142,0.2222222222222222,0.7777777777777778,0.0,2025
641816,"Mahle, Tyler",Pit,140,594,594,344.0,15.147,250.0,15.147,0.2861952861952861,0.7121212121212122,0.0016835016835016,2025
650633,"King, Michael",Pit,135,589,589,380.0,15.154,209.0,15.154,0.2920203735144312,0.7062818336162988,0.0016977928692699,2025
667755,"Soriano, José",Pit,108,1249,1249,787.0,15.155,462.0,15.155,0.3082465972778223,0.6861489191353083,0.0056044835868694,2025
676974,"Meyer, Max",Pit,146,452,452,289.0,15.159,163.0,15.159,0.3053097345132743,0.6836283185840708,0.0110619469026548,2025
676775,"Winn, Keaton",Pit,137,64,64,43.0,15.182,21.0,15.182,0.328125,0.65625,0.015625,2025
669459,"Nelson, Kyle",Pit,109,22,22,7.0,15.185,15.0,15.185,0.1363636363636363,0.8636363636363636,0.0,2025
686790,"McDonald, Trevor",Pit,137,89,89,63.0,15.186,26.0,15.186,0.2921348314606741,0.6966292134831461,0.0112359550561797,2025
624133,"Suarez, Ranger",Pit,143,1067,1067,661.0,15.192,406.0,15.192,0.3186504217432052,0.676663542642924,0.0046860356138706,2025
694297,"Pfaadt, Brandon",Pit,109,1267,1267,781.0,15.194,486.0,15.194,0.2825572217837411,0.7142857142857143,0.0031570639305445,2025
687223,"Palmquist, Carson",Pit,115,326,326,181.0,15.202,145.0,15.202,0.2576687116564417,0.7392638036809815,0.0030674846625766,2025
680573,"Woods Richardson, Simeon",Pit,142,804,804,541.0,15.203,263.0,15.203,0.3208955223880597,0.6766169154228856,0.0024875621890547,2025
607259,"Martinez, Nick",Pit,113,1133,1133,797.0,15.205,336.0,15.205,0.3300970873786408,0.6654898499558694,0.0044130626654898,2025
669211,"Akin, Keegan",Pit,110,421,421,250.0,15.206,171.0,15.206,0.2945368171021377,0.7030878859857482,0.002375296912114,2025
670183,"Acton, Garrett",Pit,139,11,11,4.0,15.206,7.0,15.206,0.1818181818181818,0.8181818181818182,0.0,2025
641672,"Hatch, Thomas",Pit,142,251,251,171.0,15.209,80.0,15.209,0.3266932270916334,0.6733067729083665,0.0,2025
450203,"Morton, Charlie",Pit,144,1075,1075,621.0,15.211,454.0,15.211,0.2809302325581395,0.7125581395348837,0.0065116279069767,2025
686973,"Varland, Louis",Pit,141,392,392,249.0,15.22,143.0,15.22,0.3112244897959184,0.6836734693877551,0.0051020408163265,2025
656464,"Ginkel, Kevin",Pit,109,205,205,98.0,15.221,107.0,15.221,0.2195121951219512,0.775609756097561,0.0048780487804878,2025
681432,"Little, Luke",Pit,112,42,42,21.0,15.222,21.0,15.222,0.1904761904761904,0.8095238095238095,0.0,2025
682989,"Mederos, Victor",Pit,108,148,148,78.0,15.223,70.0,15.223,0.3175675675675675,0.6621621621621622,0.0202702702702702,2025
675919,"Raquet, Nick",Pit,138,13,13,8.0,15.238,5.0,15.238,0.2307692307692307,0.6923076923076923,0.0769230769230769,2025
623167,"Flexen, Chris",Pit,112,281,281,169.0,15.241,112.0,15.241,0.2811387900355871,0.7153024911032029,0.0035587188612099,2025
685107,"Veneziano, Anthony",Pit,138,194,194,94.0,15.27,100.0,15.27,0.2319587628865979,0.7628865979381443,0.0051546391752577,2025
641793,"Littell, Zack",Pit,113,1149,1149,803.0,15.271,346.0,15.271,0.3124456048738033,0.6866840731070496,0.000870322019147,2025
660271,"Ohtani, Shohei",Pit,119,313,313,222.0,15.271,91.0,15.271,0.3226837060702875,0.6613418530351438,0.0159744408945686,2025
642121,"Sulser, Cole",Pit,139,145,145,105.0,15.273,40.0,15.273,0.3586206896551724,0.6344827586206897,0.0068965517241379,2025
656945,"Scott, Tanner",Pit,119,329,329,218.0,15.277,111.0,15.277,0.3677811550151976,0.6322188449848024,0.0,2025
666619,"Santos, Gregory",Pit,136,60,60,28.0,15.282,32.0,15.282,0.2333333333333333,0.75,0.0166666666666666,2025
518876,"Kelly, Merrill",Pit,140,1229,1229,871.0,15.29,358.0,15.29,0.2994304312449146,0.6965012205044752,0.0040683482506102,2025
663767,"Shugart, Chase",Pit,134,341,341,212.0,15.291,129.0,15.291,0.3577712609970674,0.6363636363636364,0.0058651026392961,2025
677960,"Weathers, Ryan",Pit,146,265,265,164.0,15.304,101.0,15.304,0.2716981132075471,0.7283018867924528,0.0,2025
592426,"Jackson, Luke",Pit,136,327,327,198.0,15.308,129.0,15.308,0.2844036697247706,0.709480122324159,0.0061162079510703,2025
690916,"Fitts, Richard",Pit,111,278,278,195.0,15.321,83.0,15.321,0.302158273381295,0.6942446043165468,0.0035971223021582,2025
683627,"Molina, Anthony",Pit,115,269,269,176.0,15.323,93.0,15.323,0.275092936802974,0.724907063197026,0.0,2025
656427,"Flaherty, Jack",Pit,116,1260,1260,837.0,15.331,423.0,15.331,0.2912698412698413,0.7055555555555556,0.0031746031746031,2025
702674,"Dana, Caden",Pit,108,249,249,156.0,15.333,93.0,15.333,0.253012048192771,0.7429718875502008,0.0040160642570281,2025
700187,"Taylor, Troy",Pit,136,63,63,35.0,15.333,28.0,15.333,0.2222222222222222,0.7777777777777778,0.0,2025
673820,"Piña, Robinson",Pit,141,31,31,17.0,15.335,14.0,15.335,0.2903225806451613,0.7096774193548387,0.0,2025
552640,"Kittredge, Andrew",Pit,112,288,288,195.0,15.342,93.0,15.342,0.3055555555555556,0.6909722222222222,0.0034722222222222,2025
682120,"Herrin, Tim",Pit,114,337,337,192.0,15.343,145.0,15.343,0.314540059347181,0.6795252225519288,0.0059347181008902,2025
685801,"Bigge, Hunter",Pit,139,95,95,69.0,15.348,26.0,15.348,0.3789473684210526,0.6210526315789474,0.0,2025
641401,"Brogdon, Connor",Pit,108,361,361,239.0,15.362,122.0,15.362,0.3240997229916897,0.6731301939058172,0.002770083102493,2025
663941,"Beck, Tristan",Pit,137,360,360,243.0,15.367,117.0,15.367,0.275,0.725,0.0,2025
669620,"Basso, Brady",Pit,133,88,88,43.0,15.377,45.0,15.377,0.2159090909090909,0.7840909090909091,0.0,2025
521230,"Hendriks, Liam",Pit,111,97,97,61.0,15.378,36.0,15.378,0.2577319587628865,0.7319587628865979,0.0103092783505154,2025
612434,"Castro, Miguel",Pit,145,51,51,31.0,15.379,20.0,15.379,0.2156862745098039,0.7843137254901961,0.0,2025
696147,"Bachman, Sam",Pit,108,140,140,79.0,15.383,61.0,15.383,0.2928571428571428,0.7,0.0071428571428571,2025
656222,"Beeks, Jalen",Pit,109,374,374,204.0,15.385,170.0,15.385,0.2566844919786096,0.7352941176470589,0.0080213903743315,2025
606160,"Montero, Rafael",Pit,116,490,490,281.0,15.387,209.0,15.387,0.2285714285714285,0.7714285714285715,0.0,2025
663372,"Feltner, Ryan",Pit,115,218,218,132.0,15.389,86.0,15.389,0.2477064220183486,0.7431192660550459,0.0091743119266055,2025
688642,"Agnos, Zach",Pit,115,235,235,135.0,15.402,100.0,15.402,0.2765957446808511,0.7191489361702128,0.0042553191489361,2025
623465,"Phillips, Evan",Pit,119,40,40,24.0,15.405,16.0,15.405,0.175,0.8,0.025,2025
621139,"Kriske, Brooks",Pit,142,185,185,87.0,15.414,98.0,15.414,0.2054054054054054,0.7891891891891892,0.0054054054054054,2025
642152,"Trivino III, Lou",Pit,143,380,380,213.0,15.419,167.0,15.419,0.2736842105263158,0.7210526315789474,0.0052631578947368,2025
622379,"Castillo, Luis F.",Pit,136,74,74,29.0,15.422,45.0,15.422,0.1756756756756756,0.7837837837837838,0.0405405405405405,2025
672582,"Zerpa, Angel",Pit,118,517,517,314.0,15.422,203.0,15.422,0.3094777562862669,0.6866537717601547,0.0038684719535783,2025
663423,"Thornton, Trent",Pit,136,276,276,188.0,15.424,88.0,15.424,0.2753623188405797,0.7210144927536232,0.0036231884057971,2025
687330,"Kelly, Kevin",Pit,139,271,271,170.0,15.434,101.0,15.434,0.2546125461254612,0.7380073800738007,0.007380073800738,2025
669461,"Liberatore, Matthew",Pit,138,1005,1005,652.0,15.436,353.0,15.436,0.2736318407960199,0.7233830845771144,0.0029850746268656,2025
605242,"Fulmer, Michael",Pit,112,39,39,27.0,15.436,12.0,15.436,0.3076923076923077,0.6923076923076923,0.0,2025
656420,"Feyereisen, J.P.",Pit,119,26,26,12.0,15.441,14.0,15.441,0.2692307692307692,0.7307692307692307,0.0,2025
675848,"Mejia, Juan",Pit,115,483,483,283.0,15.455,200.0,15.455,0.2443064182194617,0.7536231884057971,0.0020703933747412,2025
676206,"Tarnok, Freddy",Pit,146,65,65,43.0,15.458,22.0,15.458,0.2615384615384615,0.7384615384615385,0.0,2025
608371,"Sims, Lucas",Pit,120,132,132,66.0,15.459,66.0,15.459,0.2803030303030303,0.7196969696969697,0.0,2025
605447,"Romano, Jordan",Pit,143,297,297,186.0,15.462,111.0,15.462,0.2626262626262626,0.7373737373737373,0.0,2025
669276,"Lee, Dylan",Pit,144,455,455,334.0,15.463,121.0,15.463,0.3142857142857143,0.6857142857142857,0.0,2025
808967,"Yamamoto, Yoshinobu",Pit,119,1235,1235,876.0,15.475,359.0,15.475,0.3020242914979757,0.6923076923076923,0.0056680161943319,2025
608334,"Fulmer, Carson",Pit,108,203,203,140.0,15.483,63.0,15.483,0.3054187192118227,0.6945812807881774,0.0,2025
621363,"Poche, Colin",Pit,121,122,122,43.0,15.488,79.0,15.488,0.221311475409836,0.7786885245901639,0.0,2025
664123,"Effross, Scott",Pit,147,67,67,39.0,15.497,28.0,15.497,0.2388059701492537,0.7611940298507462,0.0,2025
808963,"Sasaki, Roki",Pit,119,277,277,169.0,15.51,108.0,15.51,0.2490974729241877,0.7436823104693141,0.0072202166064981,2025
691251,"Lara, Andry",Pit,120,113,113,49.0,15.51,64.0,15.51,0.2566371681415929,0.7433628318584071,0.0,2025
554430,"Wheeler, Zack",Pit,143,1023,1023,709.0,15.52,314.0,15.52,0.2678396871945259,0.7272727272727273,0.0048875855327468,2025
671162,"Thomas, Connor",Pit,158,57,57,29.0,15.524,28.0,15.524,0.175438596491228,0.8245614035087719,0.0,2025
676604,"Zuber, Tyler",Pit,146,118,118,69.0,15.526,49.0,15.526,0.2627118644067797,0.7288135593220338,0.0084745762711864,2025
502085,"Robertson, David",Pit,143,142,142,100.0,15.527,42.0,15.527,0.2676056338028169,0.7323943661971831,0.0,2025
676879,"Ashby, Aaron",Pit,158,462,462,268.0,15.529,194.0,15.529,0.3268398268398268,0.670995670995671,0.0021645021645021,2025
681151,"Murray, Jayden",Pit,117,74,74,35.0,15.53,39.0,15.53,0.1756756756756756,0.8243243243243243,0.0,2025
607536,"Freeland, Kyle",Pit,115,993,993,638.0,15.544,355.0,15.544,0.2366565961732125,0.7603222557905337,0.0030211480362537,2025
686752,"Pepiot, Ryan",Pit,139,1107,1107,772.0,15.55,335.0,15.55,0.2962962962962963,0.7018970189701897,0.001806684733514,2025
686580,"Slaten, Justin",Pit,111,198,198,121.0,15.555,77.0,15.555,0.3131313131313131,0.6818181818181818,0.005050505050505,2025
657746,"Ryan, Joe",Pit,142,1182,1182,802.0,15.557,380.0,15.557,0.2851099830795262,0.7081218274111675,0.0067681895093062,2025
805299,"Garcia, Brandyn",Pit,109,123,123,61.0,15.567,62.0,15.567,0.2195121951219512,0.7723577235772358,0.008130081300813,2025
666711,"Peguero, Joel",Pit,137,130,130,69.0,15.567,61.0,15.567,0.1692307692307692,0.8307692307692308,0.0,2025
573204,"Thielbar, Caleb",Pit,112,354,354,248.0,15.569,106.0,15.569,0.2090395480225988,0.7909604519774012,0.0,2025
622253,"Tate, Dillon",Pit,141,69,69,40.0,15.574,29.0,15.574,0.1739130434782608,0.8260869565217391,0.0,2025
663947,"Holton, Tyler",Pit,116,521,521,360.0,15.577,161.0,15.577,0.255278310940499,0.7389635316698656,0.0057581573896353,2025
669371,"Henry, Cole",Pit,120,442,442,235.0,15.578,207.0,15.578,0.2375565610859728,0.755656108597285,0.006787330316742,2025
622780,"Perdomo, Angel",Pit,133,30,30,16.0,15.579,14.0,15.579,0.1666666666666666,0.8333333333333334,0.0,2025
671109,"Eder, Jake",Pit,108,126,126,79.0,15.585,47.0,15.585,0.2301587301587301,0.746031746031746,0.0238095238095238,2025
668933,"Ashcraft, Graham",Pit,113,422,422,231.0,15.59,191.0,15.59,0.2511848341232227,0.7440758293838863,0.0047393364928909,2025
806188,"Gibson, Cade",Pit,146,427,427,253.0,15.591,174.0,15.591,0.2388758782201405,0.7564402810304449,0.0046838407494145,2025
669199,"Bachar, Lake",Pit,146,504,504,302.0,15.592,202.0,15.592,0.242063492063492,0.751984126984127,0.0059523809523809,2025
527048,"Pérez, Martín",Pit,145,425,425,279.0,15.597,146.0,15.597,0.2658823529411764,0.731764705882353,0.0023529411764705,2025
594798,"deGrom, Jacob",Pit,140,1073,1073,805.0,15.602,268.0,15.602,0.3075489282385834,0.6915191053122087,0.0009319664492078,2025
687074,"Owens, Tyler",Pit,116,36,36,19.0,15.603,17.0,15.603,0.1388888888888889,0.8611111111111112,0.0,2025
662253,"Muñoz, Andrés",Pit,136,433,433,239.0,15.603,194.0,15.603,0.1893764434180138,0.8106235565819861,0.0,2025
694335,"Svanson, Matt",Pit,138,447,447,283.0,15.603,164.0,15.603,0.2729306487695749,0.7203579418344519,0.0067114093959731,2025
518489,"Brasier, Ryan",Pit,112,158,158,95.0,15.605,63.0,15.605,0.2215189873417721,0.7721518987341772,0.0063291139240506,2025
664141,"Brubaker, JT",Pit,137,204,204,152.0,15.606,52.0,15.606,0.3431372549019608,0.6470588235294118,0.0098039215686274,2025
663804,"Kowar, Jackson",Pit,136,112,112,74.0,15.607,38.0,15.607,0.2678571428571428,0.7321428571428571,0.0,2025
691951,"Aldegheri, Sam",Pit,108,136,136,57.0,15.608,79.0,15.608,0.1617647058823529,0.8382352941176471,0.0,2025
801139,"Tolle, Payton",Pit,111,120,120,75.0,15.618,45.0,15.618,0.225,0.775,0.0,2025
614179,"Ruiz, José",Pit,144,120,120,47.0,15.636,73.0,15.636,0.25,0.75,0.0,2025
805427,"Sommers, Drew",Pit,116,40,40,17.0,15.636,23.0,15.636,0.15,0.85,0.0,2025
664351,"Contreras, Luis",Pit,117,99,99,36.0,15.641,63.0,15.641,0.1414141414141414,0.8383838383838383,0.0202020202020202,2025
666157,"Lodolo, Nick",Pit,113,1053,1053,716.0,15.645,337.0,15.645,0.251661918328585,0.7464387464387464,0.0018993352326685,2025
678495,"Rodríguez, Randy",Pit,137,332,332,182.0,15.649,150.0,15.649,0.1837349397590361,0.8102409638554217,0.0060240963855421,2025
676263,"Dreyer, Jack",Pit,119,466,466,313.0,15.65,153.0,15.65,0.2339055793991416,0.7553648068669528,0.0107296137339055,2025
680951,"Nikhazy, Doug",Pit,114,45,45,25.0,15.65,20.0,15.65,0.1777777777777777,0.8222222222222222,0.0,2025
670955,"Uceta, Edwin",Pit,139,471,471,250.0,15.656,221.0,15.656,0.1932059447983015,0.8004246284501062,0.0063694267515923,2025
605483,"Snell, Blake",Pit,119,432,432,277.0,15.665,155.0,15.665,0.2569444444444444,0.7291666666666666,0.0138888888888888,2025
687396,"Headrick, Brent",Pit,147,134,134,86.0,15.673,48.0,15.673,0.2164179104477611,0.7761194029850746,0.0074626865671641,2025
687064,"Young, Brandon",Pit,110,398,398,253.0,15.677,145.0,15.677,0.228643216080402,0.7688442211055276,0.0025125628140703,2025
680735,"Cox, Austin",Pit,144,181,181,129.0,15.682,52.0,15.682,0.2375690607734806,0.7569060773480663,0.005524861878453,2025
607074,"Rodón, Carlos",Pit,147,1437,1437,984.0,15.687,453.0,15.687,0.2894919972164231,0.7007654836464857,0.0097425191370911,2025
676083,"Junk, Janson",Pit,146,646,646,433.0,15.691,213.0,15.691,0.261609907120743,0.7352941176470589,0.0030959752321981,2025
592773,"Stanek, Ryne",Pit,121,403,403,223.0,15.691,180.0,15.691,0.2233250620347394,0.771712158808933,0.0049627791563275,2025
643377,"Jax, Griffin",Pit,139,443,443,278.0,15.696,165.0,15.696,0.218961625282167,0.7742663656884876,0.0067720090293453,2025
687287,"Monteverde, Patrick",Pit,146,34,34,12.0,15.701,22.0,15.701,0.1176470588235294,0.8823529411764706,0.0,2025
672578,"Hernández, Carlos",Pit,114,315,315,155.0,15.702,160.0,15.702,0.3142857142857143,0.6825396825396826,0.0031746031746031,2025
692024,"Carrillo, Alex",Pit,121,38,38,32.0,15.708,6.0,15.708,0.2894736842105263,0.7105263157894737,0.0,2025
700249,"Povich, Cade",Pit,110,872,872,595.0,15.708,277.0,15.708,0.2706422018348624,0.7282110091743119,0.0011467889908256,2025
813349,"Early, Connelly",Pit,111,131,131,79.0,15.712,52.0,15.712,0.2442748091603053,0.7557251908396947,0.0,2025
669684,"Murphy, Chris",Pit,111,254,254,169.0,15.721,85.0,15.721,0.3149606299212598,0.6850393700787402,0.0,2025
692285,"Guerrero, Luis",Pit,111,127,127,69.0,15.724,58.0,15.724,0.2834645669291338,0.7086614173228346,0.0078740157480314,2025
663485,"Sands, Cole",Pit,142,500,500,316.0,15.73,184.0,15.73,0.228,0.764,0.008,2025
805123,"Blubaugh, AJ",Pit,117,222,222,148.0,15.735,74.0,15.735,0.2207207207207207,0.7747747747747747,0.0045045045045045,2025
656271,"Burke, Brock",Pit,108,409,409,227.0,15.74,182.0,15.74,0.2371638141809291,0.7506112469437652,0.0122249388753056,2025
650556,"Abreu, Bryan",Pit,117,514,514,295.0,15.741,219.0,15.741,0.1984435797665369,0.7937743190661478,0.0077821011673151,2025
676092,"Snider, Collin",Pit,136,187,187,92.0,15.742,95.0,15.742,0.1229946524064171,0.8770053475935828,0.0,2025
671212,"Boyle, Joe",Pit,139,427,427,282.0,15.742,145.0,15.742,0.243559718969555,0.7517564402810304,0.0046838407494145,2025
666142,"Ragans, Cole",Pit,118,448,448,309.0,15.744,139.0,15.744,0.2879464285714285,0.7075892857142857,0.0044642857142857,2025
642547,"Peralta, Freddy",Pit,158,1335,1335,926.0,15.746,409.0,15.746,0.2756554307116104,0.7205992509363296,0.0037453183520599,2025
670950,"Richards, Trevor",Pit,109,40,40,15.0,15.749,25.0,15.749,0.25,0.75,0.0,2025
668964,"Myers, Tobias",Pit,158,338,338,205.0,15.75,133.0,15.75,0.2041420118343195,0.7899408284023669,0.0059171597633136,2025
608650,"Enns, Dietrich",Pit,110,277,277,162.0,15.756,115.0,15.756,0.259927797833935,0.740072202166065,0.0,2025
680767,"Vodnik, Victor",Pit,115,426,426,258.0,15.757,168.0,15.757,0.2206572769953051,0.7769953051643192,0.0023474178403755,2025
676617,"O'Brien, Riley",Pit,138,337,337,219.0,15.759,118.0,15.759,0.1988130563798219,0.7952522255192879,0.0059347181008902,2025
663773,"Hoeing, Bryan",Pit,135,54,54,35.0,15.765,19.0,15.765,0.2962962962962963,0.7037037037037037,0.0,2025
607192,"Glasnow, Tyler",Pit,119,687,687,492.0,15.766,195.0,15.766,0.2780203784570597,0.7117903930131004,0.0101892285298398,2025
623437,"Topa, Justin",Pit,142,442,442,209.0,15.784,233.0,15.784,0.1583710407239819,0.8393665158371041,0.002262443438914,2025
683175,"Phillips, Connor",Pit,113,175,175,109.0,15.788,66.0,15.788,0.2571428571428571,0.7314285714285714,0.0114285714285714,2025
547184,"Kelly, Michael",Pit,133,319,319,185.0,15.79,134.0,15.79,0.2037617554858934,0.780564263322884,0.0156739811912225,2025
642239,"Zastryzny, Rob",Pit,158,143,143,81.0,15.793,62.0,15.793,0.2587412587412587,0.7412587412587412,0.0,2025
689958,"Walters, Andrew",Pit,114,12,12,10.0,15.809,2.0,15.809,0.3333333333333333,0.6666666666666666,0.0,2025
669713,"Wesneski, Hayden",Pit,117,235,235,167.0,15.828,68.0,15.828,0.2680851063829787,0.7276595744680852,0.0042553191489361,2025
656550,"Holmes, Grant",Pit,144,814,814,525.0,15.834,289.0,15.834,0.226044226044226,0.7714987714987716,0.0024570024570024,2025
680755,"Fisher, Braydon",Pit,141,380,380,206.0,15.839,174.0,15.839,0.1710526315789473,0.8210526315789474,0.0078947368421052,2025
670766,"McCaughan, Darren",Pit,142,37,37,16.0,15.839,21.0,15.839,0.081081081081081,0.918918918918919,0.0,2025
680729,"McDaniels, Garrett",Pit,108,84,84,47.0,15.846,37.0,15.846,0.1785714285714285,0.8095238095238095,0.0119047619047619,2025
668909,"Williams, Gavin",Pit,114,1272,1272,822.0,15.846,450.0,15.846,0.220125786163522,0.7775157232704403,0.0023584905660377,2025
471911,"Carrasco, Carlos",Pit,144,360,360,207.0,15.848,153.0,15.848,0.2138888888888888,0.7861111111111111,0.0,2025
680689,"Richardson, Lyon",Pit,113,337,337,175.0,15.849,162.0,15.849,0.2047477744807121,0.7952522255192879,0.0,2025
669020,"Rolison, Ryan",Pit,115,296,296,192.0,15.851,104.0,15.851,0.2466216216216216,0.7533783783783784,0.0,2025
686826,"Jarvis, Bryce",Pit,109,205,205,119.0,15.851,86.0,15.851,0.2146341463414634,0.775609756097561,0.0097560975609756,2025
672456,"Montero, Keider",Pit,116,634,634,405.0,15.855,229.0,15.855,0.2665615141955836,0.7287066246056783,0.0047318611987381,2025
608372,"Sugano, Tomoyuki",Pit,110,1154,1154,764.0,15.86,390.0,15.86,0.2365684575389948,0.7616984402079723,0.0017331022530329,2025
669193,"Little, Jack",Pit,119,16,16,6.0,15.876,10.0,15.876,0.0625,0.9375,0.0,2025
668674,"Erceg, Lucas",Pit,118,391,391,242.0,15.894,149.0,15.894,0.1585677749360614,0.8337595907928389,0.0076726342710997,2025
686218,"Sheehan, Emmet",Pit,119,485,485,323.0,15.899,162.0,15.899,0.2247422680412371,0.7731958762886598,0.002061855670103,2025
641302,"Alexander, Tyler",Pit,145,674,674,401.0,15.907,273.0,15.907,0.1735905044510385,0.8234421364985163,0.0029673590504451,2025
669145,"Zimmermann, Bruce",Pit,158,44,44,28.0,15.91,16.0,15.91,0.1590909090909091,0.8409090909090909,0.0,2025
676969,"de Geus, Brett",Pit,143,25,25,9.0,15.915,16.0,15.915,0.04,0.96,0.0,2025
623352,"Hader, Josh",Pit,117,307,307,201.0,15.921,106.0,15.921,0.2703583061889251,0.7198697068403909,0.009771986970684,2025
670102,"Francis, Bowden",Pit,141,497,497,335.0,15.924,162.0,15.924,0.2152917505030181,0.7826961770623743,0.0020120724346076,2025
683769,"Gaddis, Hunter",Pit,114,428,428,240.0,15.927,188.0,15.927,0.1518691588785046,0.8457943925233645,0.0023364485981308,2025
621112,"Blackburn, Paul",Pit,147,283,283,169.0,15.931,114.0,15.931,0.1837455830388692,0.8091872791519434,0.0070671378091872,2025
672335,"Pérez, Cionel",Pit,110,182,182,72.0,15.941,110.0,15.941,0.1483516483516483,0.8516483516483516,0.0,2025
605280,"Holmes, Clay",Pit,121,1272,1272,795.0,15.944,477.0,15.944,0.1792452830188679,0.8113207547169812,0.0094339622641509,2025
601713,"Pivetta, Nick",Pit,135,1259,1259,907.0,15.965,352.0,15.965,0.2486100079428117,0.744241461477363,0.0071485305798252,2025
671131,"Rutledge, Jackson",Pit,120,609,609,312.0,15.968,297.0,15.968,0.1395730706075533,0.8472906403940886,0.0131362889983579,2025
660825,"Bazardo, Eduard",Pit,136,546,546,331.0,15.971,215.0,15.971,0.2197802197802197,0.7765567765567766,0.0036630036630036,2025
692030,"Corniell, Jose",Pit,140,15,15,7.0,15.974,8.0,15.974,0.2,0.8,0.0,2025
650644,"Civale, Aaron",Pit,112,815,815,564.0,15.982,251.0,15.982,0.2552147239263804,0.7361963190184049,0.0085889570552147,2025
669422,"Sauer, Matt",Pit,119,216,216,124.0,15.989,92.0,15.989,0.1851851851851851,0.8101851851851852,0.0046296296296296,2025
640454,"Krook, Matt",Pit,133,29,29,16.0,15.989,13.0,15.989,0.1034482758620689,0.896551724137931,0.0,2025
657024,"Swanson, Erik",Pit,141,48,48,17.0,15.99,31.0,15.99,0.0625,0.9375,0.0,2025
476594,"Stock, Robert",Pit,111,32,32,12.0,15.991,20.0,15.991,0.21875,0.78125,0.0,2025
670036,"Festa, Matt",Pit,114,330,330,189.0,15.996,141.0,15.996,0.1787878787878788,0.8212121212121212,0.0,2025
596112,"Stephenson, Robert",Pit,108,44,44,33.0,15.997,11.0,15.997,0.1136363636363636,0.8409090909090909,0.0454545454545454,2025
689690,"Jacob, Alek",Pit,135,275,275,147.0,16.0,128.0,16.0,0.149090909090909,0.850909090909091,0.0,2025
700270,"Díaz, Yilber",Pit,109,28,28,10.0,16.006,18.0,16.006,0.0714285714285714,0.9285714285714286,0.0,2025
656240,"Blewett, Scott",Pit,110,310,310,176.0,16.008,134.0,16.008,0.1580645161290322,0.832258064516129,0.0096774193548387,2025
681810,"Warren, Austin",Pit,121,70,70,39.0,16.01,31.0,16.01,0.2142857142857142,0.7571428571428571,0.0285714285714285,2025
606930,"Barnes, Jacob",Pit,141,64,64,22.0,16.014,42.0,16.014,0.109375,0.890625,0.0,2025
676272,"Miller, Bobby",Pit,119,50,50,18.0,16.016,32.0,16.016,0.16,0.84,0.0,2025
801403,"Dollander, Chase",Pit,115,782,782,480.0,16.018,302.0,16.018,0.1815856777493606,0.8158567774936062,0.0025575447570332,2025
690829,"Joyce, Ben",Pit,108,25,25,13.0,16.027,12.0,16.027,0.2,0.8,0.0,2025
668820,"Kranick, Max",Pit,121,204,204,133.0,16.041,71.0,16.041,0.1666666666666666,0.8235294117647058,0.0098039215686274,2025
689520,"Laweryson, Cody",Pit,142,40,40,29.0,16.042,11.0,16.042,0.25,0.75,0.0,2025
592662,"Ray, Robbie",Pit,137,1274,1274,857.0,16.049,417.0,16.049,0.2315541601255887,0.7566718995290423,0.0117739403453689,2025
820862,"Fermin, José",Pit,108,289,289,184.0,16.057,105.0,16.057,0.2422145328719723,0.7474048442906575,0.0103806228373702,2025
621366,"Borucki, Ryan",Pit,141,253,253,160.0,16.066,93.0,16.066,0.2450592885375494,0.7509881422924901,0.0039525691699604,2025
686753,"Jameson, Drey",Pit,109,27,27,10.0,16.075,17.0,16.075,0.1111111111111111,0.8888888888888888,0.0,2025
687847,"Church, Marc",Pit,140,50,50,30.0,16.08,20.0,16.08,0.1,0.9,0.0,2025
675911,"Strider, Spencer",Pit,144,846,846,563.0,16.083,283.0,16.083,0.185579196217494,0.8085106382978723,0.0059101654846335,2025
681870,"Sabrowski, Erik",Pit,114,198,198,124.0,16.088,74.0,16.088,0.1616161616161616,0.8333333333333334,0.005050505050505,2025
681895,"Sisk, Evan",Pit,134,162,162,86.0,16.096,76.0,16.096,0.1419753086419753,0.8580246913580247,0.0,2025
676051,"Heuer, Codi",Pit,116,37,37,27.0,16.096,10.0,16.096,0.1351351351351351,0.8648648648648649,0.0,2025
657097,"Webb, Jacob",Pit,140,402,402,270.0,16.099,132.0,16.099,0.1119402985074626,0.8880597014925373,0.0,2025
607455,"Banda, Anthony",Pit,119,450,450,264.0,16.108,186.0,16.108,0.1622222222222222,0.8333333333333334,0.0044444444444444,2025
676130,"Buttó, José",Pit,137,458,458,246.0,16.109,212.0,16.109,0.1812227074235808,0.8056768558951966,0.0131004366812227,2025
676680,"Cosgrove, Tom",Pit,112,26,26,21.0,16.11,5.0,16.11,0.1153846153846153,0.8846153846153846,0.0,2025
543101,"DeSclafani, Anthony",Pit,109,273,273,186.0,16.11,87.0,16.11,0.1721611721611721,0.8241758241758241,0.0036630036630036,2025
681168,"Curvelo, Luis",Pit,140,147,147,66.0,16.114,81.0,16.114,0.1224489795918367,0.8707482993197279,0.0068027210884353,2025
682790,"González, Wikelman",Pit,145,171,171,96.0,16.134,75.0,16.134,0.1461988304093567,0.8421052631578947,0.0116959064327485,2025
804636,"Tong, Jonah",Pit,121,161,161,93.0,16.134,68.0,16.134,0.1925465838509316,0.8012422360248447,0.0062111801242236,2025
664129,"Hartlieb, Geoff",Pit,116,50,50,25.0,16.135,25.0,16.135,0.16,0.82,0.02,2025
620454,"Castillo, José",Pit,110,242,242,121.0,16.155,121.0,16.155,0.2314049586776859,0.7603305785123967,0.0082644628099173,2025
674285,"Salazar, Eduardo",Pit,120,239,239,117.0,16.163,122.0,16.163,0.104602510460251,0.8870292887029289,0.00836820083682,2025
664199,"Clarke, Taylor",Pit,118,374,374,275.0,16.166,99.0,16.166,0.1684491978609625,0.8262032085561497,0.0053475935828877,2025
621053,"Ferguson, Tyler",Pit,133,412,412,219.0,16.184,193.0,16.184,0.1577669902912621,0.8398058252427184,0.0024271844660194,2025
656876,"Rasmussen, Drew",Pit,139,979,979,648.0,16.185,331.0,16.185,0.1266598569969356,0.8712972420837589,0.0020429009193054,2025
641835,"Mayza, Tim",Pit,143,138,138,72.0,16.198,66.0,16.198,0.1376811594202898,0.8623188405797102,0.0,2025
681869,"Dubin, Shawn",Pit,110,256,256,136.0,16.198,120.0,16.198,0.1484375,0.84375,0.0078125,2025
663542,"Hudson, Bryan",Pit,145,155,155,78.0,16.206,77.0,16.206,0.1096774193548387,0.8838709677419355,0.0064516129032258,2025
680880,"Holman, Grant",Pit,133,169,169,90.0,16.212,79.0,16.212,0.1420118343195266,0.8520710059171598,0.0059171597633136,2025
666974,"Cano, Yennier",Pit,110,434,434,241.0,16.222,193.0,16.222,0.1474654377880184,0.847926267281106,0.0046082949308755,2025
673540,"Senga, Kodai",Pit,121,807,807,531.0,16.232,276.0,16.232,0.1995043370508054,0.79182156133829,0.0086741016109045,2025
641312,"Anderson, Shaun",Pit,108,96,96,57.0,16.235,39.0,16.235,0.1145833333333333,0.8645833333333334,0.0208333333333333,2025
678906,"Teng, Kai-Wei",Pit,137,257,257,153.0,16.25,104.0,16.25,0.1439688715953307,0.8560311284046692,0.0,2025
656234,"Bird, Jake",Pit,147,442,442,191.0,16.263,251.0,16.263,0.0769230769230769,0.9230769230769232,0.0,2025
683409,"Chivilli, Angel",Pit,115,418,418,213.0,16.269,205.0,16.269,0.131578947368421,0.861244019138756,0.0071770334928229,2025
690382,"Darrell-Hicks, Michael",Pit,134,78,78,40.0,16.27,38.0,16.27,0.0641025641025641,0.9230769230769232,0.0128205128205128,2025
669387,"Mlodzinski, Carmen",Pit,134,749,749,458.0,16.274,291.0,16.274,0.1108144192256341,0.8851802403204272,0.0040053404539385,2025
661395,"Duran, Jhoan",Pit,143,393,393,241.0,16.275,152.0,16.275,0.1501272264631043,0.8193384223918575,0.0305343511450381,2025
695243,"Miller, Mason",Pit,135,387,387,242.0,16.292,145.0,16.292,0.1524547803617571,0.8475452196382429,0.0,2025
669212,"Morgan, Eli",Pit,112,54,54,37.0,16.294,17.0,16.294,0.2407407407407407,0.7592592592592593,0.0,2025
676534,"Faucher, Calvin",Pit,146,485,485,304.0,16.295,181.0,16.295,0.2288659793814433,0.7628865979381443,0.0082474226804123,2025
615698,"Quantrill, Cal",Pit,144,884,884,556.0,16.298,328.0,16.298,0.166289592760181,0.8257918552036199,0.007918552036199,2025
686930,"Barnett, Mason",Pit,133,191,191,102.0,16.308,89.0,16.308,0.1361256544502617,0.8586387434554974,0.0052356020942408,2025
694973,"Skenes, Paul",Pit,134,1295,1295,867.0,16.309,428.0,16.309,0.0988416988416988,0.9003861003861003,0.0007722007722007,2025
681217,"Silseth, Chase",Pit,108,82,82,49.0,16.309,33.0,16.309,0.1097560975609756,0.8902439024390244,0.0,2025
669022,"Gore, MacKenzie",Pit,120,1149,1149,750.0,16.314,399.0,16.314,0.2001740644038294,0.793733681462141,0.0060922541340295,2025
690544,"Horn, Bailey",Pit,116,94,94,45.0,16.315,49.0,16.315,0.0744680851063829,0.925531914893617,0.0,2025
680742,"Bowlan, Jonathan",Pit,118,319,319,180.0,16.315,139.0,16.315,0.1191222570532915,0.877742946708464,0.0031347962382445,2025
547179,"Lorenzen, Michael",Pit,118,996,996,650.0,16.325,346.0,16.325,0.1907630522088353,0.8072289156626506,0.002008032128514,2025
685314,"Saalfrank, Andrew",Pit,109,184,184,103.0,16.329,81.0,16.329,0.1521739130434782,0.8315217391304348,0.0163043478260869,2025
677955,"Hill, Jaden",Pit,115,200,200,112.0,16.331,88.0,16.331,0.11,0.885,0.005,2025
682847,"Ortiz, Luis",Pit,114,654,654,436.0,16.331,218.0,16.331,0.1865443425076452,0.8058103975535168,0.0076452599388379,2025
682052,"Lopez, Jacob",Pit,133,763,763,489.0,16.335,274.0,16.335,0.1441677588466579,0.854521625163827,0.001310615989515,2025
686799,"Kochanowicz, Jack",Pit,108,806,806,534.0,16.341,272.0,16.341,0.1364764267990074,0.8622828784119106,0.0012406947890818,2025
641154,"López, Pablo",Pit,142,537,537,340.0,16.343,197.0,16.343,0.1396648044692737,0.8472998137802608,0.0130353817504655,2025
673965,"Freeman, Caleb",Pit,145,26,26,13.0,16.345,13.0,16.345,0.1538461538461538,0.8461538461538461,0.0,2025
679358,"Orze, Eric",Pit,139,281,281,145.0,16.345,136.0,16.345,0.1174377224199288,0.8790035587188612,0.0035587188612099,2025
579328,"Kikuchi, Yusei",Pit,108,1275,1275,857.0,16.347,418.0,16.347,0.1694117647058823,0.8258823529411765,0.0047058823529411,2025
641329,"Baker, Bryan",Pit,139,458,458,293.0,16.357,165.0,16.357,0.1615720524017467,0.8318777292576419,0.0065502183406113,2025
666168,"Thompson, Mason",Pit,120,113,113,63.0,16.362,50.0,16.362,0.1504424778761062,0.8495575221238938,0.0,2025
605347,"López, Jorge",Pit,120,155,155,87.0,16.366,68.0,16.366,0.1096774193548387,0.8774193548387097,0.0129032258064516,2025
592155,"Booser, Cam",Pit,145,247,247,142.0,16.37,105.0,16.37,0.1255060728744939,0.8663967611336032,0.0080971659919028,2025
663474,"McKenzie, Triston",Pit,114,53,53,32.0,16.376,21.0,16.376,0.1509433962264151,0.8301886792452831,0.0188679245283018,2025
519242,"Sale, Chris",Pit,144,866,866,566.0,16.39,300.0,16.39,0.1547344110854503,0.8418013856812933,0.0034642032332563,2025
679885,"Martinez, Justin",Pit,109,131,131,78.0,16.397,53.0,16.397,0.099236641221374,0.900763358778626,0.0,2025
678692,"Henriquez, Ronny",Pit,146,448,448,246.0,16.404,202.0,16.404,0.1473214285714285,0.84375,0.0089285714285714,2025
656186,"Altavilla, Dan",Pit,145,196,196,117.0,16.42,79.0,16.42,0.0357142857142857,0.9540816326530612,0.010204081632653,2025
681343,"Smith, Shane",Pit,145,999,999,666.0,16.429,333.0,16.429,0.1421421421421421,0.8538538538538538,0.004004004004004,2025
696136,"Wicks, Jordan",Pit,112,72,72,44.0,16.43,28.0,16.43,0.125,0.875,0.0,2025
668390,"Winn, Cole",Pit,140,277,277,167.0,16.435,110.0,16.435,0.1552346570397112,0.8303249097472925,0.0144404332129963,2025
675989,"Bolton, Cody",Pit,114,20,20,6.0,16.442,14.0,16.442,0.1,0.9,0.0,2025
669438,"Englert, Mason",Pit,139,307,307,184.0,16.445,123.0,16.445,0.1693811074918566,0.8273615635179153,0.003257328990228,2025
543294,"Hendricks, Kyle",Pit,108,1129,1129,748.0,16.447,381.0,16.447,0.0770593445527015,0.9220549158547388,0.0008857395925597,2025
682274,"Hiraldo, Yaramil",Pit,110,116,116,78.0,16.449,38.0,16.449,0.1724137931034483,0.8275862068965517,0.0,2025
673380,"Núñez, Dedniel",Pit,121,72,72,49.0,16.454,23.0,16.454,0.1666666666666666,0.8055555555555556,0.0277777777777777,2025
669203,"Burnes, Corbin",Pit,109,440,440,302.0,16.459,138.0,16.459,0.1204545454545454,0.8772727272727273,0.0022727272727272,2025
693312,"Nicolas, Kyle",Pit,134,266,266,125.0,16.46,141.0,16.46,0.1090225563909774,0.8834586466165414,0.0075187969924812,2025
677958,"Rocker, Kumar",Pit,140,456,456,277.0,16.46,179.0,16.46,0.1491228070175438,0.8464912280701754,0.0043859649122807,2025
689266,"Dodd, Dylan",Pit,144,208,208,138.0,16.467,70.0,16.467,0.1298076923076923,0.8653846153846154,0.0048076923076923,2025
657649,"Koenig, Jared",Pit,158,474,474,273.0,16.475,201.0,16.475,0.1118143459915611,0.8818565400843882,0.0063291139240506,2025
682144,"Sandridge, Jayvien",Pit,147,14,14,7.0,16.475,7.0,16.475,0.0,0.9285714285714286,0.0714285714285714,2025
683232,"Mears, Nick",Pit,158,319,319,183.0,16.478,136.0,16.478,0.128526645768025,0.8652037617554859,0.006269592476489,2025
543518,"McGough, Scott",Pit,133,128,128,68.0,16.479,60.0,16.479,0.109375,0.890625,0.0,2025
640462,"Puk, A.J.",Pit,109,58,58,32.0,16.481,26.0,16.481,0.1034482758620689,0.896551724137931,0.0,2025
663574,"Santillan, Tony",Pit,113,501,501,284.0,16.49,217.0,16.49,0.12375249500998,0.8682634730538922,0.0079840319361277,2025
686249,"Wiles, Nathan",Pit,144,8,8,1.0,16.492,7.0,16.492,0.25,0.75,0.0,2025
595345,"Okert, Steven",Pit,117,435,435,266.0,16.494,169.0,16.494,0.1034482758620689,0.8873563218390804,0.0091954022988505,2025
656686,"Martin, Corbin",Pit,110,134,134,68.0,16.499,66.0,16.499,0.1417910447761194,0.8582089552238806,0.0,2025
656457,"Gilbert, Tyler",Pit,145,381,381,220.0,16.5,161.0,16.5,0.0813648293963254,0.9133858267716536,0.0052493438320209,2025
678606,"Ferrer, José A.",Pit,120,503,503,283.0,16.507,220.0,16.507,0.1351888667992047,0.856858846918489,0.0079522862823061,2025
674072,"Henry, Tommy",Pit,109,47,47,34.0,16.512,13.0,16.512,0.2127659574468085,0.7872340425531915,0.0,2025
600917,"Leclerc, José",Pit,133,97,97,59.0,16.521,38.0,16.521,0.1752577319587628,0.8247422680412371,0.0,2025
676440,"Bibee, Tanner",Pit,114,1320,1320,900.0,16.543,420.0,16.543,0.1371212121212121,0.85,0.0128787878787878,2025
664744,"Espada, Jose",Pit,110,12,12,12.0,16.543,,16.543,0.3333333333333333,0.6666666666666666,0.0,2025
547001,"Poteet, Cody",Pit,110,34,34,7.0,16.548,27.0,16.548,0.0,1.0,0.0,2025
677944,"Cecconi, Slade",Pit,114,917,917,659.0,16.553,258.0,16.553,0.1374045801526717,0.8582333696837514,0.0043620501635768,2025
608337,"Giolito, Lucas",Pit,111,1024,1024,659.0,16.557,365.0,16.557,0.1328125,0.865234375,0.001953125,2025
686730,"Spiers, Carson",Pit,113,116,116,82.0,16.558,34.0,16.558,0.146551724137931,0.853448275862069,0.0,2025
669923,"Kirby, George",Pit,136,879,879,602.0,16.561,277.0,16.561,0.1160409556313993,0.8805460750853242,0.0034129692832764,2025
656641,"Latz, Jacob",Pit,140,594,594,374.0,16.568,220.0,16.568,0.1228956228956228,0.8720538720538721,0.005050505050505,2025
687003,"Van Belle, Brian",Pit,139,56,56,38.0,16.587,18.0,16.587,0.0892857142857142,0.875,0.0357142857142857,2025
677161,"Kelly, Zack",Pit,111,239,239,131.0,16.596,108.0,16.596,0.0836820083682008,0.9037656903765692,0.0125523012552301,2025
642397,"Soto, Gregory",Pit,121,406,406,184.0,16.6,222.0,16.6,0.0960591133004926,0.896551724137931,0.0073891625615763,2025
666215,"Whitley, Forrest",Pit,139,115,115,62.0,16.601,53.0,16.601,0.0695652173913043,0.9130434782608696,0.017391304347826,2025
691769,"Abner, Philip",Pit,109,28,28,1.0,16.606,27.0,16.606,0.0,1.0,0.0,2025
684007,"Imanaga, Shota",Pit,112,880,880,673.0,16.622,207.0,16.622,0.1647727272727272,0.8306818181818182,0.0045454545454545,2025
605130,"Barlow, Scott",Pit,113,603,603,334.0,16.637,269.0,16.637,0.1011608623548922,0.8955223880597015,0.0033167495854063,2025
702752,"Pintaro, Jonathan",Pit,121,13,13,3.0,16.643,10.0,16.643,0.0,1.0,0.0,2025
519151,"Pressly, Ryan",Pit,112,291,291,178.0,16.663,113.0,16.663,0.1374570446735395,0.8556701030927835,0.0068728522336769,2025
621244,"Berríos, José",Pit,141,1166,1166,734.0,16.668,432.0,16.668,0.1217838765008576,0.869639794168096,0.0085763293310463,2025
686228,"Burgos, Juan",Pit,109,88,88,39.0,16.684,49.0,16.684,0.0909090909090909,0.9090909090909092,0.0,2025
829272,"Ogasawara, Shinnosuke",Pit,120,309,309,195.0,16.685,114.0,16.685,0.1197411003236245,0.8737864077669902,0.0064724919093851,2025
678022,"Perkins, Jack",Pit,133,277,277,180.0,16.69,97.0,16.69,0.075812274368231,0.924187725631769,0.0,2025
663462,"Campbell, Isaiah",Pit,111,41,41,22.0,16.694,19.0,16.694,0.0975609756097561,0.902439024390244,0.0,2025
453286,"Scherzer, Max",Pit,141,582,582,406.0,16.694,176.0,16.694,0.1494845360824742,0.8505154639175257,0.0,2025
687589,"Hamel, Dom",Pit,121,3,3,3.0,16.699,,16.699,0.3333333333333333,0.6666666666666666,0.0,2025
656986,"Sousa, Bennett",Pit,117,279,279,169.0,16.713,110.0,16.713,0.060931899641577,0.92831541218638,0.010752688172043,2025
605488,"Springs, Jeffrey",Pit,133,1324,1324,898.0,16.722,426.0,16.722,0.1419939577039275,0.8549848942598187,0.0030211480362537,2025
687473,"Gusto, Ryan",Pit,146,762,762,450.0,16.724,312.0,16.724,0.1181102362204724,0.8753280839895013,0.0065616797900262,2025
554340,"García, Yimi",Pit,141,149,149,79.0,16.724,70.0,16.724,0.1208053691275167,0.8590604026845637,0.0201342281879194,2025
650671,"Quijada, José",Pit,108,23,23,12.0,16.725,11.0,16.725,0.0869565217391304,0.9130434782608696,0.0,2025
691587,"Pérez, Eury",Pit,146,677,677,502.0,16.733,175.0,16.733,0.2141802067946824,0.7680945347119645,0.017725258493353,2025
676760,"Marinaccio, Ron",Pit,135,65,65,47.0,16.735,18.0,16.735,0.1692307692307692,0.8307692307692308,0.0,2025
500779,"Quintana, Jose",Pit,158,1029,1029,678.0,16.754,351.0,16.754,0.1341107871720116,0.858114674441205,0.0077745383867832,2025
621114,"Burr, Ryan",Pit,141,17,17,15.0,16.757,2.0,16.757,0.1764705882352941,0.7647058823529411,0.0588235294117647,2025
642016,"Robert, Daniel",Pit,143,119,119,63.0,16.763,56.0,16.763,0.0168067226890756,0.9747899159663864,0.0084033613445378,2025
682171,"Murfee, Penn",Pit,145,105,105,54.0,16.77,51.0,16.77,0.0761904761904762,0.9047619047619048,0.019047619047619,2025
700241,"McGreevy, Michael",Pit,138,619,619,410.0,16.775,209.0,16.775,0.1615508885298869,0.8336025848142165,0.0048465266558966,2025
623433,"Anderson, Nick",Pit,115,98,98,52.0,16.775,46.0,16.775,0.1020408163265306,0.8979591836734694,0.0,2025
676742,"Sanders, Cam",Pit,134,72,72,39.0,16.777,33.0,16.777,0.1111111111111111,0.875,0.0138888888888888,2025
701542,"Warren, Will",Pit,147,1333,1333,791.0,16.783,542.0,16.783,0.1545386346586646,0.8357089272318079,0.0097524381095273,2025
665660,"Alvarado, Elvis",Pit,133,342,342,205.0,16.785,137.0,16.785,0.1111111111111111,0.8830409356725146,0.0058479532163742,2025
669622,"Bender, Anthony",Pit,146,381,381,226.0,16.785,155.0,16.785,0.1128608923884514,0.8766404199475065,0.0104986876640419,2025
663559,"Falter, Bailey",Pit,118,877,877,590.0,16.792,287.0,16.792,0.1083238312428734,0.8848346636259977,0.0068415051311288,2025
657044,"Thompson, Ryan",Pit,109,273,273,157.0,16.797,116.0,16.797,0.0659340659340659,0.9194139194139194,0.0146520146520146,2025
666171,"Zeferjahn, Ryan",Pit,108,441,441,253.0,16.809,188.0,16.809,0.1020408163265306,0.891156462585034,0.0068027210884353,2025
670912,"Oviedo, Johan",Pit,134,317,317,200.0,16.812,117.0,16.812,0.1293375394321766,0.861198738170347,0.0094637223974763,2025
669711,"Weissert, Greg",Pit,111,478,478,241.0,16.821,237.0,16.821,0.0543933054393305,0.9456066945606696,0.0,2025
696149,"Chandler, Bubba",Pit,134,192,192,124.0,16.833,68.0,16.833,0.1822916666666666,0.8125,0.0052083333333333,2025
687922,"Lucas, Easton",Pit,141,172,172,122.0,16.837,50.0,16.837,0.0523255813953488,0.9476744186046512,0.0,2025
605513,"Turnbull, Spencer",Pit,141,57,57,31.0,16.839,26.0,16.839,0.1578947368421052,0.7719298245614035,0.0701754385964912,2025
801434,"Gervase, Paul",Pit,119,65,65,47.0,16.845,18.0,16.845,0.0615384615384615,0.9384615384615383,0.0,2025
543056,"Coulombe, Danny",Pit,140,270,270,152.0,16.856,118.0,16.856,0.0555555555555555,0.9333333333333332,0.0111111111111111,2025
681751,"Estrada, Lazaro",Pit,141,46,46,23.0,16.858,23.0,16.858,0.0869565217391304,0.8913043478260869,0.0217391304347826,2025
625643,"López, Reynaldo",Pit,144,36,36,17.0,16.867,19.0,16.867,0.2222222222222222,0.7777777777777778,0.0,2025
701487,"Ohl, Pierson",Pit,142,223,223,140.0,16.888,83.0,16.888,0.1031390134529148,0.8699551569506726,0.0269058295964125,2025
666277,"Soriano, George",Pit,146,309,309,154.0,16.895,155.0,16.895,0.0679611650485436,0.9288025889967636,0.0032362459546925,2025
544150,"Suárez, Albert",Pit,110,68,68,45.0,16.899,23.0,16.899,0.1029411764705882,0.8823529411764706,0.0147058823529411,2025
666661,"Morillo, Juan",Pit,109,258,258,93.0,16.9,165.0,16.9,0.0736434108527131,0.9186046511627908,0.0077519379844961,2025
458677,"Wilson, Justin",Pit,111,315,315,142.0,16.91,173.0,16.91,0.0603174603174603,0.9396825396825396,0.0,2025
665152,"Kremer, Dean",Pit,110,1155,1155,803.0,16.917,352.0,16.917,0.1402597402597402,0.8545454545454545,0.0051948051948051,2025
670174,"Winckowski, Josh",Pit,111,83,83,40.0,16.923,43.0,16.923,0.0602409638554216,0.9036144578313252,0.036144578313253,2025
674444,"Cruz, Steven",Pit,118,265,265,164.0,16.931,101.0,16.931,0.090566037735849,0.9056603773584906,0.0037735849056603,2025
802419,"Harrington, Thomas",Pit,134,84,84,49.0,16.944,35.0,16.944,0.0952380952380952,0.9047619047619048,0.0,2025
677865,"Bruihl, Justin",Pit,141,105,105,49.0,16.95,56.0,16.95,0.0380952380952381,0.9523809523809524,0.0095238095238095,2025
676755,"Mattson, Isaac",Pit,134,333,333,190.0,16.957,143.0,16.957,0.075075075075075,0.915915915915916,0.009009009009009,2025
621237,"Alvarado, José",Pit,143,195,195,127.0,16.958,68.0,16.958,0.0615384615384615,0.9282051282051282,0.0102564102564102,2025
657756,"Seabold, Connor",Pit,144,72,72,37.0,16.963,35.0,16.963,0.0694444444444444,0.9027777777777778,0.0277777777777777,2025
802686,"Harris, Hayden",Pit,144,21,21,9.0,16.97,12.0,16.97,0.0,1.0,0.0,2025
664294,"Moreta, Dauri",Pit,134,122,122,78.0,16.97,44.0,16.97,0.0491803278688524,0.9508196721311476,0.0,2025
641778,"Lauer, Eric",Pit,141,702,702,500.0,16.971,202.0,16.971,0.0883190883190883,0.905982905982906,0.0056980056980056,2025
642701,"Santana, Dennis",Pit,134,408,408,270.0,16.984,138.0,16.984,0.0490196078431372,0.9411764705882352,0.0098039215686274,2025
676395,"Garcia, Robert",Pit,140,382,382,224.0,16.991,158.0,16.991,0.0863874345549738,0.9057591623036648,0.0078534031413612,2025
657585,"Garrett, Reed",Pit,121,436,436,236.0,16.993,200.0,16.993,0.091743119266055,0.8876146788990825,0.0206422018348623,2025
669467,"Pallante, Andre",Pit,138,1149,1149,750.0,17.001,399.0,17.001,0.0591818973020017,0.9321148825065274,0.0087032201914708,2025
605540,"Woodruff, Brandon",Pit,158,385,385,294.0,17.041,91.0,17.041,0.0779220779220779,0.9194805194805196,0.0025974025974025,2025
664849,"Young, Danny",Pit,121,87,87,36.0,17.045,51.0,17.045,0.057471264367816,0.9310344827586208,0.0114942528735632,2025
664076,"Cleavinger, Garrett",Pit,139,358,358,238.0,17.047,120.0,17.047,0.0446927374301676,0.946927374301676,0.0083798882681564,2025
657571,"Ferguson, Caleb",Pit,136,448,448,278.0,17.047,170.0,17.047,0.0803571428571428,0.9084821428571428,0.0111607142857142,2025
694819,"Misiorowski, Jacob",Pit,158,499,499,299.0,17.051,200.0,17.051,0.0781563126252505,0.9118236472945892,0.0100200400801603,2025
660787,"De los Santos, Yerry",Pit,147,256,256,155.0,17.051,101.0,17.051,0.10546875,0.8828125,0.01171875,2025
660853,"De Los Santos, Enyel",Pit,117,466,466,276.0,17.057,190.0,17.057,0.0987124463519313,0.8884120171673819,0.0128755364806866,2025
702056,"Yesavage, Trey",Pit,141,105,105,63.0,17.062,42.0,17.062,0.0857142857142857,0.9142857142857144,0.0,2025
608717,"Stratton, Chris",Pit,119,179,179,96.0,17.074,83.0,17.074,0.0670391061452514,0.9273743016759776,0.0055865921787709,2025
621199,"Bowman, Matt",Pit,110,212,212,121.0,17.079,91.0,17.079,0.0424528301886792,0.9528301886792452,0.0047169811320754,2025
647315,"Pop, Zach",Pit,121,57,57,35.0,17.081,22.0,17.081,0.0701754385964912,0.9298245614035088,0.0,2025
681293,"Arrighetti, Spencer",Pit,117,274,274,185.0,17.082,89.0,17.082,0.1277372262773722,0.8722627737226277,0.0,2025
518397,"Alexander, Scott",Pit,137,136,136,76.0,17.082,60.0,17.082,0.0367647058823529,0.9632352941176472,0.0,2025
664208,"Maton, Phil",Pit,140,449,449,226.0,17.097,223.0,17.097,0.0244988864142538,0.9688195991091314,0.0066815144766146,2025
667297,"Nance, Tommy",Pit,141,200,200,130.0,17.102,70.0,17.102,0.045,0.955,0.0,2025
702795,"Loutos, Ryan",Pit,120,103,103,42.0,17.104,61.0,17.104,0.0194174757281553,0.9805825242718448,0.0,2025
681882,"Selby, Colin",Pit,110,90,90,54.0,17.107,36.0,17.107,0.0555555555555555,0.9222222222222224,0.0222222222222222,2025
663158,"Suarez, Robert",Pit,135,429,429,292.0,17.132,137.0,17.132,0.0769230769230769,0.9207459207459208,0.0023310023310023,2025
670167,"Schreiber, John",Pit,118,489,489,258.0,17.134,231.0,17.134,0.0695296523517382,0.9304703476482618,0.0,2025
640451,"Harvey, Hunter",Pit,118,72,72,55.0,17.136,17.0,17.136,0.0416666666666666,0.9305555555555556,0.0277777777777777,2025
670280,"Bednar, David",Pit,147,437,437,286.0,17.138,151.0,17.138,0.0663615560640732,0.9267734553775744,0.0068649885583524,2025
656730,"Megill, Trevor",Pit,158,302,302,175.0,17.147,127.0,17.147,0.0662251655629139,0.9238410596026492,0.009933774834437,2025
699911,"Darnell, Dugan",Pit,115,87,87,35.0,17.158,52.0,17.158,0.0344827586206896,0.9540229885057472,0.0114942528735632,2025
650911,"Sánchez, Cristopher",Pit,143,1212,1212,789.0,17.167,423.0,17.167,0.1047854785478547,0.8910891089108911,0.0041254125412541,2025
623474,"Herget, Jimmy",Pit,115,590,590,353.0,17.169,237.0,17.169,0.0864406779661016,0.8932203389830509,0.0203389830508474,2025
676702,"Stratton, Hunter",Pit,144,134,134,69.0,17.169,65.0,17.169,0.0522388059701492,0.9402985074626866,0.0074626865671641,2025
688297,"Roycroft, Chris",Pit,138,176,176,78.0,17.174,98.0,17.174,0.0170454545454545,0.9772727272727272,0.0056818181818181,2025
664948,"Misiewicz, Anthony",Pit,142,54,54,34.0,17.174,20.0,17.174,0.0185185185185185,0.9814814814814816,0.0,2025
628317,"Maeda, Kenta",Pit,116,68,68,34.0,17.179,34.0,17.179,0.0294117647058823,0.9705882352941176,0.0,2025
661403,"Clase, Emmanuel",Pit,114,260,260,145.0,17.18,115.0,17.18,0.0384615384615384,0.9423076923076924,0.0192307692307692,2025
656302,"Cease, Dylan",Pit,135,1274,1274,834.0,17.192,440.0,17.192,0.1200941915227629,0.8775510204081632,0.0023547880690737,2025
666808,"Doval, Camilo",Pit,147,458,458,254.0,17.207,204.0,17.207,0.0589519650655021,0.9301310043668122,0.0109170305676855,2025
622554,"Domínguez, Seranthony",Pit,141,461,461,269.0,17.208,192.0,17.208,0.0412147505422993,0.945770065075922,0.0130151843817787,2025
605177,"Chafin, Andrew",Pit,108,236,236,145.0,17.211,91.0,17.211,0.1016949152542373,0.8813559322033898,0.0169491525423728,2025
694037,"Palencia, Daniel",Pit,112,341,341,212.0,17.223,129.0,17.223,0.0293255131964809,0.9618768328445748,0.0087976539589442,2025
434378,"Verlander, Justin",Pit,137,1089,1089,669.0,17.236,420.0,17.236,0.0973370064279155,0.8999081726354453,0.0027548209366391,2025
656546,"Hoffman, Jeff",Pit,141,456,456,312.0,17.246,144.0,17.246,0.0307017543859649,0.9583333333333334,0.0109649122807017,2025
595014,"Treinen, Blake",Pit,119,214,214,94.0,17.258,120.0,17.258,0.0186915887850467,0.9626168224299064,0.0186915887850467,2025
689225,"Brieske, Beau",Pit,116,181,181,118.0,17.267,63.0,17.267,0.0883977900552486,0.9060773480662984,0.005524861878453,2025
663765,"Woodford, Jake",Pit,109,288,288,158.0,17.271,130.0,17.271,0.0277777777777777,0.9722222222222222,0.0,2025
592094,"Adam, Jason",Pit,135,451,451,293.0,17.273,158.0,17.273,0.0310421286031042,0.9645232815964524,0.0044345898004434,2025
687166,"Pope, Austin",Pit,109,17,17,11.0,17.276,6.0,17.276,0.0,1.0,0.0,2025
685005,"Roa, Christian",Pit,146,19,19,11.0,17.293,8.0,17.293,0.0,1.0,0.0,2025
663455,"Pilkington, Konnor",Pit,120,221,221,134.0,17.297,87.0,17.297,0.0316742081447963,0.9592760180995475,0.0090497737556561,2025
642100,"Speier, Gabe",Pit,136,354,354,220.0,17.308,134.0,17.308,0.096045197740113,0.8983050847457628,0.0056497175141242,2025
676917,"Cavalli, Cade",Pit,120,312,312,193.0,17.331,119.0,17.331,0.1057692307692307,0.8878205128205128,0.0064102564102564,2025
663460,"Bubic, Kris",Pit,118,788,788,509.0,17.334,279.0,17.334,0.0545685279187817,0.9390862944162436,0.0063451776649746,2025
668834,"McGee, Easton",Pit,158,88,88,54.0,17.341,34.0,17.341,0.0454545454545454,0.9431818181818182,0.0113636363636363,2025
664875,"Lawrence, Justin",Pit,134,131,131,84.0,17.348,47.0,17.348,0.0381679389312977,0.9618320610687024,0.0,2025
543135,"Eovaldi, Nathan",Pit,140,818,818,584.0,17.35,234.0,17.35,0.1124694376528117,0.8814180929095354,0.0061124694376528,2025
676664,"Sears, JP",Pit,135,1105,1105,719.0,17.364,386.0,17.364,0.0579185520361991,0.9375565610859729,0.004524886877828,2025
670329,"Garcia, Rico",Pit,110,240,240,153.0,17.373,87.0,17.373,0.0458333333333333,0.9375,0.0166666666666666,2025
670059,"Holderman, Colin",Pit,134,198,198,84.0,17.375,114.0,17.375,0.0252525252525252,0.9595959595959596,0.0151515151515151,2025
541640,"Ramírez, Erasmo",Pit,142,68,68,34.0,17.38,34.0,17.38,0.0,1.0,0.0,2025
663362,"Waldron, Matt",Pit,135,47,47,37.0,17.382,10.0,17.382,0.1914893617021276,0.8085106382978723,0.0,2025
641386,"Bowden, Ben",Pit,133,76,76,48.0,17.382,28.0,17.382,0.0131578947368421,0.986842105263158,0.0,2025
671111,"Peralta, Sammy",Pit,108,64,64,36.0,17.396,28.0,17.396,0.09375,0.90625,0.0,2025
801216,"Montes De Oca, Christian",Pit,109,27,27,23.0,17.418,4.0,17.418,0.037037037037037,0.9629629629629628,0.0,2025
519326,"Strickland, Hunter",Pit,108,142,142,79.0,17.42,63.0,17.42,0.028169014084507,0.971830985915493,0.0,2025
663432,"Rainey, Tanner",Pit,116,78,78,52.0,17.445,26.0,17.445,0.0128205128205128,0.9743589743589745,0.0128205128205128,2025
678215,"Arias, Luarbert",Pit,146,91,91,48.0,17.46,43.0,17.46,0.0879120879120879,0.9010989010989012,0.0109890109890109,2025
687362,"Gillispie, Connor",Pit,146,208,208,130.0,17.474,78.0,17.474,0.0721153846153846,0.9182692307692308,0.0096153846153846,2025
673929,"Leasure, Jordan",Pit,145,476,476,282.0,17.479,194.0,17.479,0.0126050420168067,0.9852941176470588,0.0021008403361344,2025
572955,"Johnson, Pierce",Pit,144,429,429,243.0,17.49,186.0,17.49,0.0326340326340326,0.958041958041958,0.0093240093240093,2025
547973,"Chapman, Aroldis",Pit,111,325,325,211.0,17.517,114.0,17.517,0.003076923076923,0.9876923076923076,0.0092307692307692,2025
595897,"Burdi, Nick",Pit,111,41,41,19.0,17.519,22.0,17.519,0.048780487804878,0.951219512195122,0.0,2025
676571,"Poulin, PJ",Pit,120,190,190,98.0,17.542,92.0,17.542,0.0157894736842105,0.9736842105263158,0.0105263157894736,2025
542888,"Armstrong, Shawn",Pit,140,489,489,272.0,17.56,217.0,17.56,0.016359918200409,0.98159509202454,0.0020449897750511,2025
571946,"Miller, Shelby",Pit,158,292,292,177.0,17.562,115.0,17.562,0.0342465753424657,0.9657534246575342,0.0,2025
489446,"Yates, Kirby",Pit,119,302,302,204.0,17.563,98.0,17.563,0.0033112582781456,0.9900662251655628,0.0066225165562913,2025
643410,"Leiter Jr., Mark",Pit,147,353,353,167.0,17.577,186.0,17.577,0.0141643059490084,0.9603399433427762,0.0254957507082152,2025
664285,"Valdez, Framber",Pit,117,1213,1213,771.0,17.588,442.0,17.588,0.1723000824402308,0.8145094806265457,0.0131904369332234,2025
592454,"Kahnle, Tommy",Pit,116,492,492,284.0,17.593,208.0,17.593,0.0121951219512195,0.9817073170731708,0.0060975609756097,2025
672782,"Gómez, Yoendrys",Pit,145,485,485,273.0,17.602,212.0,17.602,0.0515463917525773,0.9422680412371134,0.0061855670103092,2025
663558,"Morán, Jovani",Pit,111,30,30,13.0,17.603,17.0,17.603,0.0666666666666666,0.9333333333333332,0.0,2025
656288,"Canning, Griffin",Pit,121,586,586,381.0,17.608,205.0,17.608,0.0887372013651877,0.8924914675767918,0.0187713310580204,2025
641656,"Hamilton, Ian",Pit,147,263,263,151.0,17.611,112.0,17.611,0.0304182509505703,0.9657794676806084,0.0038022813688212,2025
554431,"Matzek, Tyler",Pit,147,56,56,26.0,17.612,30.0,17.612,0.0535714285714285,0.9464285714285714,0.0,2025
621345,"Minter, A.J.",Pit,121,88,88,50.0,17.615,38.0,17.615,0.0113636363636363,0.9659090909090908,0.0227272727272727,2025
656731,"Megill, Tylor",Pit,121,529,529,330.0,17.634,199.0,17.634,0.0453686200378071,0.947069943289225,0.0075614366729678,2025
606996,"Hart, Kyle",Pit,135,319,319,229.0,17.637,90.0,17.637,0.0438871473354232,0.9529780564263324,0.0031347962382445,2025
672391,"Ort, Kaleb",Pit,117,349,349,202.0,17.644,147.0,17.644,0.0601719197707736,0.9312320916905444,0.0085959885386819,2025
594580,"Moll, Sam",Pit,113,164,164,110.0,17.647,54.0,17.647,0.1402439024390244,0.8597560975609756,0.0,2025
678394,"Bello, Brayan",Pit,111,1188,1188,754.0,17.649,434.0,17.649,0.0942760942760942,0.8981481481481481,0.0075757575757575,2025
641585,"France, J.P.",Pit,117,40,40,31.0,17.655,9.0,17.655,0.0,1.0,0.0,2025
669947,"Scholtens, Jesse",Pit,139,67,67,47.0,17.66,20.0,17.66,0.0149253731343283,0.9701492537313432,0.0149253731343283,2025
693645,"Schlittler, Cam",Pit,147,506,506,334.0,17.662,172.0,17.662,0.0612648221343873,0.9367588932806324,0.0019762845849802,2025
593423,"Montas, Frankie",Pit,121,288,288,176.0,17.673,112.0,17.673,0.0208333333333333,0.9652777777777778,0.0138888888888888,2025
642520,"Garabito, Gerson",Pit,140,56,56,20.0,17.69,36.0,17.69,0.0178571428571428,0.9821428571428572,0.0,2025
682610,"Muñoz, Roddery",Pit,138,87,87,57.0,17.709,30.0,17.709,0.0114942528735632,0.9770114942528736,0.0114942528735632,2025
664991,"Wolfram, Grant",Pit,110,222,222,97.0,17.71,125.0,17.71,0.018018018018018,0.9684684684684683,0.0135135135135135,2025
679922,"Duran, Carlos",Pit,133,17,17,8.0,17.713,9.0,17.713,0.0,1.0,0.0,2025
682842,"Uribe, Abner",Pit,158,503,503,318.0,17.72,185.0,17.72,0.0417495029821073,0.9502982107355864,0.0079522862823061,2025
664192,"Lucchesi, Joey",Pit,137,287,287,188.0,17.736,99.0,17.736,0.0662020905923344,0.9163763066202092,0.0174216027874564,2025
687830,"Gipson-Long, Sawyer",Pit,116,186,186,129.0,17.739,57.0,17.739,0.0161290322580645,0.978494623655914,0.0053763440860215,2025
687765,"Spence, Mitch",Pit,133,566,566,361.0,17.743,205.0,17.743,0.0353356890459364,0.9593639575971732,0.0053003533568904,2025
663893,"Little, Brendon",Pit,141,522,522,302.0,17.758,220.0,17.758,0.0977011494252873,0.89272030651341,0.0095785440613026,2025
472610,"García, Luis",Pit,108,365,365,205.0,17.787,160.0,17.787,0.0027397260273972,0.9917808219178084,0.0054794520547945,2025
694350,"Brzykcy, Zach",Pit,120,192,192,110.0,17.793,82.0,17.793,0.0260416666666666,0.953125,0.0208333333333333,2025
695534,"Petty, Chase",Pit,113,78,78,38.0,17.794,40.0,17.794,0.0512820512820512,0.9487179487179488,0.0,2025
678316,"Cruz, Omar",Pit,135,43,43,25.0,17.799,18.0,17.799,0.0,1.0,0.0,2025
678368,"Bellozo, Valente",Pit,146,569,569,374.0,17.813,195.0,17.813,0.0773286467486819,0.9156414762741651,0.0070298769771528,2025
502043,"Gibson, Kyle",Pit,110,122,122,62.0,17.824,60.0,17.824,0.0163934426229508,0.9754098360655736,0.0081967213114754,2025
592779,"Stewart, Brock",Pit,119,241,241,132.0,17.841,109.0,17.841,0.0041493775933609,0.983402489626556,0.0124481327800829,2025
641941,"Pagán, Emilio",Pit,113,415,415,270.0,17.841,145.0,17.841,0.0048192771084337,0.9855421686746988,0.0096385542168674,2025
669372,"Ginn, J.T.",Pit,133,743,743,455.0,17.848,288.0,17.848,0.0497981157469717,0.9407806191117092,0.0094212651413189,2025
689254,"Fluharty, Mason",Pit,141,387,387,233.0,17.857,154.0,17.857,0.0284237726098191,0.9715762273901808,0.0,2025
683004,"Leiter, Jack",Pit,140,1086,1086,674.0,17.86,412.0,17.86,0.0248618784530386,0.9640883977900552,0.011049723756906,2025
669330,"Wells, Tyler",Pit,110,137,137,91.0,17.872,46.0,17.872,0.0072992700729927,0.9927007299270072,0.0,2025
684320,"Rodríguez, Yariel",Pit,141,519,519,321.0,17.873,198.0,17.873,0.0269749518304431,0.9614643545279384,0.0115606936416184,2025
664062,"Gonsolin, Tony",Pit,119,271,271,188.0,17.879,83.0,17.879,0.033210332103321,0.96309963099631,0.003690036900369,2025
664353,"Urquidy, José",Pit,116,23,23,13.0,17.882,10.0,17.882,0.1304347826086956,0.8695652173913043,0.0,2025
670970,"Morejon, Adrian",Pit,135,445,445,248.0,17.889,197.0,17.889,0.0337078651685393,0.9640449438202248,0.0022471910112359,2025
686613,"Brown, Hunter",Pit,117,1324,1324,939.0,17.896,385.0,17.896,0.1336858006042296,0.8610271903323263,0.0052870090634441,2025
669194,"Nelson, Ryne",Pit,109,1062,1062,701.0,17.906,361.0,17.906,0.0094161958568738,0.987758945386064,0.0028248587570621,2025
518886,"Kimbrel, Craig",Pit,117,102,102,61.0,17.93,41.0,17.93,0.0,0.9803921568627452,0.0196078431372549,2025
666214,"Wentz, Joey",Pit,144,727,727,452.0,17.946,275.0,17.946,0.0068775790921595,0.9917469050894084,0.0013755158184319,2025
692230,"Rodriguez, Carlos",Pit,158,89,89,57.0,17.958,32.0,17.958,0.1348314606741573,0.8539325842696629,0.0112359550561797,2025
543243,"Gray, Sonny",Pit,138,1160,1160,808.0,17.976,352.0,17.976,0.0258620689655172,0.9655172413793104,0.0086206896551724,2025
621381,"Strahm, Matt",Pit,143,397,397,249.0,17.98,148.0,17.98,0.0,0.9874055415617128,0.0125944584382871,2025
663562,"Davis, Noah",Pit,142,113,113,57.0,17.983,56.0,17.983,0.0353982300884955,0.9646017699115044,0.0,2025
686654,"Adcock, Ty",Pit,121,32,32,17.0,17.988,15.0,17.988,0.03125,0.96875,0.0,2025
641755,"Kinley, Tyler",Pit,144,511,511,313.0,17.993,198.0,17.993,0.0156555772994129,0.9765166340508806,0.0078277886497064,2025
642232,"Yarbrough, Ryan",Pit,147,463,463,329.0,18.009,134.0,18.009,0.0172786177105831,0.976241900647948,0.0064794816414686,2025
687606,"Schultz, Paxton",Pit,141,208,208,96.0,18.015,112.0,18.015,0.0048076923076923,0.9951923076923076,0.0,2025
676961,"Boushley, Caleb",Pit,140,364,364,229.0,18.037,135.0,18.037,0.0082417582417582,0.989010989010989,0.0027472527472527,2025
680730,"Parker, Mitchell",Pit,120,1103,1103,697.0,18.038,406.0,18.038,0.0108794197642792,0.9836808703535812,0.0054397098821396,2025
690925,"Beeter, Clayton",Pit,120,205,205,118.0,18.062,87.0,18.062,0.0195121951219512,0.9658536585365852,0.0146341463414634,2025
687377,"Ribalta, Orlando",Pit,120,208,208,114.0,18.064,94.0,18.064,0.0913461538461538,0.8894230769230769,0.0192307692307692,2025
682243,"Miller, Bryce",Pit,136,638,638,393.0,18.084,245.0,18.084,0.0313479623824451,0.963949843260188,0.0047021943573667,2025
669160,"May, Dustin",Pit,111,995,995,577.0,18.091,418.0,18.091,0.0070351758793969,0.9899497487437184,0.0030150753768844,2025
663321,"Hernandez, Nick",Pit,117,103,103,69.0,18.111,34.0,18.111,0.0097087378640776,0.9805825242718448,0.0097087378640776,2025
506433,"Darvish, Yu",Pit,135,500,500,355.0,18.119,145.0,18.119,0.05,0.942,0.008,2025
608331,"Fried, Max",Pit,147,1373,1373,935.0,18.155,438.0,18.155,0.0538965768390386,0.9359067734887108,0.0101966496722505,2025
700669,"Graceffo, Gordon",Pit,138,298,298,164.0,18.173,134.0,18.173,0.0369127516778523,0.9563758389261744,0.0067114093959731,2025
605182,"Clevinger, Mike",Pit,145,47,47,23.0,18.185,24.0,18.185,0.0212765957446808,0.9787234042553192,0.0,2025
681799,"Roberts, Ethan",Pit,112,61,61,22.0,18.194,39.0,18.194,0.0,1.0,0.0,2025
665625,"Peguero, Elvis",Pit,145,78,78,37.0,18.212,41.0,18.212,0.0769230769230769,0.9230769230769232,0.0,2025
664299,"Javier, Cristian",Pit,117,281,281,179.0,18.22,102.0,18.22,0.0142348754448398,0.9857651245551602,0.0,2025
605135,"Bassitt, Chris",Pit,141,1247,1247,808.0,18.225,439.0,18.225,0.0665597433841218,0.9238171611868484,0.0096230954290296,2025
592351,"Gray, Jon",Pit,140,82,82,58.0,18.23,24.0,18.23,0.0,0.9878048780487804,0.0121951219512195,2025
592332,"Gausman, Kevin",Pit,141,1210,1210,823.0,18.242,387.0,18.242,0.0082644628099173,0.984297520661157,0.0074380165289256,2025
518585,"Cruz, Fernando",Pit,147,352,352,199.0,18.248,153.0,18.248,0.065340909090909,0.9289772727272728,0.0056818181818181,2025
455119,"Martin, Chris",Pit,140,231,231,128.0,18.265,103.0,18.265,0.0129870129870129,0.9783549783549784,0.0086580086580086,2025
680704,"Sandlin, Nick",Pit,141,130,130,70.0,18.268,60.0,18.268,0.0076923076923076,0.9846153846153848,0.0076923076923076,2025
687424,"Maldonado, Anthony",Pit,133,59,59,30.0,18.27,29.0,18.27,0.0169491525423728,0.9830508474576272,0.0,2025
669093,"Estrada, Jeremiah",Pit,135,485,485,284.0,18.275,201.0,18.275,0.0041237113402061,0.9855670103092784,0.0103092783505154,2025
670990,"Ramírez, Yohan",Pit,134,245,245,115.0,18.278,130.0,18.278,0.0081632653061224,0.979591836734694,0.0122448979591836,2025
683618,"Henriquez, Edgardo",Pit,119,106,106,67.0,18.289,39.0,18.289,0.0,0.9622641509433962,0.0377358490566037,2025
445276,"Jansen, Kenley",Pit,108,281,281,200.0,18.299,81.0,18.299,0.0035587188612099,0.98220640569395,0.0142348754448398,2025
691441,"Mena, Cristian",Pit,109,42,42,32.0,18.308,10.0,18.308,0.0238095238095238,0.9523809523809524,0.0238095238095238,2025
693433,"Woo, Bryan",Pit,136,1100,1100,763.0,18.309,337.0,18.309,0.0127272727272727,0.980909090909091,0.0063636363636363,2025
656848,"Petersen, Michael",Pit,146,127,127,81.0,18.319,46.0,18.319,0.0,0.9921259842519684,0.0078740157480314,2025
701656,"Henderson, Logan",Pit,158,160,160,113.0,18.326,47.0,18.326,0.00625,0.9875,0.00625,2025
607179,"Weems, Jordan",Pit,117,44,44,22.0,18.339,22.0,18.339,0.0,1.0,0.0,2025
680694,"Bradish, Kyle",Pit,110,218,218,146.0,18.353,72.0,18.353,0.0137614678899082,0.9770642201834864,0.0091743119266055,2025
669704,"Strowd, Kade",Pit,110,173,173,99.0,18.361,74.0,18.361,0.0057803468208092,0.9884393063583816,0.0057803468208092,2025
678020,"Halvorsen, Seth",Pit,115,276,276,170.0,18.379,106.0,18.379,0.0036231884057971,0.9927536231884058,0.0036231884057971,2025
605400,"Nola, Aaron",Pit,143,701,701,458.0,18.387,243.0,18.387,0.0057061340941512,0.992867332382311,0.0014265335235378,2025
677651,"Garcia, Luis",Pit,117,49,49,47.0,18.391,2.0,18.391,0.0,1.0,0.0,2025
669358,"Baz, Shane",Pit,139,1140,1140,726.0,18.396,414.0,18.396,0.0052631578947368,0.9833333333333332,0.0114035087719298,2025
642216,"Winans, Allan",Pit,147,73,73,36.0,18.476,37.0,18.476,0.0,1.0,0.0,2025
669391,"White, Owen",Pit,145,52,52,30.0,18.482,22.0,18.482,0.0,1.0,0.0,2025
605452,"Ross, Joe",Pit,143,357,357,167.0,18.523,190.0,18.523,0.0140056022408963,0.9859943977591036,0.0,2025
642207,"Williams, Devin",Pit,147,451,451,266.0,18.53,185.0,18.53,0.0,0.9866962305986696,0.0133037694013303,2025
657376,"Schmidt, Clarke",Pit,147,537,537,387.0,18.578,150.0,18.578,0.0465549348230912,0.9422718808193667,0.0111731843575419,2025
650893,"Cabrera, Génesis",Pit,142,306,306,199.0,18.58,107.0,18.58,0.0163398692810457,0.9705882352941176,0.0130718954248366,2025
694851,"Hoffmann, Andrew",Pit,109,103,103,56.0,18.596,47.0,18.596,0.0,1.0,0.0,2025
669302,"Gilbert, Logan",Pit,136,847,847,621.0,18.598,226.0,18.598,0.0035419126328217,0.9775678866587958,0.0188902007083825,2025
680701,"Rooney, John",Pit,117,13,13,6.0,18.604,7.0,18.604,0.0,1.0,0.0,2025
493603,"Ottavino, Adam",Pit,147,20,20,5.0,18.625,15.0,18.625,0.0,1.0,0.0,2025
640448,"Finnegan, Kyle",Pit,116,341,341,175.0,18.64,166.0,18.64,0.0058651026392961,0.9912023460410556,0.002932551319648,2025
664854,"Helsley, Ryan",Pit,121,358,358,209.0,18.69,149.0,18.69,0.0139664804469273,0.9720670391061452,0.0139664804469273,2025
671305,"Otañez, Michel",Pit,133,65,65,41.0,18.691,24.0,18.691,0.0153846153846153,0.9846153846153848,0.0,2025
674384,"Núñez, Eduarniel",Pit,133,106,106,47.0,18.822,59.0,18.822,0.0,1.0,0.0,2025
681006,"Simpson, Josh",Pit,146,257,257,128.0,18.898,129.0,18.898,0.0,0.9844357976653696,0.0155642023346303,2025
666659,"Lao, Sauryn",Pit,120,76,76,46.0,18.939,30.0,18.939,0.0131578947368421,0.9736842105263158,0.0131578947368421,2025
681911,"Vesia, Alex",Pit,119,421,421,265.0,18.994,156.0,18.994,0.0,0.997624703087886,0.002375296912114,2025
688158,"Morgan, David",Pit,135,322,322,185.0,19.04,137.0,19.04,0.0062111801242236,0.9813664596273292,0.0124223602484472,2025
642585,"Bautista, Félix",Pit,110,268,268,175.0,19.047,93.0,19.047,0.0074626865671641,0.9738805970149254,0.0186567164179104,2025
699134,"Rodriguez, Bradgley",Pit,135,55,55,21.0,19.061,34.0,19.061,0.0181818181818181,0.9818181818181818,0.0,2025
621051,"Wilson, Steven",Pit,145,413,413,230.0,19.117,183.0,19.117,0.0,0.9878934624697336,0.0121065375302663,2025
664126,"Fairbanks, Pete",Pit,139,393,393,255.0,19.125,138.0,19.125,0.0,0.9770992366412212,0.0229007633587786,2025
642528,"Loáisiga, Jonathan",Pit,147,186,186,114.0,19.141,72.0,19.141,0.0,1.0,0.0,2025
596133,"Weaver, Luke",Pit,147,402,402,245.0,19.449,157.0,19.449,0.0024875621890547,0.9900497512437813,0.0074626865671641,2025
675540,"Curry, Xzavion",Pit,146,20,20,10.0,19.472,10.0,19.472,0.0,1.0,0.0,2025
673513,"Matsui, Yuki",Pit,135,435,435,239.0,19.98,196.0,19.98,0.0,0.9839080459770116,0.0160919540229885,2025
642180,"Wade, Tyler",Pit,135,12,12,,,12.0,,1.0,0.0,0.0,2025
656716,"McKinstry, Zach",Pit,116,1,1,,,1.0,,1.0,0.0,0.0,2025
571657,"Farmer, Kyle",Pit,115,2,2,,,2.0,,1.0,0.0,0.0,2025
676475,"Burleson, Alec",Pit,138,3,3,,,3.0,,1.0,0.0,0.0,2025
676510,"Hoffman, Nolan",Pit,143,8,8,,,8.0,,0.0,1.0,0.0,2025
608671,"Jankowski, Travis",Pit,121,5,5,,,5.0,,1.0,0.0,0.0,2025
656638,"Lange, Alex",Pit,116,2,2,,,2.0,,0.5,0.5,0.0,2025
676070,"Amaya, Jacob",Pit,145,1,1,,,1.0,,1.0,0.0,0.0,2025
643396,"Kiner-Falefa, Isiah",Pit,141,4,4,,,4.0,,1.0,0.0,0.0,2025
677961,"Wilcox, Cole",Pit,139,18,18,,,18.0,,0.0,1.0,0.0,2025
606115,"Arcia, Orlando",Pit,142,8,8,4.0,7.121,4.0,7.121,1.0,0.0,0.0,2026
664954,"Sullivan, Brett",Pit,115,45,45,31.0,8.188,14.0,8.188,1.0,0.0,0.0,2026
656577,"Jackson, Alex",Pit,142,13,13,10.0,8.342,3.0,8.342,1.0,0.0,0.0,2026
686894,"Wiemer, Joey",Pit,120,20,20,6.0,8.429,14.0,8.429,1.0,0.0,0.0,2026
663967,"Salazar, César",Pit,117,5,5,5.0,8.457,,8.457,1.0,0.0,0.0,2026
683734,"Vaughn, Andrew",Pit,158,42,42,15.0,8.486,27.0,8.486,0.9761904761904762,0.0238095238095238,0.0,2026
624428,"Frazier, Adam",Pit,108,24,24,5.0,8.597,19.0,8.597,1.0,0.0,0.0,2026
664731,"Higgins, P.J.",Pit,113,5,5,5.0,8.862,,8.862,1.0,0.0,0.0,2026
595978,"Hedges, Austin",Pit,114,26,26,7.0,9.09,19.0,9.09,1.0,0.0,0.0,2026
676694,"Meyers, Jake",Pit,117,6,6,6.0,9.14,,9.14,1.0,0.0,0.0,2026
660844,"Rivas, Leo",Pit,136,18,18,5.0,9.21,13.0,9.21,1.0,0.0,0.0,2026
810938,"Williamson, Ben",Pit,139,27,27,19.0,9.255,8.0,9.255,1.0,0.0,0.0,2026
622761,"Mateo, Jorge",Pit,139,19,19,11.0,9.411,8.0,9.411,0.9473684210526316,0.0526315789473684,0.0,2026
608348,"Kelly, Carson",Pit,112,13,13,9.0,9.417,4.0,9.417,1.0,0.0,0.0,2026
571912,"Maile, Luke",Pit,118,3,3,3.0,9.441,,9.441,1.0,0.0,0.0,2026
620443,"Torrens, Luis",Pit,121,11,11,10.0,9.459,1.0,9.459,1.0,0.0,0.0,2026
644433,"Tromp, Chadwick",Pit,110,8,8,5.0,9.491,3.0,9.491,1.0,0.0,0.0,2026
691594,"Sanoja, Javier",Pit,146,28,28,16.0,9.6,12.0,9.6,0.9285714285714286,0.0714285714285714,0.0,2026
664702,"Straw, Myles",Pit,141,26,26,9.0,9.766,17.0,9.766,0.9615384615384616,0.0384615384615384,0.0,2026
686475,"Tolbert, Tyler",Pit,118,61,61,20.0,9.905,41.0,9.905,0.9836065573770492,0.0163934426229508,0.0,2026
596142,"Sánchez, Gary",Pit,158,16,16,5.0,9.933,11.0,9.933,1.0,0.0,0.0,2026
656716,"McKinstry, Zach",Pit,116,33,33,11.0,9.941,22.0,9.941,0.9696969696969696,0.0303030303030303,0.0,2026
682668,"Acuña, Luisangel",Pit,145,17,17,14.0,10.008,3.0,10.008,0.9411764705882352,0.0588235294117647,0.0,2026
680728,"Del Castillo, Adrian",Pit,109,5,5,2.0,10.043,3.0,10.043,1.0,0.0,0.0,2026
678391,"Vivas, Jorbit",Pit,120,18,18,7.0,10.204,11.0,10.204,0.9444444444444444,0.0555555555555555,0.0,2026
624512,"McGuire, Reese",Pit,145,4,4,4.0,10.232,,10.232,1.0,0.0,0.0,2026
680474,"Schuemann, Max",Pit,147,8,8,3.0,10.275,5.0,10.275,1.0,0.0,0.0,2026
670032,"Lopez, Nicky",Pit,140,14,14,3.0,10.33,11.0,10.33,0.9285714285714286,0.0714285714285714,0.0,2026
640902,"Pereda, Jhonny",Pit,136,7,7,1.0,10.355,6.0,10.355,1.0,0.0,0.0,2026
545121,"Vargas, Ildemaro",Pit,109,28,28,9.0,10.363,19.0,10.363,1.0,0.0,0.0,2026
668670,"Rogers, Jake",Pit,145,26,26,9.0,10.442,17.0,10.442,0.9230769230769232,0.0769230769230769,0.0,2026
596117,"Stubbs, Garrett",Pit,143,15,15,4.0,10.467,11.0,10.467,1.0,0.0,0.0,2026
804926,"Peterson, Austin",Pit,114,15,15,8.0,10.475,7.0,10.475,0.8,0.2,0.0,2026
664238,"Moore, Dylan",Pit,143,7,7,4.0,10.502,3.0,10.502,1.0,0.0,0.0,2026
543510,"McCann, James",Pit,109,18,18,6.0,10.537,12.0,10.537,1.0,0.0,0.0,2026
682997,"Callihan, Tyler",Pit,134,27,27,14.0,10.588,13.0,10.588,0.9629629629629628,0.037037037037037,0.0,2026
655316,"Monasterio, Andruw",Pit,111,15,15,3.0,10.829,12.0,10.829,0.9333333333333332,0.0666666666666666,0.0,2026
623168,"Heineman, Tyler",Pit,108,28,28,21.0,10.972,7.0,10.972,1.0,0.0,0.0,2026
666126,"Cortes, Carlos",Pit,133,75,75,49.0,10.998,26.0,10.998,0.9466666666666668,0.0533333333333333,0.0,2026
660710,"Durán, Rodolfo",Pit,135,17,17,7.0,11.026,10.0,11.026,0.9411764705882352,0.0588235294117647,0.0,2026
663494,"Torres, Bryan",Pit,138,7,7,5.0,11.086,2.0,11.086,1.0,0.0,0.0,2026
687859,"Johnston, Troy",Pit,115,14,14,1.0,11.237,13.0,11.237,1.0,0.0,0.0,2026
668942,"Rojas, Josh",Pit,118,6,6,1.0,11.301,5.0,11.301,1.0,0.0,0.0,2026
642215,"Wilson, Weston",Pit,136,29,29,11.0,11.307,18.0,11.307,0.9310344827586208,0.0689655172413793,0.0,2026
500743,"Rojas, Miguel",Pit,119,23,23,9.0,11.351,14.0,11.351,1.0,0.0,0.0,2026
608718,"Suter, Brent",Pit,144,635,635,395.0,11.526,240.0,11.526,0.7165354330708661,0.2708661417322834,0.0125984251968503,2026
624431,"Trevino, Jose",Pit,113,50,50,27.0,11.582,23.0,11.582,0.96,0.04,0.0,2026
686780,"Pagés, Pedro",Pit,138,6,6,4.0,11.61,2.0,11.61,1.0,0.0,0.0,2026
671106,"Allen, Logan",Pit,114,144,144,77.0,11.977,67.0,11.977,0.7152777777777778,0.2847222222222222,0.0,2026
808825,"Sears, Andrew",Pit,116,165,165,99.0,12.163,66.0,12.163,0.5818181818181818,0.3757575757575757,0.0424242424242424,2026
665665,"Sanmartin, Reiver",Pit,137,159,159,84.0,12.247,75.0,12.247,0.5094339622641509,0.4779874213836478,0.0125786163522012,2026
621389,"Blach, Ty",Pit,112,15,15,15.0,12.361,,12.361,0.9333333333333332,0.0666666666666666,0.0,2026
543309,"Higashioka, Kyle",Pit,140,26,26,12.0,12.374,14.0,12.374,0.9230769230769232,0.0769230769230769,0.0,2026
571927,"Matz, Steven",Pit,139,593,593,395.0,12.391,198.0,12.391,0.627318718381113,0.3625632377740304,0.0101180438448566,2026
663795,"Hagenman, Justin",Pit,121,61,61,47.0,12.523,14.0,12.523,0.6885245901639344,0.2950819672131147,0.0163934426229508,2026
683766,"Koss, Christian",Pit,137,15,15,11.0,12.526,4.0,12.526,1.0,0.0,0.0,2026
670097,"Short, Zack",Pit,121,3,3,3.0,12.571,,12.571,1.0,0.0,0.0,2026
628452,"Iglesias, Raisel",Pit,144,368,368,229.0,12.78,139.0,12.78,0.5896739130434783,0.4021739130434782,0.0081521739130434,2026
592836,"Walker, Taijuan",Pit,143,192,192,114.0,12.943,78.0,12.943,0.5104166666666666,0.4739583333333333,0.015625,2026
676568,"Vanasco, Ricky",Pit,116,85,85,42.0,13.093,43.0,13.093,0.4,0.6,0.0,2026
596001,"Junis, Jakob",Pit,140,368,368,223.0,13.097,145.0,13.097,0.5597826086956522,0.4320652173913043,0.0081521739130434,2026
572143,"Smith, Burch",Pit,116,128,128,86.0,13.144,42.0,13.144,0.59375,0.3984375,0.0078125,2026
656794,"Newcomb, Sean",Pit,145,664,664,365.0,13.188,299.0,13.188,0.4984939759036144,0.4728915662650602,0.0286144578313253,2026
686563,"Cannon, Jonathan",Pit,145,27,27,14.0,13.223,13.0,13.223,0.4814814814814814,0.5185185185185185,0.0,2026
645302,"Robles, Victor",Pit,136,14,14,1.0,13.252,13.0,13.252,0.9285714285714286,0.0714285714285714,0.0,2026
804267,"Thornton, Zac",Pit,121,497,497,329.0,13.261,168.0,13.261,0.5251509054325956,0.448692152917505,0.0261569416498993,2026
680704,"Sandlin, Nick",Pit,108,76,76,37.0,13.281,39.0,13.281,0.4078947368421052,0.5789473684210527,0.0131578947368421,2026
623211,"Brazobán, Huascar",Pit,145,399,399,253.0,13.316,146.0,13.316,0.531328320802005,0.4561403508771929,0.012531328320802,2026
693821,"Elder, Bryce",Pit,144,992,992,689.0,13.317,303.0,13.317,0.5625,0.4233870967741935,0.0141129032258064,2026
607625,"Lugo, Seth",Pit,118,1290,1290,761.0,13.405,529.0,13.405,0.6,0.3875968992248062,0.0124031007751937,2026
686796,"Walston, Blake",Pit,109,22,22,6.0,13.412,16.0,13.412,0.2272727272727272,0.7727272727272727,0.0,2026
676661,"Lazar, Max",Pit,143,61,61,30.0,13.414,31.0,13.414,0.360655737704918,0.5901639344262295,0.0491803278688524,2026
680702,"Gerber, Joey",Pit,121,67,67,37.0,13.443,30.0,13.443,0.6119402985074627,0.3582089552238806,0.0298507462686567,2026
641745,"Keller, Brad",Pit,143,246,246,129.0,13.461,117.0,13.461,0.3983739837398374,0.5853658536585366,0.016260162601626,2026
680736,"Wrobleski, Justin",Pit,119,898,898,571.0,13.466,327.0,13.466,0.5400890868596881,0.4498886414253897,0.010022271714922,2026
663903,"Singer, Brady",Pit,113,1328,1328,785.0,13.481,543.0,13.481,0.5022590361445783,0.4751506024096386,0.0225903614457831,2026
696270,"Johnson, Ryan",Pit,108,753,753,486.0,13.564,267.0,13.564,0.4807436918990704,0.5046480743691899,0.0146082337317397,2026
701121,"VanWey, Logan",Pit,117,80,80,49.0,13.573,31.0,13.573,0.5,0.4625,0.0375,2026
800048,"Messick, Parker",Pit,114,1230,1230,852.0,13.58,378.0,13.58,0.5382113821138211,0.4512195121951219,0.0105691056910569,2026
681973,"Hendrickson, Josh",Pit,117,15,15,10.0,13.597,5.0,13.597,0.5333333333333333,0.4666666666666667,0.0,2026
805673,"Matthews, Zebby",Pit,142,917,917,638.0,13.635,279.0,13.635,0.5114503816793893,0.4667393675027262,0.0218102508178844,2026
681867,"Criswell, Cooper",Pit,136,278,278,141.0,13.656,137.0,13.656,0.4316546762589928,0.5323741007194245,0.0359712230215827,2026
677976,"Dobnak, Randy",Pit,118,588,588,367.0,13.657,221.0,13.657,0.4744897959183674,0.5187074829931972,0.0068027210884353,2026
684516,"Rincon, Hancel",Pit,138,16,16,12.0,13.697,4.0,13.697,0.5,0.4375,0.0625,2026
666129,"Garrett, Braxton",Pit,146,57,57,17.0,13.713,40.0,13.713,0.1929824561403508,0.7894736842105263,0.0175438596491228,2026
700270,"Díaz, Yilber",Pit,116,65,65,29.0,13.737,36.0,13.737,0.5076923076923077,0.4769230769230769,0.0153846153846153,2026
690986,"Harrison, Kyle",Pit,158,881,881,592.0,13.748,289.0,13.748,0.4755959137343927,0.5062429057888763,0.0181611804767309,2026
690997,"McLean, Nolan",Pit,121,1320,1320,860.0,13.751,460.0,13.751,0.4606060606060606,0.5227272727272727,0.0166666666666666,2026
687792,"Herz, DJ",Pit,120,31,31,17.0,13.764,14.0,13.764,0.4838709677419355,0.4838709677419355,0.032258064516129,2026
548384,"Raley, Brooks",Pit,143,368,368,208.0,13.769,160.0,13.769,0.5163043478260869,0.4755434782608695,0.0081521739130434,2026
690990,"Horton, Cade",Pit,112,41,41,38.0,13.771,3.0,13.771,0.6829268292682927,0.3170731707317073,0.0,2026
687060,"Adams, Blake",Pit,115,14,14,7.0,13.782,7.0,13.782,0.4285714285714285,0.5714285714285714,0.0,2026
665795,"Cabrera, Edward",Pit,112,569,569,391.0,13.784,178.0,13.784,0.4850615114235501,0.5026362038664324,0.0123022847100175,2026
655889,"Rodríguez, Manuel",Pit,139,38,38,16.0,13.792,22.0,13.792,0.3157894736842105,0.6842105263157895,0.0,2026
646242,"Díaz, Jhonathan",Pit,136,14,14,10.0,13.797,4.0,13.797,0.5,0.5,0.0,2026
689017,"Knack, Landon",Pit,119,84,84,57.0,13.8,27.0,13.8,0.4880952380952381,0.5,0.0119047619047619,2026
669310,"Van Eyk, CJ",Pit,141,101,101,60.0,13.823,41.0,13.823,0.4653465346534653,0.495049504950495,0.0396039603960396,2026
640455,"Manaea, Sean",Pit,121,1006,1006,637.0,13.825,369.0,13.825,0.4900596421471173,0.4860834990059642,0.0238568588469184,2026
694462,"Waldrep, Hurston",Pit,144,105,105,60.0,13.828,45.0,13.828,0.4857142857142857,0.4857142857142857,0.0285714285714285,2026
592288,"Emanuel, Kent",Pit,113,45,45,10.0,13.833,35.0,13.833,0.2,0.8,0.0,2026
656212,"Barnes, Charlie",Pit,119,94,94,43.0,13.862,51.0,13.862,0.3617021276595745,0.6382978723404256,0.0,2026
657265,"Strzelecki, Peter",Pit,138,121,121,64.0,13.869,57.0,13.869,0.3471074380165289,0.6363636363636364,0.0165289256198347,2026
702885,"Perdomo, Cesar",Pit,137,167,167,106.0,13.89,61.0,13.89,0.437125748502994,0.5508982035928144,0.0119760479041916,2026
663738,"Lynch IV, Daniel",Pit,118,550,550,336.0,13.892,214.0,13.892,0.5672727272727273,0.4272727272727272,0.0054545454545454,2026
700327,"Herrera, Welinton",Pit,115,19,19,13.0,13.928,6.0,13.928,0.6842105263157895,0.3157894736842105,0.0,2026
608371,"Sims, Lucas",Pit,145,76,76,35.0,13.946,41.0,13.946,0.4210526315789473,0.5526315789473685,0.0263157894736842,2026
702070,"Cameron, Noah",Pit,118,1219,1219,810.0,13.948,409.0,13.948,0.4634946677604594,0.5209187858900738,0.0155865463494667,2026
608379,"Wacha, Michael",Pit,118,1279,1279,836.0,13.961,443.0,13.961,0.4800625488663018,0.5035183737294762,0.016419077404222,2026
608566,"Márquez, Germán",Pit,135,387,387,279.0,13.965,108.0,13.965,0.5064599483204134,0.4780361757105943,0.0155038759689922,2026
800600,"Kent, Jackson",Pit,120,296,296,166.0,13.976,130.0,13.976,0.3783783783783784,0.6081081081081081,0.0135135135135135,2026
677952,"Ashcraft, Braxton",Pit,134,950,950,656.0,13.979,294.0,13.979,0.4757894736842105,0.508421052631579,0.0157894736842105,2026
689441,"Crow, Coleman",Pit,158,124,124,88.0,14.002,36.0,14.002,0.5080645161290323,0.4919354838709677,0.0,2026
643361,"Herget, Kevin",Pit,121,5,5,5.0,14.004,,14.004,1.0,0.0,0.0,2026
657612,"Hill, Tim",Pit,147,359,359,212.0,14.025,147.0,14.025,0.6044568245125348,0.3788300835654596,0.0167130919220055,2026
607200,"Fedde, Erick",Pit,145,1159,1159,753.0,14.028,406.0,14.028,0.447799827437446,0.5358067299396031,0.0163934426229508,2026
694738,"Roupp, Landen",Pit,137,1271,1271,838.0,14.052,433.0,14.052,0.4996066089693155,0.4815106215578285,0.018882769472856,2026
669298,"Shook, TJ",Pit,115,61,61,42.0,14.057,19.0,14.057,0.4426229508196721,0.5409836065573771,0.0163934426229508,2026
668831,"Stallings, Garrett",Pit,158,86,86,62.0,14.087,24.0,14.087,0.4302325581395348,0.5348837209302325,0.0348837209302325,2026
663687,"Harris, Hogan",Pit,133,620,620,303.0,14.096,317.0,14.096,0.3596774193548387,0.6,0.0403225806451612,2026
656849,"Peterson, David",Pit,112,1095,1095,653.0,14.097,442.0,14.097,0.4082191780821917,0.5835616438356165,0.0082191780821917,2026
681892,"Funderburk, Kody",Pit,142,384,384,221.0,14.11,163.0,14.11,0.5260416666666666,0.453125,0.0208333333333333,2026
605218,"Edwards Jr., Carl",Pit,121,46,46,31.0,14.112,15.0,14.112,0.5,0.5,0.0,2026
669854,"Blanco, Ronel",Pit,117,225,225,148.0,14.124,77.0,14.124,0.4755555555555555,0.5111111111111111,0.0133333333333333,2026
621242,"Díaz, Edwin",Pit,119,162,162,98.0,14.125,64.0,14.125,0.5061728395061729,0.4567901234567901,0.037037037037037,2026
571948,"Milner, Hoby",Pit,136,304,304,171.0,14.127,133.0,14.127,0.5493421052631579,0.4375,0.0131578947368421,2026
664074,"Ponce, Cody",Pit,141,12,12,10.0,14.143,2.0,14.143,0.6666666666666666,0.3333333333333333,0.0,2026
681806,"Wantz, Andrew",Pit,112,26,26,10.0,14.146,16.0,14.146,0.2307692307692307,0.7692307692307693,0.0,2026
571578,"Corbin, Patrick",Pit,141,594,594,386.0,14.15,208.0,14.15,0.4141414141414141,0.5757575757575758,0.0101010101010101,2026
669920,"Alexander, Jason",Pit,117,137,137,98.0,14.156,39.0,14.156,0.5036496350364964,0.4963503649635036,0.0,2026
663884,"Kingham, Nolan",Pit,140,10,10,5.0,14.177,5.0,14.177,0.3,0.7,0.0,2026
641927,"Ober, Bailey",Pit,142,864,864,563.0,14.189,301.0,14.189,0.4074074074074074,0.5787037037037037,0.0138888888888888,2026
571882,"Law, Derek",Pit,109,76,76,50.0,14.195,26.0,14.195,0.4078947368421052,0.5789473684210527,0.0131578947368421,2026
666200,"Luzardo, Jesús",Pit,143,1241,1241,842.0,14.222,399.0,14.222,0.4907332796132151,0.4875100725221595,0.0217566478646253,2026
801725,"De León, Luis",Pit,110,52,52,36.0,14.242,16.0,14.242,0.4230769230769231,0.5576923076923077,0.0192307692307692,2026
694361,"Klein, Will",Pit,119,342,342,192.0,14.245,150.0,14.245,0.3596491228070175,0.6111111111111112,0.0292397660818713,2026
682995,"Barco, Hunter",Pit,134,167,167,82.0,14.246,85.0,14.246,0.2874251497005988,0.6946107784431138,0.0179640718562874,2026
622663,"Severino, Luis",Pit,133,476,476,300.0,14.249,176.0,14.249,0.4159663865546218,0.5714285714285714,0.0126050420168067,2026
671922,"Smith, Cade",Pit,114,508,508,314.0,14.285,194.0,14.285,0.5059055118110236,0.468503937007874,0.0255905511811023,2026
806960,"Morales, Luis",Pit,133,154,154,78.0,14.326,76.0,14.326,0.3701298701298701,0.6233766233766234,0.0064935064935064,2026
621016,"Cuas, Jose",Pit,118,213,213,89.0,14.332,124.0,14.332,0.4413145539906103,0.5492957746478874,0.0093896713615023,2026
695076,"Lowder, Rhett",Pit,113,1032,1032,613.0,14.351,419.0,14.351,0.4021317829457364,0.5852713178294574,0.0125968992248062,2026
692437,"Santos, Winston",Pit,140,15,15,10.0,14.355,5.0,14.355,0.4,0.6,0.0,2026
687911,"King, Bryan",Pit,117,447,447,221.0,14.36,226.0,14.36,0.3892617449664429,0.5794183445190156,0.0313199105145413,2026
668984,"Legumina, Casey",Pit,139,463,463,278.0,14.361,185.0,14.361,0.4125269978401727,0.5766738660907127,0.0107991360691144,2026
527048,"Pérez, Martín",Pit,144,1081,1081,666.0,14.393,415.0,14.393,0.4079555966697502,0.572617946345976,0.0194264569842738,2026
663465,"Allard, Kolby",Pit,114,73,73,31.0,14.41,42.0,14.41,0.5068493150684932,0.4794520547945205,0.0136986301369863,2026
680570,"Rodriguez, Grayson",Pit,108,756,756,475.0,14.431,281.0,14.431,0.3822751322751322,0.6005291005291006,0.0171957671957671,2026
694918,"Tidwell, Blade",Pit,137,441,441,296.0,14.437,145.0,14.437,0.4353741496598639,0.54421768707483,0.0204081632653061,2026
681517,"Leahy, Kyle",Pit,138,1016,1016,615.0,14.444,401.0,14.444,0.3956692913385827,0.5866141732283464,0.0177165354330708,2026
691548,"Muñoz, Rolddy",Pit,144,17,17,3.0,14.447,14.0,14.447,0.1176470588235294,0.8235294117647058,0.0588235294117647,2026
643511,"Rogers, Tyler",Pit,141,444,444,261.0,14.484,183.0,14.484,0.4166666666666667,0.5698198198198198,0.0135135135135135,2026
700363,"Smith-Shawver, AJ",Pit,144,223,223,132.0,14.492,91.0,14.492,0.3542600896860987,0.6233183856502242,0.0224215246636771,2026
684974,"Yoho, Craig",Pit,114,275,275,152.0,14.506,123.0,14.506,0.4,0.5927272727272728,0.0072727272727272,2026
605288,"Houser, Adrian",Pit,137,784,784,501.0,14.509,283.0,14.509,0.4043367346938775,0.5803571428571429,0.0153061224489795,2026
695445,"Lee, Chase",Pit,141,72,72,49.0,14.527,23.0,14.527,0.4583333333333333,0.5416666666666666,0.0,2026
606303,"Payamps, Joel",Pit,144,66,66,47.0,14.533,19.0,14.533,0.4393939393939394,0.5606060606060606,0.0,2026
689690,"Jacob, Alek",Pit,135,34,34,25.0,14.538,9.0,14.538,0.4411764705882353,0.5294117647058824,0.0294117647058823,2026
690928,"Dobbins, Hunter",Pit,138,432,432,277.0,14.548,155.0,14.548,0.386574074074074,0.5995370370370371,0.0138888888888888,2026
664141,"Brubaker, JT",Pit,137,412,412,272.0,14.548,140.0,14.548,0.424757281553398,0.5606796116504854,0.0145631067961165,2026
687924,"Aguiar, Julian",Pit,113,22,22,10.0,14.552,12.0,14.552,0.2272727272727272,0.7727272727272727,0.0,2026
699008,"Kelly, Antwone",Pit,134,104,104,56.0,14.552,48.0,14.552,0.3269230769230769,0.6346153846153846,0.0384615384615384,2026
675989,"Bolton, Cody",Pit,117,187,187,83.0,14.553,104.0,14.553,0.2941176470588235,0.679144385026738,0.0267379679144385,2026
675660,"Drohan, Shane",Pit,158,852,852,536.0,14.561,316.0,14.561,0.3744131455399061,0.5985915492957746,0.0269953051643192,2026
688883,"Pallette, Peyton",Pit,114,212,212,99.0,14.564,113.0,14.564,0.320754716981132,0.660377358490566,0.0188679245283018,2026
687209,"Maxwell, Zach",Pit,113,121,121,54.0,14.569,67.0,14.569,0.3057851239669421,0.6528925619834711,0.0413223140495867,2026
676477,"Whitlock, Garrett",Pit,111,261,261,170.0,14.59,91.0,14.59,0.4597701149425287,0.524904214559387,0.0153256704980842,2026
675512,"Melton, Troy",Pit,116,748,748,479.0,14.596,269.0,14.596,0.3863636363636363,0.5989304812834224,0.0147058823529411,2026
621383,"Banks, Tanner",Pit,143,284,284,142.0,14.596,142.0,14.596,0.3556338028169014,0.6232394366197183,0.0211267605633802,2026
695034,"Morris, Kade",Pit,133,134,134,68.0,14.601,66.0,14.601,0.2686567164179104,0.7089552238805971,0.0223880597014925,2026
669212,"Morgan, Eli",Pit,118,154,154,99.0,14.624,55.0,14.624,0.3506493506493506,0.6233766233766234,0.0259740259740259,2026
689147,"Kerkering, Orion",Pit,143,525,525,259.0,14.654,266.0,14.654,0.3885714285714285,0.5980952380952381,0.0133333333333333,2026
669060,"Wilson, Bryse",Pit,158,232,232,133.0,14.666,99.0,14.666,0.3491379310344827,0.6422413793103449,0.0086206896551724,2026
686730,"Spiers, Carson",Pit,113,24,24,22.0,14.691,2.0,14.691,0.5,0.5,0.0,2026
663969,"Phillips, Tyler",Pit,146,868,868,572.0,14.694,296.0,14.694,0.3709677419354839,0.6002304147465438,0.0288018433179723,2026
668881,"Greene, Hunter",Pit,113,177,177,101.0,14.698,76.0,14.698,0.3107344632768362,0.655367231638418,0.0338983050847457,2026
668941,"Romero, JoJo",Pit,158,443,443,265.0,14.7,178.0,14.7,0.3950338600451467,0.582392776523702,0.0225733634311512,2026
671083,"Kennedy, Buddy",Pit,137,16,16,4.0,14.701,12.0,14.701,0.875,0.125,0.0,2026
801139,"Tolle, Payton",Pit,111,882,882,566.0,14.705,316.0,14.705,0.3492063492063492,0.6383219954648526,0.0124716553287981,2026
647336,"Soroka, Michael",Pit,109,716,716,471.0,14.707,245.0,14.707,0.3743016759776536,0.6145251396648045,0.0111731843575419,2026
681916,"Smith, Dylan",Pit,137,273,273,154.0,14.711,119.0,14.711,0.3516483516483517,0.608058608058608,0.0402930402930402,2026
666374,"Brash, Matt",Pit,136,127,127,66.0,14.711,61.0,14.711,0.3464566929133858,0.6299212598425197,0.0236220472440944,2026
681676,"Fernandez, Ryan",Pit,138,147,147,80.0,14.727,67.0,14.727,0.3809523809523809,0.5986394557823129,0.0204081632653061,2026
571510,"Boyd, Matthew",Pit,112,828,828,584.0,14.727,244.0,14.727,0.3816425120772946,0.5966183574879227,0.0217391304347826,2026
681190,"Vásquez, Randy",Pit,135,902,902,553.0,14.735,349.0,14.735,0.3458980044345898,0.6319290465631929,0.0221729490022172,2026
685299,"Gordon, Tanner",Pit,115,665,665,406.0,14.749,259.0,14.749,0.3488721804511278,0.6300751879699248,0.0210526315789473,2026
694360,"Way, Beck",Pit,118,174,174,100.0,14.75,74.0,14.75,0.4367816091954023,0.5402298850574713,0.0229885057471264,2026
676979,"Crochet, Garrett",Pit,111,217,217,134.0,14.756,83.0,14.756,0.3502304147465437,0.6359447004608295,0.0138248847926267,2026
676467,"Gordon, Colton",Pit,158,123,123,79.0,14.758,44.0,14.758,0.4065040650406504,0.5609756097560976,0.032520325203252,2026
661563,"Gil, Luis",Pit,147,238,238,152.0,14.763,86.0,14.763,0.3487394957983193,0.6386554621848739,0.0126050420168067,2026
671737,"Bradley, Taj",Pit,142,1288,1288,826.0,14.771,462.0,14.771,0.3462732919254658,0.6350931677018633,0.0186335403726708,2026
696146,"Smith, Hagen",Pit,145,214,214,112.0,14.817,102.0,14.817,0.308411214953271,0.677570093457944,0.014018691588785,2026
682227,"Williamson, Brandon",Pit,113,391,391,233.0,14.818,158.0,14.818,0.3350383631713555,0.6547314578005116,0.0102301790281329,2026
663554,"Mize, Casey",Pit,135,911,911,610.0,14.83,301.0,14.83,0.3578485181119649,0.6234906695938529,0.0186608122941822,2026
669084,"Hall, DL",Pit,158,452,452,260.0,14.835,192.0,14.835,0.3561946902654867,0.6061946902654868,0.0376106194690265,2026
592791,"Taillon, Jameson",Pit,141,638,638,445.0,14.835,193.0,14.835,0.3824451410658307,0.6050156739811913,0.012539184952978,2026
691725,"Painter, Andrew",Pit,143,899,899,602.0,14.848,297.0,14.848,0.3526140155728587,0.625139043381535,0.0222469410456062,2026
671162,"Thomas, Connor",Pit,118,182,182,80.0,14.859,102.0,14.859,0.3076923076923077,0.6703296703296703,0.0219780219780219,2026
621111,"Buehler, Walker",Pit,135,1157,1157,761.0,14.864,396.0,14.864,0.3673292999135695,0.6076058772687987,0.0250648228176318,2026
677961,"Wilcox, Cole",Pit,136,211,211,110.0,14.872,101.0,14.872,0.3080568720379147,0.6729857819905213,0.0189573459715639,2026
702303,"Martin, Riley",Pit,112,46,46,34.0,14.876,12.0,14.876,0.4347826086956521,0.5434782608695652,0.0217391304347826,2026
676910,"Seelinger, Matt",Pit,121,23,23,9.0,14.878,14.0,14.878,0.3478260869565217,0.6086956521739131,0.0434782608695652,2026
594835,"Gonzales, Marco",Pit,140,53,53,29.0,14.887,24.0,14.887,0.320754716981132,0.660377358490566,0.0188679245283018,2026
681347,"Burrows, Mike",Pit,117,655,655,448.0,14.899,207.0,14.899,0.3541984732824427,0.616793893129771,0.0290076335877862,2026
641401,"Brogdon, Connor",Pit,114,119,119,73.0,14.903,46.0,14.903,0.3361344537815126,0.6554621848739496,0.0084033613445378,2026
670036,"Festa, Matt",Pit,114,467,467,234.0,14.904,233.0,14.904,0.3169164882226981,0.6531049250535332,0.0299785867237687,2026
669373,"Skubal, Tarik",Pit,119,940,940,671.0,14.918,269.0,14.918,0.3670212765957447,0.6170212765957447,0.0159574468085106,2026
815083,"Farris, Mitch",Pit,108,416,416,270.0,14.929,146.0,14.929,0.40625,0.5745192307692307,0.0192307692307692,2026
691799,"Taylor, Grant",Pit,145,589,589,359.0,14.935,230.0,14.935,0.3191850594227504,0.6434634974533107,0.0373514431239388,2026
671936,"Macko, Adam",Pit,140,242,242,99.0,14.935,143.0,14.935,0.2438016528925619,0.7479338842975206,0.0082644628099173,2026
668678,"Gallen, Zac",Pit,109,775,775,510.0,14.936,265.0,14.936,0.3432258064516129,0.6451612903225806,0.0116129032258064,2026
669211,"Akin, Keegan",Pit,110,196,196,109.0,14.938,87.0,14.938,0.3571428571428571,0.6275510204081632,0.0153061224489795,2026
703615,"Cabrera, Jose",Pit,109,191,191,130.0,14.953,61.0,14.953,0.3455497382198952,0.6387434554973822,0.0157068062827225,2026
656605,"Keller, Mitch",Pit,134,826,826,538.0,14.956,288.0,14.956,0.3305084745762712,0.6585956416464891,0.0108958837772397,2026
668970,"Hollowell, Gavin",Pit,112,121,121,64.0,14.959,57.0,14.959,0.2892561983471074,0.7107438016528925,0.0,2026
642547,"Peralta, Freddy",Pit,139,1248,1248,781.0,14.976,467.0,14.976,0.3461538461538461,0.6354166666666666,0.0184294871794871,2026
700413,"Uberstine, Tyler",Pit,111,18,18,13.0,14.978,5.0,14.978,0.3888888888888889,0.6111111111111112,0.0,2026
669432,"Rogers, Trevor",Pit,110,1043,1043,727.0,14.986,316.0,14.986,0.3576222435282838,0.6299137104506232,0.012464046021093,2026
669620,"Basso, Brady",Pit,133,286,286,182.0,14.986,104.0,14.986,0.3251748251748251,0.6643356643356644,0.0104895104895104,2026
695549,"Jobe, Jackson",Pit,116,342,342,246.0,15.015,96.0,15.015,0.3625730994152046,0.6198830409356725,0.0175438596491228,2026
642048,"Saucedo, Tayler",Pit,108,148,148,83.0,15.016,65.0,15.016,0.2905405405405405,0.6959459459459459,0.0135135135135135,2026
683363,"Wilkinson, Matt",Pit,137,181,181,127.0,15.018,54.0,15.018,0.3480662983425414,0.6243093922651933,0.0276243093922651,2026
676428,"Hurter, Brant",Pit,116,223,223,102.0,15.018,121.0,15.018,0.2242152466367713,0.7354260089686099,0.0403587443946188,2026
605441,"Ríos, Yacksel",Pit,112,6,6,6.0,15.029,,15.029,0.3333333333333333,0.6666666666666666,0.0,2026
621107,"Eflin, Zach",Pit,110,32,32,24.0,15.036,8.0,15.036,0.34375,0.65625,0.0,2026
685801,"Bigge, Hunter",Pit,139,141,141,90.0,15.042,51.0,15.042,0.3687943262411347,0.5886524822695035,0.0425531914893617,2026
701474,"Davitt, Duncan",Pit,137,44,44,26.0,15.047,18.0,15.047,0.25,0.7272727272727273,0.0227272727272727,2026
593974,"Peralta, Wandy",Pit,135,502,502,314.0,15.055,188.0,15.055,0.3346613545816733,0.6454183266932271,0.0199203187250996,2026
680802,"Weiss, Ryan",Pit,117,236,236,130.0,15.058,106.0,15.058,0.3008474576271186,0.6652542372881356,0.0338983050847457,2026
687931,"Whisenhunt, Carson",Pit,137,261,261,158.0,15.061,103.0,15.061,0.3065134099616858,0.6819923371647509,0.0114942528735632,2026
669456,"Bieber, Shane",Pit,141,441,441,308.0,15.064,133.0,15.064,0.3356009070294785,0.6349206349206349,0.0294784580498866,2026
621366,"Borucki, Ryan",Pit,137,157,157,60.0,15.069,97.0,15.069,0.3121019108280254,0.6751592356687898,0.0127388535031847,2026
694341,"Beck, Brendan",Pit,147,112,112,83.0,15.084,29.0,15.084,0.3482142857142857,0.6428571428571429,0.0089285714285714,2026
800311,"Fuentes, Didier",Pit,144,502,502,282.0,15.086,220.0,15.086,0.2788844621513944,0.703187250996016,0.0179282868525896,2026
665871,"Assad, Javier",Pit,112,690,690,459.0,15.094,231.0,15.094,0.3275362318840579,0.6536231884057971,0.0188405797101449,2026
660604,"Rangel, Alan",Pit,143,205,205,111.0,15.097,94.0,15.097,0.2682926829268293,0.7121951219512195,0.0195121951219512,2026
518876,"Kelly, Merrill",Pit,109,1092,1092,699.0,15.098,393.0,15.098,0.3104395604395604,0.674908424908425,0.0146520146520146,2026
593958,"Rodriguez, Eduardo",Pit,109,1337,1337,886.0,15.129,451.0,15.129,0.3231114435302917,0.6529543754674645,0.0239341810022438,2026
662144,"Keller, Brian",Pit,143,13,13,10.0,15.132,3.0,15.132,0.3076923076923077,0.6153846153846154,0.0769230769230769,2026
670183,"Acton, Garrett",Pit,142,94,94,35.0,15.144,59.0,15.144,0.2234042553191489,0.7553191489361702,0.0212765957446808,2026
689818,"Sandlin, David",Pit,145,291,291,208.0,15.144,83.0,15.144,0.3298969072164948,0.6529209621993127,0.0171821305841924,2026
676684,"Vest, Will",Pit,116,196,196,101.0,15.15,95.0,15.15,0.3265306122448979,0.6530612244897959,0.0204081632653061,2026
663568,"Kolek, Stephen",Pit,118,370,370,226.0,15.167,144.0,15.167,0.2918918918918919,0.6972972972972973,0.0108108108108108,2026
684442,"Drake, Kohl",Pit,109,182,182,114.0,15.172,68.0,15.172,0.2747252747252747,0.7087912087912088,0.0164835164835164,2026
642121,"Sulser, Cole",Pit,139,355,355,233.0,15.178,122.0,15.178,0.4225352112676056,0.5549295774647888,0.0225352112676056,2026
671096,"Abbott, Andrew",Pit,113,1276,1276,819.0,15.18,457.0,15.18,0.3009404388714733,0.682601880877743,0.0164576802507836,2026
670950,"Richards, Trevor",Pit,145,524,524,338.0,15.185,186.0,15.185,0.3282442748091603,0.6545801526717557,0.0171755725190839,2026
642759,"Fernández, Julian",Pit,120,37,37,24.0,15.194,13.0,15.194,0.2702702702702703,0.7027027027027027,0.027027027027027,2026
668909,"Williams, Gavin",Pit,114,1231,1231,838.0,15.196,393.0,15.196,0.3176279447603574,0.6588139723801787,0.0235580828594638,2026
683627,"Molina, Anthony",Pit,137,221,221,155.0,15.214,66.0,15.214,0.3484162895927601,0.6425339366515838,0.0090497737556561,2026
665645,"Castro, Kervin",Pit,147,40,40,22.0,15.218,18.0,15.218,0.25,0.75,0.0,2026
621074,"Rucker, Michael",Pit,136,318,318,210.0,15.219,108.0,15.219,0.3773584905660377,0.6132075471698113,0.0094339622641509,2026
573124,"Rogers, Taylor",Pit,142,526,526,226.0,15.222,300.0,15.222,0.2262357414448669,0.7395437262357415,0.0342205323193916,2026
661527,"Martinez, Seth",Pit,111,9,9,1.0,15.241,8.0,15.241,0.0,0.8888888888888888,0.1111111111111111,2026
805074,"Marte, Yunior",Pit,137,170,170,107.0,15.242,63.0,15.242,0.2764705882352941,0.7058823529411765,0.0176470588235294,2026
624133,"Suarez, Ranger",Pit,111,1076,1076,721.0,15.265,355.0,15.265,0.3410780669144981,0.6338289962825279,0.0250929368029739,2026
669276,"Lee, Dylan",Pit,144,408,408,282.0,15.266,126.0,15.266,0.3333333333333333,0.6372549019607843,0.0294117647058823,2026
676596,"Fleming, Josh",Pit,141,34,34,11.0,15.268,23.0,15.268,0.088235294117647,0.8823529411764706,0.0294117647058823,2026
663941,"Beck, Tristan",Pit,137,133,133,84.0,15.272,49.0,15.272,0.2932330827067669,0.6917293233082706,0.0150375939849624,2026
701719,"Samaniego, Tyler",Pit,111,144,144,72.0,15.279,72.0,15.279,0.25,0.7083333333333334,0.0416666666666666,2026
606965,"Devenski, Chris",Pit,121,56,56,31.0,15.282,25.0,15.282,0.25,0.7321428571428571,0.0178571428571428,2026
671212,"Boyle, Joe",Pit,139,153,153,82.0,15.296,71.0,15.296,0.2222222222222222,0.7516339869281046,0.0261437908496732,2026
664353,"Urquidy, José",Pit,143,219,219,129.0,15.303,90.0,15.303,0.2831050228310502,0.6894977168949772,0.0273972602739726,2026
696522,"Juenger, Hayden",Pit,133,137,137,52.0,15.307,85.0,15.307,0.2043795620437956,0.7518248175182481,0.0437956204379562,2026
663436,"Martin, Davis",Pit,145,960,960,607.0,15.318,353.0,15.318,0.2802083333333333,0.7,0.0197916666666666,2026
807743,"Sullivan, Sean",Pit,115,177,177,103.0,15.32,74.0,15.32,0.1977401129943503,0.7627118644067796,0.03954802259887,2026
688497,"Rashi, Taylor",Pit,133,35,35,15.0,15.323,20.0,15.323,0.1714285714285714,0.8285714285714286,0.0,2026
702275,"Ritchie, JR",Pit,144,572,572,335.0,15.323,237.0,15.323,0.2692307692307692,0.7185314685314685,0.0122377622377622,2026
641329,"Baker, Bryan",Pit,139,387,387,250.0,15.332,137.0,15.332,0.2739018087855297,0.6821705426356589,0.0439276485788113,2026
694363,"Shuster, Jared",Pit,138,76,76,37.0,15.35,39.0,15.35,0.1973684210526315,0.7894736842105263,0.0131578947368421,2026
671382,"Foster, Cameron",Pit,110,79,79,34.0,15.351,45.0,15.351,0.2784810126582278,0.7215189873417721,0.0,2026
695684,"Rodríguez, Elmer",Pit,147,238,238,149.0,15.36,89.0,15.36,0.2731092436974789,0.7100840336134454,0.0168067226890756,2026
471911,"Carrasco, Carlos",Pit,144,100,100,58.0,15.362,42.0,15.362,0.24,0.74,0.02,2026
674073,"Weisenburger, Jack",Pit,121,86,86,55.0,15.365,31.0,15.365,0.2325581395348837,0.7558139534883721,0.0116279069767441,2026
663767,"Shugart, Chase",Pit,143,410,410,236.0,15.367,174.0,15.367,0.3219512195121951,0.6487804878048781,0.0292682926829268,2026
676051,"Heuer, Codi",Pit,114,74,74,37.0,15.375,37.0,15.375,0.3243243243243243,0.6621621621621622,0.0135135135135135,2026
641835,"Mayza, Tim",Pit,143,486,486,297.0,15.382,189.0,15.382,0.2839506172839506,0.6831275720164609,0.0329218106995884,2026
608337,"Giolito, Lucas",Pit,135,261,261,169.0,15.385,92.0,15.385,0.2681992337164751,0.7203065134099617,0.0114942528735632,2026
672841,"Vargas, Carlos",Pit,136,98,98,57.0,15.39,41.0,15.39,0.3163265306122449,0.6836734693877551,0.0,2026
683155,"Estes, Joey",Pit,133,54,54,39.0,15.39,15.0,15.39,0.2962962962962963,0.7037037037037037,0.0,2026
663556,"McClanahan, Shane",Pit,139,761,761,527.0,15.401,234.0,15.401,0.3745072273324573,0.6136662286465178,0.0118265440210249,2026
694297,"Pfaadt, Brandon",Pit,109,887,887,592.0,15.402,295.0,15.402,0.2852311161217587,0.6933483652762119,0.0214205186020293,2026
801434,"Gervase, Paul",Pit,119,62,62,29.0,15.403,33.0,15.403,0.2419354838709677,0.7258064516129032,0.032258064516129,2026
682254,"Montgomery, Mason",Pit,134,453,453,266.0,15.406,187.0,15.406,0.2317880794701986,0.7306843267108167,0.0375275938189845,2026
666619,"Santos, Gregory",Pit,137,41,41,27.0,15.408,14.0,15.408,0.1951219512195122,0.8048780487804879,0.0,2026
684665,"Murphy, Luke",Pit,108,171,171,86.0,15.409,85.0,15.409,0.2046783625730994,0.7719298245614035,0.023391812865497,2026
656492,"Griffin, Foster",Pit,114,1232,1232,802.0,15.417,430.0,15.417,0.2873376623376623,0.6907467532467533,0.0219155844155844,2026
621121,"McCullers Jr., Lance",Pit,158,365,365,232.0,15.426,133.0,15.426,0.2904109589041095,0.6876712328767123,0.021917808219178,2026
660271,"Ohtani, Shohei",Pit,119,599,599,418.0,15.439,181.0,15.439,0.3021702838063439,0.662771285475793,0.0350584307178631,2026
681870,"Sabrowski, Erik",Pit,114,332,332,201.0,15.44,131.0,15.44,0.2379518072289156,0.7228915662650602,0.0391566265060241,2026
621053,"Ferguson, Tyler",Pit,112,124,124,82.0,15.44,42.0,15.44,0.25,0.7258064516129032,0.0241935483870967,2026
683742,"Franco, Jose",Pit,113,149,149,90.0,15.445,59.0,15.445,0.2550335570469799,0.7315436241610739,0.0134228187919463,2026
657746,"Ryan, Joe",Pit,142,990,990,632.0,15.445,358.0,15.445,0.2707070707070707,0.7080808080808081,0.0212121212121212,2026
687330,"Kelly, Kevin",Pit,139,429,429,256.0,15.448,173.0,15.448,0.2657342657342657,0.710955710955711,0.0233100233100233,2026
607067,"Rea, Colin",Pit,112,983,983,632.0,15.456,351.0,15.456,0.2828077314343845,0.7019328585961343,0.0152594099694811,2026
690279,"Adams, Mason",Pit,115,203,203,114.0,15.459,89.0,15.459,0.2266009852216748,0.729064039408867,0.0443349753694581,2026
642152,"Trivino III, Lou",Pit,143,66,66,28.0,15.464,38.0,15.464,0.2121212121212121,0.7424242424242424,0.0454545454545454,2026
667755,"Soriano, José",Pit,141,1283,1283,816.0,15.466,467.0,15.466,0.2564302416212003,0.720966484801247,0.0226032735775526,2026
608032,"Estévez, Carlos",Pit,118,13,13,4.0,15.468,9.0,15.468,0.0769230769230769,0.9230769230769232,0.0,2026
802408,"Mautz, Brycen",Pit,138,140,140,68.0,15.482,72.0,15.482,0.1714285714285714,0.8142857142857143,0.0142857142857142,2026
686799,"Kochanowicz, Jack",Pit,108,501,501,297.0,15.483,204.0,15.483,0.2574850299401197,0.7265469061876247,0.0159680638722554,2026
692030,"Corniell, Jose",Pit,140,40,40,18.0,15.49,22.0,15.49,0.15,0.825,0.025,2026
641816,"Mahle, Tyler",Pit,144,1127,1127,778.0,15.496,349.0,15.496,0.3052351375332742,0.6796805678793256,0.0150842945874001,2026
695049,"Kerry, Brett",Pit,108,98,98,60.0,15.504,38.0,15.504,0.2448979591836734,0.7346938775510204,0.0204081632653061,2026
663992,"Lovelady, Richard",Pit,120,278,278,114.0,15.512,164.0,15.512,0.1546762589928057,0.8093525179856115,0.0359712230215827,2026
679883,"Avila, Luinder",Pit,118,614,614,377.0,15.52,237.0,15.52,0.2882736156351791,0.6824104234527687,0.0293159609120521,2026
669684,"Murphy, Chris",Pit,145,246,246,114.0,15.524,132.0,15.524,0.1951219512195122,0.7845528455284553,0.0203252032520325,2026
678606,"Ferrer, José A.",Pit,136,435,435,244.0,15.531,191.0,15.531,0.2482758620689655,0.7149425287356321,0.0367816091954023,2026
675540,"Curry, Xzavion",Pit,121,151,151,87.0,15.535,64.0,15.535,0.2119205298013245,0.7748344370860927,0.0132450331125827,2026
656222,"Beeks, Jalen",Pit,140,171,171,111.0,15.536,60.0,15.536,0.2514619883040935,0.7309941520467836,0.0175438596491228,2026
702352,"Bivens, Spencer",Pit,118,74,74,35.0,15.544,39.0,15.544,0.2297297297297297,0.7432432432432432,0.027027027027027,2026
663623,"Irvin, Jake",Pit,120,797,797,570.0,15.547,227.0,15.547,0.302383939774153,0.6800501882057717,0.0175658720200752,2026
693312,"Nicolas, Kyle",Pit,113,109,109,24.0,15.55,85.0,15.55,0.1009174311926605,0.8807339449541285,0.018348623853211,2026
674841,"Alvarez, Andrew",Pit,120,831,831,529.0,15.554,302.0,15.554,0.2743682310469314,0.6955475330926595,0.0300842358604091,2026
656686,"Martin, Corbin",Pit,112,43,43,30.0,15.582,13.0,15.582,0.3255813953488372,0.6511627906976745,0.0232558139534883,2026
670062,"Garcia, Julian",Pit,113,312,312,188.0,15.584,124.0,15.584,0.2275641025641025,0.7628205128205128,0.0096153846153846,2026
687562,"Bennett, Jake",Pit,111,642,642,430.0,15.589,212.0,15.589,0.2398753894080997,0.7461059190031153,0.014018691588785,2026
682825,"Mey, Luis",Pit,113,308,308,153.0,15.603,155.0,15.603,0.2077922077922078,0.7694805194805194,0.0227272727272727,2026
621139,"Kriske, Brooks",Pit,133,19,19,14.0,15.604,5.0,15.604,0.2105263157894736,0.7894736842105263,0.0,2026
690953,"Abel, Mick",Pit,142,142,142,82.0,15.613,60.0,15.613,0.176056338028169,0.7887323943661971,0.0352112676056338,2026
682608,"Gray, Peyton",Pit,140,394,394,218.0,15.614,176.0,15.614,0.1954314720812182,0.7715736040609137,0.032994923857868,2026
666157,"Lodolo, Nick",Pit,113,869,869,524.0,15.623,345.0,15.623,0.2313003452243958,0.7468354430379747,0.0218642117376294,2026
668964,"Myers, Tobias",Pit,121,323,323,193.0,15.631,130.0,15.631,0.2291021671826625,0.7523219814241486,0.0185758513931888,2026
646241,"De Jesus, Enmanuel",Pit,116,297,297,171.0,15.634,126.0,15.634,0.239057239057239,0.7373737373737373,0.0235690235690235,2026
804619,"Klein, John",Pit,142,29,29,21.0,15.636,8.0,15.636,0.2758620689655172,0.7241379310344828,0.0,2026
686678,"Solesky, Chase",Pit,139,29,29,10.0,15.64,19.0,15.64,0.0689655172413793,0.896551724137931,0.0344827586206896,2026
519141,"Pomeranz, Drew",Pit,112,201,201,104.0,15.64,97.0,15.64,0.1641791044776119,0.7761194029850746,0.0597014925373134,2026
663485,"Sands, Cole",Pit,142,88,88,52.0,15.641,36.0,15.641,0.2386363636363636,0.7613636363636364,0.0,2026
685005,"Roa, Christian",Pit,117,76,76,36.0,15.644,40.0,15.644,0.2236842105263158,0.75,0.0263157894736842,2026
694335,"Svanson, Matt",Pit,138,329,329,165.0,15.644,164.0,15.644,0.1884498480243161,0.7963525835866262,0.0151975683890577,2026
686790,"McDonald, Trevor",Pit,137,486,486,287.0,15.645,199.0,15.645,0.2263374485596707,0.7613168724279835,0.0123456790123456,2026
805345,"Harris, Trent",Pit,137,160,160,101.0,15.646,59.0,15.646,0.225,0.7375,0.0375,2026
625643,"López, Reynaldo",Pit,144,608,608,384.0,15.654,224.0,15.654,0.2319078947368421,0.743421052631579,0.0246710526315789,2026
554430,"Wheeler, Zack",Pit,143,1069,1069,737.0,15.662,332.0,15.662,0.2394761459307764,0.7408793264733395,0.019644527595884,2026
573204,"Thielbar, Caleb",Pit,112,333,333,213.0,15.682,120.0,15.682,0.2102102102102102,0.7657657657657657,0.024024024024024,2026
685126,"Eisert, Brandon",Pit,134,368,368,212.0,15.684,156.0,15.684,0.1820652173913043,0.7907608695652174,0.0271739130434782,2026
682120,"Herrin, Tim",Pit,114,408,408,242.0,15.689,166.0,15.689,0.2647058823529412,0.7083333333333334,0.0269607843137254,2026
656529,"Hentges, Sam",Pit,137,289,289,128.0,15.69,161.0,15.69,0.1591695501730103,0.8131487889273357,0.0276816608996539,2026
547179,"Lorenzen, Michael",Pit,141,1099,1099,613.0,15.69,486.0,15.69,0.2593266606005459,0.7224749772520473,0.0181983621474067,2026
663158,"Suarez, Robert",Pit,144,193,193,129.0,15.697,64.0,15.697,0.1968911917098445,0.7772020725388601,0.0259067357512953,2026
689520,"Laweryson, Cody",Pit,142,128,128,61.0,15.715,67.0,15.715,0.125,0.8515625,0.0234375,2026
656427,"Flaherty, Jack",Pit,116,706,706,432.0,15.718,274.0,15.718,0.2492917847025495,0.7337110481586402,0.0169971671388102,2026
645261,"Alcantara, Sandy",Pit,146,1395,1395,871.0,15.725,524.0,15.725,0.214336917562724,0.7569892473118279,0.028673835125448,2026
702056,"Yesavage, Trey",Pit,141,648,648,440.0,15.726,208.0,15.726,0.2515432098765432,0.7268518518518519,0.0216049382716049,2026
657097,"Webb, Jacob",Pit,112,478,478,269.0,15.73,209.0,15.73,0.1589958158995816,0.8158995815899581,0.0251046025104602,2026
592773,"Stanek, Ryne",Pit,138,424,424,265.0,15.746,159.0,15.746,0.2358490566037736,0.7264150943396226,0.0377358490566037,2026
622491,"Castillo, Luis",Pit,145,980,980,597.0,15.749,383.0,15.749,0.2295918367346938,0.7459183673469387,0.0244897959183673,2026
571945,"Mikolas, Miles",Pit,120,787,787,552.0,15.751,235.0,15.751,0.2782719186785261,0.6937738246505718,0.0279542566709021,2026
674444,"Cruz, Steven",Pit,118,376,376,237.0,15.756,139.0,15.756,0.2606382978723404,0.7074468085106383,0.0319148936170212,2026
681151,"Murray, Jayden",Pit,112,132,132,73.0,15.759,59.0,15.759,0.1893939393939394,0.7954545454545454,0.0151515151515151,2026
663978,"Paddack, Chris",Pit,140,420,420,244.0,15.764,176.0,15.764,0.1880952380952381,0.780952380952381,0.0309523809523809,2026
696149,"Chandler, Bubba",Pit,134,1154,1154,705.0,15.765,449.0,15.765,0.2972270363951473,0.6741767764298093,0.0285961871750433,2026
547184,"Kelly, Michael",Pit,133,51,51,15.0,15.771,36.0,15.771,0.1176470588235294,0.8431372549019608,0.0392156862745098,2026
663372,"Feltner, Ryan",Pit,115,824,824,511.0,15.791,313.0,15.791,0.2451456310679611,0.7281553398058253,0.0266990291262135,2026
663947,"Holton, Tyler",Pit,116,511,511,282.0,15.793,229.0,15.793,0.1526418786692759,0.8317025440313112,0.0156555772994129,2026
686993,"Sterner, Justin",Pit,133,297,297,166.0,15.794,131.0,15.794,0.1649831649831649,0.8282828282828283,0.0067340067340067,2026
668933,"Ashcraft, Graham",Pit,113,265,265,153.0,15.8,112.0,15.8,0.1849056603773584,0.7811320754716982,0.0339622641509433,2026
813349,"Early, Connelly",Pit,111,664,664,418.0,15.81,246.0,15.81,0.216867469879518,0.7560240963855421,0.0271084337349397,2026
667463,"King, John",Pit,146,311,311,185.0,15.81,126.0,15.81,0.2186495176848874,0.7363344051446945,0.045016077170418,2026
666142,"Ragans, Cole",Pit,118,270,270,186.0,15.813,84.0,15.813,0.2481481481481481,0.7333333333333333,0.0185185185185185,2026
669713,"Wesneski, Hayden",Pit,117,335,335,231.0,15.818,104.0,15.818,0.2477611940298507,0.7313432835820896,0.0208955223880597,2026
573009,"Mantiply, Joe",Pit,141,168,168,99.0,15.822,69.0,15.822,0.1904761904761904,0.8095238095238095,0.0,2026
622694,"Hernández, Elieser",Pit,144,92,92,60.0,15.823,32.0,15.823,0.217391304347826,0.75,0.0326086956521739,2026
691008,"Rajcic, Max",Pit,138,76,76,31.0,15.828,45.0,15.828,0.1710526315789473,0.8026315789473685,0.0263157894736842,2026
687473,"Gusto, Ryan",Pit,146,627,627,408.0,15.832,219.0,15.832,0.2121212121212121,0.7416267942583732,0.0462519936204146,2026
676254,"Walker, Ryan",Pit,137,291,291,157.0,15.837,134.0,15.837,0.127147766323024,0.845360824742268,0.0274914089347079,2026
657649,"Koenig, Jared",Pit,158,71,71,33.0,15.844,38.0,15.844,0.1408450704225352,0.7887323943661971,0.0704225352112676,2026
671111,"Peralta, Sammy",Pit,108,157,157,80.0,15.845,77.0,15.845,0.1273885350318471,0.8535031847133758,0.019108280254777,2026
695505,"Burns, Chase",Pit,113,1046,1046,744.0,15.858,302.0,15.858,0.2323135755258126,0.7476099426386233,0.020076481835564,2026
660825,"Bazardo, Eduard",Pit,136,499,499,274.0,15.874,225.0,15.874,0.1783567134268537,0.7855711422845691,0.0360721442885771,2026
623454,"Anderson, Drew",Pit,116,726,726,472.0,15.883,254.0,15.883,0.2410468319559228,0.7286501377410468,0.0303030303030303,2026
695418,"Lord, Brad",Pit,120,611,611,350.0,15.889,261.0,15.889,0.1833060556464811,0.7855973813420621,0.0310965630114566,2026
669020,"Rolison, Ryan",Pit,112,437,437,239.0,15.894,198.0,15.894,0.1853546910755149,0.7940503432494279,0.0205949656750572,2026
696147,"Bachman, Sam",Pit,108,367,367,215.0,15.896,152.0,15.896,0.2043596730245231,0.782016348773842,0.0136239782016348,2026
657514,"Bernardino, Brennan",Pit,115,452,452,242.0,15.9,210.0,15.9,0.1792035398230088,0.7853982300884956,0.0353982300884955,2026
680689,"Richardson, Lyon",Pit,158,34,34,20.0,15.904,14.0,15.904,0.1470588235294117,0.8529411764705882,0.0,2026
681084,"Andrews, Tanner",Pit,141,23,23,14.0,15.904,9.0,15.904,0.2608695652173913,0.6521739130434783,0.0869565217391304,2026
675920,"Lonsway, Seth",Pit,137,15,15,5.0,15.909,10.0,15.909,0.0666666666666666,0.9333333333333332,0.0,2026
656271,"Burke, Brock",Pit,113,508,508,276.0,15.91,232.0,15.91,0.1771653543307086,0.797244094488189,0.0255905511811023,2026
669923,"Kirby, George",Pit,136,1097,1097,717.0,15.914,380.0,15.914,0.2087511394712853,0.7739288969917958,0.0173199635369188,2026
687312,"Hughes, Gabriel",Pit,115,489,489,295.0,15.915,194.0,15.915,0.1758691206543967,0.7893660531697342,0.0347648261758691,2026
543238,"Gose, Anthony",Pit,118,74,74,34.0,15.918,40.0,15.918,0.2162162162162162,0.7297297297297297,0.054054054054054,2026
642546,"Hernández, Jonathan",Pit,119,188,188,116.0,15.921,72.0,15.921,0.1648936170212765,0.8085106382978723,0.026595744680851,2026
650633,"King, Michael",Pit,135,1317,1317,845.0,15.923,472.0,15.923,0.1974183750949126,0.782839787395596,0.0197418375094912,2026
680573,"Woods Richardson, Simeon",Pit,141,526,526,348.0,15.925,178.0,15.925,0.2034220532319391,0.7775665399239544,0.0190114068441064,2026
687273,"Mathews, Quinn",Pit,138,356,356,239.0,15.926,117.0,15.926,0.2247191011235955,0.7668539325842697,0.0084269662921348,2026
687075,"Sproat, Brandon",Pit,158,750,750,474.0,15.935,276.0,15.935,0.2066666666666666,0.768,0.0253333333333333,2026
687134,"Blalock, Bradley",Pit,146,57,57,42.0,15.937,15.0,15.937,0.2456140350877192,0.7543859649122807,0.0,2026
543056,"Coulombe, Danny",Pit,111,174,174,76.0,15.94,98.0,15.94,0.1034482758620689,0.867816091954023,0.028735632183908,2026
694346,"Gibson, Trey",Pit,110,325,325,192.0,15.944,133.0,15.944,0.2215384615384615,0.7507692307692307,0.0276923076923076,2026
544150,"Suárez, Albert",Pit,110,425,425,271.0,15.948,154.0,15.948,0.1788235294117647,0.8094117647058824,0.0117647058823529,2026
607481,"Bummer, Aaron",Pit,118,144,144,54.0,15.948,90.0,15.948,0.0972222222222222,0.8819444444444444,0.0208333333333333,2026
669724,"Hanifee, Brenan",Pit,116,151,151,94.0,15.965,57.0,15.965,0.1721854304635761,0.8211920529801324,0.0066225165562913,2026
543037,"Cole, Gerrit",Pit,147,816,816,533.0,15.968,283.0,15.968,0.2549019607843137,0.7230392156862745,0.0220588235294117,2026
679775,"Backhus, Kyle",Pit,143,173,173,74.0,15.98,99.0,15.98,0.0867052023121387,0.9017341040462428,0.0115606936416184,2026
674370,"Bido, Osvaldo",Pit,145,139,139,95.0,15.98,44.0,15.98,0.2014388489208633,0.7769784172661871,0.0215827338129496,2026
688642,"Agnos, Zach",Pit,115,616,616,371.0,15.998,245.0,15.998,0.2305194805194805,0.7532467532467533,0.0162337662337662,2026
660787,"De los Santos, Yerry",Pit,147,151,151,89.0,16.012,62.0,16.012,0.152317880794702,0.8145695364238411,0.0331125827814569,2026
699823,"Davis, Tyler",Pit,145,188,188,94.0,16.013,94.0,16.013,0.175531914893617,0.8138297872340425,0.0106382978723404,2026
668674,"Erceg, Lucas",Pit,118,353,353,183.0,16.013,170.0,16.013,0.1728045325779036,0.8073654390934845,0.0198300283286118,2026
663878,"Pearson, Nate",Pit,118,327,327,172.0,16.016,155.0,16.016,0.1651376146788991,0.8103975535168195,0.0244648318042813,2026
641793,"Littell, Zack",Pit,109,834,834,524.0,16.021,310.0,16.021,0.211031175059952,0.7673860911270983,0.0215827338129496,2026
807739,"Anderson, Kade",Pit,136,183,183,119.0,16.022,64.0,16.022,0.2459016393442623,0.73224043715847,0.0218579234972677,2026
805299,"Garcia, Brandyn",Pit,109,325,325,193.0,16.025,132.0,16.025,0.1876923076923076,0.7815384615384615,0.0307692307692307,2026
670059,"Holderman, Colin",Pit,114,399,399,207.0,16.027,192.0,16.027,0.2080200501253132,0.7644110275689223,0.0275689223057644,2026
687570,"Prielipp, Connor",Pit,142,905,905,595.0,16.028,310.0,16.028,0.174585635359116,0.8143646408839779,0.011049723756906,2026
623149,"Sewald, Paul",Pit,141,349,349,240.0,16.03,109.0,16.03,0.2492836676217765,0.7163323782234957,0.0343839541547277,2026
664129,"Hartlieb, Geoff",Pit,133,170,170,89.0,16.033,81.0,16.033,0.1470588235294117,0.8352941176470589,0.0176470588235294,2026
675911,"Strider, Spencer",Pit,144,278,278,185.0,16.034,93.0,16.034,0.158273381294964,0.8165467625899281,0.0251798561151079,2026
542888,"Armstrong, Shawn",Pit,114,267,267,140.0,16.037,127.0,16.037,0.1161048689138576,0.846441947565543,0.0374531835205992,2026
607074,"Rodón, Carlos",Pit,147,624,624,449.0,16.05,175.0,16.05,0.2371794871794871,0.7387820512820513,0.0240384615384615,2026
666661,"Morillo, Juan",Pit,109,424,424,244.0,16.052,180.0,16.052,0.1438679245283018,0.8183962264150944,0.0377358490566037,2026
592866,"Williams, Trevor",Pit,140,230,230,130.0,16.062,100.0,16.062,0.1782608695652174,0.7956521739130434,0.0260869565217391,2026
681252,"Anderson, Jack",Pit,142,73,73,45.0,16.063,28.0,16.063,0.0958904109589041,0.863013698630137,0.0410958904109589,2026
552640,"Kittredge, Andrew",Pit,110,267,267,139.0,16.069,128.0,16.069,0.1086142322097378,0.8764044943820225,0.0149812734082397,2026
697812,"Rock, Joe",Pit,133,91,91,34.0,16.071,57.0,16.071,0.1208791208791208,0.8791208791208791,0.0,2026
676742,"Sanders, Cam",Pit,110,246,246,139.0,16.073,107.0,16.073,0.1666666666666666,0.8252032520325203,0.008130081300813,2026
656457,"Gilbert, Tyler",Pit,145,63,63,32.0,16.079,31.0,16.079,0.1428571428571428,0.8253968253968254,0.0317460317460317,2026
672582,"Zerpa, Angel",Pit,158,101,101,63.0,16.082,38.0,16.082,0.198019801980198,0.7821782178217822,0.0198019801980198,2026
594798,"deGrom, Jacob",Pit,140,1130,1130,781.0,16.088,349.0,16.088,0.2168141592920354,0.7699115044247787,0.0132743362831858,2026
686753,"Jameson, Drey",Pit,109,128,128,75.0,16.091,53.0,16.091,0.203125,0.78125,0.015625,2026
680604,"Castaño, Blas",Pit,115,197,197,114.0,16.091,83.0,16.091,0.2081218274111675,0.7715736040609137,0.0203045685279187,2026
676775,"Winn, Keaton",Pit,137,266,266,150.0,16.092,116.0,16.092,0.1203007518796992,0.8383458646616542,0.0413533834586466,2026
657277,"Webb, Logan",Pit,137,1096,1096,726.0,16.109,370.0,16.109,0.1952554744525547,0.7864963503649635,0.0182481751824817,2026
605280,"Holmes, Clay",Pit,112,733,733,478.0,16.111,255.0,16.111,0.1664392905866303,0.8117326057298773,0.0218281036834924,2026
663542,"Hudson, Bryan",Pit,145,454,454,284.0,16.119,170.0,16.119,0.145374449339207,0.8127753303964758,0.0418502202643171,2026
686560,"Collyer, Gavin",Pit,140,240,240,122.0,16.13,118.0,16.13,0.1,0.8833333333333333,0.0166666666666666,2026
681982,"Anderson, Grant",Pit,158,401,401,252.0,16.133,149.0,16.133,0.1596009975062344,0.8129675810473815,0.027431421446384,2026
656876,"Rasmussen, Drew",Pit,139,1105,1105,797.0,16.145,308.0,16.145,0.1457013574660633,0.8343891402714932,0.0199095022624434,2026
662253,"Muñoz, Andrés",Pit,136,404,404,256.0,16.148,148.0,16.148,0.1336633663366336,0.8514851485148515,0.0148514851485148,2026
676263,"Dreyer, Jack",Pit,119,418,418,224.0,16.158,194.0,16.158,0.1626794258373205,0.7942583732057417,0.0430622009569378,2026
680742,"Bowlan, Jonathan",Pit,143,399,399,252.0,16.162,147.0,16.162,0.1528822055137844,0.8120300751879699,0.0350877192982456,2026
664744,"Espada, Jose",Pit,110,6,6,1.0,16.165,5.0,16.165,0.1666666666666666,0.8333333333333334,0.0,2026
663362,"Waldron, Matt",Pit,120,301,301,194.0,16.167,107.0,16.167,0.2126245847176079,0.7508305647840532,0.0365448504983388,2026
529017,"Cornielle, Alexander",Pit,147,14,14,4.0,16.168,10.0,16.168,0.0,0.9285714285714286,0.0714285714285714,2026
623352,"Hader, Josh",Pit,117,264,264,181.0,16.171,83.0,16.171,0.1969696969696969,0.7575757575757576,0.0454545454545454,2026
656464,"Ginkel, Kevin",Pit,109,438,438,268.0,16.174,170.0,16.174,0.1598173515981735,0.821917808219178,0.0182648401826484,2026
666171,"Zeferjahn, Ryan",Pit,112,594,594,319.0,16.18,275.0,16.18,0.1683501683501683,0.8063973063973064,0.0252525252525252,2026
666711,"Peguero, Joel",Pit,137,60,60,34.0,16.182,26.0,16.182,0.1833333333333333,0.8,0.0166666666666666,2026
663423,"Thornton, Trent",Pit,112,291,291,177.0,16.187,114.0,16.187,0.1134020618556701,0.865979381443299,0.0206185567010309,2026
702047,"Cook, Alex",Pit,139,45,45,35.0,16.196,10.0,16.196,0.2222222222222222,0.7777777777777778,0.0,2026
691951,"Aldegheri, Sam",Pit,108,270,270,150.0,16.196,120.0,16.196,0.1592592592592592,0.825925925925926,0.0148148148148148,2026
676962,"Brown, Ben",Pit,112,435,435,270.0,16.197,165.0,16.197,0.1655172413793103,0.7954022988505747,0.0390804597701149,2026
686973,"Varland, Louis",Pit,141,475,475,256.0,16.197,219.0,16.197,0.1263157894736842,0.8378947368421052,0.0357894736842105,2026
695378,"Sinclair, Jack",Pit,120,67,67,23.0,16.2,44.0,16.2,0.1194029850746268,0.8656716417910447,0.0149253731343283,2026
669461,"Liberatore, Matthew",Pit,138,1103,1103,725.0,16.201,378.0,16.201,0.2076155938349954,0.7742520398912058,0.0181323662737987,2026
687396,"Headrick, Brent",Pit,147,480,480,282.0,16.202,198.0,16.202,0.175,0.8020833333333334,0.0229166666666666,2026
686934,"McFarlane, Alex",Pit,143,126,126,62.0,16.209,64.0,16.209,0.1507936507936507,0.8174603174603174,0.0317460317460317,2026
673380,"Núñez, Dedniel",Pit,121,73,73,56.0,16.215,17.0,16.215,0.2191780821917808,0.7671232876712328,0.0136986301369863,2026
668390,"Winn, Cole",Pit,140,307,307,169.0,16.225,138.0,16.225,0.1433224755700325,0.8338762214983714,0.022801302931596,2026
700712,"Ureña, Walbert",Pit,108,1065,1065,653.0,16.227,412.0,16.227,0.1558685446009389,0.8291079812206573,0.0150234741784037,2026
676534,"Faucher, Calvin",Pit,146,517,517,283.0,16.232,234.0,16.232,0.1837524177949709,0.7775628626692457,0.0386847195357833,2026
678576,"Ramos, Wilkin",Pit,137,30,30,13.0,16.234,17.0,16.234,0.2,0.8,0.0,2026
676282,"Cantillo, Joey",Pit,114,1180,1180,728.0,16.234,452.0,16.234,0.1796610169491525,0.7898305084745763,0.0305084745762711,2026
700249,"Povich, Cade",Pit,110,269,269,183.0,16.237,86.0,16.237,0.2267657992565055,0.7620817843866171,0.0111524163568773,2026
628708,"Marte, Yunior",Pit,113,7,7,2.0,16.25,5.0,16.25,0.0,1.0,0.0,2026
641312,"Anderson, Shaun",Pit,108,158,158,88.0,16.256,70.0,16.256,0.1772151898734177,0.810126582278481,0.0126582278481012,2026
702193,"Morris, Andrew",Pit,142,529,529,315.0,16.257,214.0,16.257,0.1701323251417769,0.7996219281663516,0.0302457466918714,2026
675848,"Mejia, Juan",Pit,115,576,576,308.0,16.263,268.0,16.263,0.1302083333333333,0.8350694444444444,0.0347222222222222,2026
687064,"Young, Brandon",Pit,110,1072,1072,713.0,16.27,359.0,16.27,0.148320895522388,0.8330223880597015,0.0186567164179104,2026
680744,"Madden, Ty",Pit,116,298,298,199.0,16.271,99.0,16.271,0.1174496644295302,0.8657718120805369,0.0167785234899328,2026
607536,"Freeland, Kyle",Pit,115,875,875,546.0,16.273,329.0,16.273,0.1474285714285714,0.8342857142857143,0.0182857142857142,2026
681810,"Warren, Austin",Pit,121,450,450,258.0,16.273,192.0,16.273,0.1577777777777777,0.8155555555555556,0.0266666666666666,2026
608344,"Irvin, Cole",Pit,119,39,39,21.0,16.278,18.0,16.278,0.1794871794871795,0.8205128205128205,0.0,2026
663460,"Bubic, Kris",Pit,119,362,362,218.0,16.285,144.0,16.285,0.1132596685082873,0.8591160220994475,0.0276243093922651,2026
683175,"Phillips, Connor",Pit,113,264,264,107.0,16.286,157.0,16.286,0.1022727272727272,0.8825757575757576,0.0151515151515151,2026
699044,"Ullola, Miguel",Pit,117,88,88,59.0,16.297,29.0,16.297,0.1931818181818181,0.7727272727272727,0.034090909090909,2026
607192,"Glasnow, Tyler",Pit,119,534,534,412.0,16.298,122.0,16.298,0.2602996254681648,0.7191011235955056,0.0205992509363295,2026
623437,"Topa, Justin",Pit,147,201,201,74.0,16.305,127.0,16.305,0.0945273631840796,0.8656716417910447,0.0398009950248756,2026
476594,"Stock, Robert",Pit,121,240,240,133.0,16.313,107.0,16.313,0.1458333333333333,0.8416666666666667,0.0125,2026
640454,"Krook, Matt",Pit,120,78,78,43.0,16.317,35.0,16.317,0.0641025641025641,0.9102564102564102,0.0256410256410256,2026
592826,"Velasquez, Vince",Pit,112,20,20,15.0,16.321,5.0,16.321,0.2,0.75,0.05,2026
805123,"Blubaugh, AJ",Pit,117,683,683,413.0,16.323,270.0,16.323,0.1610541727672035,0.8184480234260615,0.0204978038067349,2026
643377,"Jax, Griffin",Pit,139,703,703,463.0,16.324,240.0,16.324,0.1536273115220483,0.8221906116642959,0.0241820768136557,2026
681168,"Curvelo, Luis",Pit,140,70,70,47.0,16.325,23.0,16.325,0.1857142857142857,0.7714285714285715,0.0428571428571428,2026
595345,"Okert, Steven",Pit,117,454,454,304.0,16.335,150.0,16.335,0.1409691629955947,0.8348017621145375,0.0242290748898678,2026
694753,"Curtis, Khristian",Pit,134,146,146,95.0,16.336,51.0,16.336,0.1986301369863013,0.7465753424657534,0.0547945205479452,2026
674003,"Bradford, Cody",Pit,140,289,289,168.0,16.34,121.0,16.34,0.0830449826989619,0.889273356401384,0.0276816608996539,2026
640451,"Harvey, Hunter",Pit,112,33,33,27.0,16.347,6.0,16.347,0.0909090909090909,0.8787878787878788,0.0303030303030303,2026
703725,"Gastelum, Luis",Pit,138,258,258,152.0,16.347,106.0,16.347,0.127906976744186,0.8604651162790697,0.0116279069767441,2026
672021,"Cerantola, Eric",Pit,118,64,64,37.0,16.351,27.0,16.351,0.1875,0.8125,0.0,2026
650960,"Duarte, Daniel",Pit,121,182,182,113.0,16.356,69.0,16.356,0.1153846153846153,0.8516483516483516,0.0329670329670329,2026
679358,"Orze, Eric",Pit,142,291,291,161.0,16.363,130.0,16.363,0.1752577319587628,0.7938144329896907,0.0309278350515463,2026
680767,"Vodnik, Victor",Pit,146,426,426,208.0,16.365,218.0,16.365,0.1690140845070422,0.7934272300469484,0.0375586854460093,2026
641778,"Lauer, Eric",Pit,119,714,714,492.0,16.366,222.0,16.366,0.1610644257703081,0.8179271708683473,0.0210084033613445,2026
676130,"Buttó, José",Pit,137,32,32,18.0,16.387,14.0,16.387,0.125,0.875,0.0,2026
681035,"Scott, Christian",Pit,121,847,847,527.0,16.389,320.0,16.389,0.1641086186540732,0.8134592680047226,0.0224321133412042,2026
687309,"Hjerpe, Cooper",Pit,138,115,115,72.0,16.392,43.0,16.392,0.1130434782608695,0.8782608695652174,0.008695652173913,2026
701519,"Adams, Travis",Pit,142,386,386,228.0,16.399,158.0,16.399,0.1735751295336787,0.7979274611398963,0.0284974093264248,2026
680899,"Tolman, Erik",Pit,120,111,111,67.0,16.404,44.0,16.404,0.1891891891891892,0.7657657657657657,0.045045045045045,2026
669203,"Burnes, Corbin",Pit,109,86,86,57.0,16.408,29.0,16.408,0.0813953488372093,0.9186046511627908,0.0,2026
686580,"Slaten, Justin",Pit,111,196,196,102.0,16.416,94.0,16.416,0.0918367346938775,0.8724489795918368,0.0357142857142857,2026
680755,"Fisher, Braydon",Pit,141,544,544,331.0,16.421,213.0,16.421,0.1139705882352941,0.8363970588235294,0.0496323529411764,2026
663432,"Rainey, Tanner",Pit,116,58,58,31.0,16.443,27.0,16.443,0.0172413793103448,0.9655172413793104,0.0172413793103448,2026
605335,"Leibrandt, Brandon",Pit,113,44,44,28.0,16.446,16.0,16.446,0.1363636363636363,0.8636363636363636,0.0,2026
689254,"Fluharty, Mason",Pit,141,431,431,277.0,16.449,154.0,16.449,0.074245939675174,0.9071925754060324,0.0185614849187935,2026
684007,"Imanaga, Shota",Pit,112,1164,1164,855.0,16.452,309.0,16.452,0.1632302405498281,0.8221649484536082,0.0146048109965635,2026
692230,"Rodriguez, Carlos",Pit,158,78,78,47.0,16.452,31.0,16.452,0.0769230769230769,0.9102564102564102,0.0128205128205128,2026
676604,"Zuber, Tyler",Pit,146,302,302,170.0,16.455,132.0,16.455,0.076158940397351,0.8841059602649006,0.0397350993377483,2026
701552,"Granillo, Andre",Pit,120,95,95,44.0,16.455,51.0,16.455,0.1473684210526315,0.8210526315789474,0.031578947368421,2026
622554,"Domínguez, Seranthony",Pit,136,462,462,272.0,16.463,190.0,16.463,0.1082251082251082,0.8658008658008658,0.0259740259740259,2026
685464,"Winquest, Cade",Pit,138,102,102,44.0,16.469,58.0,16.469,0.1274509803921568,0.8137254901960784,0.0588235294117647,2026
805326,"Schweitzer, Tyler",Pit,145,222,222,117.0,16.47,105.0,16.47,0.1081081081081081,0.8558558558558559,0.036036036036036,2026
622088,"Antone, Tejay",Pit,113,393,393,220.0,16.482,173.0,16.482,0.183206106870229,0.7837150127226463,0.0330788804071246,2026
696070,"Rojas, Kendry",Pit,142,232,232,135.0,16.483,97.0,16.483,0.1293103448275862,0.8362068965517241,0.0344827586206896,2026
689149,"Dallas, Chad",Pit,141,114,114,74.0,16.493,40.0,16.493,0.1491228070175438,0.8245614035087719,0.0263157894736842,2026
641302,"Alexander, Tyler",Pit,140,524,524,285.0,16.498,239.0,16.498,0.049618320610687,0.931297709923664,0.0190839694656488,2026
696131,"Black, Mason",Pit,118,274,274,136.0,16.499,138.0,16.499,0.083941605839416,0.8905109489051095,0.0255474452554744,2026
681751,"Estrada, Lazaro",Pit,141,93,93,63.0,16.499,30.0,16.499,0.1827956989247312,0.7956989247311828,0.021505376344086,2026
683003,"Jones, Jared",Pit,134,665,665,449.0,16.511,216.0,16.511,0.1323308270676691,0.8421052631578947,0.025563909774436,2026
641743,"Kay, Anthony",Pit,145,1191,1191,729.0,16.513,462.0,16.513,0.1301427371956339,0.8396305625524769,0.0302267002518891,2026
688107,"Gasser, Robert",Pit,158,785,785,536.0,16.517,249.0,16.517,0.1159235668789809,0.867515923566879,0.0165605095541401,2026
687849,"Kent, Zak",Pit,120,124,124,77.0,16.524,47.0,16.524,0.1451612903225806,0.8145161290322581,0.0403225806451612,2026
621097,"Waguespack, Jacob",Pit,116,277,277,181.0,16.526,96.0,16.526,0.1227436823104693,0.8592057761732852,0.0180505415162454,2026
686747,"La Sorsa, Joe",Pit,111,4,4,4.0,16.537,,16.537,0.25,0.75,0.0,2026
808970,"Go, Woo-Suk",Pit,142,36,36,16.0,16.538,20.0,16.538,0.0833333333333333,0.8888888888888888,0.0277777777777777,2026
690978,"Fulton, Dax",Pit,146,188,188,110.0,16.542,78.0,16.542,0.1861702127659574,0.8031914893617021,0.0106382978723404,2026
676083,"Junk, Janson",Pit,146,806,806,545.0,16.544,261.0,16.544,0.1017369727047146,0.8660049627791563,0.032258064516129,2026
693713,"Teodo, Emiliano",Pit,140,17,17,8.0,16.547,9.0,16.547,0.0588235294117647,0.9411764705882352,0.0,2026
615698,"Quantrill, Cal",Pit,140,729,729,482.0,16.551,247.0,16.551,0.130315500685871,0.850480109739369,0.0192043895747599,2026
700187,"Taylor, Troy",Pit,136,14,14,7.0,16.551,7.0,16.551,0.0,1.0,0.0,2026
694646,"McDermott, Chayce",Pit,121,72,72,45.0,16.552,27.0,16.552,0.0972222222222222,0.875,0.0277777777777777,2026
676617,"O'Brien, Riley",Pit,138,456,456,256.0,16.553,200.0,16.553,0.1293859649122807,0.831140350877193,0.0394736842105263,2026
656550,"Holmes, Grant",Pit,144,1019,1019,662.0,16.555,357.0,16.555,0.1334641805691854,0.8420019627085378,0.0245338567222767,2026
682989,"Mederos, Victor",Pit,144,243,243,142.0,16.557,101.0,16.557,0.1810699588477366,0.7942386831275721,0.0246913580246913,2026
670103,"Burgos, Raymond",Pit,111,127,127,105.0,16.558,22.0,16.558,0.2283464566929134,0.7480314960629921,0.0236220472440944,2026
676702,"Stratton, Hunter",Pit,134,22,22,3.0,16.559,19.0,16.559,0.0,0.8181818181818182,0.1818181818181818,2026
693686,"Miles, Spencer",Pit,141,626,626,398.0,16.563,228.0,16.563,0.1293929712460063,0.8482428115015974,0.0223642172523961,2026
669022,"Gore, MacKenzie",Pit,140,1259,1259,764.0,16.564,495.0,16.564,0.1525019857029388,0.8220810166799047,0.0254169976171564,2026
669062,"Miller, Erik",Pit,111,430,430,227.0,16.568,203.0,16.568,0.113953488372093,0.8418604651162791,0.0441860465116279,2026
657044,"Thompson, Ryan",Pit,109,283,283,138.0,16.572,145.0,16.572,0.1201413427561837,0.8586572438162544,0.0212014134275618,2026
607259,"Martinez, Nick",Pit,139,1009,1009,701.0,16.575,308.0,16.575,0.1347869177403369,0.8394449950445986,0.0257680872150644,2026
641386,"Bowden, Ben",Pit,133,20,20,7.0,16.579,13.0,16.579,0.05,0.9,0.05,2026
676395,"Garcia, Robert",Pit,140,119,119,74.0,16.58,45.0,16.58,0.1176470588235294,0.8403361344537815,0.042016806722689,2026
663567,"Lambert, Peter",Pit,117,1065,1065,698.0,16.58,367.0,16.58,0.1502347417840375,0.8244131455399061,0.0253521126760563,2026
701542,"Warren, Will",Pit,147,1220,1220,750.0,16.585,470.0,16.585,0.1237704918032786,0.8475409836065574,0.0286885245901639,2026
656945,"Scott, Tanner",Pit,119,341,341,225.0,16.59,116.0,16.59,0.1378299120234604,0.8328445747800587,0.0293255131964809,2026
687223,"Palmquist, Carson",Pit,120,130,130,77.0,16.615,53.0,16.615,0.1,0.8769230769230769,0.023076923076923,2026
663765,"Woodford, Jake",Pit,139,226,226,112.0,16.619,114.0,16.619,0.0309734513274336,0.9336283185840708,0.0353982300884955,2026
670167,"Schreiber, John",Pit,147,478,478,287.0,16.62,191.0,16.62,0.1129707112970711,0.8640167364016736,0.0230125523012552,2026
702566,"Murphy, Owen",Pit,144,81,81,53.0,16.622,28.0,16.622,0.1111111111111111,0.8641975308641975,0.0246913580246913,2026
676454,"Cellucci, Brendan",Pit,141,52,52,40.0,16.624,12.0,16.624,0.0384615384615384,0.9423076923076924,0.0192307692307692,2026
623474,"Herget, Jimmy",Pit,115,416,416,204.0,16.642,212.0,16.642,0.0865384615384615,0.8870192307692307,0.0264423076923076,2026
681895,"Sisk, Evan",Pit,134,391,391,216.0,16.643,175.0,16.643,0.0946291560102301,0.8849104859335039,0.0204603580562659,2026
669371,"Henry, Cole",Pit,120,117,117,63.0,16.653,54.0,16.653,0.1282051282051282,0.8461538461538461,0.0256410256410256,2026
684049,"Bidois, Brandan",Pit,134,130,130,57.0,16.663,73.0,16.663,0.1076923076923077,0.8615384615384616,0.0307692307692307,2026
670090,"Mills, Wyatt",Pit,119,70,70,24.0,16.665,46.0,16.665,0.0428571428571428,0.9285714285714286,0.0285714285714285,2026
676508,"Casparius, Ben",Pit,119,51,51,27.0,16.667,24.0,16.667,0.0196078431372549,0.9411764705882352,0.0392156862745098,2026
621112,"Blackburn, Paul",Pit,147,553,553,317.0,16.679,236.0,16.679,0.0849909584086799,0.8842676311030742,0.0307414104882459,2026
676760,"Marinaccio, Ron",Pit,113,445,445,238.0,16.684,207.0,16.684,0.0359550561797752,0.9438202247191012,0.0202247191011235,2026
694494,"Johnson, Ty",Pit,139,47,47,36.0,16.684,11.0,16.684,0.0851063829787234,0.9148936170212766,0.0,2026
664849,"Young, Danny",Pit,144,142,142,80.0,16.685,62.0,16.685,0.0140845070422535,0.9507042253521126,0.0352112676056338,2026
650556,"Abreu, Bryan",Pit,117,504,504,300.0,16.686,204.0,16.686,0.0912698412698412,0.8650793650793651,0.0436507936507936,2026
592332,"Gausman, Kevin",Pit,112,1201,1201,821.0,16.688,380.0,16.688,0.205661948376353,0.7726894254787677,0.0216486261448792,2026
643410,"Leiter Jr., Mark",Pit,133,230,230,146.0,16.694,84.0,16.694,0.0826086956521739,0.8869565217391304,0.0304347826086956,2026
677960,"Weathers, Ryan",Pit,147,1056,1056,718.0,16.695,338.0,16.695,0.1107954545454545,0.8560606060606061,0.0331439393939393,2026
677161,"Kelly, Zack",Pit,111,132,132,74.0,16.696,58.0,16.696,0.0454545454545454,0.9318181818181818,0.0227272727272727,2026
700241,"McGreevy, Michael",Pit,138,1222,1222,856.0,16.703,366.0,16.703,0.1571194762684124,0.8216039279869067,0.0212765957446808,2026
664199,"Clarke, Taylor",Pit,109,426,426,306.0,16.705,120.0,16.705,0.1056338028169014,0.8708920187793427,0.0234741784037558,2026
601713,"Pivetta, Nick",Pit,135,253,253,188.0,16.711,65.0,16.711,0.1660079051383399,0.7984189723320159,0.0355731225296442,2026
702021,"Dion, Will",Pit,120,302,302,200.0,16.711,102.0,16.711,0.1920529801324503,0.7814569536423841,0.0264900662251655,2026
608650,"Enns, Dietrich",Pit,110,118,118,48.0,16.717,70.0,16.717,0.0762711864406779,0.8983050847457628,0.0254237288135593,2026
680732,"Burke, Sean",Pit,145,1164,1164,770.0,16.726,394.0,16.726,0.1675257731958762,0.7903780068728522,0.0420962199312714,2026
702273,"Schultz, Noah",Pit,145,551,551,340.0,16.733,211.0,16.733,0.0998185117967332,0.8784029038112523,0.0217785843920145,2026
679885,"Martinez, Justin",Pit,109,90,90,53.0,16.739,37.0,16.739,0.0777777777777777,0.8888888888888888,0.0333333333333333,2026
656638,"Lange, Alex",Pit,118,450,450,255.0,16.744,195.0,16.744,0.1822222222222222,0.7933333333333333,0.0244444444444444,2026
670245,"Watson, Ryan",Pit,108,480,480,287.0,16.745,193.0,16.745,0.0645833333333333,0.9,0.0354166666666666,2026
669199,"Bachar, Lake",Pit,134,639,639,449.0,16.759,190.0,16.759,0.1173708920187793,0.8607198748043818,0.0219092331768388,2026
669387,"Mlodzinski, Carmen",Pit,134,917,917,547.0,16.773,370.0,16.773,0.0741548527808069,0.8996728462377317,0.0261723009814612,2026
689266,"Dodd, Dylan",Pit,144,290,290,208.0,16.778,82.0,16.778,0.0827586206896551,0.9,0.0172413793103448,2026
677958,"Rocker, Kumar",Pit,140,1055,1055,644.0,16.781,411.0,16.781,0.119431279620853,0.8625592417061612,0.0180094786729857,2026
696519,"Natera Jr., Samy",Pit,108,250,250,154.0,16.784,96.0,16.784,0.132,0.816,0.052,2026
693313,"Seymour, Carson",Pit,137,213,213,111.0,16.789,102.0,16.789,0.1267605633802817,0.8403755868544601,0.0328638497652582,2026
669270,"Kuhnel, Joel",Pit,137,345,345,185.0,16.793,160.0,16.793,0.1014492753623188,0.8521739130434782,0.0463768115942029,2026
664285,"Valdez, Framber",Pit,116,1177,1177,724.0,16.796,453.0,16.796,0.1920135938827527,0.7909940526762956,0.0169923534409515,2026
681343,"Smith, Shane",Pit,145,103,103,57.0,16.799,46.0,16.799,0.0970873786407767,0.8446601941747572,0.058252427184466,2026
676106,"Hancock, Emerson",Pit,136,873,873,625.0,16.806,248.0,16.806,0.1088201603665521,0.8751431844215349,0.0160366552119129,2026
650644,"Civale, Aaron",Pit,112,853,853,507.0,16.81,346.0,16.81,0.1301289566236811,0.8499413833528722,0.0199296600234466,2026
608723,"Voth, Austin",Pit,142,95,95,47.0,16.815,48.0,16.815,0.0526315789473684,0.936842105263158,0.0105263157894736,2026
672456,"Montero, Keider",Pit,116,1022,1022,678.0,16.815,344.0,16.815,0.1174168297455968,0.8610567514677103,0.0215264187866927,2026
605483,"Snell, Blake",Pit,119,256,256,172.0,16.818,84.0,16.818,0.09765625,0.875,0.02734375,2026
676272,"Miller, Bobby",Pit,119,52,52,35.0,16.822,17.0,16.822,0.1153846153846153,0.8846153846153846,0.0,2026
680916,"Aleman, Franco",Pit,114,189,189,116.0,16.822,73.0,16.822,0.1269841269841269,0.8518518518518519,0.0211640211640211,2026
667297,"Nance, Tommy",Pit,142,402,402,227.0,16.823,175.0,16.823,0.0422885572139303,0.9253731343283582,0.0323383084577114,2026
592094,"Adam, Jason",Pit,135,227,227,163.0,16.828,64.0,16.828,0.0748898678414096,0.9074889867841408,0.0176211453744493,2026
656288,"Canning, Griffin",Pit,135,666,666,405.0,16.829,261.0,16.829,0.1426426426426426,0.8318318318318318,0.0255255255255255,2026
682445,"Gonzalez, Domingo",Pit,136,56,56,36.0,16.83,20.0,16.83,0.0535714285714285,0.9285714285714286,0.0178571428571428,2026
689546,"Davila, Nick",Pit,136,195,195,103.0,16.831,92.0,16.831,0.1282051282051282,0.8307692307692308,0.041025641025641,2026
681402,"Varland, Gus",Pit,120,241,241,137.0,16.834,104.0,16.834,0.1161825726141078,0.8464730290456431,0.0373443983402489,2026
677944,"Cecconi, Slade",Pit,114,906,906,605.0,16.842,301.0,16.842,0.0629139072847682,0.9072847682119204,0.0298013245033112,2026
657756,"Seabold, Connor",Pit,118,207,207,95.0,16.849,112.0,16.849,0.0289855072463768,0.9420289855072465,0.0289855072463768,2026
656786,"Mushinski, Parker",Pit,115,65,65,18.0,16.853,47.0,16.853,0.0,0.953846153846154,0.0461538461538461,2026
453286,"Scherzer, Max",Pit,141,565,565,361.0,16.861,204.0,16.861,0.1132743362831858,0.8584070796460177,0.0283185840707964,2026
671109,"Eder, Jake",Pit,119,20,20,12.0,16.865,8.0,16.865,0.1,0.9,0.0,2026
808967,"Yamamoto, Yoshinobu",Pit,119,1153,1153,873.0,16.87,280.0,16.87,0.1405030355594102,0.8412836079791848,0.018213356461405,2026
579328,"Kikuchi, Yusei",Pit,108,446,446,275.0,16.873,171.0,16.873,0.0807174887892376,0.8834080717488789,0.0358744394618834,2026
663558,"Morán, Jovani",Pit,111,445,445,288.0,16.874,157.0,16.874,0.0741573033707865,0.9101123595505618,0.0157303370786516,2026
669165,"Hurt, Kyle",Pit,119,279,279,184.0,16.877,95.0,16.877,0.086021505376344,0.8673835125448028,0.046594982078853,2026
676974,"Meyer, Max",Pit,146,768,768,491.0,16.885,277.0,16.885,0.0924479166666666,0.8854166666666666,0.0221354166666666,2026
701780,"McDougal, Tanner",Pit,145,12,12,4.0,16.885,8.0,16.885,0.0,0.9166666666666666,0.0833333333333333,2026
672578,"Hernández, Carlos",Pit,114,21,21,15.0,16.889,6.0,16.889,0.0952380952380952,0.8571428571428571,0.0476190476190476,2026
695243,"Miller, Mason",Pit,135,497,497,334.0,16.891,163.0,16.891,0.0724346076458752,0.8651911468812877,0.062374245472837,2026
694973,"Skenes, Paul",Pit,134,1196,1196,801.0,16.9,395.0,16.9,0.0351170568561872,0.9489966555183946,0.015886287625418,2026
605242,"Fulmer, Michael",Pit,147,118,118,63.0,16.903,55.0,16.903,0.0254237288135593,0.9491525423728814,0.0254237288135593,2026
694350,"Brzykcy, Zach",Pit,146,24,24,5.0,16.905,19.0,16.905,0.0416666666666666,0.9583333333333334,0.0,2026
677865,"Bruihl, Justin",Pit,138,578,578,301.0,16.916,277.0,16.916,0.0484429065743944,0.9342560553633218,0.0173010380622837,2026
696136,"Wicks, Jordan",Pit,112,72,72,35.0,16.924,37.0,16.924,0.0694444444444444,0.9166666666666666,0.0138888888888888,2026
690829,"Joyce, Ben",Pit,108,117,117,74.0,16.927,43.0,16.927,0.1623931623931624,0.7521367521367521,0.0854700854700854,2026
690155,"Pushard, Matt",Pit,138,54,54,15.0,16.937,39.0,16.937,0.0,0.9629629629629628,0.037037037037037,2026
664208,"Maton, Phil",Pit,112,237,237,121.0,16.95,116.0,16.95,0.0337552742616033,0.9156118143459916,0.050632911392405,2026
693308,"Frasso, Nick",Pit,115,154,154,83.0,16.951,71.0,16.951,0.0649350649350649,0.9090909090909092,0.0259740259740259,2026
657424,"Gage, Matt",Pit,137,210,210,111.0,16.958,99.0,16.958,0.0857142857142857,0.8666666666666667,0.0476190476190476,2026
656302,"Cease, Dylan",Pit,141,1222,1222,852.0,16.959,370.0,16.959,0.1677577741407528,0.8052373158756138,0.0270049099836333,2026
605154,"Brebbia, John",Pit,115,37,37,25.0,16.964,12.0,16.964,0.1081081081081081,0.8378378378378378,0.054054054054054,2026
671131,"Rutledge, Jackson",Pit,120,15,15,6.0,16.97,9.0,16.97,0.0666666666666666,0.9333333333333332,0.0,2026
693855,"Seymour, Ian",Pit,139,868,868,563.0,16.971,305.0,16.971,0.1255760368663594,0.8513824884792627,0.0230414746543778,2026
686610,"Waldichuk, Ken",Pit,120,67,67,44.0,16.981,23.0,16.981,0.1492537313432835,0.8059701492537313,0.044776119402985,2026
686930,"Barnett, Mason",Pit,133,408,408,264.0,16.984,144.0,16.984,0.0906862745098039,0.8774509803921569,0.0318627450980392,2026
678061,"Kerr, Ray",Pit,144,85,85,58.0,16.984,27.0,16.984,0.0352941176470588,0.9529411764705882,0.0117647058823529,2026
661395,"Duran, Jhoan",Pit,143,361,361,246.0,17.0,115.0,17.0,0.1412742382271468,0.8033240997229917,0.0554016620498614,2026
700842,"Rivera, Eduardo",Pit,111,97,97,63.0,17.003,34.0,17.003,0.134020618556701,0.8556701030927835,0.0103092783505154,2026
605447,"Romano, Jordan",Pit,115,273,273,173.0,17.018,100.0,17.018,0.0952380952380952,0.8571428571428571,0.0476190476190476,2026
702752,"Pintaro, Jonathan",Pit,121,229,229,130.0,17.018,99.0,17.018,0.0829694323144104,0.8820960698689956,0.0349344978165938,2026
605130,"Barlow, Scott",Pit,133,267,267,147.0,17.02,120.0,17.02,0.0898876404494382,0.8651685393258427,0.0449438202247191,2026
676620,"Weiman, Blake",Pit,108,110,110,64.0,17.023,46.0,17.023,0.0454545454545454,0.8909090909090909,0.0636363636363636,2026
623465,"Phillips, Evan",Pit,119,163,163,110.0,17.025,53.0,17.025,0.0122699386503067,0.9570552147239264,0.0306748466257668,2026
670970,"Morejon, Adrian",Pit,135,501,501,285.0,17.037,216.0,17.037,0.0638722554890219,0.908183632734531,0.0279441117764471,2026
808963,"Sasaki, Roki",Pit,119,845,845,582.0,17.042,263.0,17.042,0.080473372781065,0.8946745562130177,0.0248520710059171,2026
624522,"Thompson, Keegan",Pit,115,78,78,41.0,17.05,37.0,17.05,0.0384615384615384,0.9102564102564102,0.0512820512820512,2026
682052,"Lopez, Jacob",Pit,133,1035,1035,617.0,17.053,418.0,17.053,0.0473429951690821,0.9285024154589372,0.0241545893719806,2026
676879,"Ashby, Aaron",Pit,158,729,729,440.0,17.06,289.0,17.06,0.186556927297668,0.7750342935528121,0.0384087791495198,2026
647315,"Pop, Zach",Pit,143,66,66,26.0,17.061,40.0,17.061,0.0,1.0,0.0,2026
656986,"Sousa, Bennett",Pit,117,204,204,117.0,17.061,87.0,17.061,0.0147058823529411,0.965686274509804,0.0196078431372549,2026
669169,"Heasley, Jonathan",Pit,139,23,23,12.0,17.084,11.0,17.084,0.0434782608695652,0.9565217391304348,0.0,2026
592662,"Ray, Robbie",Pit,135,1228,1228,803.0,17.102,425.0,17.102,0.1009771986970684,0.8778501628664495,0.021172638436482,2026
642397,"Soto, Gregory",Pit,134,516,516,267.0,17.106,249.0,17.106,0.1007751937984496,0.8430232558139535,0.0562015503875969,2026
682982,"Espino, Daniel",Pit,114,111,111,72.0,17.121,39.0,17.121,0.045045045045045,0.927927927927928,0.027027027027027,2026
605488,"Springs, Jeffrey",Pit,133,1109,1109,683.0,17.138,426.0,17.138,0.0775473399458972,0.8963029756537421,0.0261496844003606,2026
687721,"Weston, Cameron",Pit,110,8,8,5.0,17.15,3.0,17.15,0.125,0.875,0.0,2026
666974,"Cano, Yennier",Pit,110,366,366,215.0,17.164,151.0,17.164,0.0737704918032786,0.8961748633879781,0.0300546448087431,2026
656234,"Bird, Jake",Pit,120,337,337,198.0,17.178,139.0,17.178,0.0385756676557863,0.9317507418397626,0.029673590504451,2026
675916,"Karinchak, James",Pit,144,72,72,50.0,17.178,22.0,17.178,0.0416666666666666,0.9166666666666666,0.0416666666666666,2026
669711,"Weissert, Greg",Pit,111,424,424,231.0,17.179,193.0,17.179,0.0377358490566037,0.9504716981132076,0.0117924528301886,2026
820862,"Fermin, José",Pit,108,393,393,241.0,17.186,152.0,17.186,0.0661577608142493,0.905852417302799,0.0279898218829516,2026
669467,"Pallante, Andre",Pit,138,1143,1143,768.0,17.187,375.0,17.187,0.0463692038495188,0.9361329833770778,0.0174978127734033,2026
592155,"Booser, Cam",Pit,139,212,212,143.0,17.188,69.0,17.188,0.0094339622641509,0.9575471698113208,0.0330188679245283,2026
683409,"Chivilli, Angel",Pit,147,113,113,66.0,17.192,47.0,17.192,0.0265486725663716,0.9557522123893806,0.0176991150442477,2026
691769,"Abner, Philip",Pit,137,143,143,90.0,17.194,53.0,17.194,0.0279720279720279,0.93006993006993,0.0419580419580419,2026
695534,"Petty, Chase",Pit,113,212,212,139.0,17.21,73.0,17.21,0.0613207547169811,0.9245283018867924,0.0141509433962264,2026
676440,"Bibee, Tanner",Pit,114,1272,1272,870.0,17.224,402.0,17.224,0.080188679245283,0.8867924528301887,0.0330188679245283,2026
811315,"Hopkins, Brody",Pit,139,36,36,17.0,17.231,19.0,17.231,0.0,1.0,0.0,2026
678022,"Perkins, Jack",Pit,133,799,799,512.0,17.253,287.0,17.253,0.0425531914893617,0.92991239048811,0.0275344180225281,2026
642701,"Santana, Dennis",Pit,109,372,372,209.0,17.26,163.0,17.26,0.0295698924731182,0.9489247311827956,0.021505376344086,2026
694477,"Patrick, Chad",Pit,158,746,746,438.0,17.278,308.0,17.278,0.0951742627345844,0.8780160857908847,0.0268096514745308,2026
621237,"Alvarado, José",Pit,143,488,488,294.0,17.29,194.0,17.29,0.055327868852459,0.9098360655737704,0.0348360655737704,2026
672282,"Detmers, Reid",Pit,108,1256,1256,884.0,17.295,372.0,17.295,0.0652866242038216,0.9187898089171974,0.0159235668789808,2026
657571,"Ferguson, Caleb",Pit,138,261,261,144.0,17.298,117.0,17.298,0.057471264367816,0.9080459770114944,0.0344827586206896,2026
472610,"García, Luis",Pit,142,103,103,43.0,17.303,60.0,17.303,0.029126213592233,0.9514563106796116,0.0194174757281553,2026
622608,"Senzatela, Antonio",Pit,158,502,502,300.0,17.304,202.0,17.304,0.0398406374501992,0.9322709163346612,0.0278884462151394,2026
657376,"Schmidt, Clarke",Pit,147,13,13,7.0,17.304,6.0,17.304,0.0,1.0,0.0,2026
672335,"Pérez, Cionel",Pit,121,335,335,208.0,17.306,127.0,17.306,0.0477611940298507,0.9164179104477612,0.035820895522388,2026
669947,"Scholtens, Jesse",Pit,139,301,301,180.0,17.317,121.0,17.317,0.0033222591362126,0.9667774086378738,0.0299003322259136,2026
518886,"Kimbrel, Craig",Pit,118,324,324,202.0,17.318,122.0,17.318,0.0,0.9722222222222222,0.0277777777777777,2026
607455,"Banda, Anthony",Pit,142,270,270,121.0,17.318,149.0,17.318,0.0444444444444444,0.9333333333333332,0.0222222222222222,2026
694397,"Raya, Marco",Pit,142,47,47,26.0,17.323,21.0,17.323,0.1063829787234042,0.8085106382978723,0.0851063829787234,2026
434378,"Verlander, Justin",Pit,116,31,31,14.0,17.332,17.0,17.332,0.032258064516129,0.967741935483871,0.0,2026
691587,"Pérez, Eury",Pit,146,1034,1034,710.0,17.335,324.0,17.335,0.0947775628626692,0.874274661508704,0.0309477756286266,2026
669622,"Bender, Anthony",Pit,146,250,250,141.0,17.34,109.0,17.34,0.06,0.892,0.048,2026
519242,"Sale, Chris",Pit,144,1093,1093,721.0,17.348,372.0,17.348,0.0823421774931381,0.8975297346752058,0.0201280878316559,2026
663855,"Hicks, Jordan",Pit,145,376,376,198.0,17.359,178.0,17.359,0.0691489361702127,0.898936170212766,0.0319148936170212,2026
691384,"Perales, Luis",Pit,120,95,95,52.0,17.365,43.0,17.365,0.0526315789473684,0.8736842105263158,0.0736842105263157,2026
642100,"Speier, Gabe",Pit,136,274,274,155.0,17.371,119.0,17.371,0.0474452554744525,0.9233576642335768,0.0291970802919708,2026
669438,"Englert, Mason",Pit,139,264,264,167.0,17.376,97.0,17.376,0.0719696969696969,0.8825757575757576,0.0454545454545454,2026
686218,"Sheehan, Emmet",Pit,119,801,801,566.0,17.385,235.0,17.385,0.0848938826466916,0.8963795255930087,0.0187265917602996,2026
694819,"Misiorowski, Jacob",Pit,158,1046,1046,743.0,17.395,303.0,17.395,0.0812619502868068,0.8881453154875717,0.0305927342256214,2026
837227,"Imai, Tatsuya",Pit,117,656,656,393.0,17.402,263.0,17.402,0.0701219512195122,0.8902439024390244,0.0396341463414634,2026
455119,"Martin, Chris",Pit,140,100,100,51.0,17.405,49.0,17.405,0.02,0.96,0.02,2026
663776,"Sandoval, Patrick",Pit,111,471,471,252.0,17.423,219.0,17.423,0.0700636942675159,0.9193205944798302,0.0106157112526539,2026
694820,"Roxby, Braxton",Pit,137,29,29,21.0,17.428,8.0,17.428,0.0,0.896551724137931,0.1034482758620689,2026
669372,"Ginn, J.T.",Pit,133,973,973,609.0,17.428,364.0,17.428,0.0863309352517985,0.8920863309352518,0.0215827338129496,2026
678906,"Teng, Kai-Wei",Pit,117,582,582,348.0,17.435,234.0,17.435,0.0326460481099656,0.9450171821305842,0.0223367697594501,2026
702281,"Snelling, Robby",Pit,146,36,36,23.0,17.448,13.0,17.448,0.0277777777777777,0.9166666666666666,0.0555555555555555,2026
686228,"Burgos, Juan",Pit,109,20,20,14.0,17.451,6.0,17.451,0.05,0.9,0.05,2026
815081,"Manfredi, Mark",Pit,115,129,129,83.0,17.459,46.0,17.459,0.0232558139534883,0.9224806201550388,0.0542635658914728,2026
681544,"Olds, Wyatt",Pit,111,102,102,53.0,17.46,49.0,17.46,0.0098039215686274,0.9607843137254902,0.0294117647058823,2026
668820,"Kranick, Max",Pit,120,141,141,79.0,17.463,62.0,17.463,0.0283687943262411,0.9432624113475178,0.0283687943262411,2026
663574,"Santillan, Tony",Pit,113,318,318,182.0,17.47,136.0,17.47,0.0566037735849056,0.9182389937106918,0.0251572327044025,2026
805427,"Sommers, Drew",Pit,116,272,272,169.0,17.498,103.0,17.498,0.0147058823529411,0.9448529411764706,0.0404411764705882,2026
668716,"Murdock, Noah",Pit,134,24,24,6.0,17.499,18.0,17.499,0.0,0.9166666666666666,0.0833333333333333,2026
595014,"Treinen, Blake",Pit,119,215,215,121.0,17.515,94.0,17.515,0.0093023255813953,0.9767441860465116,0.013953488372093,2026
672782,"Gómez, Yoendrys",Pit,142,488,488,268.0,17.519,220.0,17.519,0.0327868852459016,0.9241803278688524,0.0430327868852459,2026
694357,"Tiedemann, Ricky",Pit,141,60,60,34.0,17.519,26.0,17.519,0.0166666666666666,0.9166666666666666,0.0666666666666666,2026
699134,"Rodriguez, Bradgley",Pit,135,473,473,299.0,17.528,174.0,17.528,0.0676532769556025,0.9069767441860463,0.0253699788583509,2026
688692,"Simpson, Jared",Pit,120,42,42,24.0,17.529,18.0,17.529,0.0,0.9761904761904762,0.0238095238095238,2026
660853,"De Los Santos, Enyel",Pit,117,456,456,278.0,17.532,178.0,17.532,0.0570175438596491,0.9035087719298246,0.0394736842105263,2026
683000,"Cornelio, Riley",Pit,120,261,261,126.0,17.535,135.0,17.535,0.057471264367816,0.9003831417624522,0.0421455938697318,2026
594027,"Guerrero, Tyron",Pit,111,220,220,116.0,17.537,104.0,17.537,0.0318181818181818,0.9318181818181818,0.0363636363636363,2026
642207,"Williams, Devin",Pit,121,294,294,167.0,17.547,127.0,17.547,0.0272108843537414,0.9251700680272108,0.0476190476190476,2026
695239,"Ahlstrom, Robby",Pit,140,264,264,138.0,17.563,126.0,17.563,0.0227272727272727,0.9431818181818182,0.034090909090909,2026
687239,"Peoples, Ben",Pit,140,113,113,74.0,17.584,39.0,17.584,0.0088495575221238,0.9734513274336284,0.0176991150442477,2026
678020,"Halvorsen, Seth",Pit,119,225,225,116.0,17.611,109.0,17.611,0.04,0.9422222222222222,0.0177777777777777,2026
621345,"Minter, A.J.",Pit,142,270,270,160.0,17.612,110.0,17.612,0.0111111111111111,0.9555555555555556,0.0333333333333333,2026
670280,"Bednar, David",Pit,147,427,427,271.0,17.612,156.0,17.612,0.0421545667447306,0.9156908665105388,0.0421545667447306,2026
683004,"Leiter, Jack",Pit,140,603,603,381.0,17.632,222.0,17.632,0.0265339966832504,0.9469320066334992,0.0265339966832504,2026
684320,"Rodríguez, Yariel",Pit,141,74,74,43.0,17.641,31.0,17.641,0.0,0.9594594594594594,0.0405405405405405,2026
682274,"Hiraldo, Yaramil",Pit,110,76,76,32.0,17.651,44.0,17.651,0.0131578947368421,0.986842105263158,0.0,2026
663559,"Falter, Bailey",Pit,144,97,97,51.0,17.654,46.0,17.654,0.0309278350515463,0.9175257731958762,0.0515463917525773,2026
683232,"Mears, Nick",Pit,118,162,162,97.0,17.667,65.0,17.667,0.0246913580246913,0.9629629629629628,0.0123456790123456,2026
814305,"Tur, Yunior",Pit,133,106,106,36.0,17.667,70.0,17.667,0.0094339622641509,0.9622641509433962,0.0283018867924528,2026
605540,"Woodruff, Brandon",Pit,158,258,258,181.0,17.668,77.0,17.668,0.0581395348837209,0.9031007751937984,0.0387596899224806,2026
694037,"Palencia, Daniel",Pit,112,198,198,126.0,17.689,72.0,17.689,0.0303030303030303,0.9242424242424242,0.0454545454545454,2026
680723,"Rom, Drew",Pit,133,127,127,59.0,17.691,68.0,17.691,0.0,0.968503937007874,0.0314960629921259,2026
666277,"Soriano, George",Pit,138,479,479,255.0,17.697,224.0,17.697,0.0104384133611691,0.9603340292275574,0.0292275574112734,2026
689296,"Nunez, Anthony",Pit,110,402,402,219.0,17.697,183.0,17.697,0.0621890547263681,0.9079601990049752,0.0298507462686567,2026
572955,"Johnson, Pierce",Pit,113,372,372,204.0,17.699,168.0,17.699,0.021505376344086,0.9489247311827956,0.0295698924731182,2026
676680,"Cosgrove, Tom",Pit,120,115,115,64.0,17.72,51.0,17.72,0.008695652173913,0.982608695652174,0.008695652173913,2026
641656,"Hamilton, Ian",Pit,144,41,41,18.0,17.721,23.0,17.721,0.0,1.0,0.0,2026
686751,"Johnson, Seth",Pit,133,254,254,132.0,17.733,122.0,17.733,0.0118110236220472,0.9724409448818898,0.0157480314960629,2026
641585,"France, J.P.",Pit,117,50,50,26.0,17.741,24.0,17.741,0.02,0.98,0.0,2026
656546,"Hoffman, Jeff",Pit,142,465,465,267.0,17.75,198.0,17.75,0.0,0.967741935483871,0.032258064516129,2026
656730,"Megill, Trevor",Pit,158,334,334,226.0,17.753,108.0,17.753,0.0209580838323353,0.9011976047904192,0.0778443113772455,2026
695380,"Hoppe, Alex",Pit,110,295,295,157.0,17.754,138.0,17.754,0.0406779661016949,0.9220338983050848,0.0372881355932203,2026
691946,"Klassen, George",Pit,108,209,209,97.0,17.758,112.0,17.758,0.0047846889952153,0.971291866028708,0.0239234449760765,2026
489446,"Yates, Kirby",Pit,134,267,267,179.0,17.767,88.0,17.767,0.0037453183520599,0.9662921348314608,0.0299625468164794,2026
801403,"Dollander, Chase",Pit,115,341,341,209.0,17.776,132.0,17.776,0.0293255131964809,0.9325513196480938,0.0381231671554252,2026
671345,"Foley, Jason",Pit,137,203,203,79.0,17.777,124.0,17.777,0.0,0.955665024630542,0.0443349753694581,2026
677955,"Hill, Jaden",Pit,115,266,266,129.0,17.788,137.0,17.788,0.0075187969924812,0.9736842105263158,0.018796992481203,2026
679922,"Duran, Carlos",Pit,118,19,19,6.0,17.792,13.0,17.792,0.0,1.0,0.0,2026
699151,"Paez, Jedixson",Pit,111,94,94,39.0,17.797,55.0,17.797,0.0425531914893617,0.9042553191489362,0.0531914893617021,2026
683769,"Gaddis, Hunter",Pit,114,410,410,236.0,17.803,174.0,17.803,0.0073170731707317,0.9585365853658536,0.0341463414634146,2026
664875,"Lawrence, Justin",Pit,120,320,320,160.0,17.816,160.0,17.816,0.05,0.90625,0.04375,2026
641755,"Kinley, Tyler",Pit,116,402,402,238.0,17.828,164.0,17.828,0.0149253731343283,0.9552238805970148,0.0298507462686567,2026
675919,"Raquet, Nick",Pit,110,35,35,26.0,17.834,9.0,17.834,0.0285714285714285,0.9714285714285714,0.0,2026
691945,"Baumler, Carter",Pit,140,58,58,30.0,17.835,28.0,17.835,0.0,0.9655172413793104,0.0344827586206896,2026
683352,"Bratt, Mitch",Pit,109,312,312,186.0,17.835,126.0,17.835,0.0096153846153846,0.9583333333333334,0.032051282051282,2026
656641,"Latz, Jacob",Pit,140,437,437,321.0,17.837,116.0,17.837,0.0480549199084668,0.931350114416476,0.0205949656750572,2026
677053,"Nardi, Andrew",Pit,146,166,166,104.0,17.848,62.0,17.848,0.0301204819277108,0.8975903614457831,0.072289156626506,2026
670871,"Zuñiga, Guillo",Pit,121,8,8,5.0,17.855,3.0,17.855,0.0,0.75,0.25,2026
676510,"Hoffman, Nolan",Pit,118,106,106,34.0,17.869,72.0,17.869,0.0,0.9716981132075472,0.0283018867924528,2026
669704,"Strowd, Kade",Pit,109,31,31,12.0,17.871,19.0,17.871,0.0,1.0,0.0,2026
680686,"Gray, Josiah",Pit,120,30,30,24.0,17.873,6.0,17.873,0.0666666666666666,0.9333333333333332,0.0,2026
681217,"Silseth, Chase",Pit,140,426,426,217.0,17.881,209.0,17.881,0.0328638497652582,0.9413145539906104,0.0258215962441314,2026
667652,"Ralston, Jack",Pit,146,141,141,85.0,17.882,56.0,17.882,0.0070921985815602,0.9219858156028368,0.0709219858156028,2026
592454,"Kahnle, Tommy",Pit,111,73,73,41.0,17.893,32.0,17.893,0.0,0.958904109589041,0.0410958904109589,2026
664991,"Wolfram, Grant",Pit,110,362,362,200.0,17.897,162.0,17.897,0.0165745856353591,0.930939226519337,0.0524861878453038,2026
656240,"Blewett, Scott",Pit,133,205,205,133.0,17.9,72.0,17.9,0.0146341463414634,0.975609756097561,0.0097560975609756,2026
621381,"Strahm, Matt",Pit,118,269,269,171.0,17.913,98.0,17.913,0.0,0.9628252788104088,0.037174721189591,2026
694795,"Ekness, Josh",Pit,146,255,255,139.0,17.927,116.0,17.927,0.0,0.9803921568627452,0.0196078431372549,2026
701656,"Henderson, Logan",Pit,158,591,591,433.0,17.937,158.0,17.937,0.0253807106598984,0.9407783417935702,0.0338409475465313,2026
665152,"Kremer, Dean",Pit,142,615,615,426.0,17.966,189.0,17.966,0.0682926829268292,0.9089430894308944,0.0227642276422764,2026
696062,"Dotel, Wilber",Pit,134,292,292,159.0,17.968,133.0,17.968,0.0616438356164383,0.9075342465753424,0.0308219178082191,2026
663893,"Little, Brendon",Pit,141,236,236,123.0,17.97,113.0,17.97,0.059322033898305,0.9067796610169492,0.0338983050847457,2026
690925,"Beeter, Clayton",Pit,120,331,331,185.0,17.972,146.0,17.972,0.0271903323262839,0.9063444108761328,0.066465256797583,2026
675627,"Grove, Michael",Pit,139,37,37,28.0,17.973,9.0,17.973,0.054054054054054,0.8918918918918919,0.054054054054054,2026
670329,"Garcia, Rico",Pit,110,423,423,264.0,17.989,159.0,17.989,0.0023640661938534,0.9527186761229316,0.0449172576832151,2026
642232,"Yarbrough, Ryan",Pit,147,465,465,272.0,17.99,193.0,17.99,0.021505376344086,0.9548387096774194,0.0236559139784946,2026
678394,"Bello, Brayan",Pit,111,796,796,439.0,17.99,357.0,17.99,0.0251256281407035,0.9459798994974874,0.028894472361809,2026
547973,"Chapman, Aroldis",Pit,111,331,331,191.0,18.004,140.0,18.004,0.0030211480362537,0.9486404833836858,0.0483383685800604,2026
697811,"Ross, Dylan",Pit,121,5,5,5.0,18.013,,18.013,0.0,1.0,0.0,2026
672442,"Cruz, Yovanny",Pit,120,110,110,64.0,18.02,46.0,18.02,0.009090909090909,0.9636363636363636,0.0272727272727272,2026
694851,"Hoffmann, Andrew",Pit,109,114,114,64.0,18.024,50.0,18.024,0.0263157894736842,0.956140350877193,0.0175438596491228,2026
695611,"Jump, Gage",Pit,133,698,698,420.0,18.025,278.0,18.025,0.0429799426934097,0.9398280802292264,0.0171919770773638,2026
668834,"McGee, Easton",Pit,118,63,63,40.0,18.03,23.0,18.03,0.0158730158730158,0.9523809523809524,0.0317460317460317,2026
695001,"Santa, Alimber",Pit,117,113,113,64.0,18.056,49.0,18.056,0.0176991150442477,0.9823008849557522,0.0,2026
681432,"Little, Luke",Pit,112,9,9,7.0,18.062,2.0,18.062,0.0,1.0,0.0,2026
665660,"Alvarado, Elvis",Pit,133,378,378,206.0,18.072,172.0,18.072,0.0105820105820105,0.9629629629629628,0.0264550264550264,2026
592779,"Stewart, Brock",Pit,119,153,153,100.0,18.09,53.0,18.09,0.0130718954248366,0.9607843137254902,0.0261437908496732,2026
692064,"Rodríguez, José",Pit,141,35,35,21.0,18.095,14.0,18.095,0.0,1.0,0.0,2026
694680,"Martin, Trevor",Pit,108,92,92,46.0,18.1,46.0,18.1,0.0,0.9782608695652174,0.0217391304347826,2026
669145,"Zimmermann, Bruce",Pit,138,38,38,25.0,18.14,13.0,18.14,0.0526315789473684,0.9473684210526316,0.0,2026
678868,"Yean, Eddy",Pit,120,78,78,38.0,18.149,40.0,18.149,0.0,0.9487179487179488,0.0512820512820512,2026
642585,"Bautista, Félix",Pit,110,10,10,5.0,18.152,5.0,18.152,0.0,1.0,0.0,2026
680730,"Parker, Mitchell",Pit,120,272,272,194.0,18.17,78.0,18.17,0.0,0.9595588235294118,0.0404411764705882,2026
687941,"Gamboa, Alec",Pit,111,183,183,96.0,18.185,87.0,18.185,0.0,0.989071038251366,0.0109289617486338,2026
664076,"Cleavinger, Garrett",Pit,139,305,305,192.0,18.186,113.0,18.186,0.0032786885245901,0.9639344262295082,0.0327868852459016,2026
650911,"Sánchez, Cristopher",Pit,143,1289,1289,831.0,18.212,458.0,18.212,0.0310318076027928,0.9526764934057408,0.0162916989914662,2026
676755,"Mattson, Isaac",Pit,134,294,294,165.0,18.214,129.0,18.214,0.010204081632653,0.9489795918367347,0.0408163265306122,2026
642528,"Loáisiga, Jonathan",Pit,109,383,383,252.0,18.241,131.0,18.241,0.0,0.9869451697127938,0.0130548302872062,2026
666745,"Brito, Jhony",Pit,135,50,50,37.0,18.241,13.0,18.241,0.06,0.94,0.0,2026
669330,"Wells, Tyler",Pit,139,442,442,270.0,18.271,172.0,18.271,0.002262443438914,0.9751131221719456,0.0226244343891402,2026
681293,"Arrighetti, Spencer",Pit,141,903,903,565.0,18.28,338.0,18.28,0.0265780730897009,0.9435215946843852,0.0299003322259136,2026
500779,"Quintana, Jose",Pit,115,318,318,199.0,18.283,119.0,18.283,0.0125786163522012,0.9654088050314464,0.0220125786163522,2026
445276,"Jansen, Kenley",Pit,116,274,274,189.0,18.295,85.0,18.295,0.0,0.9635036496350364,0.0364963503649635,2026
656756,"Montgomery, Jordan",Pit,140,164,164,109.0,18.301,55.0,18.301,0.0060975609756097,0.975609756097561,0.0182926829268292,2026
673540,"Senga, Kodai",Pit,121,489,489,311.0,18.305,178.0,18.305,0.0572597137014314,0.9038854805725972,0.0388548057259713,2026
681320,"Lavender, Nate",Pit,121,119,119,89.0,18.315,30.0,18.315,0.0756302521008403,0.8991596638655462,0.0252100840336134,2026
804636,"Tong, Jonah",Pit,121,189,189,104.0,18.315,85.0,18.315,0.0105820105820105,0.9629629629629628,0.0264550264550264,2026
669194,"Nelson, Ryne",Pit,109,539,539,366.0,18.318,173.0,18.318,0.0092764378478664,0.9591836734693876,0.0315398886827458,2026
543135,"Eovaldi, Nathan",Pit,140,875,875,586.0,18.336,289.0,18.336,0.04,0.9394285714285714,0.0205714285714285,2026
687985,"White, Josh",Pit,146,24,24,15.0,18.347,9.0,18.347,0.0,1.0,0.0,2026
702474,"Paredes, Mike",Pit,142,228,228,150.0,18.353,78.0,18.353,0.0,0.9517543859649122,0.0482456140350877,2026
606996,"Hart, Kyle",Pit,135,460,460,287.0,18.355,173.0,18.355,0.0152173913043478,0.9456521739130436,0.0391304347826087,2026
673929,"Leasure, Jordan",Pit,145,121,121,76.0,18.372,45.0,18.372,0.024793388429752,0.9173553719008264,0.0578512396694214,2026
681006,"Simpson, Josh",Pit,136,75,75,40.0,18.392,35.0,18.392,0.0133333333333333,0.96,0.0266666666666666,2026
665622,"Medina, Luis",Pit,133,587,587,335.0,18.418,252.0,18.418,0.0136286201022146,0.9522998296422488,0.0340715502555366,2026
681799,"Roberts, Ethan",Pit,112,197,197,128.0,18.434,69.0,18.434,0.0050761421319796,0.9796954314720812,0.015228426395939,2026
687606,"Schultz, Paxton",Pit,120,262,262,145.0,18.444,117.0,18.444,0.015267175572519,0.9465648854961832,0.0381679389312977,2026
814490,"Pecko, Ethan",Pit,117,249,249,165.0,18.474,84.0,18.474,0.0240963855421686,0.9477911646586346,0.0281124497991967,2026
608372,"Sugano, Tomoyuki",Pit,115,1115,1115,797.0,18.482,318.0,18.482,0.0251121076233183,0.958744394618834,0.0161434977578475,2026
693433,"Woo, Bryan",Pit,136,1079,1079,685.0,18.483,394.0,18.483,0.0064874884151992,0.9647822057460612,0.0287303058387395,2026
623381,"Pannone, Thomas",Pit,158,21,21,15.0,18.485,6.0,18.485,0.0,1.0,0.0,2026
641941,"Pagán, Emilio",Pit,113,265,265,170.0,18.492,95.0,18.492,0.0037735849056603,0.909433962264151,0.0867924528301886,2026
677020,"Walker, Josh",Pit,110,226,226,113.0,18.492,113.0,18.492,0.0,0.9513274336283186,0.0486725663716814,2026
688297,"Roycroft, Chris",Pit,133,291,291,167.0,18.503,124.0,18.503,0.0068728522336769,0.9587628865979382,0.0343642611683848,2026
690440,"Hanner, Bradley",Pit,147,55,55,27.0,18.506,28.0,18.506,0.0,0.9636363636363636,0.0363636363636363,2026
669358,"Baz, Shane",Pit,110,1236,1236,802.0,18.514,434.0,18.514,0.0129449838187702,0.9538834951456312,0.0331715210355987,2026
670990,"Ramírez, Yohan",Pit,134,605,605,280.0,18.525,325.0,18.525,0.0033057851239669,0.9586776859504132,0.0380165289256198,2026
666808,"Doval, Camilo",Pit,134,430,430,221.0,18.526,209.0,18.526,0.0023255813953488,0.9418604651162792,0.055813953488372,2026
686613,"Brown, Hunter",Pit,117,867,867,574.0,18.53,293.0,18.53,0.0818915801614763,0.8788927335640139,0.0392156862745098,2026
687287,"Monteverde, Patrick",Pit,146,24,24,14.0,18.538,10.0,18.538,0.0,1.0,0.0,2026
683618,"Henriquez, Edgardo",Pit,119,399,399,236.0,18.563,163.0,18.563,0.0075187969924812,0.9649122807017544,0.0275689223057644,2026
668873,"Kilian, Caleb",Pit,143,315,315,151.0,18.564,164.0,18.564,0.0031746031746031,0.961904761904762,0.0349206349206349,2026
666201,"Manoah, Alek",Pit,108,83,83,39.0,18.578,44.0,18.578,0.036144578313253,0.963855421686747,0.0,2026
693645,"Schlittler, Cam",Pit,147,1250,1250,890.0,18.585,360.0,18.585,0.0272,0.9448,0.028,2026
669302,"Gilbert, Logan",Pit,136,1139,1139,828.0,18.59,311.0,18.59,0.0070237050043898,0.9675153643546972,0.025460930640913,2026
669093,"Estrada, Jeremiah",Pit,135,216,216,128.0,18.597,88.0,18.597,0.0,0.9675925925925926,0.0324074074074074,2026
594580,"Moll, Sam",Pit,113,500,500,252.0,18.611,248.0,18.611,0.03,0.912,0.058,2026
806188,"Gibson, Cade",Pit,146,400,400,205.0,18.611,195.0,18.611,0.0,0.955,0.045,2026
700669,"Graceffo, Gordon",Pit,138,504,504,305.0,18.617,199.0,18.617,0.0198412698412698,0.9484126984126984,0.0317460317460317,2026
664062,"Gonsolin, Tony",Pit,118,33,33,21.0,18.626,12.0,18.626,0.0,0.9696969696969696,0.0303030303030303,2026
676105,"Criswell, Jeff",Pit,115,37,37,26.0,18.667,11.0,18.667,0.027027027027027,0.972972972972973,0.0,2026
605400,"Nola, Aaron",Pit,143,1334,1334,891.0,18.667,443.0,18.667,0.0157421289355322,0.9610194902548724,0.0232383808095952,2026
686628,"Burkhalter, Blake",Pit,144,11,11,3.0,18.686,8.0,18.686,0.0,0.9090909090909092,0.0909090909090909,2026
642376,"Yan, Jefry",Pit,121,141,141,70.0,18.705,71.0,18.705,0.0425531914893617,0.9219858156028368,0.0354609929078014,2026
678368,"Bellozo, Valente",Pit,115,76,76,54.0,18.706,22.0,18.706,0.0,0.9736842105263158,0.0263157894736842,2026
664854,"Helsley, Ryan",Pit,110,117,117,67.0,18.713,50.0,18.713,0.0,0.9487179487179488,0.0512820512820512,2026
676664,"Sears, JP",Pit,135,237,237,156.0,18.719,81.0,18.719,0.0042194092827004,0.9746835443037974,0.0210970464135021,2026
702153,"Fitzpatrick, Brian",Pit,158,43,43,22.0,18.742,21.0,18.742,0.0,0.9767441860465116,0.0232558139534883,2026
685112,"McCambley, Zach",Pit,113,93,93,50.0,18.749,43.0,18.749,0.0,0.989247311827957,0.010752688172043,2026
656848,"Petersen, Michael",Pit,146,434,434,293.0,18.755,141.0,18.755,0.0,0.9746543778801844,0.0253456221198156,2026
518585,"Cruz, Fernando",Pit,147,401,401,199.0,18.766,202.0,18.766,0.0349127182044887,0.9301745635910224,0.0349127182044887,2026
687377,"Ribalta, Orlando",Pit,120,301,301,185.0,18.773,116.0,18.773,0.0099667774086378,0.9435215946843852,0.0465116279069767,2026
676571,"Poulin, PJ",Pit,120,316,316,169.0,18.777,147.0,18.777,0.0,0.9620253164556962,0.0379746835443038,2026
689981,"Ryan, River",Pit,116,22,22,10.0,18.792,12.0,18.792,0.0,1.0,0.0,2026
689225,"Brieske, Beau",Pit,116,137,137,90.0,18.843,47.0,18.843,0.0072992700729927,0.9416058394160584,0.0510948905109489,2026
672629,"Carrillo, Gerardo",Pit,109,154,154,65.0,18.857,89.0,18.857,0.0064935064935064,0.948051948051948,0.0454545454545454,2026
682769,"Castellano, Eiberson",Pit,115,14,14,6.0,18.902,8.0,18.902,0.0,1.0,0.0,2026
682610,"Muñoz, Roddery",Pit,117,51,51,24.0,18.915,27.0,18.915,0.0196078431372549,0.9607843137254902,0.0196078431372549,2026
682243,"Miller, Bryce",Pit,136,705,705,516.0,18.92,189.0,18.92,0.0070921985815602,0.9730496453900708,0.0198581560283687,2026
681520,"Kelly, Antoine",Pit,112,9,9,6.0,18.962,3.0,18.962,0.0,1.0,0.0,2026
669160,"May, Dustin",Pit,158,1023,1023,654.0,18.974,369.0,18.974,0.0019550342130987,0.9775171065493646,0.0205278592375366,2026
682842,"Uribe, Abner",Pit,158,426,426,229.0,18.978,197.0,18.978,0.0093896713615023,0.9366197183098592,0.0539906103286385,2026
680951,"Nikhazy, Doug",Pit,145,21,21,7.0,19.003,14.0,19.003,0.0476190476190476,0.9523809523809524,0.0,2026
670912,"Oviedo, Johan",Pit,111,26,26,15.0,19.024,11.0,19.024,0.0384615384615384,0.9230769230769232,0.0384615384615384,2026
680694,"Bradish, Kyle",Pit,110,1112,1112,752.0,19.042,360.0,19.042,0.0026978417266187,0.9721223021582732,0.0251798561151079,2026
664126,"Fairbanks, Pete",Pit,146,340,340,221.0,19.06,119.0,19.06,0.0029411764705882,0.9264705882352942,0.0705882352941176,2026
688158,"Morgan, David",Pit,135,229,229,112.0,19.063,117.0,19.063,0.0,0.9344978165938864,0.0655021834061135,2026
640448,"Finnegan, Kyle",Pit,116,433,433,228.0,19.067,205.0,19.067,0.0,0.97459584295612,0.0254041570438799,2026
664299,"Javier, Cristian",Pit,117,443,443,269.0,19.128,174.0,19.128,0.0090293453724604,0.9571106094808126,0.0338600451467268,2026
608331,"Fried, Max",Pit,147,774,774,536.0,19.135,238.0,19.135,0.0142118863049095,0.9496124031007752,0.0361757105943152,2026
596133,"Weaver, Luke",Pit,134,348,348,214.0,19.262,134.0,19.262,0.0,0.942528735632184,0.057471264367816,2026
605452,"Ross, Joe",Pit,140,83,83,37.0,19.317,46.0,19.317,0.0120481927710843,0.963855421686747,0.0240963855421686,2026
660761,"Suarez, José",Pit,133,441,441,217.0,19.374,224.0,19.374,0.0158730158730158,0.9546485260770976,0.0294784580498866,2026
605135,"Bassitt, Chris",Pit,110,771,771,422.0,19.404,349.0,19.404,0.0233463035019455,0.9507133592736704,0.0259403372243839,2026
681911,"Vesia, Alex",Pit,119,417,417,234.0,19.476,183.0,19.476,0.0,0.9688249400479616,0.0311750599520383,2026
543243,"Gray, Sonny",Pit,111,1047,1047,699.0,19.497,348.0,19.497,0.0028653295128939,0.9675262655205348,0.0296084049665711,2026
676917,"Cavalli, Cade",Pit,120,1130,1130,773.0,19.537,357.0,19.537,0.0221238938053097,0.9451327433628318,0.0327433628318584,2026
687765,"Spence, Mitch",Pit,118,84,84,41.0,19.54,43.0,19.54,0.0,0.9761904761904762,0.0238095238095238,2026
687531,"Kempner, William",Pit,146,94,94,53.0,19.721,41.0,19.721,0.0,0.9574468085106383,0.0425531914893617,2026
664192,"Lucchesi, Joey",Pit,108,47,47,15.0,19.879,32.0,19.879,0.0212765957446808,0.9574468085106383,0.0212765957446808,2026
673513,"Matsui, Yuki",Pit,135,443,443,279.0,20.341,164.0,20.341,0.0022573363431151,0.9345372460496614,0.0632054176072234,2026
664774,"Wade Jr., LaMonte",Pit,117,4,4,,,4.0,,1.0,0.0,0.0,2026
804668,"Flores Jr., Rafael",Pit,134,2,2,,,2.0,,1.0,0.0,0.0,2026
677588,"Tena, José",Pit,120,3,3,,,3.0,,1.0,0.0,0.0,2026
605156,"Brooks, Aaron",Pit,139,9,9,,,9.0,,0.0,0.8888888888888888,0.1111111111111111,2026
571771,"Hernández, Enrique",Pit,119,2,2,,,2.0,,0.0,1.0,0.0,2026
664059,"Haggerty, Sam",Pit,140,2,2,,,2.0,,1.0,0.0,0.0,2026
680880,"Holman, Grant",Pit,143,14,14,,,14.0,,0.0,1.0,0.0,2026
