id,name,year,team_name,bat_side_formatted,miss_distance,flawed_percent,perfect_percent,tied_up_percent,avg_x_tied_up,centered_percent,flailed_percent,avg_x_flail,early_percent,avg_y_early,on_time_percent,late_percent,avg_y_late,n_swings,whiff_rate,competitive_percent,over_percent,avg_z_over,lined_up_percent,under_percent,avg_z_under,season
554430,"Wheeler, Zack",2024,Phillies,R,2.460693327,0.0754843019372077,0.1783567134268537,0.1549766199064796,-6.335505473842728,0.6432865731462926,0.2017368069472278,8.542063512291495,0.1549766199064796,12.094982916392876,0.6386105544422178,0.2064128256513026,-10.498030311417404,1497,0.2678690714762859,0.9064796259185036,0.1222444889779559,-3.565093842684571,0.5744822979291917,0.3032732130928524,3.141916699313233,2024
669923,"Kirby, George",2024,Mariners,R,2.246468633,0.0581867388362652,0.2368064952638701,0.1089309878213802,-5.666793416749897,0.6907983761840325,0.2002706359945872,7.833131336763463,0.1021650879566982,11.489069771240652,0.7192151556156969,0.1786197564276048,-10.215022976901285,1478,0.2374830852503383,0.8971583220568335,0.1055480378890392,-3.647312256042372,0.5669824086603519,0.3274695534506089,3.015020728712241,2024
605400,"Nola, Aaron",2024,Phillies,R,3.004251087,0.0791465932553338,0.2167928423950447,0.0646937370956641,-6.339514251971847,0.6386785960082588,0.296627666896077,7.951092439038299,0.3103922918100482,12.648748574543983,0.622849277357192,0.0667584308327598,-10.344974197051904,1453,0.2546455609084652,0.9236063317274604,0.182381280110117,-3.4565877374116805,0.6421197522367516,0.1754989676531314,2.874809553877605,2024
656302,"Cease, Dylan",2024,Padres,R,3.800938152,0.1328233657858136,0.2051460361613352,0.0347705146036161,-5.4715516788626966,0.6495132127955494,0.3157162726008345,9.009839105930824,0.2482614742698192,12.385488938763151,0.6223922114047288,0.129346314325452,-10.168360821162585,1438,0.3268428372739916,0.8852573018080667,0.1974965229485396,-4.170734061643027,0.5417246175243393,0.260778859527121,3.084955798828387,2024
607074,"Rodón, Carlos",2024,Yankees,L,3.244250016,0.0933147632311977,0.2110027855153203,0.0661559888579387,-6.575401480620383,0.6720055710306406,0.2618384401114206,8.399846464713836,0.1984679665738161,12.037831137663376,0.6671309192200557,0.1344011142061281,-10.375295123917583,1436,0.3050139275766017,0.913649025069638,0.1518105849582172,-4.609723139859654,0.5355153203342619,0.3126740947075209,2.98980821394962,2024
641154,"López, Pablo",2024,Twins,R,2.698835684,0.0711297071129707,0.1945606694560669,0.1122733612273361,-5.763361365573692,0.6185495118549512,0.2691771269177127,7.859079807155623,0.1917712691771269,11.957007438937906,0.6520223152022315,0.1562064156206415,-10.23805950676375,1434,0.2677824267782426,0.897489539748954,0.1485355648535564,-3.664361173624589,0.5871687587168759,0.2642956764295676,2.998493947036016,2024
669302,"Gilbert, Logan",2024,Mariners,R,3.755737112,0.1202797202797202,0.2426573426573426,0.0769230769230769,-5.725027526329669,0.6475524475524476,0.2755244755244755,9.15751431107827,0.2622377622377622,12.292813244914674,0.6412587412587413,0.0965034965034965,-10.78131136221684,1430,0.316083916083916,0.8923076923076924,0.216083916083916,-3.972627993675864,0.5895104895104896,0.1944055944055944,3.0902268188437527,2024
669022,"Gore, MacKenzie",2024,Nationals,L,3.290444438,0.0794096978215038,0.2087139845397048,0.1026001405481377,-6.083163795375317,0.6654954321855235,0.2319044272663387,8.780808382030905,0.1496837666900913,13.111354934215996,0.6669009135628953,0.1834153197470133,-10.483831470909596,1423,0.2874209416725228,0.9121574139142656,0.1307097680955727,-4.446939108767787,0.5699226985242446,0.2993675333801827,3.0254506485904678,2024
666142,"Ragans, Cole",2024,Royals,L,3.421492801,0.0846372688477951,0.1813655761024182,0.061877667140825,-5.83358073703903,0.6095305832147937,0.3285917496443812,9.460919738639308,0.27524893314367,13.445733168317398,0.5796586059743954,0.1450924608819345,-10.219498950359236,1406,0.3165007112375533,0.9167852062588904,0.1500711237553342,-3.696800332166053,0.5789473684210527,0.2709815078236131,2.926023124597688,2024
663623,"Irvin, Jake",2024,Nationals,R,2.355512405,0.0632638389647735,0.2379583033788641,0.1020848310567936,-5.935712906760407,0.6966211358734723,0.201294033069734,8.325831627693017,0.1660675772825305,12.792090916597834,0.6462976276060388,0.1876347951114306,-10.819903977461852,1391,0.2214234363767074,0.9029475197699496,0.0963335729690869,-3.258377948514084,0.6448598130841121,0.2588066139468009,2.9881203832417715,2024
676710,"Crawford, Kutter",2024,Red Sox,R,2.973053476,0.0601885424220449,0.2066715010877447,0.0768672951414068,-5.71556816960384,0.6809282088469906,0.2422044960116026,9.11896490590015,0.2588832487309644,12.712106239578215,0.6272661348803481,0.1138506163886874,-10.38421979502514,1379,0.2509064539521392,0.9086294416243654,0.1065989847715736,-3.5082881516095408,0.6221899927483684,0.271211022480058,2.899161759134414,2024
669203,"Burnes, Corbin",2024,Orioles,R,3.787182801,0.0847333820306793,0.2213294375456537,0.1015339663988312,-6.015735283895997,0.5412710007304602,0.3571950328707085,8.921251764716892,0.2344777209642074,12.661952217441096,0.6851716581446311,0.0803506208911614,-10.0860232916963,1369,0.2870708546384222,0.8860482103725347,0.193571950328707,-3.745484922739283,0.6559532505478451,0.1504747991234477,2.965853023296497,2024
622663,"Severino, Luis",2024,Mets,R,2.316390016,0.0522058823529411,0.2139705882352941,0.1514705882352941,-6.095494693272766,0.6529411764705882,0.1955882352941176,8.309769881698406,0.1088235294117647,11.57169955274446,0.6830882352941177,0.2080882352941176,-10.194571251091077,1360,0.225,0.9125,0.0735294117647058,-3.388259348268256,0.6455882352941177,0.2808823529411764,3.028537111713459,2024
676440,"Bibee, Tanner",2024,Guardians,R,2.495109536,0.0633284241531664,0.1848306332842415,0.0861561119293078,-5.948529470300183,0.698821796759941,0.2150220913107511,8.719559893631832,0.2187039764359352,12.592619481851989,0.6104565537555229,0.1708394698085419,-10.766390227598436,1358,0.2717231222385861,0.9072164948453608,0.0824742268041237,-3.565415774608144,0.5927835051546392,0.3247422680412371,3.065137550479632,2024
607625,"Lugo, Seth",2024,Royals,R,2.224945441,0.0508100147275405,0.2525773195876288,0.0773195876288659,-5.966029196602614,0.6634756995581738,0.2592047128129602,7.339533071990496,0.1973490427098674,11.812775503783303,0.6656848306332842,0.1369661266568483,-9.967388574192183,1358,0.2238586156111929,0.9167893961708394,0.1605301914580265,-3.253876821988258,0.6612665684830633,0.1782032400589101,2.9242674711202943,2024
684007,"Imanaga, Shota",2024,Cubs,L,3.681765268,0.0866666666666666,0.2096296296296296,0.0466666666666666,-5.414650175287494,0.6496296296296297,0.3037037037037037,9.776820658880494,0.3088888888888889,13.37586920984148,0.597037037037037,0.094074074074074,-10.602416092608388,1350,0.2829629629629629,0.9318518518518518,0.1274074074074074,-3.202294211630054,0.6074074074074074,0.2651851851851852,2.884672983352793,2024
650911,"Sánchez, Cristopher",2024,Phillies,L,2.810963509,0.0904373610081542,0.2209043736100815,0.0748702742772424,-6.180095614722381,0.5463306152705708,0.3787991104521868,7.774671145086253,0.2527798369162342,11.700671589483449,0.5989621942179392,0.1482579688658265,-10.497681083443668,1349,0.2446256486286138,0.9199406968124536,0.1949592290585619,-3.25310341596766,0.6627131208302446,0.1423276501111934,2.848055873154933,2024
669373,"Skubal, Tarik",2024,Tigers,L,3.080991727,0.0943536404160475,0.1931649331352154,0.0609212481426448,-5.754383392110835,0.6404160475482912,0.2986627043090639,9.218381989238049,0.2013372956909361,13.236021026885709,0.5416047548291233,0.2570579494799405,-11.105050282948556,1346,0.3172362555720653,0.8945022288261516,0.1158989598811292,-3.392973576615037,0.5742942050520059,0.3098068350668648,3.089503934228283,2024
641927,"Ober, Bailey",2024,Twins,R,3.321977945,0.0885416666666666,0.1897321428571428,0.0625,-5.929222407271427,0.6376488095238095,0.2998511904761904,9.17134120365612,0.3541666666666667,12.936663349696769,0.5550595238095238,0.0907738095238095,-10.362401799461278,1344,0.2961309523809524,0.9010416666666666,0.1316964285714285,-3.5064110760344414,0.6235119047619048,0.2447916666666666,2.9458768849696795,2024
657277,"Webb, Logan",2024,Giants,R,2.159500628,0.0485074626865671,0.2544776119402985,0.0910447761194029,-6.163028694066894,0.6649253731343283,0.2440298507462686,7.640322553119843,0.1186567164179104,10.379977517223224,0.7104477611940299,0.1708955223880597,-10.354692036319962,1340,0.2104477611940298,0.9208955223880596,0.1716417910447761,-3.0876417638026608,0.6701492537313433,0.1582089552238806,3.05387667199907,2024
592332,"Gausman, Kevin",2024,Blue Jays,R,2.462070848,0.0701492537313432,0.2373134328358209,0.0716417910447761,-5.750874941419381,0.6955223880597015,0.2328358208955223,7.548165112953018,0.185820895522388,11.303624518286345,0.6529850746268657,0.1611940298507462,-9.600536588076904,1340,0.2313432835820895,0.942537313432836,0.1119402985074626,-3.3700552251699825,0.6171641791044776,0.2708955223880597,2.9082734289479752,2024
642547,"Peralta, Freddy",2024,Brewers,R,2.901761786,0.087509349289454,0.1795063575168287,0.0598354525056095,-5.8001953563661965,0.6619296933433059,0.2782348541510845,8.886578648064939,0.243829468960359,13.503432040159716,0.5661929693343306,0.1899775617053103,-10.25042012801346,1337,0.3089005235602094,0.9087509349289454,0.1151832460732984,-3.647192228050234,0.5699326851159312,0.3148840688107703,3.067120368230408,2024
640455,"Manaea, Sean",2024,Mets,L,2.307212075,0.0768651092690278,0.20120572720422,0.0730972117558402,-6.660854710825422,0.6661642803315749,0.2607385079125848,8.403940874525633,0.1635267520723436,13.761526847709968,0.6028636021100227,0.2336096458176337,-11.274327052540167,1327,0.2637528259231348,0.892991710625471,0.0693293142426526,-3.619868135197245,0.5712132629992465,0.359457422758101,3.1575471163517683,2024
542881,"Anderson, Tyler",2024,Angels,L,3.840956706,0.0784313725490196,0.1945701357466063,0.0761689291101055,-5.483937710117395,0.6085972850678733,0.3152337858220211,10.060862362276708,0.3665158371040724,14.316416221770098,0.5158371040723982,0.1176470588235294,-10.438623323787304,1326,0.2805429864253393,0.9087481146304676,0.0965309200603318,-3.1903177388849944,0.6892911010558069,0.2141779788838612,2.94549966735882,2024
622491,"Castillo, Luis",2024,Mariners,R,2.804874696,0.0725190839694656,0.2274809160305343,0.0854961832061068,-6.501485366597881,0.6618320610687023,0.2526717557251908,8.823129718141296,0.1648854961832061,12.00120537491366,0.6725190839694657,0.1625954198473282,-10.107377853446298,1310,0.2671755725190839,0.9122137404580152,0.0862595419847328,-3.381002733002639,0.6038167938931298,0.3099236641221374,3.101901084980357,2024
656288,"Canning, Griffin",2024,Angels,R,2.95052207,0.0755007704160246,0.2503852080123266,0.0708782742681047,-5.723410564339858,0.662557781201849,0.2665639445300462,7.585103044652004,0.187211093990755,10.636674887238724,0.6964560862865947,0.1163328197226502,-10.213075231936084,1298,0.2496147919876733,0.9244992295839752,0.1818181818181818,-3.828146591617811,0.6309707241910631,0.187211093990755,2.916766625914711,2024
641482,"Cortes, Nestor",2024,Yankees,L,1.83460166,0.0454895913646877,0.2220508866615266,0.0817270624518118,-5.537932915007078,0.7162683114880494,0.2020046260601387,7.7173258540162655,0.1464919043947571,12.40593470308578,0.7070161912104858,0.1464919043947571,-10.149018700345708,1297,0.2490362374710871,0.9213569776407092,0.0439475713184271,-3.3172037678223494,0.5774865073245952,0.3785659213569776,3.0531488608733053,2024
571578,"Corbin, Patrick",2024,Nationals,L,3.40502307,0.0817901234567901,0.25,0.0694444444444444,-6.116041892914824,0.6365740740740741,0.2939814814814814,8.445847278911588,0.2777777777777778,13.532091549577888,0.6018518518518519,0.1203703703703703,-10.256649172346636,1296,0.224537037037037,0.9151234567901234,0.1574074074074074,-3.511738709113688,0.6959876543209876,0.1466049382716049,2.808030308925624,2024
579328,"Kikuchi, Yusei",2024,zMLB,L,2.144053438,0.0888030888030888,0.227027027027027,0.0733590733590733,-5.957578123166191,0.6903474903474903,0.2362934362934363,7.435049585367034,0.1351351351351351,11.148700885002466,0.6447876447876448,0.22007722007722,-10.451485683810688,1295,0.2949806949806949,0.9204633204633204,0.122007722007722,-3.8816609409485,0.5312741312741313,0.3467181467181467,3.2127974957826533,2024
676664,"Sears, JP",2024,Athletics,L,1.932573736,0.0480993017843289,0.238944918541505,0.0845616757176105,-5.640742551586767,0.6881303335919318,0.2273079906904577,7.780445340485999,0.2482544608223429,12.384048269429346,0.6314972847168348,0.1202482544608223,-10.195214080821536,1289,0.2187742435996897,0.9325058184639256,0.0612878200155159,-2.986470042127512,0.6625290923196276,0.2761830876648565,3.0092157425882937,2024
682243,"Miller, Bryce",2024,Mariners,R,2.099465206,0.0519685039370078,0.2417322834645669,0.0732283464566929,-5.837528405433305,0.731496062992126,0.1952755905511811,7.631717022455588,0.1220472440944882,11.471102266624564,0.7283464566929134,0.1496062992125984,-9.937016872919356,1270,0.2409448818897638,0.9299212598425196,0.0984251968503937,-3.740064096683144,0.5850393700787402,0.3165354330708661,2.9769427058940816,2024
543135,"Eovaldi, Nathan",2024,Rangers,R,2.449126021,0.0899763220205209,0.2225730071033938,0.0962904498816101,-5.896494748516853,0.6535122336227308,0.250197316495659,7.66370540929529,0.2225730071033938,12.395805869022418,0.6306235201262825,0.1468034727703236,-10.21816187492606,1267,0.2770323599052881,0.9123914759273876,0.2115232833464877,-3.47874539727319,0.579321231254933,0.2091554853985793,2.989876450290014,2024
694297,"Pfaadt, Brandon",2024,Diamondbacks,R,3.349254814,0.0557324840764331,0.2340764331210191,0.0883757961783439,-5.936482296108218,0.6441082802547771,0.267515923566879,9.291972077996082,0.23328025477707,12.308507552628331,0.6560509554140127,0.1106687898089172,-10.206713013193156,1256,0.2563694267515923,0.9227707006369428,0.1242038216560509,-3.452864415170075,0.6409235668789809,0.2348726114649681,2.9477794118261453,2024
571760,"Heaney, Andrew",2024,Rangers,L,2.541964086,0.0764940239043824,0.198406374501992,0.0629482071713147,-6.209111311947454,0.6733067729083665,0.2637450199203187,7.76463191741854,0.2589641434262948,12.09646785347695,0.5920318725099601,0.149003984063745,-10.619601070735436,1255,0.2637450199203187,0.9235059760956176,0.150597609561753,-3.704924098590198,0.5800796812749004,0.2693227091633466,3.0016203430288337,2024
519242,"Sale, Chris",2024,Braves,L,4.098507171,0.1297037630104083,0.1481184947958366,0.0608486789431545,-6.640130746681538,0.5668534827862289,0.3722978382706164,9.36870445907062,0.3386709367493995,14.523599884376642,0.4851881505204163,0.1761409127301841,-10.633534434737555,1249,0.3082465972778223,0.8566853482786229,0.1793434747798238,-4.001148646554496,0.5652522017614091,0.255404323458767,3.0760356691692263,2024
656605,"Keller, Mitch",2024,Pirates,R,2.111781011,0.0528846153846153,0.2395833333333333,0.1073717948717948,-5.957452329144754,0.6899038461538461,0.2027243589743589,7.799069473213406,0.1338141025641025,11.6670404038783,0.6506410256410257,0.2155448717948718,-10.614283942238227,1248,0.2139423076923076,0.904647435897436,0.09375,-3.4595083467776733,0.6185897435897436,0.2876602564102564,2.940843065409281,2024
686613,"Brown, Hunter",2024,Astros,R,2.132025275,0.0689655172413793,0.2052927024859663,0.1387329591018444,-6.004336403637431,0.6463512429831596,0.214915797914996,7.554175347637269,0.0978348035284683,11.16537134837893,0.6744186046511628,0.2277465918203688,-10.54725294607909,1247,0.2518043303929431,0.884522854851644,0.1050521251002405,-3.788418241866998,0.58700882117081,0.3079390537289495,3.168688250911745,2024
663903,"Singer, Brady",2024,Royals,R,3.593607095,0.0871670702179176,0.2493946731234866,0.0799031476997578,-6.273669236889627,0.6432606941081518,0.2768361581920904,8.50082557649415,0.2485875706214689,12.293747518833507,0.6077481840193705,0.1436642453591606,-10.404702608799743,1239,0.2437449556093623,0.9120258272800644,0.16545601291364,-3.6742713265736016,0.6811945117029863,0.1533494753833736,2.978296580694926,2024
607200,"Fedde, Erick",2024,zMLB,R,2.066876573,0.0550161812297734,0.2516181229773462,0.0914239482200647,-6.079857248029231,0.6537216828478964,0.2548543689320388,7.89625021637484,0.1343042071197411,11.577638483520223,0.709546925566343,0.1561488673139158,-11.269527489465244,1236,0.2176375404530744,0.9263754045307444,0.076051779935275,-2.9515245186845025,0.6561488673139159,0.267799352750809,3.048549325282705,2024
571945,"Mikolas, Miles",2024,Cardinals,R,1.694340022,0.0542949756888168,0.2649918962722852,0.126418152350081,-5.6696502576869765,0.6961102106969206,0.1774716369529984,7.307255821887954,0.1564019448946515,11.6236554334692,0.7009724473257699,0.1426256077795786,-10.317084546692708,1234,0.1645056726094003,0.9230145867098866,0.0761750405186385,-2.908715431616569,0.6904376012965965,0.233387358184765,2.797139602541327,2024
621244,"Berríos, José",2024,Blue Jays,R,3.375846228,0.0559610705596107,0.2692619626926196,0.0924574209245742,-6.670849049114375,0.6601784266017843,0.2473641524736415,8.206429641801826,0.178426601784266,11.880005571796056,0.6934306569343066,0.1281427412814274,-10.093225276091047,1233,0.2116788321167883,0.9115977291159773,0.113544201135442,-4.026476384599811,0.6861313868613139,0.2003244120032441,2.840335488650597,2024
623167,"Flexen, Chris",2024,White Sox,R,3.028796479,0.0667752442996742,0.251628664495114,0.0684039087947882,-5.734951797261905,0.6416938110749185,0.2899022801302932,8.287994642701545,0.2752442996742671,13.669508612077012,0.6359934853420195,0.0887622149837133,-10.19916791766694,1228,0.2328990228013029,0.9250814332247556,0.1009771986970684,-3.446840351679632,0.6783387622149837,0.2206840390879478,2.908231804295489,2024
605135,"Bassitt, Chris",2024,Blue Jays,R,2.856284575,0.0732510288065843,0.2,0.1102880658436214,-6.353538395641538,0.6312757201646091,0.2584362139917695,8.52491376808553,0.2213991769547325,15.868782594798448,0.5366255144032922,0.2419753086419753,-11.037231630247575,1215,0.2115226337448559,0.8823045267489712,0.0831275720164609,-3.3398816502030355,0.6781893004115226,0.2386831275720164,3.1237390062802,2024
650633,"King, Michael",2024,Padres,R,3.235304403,0.0850536746490503,0.1734104046242774,0.0784475639966969,-6.385468207337568,0.5598678777869529,0.3616845582163501,8.790956864759574,0.2906688687035508,12.228514928242332,0.5689512799339389,0.1403798513625103,-10.963862589447803,1211,0.2981007431874484,0.9017341040462428,0.1403798513625103,-3.288354972525569,0.6168455821635013,0.2427745664739884,3.011283081246197,2024
668881,"Greene, Hunter",2024,Reds,R,3.158242456,0.0684474123539232,0.1636060100166945,0.0767946577629382,-6.01313011309808,0.6752921535893155,0.2479131886477462,8.882495487609336,0.196160267111853,12.916152409246264,0.6410684474123539,0.1627712854757929,-10.041102361697565,1198,0.2929883138564274,0.8923205342237062,0.0884808013355592,-4.1313420306353565,0.5217028380634391,0.3898163606010016,3.012037533023431,2024
450203,"Morton, Charlie",2024,Braves,R,3.352128123,0.0760233918128654,0.200501253132832,0.0643274853801169,-6.006991231137347,0.6466165413533834,0.2890559732664995,8.172462686661548,0.2790309106098579,12.366785134304456,0.5931495405179615,0.1278195488721804,-10.101574507923887,1197,0.2606516290726817,0.9081035923141186,0.2213868003341687,-3.737539623866627,0.6198830409356725,0.1587301587301587,2.8671851362504306,2024
680730,"Parker, Mitchell",2024,Nationals,L,3.65985432,0.083752093802345,0.2554438860971524,0.0469011725293132,-5.551934984497205,0.7093802345058626,0.2437185929648241,8.472147142854777,0.2336683417085427,12.54942712093315,0.6055276381909548,0.1608040201005025,-10.1220871862062,1194,0.2269681742043551,0.9112227805695142,0.1499162479061976,-3.7004152805431176,0.6256281407035176,0.2244556113902847,2.800368869090505,2024
641793,"Littell, Zack",2024,Rays,R,2.935365885,0.0762782900251466,0.2313495389773679,0.0645431684828164,-5.957054748088467,0.6932103939647947,0.2422464375523889,8.086545580456496,0.2447611064543168,11.627656478290277,0.6345347862531433,0.1207041072925398,-10.557944081357489,1193,0.2279966471081307,0.9279128248113998,0.1181894383906119,-3.343927180961101,0.6202849958088852,0.2615255658005029,2.9184130110729547,2024
593423,"Montas, Frankie",2024,zMLB,R,2.791882361,0.0707070707070707,0.2196969696969697,0.1035353535353535,-5.797945148511278,0.6473063973063973,0.2491582491582491,8.221578583579854,0.1801346801346801,11.78819064424817,0.6910774410774411,0.1287878787878787,-9.800451662799372,1188,0.2466329966329966,0.9234006734006734,0.1321548821548821,-3.40400617983291,0.6052188552188552,0.2626262626262626,2.911661503523535,2024
656557,"Houck, Tanner",2024,Red Sox,R,2.779808745,0.0539174389216512,0.2695871946082561,0.1069924178601516,-6.568107337879699,0.6225779275484414,0.2704296545914069,8.389444836665703,0.2064026958719461,11.10242347624006,0.6908171861836563,0.1027801179443976,-10.24321888367162,1187,0.2266217354675652,0.9258635214827295,0.2165122156697556,-3.1151331664603563,0.7144060657118787,0.0690817186183656,2.767022645618551,2024
687765,"Spence, Mitch",2024,Athletics,R,2.868707609,0.0573839662447257,0.2345991561181434,0.0767932489451476,-5.691443013090146,0.6472573839662448,0.2759493670886076,8.214902152021022,0.2514767932489452,11.686618688843604,0.6320675105485232,0.1164556962025316,-10.531370804453628,1185,0.2236286919831223,0.9282700421940928,0.1628691983122362,-3.2039240765797734,0.680168776371308,0.1569620253164557,2.8775787265774158,2024
608379,"Wacha, Michael",2024,Royals,R,3.37386918,0.0713678844519966,0.2353440951571792,0.0841121495327102,-5.670864021990302,0.6873406966864911,0.2285471537807986,9.207103507154764,0.286321155480034,13.567209728133903,0.5692438402718777,0.1444350042480883,-9.912988677131112,1177,0.2344944774851317,0.9005947323704333,0.1376380628717077,-3.5092880767021537,0.6813933729821581,0.1809685641461342,2.912738589831026,2024
669854,"Blanco, Ronel",2024,Astros,R,3.436953583,0.0943075615972812,0.2005097706032285,0.0645709430756159,-5.667265894323491,0.6363636363636364,0.2990654205607476,9.01382769910616,0.2956669498725573,12.168694974325042,0.6261682242990654,0.0781648258283772,-10.3562824192152,1177,0.2846219201359388,0.9167374681393372,0.1614273576890399,-3.4359246719159677,0.6091758708581139,0.2293967714528462,2.922440591422784,2024
608331,"Fried, Max",2024,Braves,L,2.608425391,0.0901360544217687,0.2049319727891156,0.1420068027210884,-6.428678549106264,0.6011904761904762,0.2568027210884354,7.997671268227807,0.2244897959183673,13.225029287791914,0.5833333333333334,0.1921768707482993,-10.425451375697314,1176,0.238095238095238,0.8945578231292517,0.1938775510204081,-3.445679199604732,0.6479591836734694,0.1581632653061224,3.0226782630096825,2024
669194,"Nelson, Ryne",2024,Diamondbacks,R,1.946407434,0.0418088737201365,0.227815699658703,0.0742320819112627,-6.308664392941752,0.7397610921501706,0.1860068259385665,7.5519584522353425,0.1203071672354948,11.674787154643518,0.6186006825938567,0.2610921501706484,-10.48686862839394,1172,0.1791808873720136,0.8950511945392492,0.0571672354948805,-3.36901224942889,0.6126279863481229,0.3302047781569966,2.9599585004548503,2024
607067,"Rea, Colin",2024,Brewers,R,2.145999455,0.0542635658914728,0.2678725236864772,0.0895779500430663,-5.814290798631643,0.6752799310938846,0.2351421188630491,7.263879918707869,0.1869078380706287,11.51697334025798,0.6864771748492678,0.1266149870801033,-10.204769726772527,1161,0.1912144702842377,0.9431524547803618,0.0895779500430663,-3.259450719757349,0.6813092161929372,0.2291128337639965,2.9476422189329217,2024
592791,"Taillon, Jameson",2024,Cubs,R,2.749837447,0.0509499136442141,0.272020725388601,0.0664939550949913,-6.097398518550261,0.6899827288428325,0.2435233160621761,8.008937008847594,0.2616580310880829,12.19946538993912,0.6476683937823834,0.0906735751295336,-10.014075333647906,1158,0.197754749568221,0.915371329879102,0.0820379965457685,-3.6053461128686384,0.697754749568221,0.2202072538860103,2.93204863238718,2024
676979,"Crochet, Garrett",2024,White Sox,L,1.902109162,0.0668402777777777,0.1744791666666666,0.1145833333333333,-5.946684989782375,0.6961805555555556,0.1892361111111111,8.23361749138147,0.0980902777777777,11.76995297270129,0.7039930555555556,0.1979166666666666,-10.30359200177365,1152,0.3324652777777778,0.9097222222222222,0.140625,-3.622833867370586,0.4852430555555556,0.3741319444444444,3.1529221750496377,2024
543243,"Gray, Sonny",2024,Cardinals,R,3.502944062,0.0897212543554007,0.229965156794425,0.1001742160278745,-6.472156075166434,0.6219512195121951,0.2778745644599303,8.582687505232004,0.2116724738675958,11.790117285457278,0.6559233449477352,0.1324041811846689,-10.536638047221595,1148,0.3013937282229965,0.9006968641114983,0.2134146341463414,-4.13708137809124,0.622822299651568,0.1637630662020905,3.004584908781057,2024
681293,"Arrighetti, Spencer",2024,Astros,R,3.358040653,0.089799476896251,0.2083696599825632,0.060156931124673,-6.453178003674116,0.6573670444638187,0.2824760244115082,8.802238395114898,0.2772449869224063,13.559202551969062,0.6137750653879687,0.1089799476896251,-10.363753914802446,1147,0.2728857890148213,0.9067131647776808,0.1299040976460331,-3.939390750146931,0.5919790758500436,0.2781168265039233,2.986022488883278,2024
663372,"Feltner, Ryan",2024,Rockies,R,2.535950702,0.0865384615384615,0.2386363636363636,0.0874125874125874,-5.990855744171279,0.6704545454545454,0.2421328671328671,8.313967355376139,0.2211538461538461,12.116971806493074,0.6075174825174825,0.1713286713286713,-10.757795897760332,1144,0.2386363636363636,0.8942307692307693,0.1267482517482517,-3.280007742158517,0.6573426573426573,0.2159090909090909,2.999409132808727,2024
678394,"Bello, Brayan",2024,Red Sox,R,2.979466307,0.083041958041958,0.222027972027972,0.1031468531468531,-6.707071857162936,0.5673076923076923,0.3295454545454545,8.100359175632347,0.2526223776223776,11.374174893498278,0.6145104895104895,0.1328671328671328,-10.315861561703286,1144,0.2596153846153846,0.9335664335664337,0.1896853146853147,-3.53468779033839,0.6800699300699301,0.1302447552447552,2.9301484746575417,2024
596295,"Gomber, Austin",2024,Rockies,L,3.004573251,0.0639789658194566,0.2567922874671341,0.0543382997370727,-5.5046575413197045,0.6950043821209465,0.2506573181419807,8.048967690590734,0.2813321647677476,12.429338928037431,0.5880806310254163,0.1305872042068361,-10.23372290395809,1141,0.1998247151621384,0.9377738825591586,0.1183172655565293,-3.138529568739513,0.684487291849255,0.1971954425942156,2.8477119267985027,2024
650644,"Civale, Aaron",2024,zMLB,R,2.626142542,0.0535087719298245,0.2350877192982456,0.0780701754385965,-5.705057305180327,0.6701754385964912,0.2517543859649123,8.277270011673492,0.2517543859649123,12.570836740296183,0.6263157894736842,0.1219298245614035,-10.811494054222464,1140,0.219298245614035,0.9201754385964912,0.0956140350877193,-3.335023359843943,0.6587719298245615,0.2456140350877192,2.907955225198767,2024
661563,"Gil, Luis",2024,Yankees,R,2.376213608,0.0676625659050966,0.2012302284710017,0.0729349736379613,-6.7473439714916905,0.679261862917399,0.2478031634446397,7.803186836619345,0.1581722319859402,11.082933170959894,0.7047451669595782,0.1370826010544815,-10.274932211744211,1138,0.289103690685413,0.9138840070298768,0.1089630931458699,-3.315393434603505,0.5667838312829525,0.3242530755711775,3.2446842510169764,2024
601713,"Pivetta, Nick",2024,Red Sox,R,3.190907141,0.064773735581189,0.2076308784383318,0.064773735581189,-5.609250403365376,0.7311446317657497,0.2040816326530612,8.978652484645764,0.2333629103815439,12.696267979580782,0.6246672582076309,0.1419698314108252,-10.5329981292348,1127,0.2519964507542147,0.9112688553682342,0.0993788819875776,-3.8079793925941634,0.580301685891748,0.3203194321206744,3.006113726946587,2024
671737,"Bradley, Taj",2024,Rays,R,2.275164658,0.0559006211180124,0.220053238686779,0.0683229813664596,-9.324447038288332,0.7213842058562555,0.2102928127772848,7.162137302155341,0.1100266193433895,10.62342054452218,0.7196095829636202,0.1703637976929902,-9.993094644853024,1127,0.2795031055900621,0.9112688553682342,0.1748003549245785,-3.5821197692802627,0.5297249334516415,0.29547471162378,3.094394857621348,2024
680573,"Woods Richardson, Simeon",2024,Twins,R,2.272277814,0.050587172538392,0.2068654019873532,0.0957542908762421,-5.99032021387953,0.6973803071364046,0.2068654019873532,7.996187656999445,0.1933152664859982,11.861620958043742,0.6386630532971996,0.1680216802168021,-10.325518463997769,1107,0.2267389340560072,0.925925925925926,0.08130081300813,-3.281044260122981,0.6242095754290876,0.2944896115627823,2.9451632713375497,2024
656427,"Flaherty, Jack",2024,zMLB,R,3.371656434,0.1246612466124661,0.2032520325203252,0.050587172538392,-5.998700346068344,0.6115627822944896,0.3378500451671183,8.947305858405743,0.3288166214995483,13.51836696820563,0.5338753387533876,0.1373080397470641,-10.408581051300578,1107,0.3197831978319783,0.91869918699187,0.1580849141824751,-3.647701264030285,0.6106594399277326,0.2312556458897922,3.076555876192521,2024
621107,"Eflin, Zach",2024,zMLB,R,2.70598852,0.0725294650951949,0.2447869446962828,0.0915684496826835,-6.162785446369833,0.6310063463281959,0.2774252039891206,8.083628783091562,0.242973708068903,12.903310354223407,0.628286491387126,0.128739800543971,-10.73756924515178,1103,0.2203082502266545,0.913871260199456,0.113327289211242,-3.08590601292552,0.6844968268359021,0.2021758839528558,2.937492938950592,2024
502043,"Gibson, Kyle",2024,Cardinals,R,4.076307769,0.0909918107370336,0.2247497725204731,0.0655141037306642,-5.745992074294421,0.545950864422202,0.3885350318471338,8.793768004393275,0.3439490445859872,13.36798466182656,0.5686988171064604,0.0873521383075523,-9.854537445577469,1099,0.2629663330300273,0.924476797088262,0.1756141947224749,-3.436122176380886,0.7106460418562329,0.113739763421292,2.7448622123663844,2024
500779,"Quintana, Jose",2024,Mets,L,2.679609821,0.0658135283363802,0.2413162705667276,0.0722120658135283,-5.570250828267705,0.6014625228519196,0.3263254113345521,7.849597927964732,0.2568555758683729,12.362343851026235,0.6160877513711152,0.1270566727605118,-10.7816553426831,1094,0.2248628884826325,0.9040219378427788,0.1160877513711151,-3.185802758607976,0.6873857404021938,0.196526508226691,2.8766224055486638,2024
683155,"Estes, Joey",2024,Athletics,R,1.86021003,0.0377532228360957,0.225598526703499,0.0672191528545119,-5.906185567003528,0.7541436464088398,0.1786372007366482,7.255022605281968,0.2292817679558011,12.699893787989168,0.6629834254143646,0.1077348066298342,-10.499411226347608,1086,0.1961325966850828,0.9392265193370166,0.0377532228360957,-3.362034525620727,0.6141804788213628,0.3480662983425414,2.939984724462436,2024
594902,"Lively, Ben",2024,Guardians,R,2.498077657,0.0414746543778801,0.2543778801843318,0.0663594470046083,-5.815427530054368,0.7179723502304147,0.2156682027649769,8.156365401363052,0.2267281105990783,12.998189669426964,0.6110599078341014,0.1622119815668203,-10.382176202413053,1085,0.1852534562211981,0.9161290322580644,0.0663594470046083,-2.9744968988816463,0.687557603686636,0.2460829493087557,2.9223909210092702,2024
544150,"Suárez, Albert",2024,Orioles,R,2.348417806,0.0528266913809082,0.2103799814643188,0.0676552363299351,-5.240199466262134,0.6682113067655236,0.2641334569045412,7.895496198850935,0.2428174235403151,11.88072095402841,0.5949953660797034,0.1621872103799814,-10.184067194568645,1079,0.247451343836886,0.9193697868396664,0.0704355885078776,-3.1673741683642778,0.6135310472659871,0.3160333642261353,2.9644075616839065,2024
615698,"Quantrill, Cal",2024,Rockies,R,2.123326769,0.0731021555763823,0.2314901593252108,0.0787253983130271,-5.846763774085584,0.6757263355201499,0.2455482661668228,7.302492582024473,0.2005623242736644,11.17804076921981,0.6494845360824743,0.1499531396438612,-10.50999339590533,1067,0.2286785379568884,0.936269915651359,0.1349578256794751,-3.107252530422724,0.6316776007497656,0.2333645735707591,2.9608682561927866,2024
573186,"Stroman, Marcus",2024,Yankees,R,2.740327473,0.0504761904761904,0.2628571428571428,0.0847619047619047,-6.164335379911732,0.5895238095238096,0.3257142857142857,7.795896960957172,0.1847619047619047,11.465196789046562,0.7238095238095238,0.0914285714285714,-10.213891122586848,1050,0.1971428571428571,0.9257142857142856,0.1333333333333333,-3.1403163944374555,0.7180952380952381,0.1485714285714285,2.72210094752896,2024
694973,"Skenes, Paul",2024,Pirates,R,2.797710371,0.0869565217391304,0.1729468599033816,0.0830917874396135,-6.04473539064311,0.6154589371980677,0.3014492753623188,8.11673875223279,0.1758454106280193,12.056527032040592,0.6376811594202898,0.1864734299516908,-10.733149086399916,1035,0.2888888888888888,0.8888888888888888,0.1748792270531401,-3.556165232090596,0.5671497584541063,0.2579710144927536,3.0508155672253343,2024
668964,"Myers, Tobias",2024,Brewers,R,2.861250898,0.0484496124031007,0.252906976744186,0.0600775193798449,-5.4885343268997975,0.6986434108527132,0.2412790697674418,8.418777784876644,0.1647286821705426,12.633588121953512,0.685077519379845,0.1501937984496124,-10.768470773858043,1032,0.2131782945736434,0.9234496124031008,0.0862403100775193,-3.324770981601377,0.6531007751937985,0.2606589147286822,2.9494588461571656,2024
671096,"Abbott, Andrew",2024,Reds,L,2.252207988,0.048971596474045,0.2203721841332027,0.0714985308521057,-5.743565375392051,0.6895200783545543,0.2389813907933398,7.725433293428733,0.1939275220372184,12.201055258306184,0.6444662095984329,0.1616062683643487,-10.50004055393758,1021,0.2242899118511263,0.930460333006856,0.0479921645445641,-3.5203596873512466,0.6258570029382958,0.32615083251714,3.0048762661631327,2024
663362,"Waldron, Matt",2024,Padres,R,1.763742386,0.0514851485148514,0.2376237623762376,0.1227722772277227,-5.617004131561426,0.6485148514851485,0.2287128712871287,7.106566256510139,0.2306930693069307,11.954723488821733,0.6336633663366337,0.1356435643564356,-10.764222365688076,1010,0.2059405940594059,0.9089108910891088,0.1336633663366336,-3.188891698018544,0.6287128712871287,0.2376237623762376,2.938368733636977,2024
664285,"Valdez, Framber",2024,Astros,L,2.62876849,0.0854870775347912,0.2544731610337972,0.0427435387673956,-5.536636572829501,0.6610337972166997,0.2962226640159046,7.3329772413615295,0.2276341948310139,11.801729340741105,0.6560636182902585,0.1163021868787276,-11.02659368241126,1006,0.272365805168986,0.9234592445328031,0.2783300198807157,-3.489206146962933,0.6123260437375746,0.1093439363817097,2.7866018642235137,2024
657746,"Ryan, Joe",2024,Twins,R,2.232446438,0.059880239520958,0.2125748502994012,0.0858283433133732,-5.690111448751209,0.7125748502994012,0.2015968063872255,8.087904982800794,0.1746506986027944,11.952282047758716,0.6786427145708582,0.1467065868263473,-10.226322223989143,1002,0.2694610778443114,0.9191616766467066,0.1187624750499002,-3.2449200967440075,0.563872255489022,0.3173652694610778,3.070273452173234,2024
668678,"Gallen, Zac",2024,Diamondbacks,R,3.36816727,0.0838383838383838,0.2333333333333333,0.0636363636363636,-5.667252527250106,0.6353535353535353,0.301010101010101,8.047626567507256,0.2868686868686869,12.096789968867483,0.597979797979798,0.1151515151515151,-10.938599475040332,990,0.2636363636363636,0.902020202020202,0.1878787878787878,-3.804816095623612,0.6323232323232323,0.1797979797979798,2.880813309108913,2024
607259,"Martinez, Nick",2024,Reds,R,3.855219291,0.0667340748230535,0.2285136501516683,0.121334681496461,-5.637531869375405,0.6349848331648129,0.243680485338726,10.66797227648108,0.2396359959555106,14.555570140742066,0.6036400404448938,0.1567239635995955,-10.276875578215511,989,0.2345803842264914,0.8837209302325582,0.1041456016177957,-3.372257205646186,0.6885743174924166,0.2072800808897876,3.0144923190529105,2024
694813,"Stone, Gavin",2024,Dodgers,R,3.179290723,0.0861195542046605,0.2441742654508611,0.0932117527862208,-6.066689405684964,0.5937183383991894,0.3130699088145897,8.041463958171745,0.2137791286727457,11.442178063178568,0.6393110435663627,0.1469098277608916,-10.106317487839146,987,0.2451874366767983,0.916919959473151,0.1702127659574468,-3.4372891545620075,0.6605876393110436,0.1691995947315096,3.0473254936872745,2024
665871,"Assad, Javier",2024,Cubs,R,2.644839726,0.0497967479674796,0.258130081300813,0.1107723577235772,-5.866072375515072,0.7052845528455285,0.1839430894308943,8.8241915906551,0.1697154471544715,12.487106594145011,0.6727642276422764,0.157520325203252,-10.243301563881358,984,0.1849593495934959,0.907520325203252,0.0884146341463414,-3.7364115804013593,0.6778455284552846,0.2337398373983739,2.9091483754269314,2024
682847,"Ortiz, Luis",2024,Pirates,R,2.340138659,0.0357873210633946,0.2453987730061349,0.1002044989775051,-5.9994540847971285,0.6983640081799591,0.2014314928425357,7.895537741828918,0.1319018404907975,11.454191906619137,0.7351738241308794,0.1329243353783231,-10.574821673600551,978,0.2116564417177914,0.9366053169734152,0.1196319018404908,-3.338978457426085,0.6656441717791411,0.2147239263803681,2.9638446768077342,2024
663559,"Falter, Bailey",2024,Pirates,L,2.094189582,0.0399590163934426,0.2694672131147541,0.1219262295081967,-5.682171042268374,0.7520491803278688,0.1260245901639344,8.523402008288828,0.1301229508196721,12.30864828030104,0.7028688524590164,0.1670081967213114,-10.506480352377269,976,0.1967213114754098,0.9190573770491804,0.0778688524590164,-3.2601189754153705,0.6454918032786885,0.2766393442622951,3.0355565880539177,2024
624133,"Suarez, Ranger",2024,Phillies,L,2.923805995,0.0720164609053498,0.2067901234567901,0.1152263374485596,-5.945476239778846,0.5905349794238683,0.294238683127572,8.071304287086512,0.2962962962962963,14.21031166987085,0.529835390946502,0.1738683127572016,-10.527547012281609,972,0.2119341563786008,0.9053497942386832,0.1574074074074074,-3.190164034845258,0.698559670781893,0.1440329218106996,2.9138289489525424,2024
680885,"Schwellenbach, Spencer",2024,Braves,R,3.170138244,0.1014492753623188,0.2122153209109731,0.0786749482401656,-5.66602506877448,0.6086956521739131,0.3126293995859213,8.23408999344279,0.2494824016563147,12.431563768865365,0.6211180124223602,0.129399585921325,-10.229094487278156,966,0.2763975155279503,0.91407867494824,0.1853002070393374,-3.555238820116545,0.6211180124223602,0.1935817805383022,2.946184891191947,2024
657006,"Steele, Justin",2024,Cubs,L,2.060383911,0.0538860103626943,0.2124352331606217,0.1626943005181347,-5.889234855037135,0.6829015544041451,0.1544041450777202,7.441110205710636,0.1398963730569948,11.952817828503088,0.6373056994818653,0.2227979274611398,-10.639674144595174,965,0.238341968911917,0.9253886010362694,0.0984455958549222,-3.810421663470908,0.633160621761658,0.2683937823834197,2.916577678251776,2024
669432,"Rogers, Trevor",2024,zMLB,L,2.038498729,0.0553814002089864,0.2654127481713688,0.0543364681295715,-5.7029543174998425,0.6980146290491118,0.2476489028213166,7.363705540096348,0.2006269592476489,11.477927637462878,0.6802507836990596,0.1191222570532915,-10.158348598739169,957,0.2037617554858934,0.9561128526645768,0.1306165099268547,-3.043115544093681,0.632183908045977,0.2371995820271682,2.9948995974435872,2024
686752,"Pepiot, Ryan",2024,Rays,R,2.433734093,0.0680628272251308,0.2157068062827225,0.081675392670157,-5.817608065542004,0.6931937172774869,0.225130890052356,8.1572318302098,0.1235602094240837,11.791921178703024,0.7193717277486911,0.1570680628272251,-10.585816927446997,955,0.3047120418848167,0.9057591623036648,0.0869109947643979,-3.8864291158094897,0.5424083769633508,0.3706806282722513,3.242996689535777,2024
625643,"López, Reynaldo",2024,Braves,R,3.87797714,0.0974842767295597,0.2085953878406708,0.0513626834381551,-5.459097684451578,0.6226415094339622,0.3259958071278826,8.787930155013667,0.2348008385744235,13.64231423075387,0.5754716981132075,0.1897274633123689,-10.585130509726762,954,0.2767295597484276,0.8867924528301887,0.1310272536687631,-4.364007460750092,0.6184486373165619,0.250524109014675,2.9098682746279323,2024
679525,"Marsh, Alec",2024,Royals,R,3.594214747,0.0684931506849315,0.2571127502634352,0.0642781875658588,-6.024361379863128,0.6838777660695469,0.2518440463645943,8.807287905546978,0.2223393045310853,11.733906796394438,0.6396206533192834,0.1380400421496312,-10.966448563423926,949,0.2328767123287671,0.9009483667017912,0.1264488935721812,-3.935619878201039,0.6501580611169653,0.2233930453108535,2.8966833547784328,2024
527048,"Pérez, Martín",2024,zMLB,L,2.968457395,0.0626326963906581,0.2600849256900212,0.1008492569002123,-5.724368836363993,0.6061571125265393,0.2929936305732484,8.135832034344894,0.2664543524416136,12.21144512844371,0.6401273885350318,0.0934182590233545,-10.293433272546588,942,0.2101910828025477,0.945859872611465,0.1295116772823779,-3.219811811347653,0.7144373673036093,0.1560509554140127,2.7556965057956813,2024
665152,"Kremer, Dean",2024,Orioles,R,2.792392565,0.0704375667022411,0.2358591248665955,0.0672358591248666,-5.833911480126231,0.6776947705442903,0.2550693703308431,8.20458520045414,0.2049092849519743,12.280551763313012,0.6371398078975453,0.1579509071504802,-9.970996632289136,937,0.2283884738527214,0.9231590181430096,0.103521878335112,-3.0580645396725417,0.6307363927427961,0.2657417289220918,2.934545094228329,2024
686563,"Cannon, Jonathan",2024,White Sox,R,2.539443063,0.0612903225806451,0.2602150537634408,0.0709677419354838,-6.115106958368092,0.6440860215053763,0.2849462365591398,7.872142027407355,0.1806451612903225,11.7490123355058,0.7053763440860215,0.1139784946236559,-10.8141938042244,930,0.2129032258064516,0.9268817204301076,0.0967741935483871,-3.159769767449841,0.6774193548387096,0.2258064516129032,2.9528067134559395,2024
458681,"Lynn, Lance",2024,Cardinals,R,1.581762934,0.0455037919826652,0.2307692307692307,0.0801733477789815,-6.009727858329113,0.6879739978331527,0.2318526543878656,7.478945611930455,0.0704225352112676,10.958726716438456,0.771397616468039,0.1581798483206934,-10.055945799126029,923,0.2426868905742145,0.9252437703141928,0.0552546045503792,-2.9338490191962823,0.5763813651137595,0.3683640303358613,3.1289123305388755,2024
543294,"Hendricks, Kyle",2024,Cubs,R,3.027711654,0.0466377440347071,0.1941431670281995,0.1127982646420824,-6.399275679452982,0.5520607375271149,0.3351409978308026,8.187159028384633,0.3524945770065076,13.204936973444449,0.544468546637744,0.1030368763557483,-11.345144700193408,922,0.1908893709327548,0.9186550976138828,0.0683297180043383,-3.012398166121234,0.7516268980477223,0.1800433839479392,2.7417140369440887,2024
656756,"Montgomery, Jordan",2024,Diamondbacks,L,3.711613387,0.081858407079646,0.2289823008849557,0.0785398230088495,-6.198139827591898,0.5586283185840708,0.3628318584070796,8.62404531573844,0.3196902654867257,13.783353335801198,0.5951327433628318,0.0851769911504424,-10.608938696279782,904,0.2699115044247787,0.9148230088495576,0.1371681415929203,-3.8579773006681073,0.7035398230088495,0.1592920353982301,2.980926426294672,2024
547179,"Lorenzen, Michael",2024,zMLB,R,3.587203547,0.0753045404208195,0.2469545957918051,0.0941306755260243,-6.025212481052585,0.6389811738648948,0.2668881506090808,8.616819072608612,0.2170542635658914,12.766067928362808,0.6345514950166113,0.1483942414174972,-10.16018916921923,903,0.2270210409745293,0.9368770764119602,0.1450719822812846,-3.518229501397062,0.64562569213732,0.2093023255813953,2.788778005258568,2024
683003,"Jones, Jared",2024,Pirates,R,2.447479647,0.0635451505016722,0.2274247491638795,0.0769230769230769,-6.083203579994113,0.7023411371237458,0.2207357859531772,7.770541803746446,0.1750278706800446,10.94064341804352,0.6967670011148273,0.1282051282051282,-9.666767936498264,897,0.2920847268673355,0.9141583054626532,0.1326644370122631,-4.096181682706468,0.5518394648829431,0.3154960981047937,3.0762643017653013,2024
690986,"Harrison, Kyle",2024,Giants,L,2.257454859,0.0774410774410774,0.2379349046015712,0.0505050505050505,-6.113013149809686,0.6734006734006734,0.2760942760942761,7.569610096729727,0.1739618406285073,11.65124135437263,0.6363636363636364,0.1896745230078563,-10.584305108502823,891,0.2401795735129068,0.9236812570145904,0.0830527497194163,-3.227112822776084,0.6060606060606061,0.3108866442199775,2.990053277966751,2024
693433,"Woo, Bryan",2024,Mariners,R,1.905344293,0.0494938132733408,0.280089988751406,0.0798650168728909,-5.873172799016471,0.7446569178852643,0.1754780652418447,7.480058732223513,0.0854893138357705,12.206037979575488,0.735658042744657,0.1788526434195725,-10.220156398926626,889,0.2395950506186726,0.9122609673790776,0.061867266591676,-3.535333069039229,0.6051743532058492,0.3329583802024747,3.086863620080178,2024
680570,"Rodriguez, Grayson",2024,Orioles,R,3.255704897,0.1004618937644341,0.2113163972286374,0.0831408775981524,-6.09639592182665,0.6674364896073903,0.2494226327944572,8.93600464702015,0.2413394919168591,12.863501392532296,0.6073903002309469,0.151270207852194,-10.370700477663066,866,0.2933025404157043,0.8983833718244804,0.1339491916859122,-3.886318246479423,0.5727482678983834,0.2933025404157043,3.063991309246393,2024
656849,"Peterson, David",2024,Mets,L,2.486038204,0.0718424101969872,0.2421784472769409,0.0730011587485515,-6.259571886676465,0.6442641946697567,0.2827346465816918,7.844875753405696,0.1738122827346465,11.33746726565006,0.5851680185399768,0.2410196987253766,-10.750432654213885,863,0.2607184241019699,0.895712630359212,0.1506373117033603,-3.3604819952555287,0.626882966396292,0.2224797219003476,3.074759422312036,2024
628317,"Maeda, Kenta",2024,Tigers,R,2.932116761,0.0807017543859649,0.239766081871345,0.0561403508771929,-5.535992939874997,0.6339181286549708,0.3099415204678362,8.440330420346013,0.2865497076023391,11.757621549205084,0.6163742690058479,0.0970760233918128,-10.028798272475631,855,0.2432748538011696,0.9169590643274854,0.1508771929824561,-3.104011401163624,0.6491228070175439,0.2,2.81768793059272,2024
663554,"Mize, Casey",2024,Tigers,R,2.569979863,0.0716803760282021,0.2573443008225617,0.0752056404230317,-5.5926000891824135,0.690951821386604,0.2338425381903642,7.866661018321192,0.1715628672150411,11.398584064744966,0.6568742655699178,0.1715628672150411,-10.227175303417113,851,0.2185663924794359,0.9118683901292596,0.099882491186839,-3.3178035747256303,0.645123384253819,0.2549941245593419,2.909227897673872,2024
607192,"Glasnow, Tyler",2024,Dodgers,R,3.545243124,0.1124260355029585,0.208284023668639,0.0828402366863905,-5.87774043217164,0.6733727810650888,0.2437869822485207,7.860957631489442,0.1751479289940828,11.88389648179218,0.6390532544378699,0.1857988165680473,-10.07613911172446,845,0.301775147928994,0.906508875739645,0.2201183431952662,-4.409130991885346,0.5431952662721894,0.2366863905325443,2.9800030075937025,2024
666157,"Lodolo, Nick",2024,Reds,L,3.448233716,0.0786924939467312,0.2070217917675544,0.0907990314769975,-6.7451761967106725,0.6053268765133172,0.3038740920096852,8.483933869338264,0.2251815980629539,13.276369698583368,0.6174334140435835,0.1573849878934624,-10.339799707458162,826,0.274818401937046,0.910411622276029,0.1283292978208232,-4.481946905394538,0.6138014527845036,0.2578692493946731,2.992528875962277,2024
669467,"Pallante, Andre",2024,Cardinals,R,2.877762024,0.0452876376988984,0.2068543451652386,0.1493268053855569,-6.010636174641895,0.6646266829865362,0.1860465116279069,8.223506762492775,0.1113831089351285,12.56575898333558,0.6609547123623011,0.2276621787025703,-10.691597665913608,817,0.2031823745410036,0.8861689106487148,0.1995104039167686,-3.2687427430551983,0.6450428396572827,0.1554467564259486,2.863822892871746,2024
663855,"Hicks, Jordan",2024,Giants,R,4.287709731,0.0855018587360594,0.2354399008674101,0.060718711276332,-6.100999208127209,0.6592317224287485,0.2800495662949194,9.788190724336362,0.2862453531598513,13.403964984167372,0.5749690210656754,0.1387856257744733,-9.95750885426101,807,0.2478314745972738,0.9206939281288724,0.1970260223048327,-3.438946073143097,0.677819083023544,0.1251548946716233,2.833675387587787,2024
681857,"Olson, Reese",2024,Tigers,R,3.847918864,0.1055276381909547,0.25,0.0678391959798995,-5.494886534076625,0.6695979899497487,0.2625628140703517,9.08683766967424,0.2952261306532663,11.943717359352762,0.6105527638190955,0.0942211055276382,-10.161232917570542,796,0.2814070351758794,0.928391959798995,0.2462311557788944,-3.644866348841419,0.6231155778894473,0.1306532663316583,2.829380398631704,2024
607536,"Freeland, Kyle",2024,Rockies,L,2.791185145,0.0566037735849056,0.2893081761006289,0.10062893081761,-6.23262135412244,0.660377358490566,0.2389937106918239,7.198938978020076,0.1584905660377358,10.396419616091826,0.7144654088050314,0.1270440251572327,-10.304673969403686,795,0.1610062893081761,0.9308176100628932,0.1421383647798742,-3.753271076515523,0.6955974842767295,0.1622641509433962,2.7155213958354434,2024
570632,"Ureña, José",2024,Rangers,R,3.093676917,0.0657395701643489,0.2465233881163084,0.0670037926675094,-6.013305208842476,0.5916561314791403,0.3413400758533502,8.384066886032045,0.236409608091024,11.527881376093614,0.6801517067003793,0.0834386852085967,-9.89613552434564,791,0.2313527180783817,0.9355246523388115,0.1378002528445006,-2.876108877272538,0.7016434892541087,0.1605562579013906,2.784309218047309,2024
681190,"Vásquez, Randy",2024,Padres,R,2.249995542,0.0281329923273657,0.2340153452685422,0.1035805626598465,-5.943483097995755,0.6739130434782609,0.2225063938618925,7.898950725863032,0.170076726342711,11.031973811385612,0.6892583120204604,0.1406649616368286,-10.60662980356356,782,0.1918158567774936,0.9104859335038364,0.0869565217391304,-3.392444331258299,0.6777493606138107,0.2352941176470588,2.847362775352599,2024
608344,"Irvin, Cole",2024,zMLB,L,2.042403107,0.0398457583547557,0.2583547557840617,0.0758354755784061,-5.58999951804254,0.6850899742930592,0.2390745501285347,7.475696627589506,0.2120822622107969,12.36903667704724,0.6362467866323908,0.1516709511568123,-10.401013672458529,778,0.1683804627249357,0.9203084832904884,0.0616966580976863,-2.863436902241012,0.7069408740359897,0.2313624678663239,2.8832501971609688,2024
605483,"Snell, Blake",2024,Giants,L,4.354513526,0.1152849740932642,0.1619170984455958,0.0686528497409326,-6.386912643620764,0.6139896373056994,0.3173575129533679,9.72820517628462,0.3264248704663212,13.306879466037431,0.5194300518134715,0.1541450777202072,-10.73051868017835,772,0.3769430051813471,0.8639896373056994,0.2059585492227979,-5.253196227951602,0.5246113989637305,0.2694300518134715,3.055851595797032,2024
592351,"Gray, Jon",2024,Rangers,R,2.750187631,0.0469361147327249,0.2555410691003911,0.0560625814863103,-6.289257868411165,0.6870925684485006,0.256844850065189,8.776375766240813,0.1681877444589309,11.00053304749154,0.7027379400260756,0.1290743155149935,-9.638625121545124,767,0.2398956975228161,0.9322033898305084,0.0964797913950456,-3.121400792376967,0.6623207301173403,0.241199478487614,2.823430330778552,2024
681867,"Criswell, Cooper",2024,Red Sox,R,2.235813663,0.0483028720626631,0.2349869451697128,0.0796344647519582,-6.428460379707525,0.6631853785900783,0.2571801566579634,7.366293057478185,0.2310704960835509,12.124300931638698,0.6253263707571801,0.1436031331592689,-10.83588469714257,766,0.171018276762402,0.9216710182767625,0.1344647519582245,-3.038900952277233,0.7088772845953003,0.1566579634464752,2.7947730026379496,2024
665795,"Cabrera, Edward",2024,Marlins,R,3.704452194,0.0824607329842932,0.2054973821989529,0.1007853403141361,-6.687292340750135,0.6426701570680629,0.256544502617801,8.564268411677,0.1675392670157068,11.807510885650462,0.7356020942408377,0.0968586387434555,-10.203687177429838,764,0.2827225130890052,0.912303664921466,0.2303664921465968,-4.197992258310279,0.5942408376963351,0.175392670157068,2.931080478605053,2024
641302,"Alexander, Tyler",2024,Rays,L,1.602231794,0.038007863695937,0.2490170380078637,0.1074705111402359,-5.972991892766727,0.6802096985583224,0.2123197903014416,7.619417919778771,0.1782437745740498,11.073845030018513,0.6618610747051114,0.1598951507208388,-9.664043349758147,763,0.2044560943643512,0.926605504587156,0.0458715596330275,-2.675984805786576,0.6408912188728703,0.3132372214941022,2.881999120694938,2024
669060,"Wilson, Bryse",2024,Brewers,R,1.790887057,0.0433070866141732,0.2664041994750656,0.1023622047244094,-5.888534657614894,0.7073490813648294,0.1902887139107611,7.43649539469346,0.1154855643044619,11.304925521312535,0.7073490813648294,0.1771653543307086,-10.520849815221403,762,0.2086614173228346,0.9278215223097112,0.0761154855643044,-3.15111904552126,0.6587926509186351,0.2650918635170604,2.9976995820756183,2024
471911,"Carrasco, Carlos",2024,Guardians,R,2.79183614,0.0696452036793692,0.2628120893561104,0.0578186596583442,-6.188687455416275,0.6491458607095927,0.293035479632063,7.926358758563473,0.2247043363994743,11.765823745260622,0.6701708278580815,0.1051248357424441,-10.426290964682916,761,0.2194480946123521,0.9303547963206308,0.1984231274638633,-2.922739994859208,0.6636005256241787,0.1379763469119579,2.8470727323073155,2024
687792,"Herz, DJ",2024,Nationals,L,2.320709737,0.0835543766578249,0.1856763925729443,0.0583554376657824,-6.136465429953474,0.6657824933687002,0.2758620689655172,8.177416576181995,0.2015915119363395,12.916306712539749,0.6061007957559682,0.1923076923076923,-10.977418559518876,754,0.2944297082228116,0.9270557029177718,0.0888594164456233,-3.4356754851278875,0.5795755968169761,0.3315649867374005,3.1419593820755534,2024
434378,"Verlander, Justin",2024,Astros,R,2.2149198,0.0535475234270415,0.2543507362784471,0.0602409638554216,-5.685879717638473,0.7443105756358769,0.1954484605087014,7.393890914622338,0.2074966532797858,11.91140012789016,0.6867469879518072,0.1057563587684069,-10.409206773428394,747,0.2115127175368139,0.9062918340026772,0.1004016064257028,-3.461895168897607,0.6211512717536813,0.2784471218206158,2.9189854100343693,2024
667755,"Soriano, José",2024,Angels,R,4.124961828,0.0589812332439678,0.2520107238605898,0.0589812332439678,-6.836059406776995,0.631367292225201,0.3096514745308311,9.263407175692258,0.1112600536193029,11.988450867917186,0.7868632707774799,0.1018766756032171,-10.100723218005555,746,0.2359249329758713,0.9075067024128688,0.257372654155496,-3.849869426487338,0.6434316353887399,0.099195710455764,2.7300021361352207,2024
670102,"Francis, Bowden",2024,Blue Jays,R,2.40505344,0.0500676589986468,0.2273342354533153,0.0663058186738836,-6.094190809396399,0.7185385656292287,0.2151556156968876,7.534964171601603,0.2083897158322057,13.692713457084608,0.6847090663058186,0.1069012178619756,-10.202600882196847,739,0.2070365358592693,0.925575101488498,0.0757780784844384,-3.648389137194053,0.6373477672530447,0.2868741542625169,2.953067149862427,2024
572020,"Paxton, James",2024,zMLB,L,3.705586638,0.0633608815426997,0.2699724517906336,0.0550964187327823,-5.721501521556718,0.756198347107438,0.1887052341597796,9.209750590628,0.1969696969696969,13.590602379617687,0.6308539944903582,0.1721763085399449,-10.321024816799838,726,0.2024793388429752,0.9201101928374656,0.1101928374655647,-4.412356918604207,0.6074380165289256,0.2823691460055096,2.8019346886350265,2024
543037,"Cole, Gerrit",2024,Yankees,R,2.351813954,0.0552486187845303,0.2430939226519337,0.080110497237569,-5.887604338942095,0.7182320441988951,0.2016574585635359,7.631015207051114,0.1519337016574585,10.534038364443257,0.7099447513812155,0.1381215469613259,-9.826996204308715,724,0.2513812154696133,0.9116022099447514,0.1201657458563535,-4.106230619773492,0.5662983425414365,0.3135359116022099,2.970611741772682,2024
686730,"Spiers, Carson",2024,Reds,R,2.507901901,0.0528511821974965,0.2559109874826147,0.1043115438108484,-6.060720261971638,0.6717663421418637,0.2239221140472879,7.88698062157569,0.2002781641168289,12.171412547318788,0.6606397774687065,0.1390820584144645,-10.764525789351598,719,0.2183588317107093,0.9221140472878998,0.1029207232267037,-3.7261401056741423,0.6759388038942976,0.2211404728789986,3.136616050058505,2024
672456,"Montero, Keider",2024,Tigers,R,3.162410698,0.0726256983240223,0.2486033519553072,0.0628491620111731,-5.7616787338417925,0.6662011173184358,0.2709497206703911,8.396408606929716,0.2695530726256983,12.006252903166049,0.5893854748603352,0.1410614525139664,-10.32727911440372,716,0.2206703910614525,0.9259776536312848,0.0963687150837988,-3.731473120078619,0.6829608938547486,0.2206703910614525,2.854778564596632,2024
641540,"Dunning, Dane",2024,Rangers,R,3.08390057,0.0912981455064194,0.2410841654778887,0.1027104136947218,-6.065407559727529,0.6690442225392297,0.2282453637660485,8.63468607163364,0.2696148359486447,13.085504036940195,0.6134094151212554,0.1169757489300998,-11.316754399426417,701,0.2282453637660485,0.9158345221112696,0.1669044222539229,-3.165876541324496,0.6504992867332382,0.1825962910128388,3.038800183932917,2024
672282,"Detmers, Reid",2024,Angels,L,3.424450801,0.0901287553648068,0.1959942775393419,0.0886981402002861,-5.691750680676663,0.6938483547925608,0.217453505007153,9.47873730675514,0.2117310443490701,12.917540492496322,0.6280400572246065,0.1602288984263233,-10.599766833676512,699,0.2804005722460658,0.8984263233190272,0.1344778254649499,-4.3284816902545575,0.5822603719599427,0.2832618025751073,3.114711861729317,2024
663978,"Paddack, Chris",2024,Twins,R,2.242545046,0.0705882352941176,0.2558823529411764,0.0485294117647058,-4.960185029467322,0.7044117647058824,0.2470588235294117,7.709730123561343,0.2235294117647059,11.298322355092782,0.6,0.1764705882352941,-10.567912802142182,680,0.2308823529411764,0.9147058823529411,0.1161764705882353,-3.457764049878084,0.6411764705882353,0.2426470588235294,2.971601340066975,2024
671106,"Allen, Logan",2024,Guardians,L,3.099202392,0.0752212389380531,0.2654867256637168,0.0766961651917404,-6.1257442679681375,0.700589970501475,0.2227138643067846,7.989515415155577,0.2020648967551622,12.313430866233055,0.6386430678466076,0.1592920353982301,-10.089257913818663,678,0.2050147492625368,0.915929203539823,0.1430678466076696,-3.6880968567775168,0.6415929203539823,0.2153392330383481,2.877173935615476,2024
684320,"Rodríguez, Yariel",2024,Blue Jays,R,2.85303372,0.0733532934131736,0.2095808383233532,0.0763473053892215,-5.896125138956485,0.6452095808383234,0.278443113772455,8.795380162368595,0.217065868263473,12.13317438811376,0.6302395209580839,0.1526946107784431,-10.54851787722323,668,0.2544910179640718,0.9086826347305388,0.1092814371257485,-3.2725574597747142,0.6452095808383234,0.2455089820359281,3.125870728792954,2024
605397,"Musgrove, Joe",2024,Padres,R,2.949651636,0.0758725341426403,0.2412746585735963,0.0682852807283763,-6.280656953409696,0.6494688922610015,0.2822458270106222,8.63475205339296,0.2018209408194233,12.190837360514244,0.6631259484066768,0.1350531107738998,-11.031798400165329,659,0.2867981790591806,0.921092564491654,0.1684370257966616,-3.3075077432435966,0.6039453717754173,0.2276176024279211,3.051847826406405,2024
668909,"Williams, Gavin",2024,Guardians,R,2.706867824,0.0730593607305936,0.2191780821917808,0.0365296803652968,-5.537243406579893,0.7366818873668188,0.2267884322678843,8.112089072021275,0.1476407914764079,11.477968528447144,0.634703196347032,0.2176560121765601,-10.680653111299607,657,0.2541856925418569,0.8873668188736682,0.1019786910197869,-3.775021044631287,0.5159817351598174,0.3820395738203957,3.0162260352116537,2024
682610,"Muñoz, Roddery",2024,Marlins,R,3.635290978,0.0581039755351682,0.264525993883792,0.0657492354740061,-6.017155302912097,0.6758409785932722,0.2584097859327217,9.10757419873581,0.1987767584097859,11.612459199832244,0.746177370030581,0.055045871559633,-10.385087092175072,654,0.2385321100917431,0.934250764525994,0.1376146788990825,-3.7381021428036334,0.6559633027522935,0.2064220183486238,2.77890668806445,2024
608334,"Fulmer, Carson",2024,Angels,R,2.907366834,0.0812883435582822,0.2469325153374233,0.0797546012269938,-6.371859438187991,0.6150306748466258,0.3052147239263804,7.812193785694597,0.1794478527607362,11.05863183063458,0.7055214723926381,0.1150306748466257,-10.789147548992924,652,0.263803680981595,0.9355828220858896,0.1687116564417178,-3.486311216330683,0.6457055214723927,0.1855828220858895,2.8933431253970023,2024
669461,"Liberatore, Matthew",2024,Cardinals,L,3.237833318,0.0559875583203732,0.2410575427682737,0.0746500777604976,-5.658719627998991,0.6796267496111975,0.2457231726283048,8.034748509519497,0.1632970451010886,11.554649177801627,0.6967340590979783,0.1399688958009331,-10.122841452381818,643,0.2488335925349922,0.9253499222395024,0.1726283048211508,-3.896669835490637,0.5940902021772939,0.2332814930015552,2.950020674703393,2024
700249,"Povich, Cade",2024,Orioles,L,2.091098953,0.0642633228840125,0.2288401253918495,0.0721003134796238,-5.735382480549322,0.6849529780564263,0.2429467084639498,7.5485521292038,0.2131661442006269,12.539882879483027,0.6536050156739812,0.1332288401253918,-10.464539415868352,638,0.2272727272727272,0.9122257053291536,0.1018808777429467,-2.987119286841759,0.5877742946708464,0.3103448275862069,3.0974174951644686,2024
571882,"Law, Derek",2024,Nationals,R,2.654338346,0.0792393026941362,0.2218700475435816,0.0507131537242472,-6.099378175946391,0.6307448494453248,0.3185419968304279,8.021228543171677,0.1664025356576862,10.63320833204003,0.6893819334389857,0.144215530903328,-9.824954581927717,631,0.294770206022187,0.925515055467512,0.1822503961965134,-3.4946034864057003,0.659270998415214,0.1584786053882725,2.975384959089973,2024
808967,"Yamamoto, Yoshinobu",2024,Dodgers,R,2.442963299,0.068362480127186,0.2130365659777424,0.0842607313195548,-5.55752212132368,0.6836248012718601,0.232114467408585,7.419703248988367,0.1796502384737678,11.755517105165003,0.6486486486486487,0.1717011128775834,-9.758695558637932,629,0.2623211446740858,0.9236883942766296,0.2257551669316375,-3.4343848856018178,0.5771065182829889,0.1971383147853736,2.975814750395415,2024
656731,"Megill, Tylor",2024,Mets,R,2.076455729,0.0768,0.1936,0.1168,-5.694878235392238,0.6496,0.2336,8.27191220584856,0.1456,12.260385369573363,0.6272,0.2272,-11.073561532581833,625,0.2832,0.896,0.1344,-3.4022010836033365,0.5584,0.3072,3.003317704764462,2024
543859,"Tonkin, Michael",2024,zMLB,R,2.826472678,0.0677419354838709,0.2,0.1177419354838709,-6.275356698026372,0.614516129032258,0.267741935483871,8.649743038507228,0.2048387096774193,11.920136903555695,0.6709677419354839,0.1241935483870967,-10.988226608735973,620,0.2435483870967742,0.9016129032258065,0.1274193548387096,-3.1714335060862577,0.6096774193548387,0.2629032258064516,3.055801620225606,2024
596133,"Weaver, Luke",2024,Yankees,R,2.180756107,0.1116504854368932,0.1844660194174757,0.0711974110032362,-5.780515062273117,0.6229773462783171,0.3058252427184466,7.69227219047768,0.1682847896440129,11.077115088863131,0.6957928802588996,0.1359223300970873,-9.801140546223964,618,0.3543689320388349,0.9271844660194176,0.1504854368932038,-3.399172762149073,0.4789644012944983,0.3705501618122977,3.02545772861237,2024
677944,"Cecconi, Slade",2024,Diamondbacks,R,2.577880934,0.0622950819672131,0.2672131147540983,0.0442622950819672,-5.210587955463258,0.6950819672131148,0.260655737704918,8.184429683908467,0.2032786885245901,12.876753802177657,0.6278688524590164,0.1688524590163934,-10.17166690842926,610,0.1967213114754098,0.918032786885246,0.0737704918032786,-3.1387839313165555,0.6918032786885245,0.2344262295081967,2.9598105902404,2024
658648,"Avila, Pedro",2024,zMLB,R,3.426147396,0.0874587458745874,0.2326732673267326,0.0709570957095709,-6.036883652999043,0.636963696369637,0.292079207920792,8.609466377399588,0.2491749174917491,13.80962548459889,0.599009900990099,0.1518151815181518,-10.503842620661697,606,0.2442244224422442,0.9108910891089108,0.1617161716171617,-3.253670968020772,0.6633663366336634,0.1749174917491749,2.8677062726623364,2024
663947,"Holton, Tyler",2024,Tigers,L,2.439647538,0.0711920529801324,0.2301324503311258,0.1076158940397351,-5.975317049594398,0.6158940397350994,0.2764900662251656,8.43736551690172,0.2350993377483443,12.34288193534437,0.6125827814569537,0.152317880794702,-10.625512839065369,604,0.2433774834437086,0.8990066225165563,0.1208609271523178,-3.210393460672146,0.6854304635761589,0.1937086092715231,2.969920952457616,2024
642232,"Yarbrough, Ryan",2024,zMLB,L,3.905711082,0.0819397993311036,0.177257525083612,0.0719063545150501,-6.080342295043569,0.5585284280936454,0.3695652173913043,9.595489327066096,0.3494983277591973,15.893987007523826,0.4448160535117056,0.205685618729097,-10.93076219369949,598,0.2240802675585284,0.8996655518394648,0.0852842809364548,-2.891761966807759,0.7123745819397993,0.2023411371237458,2.9394299869812217,2024
694363,"Shuster, Jared",2024,White Sox,L,3.014470365,0.0735785953177257,0.2274247491638795,0.0501672240802675,-5.792094465452647,0.6187290969899666,0.3311036789297659,8.610643336390256,0.2575250836120401,11.902054934277604,0.6120401337792643,0.1304347826086956,-10.99972357293108,598,0.2374581939799331,0.9147157190635452,0.1187290969899665,-2.9677636426546483,0.6688963210702341,0.2123745819397993,2.8615229012003383,2024
668933,"Ashcraft, Graham",2024,Reds,R,2.741158036,0.0552763819095477,0.2663316582914573,0.1289782244556113,-6.109928319842763,0.6549413735343383,0.2160804020100502,8.340429938404853,0.0770519262981574,10.984994569843582,0.7252931323283082,0.1976549413735343,-10.074211750058854,597,0.2160804020100502,0.9112227805695142,0.1088777219430485,-3.559049380554067,0.6582914572864321,0.2328308207705192,2.849052496094942,2024
663776,"Sandoval, Patrick",2024,Angels,L,3.173006476,0.0774410774410774,0.1936026936026936,0.0757575757575757,-7.071940409120306,0.5555555555555556,0.3686868686868687,8.515482856981377,0.3013468013468013,12.83905350179103,0.5589225589225589,0.1397306397306397,-11.131125182074728,594,0.2643097643097643,0.8855218855218855,0.1262626262626262,-3.609367387875571,0.664983164983165,0.2087542087542087,2.8134934515881445,2024
669358,"Baz, Shane",2024,Rays,R,3.056876695,0.0817717206132879,0.2487223168654173,0.059625212947189,-5.782981426579068,0.7325383304940375,0.2078364565587734,8.379117225979824,0.1976149914821124,12.134404656273666,0.6729131175468483,0.1294718909710391,-9.829204670557177,587,0.2470187393526405,0.9233390119250426,0.1294718909710391,-3.795600722434382,0.5570698466780238,0.313458262350937,2.944310980913049,2024
657376,"Schmidt, Clarke",2024,Yankees,R,2.105916347,0.0613287904599659,0.2197614991482112,0.1243611584327086,-6.094840032973121,0.6149914821124361,0.2606473594548552,8.112819299973932,0.1601362862010221,12.065681593382,0.6831345826235093,0.1567291311754685,-10.063446584014049,587,0.2879045996592845,0.9114139693356048,0.1124361158432708,-3.65638205019054,0.6337308347529813,0.2538330494037478,3.0813026910531947,2024
621111,"Buehler, Walker",2024,Dodgers,R,2.513073664,0.0478632478632478,0.2239316239316239,0.1418803418803418,-5.668207600067631,0.6478632478632479,0.2102564102564102,7.979867307565741,0.1777777777777777,12.728639037163036,0.6410256410256411,0.1811965811965812,-10.432511737522074,585,0.2017094017094017,0.9042735042735044,0.1042735042735042,-3.409365507421765,0.6735042735042736,0.2222222222222222,2.984441668294147,2024
548389,"Stripling, Ross",2024,Athletics,R,2.183280123,0.0430292598967297,0.3046471600688468,0.0705679862306368,-5.35471228305254,0.6592082616179001,0.270223752151463,7.241645056663724,0.180722891566265,11.211119216172474,0.7091222030981067,0.1101549053356282,-9.779297983128732,581,0.1686746987951807,0.9122203098106711,0.0791738382099827,-3.124794366607574,0.7211703958691911,0.1996557659208261,2.7990291820701927,2024
592836,"Walker, Taijuan",2024,Phillies,R,2.032703259,0.0604490500863557,0.3143350604490501,0.1001727115716753,-6.316155380079051,0.7184801381692574,0.1813471502590673,7.918003642207161,0.1899827288428324,11.392481893059136,0.7063903281519862,0.1036269430051813,-10.64240143430628,579,0.1692573402417962,0.932642487046632,0.1001727115716753,-2.9643294710564536,0.7288428324697754,0.1709844559585492,2.9466646085227386,2024
677960,"Weathers, Ryan",2024,Marlins,L,3.156437934,0.1033274956217162,0.2399299474605954,0.0840630472854641,-5.853148341072942,0.6462346760070052,0.2697022767075306,8.891026945572586,0.190893169877408,12.51266766639439,0.637478108581436,0.1716287215411558,-10.344966031103535,571,0.2591943957968476,0.914185639229422,0.1996497373029772,-3.378019786712579,0.6147110332749562,0.1856392294220665,2.9126125365498794,2024
623352,"Hader, Josh",2024,Astros,L,3.727878917,0.1285211267605633,0.1619718309859155,0.0633802816901408,-6.3554246546937705,0.6742957746478874,0.2623239436619718,10.297908845531683,0.1690140845070422,14.749237465764203,0.6549295774647887,0.176056338028169,-9.90122707039528,568,0.4049295774647887,0.8890845070422535,0.1285211267605633,-5.628377454811102,0.4066901408450704,0.4647887323943662,3.2677832447566857,2024
806185,"Birdsong, Hayden",2024,Giants,R,3.69872332,0.0985915492957746,0.2253521126760563,0.0598591549295774,-6.324756615309557,0.6954225352112676,0.2447183098591549,9.424087433805155,0.2464788732394366,12.73431165622415,0.6144366197183099,0.1390845070422535,-10.64280004737324,568,0.2992957746478873,0.8908450704225352,0.2200704225352112,-4.086579462479148,0.5352112676056338,0.2447183098591549,2.866920461037952,2024
647336,"Soroka, Michael",2024,White Sox,R,4.419091487,0.0864197530864197,0.1904761904761904,0.0881834215167548,-5.940641742842407,0.6384479717813051,0.27336860670194,9.21732278987472,0.2469135802469135,14.070833786547158,0.6155202821869489,0.1375661375661375,-10.066809120387164,567,0.2486772486772486,0.9206349206349206,0.1375661375661375,-4.170775948531826,0.5890652557319224,0.27336860670194,2.8229849582335445,2024
666214,"Wentz, Joey",2024,zMLB,L,3.737738296,0.0892857142857142,0.2214285714285714,0.0571428571428571,-5.397001025360133,0.6160714285714286,0.3267857142857143,9.404035541817738,0.2928571428571428,13.049641009051284,0.6053571428571428,0.1017857142857142,-10.976348704920264,560,0.2964285714285714,0.8910714285714286,0.1410714285714285,-3.76769123795859,0.6482142857142857,0.2107142857142857,2.792389056727184,2024
605452,"Ross, Joe",2024,Brewers,R,3.670220257,0.0701438848920863,0.2482014388489208,0.0701438848920863,-6.239761056628934,0.6438848920863309,0.2859712230215827,9.29564867185792,0.2320143884892086,12.239693068802286,0.6492805755395683,0.118705035971223,-10.036137005752026,556,0.2679856115107913,0.9280575539568344,0.1205035971223021,-3.559547965620621,0.6492805755395683,0.2302158273381295,2.877880384666731,2024
663485,"Sands, Cole",2024,Twins,R,1.830697465,0.0541516245487364,0.2075812274368231,0.0884476534296028,-5.893429284015307,0.6877256317689531,0.223826714801444,7.646962344921492,0.1281588447653429,10.314645138957902,0.7274368231046932,0.1444043321299639,-9.944403000495967,554,0.2653429602888086,0.9223826714801444,0.1028880866425992,-3.2042143952296507,0.5830324909747292,0.3140794223826715,3.043213288220568,2024
642701,"Santana, Dennis",2024,zMLB,R,3.899124212,0.0614828209764918,0.2025316455696202,0.0669077757685352,-6.232856303000442,0.5406871609403255,0.3924050632911392,9.169604555654548,0.2893309222423146,12.01954273303342,0.6220614828209765,0.0886075949367088,-10.513297971349138,553,0.2839059674502712,0.9095840867992768,0.0922242314647378,-3.6091757550190207,0.6817359855334539,0.2260397830018083,2.8907722686892354,2024
669211,"Akin, Keegan",2024,Orioles,L,2.268394815,0.069090909090909,0.2127272727272727,0.0472727272727272,-5.872519849654723,0.6872727272727273,0.2654545454545454,8.400823667620802,0.1745454545454545,11.662658194061734,0.6290909090909091,0.1963636363636363,-10.529835419294232,550,0.3,0.9054545454545454,0.0618181818181818,-3.641158318351624,0.5672727272727273,0.3709090909090909,3.159398584293141,2024
681676,"Fernandez, Ryan",2024,Cardinals,R,3.706440317,0.1236363636363636,0.1909090909090909,0.0472727272727272,-5.848017900304553,0.6236363636363637,0.3290909090909091,8.583830200798593,0.2854545454545454,11.767537446799928,0.6054545454545455,0.109090909090909,-10.438331541015026,550,0.3145454545454546,0.9036363636363636,0.1872727272727272,-4.170943996429204,0.5763636363636364,0.2363636363636363,2.987253856950692,2024
656945,"Scott, Tanner",2024,zMLB,L,2.637731175,0.0601092896174863,0.1693989071038251,0.1293260473588342,-5.649268370565367,0.697632058287796,0.1730418943533697,8.096296462249398,0.1001821493624772,11.523829523581604,0.6429872495446266,0.2568306010928962,-9.861772208182972,549,0.331511839708561,0.9016393442622952,0.1493624772313297,-4.712866444495209,0.4845173041894353,0.366120218579235,3.180498536694515,2024
641712,"Hudson, Dakota",2024,Rockies,R,3.771114015,0.0698529411764705,0.3088235294117647,0.0533088235294117,-5.235517154979927,0.6580882352941176,0.2886029411764705,8.294605881567701,0.2757352941176471,12.307235792782704,0.6378676470588235,0.0863970588235294,-10.86663896497383,544,0.1948529411764706,0.9264705882352942,0.1525735294117647,-3.108656454453034,0.7444852941176471,0.1029411764705882,2.6236349700321675,2024
671922,"Smith, Cade",2024,Guardians,R,1.474895564,0.0865561694290976,0.1860036832412523,0.0662983425414364,-5.706911650901096,0.716390423572744,0.2173112338858195,7.575611529034718,0.0773480662983425,10.86277798517686,0.565377532228361,0.3572744014732965,-11.34516295092478,543,0.287292817679558,0.8710865561694291,0.0626151012891344,-3.189802699888008,0.5156537753222836,0.4217311233885819,3.192086533985949,2024
670174,"Winckowski, Josh",2024,Red Sox,R,2.40708266,0.0424354243542435,0.2749077490774907,0.1586715867158671,-5.925146650641025,0.6531365313653137,0.1881918819188192,7.724738566678659,0.077490774907749,10.340945666914488,0.7638376383763837,0.1586715867158671,-10.471262755869546,542,0.2047970479704797,0.904059040590406,0.1309963099630996,-3.8044306253756894,0.6771217712177122,0.1918819188191882,2.945443286550574,2024
606930,"Barnes, Jacob",2024,Nationals,R,2.281728135,0.0535055350553505,0.2509225092250922,0.0313653136531365,-6.386367790179952,0.6365313653136532,0.3321033210332103,7.536129910842037,0.1254612546125461,9.929859130383884,0.7453874538745388,0.1291512915129151,-10.61073948369324,542,0.2527675276752767,0.9132841328413284,0.0904059040590405,-3.315543621293536,0.6143911439114391,0.2952029520295203,2.9289377314501364,2024
689225,"Brieske, Beau",2024,Tigers,R,2.787207174,0.0609981515711645,0.199630314232902,0.0794824399260628,-6.289871419404184,0.66728280961183,0.2532347504621072,7.675003070980857,0.1682070240295748,11.509344835244804,0.7208872458410351,0.11090573012939,-9.53881150181677,541,0.2347504621072088,0.9353049907578558,0.1275415896487985,-3.411977108283894,0.5970425138632163,0.2754158964879852,2.9081601732061664,2024
663423,"Thornton, Trent",2024,Mariners,R,2.726793355,0.0794824399260628,0.2070240295748613,0.11090573012939,-6.642389114595082,0.6173752310536045,0.2717190388170055,7.920019737447204,0.2292051756007393,11.6633963129144,0.6173752310536045,0.1534195933456562,-11.148989266878925,541,0.2698706099815157,0.8817005545286506,0.1312384473197781,-4.1897719883337885,0.6025878003696857,0.266173752310536,3.048616711085737,2024
641755,"Kinley, Tyler",2024,Rockies,R,4.229604171,0.1293900184842883,0.1977818853974122,0.0295748613678373,-5.353109039974628,0.5600739371534196,0.410351201478743,9.260220006111926,0.3456561922365989,11.666032377672565,0.5970425138632163,0.0573012939001848,-10.251908880639837,541,0.3401109057301293,0.8946395563770795,0.2088724584103512,-3.8886082080957967,0.6192236598890942,0.1719038817005545,2.754231794296683,2024
621389,"Blach, Ty",2024,Rockies,L,2.976003554,0.0555555555555555,0.287037037037037,0.0907407407407407,-5.585513014189854,0.6407407407407407,0.2685185185185185,7.587731673517579,0.1703703703703703,11.912788550831548,0.6259259259259259,0.2037037037037037,-11.205443068182744,540,0.15,0.9185185185185184,0.1018518518518518,-3.135887826757336,0.7277777777777777,0.1703703703703703,2.752420492011839,2024
676684,"Vest, Will",2024,Tigers,R,2.30952921,0.0481481481481481,0.2055555555555555,0.1111111111111111,-6.011426126924725,0.6666666666666666,0.2222222222222222,7.53967179920409,0.0592592592592592,11.34453784694662,0.6481481481481481,0.2925925925925925,-10.64512024120868,540,0.237037037037037,0.901851851851852,0.1055555555555555,-3.5861369653970736,0.5944444444444444,0.3,2.955791953888043,2024
641729,"Jiménez, Joe",2024,Braves,R,3.992914394,0.104089219330855,0.174721189591078,0.0576208178438661,-6.034347462483168,0.671003717472119,0.2713754646840148,10.105344085778762,0.3271375464684015,13.54601746925286,0.5892193308550185,0.0836431226765799,-10.624015462347188,538,0.3308550185873606,0.8661710037174721,0.1412639405204461,-4.229641517840094,0.5557620817843866,0.3029739776951672,3.099024601575489,2024
656464,"Ginkel, Kevin",2024,Diamondbacks,R,3.375250536,0.0782122905027933,0.2197392923649906,0.0837988826815642,-6.218014004528067,0.6554934823091247,0.260707635009311,8.562470804296165,0.1545623836126629,11.190396822558814,0.659217877094972,0.186219739292365,-10.165419966272296,537,0.2774674115456238,0.888268156424581,0.1471135940409683,-4.302688078317501,0.5623836126629422,0.2905027932960894,2.998023592066006,2024
640462,"Puk, A.J.",2024,zMLB,L,3.586349905,0.0932835820895522,0.1716417910447761,0.1119402985074626,-7.039785032436751,0.625,0.2630597014925373,9.2696941587855,0.2220149253731343,12.981683936811244,0.625,0.1529850746268656,-10.490969674514757,536,0.3208955223880597,0.8805970149253731,0.1343283582089552,-5.010249821817009,0.5541044776119403,0.3115671641791044,3.1715817047904813,2024
650556,"Abreu, Bryan",2024,Astros,R,3.734842006,0.0934579439252336,0.2149532710280373,0.0579439252336448,-6.64113317749291,0.7158878504672898,0.2261682242990654,8.853269309948693,0.2130841121495327,12.513305320860775,0.6691588785046729,0.1177570093457943,-9.83936572841236,535,0.3289719626168224,0.8841121495327103,0.1775700934579439,-5.292731945283078,0.5420560747663551,0.2803738317757009,3.0135535571876666,2024
660853,"De Los Santos, Enyel",2024,zMLB,R,3.319865815,0.0730337078651685,0.1872659176029962,0.048689138576779,-5.547357429886197,0.651685393258427,0.299625468164794,9.656492343293811,0.2677902621722846,12.35237671523451,0.5749063670411985,0.1573033707865168,-9.987735451450042,534,0.2940074906367041,0.9232209737827716,0.1048689138576779,-2.8435567259118257,0.6161048689138576,0.2790262172284644,2.977030915373458,2024
656550,"Holmes, Grant",2024,Braves,R,4.279609912,0.1088180112570356,0.24765478424015,0.0712945590994371,-6.061879511842402,0.6135084427767354,0.3151969981238274,8.984000132224693,0.2607879924953096,12.12906272353547,0.6322701688555347,0.1069418386491557,-9.758184175615066,533,0.3264540337711069,0.8930581613508443,0.2082551594746716,-4.648661037392535,0.5816135084427767,0.2101313320825516,2.874845203043476,2024
679885,"Martinez, Justin",2024,Diamondbacks,R,3.770084106,0.1090225563909774,0.1654135338345864,0.1146616541353383,-6.12685098784173,0.5263157894736842,0.3590225563909774,8.905424252948878,0.2180451127819548,12.3897863224544,0.5375939849624061,0.244360902255639,-10.474550962171788,532,0.3496240601503759,0.8853383458646616,0.2218045112781954,-4.225220494417125,0.6165413533834586,0.1616541353383458,3.011603818699493,2024
621383,"Banks, Tanner",2024,zMLB,L,1.557620441,0.0660377358490566,0.2094339622641509,0.1188679245283018,-6.439312165678993,0.6264150943396226,0.2547169811320754,7.677722078483329,0.0943396226415094,11.371749121550977,0.620754716981132,0.2849056603773585,-12.034423617738076,530,0.260377358490566,0.8924528301886793,0.0773584905660377,-3.4959928429651064,0.5886792452830188,0.3339622641509434,3.1101609442396585,2024
640448,"Finnegan, Kyle",2024,Nationals,R,2.087537711,0.0475285171102661,0.2433460076045627,0.0456273764258555,-5.617912650001673,0.785171102661597,0.1692015209125475,7.310595391373408,0.0969581749049429,11.307160161442791,0.6749049429657795,0.2281368821292775,-10.409612446861791,526,0.2338403041825095,0.9182509505703422,0.1045627376425855,-3.395523432304661,0.5855513307984791,0.3098859315589353,2.8891968245951065,2024
643377,"Jax, Griffin",2024,Twins,R,3.094466401,0.0857142857142857,0.1752380952380952,0.099047619047619,-6.509548247139478,0.6247619047619047,0.2761904761904762,8.555274416320144,0.1028571428571428,10.820403233279572,0.6838095238095238,0.2133333333333333,-10.395963193341917,525,0.3847619047619047,0.8647619047619047,0.2457142857142857,-4.297900666040617,0.4952380952380952,0.259047619047619,3.1037210422120936,2024
670970,"Morejon, Adrian",2024,Padres,L,2.940736253,0.0744274809160305,0.1812977099236641,0.1202290076335877,-6.322973020476668,0.6335877862595419,0.2461832061068702,8.137701751818568,0.1469465648854961,12.528327513743172,0.6908396946564885,0.1622137404580152,-10.704251745885248,524,0.2767175572519084,0.9045801526717556,0.1774809160305343,-3.966719518600722,0.5706106870229007,0.2519083969465648,3.170962489091305,2024
600917,"Leclerc, José",2024,Rangers,R,3.658702976,0.0725190839694656,0.1545801526717557,0.0916030534351145,-5.611442787237573,0.5858778625954199,0.3225190839694656,11.29346533060906,0.3358778625954198,14.568658987657589,0.5916030534351145,0.0725190839694656,-9.205977162860952,524,0.3625954198473282,0.8759541984732825,0.1183206106870229,-3.231232367964851,0.5801526717557252,0.3015267175572519,3.0083117710276266,2024
683769,"Gaddis, Hunter",2024,Guardians,R,2.375930839,0.0440613026819923,0.2164750957854406,0.057471264367816,-5.445890778117176,0.6685823754789272,0.2739463601532567,7.942131983762547,0.1915708812260536,11.87064761545614,0.7088122605363985,0.0996168582375478,-9.699905048214502,522,0.2528735632183908,0.9406130268199234,0.10727969348659,-3.4997043096351907,0.6513409961685823,0.2413793103448276,2.9277696427357007,2024
661403,"Clase, Emmanuel",2024,Guardians,R,2.347095517,0.0537428023032629,0.1976967370441458,0.1804222648752399,-80.72639319545829,0.6218809980806143,0.1976967370441458,8.76561752499132,0.0671785028790787,11.759991854548447,0.6717850287907869,0.2610364683301343,-10.216500493581002,521,0.2629558541266795,0.8982725527831094,0.1305182341650671,-3.616141455704085,0.6199616122840691,0.2495201535508637,3.1702162049532023,2024
519326,"Strickland, Hunter",2024,Angels,R,3.088621394,0.0655105973025048,0.2350674373795761,0.0674373795761079,-5.483996088603646,0.6570327552986512,0.2755298651252408,8.385203539695919,0.2601156069364161,11.820318642689807,0.6628131021194605,0.0770712909441233,-10.046781986804673,519,0.2312138728323699,0.9479768786127168,0.1021194605009633,-3.2504510189756752,0.653179190751445,0.2447013487475915,2.885996075166051,2024
676130,"Buttó, José",2024,Mets,R,3.372558508,0.1078998073217726,0.2023121387283237,0.094412331406551,-6.369280531050638,0.5568400770712909,0.348747591522158,8.57205666814703,0.2235067437379576,12.092203992610056,0.6705202312138728,0.1059730250481695,-10.191788804003284,519,0.3198458574181118,0.9325626204238922,0.1772639691714836,-3.828799768151179,0.5973025048169557,0.2254335260115607,3.094777421553198,2024
621112,"Blackburn, Paul",2024,zMLB,R,2.699064256,0.0657640232108317,0.241779497098646,0.1005802707930367,-6.198739502550263,0.6073500967117988,0.2920696324951644,7.896490965058202,0.241779497098646,11.541295857568429,0.6537717601547389,0.104448742746615,-10.497224673008915,517,0.2340425531914893,0.9342359767891684,0.1702127659574468,-3.026100437420004,0.7001934235976789,0.1295938104448742,2.984027008696821,2024
663546,"Hjelle, Sean",2024,Giants,R,2.673740954,0.058027079303675,0.2475822050290135,0.1566731141199226,-6.139360580524621,0.6247582205029013,0.218568665377176,8.43488344399472,0.1237911025145067,11.07304449776704,0.6731141199226306,0.2030947775628626,-10.2309649508888,517,0.2224371373307543,0.8646034816247582,0.172147001934236,-3.3266921636102387,0.7079303675048356,0.1199226305609284,2.876012954079319,2024
663687,"Harris, Hogan",2024,Athletics,L,2.620973189,0.0717054263565891,0.2383720930232558,0.0697674418604651,-5.399346120736023,0.7034883720930233,0.2267441860465116,8.32620034897455,0.2248062015503876,14.08057556427547,0.5736434108527132,0.2015503875968992,-11.100708938546488,516,0.2054263565891473,0.8875968992248062,0.0775193798449612,-3.432822204832013,0.6317829457364341,0.2906976744186046,2.9454134111779604,2024
674003,"Bradford, Cody",2024,Rangers,L,2.304395681,0.0600775193798449,0.2093023255813953,0.0406976744186046,-6.02027917348603,0.6782945736434108,0.2810077519379845,8.315124975035552,0.2887596899224806,12.890639384449086,0.5910852713178295,0.1201550387596899,-11.218964454323508,516,0.2422480620155038,0.9282945736434108,0.0581395348837209,-3.12025095602486,0.5872093023255814,0.3546511627906977,3.054846233696684,2024
542888,"Armstrong, Shawn",2024,zMLB,R,1.75555002,0.0484496124031007,0.2093023255813953,0.0988372093023255,-6.809257281731198,0.6627906976744186,0.2383720930232558,7.234057624087149,0.0542635658914728,10.527134232863062,0.7829457364341085,0.1627906976744186,-9.6182865423576,516,0.2325581395348837,0.9457364341085271,0.0329457364341085,-3.2572832892467547,0.560077519379845,0.4069767441860465,3.0416587409445865,2024
701581,"Festa, David",2024,Twins,R,3.109960651,0.0970873786407767,0.2194174757281553,0.0563106796116504,-6.157200502330296,0.6699029126213593,0.2737864077669903,8.15502233501925,0.2349514563106796,11.280660301953176,0.6427184466019418,0.1223300970873786,-10.59165578735413,515,0.2912621359223301,0.8951456310679612,0.1766990291262136,-3.8843339157769607,0.5883495145631068,0.2349514563106796,2.937749645443768,2024
592094,"Adam, Jason",2024,zMLB,R,4.29254789,0.1147859922178988,0.1828793774319066,0.036964980544747,-5.842858482184675,0.5972762645914397,0.3657587548638132,10.370104949464386,0.2976653696498054,14.498783615744378,0.6108949416342413,0.0914396887159533,-10.90489782359756,514,0.3891050583657587,0.8910505836575876,0.2023346303501945,-4.082918327701283,0.546692607003891,0.2509727626459144,3.009829448773602,2024
506433,"Darvish, Yu",2024,Padres,R,3.111291032,0.0739299610894941,0.1984435797665369,0.0739299610894941,-6.399465125384774,0.6381322957198443,0.2879377431906614,8.489717743200234,0.3249027237354085,12.954498178007276,0.6070038910505836,0.0680933852140077,-11.545980905761724,514,0.2529182879377432,0.9202334630350194,0.1653696498054474,-3.352373913324256,0.6498054474708171,0.1848249027237354,3.0261236647329706,2024
689017,"Knack, Landon",2024,Dodgers,R,2.626859698,0.0584795321637426,0.2651072124756335,0.0682261208576998,-4.95805480660633,0.7153996101364523,0.2163742690058479,8.55892158096064,0.1773879142300194,12.721881033416713,0.682261208576998,0.1403508771929824,-10.633519922182812,513,0.2280701754385964,0.9220272904483432,0.0662768031189083,-4.016020225554311,0.6023391812865497,0.3313840155945419,2.9179692729991986,2024
663158,"Suarez, Robert",2024,Padres,R,1.591871902,0.044921875,0.228515625,0.076171875,-6.163120622587323,0.763671875,0.16015625,7.1118530057003,0.0390625,11.200862952205869,0.75,0.2109375,-9.630899171354988,512,0.23828125,0.92578125,0.0546875,-3.242364233545241,0.548828125,0.396484375,2.99281896065936,2024
552640,"Kittredge, Andrew",2024,Cardinals,R,3.284681402,0.0691699604743083,0.2351778656126482,0.0869565217391304,-5.264048347770538,0.5909090909090909,0.3221343873517787,8.737718837436672,0.2035573122529644,11.383542932462657,0.7213438735177866,0.075098814229249,-10.665521158634665,506,0.2865612648221344,0.9071146245059288,0.183794466403162,-3.307753516738825,0.6818181818181818,0.1343873517786561,2.7517541187765957,2024
656222,"Beeks, Jalen",2024,zMLB,L,2.94941707,0.0755467196819085,0.2306163021868787,0.1093439363817097,-5.397565150311862,0.6222664015904572,0.268389662027833,8.708220964157743,0.1888667992047713,11.430176154328004,0.6441351888667992,0.1669980119284294,-10.920581197189431,503,0.2385685884691848,0.9204771371769384,0.0974155069582504,-3.027836288969089,0.6461232604373758,0.2564612326043737,2.9569154116828336,2024
669062,"Miller, Erik",2024,Giants,L,3.392665177,0.0798403193612774,0.1916167664670658,0.0319361277445109,-6.0577129494117,0.6686626746506986,0.2994011976047904,9.937626525748833,0.2095808383233532,13.245192319054926,0.5808383233532934,0.2095808383233532,-10.91751854480417,501,0.3073852295409182,0.8702594810379242,0.1377245508982036,-3.4483152942051998,0.5349301397205589,0.3273453093812375,3.077514488934763,2024
669093,"Estrada, Jeremiah",2024,Padres,R,3.106819933,0.096192384769539,0.158316633266533,0.0701402805611222,-5.707666249313292,0.6513026052104208,0.2785571142284569,9.434685799128175,0.1963927855711423,14.325689675639577,0.6352705410821643,0.1683366733466934,-9.534039608318665,499,0.3667334669338677,0.9078156312625252,0.1182364729458917,-3.6942019061512648,0.4969939879759519,0.3847695390781563,3.299568572886366,2024
676254,"Walker, Ryan",2024,Giants,R,3.564854627,0.0983935742971887,0.1746987951807229,0.0702811244979919,-6.361725938801009,0.5923694779116466,0.3373493975903614,9.76495032755101,0.2710843373493976,13.290079985786187,0.5120481927710844,0.216867469879518,-11.123785166919578,498,0.2891566265060241,0.8755020080321285,0.1164658634538152,-3.618829168281599,0.6285140562248996,0.2550200803212851,2.956053681309203,2024
680767,"Vodnik, Victor",2024,Rockies,R,2.453239615,0.07429718875502,0.2429718875502008,0.0481927710843373,-5.916458933246967,0.6827309236947792,0.2690763052208835,8.218587070929964,0.0903614457831325,12.196587862999,0.6485943775100401,0.2610441767068273,-10.471763346196765,498,0.216867469879518,0.8895582329317269,0.0983935742971887,-3.4738076175663584,0.6465863453815262,0.2550200803212851,3.1799444521627507,2024
663474,"McKenzie, Triston",2024,Guardians,R,3.803437715,0.0907258064516129,0.2580645161290322,0.0504032258064516,-5.381059572277373,0.7076612903225806,0.2419354838709677,9.168638451625986,0.2681451612903225,12.638432788680394,0.6169354838709677,0.1149193548387096,-9.986741262141036,496,0.219758064516129,0.9314516129032258,0.1391129032258064,-3.5992833494417646,0.6673387096774194,0.1935483870967742,2.7227962968993804,2024
695243,"Miller, Mason",2024,Athletics,R,3.435197498,0.1133603238866396,0.1417004048582996,0.0566801619433198,-7.141459391087905,0.6538461538461539,0.2894736842105263,10.158166699473798,0.1761133603238866,13.456631165343325,0.611336032388664,0.2125506072874494,-10.244107740586802,494,0.3906882591093117,0.8502024291497976,0.1093117408906882,-5.428350028070792,0.4291497975708502,0.4615384615384615,3.1867190704979125,2024
674370,"Bido, Osvaldo",2024,Athletics,R,2.16795942,0.065173116089613,0.1771894093686354,0.0875763747454175,-5.910545644001615,0.6069246435845214,0.3054989816700611,8.078836882850991,0.2545824847250509,11.329003705561496,0.639511201629328,0.1059063136456211,-11.037543877230698,491,0.2688391038696537,0.9226069246435844,0.0631364562118126,-3.0144567643151734,0.6069246435845214,0.329938900203666,3.09389079280213,2024
502085,"Robertson, David",2024,Rangers,R,2.285170264,0.0616016427104722,0.2094455852156057,0.0657084188911704,-5.589711212562504,0.7186858316221766,0.2156057494866529,7.644727721481056,0.1581108829568788,11.298185642790289,0.6817248459958932,0.1601642710472279,-9.982305999511343,487,0.3018480492813141,0.8973305954825462,0.1334702258726899,-4.067168070912453,0.4948665297741273,0.3716632443531827,3.122181681967996,2024
518876,"Kelly, Merrill",2024,Diamondbacks,R,2.775105204,0.0555555555555555,0.2407407407407407,0.0781893004115226,-6.35517382762908,0.588477366255144,0.3333333333333333,7.271781552537294,0.191358024691358,10.41313505245427,0.7222222222222222,0.0864197530864197,-10.0905407926308,486,0.2078189300411522,0.9197530864197532,0.1543209876543209,-3.2261186012793126,0.6851851851851852,0.1604938271604938,2.864514693320253,2024
670280,"Bednar, David",2024,Pirates,R,1.844141024,0.0641821946169772,0.2360248447204969,0.062111801242236,-5.218777451016091,0.7494824016563147,0.1884057971014492,7.105819373077984,0.124223602484472,12.528974020837966,0.7598343685300207,0.1159420289855072,-9.94951225349644,483,0.2795031055900621,0.9296066252587992,0.15527950310559,-3.410837977906916,0.5424430641821946,0.3022774327122153,3.103834084493035,2024
592773,"Stanek, Ryne",2024,zMLB,R,2.906641592,0.1200828157349896,0.2194616977225673,0.0600414078674948,-5.759275861840248,0.6790890269151139,0.2608695652173913,8.87991496026487,0.165631469979296,11.984333881574477,0.6956521739130435,0.1387163561076604,-10.175831324537636,483,0.3291925465838509,0.9047619047619048,0.1490683229813664,-3.637329044438239,0.4803312629399586,0.3706004140786749,3.116719362700634,2024
673513,"Matsui, Yuki",2024,Padres,L,3.327636423,0.0910973084886128,0.175983436853002,0.0579710144927536,-5.339911816599568,0.6128364389233955,0.3291925465838509,8.423093554860749,0.2546583850931677,11.59678216434623,0.6625258799171843,0.082815734989648,-9.51791356121825,483,0.3250517598343685,0.927536231884058,0.1925465838509316,-3.525829528886504,0.5507246376811594,0.2567287784679089,2.9231006171055625,2024
657508,"Baumann, Mike",2024,zMLB,R,2.542930083,0.0580912863070539,0.2448132780082987,0.0684647302904564,-5.601396888748535,0.7344398340248963,0.1970954356846473,7.210226482896501,0.1016597510373444,10.183082370545316,0.7510373443983402,0.1473029045643153,-10.201542392714288,482,0.2385892116182572,0.9232365145228216,0.1680497925311203,-4.272517901490233,0.5311203319502075,0.3008298755186722,2.9102913848770875,2024
571656,"Farmer, Buck",2024,Reds,R,3.592337699,0.0726141078838174,0.2344398340248962,0.0871369294605809,-6.4950787955484985,0.6701244813278008,0.2427385892116182,9.86357387568535,0.2365145228215767,13.073336544668082,0.6659751037344398,0.0975103734439834,-10.437887177854307,482,0.2655601659751037,0.9107883817427386,0.1556016597510373,-3.5197453926178106,0.6410788381742739,0.2033195020746888,2.854178424080426,2024
681911,"Vesia, Alex",2024,Dodgers,L,2.252532707,0.0604166666666666,0.1791666666666666,0.0916666666666666,-5.565027666635206,0.7375,0.1708333333333333,8.223286741521887,0.1479166666666666,12.052947648086654,0.7145833333333333,0.1375,-9.66700094733837,480,0.3083333333333333,0.9083333333333332,0.06875,-4.665555303728094,0.4833333333333333,0.4479166666666667,3.102423911584541,2024
656629,"Kopech, Michael",2024,zMLB,R,1.910908007,0.09375,0.1791666666666666,0.11875,-6.056880350973716,0.6583333333333333,0.2229166666666666,7.4765279855083,0.05625,11.698247515615384,0.7020833333333333,0.2416666666666666,-10.46589251825306,480,0.3375,0.8708333333333333,0.0520833333333333,-4.888219642654873,0.4791666666666667,0.46875,3.374488560568518,2024
518585,"Cruz, Fernando",2024,Reds,R,5.423663433,0.1520833333333333,0.1729166666666666,0.0604166666666666,-5.660414712503837,0.5958333333333333,0.34375,13.057318129313328,0.4125,15.44527464679486,0.5,0.0875,-10.603486204407105,480,0.3604166666666666,0.84375,0.2145833333333333,-3.804865688906676,0.5854166666666667,0.2,2.9433417602812737,2024
656546,"Hoffman, Jeff",2024,Phillies,R,4.311602082,0.1085594989561586,0.208768267223382,0.081419624217119,-6.188595238488295,0.6492693110647182,0.2693110647181628,10.01136536636366,0.2254697286012526,12.064072684375642,0.6638830897703549,0.1106471816283924,-10.42822382818321,479,0.3507306889352818,0.8810020876826722,0.1711899791231732,-4.834777980462896,0.5386221294363257,0.290187891440501,3.1262411361796505,2024
592866,"Williams, Trevor",2024,Nationals,R,2.472589858,0.0501043841336116,0.2400835073068893,0.0751565762004175,-6.291389206971044,0.6638830897703549,0.2609603340292276,8.17032604685569,0.2233820459290187,13.81529736954701,0.6304801670146137,0.1461377870563674,-10.428516853522192,479,0.2254697286012526,0.9248434237995824,0.0960334029227557,-3.182599220063341,0.6826722338204593,0.2212943632567849,2.848798341319477,2024
593576,"Neris, Héctor",2024,zMLB,R,3.119453771,0.0668058455114822,0.1962421711899791,0.0417536534446764,-5.7944969786252445,0.7139874739039666,0.2442588726513569,8.961192460000758,0.2881002087682672,13.012412644594304,0.6116910229645094,0.1002087682672233,-9.99226265705467,479,0.2567849686847599,0.906054279749478,0.0939457202505219,-3.946837553528632,0.6116910229645094,0.2943632567849686,2.9323263786120948,2024
643511,"Rogers, Tyler",2024,Giants,R,1.688066243,0.0605427974947807,0.1878914405010438,0.0918580375782881,-5.880317869241177,0.6096033402922756,0.2985386221294363,7.540166443891151,0.1711899791231732,13.649892447282316,0.5073068893528184,0.3215031315240083,-11.959061330881688,479,0.1920668058455114,0.8747390396659708,0.0772442588726513,-3.227303671281001,0.6889352818371608,0.2338204592901878,2.8214335973316453,2024
605463,"Scott, Tayler",2024,Astros,R,2.709767477,0.0652631578947368,0.2084210526315789,0.0610526315789473,-5.748428025495643,0.6526315789473685,0.2863157894736842,9.044694744978203,0.1747368421052631,11.924913734171108,0.671578947368421,0.1536842105263157,-10.601221067691304,475,0.2884210526315789,0.8989473684210526,0.1073684210526315,-3.145916360770144,0.5810526315789474,0.311578947368421,3.208383607856842,2024
670950,"Richards, Trevor",2024,zMLB,R,3.629460682,0.0842105263157894,0.2021052631578947,0.0442105263157894,-5.940723555001193,0.6926315789473684,0.2631578947368421,8.789165964753261,0.2610526315789473,13.688157509713916,0.5536842105263158,0.1852631578947368,-10.774956737077211,475,0.2231578947368421,0.8463157894736842,0.1094736842105263,-4.246957562303445,0.5894736842105263,0.3010526315789473,2.8568296233148045,2024
678368,"Bellozo, Valente",2024,Marlins,R,2.383688406,0.0590717299578059,0.2594936708860759,0.040084388185654,-6.156480139950483,0.7172995780590717,0.2426160337552742,7.744535195200285,0.2974683544303797,12.50587323871371,0.5886075949367089,0.1139240506329113,-10.544542856458502,474,0.20042194092827,0.938818565400844,0.0632911392405063,-2.9604261216985464,0.6919831223628692,0.2447257383966244,2.828125282971377,2024
621381,"Strahm, Matt",2024,Phillies,L,1.456099702,0.0465116279069767,0.1945031712473573,0.1035940803382663,-6.691435890020818,0.718816067653277,0.1775898520084566,7.240149962656418,0.080338266384778,11.519555427159275,0.7230443974630021,0.1966173361522198,-10.52540143572859,473,0.2642706131078224,0.9217758985200846,0.0422832980972515,-3.675601201055404,0.4862579281183932,0.4714587737843552,3.0494696739594653,2024
489446,"Yates, Kirby",2024,Rangers,R,1.697746897,0.0634249471458773,0.1437632135306553,0.0972515856236786,-6.20270221375637,0.7441860465116279,0.1585623678646934,7.348955065139163,0.1670190274841437,10.964279473483224,0.6490486257928119,0.1839323467230444,-9.985968693289127,473,0.3446088794926004,0.9069767441860463,0.135306553911205,-3.470487187758218,0.46723044397463,0.3974630021141649,3.18793925903154,2024
547973,"Chapman, Aroldis",2024,Pirates,L,2.635680653,0.1019108280254777,0.1698513800424628,0.0530785562632696,-5.327482418547618,0.6539278131634819,0.2929936305732484,8.573621235608037,0.1295116772823779,12.150449944244174,0.5859872611464968,0.2845010615711252,-10.757779875388565,471,0.3205944798301486,0.8895966029723992,0.1146496815286624,-4.224802426163309,0.494692144373673,0.3906581740976645,3.261441096220057,2024
605288,"Houser, Adrian",2024,Mets,R,2.301733201,0.0467091295116772,0.3099787685774947,0.0552016985138004,-6.008659794602323,0.6985138004246284,0.2462845010615711,7.850699469625018,0.1762208067940552,11.8057495792918,0.6666666666666666,0.1571125265392781,-10.11996570668784,471,0.1783439490445859,0.9171974522292994,0.0849256900212314,-3.3299346885924312,0.7239915074309978,0.1910828025477707,2.8043367510325905,2024
664076,"Cleavinger, Garrett",2024,Rays,L,2.667888123,0.0638297872340425,0.2127659574468085,0.1319148936170212,-6.981491347272784,0.6723404255319149,0.1957446808510638,8.4152630299056,0.1893617021276595,12.084284060733564,0.6446808510638298,0.1659574468085106,-10.38793488172096,470,0.3127659574468085,0.8851063829787233,0.1787234042553191,-4.501566933969543,0.5765957446808511,0.2446808510638297,3.065549660990242,2024
543339,"Hudson, Daniel",2024,Dodgers,R,2.814392781,0.0660980810234541,0.2238805970149253,0.044776119402985,-5.6832945340211145,0.6716417910447762,0.2835820895522388,8.460388145876955,0.1982942430703624,11.949623742997034,0.7057569296375267,0.0959488272921108,-10.579175016059333,469,0.3176972281449893,0.9275053304904052,0.1215351812366737,-3.2586871410317464,0.5735607675906184,0.3049040511727079,3.1085298709963958,2024
657612,"Hill, Tim",2024,zMLB,L,1.780208986,0.0342612419700214,0.2441113490364025,0.1006423982869379,-5.803825002303479,0.6873661670235546,0.2119914346895074,7.408346763184162,0.0406852248394004,10.811232487797804,0.6038543897216274,0.3554603854389722,-11.481909241531644,467,0.1349036402569593,0.8950749464668094,0.1327623126338329,-2.862076260191832,0.715203426124197,0.15203426124197,3.0397689115145896,2024
664208,"Maton, Phil",2024,zMLB,R,2.492022677,0.0856531049250535,0.1670235546038544,0.0963597430406852,-5.689312962448951,0.6488222698072805,0.2548179871520342,8.280208234863776,0.3404710920770878,14.110409892119137,0.45610278372591,0.2034261241970021,-11.600173773948846,467,0.2591006423982869,0.880085653104925,0.1113490364025695,-3.179059395656892,0.6402569593147751,0.2483940042826552,3.201583636319373,2024
657649,"Koenig, Jared",2024,Brewers,L,2.249825769,0.0578158458244111,0.2055674518201284,0.0942184154175588,-6.096311565162549,0.6659528907922913,0.2398286937901499,7.394955855879942,0.1263383297644539,11.653890766357645,0.6595289079229122,0.2141327623126338,-9.996631092500118,467,0.2269807280513918,0.8993576017130621,0.1092077087794432,-3.813138568010668,0.6124197002141327,0.278372591006424,2.9967278600904885,2024
668338,"Miller, Tyson",2024,zMLB,R,2.857002388,0.0793991416309012,0.1824034334763948,0.0493562231759656,-6.905881683480366,0.6373390557939914,0.3133047210300429,8.68138080655436,0.3218884120171674,12.911082893545304,0.5472103004291845,0.130901287553648,-11.81178772713105,466,0.2660944206008583,0.8884120171673819,0.0729613733905579,-3.268920750247991,0.6094420600858369,0.3175965665236051,3.100531276337728,2024
669713,"Wesneski, Hayden",2024,Cubs,R,4.046416466,0.0815450643776824,0.2296137339055794,0.1244635193133047,-6.796481941520884,0.5965665236051502,0.278969957081545,9.684323938515256,0.2060085836909871,12.96671566024068,0.6566523605150214,0.1373390557939914,-11.150978890706806,466,0.2532188841201717,0.8626609442060086,0.1716738197424892,-3.9928805726729713,0.6824034334763949,0.1459227467811159,2.9870035476877512,2024
686539,"Cronin, Declan",2024,Marlins,R,2.862814535,0.0817204301075268,0.2537634408602151,0.0709677419354838,-5.981254154638042,0.6408602150537634,0.2881720430107526,9.013950713215577,0.1225806451612903,11.23525237574058,0.632258064516129,0.2451612903225806,-10.98113693659316,465,0.2623655913978495,0.8881720430107527,0.1526881720430107,-3.279400640314936,0.6516129032258065,0.1956989247311828,3.042048543342503,2024
605154,"Brebbia, John",2024,zMLB,R,2.410082509,0.0518358531317494,0.1727861771058315,0.0539956803455723,-5.259085697803545,0.734341252699784,0.2116630669546436,7.721505225105313,0.1965442764578833,12.280662036441614,0.6328293736501079,0.1706263498920086,-10.034793117430327,463,0.2548596112311015,0.8812095032397408,0.0691144708423326,-4.382053429765958,0.6090712742980562,0.3218142548596112,2.925118069832311,2024
669711,"Weissert, Greg",2024,Red Sox,R,2.539918069,0.0539956803455723,0.2311015118790496,0.0734341252699784,-6.170449557509718,0.6609071274298056,0.265658747300216,7.825021161128096,0.1663066954643628,11.824644983451384,0.6414686825053996,0.1922246220302375,-10.617123812106216,463,0.1943844492440604,0.896328293736501,0.0971922246220302,-3.3772362271156013,0.6911447084233261,0.2116630669546436,3.000047473344397,2024
663878,"Pearson, Nate",2024,zMLB,R,3.859087772,0.0779220779220779,0.2597402597402597,0.0735930735930736,-6.476698777817256,0.6623376623376623,0.264069264069264,8.682786882986084,0.1948051948051948,12.19161481909052,0.6883116883116883,0.1168831168831168,-10.27054782498332,462,0.2813852813852814,0.8787878787878788,0.1385281385281385,-4.761537265641231,0.6233766233766234,0.238095238095238,3.1085213461011967,2024
650893,"Cabrera, Génesis",2024,Blue Jays,L,2.601310955,0.0649350649350649,0.2359307359307359,0.0670995670995671,-5.938954352372234,0.6406926406926406,0.2922077922077922,7.891044945174933,0.2034632034632034,10.921014784125964,0.6861471861471862,0.1103896103896103,-9.5690266679765,462,0.2727272727272727,0.9242424242424242,0.1493506493506493,-3.540634928198974,0.6515151515151515,0.1991341991341991,3.0291618499078514,2024
676106,"Hancock, Emerson",2024,Mariners,R,2.14859022,0.0563991323210412,0.2386117136659436,0.0737527114967462,-6.272846745897234,0.6616052060737527,0.2646420824295011,7.176418241561168,0.1713665943600867,11.597892359943204,0.7006507592190889,0.1279826464208243,-10.04798510748454,461,0.2212581344902386,0.9327548806941433,0.0737527114967462,-3.458898429445856,0.6464208242950108,0.279826464208243,2.960008809940406,2024
672710,"Contreras, Roansy",2024,zMLB,R,3.349621048,0.0695652173913043,0.2652173913043478,0.058695652173913,-5.800485332848031,0.6695652173913044,0.2717391304347826,8.662422484393591,0.2239130434782608,12.776763944972169,0.6630434782608695,0.1130434782608695,-10.1605671593034,460,0.2108695652173913,0.932608695652174,0.1260869565217391,-3.5071142872459213,0.6478260869565218,0.2260869565217391,2.95162040521707,2024
689147,"Kerkering, Orion",2024,Phillies,R,2.895937792,0.0695652173913043,0.2065217391304347,0.1304347826086956,-6.358134407374581,0.6239130434782608,0.2456521739130434,9.092305818184183,0.1347826086956521,11.981224501347608,0.6391304347826087,0.2260869565217391,-10.449561824118163,460,0.2826086956521739,0.8804347826086957,0.1391304347826087,-3.675764119874061,0.5956521739130435,0.2652173913043478,3.064882570042164,2024
608718,"Suter, Brent",2024,Reds,L,3.137336422,0.065359477124183,0.2069716775599128,0.1067538126361655,-5.476210346049673,0.616557734204793,0.2766884531590414,8.658428787692843,0.2135076252723311,13.988068580382372,0.5250544662309368,0.261437908496732,-11.79106538754997,459,0.2004357298474945,0.8823529411764706,0.0697167755991285,-2.904357641889981,0.6601307189542484,0.2701525054466231,3.0009007449040097,2024
666808,"Doval, Camilo",2024,Giants,R,3.552814274,0.1378555798687089,0.2035010940919037,0.0568927789934354,-6.2184586040182825,0.5995623632385121,0.3435448577680525,9.391198919376514,0.2735229759299781,11.894283713489749,0.5886214442013129,0.1378555798687089,-10.508360403965508,457,0.3479212253829322,0.8971553610503282,0.2582056892778993,-3.915636497260076,0.5820568927789934,0.1597374179431072,3.0721546971202907,2024
628452,"Iglesias, Raisel",2024,Braves,R,3.564601683,0.0964912280701754,0.1951754385964912,0.0570175438596491,-6.077849654298779,0.5285087719298246,0.4144736842105263,9.112837368896608,0.2763157894736842,12.19073409315978,0.6074561403508771,0.1162280701754386,-10.622240190286236,456,0.3179824561403508,0.9013157894736842,0.1293859649122807,-3.2442626974122413,0.6206140350877193,0.25,3.100452436396397,2024
622554,"Domínguez, Seranthony",2024,zMLB,R,4.071596762,0.0548245614035087,0.1995614035087719,0.1228070175438596,-6.253495851304101,0.6030701754385965,0.2741228070175439,9.925138469241285,0.2039473684210526,12.467072172457229,0.6776315789473685,0.1184210526315789,-10.316157512120306,456,0.2609649122807017,0.9100877192982456,0.1118421052631579,-4.016093197665556,0.6359649122807017,0.2521929824561403,3.0624664814282347,2024
683232,"Mears, Nick",2024,zMLB,R,4.479017227,0.1010989010989011,0.1802197802197802,0.0703296703296703,-5.68468839659054,0.654945054945055,0.2747252747252747,9.323544631981132,0.1714285714285714,13.894124254267568,0.6285714285714286,0.2,-9.963380211043251,455,0.2857142857142857,0.8813186813186813,0.1516483516483516,-5.156759089318564,0.512087912087912,0.3362637362637363,2.9145030108411487,2024
676395,"Garcia, Robert",2024,Nationals,L,2.560393344,0.0901098901098901,0.210989010989011,0.0461538461538461,-5.766982543750181,0.6197802197802198,0.334065934065934,8.084390909184568,0.1802197802197802,11.204575848745876,0.6505494505494506,0.1692307692307692,-10.118157760248726,455,0.3054945054945055,0.9186813186813186,0.1142857142857142,-3.313956373807589,0.5868131868131868,0.2989010989010989,3.006351438016673,2024
657044,"Thompson, Ryan",2024,Diamondbacks,R,3.379364136,0.0553097345132743,0.2389380530973451,0.077433628318584,-5.90796388537032,0.661504424778761,0.2610619469026549,9.732523704706209,0.1814159292035398,14.232677166555431,0.6415929203539823,0.1769911504424778,-10.398984833055284,452,0.243362831858407,0.8738938053097345,0.165929203539823,-3.1062601686307416,0.6637168141592921,0.1703539823008849,3.1094237976125454,2024
605280,"Holmes, Clay",2024,Yankees,R,3.847406637,0.1046770601336302,0.2249443207126948,0.0467706013363029,-6.653507194092444,0.6080178173719376,0.3452115812917594,9.2133392354736,0.2360801781737193,12.83926721316981,0.6525612472160356,0.111358574610245,-10.21796786400767,449,0.3073496659242761,0.910913140311804,0.3006681514476614,-3.34911784141836,0.6057906458797327,0.0935412026726058,2.687398412736592,2024
592767,"Smyly, Drew",2024,Cubs,L,4.069871329,0.0913140311804008,0.2160356347438752,0.066815144766147,-5.201365160539647,0.6547884187082406,0.2783964365256124,8.499525745317156,0.2739420935412027,13.800793647259562,0.6302895322939867,0.0957683741648107,-10.103399365481147,449,0.2605790645879732,0.8797327394209354,0.1670378619153674,-4.562514058855225,0.579064587973274,0.2538975501113585,2.853169062297229,2024
666974,"Cano, Yennier",2024,Orioles,R,2.440529078,0.0513392857142857,0.2165178571428571,0.1138392857142857,-6.372488030494547,0.5959821428571429,0.2901785714285714,8.018448373847914,0.1183035714285714,10.7327318981507,0.7566964285714286,0.125,-10.86378827693401,448,0.2745535714285714,0.9330357142857144,0.2633928571428571,-2.9751560251116635,0.625,0.1116071428571428,3.049075028121628,2024
669276,"Lee, Dylan",2024,Braves,L,4.648081105,0.1547085201793722,0.1614349775784753,0.0313901345291479,-6.184718960072367,0.5448430493273543,0.4237668161434977,10.101775008127625,0.4506726457399103,13.095795904536333,0.4775784753363228,0.0717488789237668,-10.391203747731511,446,0.3923766816143498,0.9013452914798208,0.2130044843049327,-4.299570247307416,0.594170403587444,0.1928251121076233,3.0529195144325123,2024
683627,"Molina, Anthony",2024,Rockies,R,2.767334412,0.0764044943820224,0.2629213483146067,0.0314606741573033,-5.442107664111207,0.6606741573033708,0.3078651685393258,7.188113268018065,0.1775280898876404,11.408029063552627,0.6651685393258427,0.1573033707865168,-10.312754059213775,445,0.2022471910112359,0.9393258426966292,0.1056179775280898,-3.0426558095716096,0.6786516853932584,0.2157303370786517,2.793092094393766,2024
664875,"Lawrence, Justin",2024,Rockies,R,3.33210105,0.081081081081081,0.2612612612612612,0.0518018018018018,-6.314414805101624,0.6126126126126126,0.3355855855855856,8.986350021277705,0.2027027027027027,13.43369087477412,0.6306306306306306,0.1666666666666666,-11.1332806027266,444,0.2252252252252252,0.8626126126126126,0.1261261261261261,-3.08427407036199,0.7094594594594594,0.1644144144144144,3.001838822625842,2024
682120,"Herrin, Tim",2024,Guardians,L,4.526575198,0.1036036036036036,0.2027027027027027,0.0878378378378378,-6.358000456013607,0.5900900900900901,0.322072072072072,9.745071268964754,0.2792792792792792,14.071434733311374,0.5495495495495496,0.1711711711711711,-10.713872921333095,444,0.2995495495495495,0.8986486486486487,0.1959459459459459,-4.586307960435609,0.6418918918918919,0.1621621621621621,3.020851439200664,2024
687330,"Kelly, Kevin",2024,Rays,R,2.589498875,0.063063063063063,0.2319819819819819,0.1171171171171171,-6.986142728806615,0.5765765765765766,0.3063063063063063,8.735398697426957,0.2297297297297297,14.451132377057204,0.5630630630630631,0.2072072072072072,-10.995774061217542,444,0.2072072072072072,0.8986486486486487,0.1216216216216216,-3.140117215346321,0.7094594594594594,0.1689189189189189,3.0540717945617493,2024
663567,"Lambert, Peter",2024,Rockies,R,3.70910849,0.0835214446952596,0.2257336343115124,0.0654627539503386,-5.577322608388126,0.6388261851015802,0.2957110609480812,8.732732534530683,0.2392776523702031,11.855395792795788,0.6139954853273137,0.146726862302483,-10.212779491144166,443,0.2167042889390519,0.91196388261851,0.1331828442437923,-3.677659364725074,0.6930022573363431,0.1738148984198645,2.786940529262369,2024
686799,"Kochanowicz, Jack",2024,Angels,R,2.523198186,0.0317460317460317,0.2947845804988662,0.0770975056689342,-6.019437011618531,0.6780045351473923,0.2448979591836734,6.960654775316391,0.0952380952380952,11.005394829428734,0.7619047619047619,0.1428571428571428,-9.47955903310323,441,0.1564625850340136,0.943310657596372,0.1269841269841269,-3.754302101926894,0.7278911564625851,0.1451247165532879,2.8681681462103823,2024
621237,"Alvarado, José",2024,Phillies,L,2.64964236,0.0704545454545454,0.2318181818181818,0.0818181818181818,-5.993829186738353,0.6931818181818182,0.225,7.679856202823652,0.1613636363636363,10.007157712484796,0.7295454545454545,0.109090909090909,-9.591115211380847,440,0.2909090909090909,0.9454545454545454,0.2340909090909091,-3.8599580435261887,0.6204545454545455,0.1454545454545454,2.939188393451252,2024
608723,"Voth, Austin",2024,Mariners,R,3.315351875,0.0933940774487471,0.1936218678815489,0.061503416856492,-5.922669180376728,0.6082004555808656,0.3302961275626423,9.094473448475906,0.3280182232346241,13.385257972159282,0.5444191343963554,0.1275626423690205,-10.545030964848188,439,0.3143507972665148,0.8861047835990888,0.1503416856492027,-3.4265273201189137,0.6264236902050114,0.2232346241457858,3.127614562765261,2024
643410,"Leiter Jr., Mark",2024,zMLB,R,4.209350665,0.1803652968036529,0.1643835616438356,0.0593607305936073,-6.461879885297448,0.4931506849315068,0.4474885844748858,9.326703561603228,0.4657534246575342,14.637694778184713,0.4634703196347032,0.0707762557077625,-11.214538163666948,438,0.3904109589041096,0.9155251141552512,0.273972602739726,-3.6381137065250826,0.6141552511415526,0.1118721461187214,2.743355545692544,2024
519151,"Pressly, Ryan",2024,Astros,R,3.001480764,0.0778032036613272,0.217391304347826,0.05720823798627,-5.540408511647144,0.6361556064073226,0.3066361556064073,7.484189598603332,0.2105263157894736,10.713349518844336,0.6796338672768879,0.1098398169336384,-10.09662077340163,437,0.2608695652173913,0.9496567505720824,0.2494279176201373,-3.433223825160005,0.5583524027459954,0.1922196796338672,2.9800149011628334,2024
605121,"Anderson, Justin",2024,White Sox,R,3.883527713,0.0804597701149425,0.2114942528735632,0.0827586206896551,-6.065488118725933,0.6137931034482759,0.3034482758620689,10.187410382759952,0.2068965517241379,13.560960116597585,0.6459770114942529,0.1471264367816092,-10.07351624979648,435,0.3034482758620689,0.8919540229885058,0.1310344827586207,-3.797672033336965,0.6275862068965518,0.2413793103448276,3.032220073964862,2024
502624,"Anderson, Chase",2024,zMLB,R,3.041606757,0.0531177829099307,0.2147806004618937,0.0808314087759815,-5.66962847734221,0.5866050808314087,0.3325635103926097,8.310912480148149,0.3094688221709007,12.605908202328685,0.5519630484988453,0.138568129330254,-10.853659343716249,433,0.2286374133949191,0.9237875288683602,0.0715935334872979,-3.0330177094757778,0.7090069284064665,0.2193995381062355,2.9017814364773087,2024
664854,"Helsley, Ryan",2024,Cardinals,R,4.575338144,0.1339491916859122,0.23094688221709,0.0369515011547344,-5.167353289152115,0.6304849884526559,0.3325635103926097,9.854648019868655,0.2517321016166282,12.950252839846858,0.6397228637413395,0.1085450346420323,-9.952043155177895,433,0.3556581986143187,0.9168591224018476,0.2286374133949191,-4.256998138661391,0.5496535796766744,0.2217090069284064,2.948971227284792,2024
677161,"Kelly, Zack",2024,Red Sox,R,3.295823476,0.0902777777777777,0.1782407407407407,0.0787037037037037,-6.862639112244711,0.6018518518518519,0.3194444444444444,8.698666805617105,0.2962962962962963,12.541263873917124,0.5324074074074074,0.1712962962962963,-10.901354768305678,432,0.2824074074074074,0.8796296296296297,0.1087962962962963,-4.215893022125366,0.6342592592592593,0.2569444444444444,3.0080410078879387,2024
680704,"Sandlin, Nick",2024,Guardians,R,4.572440293,0.1232558139534883,0.2162790697674418,0.0348837209302325,-6.116195348764621,0.6046511627906976,0.3604651162790697,10.314430612320782,0.3720930232558139,13.917534708743204,0.5627906976744186,0.0651162790697674,-9.836865305751177,430,0.3325581395348837,0.9232558139534884,0.1860465116279069,-3.4337023626016583,0.6209302325581395,0.1930232558139535,2.8302453956452207,2024
676272,"Miller, Bobby",2024,Dodgers,R,3.358557279,0.0813953488372093,0.2488372093023255,0.0976744186046511,-5.879881120092329,0.6906976744186046,0.2116279069767442,9.680659500736208,0.2069767441860465,12.732071266815128,0.6674418604651163,0.1255813953488372,-10.576030249037704,430,0.2372093023255814,0.9069767441860463,0.1511627906976744,-3.420134621153007,0.6395348837209303,0.2093023255813953,3.0622069334268285,2024
657097,"Webb, Jacob",2024,Orioles,R,2.968374366,0.0652680652680652,0.1934731934731934,0.0442890442890442,-5.85792618813855,0.6643356643356644,0.2913752913752914,8.923653037911157,0.2540792540792541,12.87010808514484,0.5710955710955711,0.1748251748251748,-10.01128671126704,429,0.275058275058275,0.8881118881118881,0.0722610722610722,-3.2825941933244907,0.5874125874125874,0.3403263403263403,3.0649668606994065,2024
656412,"Faedo, Alex",2024,Tigers,R,3.821259767,0.0957943925233644,0.2149532710280373,0.0747663551401869,-6.215102962455909,0.6355140186915887,0.2897196261682243,9.66306017057516,0.2336448598130841,14.038900176378512,0.6845794392523364,0.0817757009345794,-10.753560641775609,428,0.3060747663551402,0.8878504672897196,0.1869158878504672,-3.898165042367486,0.5700934579439252,0.2429906542056074,2.9672790081002804,2024
677053,"Nardi, Andrew",2024,Marlins,L,2.136134783,0.0683962264150943,0.1674528301886792,0.0683962264150943,-6.2040391294029655,0.7216981132075472,0.2099056603773585,8.970343624523395,0.1674528301886792,12.4825845750345,0.5872641509433962,0.2452830188679245,-9.996771480527142,424,0.3113207547169811,0.875,0.0660377358490566,-3.850583508532649,0.5471698113207547,0.3867924528301887,3.1113821038028675,2024
660896,"Alcala, Jorge",2024,Twins,R,1.984196298,0.0518867924528301,0.2028301886792453,0.080188679245283,-5.30588711870198,0.6981132075471698,0.2216981132075471,7.898660072000548,0.1320754716981132,9.848950314796356,0.7476415094339622,0.1202830188679245,-10.129484434163611,424,0.2830188679245283,0.9033018867924528,0.1132075471698113,-3.4194828555406303,0.5306603773584906,0.3561320754716981,2.992030326380517,2024
686826,"Jarvis, Bryce",2024,Diamondbacks,R,3.364772625,0.0401891252955082,0.2364066193853428,0.0591016548463357,-5.197092723263645,0.6643026004728132,0.2765957446808511,8.771443795570828,0.1678486997635933,12.314491439952077,0.640661938534279,0.1914893617021276,-10.393696370439525,423,0.210401891252955,0.9243498817966904,0.0543735224586288,-3.554674592139879,0.6784869976359338,0.2671394799054373,2.9028641971256777,2024
663436,"Martin, Davis",2024,White Sox,R,3.18585885,0.0734597156398104,0.2037914691943128,0.0781990521327014,-5.909193205908073,0.6635071090047393,0.2582938388625592,8.957196359066044,0.2203791469194312,12.148711177490332,0.6350710900473934,0.1445497630331753,-10.431253800403796,422,0.2748815165876777,0.8981042654028436,0.1635071090047393,-3.629049469579539,0.6184834123222749,0.2180094786729857,3.019146916050111,2024
666200,"Luzardo, Jesús",2024,Marlins,L,4.01065899,0.1116389548693586,0.2351543942992874,0.0403800475059382,-6.1456946817206415,0.6199524940617577,0.339667458432304,9.27989644173233,0.346793349168646,13.532966999702913,0.5534441805225653,0.0997624703087886,-10.441476867332169,421,0.2826603325415677,0.9121140142517816,0.1615201900237529,-3.5854600882406698,0.684085510688836,0.1543942992874109,2.9368300383429284,2024
623211,"Brazobán, Huascar",2024,zMLB,R,3.754525387,0.0950118764845605,0.1496437054631829,0.1163895486935867,-5.96530506308685,0.5249406175771971,0.3586698337292161,8.965556196827094,0.2921615201900237,11.272341016241455,0.6199524940617577,0.0878859857482185,-10.243700207786354,421,0.3040380047505938,0.9239904988123516,0.2209026128266033,-3.512488019429143,0.6603325415676959,0.1187648456057007,2.90575607113988,2024
640451,"Harvey, Hunter",2024,zMLB,R,2.505858521,0.0666666666666666,0.2071428571428571,0.0547619047619047,-5.850793162364138,0.7119047619047619,0.2333333333333333,7.863338624450154,0.1023809523809523,11.053983570425626,0.6833333333333333,0.2142857142857142,-10.47136944982839,420,0.2714285714285714,0.8404761904761905,0.1261904761904762,-4.449666335176578,0.5166666666666667,0.3571428571428571,2.948038703848118,2024
663432,"Rainey, Tanner",2024,Nationals,R,2.673377862,0.0452380952380952,0.2285714285714285,0.0404761904761904,-6.084027570366346,0.7452380952380953,0.2142857142857142,8.177882295515097,0.1666666666666666,11.691779504427709,0.7476190476190476,0.0857142857142857,-9.972615676070966,420,0.2476190476190476,0.9523809523809524,0.0666666666666666,-3.951156236919236,0.5761904761904761,0.3571428571428571,2.903587350726346,2024
676974,"Meyer, Max",2024,Marlins,R,3.099280397,0.0596658711217183,0.2816229116945107,0.0572792362768496,-6.626713207088991,0.684964200477327,0.2577565632458234,7.538750507354424,0.1670644391408114,10.665087132105084,0.7541766109785203,0.0787589498806682,-11.653495695459696,419,0.2410501193317422,0.9260143198090692,0.1646778042959427,-3.9911112856717863,0.6730310262529833,0.162291169451074,2.8426128131966046,2024
621242,"Díaz, Edwin",2024,Mets,R,3.178093946,0.1076555023923445,0.1363636363636363,0.062200956937799,-5.321482726841049,0.6004784688995215,0.3373205741626794,9.128741936142529,0.2392344497607655,11.217903566485912,0.583732057416268,0.1770334928229665,-10.344692215268315,418,0.3755980861244019,0.8923444976076556,0.1555023923444976,-3.756321648699596,0.5047846889952153,0.3397129186602871,3.2806535434166544,2024
671345,"Foley, Jason",2024,Tigers,R,3.046768555,0.0719424460431654,0.2637889688249401,0.1223021582733813,-5.725846979069808,0.6474820143884892,0.2302158273381295,8.88786395249926,0.1606714628297362,11.847164762852376,0.7074340527577938,0.13189448441247,-9.934020591809674,417,0.2182254196642686,0.9232613908872902,0.1366906474820144,-3.108736252374644,0.6810551558752997,0.1822541966426858,3.0374684793761744,2024
661395,"Duran, Jhoan",2024,Twins,R,2.430323817,0.1103117505995203,0.2086330935251798,0.0839328537170263,-5.854112833072923,0.6906474820143885,0.2254196642685851,8.701002690501483,0.0863309352517985,12.738840210259792,0.6163069544364509,0.2973621103117506,-10.698536658264018,417,0.3237410071942446,0.8752997601918465,0.184652278177458,-3.9741728244586167,0.5467625899280576,0.2685851318944844,3.3131597848783403,2024
605177,"Chafin, Andrew",2024,zMLB,L,4.31909673,0.1298076923076923,0.1923076923076923,0.079326923076923,-5.779815692869578,0.5240384615384616,0.3966346153846153,8.974960093502906,0.3221153846153846,13.795186851404797,0.5889423076923077,0.0889423076923077,-9.995336225704891,416,0.3365384615384615,0.8894230769230769,0.2235576923076923,-4.592148050081483,0.5889423076923077,0.1875,2.87353620905318,2024
573124,"Rogers, Taylor",2024,Giants,L,3.504432908,0.0625,0.15625,0.0817307692307692,-6.277032151619696,0.6201923076923077,0.2980769230769231,9.532247235890871,0.3125,13.901289944173918,0.4567307692307692,0.2307692307692307,-11.608602160191488,416,0.2379807692307692,0.8269230769230769,0.0769230769230769,-3.6424239006858623,0.6995192307692307,0.2235576923076923,2.980420442784133,2024
472610,"García, Luis",2024,zMLB,R,5.243150064,0.0913461538461538,0.2451923076923076,0.125,-6.010610978077275,0.6129807692307693,0.2620192307692308,11.776566907617038,0.204326923076923,14.600916103644677,0.6274038461538461,0.1682692307692307,-9.82058269311202,416,0.25,0.8653846153846154,0.1610576923076923,-3.4831459446455324,0.6923076923076923,0.1466346153846154,3.001029403403715,2024
664747,"Díaz, Alexis",2024,Reds,R,2.227087066,0.0456730769230769,0.2019230769230769,0.0817307692307692,-6.388681765348542,0.6802884615384616,0.2379807692307692,8.477444559989607,0.204326923076923,10.733401580770426,0.6490384615384616,0.1466346153846154,-10.488816090149513,416,0.2692307692307692,0.908653846153846,0.1009615384615384,-3.4990610220079508,0.5961538461538461,0.3028846153846153,2.923893489667718,2024
458677,"Wilson, Justin",2024,Reds,L,1.7055861,0.0408653846153846,0.1923076923076923,0.15625,-6.049262817150265,0.6754807692307693,0.1682692307692307,7.110204937926787,0.0384615384615384,11.431643079342614,0.7163461538461539,0.2451923076923076,-9.9302044180168,416,0.2620192307692308,0.8990384615384616,0.079326923076923,-4.184495000872437,0.5336538461538461,0.3870192307692308,3.044750252011176,2024
657571,"Ferguson, Caleb",2024,zMLB,L,1.858144792,0.0697115384615384,0.1899038461538461,0.1514423076923076,-5.956609210856121,0.6658653846153846,0.1826923076923076,7.749460985079357,0.1225961538461538,10.516391123985548,0.6490384615384616,0.2283653846153846,-10.12595596646051,416,0.2740384615384615,0.9182692307692308,0.141826923076923,-3.5212645507433797,0.5793269230769231,0.2788461538461538,2.9905415642619624,2024
668674,"Erceg, Lucas",2024,zMLB,R,3.526786312,0.1036144578313253,0.1783132530120482,0.1132530120481927,-5.916262406600667,0.5759036144578313,0.3108433734939759,9.276877282934064,0.2144578313253012,12.59143789892507,0.5325301204819277,0.253012048192771,-10.636504057135898,415,0.3108433734939759,0.8650602409638555,0.1831325301204819,-3.7482027885558256,0.6120481927710844,0.2048192771084337,3.181639736394576,2024
596001,"Junis, Jakob",2024,zMLB,R,2.568059895,0.0555555555555555,0.2898550724637681,0.0893719806763285,-6.156541152706611,0.6642512077294686,0.2463768115942029,8.364966049098092,0.1690821256038647,11.559661477236688,0.7198067632850241,0.1111111111111111,-10.585793044996038,414,0.2439613526570048,0.929951690821256,0.144927536231884,-2.955736699750186,0.6690821256038647,0.1859903381642512,2.8069227965681534,2024
643338,"Green, Chad",2024,Blue Jays,R,2.165383748,0.0436893203883495,0.25,0.0388349514563106,-5.486018756185709,0.7766990291262136,0.1844660194174757,7.868041551759904,0.1213592233009708,11.285845573655475,0.7694174757281553,0.1092233009708737,-10.07450329059007,412,0.2378640776699029,0.9101941747572816,0.0970873786407767,-3.4592049506623628,0.5558252427184466,0.3470873786407767,2.963941770166578,2024
667463,"King, John",2024,Cardinals,L,2.78132066,0.0606796116504854,0.2766990291262136,0.0800970873786407,-6.218795088221863,0.6092233009708737,0.3106796116504854,8.0889716821183,0.1529126213592233,12.498232248572137,0.6383495145631068,0.2087378640776699,-10.84147426847983,412,0.1699029126213592,0.8980582524271845,0.1237864077669902,-2.7902397139292257,0.7961165048543689,0.0800970873786407,2.745941086595211,2024
676534,"Faucher, Calvin",2024,Marlins,R,2.426571923,0.0608272506082725,0.2287104622871046,0.0608272506082725,-5.13806317411285,0.6934306569343066,0.2457420924574209,7.349822262179031,0.072992700729927,9.350732095668402,0.7055961070559611,0.2214111922141119,-10.358268791910888,411,0.2846715328467153,0.9051094890510948,0.145985401459854,-4.037750806617066,0.5815085158150851,0.2725060827250608,3.1077738241797044,2024
571948,"Milner, Hoby",2024,Brewers,L,2.345687466,0.048780487804878,0.2560975609756097,0.1292682926829268,-6.700740785360549,0.6439024390243903,0.2268292682926829,8.399190437775639,0.1268292682926829,12.456282617393043,0.6024390243902439,0.2707317073170732,-11.185472664910774,410,0.1926829268292683,0.8317073170731707,0.0902439024390243,-3.4145492218769853,0.6634146341463415,0.2463414634146341,2.951513323109021,2024
573204,"Thielbar, Caleb",2024,Twins,L,2.243174739,0.073170731707317,0.2097560975609756,0.0682926829268292,-6.183701180211925,0.6658536585365854,0.2658536585365854,7.667587982268784,0.2292682926829268,13.871196289114469,0.5756097560975609,0.1951219512195122,-11.060928372343463,410,0.248780487804878,0.8731707317073171,0.0780487804878048,-3.9285382908982633,0.5902439024390244,0.3317073170731707,2.997114492884464,2024
657585,"Garrett, Reed",2024,Mets,R,4.077061191,0.1146341463414634,0.1682926829268292,0.0804878048780487,-6.269125155358578,0.5219512195121951,0.3975609756097561,9.730879469291356,0.2609756097560975,12.929074623524778,0.6487804878048781,0.0902439024390243,-10.50138467156034,410,0.3658536585365853,0.9048780487804878,0.2268292682926829,-3.914317404492399,0.5634146341463414,0.2097560975609756,2.898345467387578,2024
669387,"Mlodzinski, Carmen",2024,Pirates,R,2.801951561,0.0806845965770171,0.2200488997555012,0.0855745721271393,-6.195512993891225,0.6332518337408313,0.2811735941320293,7.716812752573759,0.1564792176039119,11.792813404896645,0.6381418092909535,0.2053789731051344,-10.27136494751207,409,0.2616136919315403,0.9144254278728606,0.1124694376528117,-3.8733466062937616,0.5990220048899756,0.2885085574572127,2.988822050978439,2024
663542,"Hudson, Bryan",2024,Brewers,L,1.784839878,0.0637254901960784,0.1862745098039215,0.1397058823529411,-6.301069824526245,0.6740196078431373,0.1862745098039215,7.518174204376128,0.0931372549019607,11.005182618025705,0.6200980392156863,0.2867647058823529,-11.10313929956406,408,0.2181372549019608,0.9240196078431372,0.0955882352941176,-3.73269828175234,0.5882352941176471,0.3161764705882353,3.0064777790513704,2024
693312,"Nicolas, Kyle",2024,Pirates,R,3.582251396,0.0784313725490196,0.2401960784313725,0.0465686274509803,-6.148099880009879,0.7205882352941176,0.2328431372549019,8.155658456209915,0.1274509803921568,11.63151506646722,0.6813725490196079,0.1911764705882352,-9.651755450936369,408,0.2769607843137255,0.8970588235294118,0.1666666666666666,-4.25403276399542,0.5514705882352942,0.2818627450980392,2.987885787263435,2024
572143,"Smith, Burch",2024,zMLB,R,1.811275522,0.0515970515970515,0.2555282555282555,0.0638820638820638,-5.766321638546955,0.714987714987715,0.2211302211302211,6.707769429862924,0.1326781326781326,10.17424034737305,0.6314496314496314,0.2358722358722358,-10.33421621911595,407,0.2088452088452088,0.8968058968058968,0.0589680589680589,-3.621689222947895,0.6044226044226044,0.3366093366093366,3.0443494457863074,2024
642397,"Soto, Gregory",2024,zMLB,L,4.6973892,0.113022113022113,0.1891891891891892,0.0933660933660933,-6.892578732340033,0.6068796068796068,0.2997542997542997,10.279180575905071,0.2235872235872235,13.80229849334268,0.5651105651105651,0.2113022113022113,-10.68786752798162,407,0.312039312039312,0.9041769041769042,0.199017199017199,-4.32077049369694,0.597051597051597,0.2039312039312039,3.081866992820603,2024
573009,"Mantiply, Joe",2024,Diamondbacks,L,3.815584367,0.0985221674876847,0.20935960591133,0.0517241379310344,-7.307161380658166,0.5665024630541872,0.3817733990147783,9.439395161419023,0.3078817733990148,13.879521832180028,0.5788177339901478,0.1133004926108374,-10.841033936179873,406,0.2832512315270936,0.913793103448276,0.2019704433497537,-3.3312877247062547,0.6379310344827587,0.1600985221674876,3.0413279748155477,2024
592426,"Jackson, Luke",2024,zMLB,R,3.024210061,0.091358024691358,0.2320987654320987,0.0790123456790123,-6.425861690189098,0.6567901234567901,0.2641975308641975,7.19221958361931,0.1629629629629629,10.542357365652926,0.6938271604938272,0.1432098765432098,-9.983248100076882,405,0.2962962962962963,0.925925925925926,0.2469135802469135,-4.103015528592002,0.5901234567901235,0.1629629629629629,3.1272638795650387,2024
662253,"Muñoz, Andrés",2024,Mariners,R,4.810200719,0.1608910891089109,0.1683168316831683,0.0445544554455445,-6.746610146826579,0.5123762376237624,0.4430693069306931,9.908795336526133,0.2995049504950495,12.842455121647555,0.5198019801980198,0.1806930693069307,-10.315978718440997,404,0.3935643564356436,0.8564356435643564,0.2475247524752475,-3.964456912495321,0.5618811881188119,0.1905940594059406,3.2298367169408992,2024
493603,"Ottavino, Adam",2024,Mets,R,2.39932554,0.0519801980198019,0.1732673267326732,0.0965346534653465,-5.865509658505466,0.6138613861386139,0.2896039603960396,8.406750412272942,0.2772277227722772,12.782705793418364,0.5816831683168316,0.141089108910891,-11.731843768643955,404,0.2574257425742574,0.8886138613861386,0.1237623762376237,-3.137145512254613,0.6361386138613861,0.2400990099009901,3.1261069961688657,2024
606303,"Payamps, Joel",2024,Brewers,R,2.342160104,0.0497512437810945,0.236318407960199,0.0621890547263681,-5.667641685310224,0.6517412935323383,0.2860696517412935,7.722564095959843,0.1965174129353233,11.840471470487229,0.6865671641791045,0.1169154228855721,-10.0833745697839,402,0.2736318407960199,0.9203980099502488,0.0845771144278607,-2.972603106851255,0.6044776119402985,0.3109452736318407,3.1574789811778285,2024
623465,"Phillips, Evan",2024,Dodgers,R,2.739540157,0.0696517412935323,0.1766169154228855,0.1144278606965174,-5.586425301289401,0.5920398009950248,0.2935323383084577,8.792489192813846,0.1293532338308457,11.70313589583876,0.6119402985074627,0.2587064676616915,-10.52418255828398,402,0.2810945273631841,0.8805970149253731,0.0796019900497512,-3.3677347591368587,0.599502487562189,0.3208955223880597,3.173671230629074,2024
686580,"Slaten, Justin",2024,Red Sox,R,3.97844068,0.0920398009950248,0.2263681592039801,0.0671641791044776,-5.708008939798964,0.6592039800995025,0.2736318407960199,8.71228171199791,0.2139303482587064,12.574751279992512,0.6243781094527363,0.1616915422885572,-10.274970141444546,402,0.2960199004975124,0.8905472636815921,0.1865671641791045,-4.297958111086888,0.5895522388059702,0.2238805970149253,3.054196102731325,2024
608717,"Stratton, Chris",2024,Royals,R,3.092246666,0.0572139303482587,0.236318407960199,0.0945273631840796,-7.0218789667505614,0.6691542288557214,0.236318407960199,7.588353511387012,0.1791044776119403,11.631470773421867,0.6741293532338308,0.1467661691542288,-10.15598433904922,402,0.1965174129353233,0.9029850746268656,0.126865671641791,-4.058836230333307,0.6567164179104478,0.2164179104477611,2.98661255666645,2024
686973,"Varland, Louis",2024,Twins,R,2.198892524,0.0698254364089775,0.2369077306733167,0.0623441396508728,-5.318830136501192,0.7032418952618454,0.2344139650872818,7.302208753692411,0.1047381546134663,10.108768284158394,0.6608478802992519,0.2344139650872818,-10.230901983346266,401,0.2344139650872818,0.9276807980049876,0.0922693266832917,-3.824609223862629,0.5635910224438903,0.3441396508728179,3.029690208444272,2024
605130,"Barlow, Scott",2024,Guardians,R,4.890399053,0.11,0.1725,0.0525,-6.001899148565001,0.56,0.3875,10.594696220860577,0.425,14.4214187493996,0.4875,0.0875,-10.89307735935393,400,0.3375,0.865,0.2275,-3.4044804820475005,0.6425,0.13,2.84922236019538,2024
641771,"Kuhl, Chad",2024,White Sox,R,3.364404426,0.0675,0.2575,0.0725,-6.8553664435617065,0.6425,0.285,8.556911828355222,0.24,11.82668834740188,0.6475,0.1125,-10.92969740618683,400,0.275,0.9175,0.16,-3.811776651204911,0.6425,0.1975,2.876255804899196,2024
608032,"Estévez, Carlos",2024,zMLB,R,1.766092676,0.0575,0.25,0.0925,-5.906522124512406,0.745,0.1625,7.794452471710104,0.07,11.281607751872372,0.725,0.205,-10.167538094236884,400,0.2625,0.9025,0.055,-3.385428467793621,0.535,0.41,3.028074105735351,2024
663704,"McArthur, James",2024,Royals,R,3.423660814,0.0527638190954773,0.2939698492462311,0.0979899497487437,-6.357756857236471,0.6683417085427136,0.2336683417085427,9.932609673573848,0.1959798994974874,11.79647047969438,0.6582914572864321,0.1457286432160804,-10.605508598206166,398,0.2763819095477386,0.8944723618090452,0.1758793969849246,-3.971095843491366,0.7185929648241206,0.1055276381909547,3.1192661876856547,2024
445926,"Chavez, Jesse",2024,Braves,R,1.962894841,0.0453400503778337,0.234256926952141,0.0579345088161209,-6.036903665893941,0.6020151133501259,0.3400503778337531,7.215683631286674,0.1385390428211587,11.354317003670769,0.7002518891687658,0.1612090680100755,-10.720309332885416,397,0.163727959697733,0.9219143576826196,0.0478589420654911,-2.854105352178434,0.6750629722921915,0.2770780856423174,2.9863294348634053,2024
660761,"Suarez, José",2024,Angels,L,2.953874141,0.0732323232323232,0.207070707070707,0.0732323232323232,-6.348533135499165,0.6565656565656566,0.2702020202020202,8.72724608354559,0.2525252525252525,12.352073197178262,0.6060606060606061,0.1414141414141414,-10.395846821028936,396,0.2803030303030303,0.9065656565656566,0.1439393939393939,-3.295221865572353,0.6212121212121212,0.2348484848484848,3.130523462027169,2024
571670,"Floro, Dylan",2024,zMLB,R,2.997377118,0.0555555555555555,0.2954545454545454,0.0732323232323232,-5.895064518886412,0.6414141414141414,0.2853535353535353,8.092539829856342,0.1944444444444444,11.490622132774412,0.648989898989899,0.1565656565656565,-10.374271063674184,396,0.1868686868686868,0.9494949494949496,0.106060606060606,-3.017579885566253,0.73989898989899,0.154040404040404,2.786008012949142,2024
614179,"Ruiz, José",2024,Phillies,R,2.787136618,0.0943877551020408,0.2525510204081632,0.0918367346938775,-5.924088210028797,0.6785714285714286,0.2295918367346938,7.4154728190674755,0.1224489795918367,10.926048608858242,0.6913265306122449,0.1862244897959183,-9.67270379418819,392,0.2755102040816326,0.9056122448979592,0.173469387755102,-4.128937364293884,0.5841836734693877,0.2423469387755102,2.9176046274052565,2024
593958,"Rodriguez, Eduardo",2024,Diamondbacks,L,2.010750836,0.0613810741687979,0.217391304347826,0.1253196930946291,-5.841837421094669,0.6138107416879796,0.2608695652173913,7.942933226235331,0.1329923273657289,10.885148224717293,0.659846547314578,0.2071611253196931,-11.20157670496258,391,0.227621483375959,0.8925831202046036,0.0511508951406649,-2.6457317715708286,0.6342710997442456,0.3145780051150895,3.0799709345809614,2024
607455,"Banda, Anthony",2024,Dodgers,L,4.010909444,0.1023017902813299,0.2148337595907928,0.0971867007672634,-6.376790878701392,0.6265984654731458,0.2762148337595907,9.524688924670995,0.2046035805626598,12.678913176095246,0.6265984654731458,0.1687979539641943,-10.042273871922342,391,0.3069053708439898,0.907928388746803,0.1739130434782608,-4.430774238026699,0.5728900255754475,0.2531969309462916,2.8868383436224008,2024
678495,"Rodríguez, Randy",2024,Giants,R,3.263444114,0.0895140664961636,0.2301790281329923,0.0690537084398976,-6.306624047488794,0.6726342710997443,0.258312020460358,9.0623989589172,0.1994884910485933,12.917484735659162,0.6265984654731458,0.1739130434782608,-11.033649849737442,391,0.289002557544757,0.8797953964194374,0.0946291560102301,-4.608274084682676,0.6112531969309463,0.2941176470588235,3.174689443733834,2024
518886,"Kimbrel, Craig",2024,Orioles,R,3.215021034,0.0796915167095115,0.2056555269922879,0.0488431876606683,-6.188051942650911,0.7377892030848329,0.2133676092544987,8.313774005619672,0.1105398457583547,12.703471539457569,0.6915167095115681,0.1979434447300771,-10.622608491779502,389,0.3110539845758355,0.897172236503856,0.0951156812339331,-5.167792534899616,0.4910025706940874,0.4138817480719794,3.2773577801810867,2024
682990,"Priester, Quinn",2024,zMLB,R,3.483036528,0.0699481865284974,0.266839378238342,0.0906735751295336,-6.254602021303521,0.6243523316062176,0.2849740932642487,8.293412560720737,0.2046632124352331,12.290109462828651,0.7150259067357513,0.0803108808290155,-10.21356884532868,386,0.2253886010362694,0.932642487046632,0.2020725388601036,-3.712416819423964,0.6658031088082902,0.1321243523316062,2.8755974949853167,2024
681035,"Scott, Christian",2024,Mets,R,2.119965677,0.0496083550913838,0.2140992167101827,0.0783289817232376,-5.3750589898518575,0.6971279373368147,0.2245430809399478,7.798933057973767,0.1462140992167102,11.536098254901964,0.6762402088772846,0.1775456919060052,-10.664975467152546,383,0.2036553524804177,0.93733681462141,0.06266318537859,-3.270153303952267,0.5796344647519582,0.3577023498694517,2.889054519985603,2024
607481,"Bummer, Aaron",2024,Braves,L,4.171112794,0.0887728459530026,0.1801566579634465,0.1044386422976501,-6.630491076560332,0.5900783289817232,0.3054830287206266,9.146310346045745,0.2088772845953002,14.497157916201504,0.5509138381201044,0.2402088772845953,-10.834574434932724,383,0.2715404699738903,0.856396866840731,0.2036553524804177,-3.747382812377803,0.6292428198433421,0.1671018276762402,2.771785829808776,2024
672582,"Zerpa, Angel",2024,Royals,L,1.88278766,0.0393700787401574,0.2414698162729658,0.0866141732283464,-6.466590731738547,0.7007874015748031,0.2125984251968504,7.591508785192075,0.0892388451443569,10.079483555385725,0.6089238845144357,0.3018372703412073,-10.919307969826905,381,0.1601049868766404,0.9133858267716536,0.0787401574803149,-3.342707750731773,0.7296587926509186,0.1916010498687664,2.919730923799275,2024
519043,"Moore, Matt",2024,Angels,L,3.499290106,0.0657894736842105,0.2026315789473684,0.0631578947368421,-5.3653683111971695,0.6552631578947369,0.281578947368421,9.294441242345066,0.2657894736842105,13.457336608994057,0.6131578947368421,0.1210526315789473,-9.975424177195189,380,0.2684210526315789,0.9184210526315788,0.0894736842105263,-4.015637656349454,0.631578947368421,0.2789473684210526,3.038365687898561,2024
621053,"Ferguson, Tyler",2024,Athletics,R,1.683468819,0.0554089709762532,0.1767810026385224,0.100263852242744,-6.250027492765337,0.6886543535620053,0.2110817941952506,7.542932342579356,0.0870712401055409,12.234011874713005,0.7308707124010554,0.1820580474934037,-10.115722929161652,379,0.2744063324538258,0.9182058047493404,0.0870712401055409,-3.184079247032245,0.5488126649076517,0.3641160949868074,3.166150775025038,2024
571946,"Miller, Shelby",2024,Tigers,R,1.928940126,0.0686015831134564,0.2612137203166227,0.0369393139841688,-6.0187754211048,0.7097625329815304,0.2532981530343008,7.497302834264764,0.1266490765171504,11.271544634468857,0.6728232189973615,0.2005277044854881,-10.709152171318152,379,0.2480211081794195,0.9234828496042216,0.0712401055408971,-2.9515879892184014,0.6015831134564644,0.3271767810026385,3.133706368439721,2024
608371,"Sims, Lucas",2024,zMLB,R,3.95583687,0.0529100529100529,0.2063492063492063,0.0661375661375661,-7.070504244804738,0.5978835978835979,0.335978835978836,9.576069916403652,0.2248677248677248,12.93425180582054,0.6534391534391535,0.1216931216931216,-10.918332143761935,378,0.2592592592592592,0.8703703703703703,0.0608465608465608,-4.332023593668388,0.626984126984127,0.3121693121693121,2.8857566219630844,2024
670059,"Holderman, Colin",2024,Pirates,R,4.120709764,0.0795755968169761,0.1936339522546419,0.0795755968169761,-6.494473936232772,0.5809018567639257,0.3395225464190981,10.37476145719044,0.3421750663129973,13.332744706016944,0.5623342175066313,0.0954907161803713,-10.021586987054146,377,0.2970822281167108,0.9045092838196288,0.1379310344827586,-3.4968949529426414,0.6578249336870027,0.2042440318302387,2.73958393112066,2024
672335,"Pérez, Cionel",2024,Orioles,L,3.431990822,0.0746666666666666,0.24,0.1173333333333333,-5.697750128123655,0.6293333333333333,0.2533333333333333,8.888150247160356,0.1253333333333333,13.298591223933911,0.6666666666666666,0.208,-11.023750095949,375,0.2346666666666666,0.8826666666666667,0.1813333333333333,-3.704300760219857,0.6453333333333333,0.1733333333333333,3.101086105329294,2024
696136,"Wicks, Jordan",2024,Cubs,L,2.546913134,0.065040650406504,0.2222222222222222,0.089430894308943,-5.456798868537191,0.6612466124661247,0.2493224932249322,7.863856748022599,0.2032520325203252,12.451896964306425,0.6124661246612466,0.1842818428184282,-10.521813988932236,369,0.2168021680216802,0.9051490514905148,0.1436314363143631,-3.499556169977393,0.5962059620596206,0.2601626016260163,2.7571827120600143,2024
669622,"Bender, Anthony",2024,Marlins,R,4.376766935,0.0353260869565217,0.217391304347826,0.0815217391304347,-5.670712341313857,0.6059782608695652,0.3125,9.755338886628442,0.2010869565217391,12.5231912470656,0.6711956521739131,0.1277173913043478,-9.31948902353486,368,0.217391304347826,0.8777173913043478,0.1195652173913043,-3.1143241010551974,0.7065217391304348,0.1739130434782608,2.825131374233221,2024
657514,"Bernardino, Brennan",2024,Red Sox,L,2.600858027,0.0543478260869565,0.1983695652173913,0.0896739130434782,-7.282143548830458,0.657608695652174,0.2527173913043478,8.107422568599134,0.1739130434782608,12.55896054153721,0.6195652173913043,0.2065217391304347,-10.447348498497584,368,0.2228260869565217,0.8831521739130435,0.0951086956521739,-4.102276941808917,0.6413043478260869,0.2635869565217391,2.8752396085062677,2024
572955,"Johnson, Pierce",2024,Braves,R,3.626760745,0.0788043478260869,0.2309782608695652,0.0570652173913043,-5.637141241445569,0.654891304347826,0.2880434782608695,8.93865428704183,0.2119565217391304,11.891998951050876,0.654891304347826,0.1331521739130435,-11.34070027740156,368,0.2853260869565217,0.8695652173913043,0.154891304347826,-3.938224661741307,0.6086956521739131,0.2364130434782608,3.1399337416670607,2024
445276,"Jansen, Kenley",2024,Red Sox,R,1.303895024,0.0517711171662125,0.2670299727520436,0.0708446866485013,-5.424861446344373,0.773841961852861,0.1553133514986376,6.973252451928187,0.0735694822888283,9.896297608307592,0.7629427792915532,0.1634877384196185,-10.405682075306151,367,0.2588555858310626,0.9237057220708448,0.0217983651226158,-2.198264816178176,0.55858310626703,0.4196185286103542,3.261801829488878,2024
676775,"Winn, Keaton",2024,Giants,R,2.453293384,0.0683060109289617,0.2486338797814207,0.0655737704918032,-5.665223628030779,0.680327868852459,0.2540983606557377,8.076267574554128,0.1939890710382513,10.513206053972516,0.7021857923497268,0.1038251366120218,-9.834156390443171,366,0.2486338797814207,0.953551912568306,0.1666666666666666,-3.1424813672590823,0.680327868852459,0.1530054644808743,2.957029120143963,2024
670167,"Schreiber, John",2024,Royals,R,2.138300995,0.0491803278688524,0.2185792349726776,0.1311475409836065,-6.487614643493103,0.6256830601092896,0.2431693989071038,7.830586999654551,0.133879781420765,12.622825315078709,0.6530054644808743,0.2131147540983606,-11.67281015884364,366,0.2103825136612022,0.8825136612021858,0.1120218579234972,-2.985928676894374,0.6693989071038251,0.2185792349726776,3.0990018815787392,2024
668941,"Romero, JoJo",2024,Cardinals,L,4.44354336,0.0796703296703296,0.2884615384615384,0.0879120879120879,-6.39212668027781,0.5741758241758241,0.3379120879120879,9.414268123589386,0.2252747252747252,12.628410396071596,0.6318681318681318,0.1428571428571428,-10.756156007520635,364,0.2362637362637362,0.8653846153846154,0.1483516483516483,-3.8563603422796553,0.695054945054945,0.1565934065934066,2.753618512197675,2024
693821,"Elder, Bryce",2024,Braves,R,2.470269539,0.0856353591160221,0.2762430939226519,0.0911602209944751,-5.989800425522193,0.649171270718232,0.2596685082872928,7.153307021312798,0.2348066298342541,11.90159115919855,0.643646408839779,0.1215469613259668,-9.870422466319098,362,0.2569060773480663,0.9337016574585636,0.2044198895027624,-3.422552565590302,0.6464088397790055,0.149171270718232,2.889117234962808,2024
676962,"Brown, Ben",2024,Cubs,R,4.11815044,0.1256983240223463,0.2569832402234637,0.0502793296089385,-5.797844928525574,0.6843575418994413,0.2653631284916201,9.285978118066742,0.1927374301675977,13.429703225465202,0.6536312849162011,0.1536312849162011,-10.808256645979656,358,0.3184357541899441,0.8994413407821229,0.1871508379888268,-4.401918130441175,0.5167597765363129,0.2960893854748603,3.1371457683631343,2024
665625,"Peguero, Elvis",2024,Brewers,R,3.382949341,0.0586592178770949,0.2458100558659217,0.0837988826815642,-6.04421990827351,0.6005586592178771,0.3156424581005586,8.324765761742484,0.0949720670391061,10.635209938125032,0.7793296089385475,0.1256983240223463,-9.854330144668396,358,0.2793296089385474,0.935754189944134,0.2206703910614525,-3.7391188871881873,0.664804469273743,0.1145251396648044,3.083953879799282,2024
656641,"Latz, Jacob",2024,Rangers,L,2.981621563,0.0816901408450704,0.2084507042253521,0.0507042253521126,-5.666597931057633,0.6140845070422535,0.3352112676056338,8.47129337910399,0.2253521126760563,12.727234526623482,0.647887323943662,0.1267605633802817,-10.515976183192826,355,0.2873239436619718,0.9098591549295776,0.0985915492957746,-3.528218484540019,0.6028169014084507,0.2985915492957746,2.9892137293233536,2024
453286,"Scherzer, Max",2024,Rangers,R,3.74903637,0.0819209039548022,0.2033898305084746,0.0790960451977401,-7.567489761791516,0.6468926553672316,0.2740112994350282,9.857799777883884,0.2937853107344633,13.97780183397184,0.6242937853107344,0.0819209039548022,-11.725211199995886,354,0.3022598870056497,0.9209039548022598,0.1101694915254237,-3.500348881865789,0.6186440677966102,0.2711864406779661,2.872612072771316,2024
592155,"Booser, Cam",2024,Red Sox,L,2.910883866,0.0875706214689265,0.2231638418079096,0.0508474576271186,-5.857595405385556,0.6638418079096046,0.2853107344632768,8.442433617179102,0.2344632768361582,12.025847469475732,0.6129943502824858,0.1525423728813559,-10.866952708606489,354,0.2966101694915254,0.9011299435028248,0.1186440677966101,-3.789828529896712,0.5988700564971752,0.2824858757062147,3.2596846879951937,2024
661527,"Martinez, Seth",2024,Astros,R,2.481137517,0.065155807365439,0.2577903682719547,0.065155807365439,-5.800544613797947,0.6487252124645893,0.2861189801699716,7.737105474819451,0.2436260623229461,12.94551253828817,0.6430594900849859,0.1133144475920679,-9.696867614381528,353,0.2266288951841359,0.9008498583569404,0.1019830028328611,-3.300149701915541,0.6940509915014165,0.2039660056657223,3.022067572872194,2024
642546,"Hernández, Jonathan",2024,zMLB,R,3.482393064,0.1025641025641025,0.2193732193732193,0.0769230769230769,-6.079183140248434,0.5270655270655271,0.396011396011396,9.132343828395364,0.2962962962962963,11.906477676476928,0.6381766381766382,0.0655270655270655,-9.613592814931488,351,0.3048433048433048,0.9088319088319088,0.1851851851851851,-3.1252291780118644,0.6923076923076923,0.1225071225071225,2.7489455625614,2024
681869,"Dubin, Shawn",2024,Astros,R,2.669256832,0.0685714285714285,0.2314285714285714,0.0685714285714285,-6.207128258298917,0.6857142857142857,0.2457142857142857,7.962955102066499,0.1685714285714285,11.232996084555372,0.6457142857142857,0.1857142857142857,-10.34511193266178,350,0.2628571428571428,0.8914285714285715,0.1571428571428571,-3.882332370072344,0.5657142857142857,0.2771428571428571,3.023135628371022,2024
681517,"Leahy, Kyle",2024,Cardinals,R,2.47409869,0.0744985673352435,0.2922636103151863,0.0630372492836676,-5.280016614575027,0.673352435530086,0.2636103151862464,7.689621375537485,0.1432664756446991,10.641565186077832,0.7220630372492837,0.1346704871060172,-10.622066010789547,349,0.2263610315186246,0.9197707736389684,0.1002865329512893,-3.370057190713017,0.6074498567335244,0.2922636103151863,3.001145821334064,2024
805673,"Matthews, Zebby",2024,Twins,R,2.85655865,0.0603448275862069,0.2126436781609195,0.0488505747126436,-5.891174300216581,0.7097701149425287,0.2413793103448276,7.93335816861372,0.1752873563218391,10.777564062175047,0.6752873563218391,0.1494252873563218,-10.432447486086556,348,0.2471264367816092,0.9396551724137931,0.1120689655172413,-4.499510329744316,0.6063218390804598,0.2816091954022988,2.836227188982604,2024
647315,"Pop, Zach",2024,Blue Jays,R,1.849432091,0.0377906976744186,0.2470930232558139,0.1540697674418604,-5.974756939271932,0.622093023255814,0.2238372093023256,7.431158458218202,0.0755813953488372,10.29276083319218,0.8197674418604651,0.1046511627906976,-10.030932728728516,344,0.2267441860465116,0.936046511627907,0.2034883720930232,-3.0686355212597,0.6540697674418605,0.1424418604651162,2.817658913145047,2024
702352,"Bivens, Spencer",2024,Giants,R,2.436388394,0.0583090379008746,0.2623906705539358,0.0670553935860058,-6.303043058802926,0.6647230320699709,0.2682215743440233,7.551394532436922,0.2157434402332361,12.29212271213367,0.6472303206997084,0.1370262390670553,-10.565893782620527,343,0.1924198250728863,0.9446064139941692,0.1253644314868804,-3.0946822432560177,0.7259475218658892,0.1486880466472303,3.0182450874546887,2024
595014,"Treinen, Blake",2024,Dodgers,R,4.852252546,0.0469208211143695,0.1671554252199413,0.1730205278592375,-7.062828657348212,0.5894428152492669,0.2375366568914956,10.422286491483238,0.1730205278592375,14.051288742020748,0.6891495601173021,0.1378299120234604,-10.495180849132607,341,0.2756598240469208,0.8651026392961877,0.1524926686217008,-5.149247246885156,0.6099706744868035,0.2375366568914956,2.8581686506414274,2024
519008,"McFarland, T.J.",2024,Athletics,L,2.896370995,0.044378698224852,0.2366863905325443,0.1005917159763313,-6.434522916242575,0.606508875739645,0.2928994082840236,7.871324097833493,0.2218934911242603,12.792741582192376,0.6183431952662722,0.1597633136094674,-11.389712496089132,338,0.1982248520710059,0.8964497041420119,0.1923076923076923,-3.276387192154688,0.7307692307692307,0.0769230769230769,2.8753070333987063,2024
670955,"Uceta, Edwin",2024,Rays,R,2.180020966,0.0744047619047619,0.1666666666666666,0.0744047619047619,-6.814508156151335,0.6755952380952381,0.25,8.275126246845804,0.2321428571428571,11.492206059289009,0.6726190476190477,0.0952380952380952,-10.240169272924868,336,0.3482142857142857,0.9196428571428572,0.1130952380952381,-3.695804659453621,0.494047619047619,0.3928571428571428,3.162318596174857,2024
592454,"Kahnle, Tommy",2024,Yankees,R,3.374179229,0.1964285714285714,0.1636904761904762,0.050595238095238,-5.585333684301491,0.494047619047619,0.4553571428571428,7.842846345283077,0.3988095238095238,11.39427484817334,0.5148809523809523,0.0863095238095238,-10.910183963840804,336,0.3630952380952381,0.925595238095238,0.2946428571428571,-3.4786191916127573,0.5714285714285714,0.1339285714285714,3.0117436010026752,2024
605513,"Turnbull, Spencer",2024,Phillies,R,3.133332272,0.0746268656716417,0.2059701492537313,0.1104477611940298,-6.117817554500231,0.6059701492537314,0.2835820895522388,9.119031032141107,0.2149253731343283,12.77712126688419,0.6268656716417911,0.1582089552238806,-9.40197341106192,335,0.2537313432835821,0.9223880597014924,0.1373134328358209,-3.3881623304284587,0.6238805970149254,0.2388059701492537,3.000018987464361,2024
607179,"Weems, Jordan",2024,Nationals,R,2.755132231,0.0417910447761194,0.2776119402985074,0.0776119402985074,-5.690478462098185,0.7373134328358208,0.1850746268656716,7.9444166372166,0.0865671641791044,12.039462464644284,0.7820895522388059,0.1313432835820895,-10.0751805439929,335,0.2029850746268656,0.8985074626865671,0.0626865671641791,-4.033063229644345,0.6059701492537314,0.3313432835820895,2.951346208021855,2024
641745,"Keller, Brad",2024,zMLB,R,3.189667503,0.0692771084337349,0.286144578313253,0.0572289156626506,-5.697312426324888,0.6475903614457831,0.2951807228915662,7.952699660202182,0.1566265060240964,12.0901463276684,0.7228915662650602,0.1204819277108433,-10.476077231793663,332,0.2078313253012048,0.8975903614457831,0.1656626506024096,-3.408434433616453,0.7048192771084337,0.1295180722891566,2.9623254134009,2024
671212,"Boyle, Joe",2024,Athletics,R,2.997516365,0.0815709969788519,0.2175226586102719,0.0513595166163142,-6.11229294379672,0.6978851963746223,0.2507552870090634,8.006912247961486,0.1450151057401812,11.930714405052164,0.649546827794562,0.2054380664652568,-10.743039704712896,331,0.2930513595166163,0.879154078549849,0.1117824773413897,-4.689550993388118,0.5770392749244713,0.311178247734139,3.233220601820362,2024
676092,"Snider, Collin",2024,Mariners,R,2.440605846,0.0515151515151515,0.1727272727272727,0.1,-5.974307341389848,0.5878787878787879,0.3121212121212121,8.071374127906857,0.2151515151515151,12.3639746542364,0.6212121212121212,0.1636363636363636,-11.239449653536813,330,0.303030303030303,0.9030303030303032,0.0727272727272727,-4.072367300316181,0.6212121212121212,0.306060606060606,3.100392792939557,2024
694738,"Roupp, Landen",2024,Giants,R,3.95029569,0.1,0.206060606060606,0.0575757575757575,-6.000810721212154,0.5666666666666667,0.3757575757575757,9.068929316425136,0.4181818181818181,14.42430510458177,0.4848484848484848,0.0969696969696969,-10.518175267466573,330,0.2545454545454545,0.906060606060606,0.1636363636363636,-3.20427250168892,0.703030303030303,0.1333333333333333,2.619305011604833,2024
665622,"Medina, Luis",2024,Athletics,R,4.434786933,0.0759878419452887,0.2310030395136778,0.0759878419452887,-6.041846009737254,0.7112462006079028,0.2127659574468085,9.595243734319276,0.2066869300911854,12.420705647072085,0.6109422492401215,0.182370820668693,-10.4696709312904,329,0.1884498480243161,0.9148936170212766,0.1337386018237082,-3.97199464252222,0.6109422492401215,0.2553191489361702,2.7078051768360702,2024
663568,"Kolek, Stephen",2024,Padres,R,2.131078303,0.0516717325227963,0.2188449848024316,0.1185410334346504,-6.074892266893711,0.5835866261398176,0.2978723404255319,8.036190793258761,0.0486322188449848,10.322284742253093,0.6869300911854104,0.2644376899696048,-10.982923255887972,329,0.2006079027355623,0.8905775075987842,0.0790273556231003,-3.083960993687468,0.662613981762918,0.2583586626139817,3.181925049390035,2024
657024,"Swanson, Erik",2024,Blue Jays,R,1.828770177,0.0492307692307692,0.2492307692307692,0.043076923076923,-5.125527275184537,0.7261538461538461,0.2307692307692307,7.267013062062843,0.1538461538461538,11.371508805471072,0.6492307692307693,0.1969230769230769,-10.105354568964836,325,0.243076923076923,0.9230769230769232,0.1076923076923077,-3.460780979582445,0.6092307692307692,0.283076923076923,3.158098423195927,2024
689672,"Thorpe, Drew",2024,White Sox,R,3.973016857,0.0835913312693498,0.2352941176470588,0.0464396284829721,-5.487901435087791,0.5913312693498453,0.3622291021671827,9.144448072555791,0.4458204334365325,13.75121996004633,0.4829721362229102,0.0712074303405572,-10.343464432431198,323,0.2383900928792569,0.9380804953560372,0.1021671826625387,-3.3332190570453704,0.7368421052631579,0.1609907120743034,2.658266740914753,2024
571510,"Boyd, Matthew",2024,Guardians,L,3.940112346,0.102803738317757,0.1806853582554517,0.0747663551401869,-14.034413209283027,0.5950155763239875,0.3302180685358255,10.557283432890612,0.3302180685358255,15.46643106629388,0.5327102803738317,0.1370716510903426,-10.978360634277823,321,0.2990654205607476,0.8660436137071651,0.1214953271028037,-3.2720738402718035,0.616822429906542,0.2616822429906542,3.035120979579387,2024
669674,"Long, Sam",2024,Royals,L,3.277054475,0.08125,0.228125,0.08125,-5.327018873190233,0.68125,0.2375,9.284667971519935,0.215625,12.418149927249972,0.621875,0.1625,-10.361246982864776,320,0.28125,0.90625,0.15625,-4.277369803259218,0.596875,0.246875,2.838037580310325,2024
656730,"Megill, Trevor",2024,Brewers,R,4.450840276,0.10625,0.24375,0.05625,-5.650465080127142,0.684375,0.259375,9.164348666960718,0.10625,14.37422347112975,0.69375,0.2,-9.82057087547084,320,0.284375,0.925,0.11875,-5.422603410980911,0.5125,0.36875,3.028718713082932,2024
455119,"Martin, Chris",2024,Red Sox,R,1.536948816,0.0691823899371069,0.1981132075471698,0.1289308176100629,-5.9383230954385535,0.6383647798742138,0.2327044025157232,6.666886268052247,0.0440251572327044,9.912080714064754,0.6823899371069182,0.2735849056603773,-10.915694960071546,318,0.2264150943396226,0.9025157232704404,0.0534591194968553,-3.220031299910666,0.5817610062893082,0.3647798742138364,3.0468085202004818,2024
669212,"Morgan, Eli",2024,Guardians,R,4.111305501,0.0599369085173501,0.1798107255520504,0.056782334384858,-7.265310948820279,0.6908517350157729,0.252365930599369,10.545468019719827,0.2649842271293375,13.39873324327806,0.5962145110410094,0.138801261829653,-10.268397909146572,317,0.2586750788643533,0.8706624605678234,0.1104100946372239,-3.921643221212152,0.6340694006309149,0.2555205047318612,2.8654494317324515,2024
675540,"Curry, Xzavion",2024,zMLB,R,2.633069243,0.0378548895899053,0.2586750788643533,0.0473186119873817,-5.10951725848935,0.7287066246056783,0.22397476340694,8.11993808117126,0.22397476340694,12.706851550062185,0.6214511041009464,0.1545741324921135,-10.202864586914934,317,0.2145110410094637,0.9053627760252366,0.0662460567823343,-2.926772765381228,0.6624605678233438,0.2712933753943217,2.868040962193608,2024
623149,"Sewald, Paul",2024,Diamondbacks,R,2.290621929,0.0537974683544303,0.2183544303797468,0.0696202531645569,-6.837881951722479,0.7784810126582279,0.1518987341772152,10.19908443875721,0.1075949367088607,12.213668782270036,0.75,0.1424050632911392,-11.554431303606115,316,0.2468354430379747,0.9050632911392406,0.0253164556962025,-5.321601463601695,0.5158227848101266,0.4588607594936709,3.111389950546238,2024
675627,"Grove, Michael",2024,Dodgers,R,4.997079893,0.1054313099041533,0.2140575079872204,0.0415335463258785,-5.903038429987796,0.6166134185303515,0.3418530351437699,9.15829999245033,0.2715654952076677,12.471990652666594,0.6038338658146964,0.1246006389776357,-9.256689109294664,313,0.2747603833865815,0.9073482428115016,0.2076677316293929,-3.94176931952665,0.6166134185303515,0.1757188498402556,2.9219747516086128,2024
685299,"Gordon, Tanner",2024,Rockies,R,2.802023208,0.048076923076923,0.2403846153846154,0.0673076923076923,-5.630713847384622,0.6923076923076923,0.2403846153846154,7.972666638348993,0.1923076923076923,12.505030121410837,0.6538461538461539,0.1538461538461538,-10.451178432038011,312,0.1858974358974359,0.9134615384615384,0.0576923076923076,-3.534971641467324,0.6826923076923077,0.2596153846153846,2.908665325338473,2024
670766,"McCaughan, Darren",2024,zMLB,R,2.698612505,0.0514469453376205,0.2636655948553054,0.1221864951768488,-6.037629253240098,0.6784565916398714,0.1993569131832797,7.7215011752815315,0.2154340836012861,12.163077092179565,0.6784565916398714,0.1061093247588424,-11.536062673449484,311,0.1607717041800643,0.9003215434083601,0.0836012861736334,-2.8893671463225297,0.7202572347266881,0.1961414790996784,2.9469045365430384,2024
666205,"Muller, Kyle",2024,Athletics,L,1.798790621,0.0514469453376205,0.2765273311897106,0.0771704180064308,-5.050001313033098,0.729903536977492,0.1929260450160771,7.649926915396288,0.1479099678456591,11.576295125239318,0.6945337620578779,0.157556270096463,-11.392683589873906,311,0.22508038585209,0.9260450160771704,0.0707395498392283,-3.1366150881523205,0.6688102893890675,0.2604501607717042,3.1189838649780146,2024
613534,"Adams, Austin",2024,Athletics,R,2.67235549,0.0419354838709677,0.1612903225806451,0.1387096774193548,-6.539022117760404,0.5709677419354838,0.2903225806451613,9.441658596653795,0.1161290322580645,10.307924425526034,0.7161290322580646,0.1677419354838709,-10.068613449189638,310,0.3580645161290323,0.8838709677419355,0.1096774193548387,-3.989017073406551,0.5516129032258065,0.3387096774193548,2.9693952475611947,2024
683004,"Leiter, Jack",2024,Rangers,R,3.050673474,0.0809061488673139,0.2621359223300971,0.0517799352750809,-5.5795254061623405,0.7669902912621359,0.1812297734627831,8.265427062218185,0.174757281553398,11.545651969215108,0.6925566343042071,0.1326860841423948,-9.311898692488908,309,0.2815533980582524,0.9385113268608414,0.0938511326860841,-5.422384093281155,0.5663430420711975,0.3398058252427184,3.0005114688135404,2024
605347,"López, Jorge",2024,zMLB,R,3.663068113,0.0811688311688311,0.2792207792207792,0.1136363636363636,-6.69312363349253,0.6396103896103896,0.2467532467532467,10.277065633906432,0.1915584415584415,12.077920169141434,0.6753246753246753,0.1331168831168831,-11.492015348248406,308,0.2402597402597402,0.8831168831168831,0.1396103896103896,-3.4437113955910466,0.6558441558441559,0.2045454545454545,3.0162386313204297,2024
696131,"Black, Mason",2024,Giants,R,1.643868336,0.0293159609120521,0.2442996742671009,0.0618892508143322,-6.175617504870748,0.7719869706840391,0.1661237785016286,7.456666146586317,0.1237785016286645,10.874606041852545,0.6938110749185668,0.1824104234527687,-10.929909964333786,307,0.1661237785016286,0.9022801302931596,0.0456026058631921,-2.556477081008833,0.5830618892508144,0.3713355048859935,2.9887029192441057,2024
663893,"Little, Brendon",2024,Blue Jays,L,3.784689961,0.0814332247557003,0.247557003257329,0.1270358306188925,-6.650523661736813,0.6612377850162866,0.2117263843648208,8.51862330959981,0.1302931596091205,11.764930849676466,0.752442996742671,0.1172638436482084,-11.436446277753634,307,0.3029315960912052,0.8729641693811075,0.3094462540716612,-4.20056716168948,0.6221498371335505,0.0684039087947882,3.538092666041611,2024
622786,"Tinoco, Jesus",2024,zMLB,R,3.154663354,0.0721311475409836,0.1967213114754098,0.0688524590163934,-6.264675147178069,0.5967213114754099,0.3344262295081967,8.733394131309238,0.2459016393442623,11.919606981456615,0.6426229508196721,0.1114754098360655,-9.660626409891284,305,0.2688524590163934,0.898360655737705,0.1508196721311475,-3.4920681128597235,0.6557377049180327,0.1934426229508196,2.959298945727652,2024
600986,"Vieira, Thyago",2024,zMLB,R,2.630108109,0.0726072607260726,0.2178217821782178,0.0726072607260726,-5.745516887635175,0.6666666666666666,0.2607260726072607,8.018450337502971,0.1419141914191419,11.343647445711024,0.7194719471947195,0.1386138613861386,-9.914383370123298,303,0.2574257425742574,0.8943894389438944,0.1155115511551155,-3.617777420068808,0.5907590759075908,0.2937293729372937,3.0333239331085204,2024
571927,"Matz, Steven",2024,Cardinals,L,2.679556168,0.06,0.2033333333333333,0.0666666666666666,-5.770141366538048,0.69,0.2433333333333333,8.348698950251858,0.1566666666666666,12.971329860227256,0.62,0.2233333333333333,-10.29662115307777,300,0.17,0.87,0.0766666666666666,-3.6943704918744897,0.61,0.3133333333333333,2.952912764600971,2024
670124,"Oller, Adam",2024,Marlins,R,3.510653519,0.0666666666666666,0.3066666666666666,0.0733333333333333,-5.791874625313528,0.7166666666666667,0.21,8.325167133060644,0.12,12.066141542030104,0.7466666666666667,0.1333333333333333,-9.96891725631014,300,0.22,0.91,0.1033333333333333,-4.21578713652366,0.6166666666666667,0.28,2.929939280509518,2024
676428,"Hurter, Brant",2024,Tigers,L,2.954482497,0.0566666666666666,0.26,0.1166666666666666,-6.218749550282585,0.5966666666666667,0.2866666666666667,7.89738899707963,0.1833333333333333,12.9243455878162,0.66,0.1566666666666666,-10.554243052747626,300,0.2033333333333333,0.9066666666666666,0.1166666666666666,-3.597887653944312,0.6966666666666667,0.1866666666666666,2.749835211226708,2024
676282,"Cantillo, Joey",2024,Guardians,L,3.40938504,0.0869565217391304,0.1939799331103679,0.0802675585284281,-5.399742384156228,0.6622073578595318,0.2575250836120401,10.522509918436617,0.3311036789297659,15.196676244287136,0.4581939799331103,0.2107023411371237,-10.18977761140512,299,0.3076923076923077,0.903010033444816,0.1404682274247491,-3.495967891785816,0.6622073578595318,0.197324414715719,3.004657888398772,2024
669084,"Hall, DL",2024,Brewers,L,3.148872894,0.0711864406779661,0.2067796610169491,0.1152542372881356,-5.789045803627578,0.6474576271186441,0.2372881355932203,9.010763598490296,0.2135593220338983,12.602878205983505,0.6169491525423729,0.1694915254237288,-11.072534345894768,295,0.2406779661016949,0.8779661016949153,0.1694915254237288,-3.1525892097004773,0.6305084745762712,0.2,2.8180258229981185,2024
680897,"Nastrini, Nick",2024,White Sox,R,4.459028721,0.1038062283737024,0.2041522491349481,0.0726643598615917,-6.388971686080142,0.5847750865051903,0.3425605536332179,8.956260241325426,0.4221453287197231,12.160253504256616,0.532871972318339,0.0449826989619377,-12.864541753299038,289,0.28719723183391,0.8858131487889274,0.1487889273356401,-4.808285221603752,0.6505190311418685,0.2006920415224913,2.855787066543632,2024
663969,"Phillips, Tyler",2024,Phillies,R,2.496744616,0.0311418685121107,0.259515570934256,0.1245674740484429,-6.465612639411195,0.6505190311418685,0.2249134948096885,8.12720562104137,0.245674740484429,12.195311980378372,0.6885813148788927,0.0657439446366782,-10.376167867267124,289,0.2249134948096885,0.9480968858131488,0.1557093425605536,-3.3768391526646333,0.7301038062283737,0.1141868512110726,2.818284850520118,2024
663773,"Hoeing, Bryan",2024,zMLB,R,3.236323757,0.1006944444444444,0.2847222222222222,0.0625,-6.384706459327873,0.6354166666666666,0.3020833333333333,8.337757495088695,0.2222222222222222,11.011996609240056,0.65625,0.1215277777777777,-10.010935180576634,288,0.2395833333333333,0.9097222222222222,0.2013888888888889,-3.314990635898728,0.6701388888888888,0.1284722222222222,2.9515236978094936,2024
519293,"Smith, Will",2024,Royals,L,5.374677171,0.0909090909090909,0.2622377622377622,0.0594405594405594,-6.125641898532423,0.6328671328671329,0.3076923076923077,9.462381617214852,0.3146853146853147,13.23637612800654,0.583916083916084,0.1013986013986013,-10.429376253021047,286,0.2272727272727272,0.8881118881118881,0.1433566433566433,-4.427910750742003,0.6888111888111889,0.1678321678321678,2.7690495098342227,2024
641941,"Pagán, Emilio",2024,Reds,R,2.48185937,0.0739436619718309,0.2112676056338028,0.0774647887323943,-5.566474989665598,0.676056338028169,0.2464788732394366,8.006482580964917,0.1725352112676056,13.13946117120346,0.6971830985915493,0.130281690140845,-9.76588350966667,284,0.2957746478873239,0.9366197183098592,0.0809859154929577,-3.717745641317769,0.5316901408450704,0.3873239436619718,3.091054025197912,2024
641835,"Mayza, Tim",2024,zMLB,L,1.51267776,0.03886925795053,0.2756183745583039,0.1342756183745583,-5.440799375742548,0.5830388692579506,0.2826855123674912,6.9688873412225005,0.0989399293286219,9.7565947799338,0.7809187279151943,0.1201413427561837,-10.29300987205334,283,0.1696113074204947,0.939929328621908,0.1024734982332155,-3.1020323517430977,0.7279151943462897,0.1696113074204947,2.791455440723122,2024
664126,"Fairbanks, Pete",2024,Rays,R,3.266116236,0.0565371024734982,0.2826855123674912,0.0706713780918728,-5.157432436219565,0.7314487632508834,0.1978798586572438,8.21653051303292,0.1519434628975265,12.44150473664596,0.7632508833922261,0.0848056537102473,-9.960778922719252,283,0.2084805653710247,0.8833922261484098,0.1201413427561837,-4.372734451965588,0.6042402826855123,0.2756183745583039,2.8423244782463764,2024
663738,"Lynch IV, Daniel",2024,Royals,L,3.219999637,0.0957446808510638,0.301418439716312,0.0531914893617021,-5.783017453190539,0.6418439716312057,0.3049645390070922,8.79984525255271,0.3085106382978723,11.82874736363016,0.6170212765957447,0.0744680851063829,-10.620822966003551,282,0.2836879432624113,0.9078014184397164,0.1879432624113475,-3.273185183207449,0.6950354609929078,0.1170212765957446,3.03754973398774,2024
641656,"Hamilton, Ian",2024,Yankees,R,4.129106325,0.1631205673758865,0.1985815602836879,0.0851063829787234,-6.893036658511025,0.5354609929078015,0.3794326241134751,10.218026785735171,0.301418439716312,12.193086146809987,0.5354609929078015,0.1631205673758865,-11.363108236732842,282,0.3617021276595745,0.900709219858156,0.2695035460992908,-3.500898522058264,0.599290780141844,0.1312056737588652,3.1394154468548696,2024
621114,"Burr, Ryan",2024,Blue Jays,R,3.626545802,0.1524822695035461,0.1879432624113475,0.0425531914893617,-5.421341031721366,0.5815602836879432,0.375886524822695,7.991515411077713,0.2907801418439716,11.59404836851496,0.5921985815602837,0.1170212765957446,-9.90126989765519,282,0.3262411347517731,0.8794326241134752,0.25177304964539,-3.9848931846615288,0.5283687943262412,0.2198581560283688,2.941787336686568,2024
656271,"Burke, Brock",2024,zMLB,L,2.418329963,0.0782918149466192,0.2135231316725978,0.0782918149466192,-6.006634002777758,0.6298932384341637,0.2918149466192171,7.98051947363375,0.1423487544483986,11.675431551238187,0.7117437722419929,0.1459074733096085,-10.6714540346794,281,0.2811387900355871,0.9252669039145908,0.1565836298932384,-3.189943558435828,0.5587188612099644,0.2846975088967972,2.9976144788832206,2024
554340,"García, Yimi",2024,zMLB,R,1.756183152,0.0785714285714285,0.1357142857142857,0.0964285714285714,-6.297981017259144,0.6142857142857143,0.2892857142857143,7.253455424191868,0.1821428571428571,11.142994466496376,0.6821428571428572,0.1357142857142857,-9.714756170949332,280,0.3071428571428571,0.9607142857142856,0.0964285714285714,-3.092527083253566,0.5071428571428571,0.3964285714285714,3.2302943877469183,2024
670990,"Ramírez, Yohan",2024,zMLB,R,5.24998032,0.0821428571428571,0.2071428571428571,0.1678571428571428,-7.721902839226841,0.5928571428571429,0.2392857142857143,9.735184432178553,0.2392857142857143,13.721163601935448,0.6357142857142857,0.125,-10.98726471662077,280,0.2535714285714285,0.8857142857142857,0.1642857142857142,-4.981127109715965,0.625,0.2107142857142857,2.935509898121578,2024
687863,"Hodge, Porter",2024,Cubs,R,3.655822657,0.1071428571428571,0.1928571428571428,0.0642857142857142,-5.988140448052228,0.6321428571428571,0.3035714285714285,9.54136226928192,0.2678571428571428,14.03870168579951,0.575,0.1571428571428571,-10.816311763208692,280,0.3321428571428571,0.9035714285714286,0.1464285714285714,-4.1834510600485695,0.5785714285714286,0.275,3.1386555224551067,2024
655889,"Rodríguez, Manuel",2024,Rays,R,2.512005623,0.057347670250896,0.2258064516129032,0.1111111111111111,-5.346869777275345,0.6738351254480287,0.2150537634408602,7.905358019637196,0.1433691756272401,10.826983293932878,0.6917562724014337,0.1648745519713261,-11.278987258461596,279,0.2688172043010752,0.906810035842294,0.1541218637992831,-3.683490339092419,0.6057347670250897,0.2401433691756272,3.191277482552811,2024
671305,"Otañez, Michel",2024,Athletics,R,4.588738605,0.1469534050179211,0.1684587813620071,0.1003584229390681,-6.079702988531604,0.6021505376344086,0.2974910394265233,11.523984137980316,0.2401433691756272,15.46332624185994,0.6093189964157706,0.1505376344086021,-10.485068166847007,279,0.4014336917562724,0.8387096774193549,0.1720430107526881,-4.538332894505077,0.4731182795698925,0.3548387096774194,3.211716307250837,2024
606160,"Montero, Rafael",2024,Astros,R,1.217611982,0.0251798561151079,0.237410071942446,0.1366906474820144,-6.462300467247986,0.6726618705035972,0.1906474820143885,6.343404129635836,0.079136690647482,9.702757812198056,0.7949640287769785,0.1258992805755395,-9.956325508319695,278,0.1834532374100719,0.9136690647482014,0.1043165467625899,-2.81701407991062,0.5971223021582733,0.2985611510791366,3.0619330371219062,2024
592662,"Ray, Robbie",2024,Giants,L,3.401413495,0.1062271062271062,0.1648351648351648,0.0586080586080586,-6.626888577484473,0.7252747252747253,0.2161172161172161,8.704282911267322,0.238095238095238,12.195484875339814,0.6153846153846154,0.1465201465201465,-10.148780512792472,273,0.3626373626373626,0.8937728937728938,0.1941391941391941,-4.852279291626644,0.4798534798534798,0.326007326007326,3.124996732211697,2024
680694,"Bradish, Kyle",2024,Orioles,R,3.45498331,0.0842490842490842,0.1831501831501831,0.0732600732600732,-5.703115299504184,0.6593406593406593,0.2673992673992674,8.589135463489479,0.1721611721611721,12.131593796174824,0.6373626373626373,0.1904761904761904,-10.304414876787634,273,0.2564102564102564,0.9084249084249084,0.1684981684981685,-3.8315103926996312,0.5897435897435898,0.2417582417582417,2.9648805053958287,2024
676702,"Stratton, Hunter",2024,Pirates,R,2.639019733,0.0661764705882353,0.2169117647058823,0.0845588235294117,-5.846857164252666,0.6066176470588235,0.3088235294117647,8.436768888105641,0.1764705882352941,13.85924465163997,0.7132352941176471,0.1102941176470588,-9.805487036360098,272,0.2536764705882353,0.9227941176470588,0.1139705882352941,-3.15821098883034,0.6102941176470589,0.2757352941176471,2.9125737210432048,2024
674072,"Henry, Tommy",2024,Diamondbacks,L,2.08428587,0.0367647058823529,0.2242647058823529,0.0845588235294117,-5.972137385330701,0.7169117647058824,0.1985294117647058,7.584728140802795,0.2205882352941176,11.596134113478334,0.6544117647058824,0.125,-10.766919425953436,272,0.1544117647058823,0.9485294117647058,0.0992647058823529,-2.962155328103891,0.6985294117647058,0.2022058823529411,2.754882167588005,2024
673380,"Núñez, Dedniel",2024,Mets,R,4.245944294,0.1217712177121771,0.1734317343173431,0.040590405904059,-5.674870863096533,0.6346863468634686,0.3247232472324723,9.344428112945106,0.2287822878228782,12.054888081906377,0.6457564575645757,0.1254612546125461,-10.495811624440645,271,0.3616236162361623,0.8892988929889298,0.2398523985239852,-4.260833465133343,0.4870848708487085,0.2730627306273063,3.1135489998256896,2024
666745,"Brito, Jhony",2024,Padres,R,1.788952411,0.037037037037037,0.3333333333333333,0.0962962962962963,-6.009849409680788,0.6481481481481481,0.2555555555555555,6.861406835776986,0.1518518518518518,10.805624444057338,0.7592592592592593,0.0888888888888888,-10.263738359649684,270,0.1925925925925926,0.9148148148148147,0.1259259259259259,-3.0662352594167563,0.7185185185185186,0.1555555555555555,2.947168586056998,2024
672578,"Hernández, Carlos",2024,Royals,R,4.334714785,0.0780669144981412,0.2007434944237918,0.0780669144981412,-6.299362157026582,0.6468401486988847,0.275092936802974,9.04799568020712,0.2044609665427509,12.847136655208082,0.6728624535315985,0.1226765799256505,-10.92606287502461,269,0.2602230483271375,0.9070631970260224,0.0929368029739776,-5.176537650502215,0.5836431226765799,0.3234200743494423,2.969025590100099,2024
675921,"Howard, Spencer",2024,zMLB,R,2.772167833,0.0634328358208955,0.2313432835820895,0.0261194029850746,-5.033889251239014,0.7388059701492538,0.2350746268656716,8.216716859948203,0.208955223880597,13.919113700242946,0.5708955223880597,0.2201492537313432,-10.346182137886062,268,0.2462686567164179,0.9029850746268656,0.0820895522388059,-3.511823563076784,0.5522388059701493,0.3656716417910448,3.062719094364153,2024
680736,"Wrobleski, Justin",2024,Dodgers,L,1.730912293,0.048689138576779,0.2771535580524344,0.1086142322097378,-6.284161662180106,0.7865168539325843,0.1048689138576779,6.539014255959144,0.0636704119850187,10.21657997967746,0.7453183520599251,0.1910112359550561,-10.224005595502746,267,0.2209737827715356,0.9176029962546816,0.0749063670411985,-4.342578876492672,0.602996254681648,0.3220973782771535,3.1034304728081263,2024
518397,"Alexander, Scott",2024,Athletics,L,4.124680848,0.0561797752808988,0.250936329588015,0.0524344569288389,-5.9039216622126665,0.6179775280898876,0.3295880149812734,8.190070226374985,0.1573033707865168,11.920307435237982,0.7153558052434457,0.1273408239700374,-10.40178613500488,267,0.1910112359550561,0.906367041198502,0.2247191011235955,-3.201127181914772,0.7153558052434457,0.0599250936329588,3.2294625829523635,2024
641703,"Honeywell, Brent",2024,zMLB,R,2.626838146,0.0299625468164794,0.2659176029962546,0.0861423220973782,-5.652208134392765,0.7378277153558053,0.1760299625468165,7.073812820217627,0.097378277153558,11.8528927573398,0.7265917602996255,0.1760299625468165,-9.890082955264123,267,0.1573033707865168,0.902621722846442,0.0674157303370786,-4.265826964122632,0.6666666666666666,0.2659176029962546,2.878965768015892,2024
594580,"Moll, Sam",2024,Reds,L,3.075174285,0.048689138576779,0.2247191011235955,0.0936329588014981,-5.831500377486121,0.6591760299625468,0.247191011235955,8.889931121810916,0.1310861423220973,14.468292343611742,0.7116104868913857,0.1573033707865168,-10.519868683808989,267,0.2546816479400749,0.8614232209737828,0.1161048689138576,-3.665802091276551,0.6329588014981273,0.250936329588015,2.993888036239778,2024
683409,"Chivilli, Angel",2024,Rockies,R,4.683428893,0.1947565543071161,0.2284644194756554,0.0449438202247191,-5.183392572557633,0.4756554307116105,0.4794007490636704,9.683274757491676,0.3970037453183521,12.775083865108211,0.5355805243445693,0.0674157303370786,-10.92910061787595,267,0.3745318352059925,0.9325842696629212,0.2621722846441947,-3.4713251493148607,0.6704119850187266,0.0674157303370786,2.91831654988784,2024
663765,"Woodford, Jake",2024,zMLB,R,2.558737489,0.0338345864661654,0.2669172932330827,0.1090225563909774,-5.631839988427065,0.6466165413533834,0.244360902255639,7.117316953188891,0.2218045112781954,11.393601943032731,0.6428571428571429,0.1353383458646616,-10.670718486386283,266,0.1390977443609022,0.9210526315789472,0.0902255639097744,-2.953737833035506,0.7443609022556391,0.1654135338345864,2.8708239269494245,2024
666129,"Garrett, Braxton",2024,Marlins,L,3.194133624,0.060377358490566,0.2679245283018868,0.1320754716981132,-6.547301660189179,0.6716981132075471,0.1962264150943396,7.803569286561736,0.2339622641509434,11.242605733467936,0.6528301886792452,0.1132075471698113,-10.21217761392177,265,0.2188679245283019,0.9433962264150944,0.1962264150943396,-4.053057754830291,0.6830188679245283,0.120754716981132,2.86672796314969,2024
605488,"Springs, Jeffrey",2024,Rays,L,4.021551513,0.1149425287356321,0.1839080459770115,0.0229885057471264,-5.670492778554189,0.5555555555555556,0.421455938697318,9.639902352360137,0.3333333333333333,14.716854913034783,0.5210727969348659,0.1455938697318007,-11.234366177746873,261,0.3141762452107279,0.8697318007662835,0.1149425287356321,-3.203844164640158,0.5823754789272031,0.3026819923371647,2.918723304981073,2024
621051,"Wilson, Steven",2024,White Sox,R,4.088617445,0.073076923076923,0.173076923076923,0.0461538461538461,-5.745001658377045,0.6576923076923077,0.2961538461538461,9.838031187694591,0.3115384615384615,13.81554060021412,0.5423076923076923,0.1461538461538461,-9.721679489800932,260,0.2384615384615384,0.8961538461538462,0.0769230769230769,-3.356081449655739,0.65,0.273076923076923,2.796521039523808,2024
656234,"Bird, Jake",2024,Rockies,R,4.829487851,0.0778210116731517,0.2062256809338521,0.1206225680933852,-5.83118987545767,0.6381322957198443,0.2412451361867704,11.294729660887336,0.2140077821011673,13.721918574468686,0.5914396887159533,0.1945525291828793,-10.693231158867835,257,0.2334630350194552,0.8715953307392996,0.1478599221789883,-3.417596109779097,0.7276264591439688,0.1245136186770428,2.8315289530560293,2024
642048,"Saucedo, Tayler",2024,Mariners,L,3.26437832,0.0700389105058365,0.1984435797665369,0.0661478599221789,-5.884837306521674,0.5252918287937743,0.4085603112840467,8.839747701736618,0.2645914396887159,13.004846995856058,0.6264591439688716,0.1089494163424124,-11.198857227045194,257,0.2957198443579766,0.8404669260700389,0.1828793774319066,-3.370793820441729,0.7159533073929961,0.1011673151750972,2.800317194772131,2024
690829,"Joyce, Ben",2024,Angels,R,2.185100308,0.09375,0.18359375,0.11328125,-5.9626655301219165,0.5859375,0.30078125,7.430630378961167,0.0859375,11.81594781238989,0.65625,0.2578125,-10.836825919415029,256,0.29296875,0.94140625,0.16796875,-3.5621910244597306,0.5234375,0.30859375,3.1258347185804363,2024
593974,"Peralta, Wandy",2024,Padres,L,3.280387293,0.05078125,0.2421875,0.10546875,-6.229948602414889,0.6171875,0.27734375,7.943698137222106,0.22265625,10.373521594532551,0.69140625,0.0859375,-9.684753986504507,256,0.1953125,0.94921875,0.17578125,-3.2735457766570173,0.73046875,0.09375,2.702307715490528,2024
688297,"Roycroft, Chris",2024,Cardinals,R,1.669473308,0.0431372549019607,0.2196078431372549,0.1137254901960784,-6.258314747444926,0.6666666666666666,0.2196078431372549,8.135767752715205,0.0392156862745098,11.510315145810996,0.6235294117647059,0.3372549019607843,-10.381890270636534,255,0.2274509803921568,0.8666666666666667,0.1137254901960784,-3.0911143426791345,0.6313725490196078,0.2549019607843137,3.1936571355946644,2024
687924,"Aguiar, Julian",2024,Reds,R,2.727128599,0.0549019607843137,0.2039215686274509,0.1137254901960784,-5.771877482748699,0.7098039215686275,0.1764705882352941,8.488300008465043,0.2392156862745098,12.563512485977125,0.615686274509804,0.1450980392156863,-9.988586563769635,255,0.1803921568627451,0.9607843137254902,0.0627450980392156,-3.4136813603852363,0.6941176470588235,0.2431372549019607,2.721543096048617,2024
595345,"Okert, Steven",2024,Twins,L,2.61316586,0.0393700787401574,0.1850393700787401,0.0433070866141732,-5.842514447104017,0.6062992125984252,0.3503937007874015,10.016033970818835,0.2952755905511811,12.797293002698805,0.562992125984252,0.1417322834645669,-10.832182510492023,254,0.2322834645669291,0.8976377952755905,0.0590551181102362,-3.5899653961831133,0.6614173228346457,0.2795275590551181,2.817282710703168,2024
664350,"Sánchez, Sixto",2024,Marlins,R,2.002981844,0.0276679841897233,0.2845849802371542,0.075098814229249,-6.224863291540035,0.6996047430830039,0.225296442687747,6.739088233645947,0.1383399209486166,11.0754151021799,0.7114624505928854,0.150197628458498,-10.417812421170142,253,0.1264822134387351,0.9565217391304348,0.0553359683794466,-3.5582439296925887,0.7351778656126482,0.2094861660079051,2.830054946593804,2024
687134,"Blalock, Bradley",2024,zMLB,R,1.889066041,0.0595238095238095,0.2738095238095238,0.0476190476190476,-5.887207173193947,0.7301587301587301,0.2222222222222222,6.831300711346612,0.1626984126984127,11.353323277189014,0.6944444444444444,0.1428571428571428,-10.324747340388829,252,0.2103174603174603,0.9206349206349206,0.0912698412698412,-3.535997707389249,0.6349206349206349,0.2738095238095238,2.813192421766488,2024
664849,"Young, Danny",2024,Mets,L,4.913770654,0.0843373493975903,0.1967871485943775,0.1124497991967871,-7.733234721486988,0.5903614457831325,0.2971887550200803,10.517078958075436,0.2730923694779116,14.766866183944536,0.6184738955823293,0.108433734939759,-10.912588087876388,249,0.3092369477911647,0.8714859437751004,0.285140562248996,-4.306661100369952,0.6305220883534136,0.0843373493975903,2.729986009833929,2024
673929,"Leasure, Jordan",2024,White Sox,R,2.244089735,0.0281124497991967,0.2248995983935743,0.0682730923694779,-6.416983036395092,0.7469879518072289,0.1847389558232931,7.394134335925942,0.1526104417670682,11.020855399190728,0.6867469879518072,0.1606425702811245,-10.07545830355479,249,0.2690763052208835,0.8955823293172691,0.0682730923694779,-4.781172832058358,0.5622489959839357,0.3694779116465863,2.958672746150037,2024
681892,"Funderburk, Kody",2024,Twins,L,2.907083716,0.064516129032258,0.2056451612903226,0.1209677419354838,-6.314574308394361,0.6653225806451613,0.2137096774193548,9.350735979281588,0.1290322580645161,12.625131010397306,0.5725806451612904,0.2983870967741935,-11.0757359414263,248,0.25,0.8629032258064516,0.1209677419354838,-3.450615029346738,0.6451612903225806,0.2338709677419354,3.315149580779252,2024
800049,"Mazur, Adam",2024,Padres,R,3.376326171,0.0607287449392712,0.3117408906882591,0.0242914979757085,-5.227486094343766,0.757085020242915,0.2186234817813765,8.478792616679696,0.2186234817813765,11.177545952024095,0.6882591093117408,0.0931174089068826,-10.853133772628109,247,0.1902834008097166,0.9392712550607288,0.1133603238866396,-3.4327103811647794,0.6680161943319838,0.2186234817813765,2.7776121013749577,2024
663992,"Lovelady, Richard",2024,zMLB,L,2.675649531,0.0647773279352226,0.2510121457489878,0.1659919028340081,-6.290336451421442,0.6356275303643725,0.1983805668016194,8.8627344910302,0.1417004048582996,12.067402366244204,0.6194331983805668,0.2388663967611336,-10.77617355513963,247,0.2307692307692307,0.9271255060728744,0.1376518218623481,-3.835685233991123,0.6680161943319838,0.194331983805668,3.0357096026211967,2024
664776,"Cousins, Jake",2024,Yankees,R,6.204316684,0.1382113821138211,0.1707317073170731,0.056910569105691,-6.69569712297266,0.540650406504065,0.4024390243902439,11.887378005864097,0.4349593495934959,14.883213236882876,0.4715447154471545,0.0934959349593495,-10.463224238582905,246,0.3414634146341463,0.7926829268292683,0.2276422764227642,-3.798471673467371,0.6260162601626016,0.1463414634146341,2.858624337983487,2024
621345,"Minter, A.J.",2024,Braves,L,2.769025152,0.0365853658536585,0.1991869918699187,0.0975609756097561,-7.913837866793856,0.6341463414634146,0.2682926829268293,8.268991770076592,0.1747967479674796,10.978940248869486,0.7235772357723578,0.1016260162601626,-9.665467271165308,246,0.2804878048780488,0.9227642276422764,0.089430894308943,-5.24210404351389,0.6260162601626016,0.2845528455284553,2.868424607338121,2024
663574,"Santillan, Tony",2024,Reds,R,1.866063862,0.0447154471544715,0.1788617886178861,0.0691056910569105,-5.698381007930822,0.7317073170731707,0.1991869918699187,8.438437112659361,0.073170731707317,11.596139939285498,0.6747967479674797,0.2520325203252032,-10.210178241102248,246,0.3048780487804878,0.9105691056910568,0.0609756097560975,-3.324074070590929,0.483739837398374,0.4552845528455284,2.95080325310816,2024
543518,"McGough, Scott",2024,Diamondbacks,R,3.140708882,0.102880658436214,0.2098765432098765,0.0493827160493827,-5.470642571720634,0.654320987654321,0.2962962962962963,8.288296417656401,0.2304526748971193,11.802572467782875,0.6337448559670782,0.1358024691358024,-10.303975897486811,243,0.2592592592592592,0.925925925925926,0.1481481481481481,-3.588164483057896,0.6049382716049383,0.2469135802469135,2.8714832478148065,2024
477132,"Kershaw, Clayton",2024,Dodgers,L,3.465831147,0.0537190082644628,0.256198347107438,0.0950413223140495,-5.572092408410144,0.6818181818181818,0.2231404958677686,9.126753610155273,0.3140495867768595,12.101904385426716,0.6239669421487604,0.0619834710743801,-9.557516687820598,242,0.2231404958677686,0.9049586776859504,0.1859504132231405,-3.827972437968429,0.6735537190082644,0.140495867768595,2.911799665137345,2024
608638,"Chargois, JT",2024,zMLB,R,3.305308897,0.0663900414937759,0.2738589211618257,0.0788381742738589,-6.49402828222094,0.6514522821576764,0.2697095435684647,8.62796587400436,0.2365145228215767,12.05729263613931,0.6804979253112033,0.0829875518672199,-10.117699903140103,241,0.2448132780082987,0.9128630705394192,0.1452282157676348,-3.2676773105559764,0.6390041493775933,0.2157676348547718,2.947750682002958,2024
669372,"Ginn, J.T.",2024,Athletics,R,2.876787792,0.0625,0.2833333333333333,0.1,-6.6696324035597305,0.6208333333333333,0.2791666666666667,8.689697853640288,0.1791666666666666,11.554872927599526,0.7125,0.1083333333333333,-9.29440193723065,240,0.2875,0.9291666666666668,0.1916666666666666,-3.4268718004935845,0.6708333333333333,0.1375,2.7559399508656126,2024
667725,"Tyler, Kyle",2024,Marlins,R,3.724584115,0.0875,0.2333333333333333,0.1083333333333333,-6.351099391030334,0.65,0.2416666666666666,9.301482924043771,0.2666666666666666,13.793917431981242,0.5666666666666667,0.1666666666666666,-11.020322705595047,240,0.2458333333333333,0.8708333333333333,0.1708333333333333,-3.5238200088091856,0.6458333333333334,0.1833333333333333,3.259323497541064,2024
621363,"Poche, Colin",2024,Rays,L,3.251625601,0.0666666666666666,0.2916666666666667,0.0583333333333333,-6.015026643123192,0.7541666666666667,0.1875,8.265323954441532,0.1916666666666666,11.861763194285937,0.7,0.1083333333333333,-10.245316362897514,240,0.2291666666666666,0.9291666666666668,0.1208333333333333,-3.895948643809436,0.6333333333333333,0.2458333333333333,3.194344790448259,2024
622253,"Tate, Dillon",2024,zMLB,R,3.343779971,0.0711297071129707,0.2594142259414226,0.0878661087866108,-6.39542234893282,0.5899581589958159,0.3221757322175732,8.047846872585858,0.2301255230125523,13.051850616339731,0.6443514644351465,0.1255230125523012,-10.860960984769358,239,0.1841004184100418,0.9079497907949792,0.1506276150627615,-2.96918154235613,0.7196652719665272,0.1297071129707113,2.774162646773548,2024
630023,"Chirinos, Yonny",2024,Marlins,R,1.727871951,0.0462184873949579,0.2731092436974789,0.088235294117647,-5.817199021007765,0.726890756302521,0.1848739495798319,7.147931499807374,0.1470588235294117,11.112850390942691,0.7184873949579832,0.134453781512605,-10.891512218168376,238,0.2058823529411764,0.9285714285714286,0.0798319327731092,-3.3824964094403818,0.6260504201680672,0.2941176470588235,2.940452590867728,2024
623433,"Anderson, Nick",2024,Royals,R,2.825957812,0.0762711864406779,0.2288135593220339,0.0423728813559322,-4.8883491920012245,0.7288135593220338,0.2288135593220339,8.197089853927313,0.2372881355932203,12.42337117584289,0.5550847457627118,0.2076271186440678,-9.939217293118103,236,0.2372881355932203,0.9364406779661016,0.097457627118644,-3.744084932424146,0.6652542372881356,0.2372881355932203,3.227947395420507,2024
669721,"Daniel, Davis",2024,Angels,R,3.16837572,0.0762711864406779,0.2330508474576271,0.0932203389830508,-5.870191201174977,0.6016949152542372,0.3050847457627119,7.962658656958256,0.2711864406779661,12.885314672829042,0.6016949152542372,0.1271186440677966,-10.54384424424422,236,0.2033898305084746,0.8771186440677966,0.1271186440677966,-3.1776989303938468,0.673728813559322,0.1991525423728813,2.8876108240579828,2024
624522,"Thompson, Keegan",2024,Cubs,R,2.492797641,0.0508474576271186,0.211864406779661,0.0296610169491525,-5.538255334551688,0.6483050847457628,0.3220338983050847,7.682147008216567,0.1949152542372881,11.024246759158752,0.6567796610169492,0.1483050847457627,-9.341801124735149,236,0.2838983050847458,0.9067796610169492,0.1101694915254237,-3.5049717928425497,0.5466101694915254,0.3432203389830508,3.1040561638140303,2024
518617,"Diekman, Jake",2024,Mets,L,2.231854591,0.0851063829787234,0.1531914893617021,0.1148936170212766,-5.812642522300746,0.5872340425531914,0.2978723404255319,11.679396973959262,0.1319148936170212,12.077204237969442,0.6468085106382979,0.2212765957446808,-11.20730334334558,235,0.2936170212765957,0.8893617021276595,0.0638297872340425,-3.897541970819448,0.5829787234042553,0.3531914893617021,3.1163055241668336,2024
695076,"Lowder, Rhett",2024,Reds,R,1.833358564,0.0476190476190476,0.264069264069264,0.1082251082251082,-6.112817093870637,0.6796536796536796,0.2121212121212121,7.871893358015412,0.1125541125541125,12.358672288966144,0.7056277056277056,0.1818181818181818,-10.371190823233697,231,0.2034632034632034,0.922077922077922,0.1168831168831168,-2.8832325036750257,0.645021645021645,0.238095238095238,2.934279171126068,2024
594835,"Gonzales, Marco",2024,Pirates,L,2.657348398,0.0786026200873362,0.2489082969432314,0.0349344978165938,-5.876083452788075,0.6899563318777293,0.2751091703056768,7.492079287734966,0.3013100436681222,13.529789011929015,0.5458515283842795,0.1528384279475982,-11.113214001088249,229,0.1921397379912663,0.9432314410480348,0.1091703056768559,-2.8592168151957296,0.6855895196506551,0.2052401746724891,2.954808568114697,2024
678606,"Ferrer, José A.",2024,Nationals,L,2.162502495,0.0657894736842105,0.25,0.0570175438596491,-6.642590138392281,0.6140350877192983,0.3289473684210526,7.764107776470364,0.1491228070175438,11.142898109110243,0.6008771929824561,0.25,-10.79149624590059,228,0.2236842105263158,0.925438596491228,0.1096491228070175,-3.009397872145752,0.6578947368421053,0.2324561403508772,2.966654836086771,2024
663460,"Bubic, Kris",2024,Royals,L,2.512841164,0.066079295154185,0.1629955947136563,0.118942731277533,-6.103613011024282,0.6387665198237885,0.2422907488986784,7.738460827771777,0.145374449339207,11.630888413315684,0.6079295154185022,0.2466960352422907,-10.938714183142176,227,0.3083700440528634,0.8986784140969163,0.1277533039647577,-4.066069092247024,0.5726872246696035,0.2995594713656387,3.2603322195166364,2024
622072,"Wood, Alex",2024,Athletics,L,2.030094878,0.027027027027027,0.2972972972972973,0.063063063063063,-5.710493145619294,0.7297297297297297,0.2072072072072072,7.176508974562974,0.1621621621621621,10.726445012464266,0.6891891891891891,0.1486486486486486,-10.37017350228482,222,0.1846846846846846,0.9234234234234234,0.0855855855855855,-3.5865683350055524,0.6666666666666666,0.2477477477477477,2.815613394293692,2024
674285,"Salazar, Eduardo",2024,zMLB,R,3.069221066,0.0410958904109589,0.2420091324200913,0.1232876712328767,-6.500994487645329,0.6073059360730594,0.2694063926940639,8.895008937983173,0.1004566210045662,11.06975983158616,0.7397260273972602,0.1598173515981735,-9.948963040120692,219,0.2374429223744292,0.908675799086758,0.1461187214611872,-3.549245339842116,0.680365296803653,0.1735159817351598,2.8501860071856857,2024
663531,"Allen, Logan",2024,Diamondbacks,L,3.170687061,0.0639269406392694,0.2237442922374429,0.0821917808219178,-5.166612991223566,0.6621004566210046,0.2557077625570776,8.665382068293807,0.2648401826484018,11.828784839171886,0.639269406392694,0.0958904109589041,-10.348732842553517,219,0.1872146118721461,0.9406392694063926,0.0776255707762557,-3.1937521542890277,0.6894977168949772,0.2328767123287671,2.944924871030953,2024
523260,"Kelly, Joe",2024,Dodgers,R,4.430937281,0.0871559633027523,0.1880733944954128,0.0779816513761468,-6.485106106450842,0.5963302752293578,0.3256880733944954,9.070341373870331,0.1422018348623853,13.148500299556174,0.5688073394495413,0.2889908256880734,-11.068779649392283,218,0.2293577981651376,0.8807339449541285,0.1559633027522936,-3.6004739791432443,0.6055045871559633,0.2385321100917431,2.8563353244193586,2024
656876,"Rasmussen, Drew",2024,Rays,R,3.106895338,0.0921658986175115,0.1797235023041474,0.1152073732718894,-7.149154473336739,0.663594470046083,0.2211981566820276,8.63713911283727,0.1013824884792626,10.82435311156766,0.6129032258064516,0.2857142857142857,-10.039720021868968,217,0.3179723502304147,0.847926267281106,0.1566820276497695,-5.06145672754541,0.5622119815668203,0.2811059907834101,3.3524828763047565,2024
642520,"Garabito, Gerson",2024,Rangers,R,2.901813497,0.0375586854460093,0.2253521126760563,0.0422535211267605,-6.432656104736267,0.6807511737089202,0.2769953051643192,8.398274655448436,0.2065727699530516,11.414502677747093,0.6103286384976526,0.1830985915492957,-9.10716952968697,213,0.215962441314554,0.9107981220657276,0.1220657276995305,-3.3076305319973573,0.5774647887323944,0.3004694835680751,2.9347206820855827,2024
669724,"Hanifee, Brenan",2024,Tigers,R,1.727208786,0.0235849056603773,0.2688679245283019,0.1273584905660377,-5.506992267567756,0.6650943396226415,0.2075471698113207,6.954423271746291,0.1320754716981132,10.567984746633057,0.75,0.1179245283018868,-9.928868000719527,212,0.1792452830188679,0.9339622641509434,0.1084905660377358,-2.957268167249974,0.7075471698113207,0.1839622641509433,2.910819631897229,2024
681799,"Roberts, Ethan",2024,Cubs,R,2.446827209,0.0613207547169811,0.2547169811320754,0.0613207547169811,-7.817053085936892,0.7122641509433962,0.2264150943396226,7.962626876164976,0.2264150943396226,11.995890891524924,0.6226415094339622,0.1509433962264151,-9.688953092874048,212,0.2688679245283019,0.8867924528301887,0.1367924528301886,-3.804852245860588,0.5943396226415094,0.2688679245283019,2.9361858746455978,2024
681982,"Anderson, Grant",2024,Rangers,R,2.294595765,0.0616113744075829,0.2227488151658767,0.0710900473933649,-6.657186920846454,0.6729857819905213,0.2559241706161137,7.702042528953815,0.2085308056872037,12.229035100503175,0.6540284360189573,0.1374407582938388,-11.060160195767772,211,0.2559241706161137,0.9383886255924172,0.0758293838862559,-3.0981954811142365,0.6492890995260664,0.2748815165876777,2.826116704270036,2024
681402,"Varland, Gus",2024,zMLB,R,2.302688544,0.062200956937799,0.2200956937799043,0.0382775119617224,-5.4893819950321685,0.7081339712918661,0.2535885167464115,8.527289437662914,0.1004784688995215,10.811016932358497,0.7033492822966507,0.1961722488038277,-9.832458940039146,209,0.2535885167464115,0.8947368421052632,0.0956937799043062,-3.818164011789536,0.6411483253588517,0.2631578947368421,3.221986961502893,2024
676596,"Fleming, Josh",2024,Pirates,L,1.931521233,0.0288461538461538,0.2403846153846154,0.0961538461538461,-6.4256576089623145,0.5721153846153846,0.3317307692307692,6.582981150833949,0.1971153846153846,11.217239490531862,0.6826923076923077,0.1201923076923077,-9.432219735828282,208,0.173076923076923,0.9375,0.1778846153846154,-2.8644541202362563,0.7259615384615384,0.0961538461538461,2.9740298935935616,2024
621199,"Bowman, Matt",2024,zMLB,R,1.856719129,0.0384615384615384,0.2836538461538461,0.0913461538461538,-5.646450257548134,0.6682692307692307,0.2403846153846154,7.478602755740364,0.1634615384615384,12.08106619638441,0.7259615384615384,0.110576923076923,-9.717440068310443,208,0.1875,0.9567307692307692,0.110576923076923,-2.9047163984646045,0.6634615384615384,0.2259615384615384,2.8432106407886257,2024
666159,"Manning, Matt",2024,Tigers,R,2.118216333,0.038647342995169,0.2898550724637681,0.0628019323671497,-6.301031718074615,0.7294685990338164,0.2077294685990338,7.094551626062006,0.1352657004830917,12.07347052476202,0.6618357487922706,0.2028985507246377,-11.26526859435653,207,0.2463768115942029,0.9033816425120772,0.0966183574879227,-3.982389721170844,0.6135265700483091,0.2898550724637681,3.040936660990889,2024
676879,"Ashby, Aaron",2024,Brewers,L,6.026876595,0.1310679611650485,0.2184466019417475,0.0728155339805825,-7.132286263179309,0.5145631067961165,0.4126213592233009,9.227046222858393,0.2135922330097087,13.560661867912687,0.6553398058252428,0.1310679611650485,-11.04597951199026,206,0.2669902912621359,0.8543689320388349,0.2524271844660194,-5.106330102089986,0.6262135922330098,0.1213592233009708,2.722951497854211,2024
670036,"Festa, Matt",2024,zMLB,R,2.01824652,0.0539215686274509,0.1666666666666666,0.1519607843137254,-6.52369129737741,0.6225490196078431,0.2254901960784313,7.457962433157865,0.0931372549019607,12.277068140918498,0.7352941176470589,0.1715686274509804,-10.130899773955075,204,0.2745098039215686,0.9509803921568628,0.0539215686274509,-3.724863294090807,0.5637254901960784,0.3823529411764705,3.2116481181140206,2024
663465,"Allard, Kolby",2024,Phillies,L,2.463981506,0.0539215686274509,0.2598039215686274,0.1078431372549019,-6.0829926103434255,0.7009803921568627,0.1911764705882352,9.446069338197171,0.2352941176470588,12.600173169461042,0.6372549019607843,0.1274509803921568,-11.283659490868056,204,0.2205882352941176,0.9362745098039216,0.0833333333333333,-2.742350701743961,0.6862745098039216,0.230392156862745,2.962082448439137,2024
688107,"Gasser, Robert",2024,Brewers,L,3.361292072,0.0594059405940594,0.2772277227722772,0.1039603960396039,-6.906877923426542,0.6386138613861386,0.2574257425742574,8.245667800255633,0.2326732673267326,13.473717601637151,0.6485148514851485,0.1188118811881188,-9.678085577979427,202,0.2128712871287128,0.9108910891089108,0.099009900990099,-4.289256674699044,0.7029702970297029,0.198019801980198,3.1427175219278856,2024
657053,"Toussaint, Touki",2024,White Sox,R,3.265068785,0.1194029850746268,0.2189054726368159,0.0895522388059701,-6.359288786350525,0.5174129353233831,0.3930348258706467,8.239828229368849,0.4278606965174129,13.574240012518278,0.5373134328358209,0.0348258706467661,-10.483950139325854,201,0.2786069651741293,0.900497512437811,0.2238805970149253,-3.1006818783040435,0.7313432835820896,0.044776119402985,2.681958515838748,2024
680744,"Madden, Ty",2024,Tigers,R,2.597888908,0.07,0.22,0.06,-4.7874455124583335,0.705,0.235,7.474664879620239,0.195,10.88688096254215,0.715,0.09,-8.888460414674327,200,0.25,0.905,0.15,-3.5928843174090974,0.625,0.225,2.78226949092206,2024
666277,"Soriano, George",2024,Marlins,R,3.264796219,0.07,0.21,0.095,-6.533091965357958,0.59,0.315,9.077491512773928,0.235,12.301709471863957,0.655,0.11,-11.986658340976566,200,0.26,0.865,0.115,-3.2608451114887744,0.715,0.17,2.833162055612484,2024
656232,"Bielak, Brandon",2024,zMLB,R,1.961854311,0.0505050505050505,0.2929292929292929,0.0909090909090909,-6.748565372240567,0.6666666666666666,0.2424242424242424,6.426524367572631,0.1717171717171717,10.223388073073007,0.7323232323232324,0.0959595959595959,-10.68102766558685,198,0.1767676767676767,0.9494949494949496,0.1313131313131313,-3.38676774975635,0.6868686868686869,0.1818181818181818,2.632132510953987,2024
700270,"Díaz, Yilber",2024,Diamondbacks,R,4.192836153,0.0408163265306122,0.2959183673469387,0.0765306122448979,-6.449565411267519,0.7755102040816326,0.1479591836734693,9.347927039828852,0.1428571428571428,13.989498797869445,0.6938775510204082,0.1632653061224489,-9.178998472715945,196,0.1989795918367347,0.9081632653061223,0.1071428571428571,-5.576955202823932,0.6530612244897959,0.2397959183673469,2.590857115080253,2024
606965,"Devenski, Chris",2024,Rays,R,3.960819739,0.0670103092783505,0.1855670103092783,0.0515463917525773,-5.650698766197684,0.6443298969072165,0.3041237113402061,9.735527274690304,0.3350515463917525,13.578502106996568,0.5567010309278351,0.1082474226804123,-9.530573446352047,194,0.2628865979381443,0.9020618556701032,0.0927835051546391,-3.604330310140905,0.6907216494845361,0.2164948453608247,2.9411867086389485,2024
543351,"Jackson, Jay",2024,Twins,R,2.966558698,0.0721649484536082,0.2010309278350515,0.0515463917525773,-5.179324553531491,0.654639175257732,0.2938144329896907,8.331174919935352,0.2731958762886597,11.249274732467777,0.6443298969072165,0.0824742268041237,-10.59880683463104,194,0.2474226804123711,0.9329896907216496,0.1237113402061855,-2.9790331893951065,0.6185567010309279,0.2577319587628865,2.7809290413851557,2024
660825,"Bazardo, Eduard",2024,Mariners,R,2.596313015,0.0618556701030927,0.1958762886597938,0.1288659793814432,-6.723671046981076,0.5876288659793815,0.2835051546391752,8.32214401827957,0.2216494845360824,12.944917174983477,0.6443298969072165,0.134020618556701,-11.287686069038246,194,0.2886597938144329,0.8814432989690721,0.1185567010309278,-3.949930742252445,0.5927835051546392,0.2886597938144329,2.865147868982965,2024
687911,"King, Bryan",2024,Astros,L,2.929929039,0.0885416666666666,0.1770833333333333,0.09375,-6.629974196369072,0.703125,0.203125,8.646108159319901,0.15625,12.772800062128947,0.5572916666666666,0.2864583333333333,-12.47102555196482,192,0.2395833333333333,0.8385416666666666,0.0989583333333333,-4.527015598555243,0.5520833333333334,0.3489583333333333,3.0385088061720325,2024
605156,"Brooks, Aaron",2024,Athletics,R,3.418473009,0.0572916666666666,0.3333333333333333,0.0989583333333333,-5.480695899595237,0.6614583333333334,0.2395833333333333,8.211254810183995,0.1822916666666666,10.634585531681369,0.71875,0.0989583333333333,-9.629175908529808,192,0.203125,0.9010416666666666,0.1666666666666666,-3.2805986782780963,0.6822916666666666,0.1510416666666666,2.694250298761361,2024
664299,"Javier, Cristian",2024,Astros,R,3.02361801,0.0677083333333333,0.2604166666666667,0.0416666666666666,-5.024441714698927,0.71875,0.2395833333333333,8.729540440176223,0.3072916666666667,13.41855679568412,0.640625,0.0520833333333333,-9.854532950213471,192,0.2708333333333333,0.890625,0.125,-3.352809228671924,0.5677083333333334,0.3072916666666667,2.9674068637471223,2024
701542,"Warren, Will",2024,Yankees,R,3.282082227,0.0638297872340425,0.25,0.0638297872340425,-5.687328255985872,0.648936170212766,0.2872340425531915,9.15330469460636,0.1861702127659574,13.252540265954124,0.6968085106382979,0.1170212765957446,-9.754987473815184,188,0.2659574468085106,0.946808510638298,0.1382978723404255,-2.912458476875466,0.6595744680851063,0.202127659574468,2.974611849392466,2024
676614,"Sammons, Bryan",2024,Tigers,L,2.933231093,0.0641711229946524,0.2620320855614973,0.1229946524064171,-6.372719047269922,0.6470588235294118,0.2299465240641711,8.71791994893253,0.2192513368983957,14.218521454508558,0.6844919786096256,0.0962566844919786,-9.767659072251938,187,0.2352941176470588,0.9358288770053476,0.0695187165775401,-3.0526986833805627,0.6684491978609626,0.2620320855614973,3.022641580605636,2024
668968,"Crouse, Hans",2024,Angels,R,4.157134685,0.1027027027027027,0.1567567567567567,0.054054054054054,-6.666034752710008,0.5837837837837838,0.3621621621621622,11.195294583544811,0.3135135135135135,13.069687189410978,0.6,0.0864864864864864,-10.691466407780444,185,0.3621621621621622,0.8432432432432433,0.1459459459459459,-3.590834416442213,0.5891891891891892,0.2648648648648649,3.1165679588078525,2024
656848,"Petersen, Michael",2024,zMLB,R,1.957998219,0.0543478260869565,0.2771739130434782,0.1032608695652173,-5.605072980447878,0.7934782608695652,0.1032608695652173,7.044345875356437,0.1032608695652173,10.948765497455462,0.7445652173913043,0.1521739130434782,-9.23229444359993,184,0.1956521739130435,0.9293478260869564,0.0706521739130434,-3.496751490333626,0.6141304347826086,0.3152173913043478,2.885479894524682,2024
543056,"Coulombe, Danny",2024,Orioles,L,2.019720666,0.0491803278688524,0.2240437158469945,0.1366120218579235,-5.693969618232903,0.6994535519125683,0.1639344262295081,6.93413957121347,0.1967213114754098,10.736553103717842,0.6885245901639344,0.1147540983606557,-10.597226365384094,183,0.2349726775956284,0.9344262295081968,0.2349726775956284,-3.339785343974868,0.6284153005464481,0.1366120218579235,3.0191366260438985,2024
669438,"Englert, Mason",2024,Tigers,R,3.935830921,0.0773480662983425,0.2430939226519337,0.0441988950276243,-4.7355635987717815,0.6187845303867403,0.3370165745856354,9.066708539199649,0.3149171270718232,12.004275858353203,0.6519337016574586,0.0331491712707182,-8.525732639592881,181,0.2707182320441988,0.9392265193370166,0.1933701657458563,-3.686289043954751,0.6353591160220995,0.1712707182320442,2.8140390666956048,2024
669952,"White, Mitch",2024,zMLB,R,1.951522214,0.0220994475138121,0.2209944751381215,0.0883977900552486,-4.943250709316707,0.7016574585635359,0.2099447513812154,7.083769631758692,0.1325966850828729,11.946732242993292,0.7071823204419889,0.1602209944751381,-10.06419254152856,181,0.1712707182320442,0.9226519337016574,0.0939226519337016,-3.140853624627563,0.6740331491712708,0.2320441988950276,2.9821891254050827,2024
670046,"Rosenberg, Kenny",2024,Angels,L,2.523972043,0.0497237569060773,0.2375690607734806,0.0220994475138121,-5.769073018062241,0.7348066298342542,0.2430939226519337,8.738664666887994,0.3093922651933701,12.364785027790132,0.5469613259668509,0.143646408839779,-10.115278497150328,181,0.2265193370165746,0.9116022099447514,0.1049723756906077,-3.595914199166484,0.6795580110497238,0.2154696132596685,3.0261280657888827,2024
666201,"Manoah, Alek",2024,Blue Jays,R,2.082617544,0.0607734806629834,0.2541436464088398,0.1104972375690607,-6.4987558609894025,0.6353591160220995,0.2541436464088398,8.112525282590733,0.1878453038674033,12.66030077245854,0.6685082872928176,0.143646408839779,-11.172845918999291,181,0.2762430939226519,0.9171270718232044,0.1049723756906077,-3.437358781873007,0.6519337016574586,0.2430939226519337,3.345541903777556,2024
642207,"Williams, Devin",2024,Brewers,R,3.008648784,0.1333333333333333,0.0888888888888888,0.0722222222222222,-5.412299593395831,0.6111111111111112,0.3166666666666666,9.521926711683411,0.2833333333333333,13.141243270020327,0.5111111111111111,0.2055555555555555,-10.686300312964375,180,0.4,0.9277777777777778,0.1833333333333333,-3.6225149949437982,0.4611111111111111,0.3555555555555555,3.2738421754036984,2024
622251,"Staumont, Josh",2024,Twins,R,4.278232295,0.0782122905027933,0.2402234636871508,0.1173184357541899,-5.558803094150579,0.6703910614525139,0.2122905027932961,9.538986567432955,0.1787709497206704,10.88267991583781,0.6536312849162011,0.1675977653631284,-10.295011147921802,179,0.2625698324022346,0.8547486033519553,0.1731843575418994,-4.283702740570472,0.6089385474860335,0.217877094972067,3.398508994082989,2024
672391,"Ort, Kaleb",2024,Astros,R,3.092150782,0.0561797752808988,0.2415730337078651,0.0617977528089887,-5.428383945641541,0.6966292134831461,0.2415730337078651,9.167571224470157,0.1404494382022472,12.137708069163455,0.6966292134831461,0.1629213483146067,-11.14607363396037,178,0.2752808988764045,0.904494382022472,0.0561797752808988,-4.905739101968553,0.6123595505617978,0.3314606741573033,3.301738009374161,2024
663562,"Davis, Noah",2024,Rockies,R,2.788682604,0.0564971751412429,0.2259887005649717,0.1016949152542373,-5.764485420237785,0.632768361581921,0.2655367231638418,7.618214720869506,0.2259887005649717,12.528720168755784,0.632768361581921,0.1412429378531073,-9.934693404504763,177,0.1581920903954802,0.9096045197740112,0.1186440677966101,-2.652071662666901,0.711864406779661,0.1694915254237288,2.613276270310195,2024
593334,"Germán, Domingo",2024,Pirates,R,3.058293373,0.0564971751412429,0.231638418079096,0.0790960451977401,-5.787801111206085,0.6101694915254238,0.3107344632768362,8.37504496583255,0.3672316384180791,12.287496569571545,0.5932203389830508,0.03954802259887,-11.76745928055317,177,0.2090395480225988,0.9322033898305084,0.1073446327683615,-3.056024385553977,0.7005649717514124,0.192090395480226,2.8054846755764022,2024
686642,"Ellard, Fraser",2024,White Sox,L,2.650962867,0.0285714285714285,0.24,0.0971428571428571,-6.588515976365896,0.6914285714285714,0.2114285714285714,8.259997153875185,0.0971428571428571,12.372733251143565,0.76,0.1428571428571428,-10.319538306138588,175,0.2571428571428571,0.9542857142857144,0.1142857142857142,-4.770623183874,0.6628571428571428,0.2228571428571428,2.8594400675698246,2024
547184,"Kelly, Michael",2024,Athletics,R,3.815898807,0.0685714285714285,0.2457142857142857,0.0628571428571428,-8.133201216079682,0.6171428571428571,0.32,8.210431163615928,0.2171428571428571,11.299255408978707,0.6057142857142858,0.1771428571428571,-10.924294119256391,175,0.2171428571428571,0.88,0.0914285714285714,-4.875494421905056,0.68,0.2285714285714285,3.0339827311086585,2024
628708,"Marte, Yunior",2024,Phillies,R,3.439363527,0.0689655172413793,0.2183908045977011,0.1494252873563218,-5.832218952699013,0.5632183908045977,0.2873563218390804,9.048525219421103,0.1896551724137931,11.57022446103344,0.7068965517241379,0.1034482758620689,-11.305332110772746,174,0.2298850574712643,0.9252873563218392,0.1494252873563218,-3.616107140120939,0.7068965517241379,0.1436781609195402,3.1437803457816287,2024
642100,"Speier, Gabe",2024,Mariners,L,2.912941201,0.0862068965517241,0.1724137931034483,0.0862068965517241,-5.598422063330977,0.7126436781609196,0.2011494252873563,9.553699531276996,0.160919540229885,14.260989276461306,0.6781609195402298,0.160919540229885,-9.655373991597315,174,0.3045977011494253,0.9080459770114944,0.1379310344827586,-3.596602163283688,0.4885057471264368,0.3735632183908046,3.0548332523481587,2024
678061,"Kerr, Ray",2024,Braves,L,3.262816471,0.1734104046242774,0.2427745664739884,0.0578034682080924,-5.707900491386325,0.6242774566473989,0.3179190751445087,8.216610616687829,0.3005780346820809,13.763450934730823,0.5317919075144508,0.1676300578034682,-9.830644463105768,173,0.3468208092485549,0.861271676300578,0.2080924855491329,-3.9278918410694823,0.5317919075144508,0.2601156069364161,3.155019433539703,2024
650671,"Quijada, José",2024,Angels,L,1.418924889,0.0465116279069767,0.1744186046511628,0.0755813953488372,-5.772791281166791,0.7965116279069767,0.127906976744186,6.98210489174294,0.0232558139534883,10.47829446245615,0.6453488372093024,0.3313953488372093,-10.942418862477744,172,0.3488372093023256,0.8604651162790697,0.0174418604651162,-3.222427303168356,0.4534883720930232,0.5290697674418605,3.512979944011975,2024
676760,"Marinaccio, Ron",2024,Yankees,R,2.529349039,0.0697674418604651,0.1511627906976744,0.0465116279069767,-5.905773167556118,0.6976744186046512,0.2558139534883721,8.530567531538246,0.3255813953488372,12.439854512058272,0.5232558139534884,0.1511627906976744,-9.335270849773872,172,0.2790697674418604,0.9186046511627908,0.0872093023255814,-2.921330729107104,0.5872093023255814,0.3255813953488372,2.975349352575087,2024
518489,"Brasier, Ryan",2024,Dodgers,R,3.38898725,0.0710059171597633,0.2426035502958579,0.0828402366863905,-5.323814090503964,0.7159763313609467,0.2011834319526627,7.943545557982405,0.2130177514792899,11.647898820886212,0.650887573964497,0.136094674556213,-9.107767598705296,169,0.2248520710059171,0.9644970414201184,0.165680473372781,-3.5654853754589126,0.6035502958579881,0.2307692307692307,2.929846617901032,2024
641329,"Baker, Bryan",2024,Orioles,R,1.129000795,0.0535714285714285,0.2261904761904762,0.0357142857142857,-5.298965910433289,0.7321428571428571,0.2321428571428571,6.735758325383848,0.1369047619047619,10.514078369203876,0.6964285714285714,0.1666666666666666,-11.038586346151334,168,0.25,0.9404761904761904,0.0357142857142857,-2.885063985463612,0.5714285714285714,0.3928571428571428,3.0956362645757443,2024
642629,"Ramirez, Emmanuel",2024,Marlins,R,5.337846667,0.1130952380952381,0.2202380952380952,0.0654761904761904,-5.904419615230573,0.6607142857142857,0.2738095238095238,10.31421212337363,0.2797619047619047,13.8000934265316,0.6607142857142857,0.0595238095238095,-9.43226234021523,168,0.2857142857142857,0.8452380952380952,0.1607142857142857,-5.258472239965316,0.6011904761904762,0.238095238095238,2.95592278124044,2024
666720,"Rodríguez, Yerry",2024,zMLB,R,2.447280343,0.0359281437125748,0.2335329341317365,0.0419161676646706,-5.480871821756309,0.6946107784431138,0.2634730538922156,7.607786994822546,0.2215568862275449,11.927906631845072,0.5748502994011976,0.2035928143712574,-9.774918745893356,167,0.2095808383233532,0.9221556886227544,0.0838323353293413,-3.173607789570616,0.6167664670658682,0.2994011976047904,2.934072025670189,2024
605155,"Brewer, Colten",2024,Cubs,R,2.109504079,0.0662650602409638,0.2409638554216867,0.0481927710843373,-5.462101701432178,0.6626506024096386,0.2891566265060241,6.867257230132664,0.2048192771084337,11.551199500671148,0.6686746987951807,0.1265060240963855,-10.7155115507593,166,0.2650602409638554,0.9096385542168676,0.180722891566265,-3.5347215440879785,0.5542168674698795,0.2650602409638554,2.949439971874508,2024
656887,"Reid-Foley, Sean",2024,Mets,R,2.644010632,0.0242424242424242,0.1939393939393939,0.103030303030303,-6.007904913076052,0.7151515151515152,0.1818181818181818,6.8612797331319575,0.0606060606060606,10.918652212177694,0.6787878787878788,0.2606060606060606,-10.304827038394292,165,0.296969696969697,0.8606060606060606,0.1272727272727272,-5.527757087388588,0.5212121212121212,0.3515151515151515,3.354480162033307,2024
666204,"Jiménez, Dany",2024,Athletics,R,5.342633413,0.0981595092024539,0.1717791411042944,0.0245398773006134,-5.295769075643681,0.5337423312883436,0.4417177914110429,10.25048806428988,0.4601226993865031,13.376187607514652,0.4846625766871165,0.0552147239263803,-11.750595185179662,163,0.3067484662576687,0.8466257668711656,0.1165644171779141,-4.153287276452047,0.6871165644171779,0.1963190184049079,2.991413217325392,2024
656529,"Hentges, Sam",2024,Guardians,L,2.384446252,0.1165644171779141,0.263803680981595,0.0736196319018405,-5.327758129203763,0.6748466257668712,0.2515337423312883,7.686807638658772,0.2024539877300613,12.81004122697574,0.6380368098159509,0.1595092024539877,-10.347652926935572,163,0.2822085889570552,0.9263803680981596,0.2392638036809816,-3.320438901991672,0.588957055214724,0.1717791411042944,3.3920183209714603,2024
547001,"Poteet, Cody",2024,Yankees,R,2.423569686,0.0308641975308641,0.2901234567901234,0.0925925925925925,-6.062610504883115,0.6975308641975309,0.2098765432098765,8.378380865926504,0.2345679012345679,11.678754140689849,0.6666666666666666,0.0987654320987654,-12.133511014782998,162,0.1604938271604938,0.9197530864197532,0.074074074074074,-2.9795369797555704,0.7098765432098766,0.2160493827160493,2.913063296406123,2024
669620,"Basso, Brady",2024,Athletics,L,1.656740505,0.0817610062893081,0.3018867924528302,0.0314465408805031,-6.073913066686695,0.7547169811320755,0.2138364779874214,7.781316983929093,0.1635220125786163,12.42927833944962,0.6226415094339622,0.2138364779874214,-10.56162099466848,159,0.2452830188679245,0.9433962264150944,0.0817610062893081,-3.492136154786065,0.6540880503144654,0.2641509433962264,3.026457185564062,2024
672860,"Berroa, Prelander",2024,White Sox,R,5.333603233,0.1509433962264151,0.1257861635220125,0.0628930817610062,-5.254742089883532,0.5471698113207547,0.389937106918239,10.338765334743078,0.3018867924528302,13.415593948406272,0.5849056603773585,0.1132075471698113,-10.679828016832689,159,0.3459119496855345,0.8930817610062893,0.2075471698113207,-4.343417540414285,0.5534591194968553,0.2389937106918239,3.0894813728862047,2024
656240,"Blewett, Scott",2024,Twins,R,3.211670065,0.0891719745222929,0.2611464968152866,0.0573248407643312,-6.158003621401363,0.6751592356687898,0.267515923566879,7.76273001302188,0.2038216560509554,11.720064648651702,0.6624203821656051,0.1337579617834395,-11.392873644523869,157,0.2738853503184713,0.9044585987261148,0.197452229299363,-3.8194263664761023,0.5987261146496815,0.2038216560509554,2.8037782018713213,2024
606149,"Gallegos, Giovanny",2024,Cardinals,R,4.635019594,0.1273885350318471,0.2165605095541401,0.0318471337579617,-5.243521712048668,0.7006369426751592,0.267515923566879,10.007375279804146,0.3439490445859872,12.924206542784798,0.5222929936305732,0.1337579617834395,-10.333425837604327,157,0.2229299363057325,0.8662420382165605,0.1783439490445859,-2.864688448181356,0.6687898089171974,0.1528662420382165,2.740210293154424,2024
676105,"Criswell, Jeff",2024,Rockies,R,3.641324227,0.1089743589743589,0.1666666666666666,0.0448717948717948,-5.728285641845619,0.5448717948717948,0.4102564102564102,10.132376620541857,0.2435897435897435,13.797460094267732,0.5897435897435898,0.1666666666666666,-11.122704695300412,156,0.4038461538461538,0.8846153846153846,0.1282051282051282,-3.9169540368129914,0.6025641025641025,0.2692307692307692,3.0675563997340207,2024
685801,"Bigge, Hunter",2024,zMLB,R,3.041886482,0.0967741935483871,0.1741935483870967,0.0709677419354838,-6.902468979971663,0.6580645161290323,0.2709677419354839,8.883932777430063,0.1483870967741935,12.942597295342535,0.7032258064516129,0.1483870967741935,-11.108770817613282,155,0.3419354838709677,0.896774193548387,0.1548387096774193,-4.224418268065406,0.4903225806451612,0.3548387096774194,3.0578921692869088,2024
641585,"France, J.P.",2024,Astros,R,3.165660565,0.0649350649350649,0.2207792207792207,0.0649350649350649,-5.802684028739499,0.5844155844155844,0.3506493506493506,8.245264355869601,0.4025974025974026,13.143523853333017,0.5064935064935064,0.0909090909090909,-9.758241351798596,154,0.2402597402597402,0.948051948051948,0.1298701298701298,-3.3708164630865336,0.6948051948051948,0.1753246753246753,2.856616351569499,2024
690916,"Fitts, Richard",2024,Red Sox,R,2.027502253,0.0394736842105263,0.2697368421052631,0.0855263157894736,-5.816524894537112,0.6710526315789473,0.2434210526315789,6.917031288287828,0.1447368421052631,9.84990792685292,0.7105263157894737,0.1447368421052631,-10.13648680542265,152,0.1513157894736842,0.9276315789473684,0.0657894736842105,-3.8538486871773983,0.6578947368421053,0.2763157894736842,2.8347420450908576,2024
678226,"Hernández, Daysbel",2024,Braves,R,3.791574297,0.0986842105263157,0.1513157894736842,0.0460526315789473,-4.77667220158449,0.6052631578947368,0.3486842105263157,9.537871864038284,0.1973684210526315,11.333481400973309,0.6578947368421053,0.1447368421052631,-11.139582322309067,152,0.3486842105263157,0.9144736842105264,0.2105263157894736,-4.056842654143375,0.506578947368421,0.2828947368421052,3.185680681770384,2024
680732,"Burke, Sean",2024,White Sox,R,2.368694981,0.0662251655629139,0.2251655629139073,0.0331125827814569,-5.176975099310982,0.7682119205298014,0.1986754966887417,8.435594663202831,0.2516556291390728,11.392292533984902,0.5364238410596026,0.2119205298013245,-9.310658701126505,151,0.2913907284768212,0.9072847682119204,0.1456953642384106,-3.5943862266685933,0.5695364238410596,0.2847682119205298,2.91150881212554,2024
607644,"Means, John",2024,Orioles,L,3.255183574,0.0596026490066225,0.2317880794701986,0.0794701986754966,-6.747166724119741,0.6821192052980133,0.23841059602649,10.128599736762414,0.3576158940397351,13.108399422296072,0.5960264900662252,0.0463576158940397,-8.445769524237374,151,0.271523178807947,0.9403973509933776,0.1258278145695364,-3.844212980574624,0.6423841059602649,0.2317880794701986,2.933551931482812,2024
656638,"Lange, Alex",2024,Tigers,R,3.432390911,0.119205298013245,0.2251655629139073,0.0728476821192053,-6.250673546243956,0.6556291390728477,0.271523178807947,9.069458117083194,0.2516556291390728,11.386521995966664,0.6291390728476821,0.119205298013245,-9.9327105344439,151,0.3178807947019867,0.9403973509933776,0.2913907284768212,-3.4404494958261145,0.5960264900662252,0.1125827814569536,2.498434768927825,2024
608678,"Leone, Dominic",2024,White Sox,R,3.287107944,0.0866666666666666,0.2,0.06,-5.420587038432378,0.5333333333333333,0.4066666666666667,8.668864237409071,0.2066666666666666,11.875524784474624,0.7,0.0933333333333333,-9.674123093655188,150,0.3933333333333333,0.8866666666666667,0.2466666666666666,-3.4763448330836537,0.5466666666666666,0.2066666666666666,3.0139931654877308,2024
676714,"Hughes, Brandon",2024,Diamondbacks,L,4.1055455,0.0805369127516778,0.1812080536912751,0.1342281879194631,-5.654465796015801,0.5704697986577181,0.2953020134228188,9.970911443531543,0.2751677852348993,13.70728604787254,0.6174496644295302,0.1073825503355704,-11.340010413119616,149,0.2684563758389262,0.8993288590604027,0.087248322147651,-4.306067946765615,0.6375838926174496,0.2751677852348993,2.884284928601444,2024
686796,"Walston, Blake",2024,Diamondbacks,L,2.27252108,0.0878378378378378,0.2297297297297297,0.1216216216216216,-6.039630544076346,0.7162162162162162,0.1621621621621621,7.970026534668467,0.2027027027027027,11.577742819062223,0.6418918918918919,0.1554054054054054,-11.203680247603058,148,0.2229729729729729,0.9324324324324323,0.1418918918918918,-3.061242979302617,0.5878378378378378,0.2702702702702703,2.8724797689173776,2024
643256,"Cimber, Adam",2024,Angels,R,1.509452209,0.0208333333333333,0.1666666666666666,0.125,-5.4069561641565445,0.7291666666666666,0.1458333333333333,7.471961470446614,0.1736111111111111,12.375928377771777,0.5694444444444444,0.2569444444444444,-10.245664834240053,144,0.1597222222222222,0.9305555555555556,0.0902777777777777,-2.978179303132398,0.6388888888888888,0.2708333333333333,2.633503550140744,2024
679156,"Pennington, Walter",2024,zMLB,L,3.795418676,0.0694444444444444,0.2638888888888889,0.1319444444444444,-5.883931612447885,0.5694444444444444,0.2986111111111111,9.88925194150674,0.25,13.519993502819323,0.6944444444444444,0.0555555555555555,-9.429854545502092,144,0.2777777777777778,0.9375,0.1527777777777778,-3.3593911107275005,0.7569444444444444,0.0902777777777777,2.635136057919892,2024
669422,"Sauer, Matt",2024,Royals,R,2.654283521,0.0279720279720279,0.2097902097902098,0.0909090909090909,-5.385256194804617,0.7062937062937062,0.2027972027972027,7.486510712488999,0.2377622377622377,11.103289183435772,0.7062937062937062,0.0559440559440559,-9.573522756752167,143,0.1468531468531468,0.951048951048951,0.0699300699300699,-3.0581018173860484,0.6363636363636364,0.2937062937062937,2.75139080062979,2024
687424,"Maldonado, Anthony",2024,Marlins,R,3.937396747,0.0567375886524822,0.2198581560283688,0.0496453900709219,-5.547147020718846,0.5673758865248227,0.3829787234042553,9.316784579724164,0.4113475177304964,12.321681044789258,0.5460992907801419,0.0425531914893617,-10.03866384808805,141,0.2907801418439716,0.9148936170212766,0.1134751773049645,-3.5273787253379414,0.75177304964539,0.1347517730496454,2.739168625667889,2024
700241,"McGreevy, Michael",2024,Cardinals,R,1.50132607,0.0714285714285714,0.2785714285714286,0.0785714285714285,-6.400990828337596,0.6285714285714286,0.2928571428571428,6.806644441425027,0.1071428571428571,10.054000481451885,0.6428571428571429,0.25,-10.339427547564815,140,0.2357142857142857,0.9142857142857144,0.0857142857142857,-3.30952197052795,0.7071428571428572,0.2071428571428571,3.2368979815463024,2024
656924,"Ryan, Ryder",2024,Pirates,R,5.264022299,0.0571428571428571,0.2571428571428571,0.0785714285714285,-5.552492814273861,0.7,0.2214285714285714,15.788947458631784,0.25,13.51734056690381,0.6571428571428571,0.0928571428571428,-11.229167563581512,140,0.2428571428571428,0.8928571428571429,0.1785714285714285,-3.539826214320193,0.7142857142857143,0.1071428571428571,2.6828291846572925,2024
668390,"Winn, Cole",2024,Rangers,R,3.100185288,0.079136690647482,0.2517985611510791,0.0647482014388489,-4.916201551516145,0.7050359712230215,0.2302158273381295,9.475915847961664,0.1942446043165467,12.06748292215255,0.6115107913669064,0.1942446043165467,-10.466662917572377,139,0.2733812949640288,0.8992805755395683,0.1366906474820144,-3.026695489240564,0.5971223021582733,0.2661870503597122,3.140603217416921,2024
678692,"Henriquez, Ronny",2024,Twins,R,2.66304059,0.0431654676258992,0.2877697841726618,0.0575539568345323,-5.78376212387415,0.6834532374100719,0.2589928057553957,8.249370646754782,0.1079136690647482,10.369593963722274,0.7913669064748201,0.1007194244604316,-9.71493031233082,139,0.2589928057553957,0.935251798561151,0.2302158273381295,-3.3768178077131035,0.5971223021582733,0.1726618705035971,2.8038163849428543,2024
700187,"Taylor, Troy",2024,Mariners,R,4.053912402,0.079136690647482,0.2014388489208633,0.1366906474820144,-7.893154895521783,0.5683453237410072,0.2949640287769784,8.40612178086459,0.1726618705035971,13.16407126771123,0.7050359712230215,0.1223021582733813,-9.221928777059166,139,0.302158273381295,0.8920863309352518,0.1654676258992805,-4.95363871106259,0.6402877697841727,0.1942446043165467,2.71516710278198,2024
660600,"Paredes, Enoli",2024,zMLB,R,2.077655049,0.0719424460431654,0.2949640287769784,0.0863309352517985,-7.055441664875012,0.7050359712230215,0.2086330935251798,9.247814565363448,0.1294964028776978,12.534332777128627,0.7122302158273381,0.158273381294964,-11.236394846964023,139,0.2805755395683453,0.8920863309352518,0.1438848920863309,-3.329801428326685,0.6115107913669064,0.2446043165467626,3.130258840419518,2024
624647,"González, Victor",2024,Yankees,L,3.24319895,0.0579710144927536,0.2463768115942029,0.0797101449275362,-5.7904453566371785,0.5434782608695652,0.3768115942028985,7.700268645106458,0.2971014492753623,10.596549101418455,0.6231884057971014,0.0797101449275362,-9.286431002177585,138,0.1739130434782608,0.9130434782608696,0.108695652173913,-3.793589071469254,0.7391304347826086,0.1521739130434782,2.6859614596002146,2024
605182,"Clevinger, Mike",2024,White Sox,R,3.860973028,0.072463768115942,0.2391304347826087,0.036231884057971,-7.096563036791876,0.6376811594202898,0.3260869565217391,9.269612734543024,0.217391304347826,13.84887894097917,0.717391304347826,0.0652173913043478,-9.834474294864672,138,0.2608695652173913,0.9347826086956522,0.0797101449275362,-3.9133140677665503,0.5942028985507246,0.3260869565217391,2.842154648602434,2024
541640,"Ramírez, Erasmo",2024,Rays,R,1.896252401,0.0291970802919708,0.2408759124087591,0.0583941605839416,-5.526116824434716,0.635036496350365,0.3065693430656934,7.344370502901333,0.145985401459854,12.023008421653511,0.7883211678832117,0.0656934306569343,-10.561330563931346,137,0.2335766423357664,0.9343065693430656,0.0656934306569343,-3.441608438046732,0.6642335766423357,0.2700729927007299,3.0612621787175227,2024
690544,"Horn, Bailey",2024,Red Sox,L,2.2855301,0.0364963503649635,0.2408759124087591,0.0364963503649635,-5.412281734844444,0.7518248175182481,0.2116788321167883,8.293746834069891,0.2116788321167883,11.780915624833712,0.5693430656934306,0.218978102189781,-10.73801268598299,137,0.2262773722627737,0.9197080291970804,0.072992700729927,-4.449156128063593,0.6496350364963503,0.2773722627737226,3.046967397537053,2024
689981,"Ryan, River",2024,Dodgers,R,2.996686757,0.0437956204379562,0.2262773722627737,0.1094890510948905,-6.23314376123545,0.6496350364963503,0.2408759124087591,8.467545676680345,0.1605839416058394,10.457057234193895,0.6788321167883211,0.1605839416058394,-9.763869789009052,137,0.2408759124087591,0.8978102189781022,0.1751824817518248,-3.870825999923879,0.6642335766423357,0.1605839416058394,2.957795492920473,2024
622098,"Smith, Drew",2024,Mets,R,1.936476584,0.0671641791044776,0.2014925373134328,0.0895522388059701,-5.981899988147241,0.6417910447761194,0.2686567164179104,8.465826050738059,0.1417910447761194,14.502302416954764,0.664179104477612,0.1940298507462686,-10.273112832703076,134,0.3358208955223881,0.8955223880597015,0.0746268656716417,-3.027082592413381,0.4850746268656716,0.4402985074626865,3.1363044938750213,2024
667297,"Nance, Tommy",2024,Blue Jays,R,3.777351888,0.0820895522388059,0.2761194029850746,0.0746268656716417,-6.43347154801501,0.6716417910447762,0.2537313432835821,9.558567177490666,0.2014925373134328,10.89562273505481,0.6567164179104478,0.1417910447761194,-10.02586646005049,134,0.2686567164179104,0.917910447761194,0.2388059701492537,-4.087061750832199,0.6791044776119403,0.0820895522388059,2.750555509169083,2024
680880,"Holman, Grant",2024,Athletics,R,2.152012923,0.1278195488721804,0.1578947368421052,0.0902255639097744,-5.197116706930249,0.6240601503759399,0.2857142857142857,7.264293616689329,0.2030075187969924,11.19455685796176,0.5939849624060151,0.2030075187969924,-9.823366856592394,133,0.2932330827067669,0.8947368421052632,0.1804511278195488,-3.102810361205493,0.518796992481203,0.3007518796992481,2.8462980921755845,2024
665896,"Marte, José",2024,Angels,R,3.597933118,0.075187969924812,0.2556390977443609,0.0977443609022556,-7.216163963922596,0.6015037593984962,0.3007518796992481,8.86585304012527,0.1729323308270676,12.329495419985028,0.7368421052631579,0.0902255639097744,-10.582516239313922,133,0.2706766917293233,0.8796992481203008,0.0977443609022556,-5.080169188170484,0.6616541353383458,0.2406015037593984,3.0837567267416643,2024
642121,"Sulser, Cole",2024,zMLB,R,2.552493375,0.0984848484848484,0.1742424242424242,0.0757575757575757,-5.347997914932698,0.6515151515151515,0.2727272727272727,8.027110551058314,0.1666666666666666,12.446314421204848,0.6590909090909091,0.1742424242424242,-10.45438392932724,132,0.25,0.9166666666666666,0.0909090909090909,-3.0385722058423004,0.5681818181818182,0.3409090909090909,2.9688163175817897,2024
640470,"Alzolay, Adbert",2024,Cubs,R,2.457869017,0.0534351145038167,0.2519083969465648,0.1145038167938931,-4.958654623509308,0.6870229007633588,0.1984732824427481,7.96522697898518,0.1603053435114503,11.495023900301003,0.7709923664122137,0.0687022900763358,-10.57882056339356,131,0.2366412213740458,0.8778625954198473,0.1374045801526717,-3.262744390033311,0.6870229007633588,0.1755725190839694,2.9033279861270613,2024
681066,"Bush, Ky",2024,White Sox,L,3.623345853,0.0852713178294573,0.2868217054263566,0.0620155038759689,-6.487482641901818,0.6666666666666666,0.2713178294573643,8.284623801559329,0.2480620155038759,14.552329718481808,0.6046511627906976,0.1472868217054263,-10.10609707631679,129,0.2325581395348837,0.9147286821705426,0.1085271317829457,-5.579567557134967,0.6356589147286822,0.2558139534883721,2.6010874769222085,2024
681432,"Little, Luke",2024,Cubs,L,4.432664165,0.0703125,0.25,0.1484375,-5.983496241090041,0.59375,0.2578125,10.44821632794132,0.15625,14.777326837076089,0.609375,0.234375,-10.416395164808986,128,0.25,0.8359375,0.1328125,-3.625922707219296,0.65625,0.2109375,2.9272185328876192,2024
685107,"Veneziano, Anthony",2024,zMLB,L,3.034949437,0.0787401574803149,0.2440944881889764,0.1181102362204724,-4.973850458756886,0.6456692913385826,0.2362204724409448,11.332353210613505,0.1574803149606299,12.18072815250034,0.6456692913385826,0.1968503937007874,-11.538822584691808,127,0.2755905511811024,0.9212598425196852,0.1496062992125984,-3.538302421778423,0.6456692913385826,0.2047244094488189,3.062583854962293,2024
622250,"Sborz, Josh",2024,Rangers,R,3.047004091,0.0396825396825396,0.2301587301587301,0.0793650793650793,-5.364020010196565,0.7222222222222222,0.1984126984126984,7.5615106901444,0.1111111111111111,11.295758699792144,0.7142857142857143,0.1746031746031746,-9.595571360881191,126,0.2142857142857142,0.9047619047619048,0.1666666666666666,-3.773198014167282,0.5555555555555556,0.2777777777777778,2.9893544979697606,2024
670241,"Vines, Darius",2024,Braves,R,4.643781857,0.1065573770491803,0.2540983606557377,0.0081967213114754,-6.974243737969463,0.6475409836065574,0.3442622950819672,9.570184943652388,0.4098360655737705,13.516084533545513,0.5327868852459017,0.0573770491803278,-9.548115905414727,122,0.2131147540983606,0.918032786885246,0.1147540983606557,-3.4413734253049197,0.6475409836065574,0.2377049180327868,2.5840204076745947,2024
663941,"Beck, Tristan",2024,Giants,R,3.272753621,0.0666666666666666,0.2083333333333333,0.075,-5.150255871003594,0.675,0.25,8.993017605574881,0.225,12.67062805460908,0.6,0.175,-10.933429258393325,120,0.2,0.8833333333333333,0.0833333333333333,-3.5092215424753457,0.6333333333333333,0.2833333333333333,2.738586204976369,2024
622065,"Young, Alex",2024,zMLB,L,2.586380488,0.1083333333333333,0.2416666666666666,0.05,-5.139933044600272,0.55,0.4,7.672580634208794,0.35,11.79251178620161,0.6333333333333333,0.0166666666666666,-9.64508111109662,120,0.325,0.975,0.275,-3.187013706188793,0.6583333333333333,0.0666666666666666,2.488651230690218,2024
641312,"Anderson, Shaun",2024,zMLB,R,2.880926729,0.05,0.35,0.0916666666666666,-5.399276127290791,0.7416666666666667,0.1666666666666666,6.520189190435333,0.1333333333333333,9.29207203679866,0.725,0.1416666666666666,-9.783731067163378,120,0.1416666666666666,0.975,0.0833333333333333,-3.534465712732514,0.7,0.2166666666666666,3.063940101692528,2024
686747,"La Sorsa, Joe",2024,Nationals,L,1.744821328,0.042016806722689,0.2521008403361344,0.0840336134453781,-6.555738132719757,0.6386554621848739,0.2773109243697479,6.43853400954165,0.2100840336134453,12.64381908186319,0.6050420168067226,0.1848739495798319,-11.10857349963596,119,0.1092436974789916,0.907563025210084,0.0672268907563025,-2.3937690531497826,0.7394957983193278,0.1932773109243697,2.755376322813336,2024
671111,"Peralta, Sammy",2024,White Sox,L,3.344293381,0.0338983050847457,0.3050847457627119,0.059322033898305,-5.793670850192361,0.711864406779661,0.2288135593220339,9.854995782716813,0.2542372881355932,13.942102158064117,0.6186440677966102,0.1271186440677966,-10.20452232179839,118,0.1949152542372881,0.8983050847457628,0.0847457627118644,-2.858847520670819,0.7627118644067796,0.1525423728813559,2.968830703931555,2024
687922,"Lucas, Easton",2024,zMLB,L,1.738592816,0.0169491525423728,0.1949152542372881,0.0932203389830508,-6.143054423975348,0.7372881355932204,0.1694915254237288,6.788275719656961,0.1016949152542373,10.322007819811503,0.7033898305084746,0.1949152542372881,-9.69012039127003,118,0.1610169491525423,0.923728813559322,0.059322033898305,-3.371551754525054,0.5508474576271186,0.3898305084745763,2.841466669578987,2024
694037,"Palencia, Daniel",2024,Cubs,R,1.955670581,0.0689655172413793,0.2241379310344827,0.0344827586206896,-6.233593581596912,0.7068965517241379,0.2586206896551724,7.434179592608675,0.1293103448275862,10.644779223104235,0.6724137931034483,0.1982758620689655,-10.280679688435946,116,0.2844827586206896,0.9310344827586208,0.0862068965517241,-4.137562886061078,0.5689655172413793,0.3448275862068966,2.970895506221536,2024
814005,"Bloss, Jake",2024,Astros,R,2.639721175,0.0689655172413793,0.1810344827586207,0.0775862068965517,-6.09528109694365,0.6896551724137931,0.2327586206896551,8.965394611262592,0.2672413793103448,12.125016658924569,0.6293103448275862,0.1034482758620689,-10.193751465470651,116,0.25,0.9051724137931034,0.1034482758620689,-3.701567393136709,0.5603448275862069,0.3362068965517241,2.9026551015953017,2024
675650,"Mercado, Michael",2024,Phillies,R,2.596425881,0.0689655172413793,0.2327586206896551,0.0603448275862069,-4.998943515803828,0.7413793103448276,0.1982758620689655,7.445801635787251,0.2068965517241379,10.700900820509466,0.6810344827586207,0.1120689655172413,-9.882270508787665,116,0.1982758620689655,0.9396551724137931,0.1206896551724138,-3.305945239005454,0.5689655172413793,0.3103448275862069,2.8962343256885,2024
592288,"Emanuel, Kent",2024,Marlins,L,2.162667515,0.0347826086956521,0.2782608695652174,0.1130434782608695,-6.104190592614255,0.6173913043478261,0.2695652173913043,7.538993522484343,0.2347826086956521,11.995613511802183,0.6086956521739131,0.1565217391304348,-10.8388993586826,115,0.1217391304347826,0.8956521739130435,0.0869565217391304,-2.979856534916295,0.8173913043478261,0.0956521739130434,2.478597278810351,2024
674944,"Guenther, Sean",2024,Tigers,L,3.787747104,0.079646017699115,0.3274336283185841,0.0265486725663716,-6.10732941829933,0.6548672566371682,0.3185840707964602,8.59353337954177,0.3185840707964602,11.993551322904544,0.584070796460177,0.0973451327433628,-10.793348962187917,113,0.1946902654867256,0.8849557522123894,0.1592920353982301,-3.256835628589555,0.7699115044247787,0.0707964601769911,2.699907807609544,2024
592779,"Stewart, Brock",2024,Twins,R,2.731521615,0.0803571428571428,0.2053571428571428,0.1339285714285714,-6.017812429326771,0.6339285714285714,0.2321428571428571,9.12875734722985,0.1071428571428571,12.740199110237448,0.7232142857142857,0.1696428571428571,-8.004302693125364,112,0.3214285714285714,0.9285714285714286,0.1428571428571428,-3.176870422951564,0.5357142857142857,0.3214285714285714,3.132759432045064,2024
542585,"Cisnero, José",2024,Angels,R,1.896130787,0.1,0.2,0.1363636363636363,-6.106354491284299,0.6818181818181818,0.1818181818181818,7.0983452822209925,0.1,11.026757720953125,0.6818181818181818,0.2181818181818181,-9.52057081230278,110,0.2545454545454545,0.9181818181818182,0.0818181818181818,-3.631610209084833,0.5272727272727272,0.3909090909090909,2.8592973420108194,2024
692230,"Rodriguez, Carlos",2024,Brewers,R,3.444383873,0.0636363636363636,0.2545454545454545,0.0636363636363636,-5.0184672667955486,0.6545454545454545,0.2818181818181818,9.9813827084785,0.3181818181818182,11.597829642067992,0.6,0.0818181818181818,-10.42980554549608,110,0.1727272727272727,0.9454545454545454,0.0818181818181818,-2.254373583325564,0.6181818181818182,0.3,2.87225593201678,2024
691172,"Zulueta, Yosver",2024,Reds,R,4.122828539,0.0458715596330275,0.2844036697247706,0.0642201834862385,-8.214155040212091,0.6330275229357798,0.3027522935779816,10.858129807434793,0.055045871559633,12.922061650366018,0.6788990825688074,0.2660550458715596,-11.28191053750134,109,0.2201834862385321,0.8348623853211009,0.146788990825688,-4.095950843338752,0.6788990825688074,0.1743119266055046,3.005320419253727,2024
572971,"Keuchel, Dallas",2024,Brewers,L,2.698975222,0.055045871559633,0.2935779816513761,0.091743119266055,-6.469342338728469,0.5504587155963303,0.3577981651376147,7.200013304067495,0.2844036697247706,11.379915140315818,0.6330275229357798,0.0825688073394495,-10.342712999421206,109,0.2110091743119266,0.9357798165137616,0.1834862385321101,-3.1305124483807614,0.7247706422018348,0.091743119266055,2.896159363758448,2024
622694,"Hernández, Elieser",2024,zMLB,R,2.644056169,0.055045871559633,0.3211009174311927,0.055045871559633,-5.775415667061051,0.7064220183486238,0.2385321100917431,8.696158464861616,0.2293577981651376,11.22844703633346,0.6697247706422018,0.1009174311926605,-10.791505652731038,109,0.2385321100917431,0.9357798165137616,0.091743119266055,-3.154977198286542,0.6513761467889908,0.2568807339449541,2.881052125692191,2024
675989,"Bolton, Cody",2024,Mariners,R,2.398809845,0.037037037037037,0.2314814814814814,0.1018518518518518,-6.272914644519701,0.5925925925925926,0.3055555555555556,8.189437011505747,0.1296296296296296,11.47513744942973,0.7407407407407407,0.1296296296296296,-10.980571708069933,108,0.25,0.9166666666666666,0.1481481481481481,-3.107661427057942,0.6851851851851852,0.1666666666666666,3.0492901273772897,2024
621016,"Cuas, Jose",2024,zMLB,R,2.428536765,0.0833333333333333,0.2314814814814814,0.1018518518518518,-5.788722134602103,0.6666666666666666,0.2314814814814814,9.125093650547043,0.1018518518518518,12.732913650714496,0.7222222222222222,0.1759259259259259,-12.712900335196483,108,0.2592592592592592,0.9074074074074074,0.074074074074074,-3.389634868278629,0.6296296296296297,0.2962962962962963,3.228339497027439,2024
641726,"Jefferies, Daulton",2024,zMLB,R,3.763104749,0.074074074074074,0.2037037037037037,0.1018518518518518,-6.247154329728702,0.5833333333333334,0.3148148148148148,9.591280888969884,0.1944444444444444,14.354925650372696,0.6388888888888888,0.1666666666666666,-11.182796379436027,108,0.2407407407407407,0.8981481481481481,0.0925925925925925,-3.143970952814888,0.6666666666666666,0.2407407407407407,2.7600058856390484,2024
676477,"Whitlock, Garrett",2024,Red Sox,R,2.412380269,0.0571428571428571,0.2,0.1333333333333333,-6.428743451606434,0.6476190476190476,0.219047619047619,6.996896560453688,0.2095238095238095,10.180177455420411,0.6571428571428571,0.1333333333333333,-11.148791153817765,105,0.1714285714285714,0.9142857142857144,0.1333333333333333,-3.790282597715448,0.6857142857142857,0.1809523809523809,2.843413359382903,2024
668943,"Miller, Ryan",2024,Angels,R,1.877640063,0.0384615384615384,0.1538461538461538,0.1153846153846153,-4.842595991035253,0.5961538461538461,0.2884615384615384,7.011686438564445,0.1538461538461538,11.304755240356746,0.7019230769230769,0.1442307692307692,-11.16375072378425,104,0.2019230769230769,0.9134615384615384,0.0865384615384615,-2.861108062566027,0.5769230769230769,0.3365384615384615,2.790907519757412,2024
677958,"Rocker, Kumar",2024,Rangers,R,5.537156862,0.0769230769230769,0.2019230769230769,0.125,-8.067514473568346,0.6730769230769231,0.2019230769230769,7.569558531251642,0.1923076923076923,13.826170528612431,0.7019230769230769,0.1057692307692307,-12.368117724948917,104,0.2692307692307692,0.8365384615384616,0.25,-6.42178068133147,0.5480769230769231,0.2019230769230769,2.9214970681956585,2024
687798,"Robertson, Nick",2024,zMLB,R,4.217526238,0.0679611650485436,0.2621359223300971,0.0388349514563106,-6.078312635678965,0.6893203883495146,0.2718446601941747,8.939309564780581,0.1941747572815534,12.867774225235124,0.6699029126213593,0.1359223300970873,-10.744532244447528,103,0.2233009708737864,0.8543689320388349,0.116504854368932,-3.842842207690736,0.6504854368932039,0.233009708737864,2.8848440422185,2024
641816,"Mahle, Tyler",2024,Rangers,R,1.546438454,0.029126213592233,0.174757281553398,0.058252427184466,-5.547661746168049,0.6990291262135923,0.2427184466019417,7.398248483240926,0.174757281553398,11.63291094186215,0.6893203883495146,0.1359223300970873,-11.46611032643053,103,0.2718446601941747,0.8640776699029126,0.087378640776699,-2.9170714366961468,0.5533980582524272,0.3592233009708738,3.010492402516228,2024
657240,"Merryweather, Julian",2024,Cubs,R,3.544711956,0.088235294117647,0.2156862745098039,0.0784313725490196,-7.213414818242168,0.6666666666666666,0.2549019607843137,8.944199946208936,0.2156862745098039,13.305267347863898,0.5784313725490197,0.2058823529411764,-11.629581915539902,102,0.2450980392156862,0.8725490196078431,0.088235294117647,-4.467948663341473,0.6568627450980392,0.2549019607843137,3.0912738180024477,2024
666171,"Zeferjahn, Ryan",2024,Angels,R,2.706151447,0.1089108910891089,0.2277227722772277,0.099009900990099,-5.820497869602308,0.594059405940594,0.3069306930693069,8.725051615517591,0.1683168316831683,10.666980243249292,0.6732673267326733,0.1584158415841584,-12.356561961288325,101,0.3267326732673267,0.8910891089108911,0.1188118811881188,-4.099058149449593,0.5643564356435643,0.3168316831683168,3.1002807328229225,2024
676661,"Lazar, Max",2024,Phillies,R,1.62650288,0.0495049504950495,0.3069306930693069,0.0495049504950495,-6.59922296281161,0.7623762376237624,0.1881188118811881,7.282516243165497,0.0693069306930693,13.32369238737768,0.7623762376237624,0.1683168316831683,-11.325956773858866,101,0.2079207920792079,0.9207920792079208,0.099009900990099,-2.785341786134883,0.693069306930693,0.2079207920792079,3.125630792723871,2024
670871,"Zuñiga, Guillo",2024,Angels,R,3.8579142,0.0495049504950495,0.3366336633663366,0.1386138613861386,-6.1554718748012425,0.6732673267326733,0.1881188118811881,9.863714920922106,0.1683168316831683,11.653461274066023,0.7821782178217822,0.0495049504950495,-8.767019812917628,101,0.2079207920792079,0.9306930693069309,0.1485148514851485,-3.4092226160202816,0.6831683168316832,0.1683168316831683,2.8481837311965754,2024
502171,"Cobb, Alex",2024,Guardians,R,2.205050696,0.03,0.34,0.05,-6.810895912837362,0.75,0.2,7.334003584707952,0.14,9.769518081439346,0.75,0.11,-10.099498188387356,100,0.18,0.94,0.17,-2.817366371410538,0.73,0.1,2.4657758856590357,2024
676680,"Cosgrove, Tom",2024,Padres,L,1.092093223,0.0303030303030303,0.1818181818181818,0.0808080808080808,-6.208784240252116,0.6363636363636364,0.2828282828282828,6.828679426748946,0.202020202020202,13.12770545392682,0.5858585858585859,0.2121212121212121,-12.233422332526136,99,0.1818181818181818,0.8181818181818182,0.0505050505050505,-2.4035320204157964,0.6161616161616161,0.3333333333333333,3.114160600526493,2024
672782,"Gómez, Yoendrys",2024,Yankees,R,3.166334411,0.0707070707070707,0.2222222222222222,0.0505050505050505,-6.247780637304354,0.6767676767676768,0.2727272727272727,9.64568175501406,0.2929292929292929,12.671620708703898,0.5959595959595959,0.1111111111111111,-9.957157277167898,99,0.2929292929292929,0.8787878787878788,0.1111111111111111,-2.7635955194860045,0.6767676767676768,0.2121212121212121,3.286290435189905,2024
668868,"Thompson, Zack",2024,Cardinals,L,1.494175543,0.0606060606060606,0.1919191919191919,0.0909090909090909,-5.526027923283774,0.6363636363636364,0.2727272727272727,7.282861175312789,0.2727272727272727,11.273738658803609,0.5555555555555556,0.1717171717171717,-9.690062178978213,99,0.2222222222222222,0.898989898989899,0.0808080808080808,-3.064763905027488,0.6666666666666666,0.2525252525252525,2.8198617097992256,2024
681870,"Sabrowski, Erik",2024,Guardians,L,3.378128108,0.1111111111111111,0.1616161616161616,0.0404040404040404,-5.696407588781082,0.7474747474747475,0.2121212121212121,9.040019161398558,0.1818181818181818,13.684780096621976,0.696969696969697,0.1212121212121212,-11.130626246346717,99,0.2929292929292929,0.8787878787878788,0.1313131313131313,-3.6984549307777934,0.4242424242424242,0.4444444444444444,3.1209974507351577,2024
682227,"Williamson, Brandon",2024,Reds,L,3.796770697,0.0816326530612244,0.2653061224489796,0.1122448979591836,-5.46527862500367,0.6938775510204082,0.1938775510204081,11.018294327556353,0.1938775510204081,14.043962395367698,0.6428571428571429,0.1632653061224489,-10.405318635482098,98,0.2040816326530612,0.9489795918367347,0.0714285714285714,-2.789675165049156,0.6938775510204082,0.2346938775510204,3.167315650233191,2024
621294,"Heller, Ben",2024,Pirates,R,4.777535164,0.0918367346938775,0.2244897959183673,0.0918367346938775,-5.613132481129636,0.5408163265306123,0.3673469387755102,9.825661656638363,0.3775510204081632,12.930276872900944,0.5204081632653061,0.1020408163265306,-12.078253333016235,98,0.3061224489795918,0.8877551020408163,0.1836734693877551,-4.188024796164354,0.7040816326530612,0.1122448979591836,2.852944443379132,2024
570257,"Rodríguez, Joely",2024,Red Sox,L,2.240435819,0.0721649484536082,0.2268041237113402,0.0618556701030927,-5.394023717976132,0.6185567010309279,0.3195876288659793,7.574216364804712,0.2371134020618556,10.61814355347665,0.6082474226804123,0.1546391752577319,-11.780467982284309,97,0.2061855670103092,0.865979381443299,0.1649484536082474,-3.0133833409866195,0.7010309278350515,0.134020618556701,2.7358556137200183,2024
677020,"Walker, Josh",2024,Mets,L,2.077994547,0.0729166666666666,0.21875,0.0729166666666666,-5.345305582377569,0.6458333333333334,0.28125,7.641865318347771,0.1875,10.323871663992003,0.6145833333333334,0.1979166666666666,-9.965893433942798,96,0.2395833333333333,0.8958333333333334,0.125,-2.867470776530159,0.6145833333333334,0.2604166666666667,3.258814167545685,2024
623474,"Herget, Jimmy",2024,Braves,R,4.416292362,0.0631578947368421,0.2105263157894736,0.031578947368421,-7.058342169706049,0.5789473684210527,0.3894736842105263,10.768554946742867,0.3473684210526316,14.157401341822174,0.5473684210526316,0.1052631578947368,-10.298716457180063,95,0.2842105263157894,0.9157894736842104,0.1263157894736842,-3.504017093775732,0.631578947368421,0.2421052631578947,2.880589925990995,2024
669308,"Reynolds, Sean",2024,Padres,R,2.73839287,0.0842105263157894,0.1473684210526315,0.1052631578947368,-5.520176729890645,0.6526315789473685,0.2421052631578947,9.539627659033842,0.1473684210526315,11.83000660489342,0.6736842105263158,0.1789473684210526,-8.958688533507779,95,0.4,0.9052631578947368,0.1263157894736842,-4.37540125737509,0.5157894736842106,0.3578947368421052,3.2369539879041995,2024
605447,"Romano, Jordan",2024,Blue Jays,R,4.392225515,0.1382978723404255,0.2978723404255319,0.0425531914893617,-5.5979923298518734,0.7127659574468085,0.2446808510638297,8.966523894766256,0.2446808510638297,11.556397820705577,0.6595744680851063,0.0957446808510638,-10.439307744122049,94,0.2553191489361702,0.8723404255319149,0.202127659574468,-4.7513586262948175,0.6170212765957447,0.1808510638297872,2.6572259946356658,2024
702674,"Dana, Caden",2024,Angels,R,5.22426138,0.064516129032258,0.2473118279569892,0.075268817204301,-5.534950309936479,0.6881720430107527,0.2365591397849462,11.267396298368004,0.1720430107526881,15.551051713862355,0.6989247311827957,0.1290322580645161,-9.656718628365688,93,0.2688172043010752,0.8279569892473119,0.1290322580645161,-4.605783403909916,0.6344086021505376,0.2365591397849462,2.7819441669056704,2024
657697,"Nittoli, Vinny",2024,zMLB,R,1.452330289,0.0326086956521739,0.2391304347826087,0.0326086956521739,-5.423256241624528,0.75,0.217391304347826,6.724722879801615,0.1413043478260869,10.597682485001323,0.75,0.108695652173913,-10.855830545561917,92,0.2934782608695652,0.9130434782608696,0.0434782608695652,-2.3333844815552918,0.532608695652174,0.4239130434782608,3.4016246474085063,2024
676083,"Junk, Janson",2024,zMLB,R,1.408378669,0.0434782608695652,0.2826086956521739,0.0326086956521739,-5.2477200629027285,0.782608695652174,0.1847826086956521,7.0204729302327085,0.0760869565217391,11.142531086105526,0.6739130434782609,0.25,-10.233537199578064,92,0.1521739130434782,0.9021739130434784,0.0543478260869565,-2.3419366823155268,0.5869565217391305,0.358695652173913,3.225678289638523,2024
689690,"Jacob, Alek",2024,Padres,R,2.516791158,0.0978260869565217,0.1304347826086956,0.0869565217391304,-5.200953794389256,0.5543478260869565,0.358695652173913,8.203698317163964,0.4239130434782608,15.267307202476454,0.4456521739130434,0.1304347826086956,-9.911963213598328,92,0.3260869565217391,0.8913043478260869,0.1521739130434782,-3.288938141484928,0.5652173913043478,0.2826086956521739,3.209555551557676,2024
691951,"Aldegheri, Sam",2024,Angels,L,3.071728955,0.0760869565217391,0.2826086956521739,0.0760869565217391,-7.24587967578228,0.75,0.1739130434782608,6.575129873390926,0.1521739130434782,11.57891940591884,0.7391304347826086,0.108695652173913,-11.609137212122986,92,0.217391304347826,0.9239130434782608,0.0869565217391304,-5.73995109903558,0.5652173913043478,0.3478260869565217,3.3165048085640096,2024
665620,"García, Deivi",2024,White Sox,R,4.512126043,0.0879120879120879,0.2857142857142857,0.0549450549450549,-6.433644682111311,0.6923076923076923,0.2527472527472527,9.427807997243082,0.1538461538461538,15.0492228187768,0.6813186813186813,0.1648351648351648,-10.249738617304734,91,0.2857142857142857,0.8351648351648352,0.0879120879120879,-6.781859514865445,0.6153846153846154,0.2967032967032967,3.235961213163065,2024
622075,"Almonte, Yency",2024,Cubs,R,5.342235606,0.0769230769230769,0.1648351648351648,0.1428571428571428,-6.216413319431574,0.5824175824175825,0.2747252747252747,12.818616858811554,0.2857142857142857,14.77506694302084,0.5824175824175825,0.1318681318681318,-10.307655579236323,91,0.3076923076923077,0.8901098901098901,0.1098901098901098,-3.341523681091095,0.7142857142857143,0.1758241758241758,3.1985740763567185,2024
687014,"Avila, Nick",2024,Giants,R,2.815998771,0.0777777777777777,0.2,0.1,-6.319326313982414,0.6777777777777778,0.2222222222222222,7.683367296181519,0.1,13.998850772810323,0.7111111111111111,0.1888888888888888,-10.30823608772037,90,0.2444444444444444,0.9555555555555556,0.1111111111111111,-3.938583270503538,0.5888888888888889,0.3,2.854272568446471,2024
670810,"Gillaspie, Logan",2024,Padres,R,0.91200889,0.0333333333333333,0.2555555555555555,0.0444444444444444,-5.034118699532854,0.6333333333333333,0.3222222222222222,6.074363095864752,0.0777777777777777,10.188689893859824,0.7,0.2222222222222222,-10.970834900167556,90,0.1777777777777777,0.9111111111111112,0.1,-2.873422113516645,0.6777777777777778,0.2222222222222222,2.780503686203262,2024
528748,"Castellanos, Humberto",2024,Diamondbacks,R,1.264418332,0.0227272727272727,0.2159090909090909,0.1931818181818181,-5.596530338916955,0.6818181818181818,0.125,7.013880105496776,0.1477272727272727,11.572492592514005,0.6818181818181818,0.1704545454545454,-8.668186432922434,88,0.1590909090909091,0.9318181818181818,0.034090909090909,-3.186556067610014,0.7272727272727273,0.2386363636363636,3.059557343245938,2024
595881,"Beede, Tyler",2024,Guardians,R,3.374037009,0.0909090909090909,0.1704545454545454,0.0,,0.625,0.375,7.356367397271872,0.3409090909090909,12.883931060262348,0.5909090909090909,0.0681818181818181,-9.843302077679368,88,0.25,0.9204545454545454,0.2613636363636363,-3.1941504639048324,0.625,0.1136363636363636,2.8377213874663934,2024
622608,"Senzatela, Antonio",2024,Rockies,R,0.847736728,0.0227272727272727,0.2613636363636363,0.1136363636363636,-5.801044546592985,0.6363636363636364,0.25,6.973165074653915,0.1136363636363636,9.206474870557086,0.6931818181818182,0.1931818181818181,-11.02549510047824,88,0.1818181818181818,0.8977272727272727,0.0454545454545454,-2.490723068314226,0.7159090909090909,0.2386363636363636,2.794455474444713,2024
598264,"Barnes, Matt",2024,Nationals,R,4.933200918,0.0909090909090909,0.2386363636363636,0.0909090909090909,-5.366731157216026,0.7386363636363636,0.1704545454545454,9.521674307432637,0.25,11.01203889247144,0.6590909090909091,0.0909090909090909,-12.354049288545786,88,0.2159090909090909,0.9090909090909092,0.1477272727272727,-4.517941628825741,0.6136363636363636,0.2386363636363636,2.9031908253019547,2024
663989,"Vespi, Nick",2024,Orioles,L,4.265695931,0.0697674418604651,0.2906976744186046,0.1395348837209302,-5.677252981221583,0.6162790697674418,0.2441860465116279,10.886120202963578,0.2325581395348837,13.645246580440496,0.6744186046511628,0.0930232558139534,-11.039164256781476,86,0.2558139534883721,0.9418604651162792,0.1860465116279069,-3.743803688558786,0.686046511627907,0.127906976744186,2.7849051477182574,2024
678020,"Halvorsen, Seth",2024,Rockies,R,2.958866297,0.1294117647058823,0.2117647058823529,0.0235294117647058,-7.374718894719209,0.6470588235294118,0.3294117647058823,7.392015215821291,0.1294117647058823,10.569366651721555,0.5411764705882353,0.3294117647058823,-10.998283612843457,85,0.3058823529411765,0.8823529411764706,0.1176470588235294,-4.447682270654335,0.6,0.2823529411764706,3.3630449158371496,2024
598286,"Ramirez, Nick",2024,Dodgers,L,3.484768302,0.0823529411764705,0.2941176470588235,0.0705882352941176,-5.910288963525202,0.5882352941176471,0.3411764705882353,8.47834645961125,0.3058823529411765,13.13040384091576,0.6235294117647059,0.0705882352941176,-9.987482377248387,85,0.2117647058823529,0.9529411764705882,0.1411764705882353,-2.984311323949948,0.8235294117647058,0.0352941176470588,2.8685315328083605,2024
668676,"Plesac, Zach",2024,Angels,R,2.413862728,0.0705882352941176,0.2588235294117647,0.0705882352941176,-5.786045505506571,0.6705882352941176,0.2588235294117647,8.029600556201189,0.3058823529411765,11.76815408603354,0.6588235294117647,0.0352941176470588,-10.160915121481342,85,0.2,0.9647058823529412,0.0941176470588235,-3.1500330030123056,0.7176470588235294,0.188235294117647,2.552302464983553,2024
622259,"Wingenter, Trey",2024,zMLB,R,3.849939722,0.1666666666666666,0.1904761904761904,0.0833333333333333,-6.129147538349288,0.6071428571428571,0.3095238095238095,8.097888847430777,0.25,13.23110460374812,0.6190476190476191,0.1309523809523809,-10.753956340519276,84,0.2976190476190476,0.8928571428571429,0.25,-3.745098264592458,0.4880952380952381,0.2619047619047619,2.6548536565592853,2024
657265,"Strzelecki, Peter",2024,Guardians,R,1.498964694,0.0238095238095238,0.1785714285714285,0.1309523809523809,-6.06605941575492,0.6309523809523809,0.238095238095238,6.309266399106231,0.1666666666666666,11.389957410492489,0.6785714285714286,0.1547619047619047,-9.324203295567177,84,0.1666666666666666,0.9047619047619048,0.0357142857142857,-2.427065830160963,0.6190476190476191,0.3452380952380952,3.1625793681080925,2024
656457,"Gilbert, Tyler",2024,Phillies,L,1.87592086,0.0240963855421686,0.3012048192771084,0.0843373493975903,-5.652581119238838,0.7710843373493976,0.144578313253012,7.685684083127067,0.072289156626506,9.363296829398516,0.6626506024096386,0.2650602409638554,-11.052990861797753,83,0.144578313253012,0.8554216867469879,0.036144578313253,-5.288022053225523,0.6626506024096386,0.3012048192771084,2.854180577903643,2024
682254,"Montgomery, Mason",2024,Rays,L,2.732350799,0.1686746987951807,0.0963855421686747,0.1204819277108433,-6.629511160070147,0.6144578313253012,0.2650602409638554,7.94097512730242,0.0843373493975903,11.691361154330073,0.5060240963855421,0.4096385542168674,-10.41420742060296,83,0.4698795180722891,0.8795180722891566,0.1566265060240964,-5.633642857842316,0.3012048192771084,0.5421686746987951,3.340551082555246,2024
681810,"Warren, Austin",2024,Giants,R,3.823854063,0.048780487804878,0.1707317073170731,0.1585365853658536,-5.956175582037793,0.6829268292682927,0.1585365853658536,10.079937562265885,0.1219512195121951,12.039613639444491,0.7317073170731707,0.1463414634146341,-11.607094539920064,82,0.1951219512195122,0.9634146341463414,0.1219512195121951,-4.079891265815747,0.6097560975609756,0.2682926829268293,3.009326621224718,2024
669330,"Wells, Tyler",2024,Orioles,R,2.790641007,0.0365853658536585,0.2317073170731707,0.0121951219512195,-4.165778298477871,0.6951219512195121,0.2926829268292683,7.418400702363747,0.3292682926829268,11.306728336542228,0.6219512195121951,0.048780487804878,-10.51804062529208,82,0.2195121951219512,0.902439024390244,0.1219512195121951,-3.40612190935681,0.573170731707317,0.3048780487804878,2.7448840642321013,2024
571539,"Carasiti, Matt",2024,Rockies,R,4.374012387,0.0864197530864197,0.2098765432098765,0.074074074074074,-5.185494701827573,0.6049382716049383,0.3209876543209876,8.786805193263405,0.2469135802469135,15.023060305876582,0.5185185185185185,0.2345679012345679,-10.733350827125102,81,0.1604938271604938,0.9135802469135802,0.1111111111111111,-2.8999418789606644,0.654320987654321,0.2345679012345679,2.777790137376296,2024
612434,"Castro, Miguel",2024,Diamondbacks,R,1.472729326,0.0246913580246913,0.2098765432098765,0.1851851851851851,-5.609027382353522,0.6172839506172839,0.1975308641975308,6.820954835697926,0.2222222222222222,10.911953887129282,0.6790123456790124,0.0987654320987654,-8.865677715989554,81,0.1358024691358024,0.8765432098765432,0.074074074074074,-2.636487399176508,0.7283950617283951,0.1975308641975308,2.931807076711634,2024
676969,"de Geus, Brett",2024,zMLB,R,1.611527361,0.0617283950617283,0.2222222222222222,0.1728395061728395,-6.399781998541743,0.5432098765432098,0.2839506172839506,6.233419539280321,0.1234567901234567,10.524598029734074,0.654320987654321,0.2222222222222222,-8.927183378408106,81,0.1728395061728395,0.9012345679012346,0.1358024691358024,-3.394696211439028,0.6790123456790124,0.1851851851851851,2.789831364044307,2024
668984,"Legumina, Casey",2024,Reds,R,3.891249496,0.025,0.275,0.0875,-6.503770798074332,0.75,0.1625,10.614895301002392,0.0625,12.838165146432598,0.8125,0.125,-10.962050902650583,80,0.1125,0.9375,0.05,-2.180910756974089,0.7125,0.2375,3.053116864402253,2024
668873,"Kilian, Caleb",2024,Cubs,R,2.708368861,0.025,0.2875,0.0625,-6.9788019892909245,0.7,0.2375,7.561227409668607,0.175,11.808461032352966,0.6875,0.1375,-8.933828781799455,80,0.2125,0.925,0.1125,-4.253312201598972,0.6875,0.2,2.5700776861925667,2024
594798,"deGrom, Jacob",2024,Rangers,R,1.539659115,0.0875,0.1875,0.0625,-7.24888815240049,0.675,0.2625,7.601763451224841,0.1375,9.41286178474599,0.725,0.1375,-11.755871882086858,80,0.3375,0.9375,0.15,-3.3208773733918,0.55,0.3,3.1954393780402426,2024
672552,"O'Loughlin, Jack",2024,Athletics,L,1.659553556,0.0759493670886076,0.2911392405063291,0.1012658227848101,-4.921611963463897,0.620253164556962,0.2784810126582278,6.9909425183011225,0.2025316455696202,14.248953567094624,0.6582278481012658,0.1392405063291139,-8.955682273334837,79,0.1772151898734177,0.9367088607594936,0.0886075949367088,-3.092774336007515,0.6962025316455697,0.2151898734177215,2.695316017831044,2024
682842,"Uribe, Abner",2024,Brewers,R,3.671223805,0.0379746835443038,0.2784810126582278,0.1139240506329113,-6.631151154530003,0.6329113924050633,0.2531645569620253,7.599778965497317,0.1772151898734177,10.836547265605484,0.7088607594936709,0.1139240506329113,-10.43022326386632,79,0.2531645569620253,0.9113924050632912,0.1645569620253164,-4.245114741708883,0.6582278481012658,0.1772151898734177,3.3068693734240573,2024
663767,"Shugart, Chase",2024,Red Sox,R,1.046694248,0.0253164556962025,0.189873417721519,0.1265822784810126,-5.56080114167511,0.5316455696202531,0.3417721518987341,6.679289434793331,0.1392405063291139,10.72470551433092,0.6962025316455697,0.1645569620253164,-12.302863282841674,79,0.1772151898734177,0.8987341772151899,0.1265822784810126,-2.9720309126544384,0.6455696202531646,0.2278481012658227,2.714382623239949,2024
669111,"McMillon, John",2024,Marlins,R,5.887572214,0.1666666666666666,0.1923076923076923,0.0512820512820512,-6.824691108480403,0.5512820512820513,0.3974358974358974,11.06435230807623,0.3974358974358974,13.149119268682709,0.4487179487179487,0.1538461538461538,-11.060679645819402,78,0.3846153846153846,0.8589743589743589,0.2435897435897435,-4.727677271875502,0.6282051282051282,0.1282051282051282,3.406853495614857,2024
656420,"Feyereisen, J.P.",2024,Dodgers,R,2.410937687,0.0769230769230769,0.2692307692307692,0.0384615384615384,-5.308046257650173,0.717948717948718,0.2435897435897435,8.099205533690132,0.2179487179487179,11.507598476752904,0.7051282051282052,0.0769230769230769,-9.631444711681016,78,0.2307692307692307,0.9102564102564102,0.1153846153846153,-2.989158753556956,0.5769230769230769,0.3076923076923077,2.982326387696045,2024
669270,"Kuhnel, Joel",2024,zMLB,R,2.053575686,0.0526315789473684,0.25,0.0394736842105263,-7.551994035463045,0.6842105263157895,0.2763157894736842,7.20051619185149,0.0789473684210526,8.98745104215616,0.7894736842105263,0.131578947368421,-9.99607163286321,76,0.2368421052631578,0.9605263157894736,0.0657894736842105,-4.162082265697008,0.6973684210526315,0.2368421052631578,2.8565920332085657,2024
669912,"Snead, Kirby",2024,Mariners,L,3.418649314,0.131578947368421,0.2236842105263158,0.1052631578947368,-5.4864178362940965,0.5526315789473685,0.3421052631578947,8.501761183061587,0.1184210526315789,15.314076511402144,0.6578947368421053,0.2236842105263158,-11.646399870823553,76,0.2631578947368421,0.9078947368421052,0.131578947368421,-3.279507964555818,0.6710526315789473,0.1973684210526315,3.0989233555726345,2024
677976,"Dobnak, Randy",2024,Twins,R,2.276080351,0.0,0.2368421052631578,0.0526315789473684,-5.584892467485832,0.7631578947368421,0.1842105263157894,7.37009484936757,0.1184210526315789,11.954188398852668,0.6973684210526315,0.1842105263157894,-10.69252764914044,76,0.1842105263157894,0.9078947368421052,0.1973684210526315,-2.841894856452506,0.6842105263157895,0.1184210526315789,2.4014542706134216,2024
664129,"Hartlieb, Geoff",2024,Rockies,R,3.390808063,0.0266666666666666,0.32,0.0666666666666666,-5.948470611157664,0.6533333333333333,0.28,9.450202992552722,0.1333333333333333,11.24382320619972,0.6933333333333334,0.1733333333333333,-11.055850968267569,75,0.2,0.92,0.1333333333333333,-3.2424285166017675,0.6666666666666666,0.2,2.9848695125917057,2024
672851,"Adon, Joan",2024,Nationals,R,1.260790152,0.04,0.32,0.16,-6.588599742267711,0.6666666666666666,0.1733333333333333,6.387756916017623,0.08,10.835530461004414,0.7733333333333333,0.1466666666666666,-11.47024158806783,75,0.1466666666666666,0.8933333333333333,0.1466666666666666,-3.178262281935775,0.76,0.0933333333333333,2.512612718217205,2024
664192,"Lucchesi, Joey",2024,Mets,L,1.187040498,0.04,0.2666666666666666,0.0933333333333333,-5.971998320890314,0.7733333333333333,0.1333333333333333,6.969522472816247,0.0933333333333333,9.650127506973629,0.6933333333333334,0.2133333333333333,-13.10627753757658,75,0.1333333333333333,0.8933333333333333,0.0533333333333333,-3.453367204323542,0.68,0.2666666666666666,2.7046524338303204,2024
646242,"Díaz, Jhonathan",2024,Mariners,L,2.358180319,0.054054054054054,0.2567567567567567,0.1216216216216216,-6.591310095576428,0.581081081081081,0.2972972972972973,7.259993756262239,0.1216216216216216,12.281182996772248,0.6756756756756757,0.2027027027027027,-10.729399572369882,74,0.1621621621621621,0.8378378378378378,0.0675675675675675,-2.819274256523955,0.7162162162162162,0.2162162162162162,2.785861530129595,2024
676508,"Casparius, Ben",2024,Dodgers,R,2.784943085,0.1351351351351351,0.1891891891891892,0.081081081081081,-4.713750857844689,0.6891891891891891,0.2297297297297297,9.09127863355803,0.2432432432432432,13.68560876714795,0.5,0.2567567567567567,-10.943035868581864,74,0.3513513513513513,0.8783783783783784,0.1081081081081081,-3.7534769952083455,0.5675675675675675,0.3243243243243243,3.349381926679587,2024
666818,"Frías, Luis",2024,zMLB,R,3.791948839,0.081081081081081,0.2027027027027027,0.0675675675675675,-5.200137400541462,0.6621621621621622,0.2702702702702703,9.657159486863357,0.2162162162162162,11.367846902456382,0.7297297297297297,0.054054054054054,-10.016626939568134,74,0.2567567567567567,0.9054054054054054,0.1891891891891892,-3.257949139574017,0.581081081081081,0.2297297297297297,2.972725734990267,2024
656794,"Newcomb, Sean",2024,Athletics,L,2.564698425,0.0136986301369863,0.2328767123287671,0.0958904109589041,-7.493899469359028,0.7945205479452054,0.1095890410958904,7.712586429543414,0.0547945205479452,8.784286378246502,0.6986301369863014,0.2465753424657534,-10.654522458684305,73,0.2054794520547945,0.9178082191780822,0.0958904109589041,-4.9424736086189975,0.589041095890411,0.3150684931506849,3.1648122008401893,2024
642028,"Rogers, Josh",2024,Rockies,L,2.758099215,0.0136986301369863,0.3013698630136986,0.0684931506849315,-6.223596886661338,0.6986301369863014,0.2328767123287671,8.419193379029595,0.3561643835616438,11.569968134887144,0.5753424657534246,0.0684931506849315,-8.78821376833224,73,0.136986301369863,0.958904109589041,0.0410958904109589,-2.6563960487153477,0.7671232876712328,0.1917808219178082,2.468015558883088,2024
621097,"Waguespack, Jacob",2024,Rays,R,2.618956922,0.1506849315068493,0.2465753424657534,0.0684931506849315,-5.83633722661607,0.6438356164383562,0.2876712328767123,7.485866074961031,0.1095890410958904,13.626689676940073,0.589041095890411,0.3013698630136986,-11.34627729239451,73,0.3698630136986301,0.8767123287671232,0.0684931506849315,-4.896928322914912,0.4657534246575342,0.4657534246575342,3.352094311259042,2024
456501,"Cueto, Johnny",2024,Angels,R,3.610780435,0.0684931506849315,0.4246575342465753,0.0821917808219178,-7.075896705085485,0.6986301369863014,0.2191780821917808,8.799234497903644,0.1917808219178082,14.54866981698802,0.6986301369863014,0.1095890410958904,-10.09494395257953,73,0.136986301369863,0.958904109589041,0.1095890410958904,-2.7148613458580395,0.7808219178082192,0.1095890410958904,2.4430205605243684,2024
664079,"Jay, Tyler",2024,zMLB,L,2.119419358,0.0547945205479452,0.1506849315068493,0.0410958904109589,-4.810381375651235,0.684931506849315,0.273972602739726,9.070086269664635,0.1780821917808219,13.432215914564122,0.547945205479452,0.273972602739726,-9.130545843842777,73,0.2328767123287671,0.9178082191780822,0.0821917808219178,-2.8850125599241063,0.5753424657534246,0.3424657534246575,2.999846697483417,2024
650895,"Castillo, Diego",2024,Twins,R,1.98042851,0.0416666666666666,0.25,0.0277777777777777,-5.390856752020348,0.6805555555555556,0.2916666666666667,7.077538379377251,0.1388888888888889,11.4375051363692,0.7638888888888888,0.0972222222222222,-11.855735524190749,72,0.1944444444444444,0.9166666666666666,0.1111111111111111,-2.76217663229336,0.7222222222222222,0.1666666666666666,2.933249916339685,2024
554431,"Matzek, Tyler",2024,Braves,L,2.102594503,0.0416666666666666,0.2916666666666667,0.0972222222222222,-4.908942332565167,0.75,0.1527777777777778,6.364145987341176,0.1388888888888889,8.974542142168735,0.7638888888888888,0.0972222222222222,-9.295306129717122,72,0.1111111111111111,0.9305555555555556,0.1111111111111111,-3.625401840723443,0.6527777777777778,0.2361111111111111,2.8938704416355203,2024
678821,"Peralta, Luis",2024,Rockies,L,2.470898247,0.0416666666666666,0.2916666666666667,0.0416666666666666,-6.790408400507922,0.8055555555555556,0.1527777777777778,8.385717327890962,0.0833333333333333,14.143508832173922,0.7361111111111112,0.1805555555555555,-9.104981628216017,72,0.1805555555555555,0.9583333333333334,0.0555555555555555,-3.221352245392355,0.6388888888888888,0.3055555555555556,2.9053127084566133,2024
643361,"Herget, Kevin",2024,Brewers,R,2.877472179,0.028169014084507,0.2676056338028169,0.028169014084507,-4.474614267033887,0.6619718309859155,0.3098591549295774,8.522851791265792,0.2253521126760563,12.925016873373202,0.5633802816901409,0.2112676056338028,-10.143951321163977,71,0.2253521126760563,0.9014084507042254,0.056338028169014,-2.5069107493748515,0.704225352112676,0.2394366197183098,2.7942061323796525,2024
677955,"Hill, Jaden",2024,Rockies,R,3.031732147,0.0845070422535211,0.2676056338028169,0.028169014084507,-5.829948377757292,0.6901408450704225,0.2816901408450704,8.923159491228546,0.1408450704225352,13.213057806039696,0.5915492957746479,0.2676056338028169,-10.24296431111164,71,0.2112676056338028,0.8732394366197183,0.0985915492957746,-2.9438101980967044,0.6338028169014085,0.2676056338028169,3.0377855019315314,2024
689958,"Walters, Andrew",2024,Guardians,R,2.597575088,0.0857142857142857,0.2,0.0857142857142857,-5.283315344649228,0.7285714285714285,0.1857142857142857,8.244157435379668,0.1285714285714285,11.69705087315932,0.6857142857142857,0.1857142857142857,-8.988731245958933,70,0.3428571428571428,0.9,0.1,-3.9859836675466447,0.4142857142857143,0.4857142857142857,3.2499925364370226,2024
642239,"Zastryzny, Rob",2024,Brewers,L,1.945440693,0.0289855072463768,0.1884057971014492,0.072463768115942,-5.624760380325812,0.6666666666666666,0.2608695652173913,6.978555545313893,0.2463768115942029,10.829129143844458,0.5942028985507246,0.1594202898550724,-9.450772896367749,69,0.2898550724637681,0.9130434782608696,0.1014492753623188,-3.421455427363808,0.5507246376811594,0.3478260869565217,2.912398544030367,2024
642216,"Winans, Allan",2024,Braves,R,5.612885038,0.1159420289855072,0.2608695652173913,0.0144927536231884,-4.7512516819092525,0.6376811594202898,0.3478260869565217,10.861250122586116,0.4492753623188406,13.819801356148512,0.4782608695652174,0.072463768115942,-8.493940631301276,69,0.217391304347826,0.9565217391304348,0.1739130434782608,-3.0253450684877894,0.7536231884057971,0.072463768115942,2.2984278003335987,2024
685116,"Kitchen, Austin",2024,Marlins,L,1.06380478,0.0289855072463768,0.2608695652173913,0.0869565217391304,-6.915490557023748,0.6811594202898551,0.2318840579710145,6.304485615604689,0.2898550724637681,10.94739011805988,0.5797101449275363,0.1304347826086956,-10.238353720666373,69,0.1014492753623188,0.9565217391304348,0.072463768115942,-2.5131355871587253,0.8695652173913043,0.0579710144927536,2.791470453338242,2024
682052,"Lopez, Jacob",2024,Rays,L,3.838476539,0.0735294117647058,0.2058823529411764,0.0588235294117647,-5.461773428865341,0.6029411764705882,0.3382352941176471,8.616398623216574,0.3823529411764705,14.20975682207754,0.4852941176470588,0.1323529411764706,-11.877650838674324,68,0.2352941176470588,0.8676470588235294,0.1029411764705882,-3.62721794966979,0.7352941176470589,0.1617647058823529,2.719591394015008,2024
656786,"Mushinski, Parker",2024,Astros,L,2.97219942,0.0441176470588235,0.3088235294117647,0.1323529411764706,-5.645997994162569,0.6470588235294118,0.2205882352941176,6.757933416905988,0.2058823529411764,10.964018519458431,0.6617647058823529,0.1323529411764706,-10.449389106473562,68,0.1470588235294117,0.9117647058823528,0.1323529411764706,-3.6307669327678376,0.7794117647058824,0.088235294117647,2.946957643877791,2024
608648,"Duffey, Tyler",2024,Royals,R,2.713315267,0.088235294117647,0.2058823529411764,0.0441176470588235,-4.958288270241888,0.6764705882352942,0.2794117647058823,7.350387228790243,0.2058823529411764,12.60061939517659,0.6323529411764706,0.1617647058823529,-10.094794672658349,68,0.2352941176470588,0.8676470588235294,0.1911764705882352,-3.346253543709979,0.5441176470588235,0.2647058823529412,2.773877603205517,2024
669199,"Bachar, Lake",2024,Marlins,R,4.068530181,0.0588235294117647,0.2794117647058823,0.0441176470588235,-7.77799416395617,0.6617647058823529,0.2941176470588235,10.058208747879728,0.1470588235294117,13.540534771332087,0.7794117647058824,0.0735294117647058,-9.7967131707609,68,0.2794117647058823,0.8676470588235294,0.1323529411764706,-4.029374021624066,0.5882352941176471,0.2794117647058823,2.862088302201776,2024
687362,"Gillispie, Connor",2024,Guardians,R,1.212742099,0.0757575757575757,0.2272727272727272,0.0909090909090909,-7.197600991320988,0.7424242424242424,0.1666666666666666,6.237494637507584,0.1515151515151515,10.157009024655554,0.7121212121212122,0.1363636363636363,-10.359924242512417,66,0.2575757575757575,0.9242424242424242,0.0909090909090909,-3.602955110911842,0.7121212121212122,0.1969696969696969,2.8070039378618463,2024
502179,"Espino, Paolo",2024,Blue Jays,R,4.189289338,0.0303030303030303,0.2121212121212121,0.0454545454545454,-6.487130243447788,0.7272727272727273,0.2272727272727272,8.150387095763266,0.4848484848484848,14.459991759231457,0.4696969696969697,0.0454545454545454,-9.54994609726208,66,0.1212121212121212,0.9545454545454546,0.1212121212121212,-2.606419970553259,0.7272727272727273,0.1515151515151515,2.554485001848268,2024
680739,"Winder, Josh",2024,Twins,R,4.564770734,0.1846153846153846,0.1846153846153846,0.0923076923076923,-5.8858161566601295,0.5076923076923077,0.4,8.898733674510488,0.2461538461538461,12.766368886970774,0.6153846153846154,0.1384615384615384,-9.731787453462182,65,0.3538461538461538,0.9076923076923076,0.2769230769230769,-3.945742379140493,0.6307692307692307,0.0923076923076923,3.790144159332153,2024
676617,"O'Brien, Riley",2024,Cardinals,R,6.731740099,0.0769230769230769,0.2461538461538461,0.123076923076923,-5.815253238560178,0.6,0.2769230769230769,11.872335880578827,0.1846153846153846,16.829490770586965,0.6153846153846154,0.2,-10.504281851907765,65,0.2461538461538461,0.8615384615384616,0.1384615384615384,-5.614804193975247,0.6307692307692307,0.2307692307692307,2.838684208188007,2024
620982,"Pinto, Ricardo",2024,Phillies,R,2.019356764,0.0769230769230769,0.2461538461538461,0.0923076923076923,-6.556136429118229,0.5846153846153846,0.3230769230769231,7.156090049526442,0.2461538461538461,10.42911264695945,0.676923076923077,0.0769230769230769,-12.822040124529144,65,0.2461538461538461,0.9384615384615383,0.1538461538461538,-3.710855294090333,0.676923076923077,0.1692307692307692,2.8126046753959617,2024
621366,"Borucki, Ryan",2024,Pirates,L,3.228107345,0.0952380952380952,0.1904761904761904,0.0952380952380952,-5.603935886625274,0.5555555555555556,0.3492063492063492,8.694353750679618,0.2539682539682539,11.685556523589144,0.6031746031746031,0.1428571428571428,-11.282275150127136,63,0.3174603174603174,0.8412698412698413,0.1587301587301587,-3.536802693307733,0.746031746031746,0.0952380952380952,3.0688392805873623,2024
671131,"Rutledge, Jackson",2024,Nationals,R,5.519719965,0.1147540983606557,0.2622950819672131,0.1147540983606557,-6.555798490525533,0.639344262295082,0.2459016393442623,9.71203670043196,0.2131147540983606,13.519381847105736,0.6885245901639344,0.0983606557377049,-10.767497352298728,61,0.2459016393442623,0.8360655737704918,0.1639344262295081,-5.046137907888341,0.6885245901639344,0.1475409836065573,2.984633091171699,2024
692285,"Guerrero, Luis",2024,Red Sox,R,1.369711416,0.0491803278688524,0.2131147540983606,0.0327868852459016,-4.124235372027503,0.639344262295082,0.3278688524590163,7.072440965128533,0.0983606557377049,8.97508584963671,0.7540983606557377,0.1475409836065573,-10.076104878828032,61,0.2786885245901639,0.9344262295081968,0.0491803278688524,-3.793693099548778,0.4918032786885246,0.4590163934426229,3.2039883056123126,2024
595897,"Burdi, Nick",2024,Yankees,R,2.93275143,0.081967213114754,0.1475409836065573,0.0983606557377049,-5.192326240309876,0.6229508196721312,0.2786885245901639,8.889038304442394,0.1475409836065573,10.90453932351531,0.7213114754098361,0.1311475409836065,-9.035396201886895,61,0.2295081967213114,0.918032786885246,0.0983606557377049,-3.200409005795488,0.4590163934426229,0.4426229508196721,2.864917856590801,2024
605335,"Leibrandt, Brandon",2024,Reds,L,4.951545466,0.1833333333333333,0.2333333333333333,0.0833333333333333,-5.049594500790824,0.6166666666666667,0.3,11.300530174511684,0.3666666666666666,14.669024870088288,0.4833333333333333,0.15,-14.213938568914452,60,0.25,0.85,0.1333333333333333,-3.0197735021240284,0.6833333333333333,0.1833333333333333,3.725409579084016,2024
677865,"Bruihl, Justin",2024,Pirates,L,3.910097781,0.0689655172413793,0.2241379310344827,0.1724137931034483,-6.10478432487338,0.5862068965517241,0.2413793103448276,10.034069473744117,0.3448275862068966,13.600445149218444,0.5517241379310345,0.1034482758620689,-12.540408868085647,58,0.2586206896551724,0.913793103448276,0.1724137931034483,-4.822992529371319,0.6724137931034483,0.1551724137931034,2.696770870472094,2024
641360,"Bickford, Phil",2024,Yankees,R,2.882141678,0.1206896551724138,0.396551724137931,0.1034482758620689,-5.811027920059203,0.6379310344827587,0.2586206896551724,8.410261289594445,0.1551724137931034,14.199357260511247,0.7068965517241379,0.1379310344827586,-8.988418634386546,58,0.3103448275862069,0.913793103448276,0.1551724137931034,-3.188174687497232,0.5689655172413793,0.2758620689655172,3.308632380782912,2024
666619,"Santos, Gregory",2024,Mariners,R,2.034596294,0.0172413793103448,0.1551724137931034,0.2068965517241379,-5.901433201662052,0.5172413793103449,0.2758620689655172,6.439161228700744,0.0862068965517241,10.899096739118509,0.6896551724137931,0.2241379310344827,-9.311775029295095,58,0.2068965517241379,0.9482758620689656,0.0862068965517241,-2.9734452206842064,0.7241379310344828,0.1896551724137931,2.774988388088685,2024
663321,"Hernandez, Nick",2024,Astros,R,1.870913339,0.0175438596491228,0.175438596491228,0.087719298245614,-5.905195016559742,0.7017543859649122,0.2105263157894736,8.143793730125514,0.2105263157894736,10.606047480175036,0.7017543859649122,0.087719298245614,-15.096430903073092,57,0.2280701754385964,0.8421052631578947,0.0350877192982456,-5.038958934292109,0.7017543859649122,0.2631578947368421,3.266998275598472,2024
678906,"Teng, Kai-Wei",2024,Giants,R,4.798516363,0.037037037037037,0.3333333333333333,0.0925925925925925,-5.068640729090634,0.6481481481481481,0.2592592592592592,9.493938083261604,0.1111111111111111,13.644335274914155,0.7592592592592593,0.1296296296296296,-11.625021268189126,54,0.1296296296296296,0.8518518518518519,0.074074074074074,-2.7905074115010327,0.8703703703703703,0.0555555555555555,2.5829252646923986,2024
700669,"Graceffo, Gordon",2024,Cardinals,R,2.379887984,0.0566037735849056,0.2452830188679245,0.1132075471698113,-5.6737785584853935,0.6981132075471698,0.1886792452830188,7.865421258453925,0.2641509433962264,11.812198060087944,0.5849056603773585,0.1509433962264151,-10.51408012624682,53,0.2264150943396226,0.8490566037735849,0.0943396226415094,-3.552939890729691,0.6792452830188679,0.2264150943396226,2.769632761960442,2024
656354,"Davis, Austin",2024,Padres,L,1.473138747,0.0188679245283018,0.1509433962264151,0.1886792452830188,-7.390326179673146,0.7169811320754716,0.0943396226415094,7.310005011127745,0.2264150943396226,12.002166183432635,0.660377358490566,0.1132075471698113,-9.386963198837073,53,0.1698113207547169,0.9245283018867924,0.0566037735849056,-3.1639602407113787,0.7547169811320755,0.1886792452830188,2.869912793232593,2024
694462,"Waldrep, Hurston",2024,Braves,R,3.861469272,0.1153846153846153,0.2692307692307692,0.0,,0.6346153846153846,0.3653846153846153,7.904297366172024,0.3269230769230769,11.265767244404492,0.6153846153846154,0.0576923076923076,-7.75250937365985,52,0.2115384615384615,0.9423076923076924,0.2307692307692307,-3.2284649896045003,0.6346153846153846,0.1346153846153846,2.864039299788969,2024
687377,"Ribalta, Orlando",2024,Nationals,R,4.215713664,0.1346153846153846,0.2307692307692307,0.0192307692307692,-5.908841466580064,0.6730769230769231,0.3076923076923077,10.40817901140359,0.25,14.730920059518285,0.6346153846153846,0.1153846153846153,-10.066393356803944,52,0.3269230769230769,0.8846153846153846,0.1153846153846153,-3.402103278476467,0.5961538461538461,0.2884615384615384,3.0082331072299344,2024
680891,"Neely, Jack",2024,Cubs,R,5.573075234,0.1568627450980392,0.2352941176470588,0.0196078431372549,-4.27859402499486,0.5294117647058824,0.4509803921568627,11.048377526505384,0.4117647058823529,13.688514935355606,0.5098039215686274,0.0784313725490196,-10.205068610946652,51,0.4313725490196078,0.8431372549019608,0.196078431372549,-4.956245925228775,0.6470588235294118,0.1568627450980392,3.2809530198024848,2024
642834,"Bermúdez, Jonathan",2024,Marlins,L,4.390573623,0.12,0.3,0.14,-4.898469093683697,0.64,0.22,8.795313936030457,0.26,14.816677010262076,0.68,0.06,-8.583876022371143,50,0.18,0.94,0.14,-2.99694141236935,0.66,0.2,2.688342786782609,2024
656671,"Maciejewski, Josh",2024,Yankees,L,3.285021423,0.12,0.18,0.02,-8.100379651465037,0.46,0.52,8.763221030390456,0.42,12.527261263113544,0.52,0.06,-14.927856288819152,50,0.3,0.88,0.14,-3.232488194665468,0.76,0.1,2.746504885959593,2024
701643,"Hartwig, Grant",2024,Mets,R,3.331416368,0.1020408163265306,0.2653061224489796,0.1224489795918367,-6.626626773693428,0.6122448979591837,0.2653061224489796,9.518626610111262,0.2244897959183673,12.49354795282752,0.6326530612244898,0.1428571428571428,-10.21768128243126,49,0.2857142857142857,0.9183673469387756,0.1224489795918367,-3.7600084803518063,0.7142857142857143,0.1632653061224489,3.1166479450730225,2024
682989,"Mederos, Victor",2024,Angels,R,3.983121791,0.1428571428571428,0.2857142857142857,0.0408163265306122,-4.784525013184725,0.7142857142857143,0.2448979591836734,10.157474836211074,0.2040816326530612,13.707294893018531,0.7142857142857143,0.0816326530612244,-9.760832469699912,49,0.2448979591836734,0.9183673469387756,0.1836734693877551,-3.720825851047479,0.6326530612244898,0.1836734693877551,2.900812003167521,2024
542882,"Andriese, Matt",2024,Marlins,R,1.891060478,0.0208333333333333,0.1875,0.125,-5.277830219719166,0.6458333333333334,0.2291666666666666,8.162713834408516,0.125,10.127661190195488,0.625,0.25,-13.847346841119172,48,0.1666666666666666,0.8333333333333334,0.0625,-3.099566679391984,0.7083333333333334,0.2291666666666666,2.8670695893375493,2024
660813,"Graterol, Brusdar",2024,Dodgers,R,4.680340946,0.0208333333333333,0.2083333333333333,0.2083333333333333,-5.121997427709141,0.4583333333333333,0.3333333333333333,9.957214563603626,0.0625,11.912558691964234,0.6875,0.25,-10.6399386560254,48,0.25,0.875,0.1041666666666666,-4.446746079165253,0.7291666666666666,0.1666666666666666,2.676303940082814,2024
669459,"Nelson, Kyle",2024,Diamondbacks,L,4.51644936,0.1041666666666666,0.2916666666666667,0.0208333333333333,-4.758066032793771,0.7291666666666666,0.25,8.03094794287654,0.2916666666666667,12.242533144702444,0.6875,0.0208333333333333,-7.129519457732565,48,0.1666666666666666,0.9375,0.2291666666666666,-3.420871747648563,0.7291666666666666,0.0416666666666666,2.4711579277848577,2024
685126,"Eisert, Brandon",2024,Blue Jays,L,2.88727625,0.0652173913043478,0.2391304347826087,0.0434782608695652,-4.55519414121005,0.6739130434782609,0.2826086956521739,7.121959249021105,0.1739130434782608,11.40141447156384,0.6956521739130435,0.1304347826086956,-10.721617608148076,46,0.1956521739130435,0.9130434782608696,0.1521739130434782,-2.62536102705204,0.5869565217391305,0.2608695652173913,2.941604870015832,2024
694350,"Brzykcy, Zach",2024,Nationals,R,3.322549171,0.1304347826086956,0.3043478260869565,0.108695652173913,-4.605829517061229,0.6304347826086957,0.2608695652173913,7.804361912518155,0.217391304347826,11.402308049652412,0.6304347826086957,0.1521739130434782,-9.728548196616684,46,0.2608695652173913,0.8695652173913043,0.1521739130434782,-3.7051849349132144,0.6521739130434783,0.1956521739130435,3.086635290080483,2024
676755,"Mattson, Isaac",2024,Pirates,R,1.823237741,0.0434782608695652,0.108695652173913,0.0434782608695652,-4.9762358370857935,0.782608695652174,0.1739130434782608,9.17252832725507,0.1739130434782608,11.187915711385216,0.4347826086956521,0.391304347826087,-9.157883883736345,46,0.2391304347826087,0.8695652173913043,0.0217391304347826,-3.222538073861766,0.5217391304347826,0.4565217391304347,3.0091482175485567,2024
641582,"Foster, Matt",2024,White Sox,R,1.222291411,0.0434782608695652,0.3043478260869565,0.0,,0.7608695652173914,0.2391304347826087,7.384137413567522,0.1739130434782608,12.27269066825854,0.6304347826086957,0.1956521739130435,-11.038387129768,46,0.1521739130434782,0.8478260869565217,0.0434782608695652,-2.621767515743108,0.6304347826086957,0.3260869565217391,2.6323104652556077,2024
664351,"Contreras, Luis",2024,Astros,R,6.085668813,0.0652173913043478,0.1956521739130435,0.0652173913043478,-5.25082581127129,0.6521739130434783,0.2826086956521739,9.806266023642698,0.2826086956521739,14.62683708505215,0.6739130434782609,0.0434782608695652,-11.49801509625139,46,0.2391304347826087,0.8913043478260869,0.1521739130434782,-3.213274412693365,0.5869565217391305,0.2608695652173913,2.764165226306984,2024
642016,"Robert, Daniel",2024,Rangers,R,3.039142999,0.108695652173913,0.1956521739130435,0.108695652173913,-5.076007183779298,0.5869565217391305,0.3043478260869565,8.524651339110843,0.1956521739130435,12.520527977489586,0.5434782608695652,0.2608695652173913,-10.138037346875102,46,0.2826086956521739,0.8260869565217391,0.1521739130434782,-3.367020057952117,0.5217391304347826,0.3260869565217391,2.6890430037479987,2024
680686,"Gray, Josiah",2024,Nationals,R,4.858197973,0.0444444444444444,0.1777777777777777,0.1111111111111111,-6.029733138244586,0.5555555555555556,0.3333333333333333,9.771076635503162,0.2444444444444444,13.914248208165546,0.6666666666666666,0.0888888888888888,-10.532966163383902,45,0.2,0.9333333333333332,0.0666666666666666,-2.9342697713198698,0.6888888888888889,0.2444444444444444,2.6400153331350027,2024
694361,"Klein, Will",2024,zMLB,R,3.279073648,0.0666666666666666,0.2888888888888888,0.1111111111111111,-7.92081063515632,0.7555555555555555,0.1333333333333333,5.575761534741393,0.1333333333333333,9.52652341539416,0.7111111111111111,0.1555555555555555,-10.304509138042972,45,0.2222222222222222,0.8444444444444444,0.1777777777777777,-5.090539786967641,0.5777777777777777,0.2444444444444444,2.9829072684455564,2024
675911,"Strider, Spencer",2024,Braves,R,3.734449563,0.0454545454545454,0.1818181818181818,0.0454545454545454,-4.882246951232014,0.75,0.2045454545454545,11.538574443611944,0.2954545454545454,14.252089836624169,0.5454545454545454,0.1590909090909091,-10.19394541418673,44,0.2727272727272727,0.8863636363636364,0.0681818181818181,-4.582465958304912,0.6818181818181818,0.25,2.7329895620905127,2024
681882,"Selby, Colin",2024,zMLB,R,2.792775464,0.0454545454545454,0.3181818181818182,0.1136363636363636,-6.008964208009823,0.7727272727272727,0.1136363636363636,9.544767671788527,0.1363636363636363,10.665014901512038,0.7045454545454546,0.1590909090909091,-11.264978453306732,44,0.2045454545454545,0.8636363636363636,0.1590909090909091,-3.2417745789292995,0.6590909090909091,0.1818181818181818,3.074986345766236,2024
674444,"Cruz, Steven",2024,Royals,R,4.461733985,0.0454545454545454,0.2727272727272727,0.0,,0.75,0.25,10.894888295841746,0.1590909090909091,11.169871236354949,0.75,0.0909090909090909,-9.599487630075638,44,0.2272727272727272,0.9318181818181818,0.0227272727272727,-2.644249594022609,0.5909090909090909,0.3863636363636363,3.009064190902498,2024
683568,"Iriarte, Jairo",2024,White Sox,R,5.102874721,0.1136363636363636,0.25,0.0681818181818181,-8.113154120608959,0.5909090909090909,0.3409090909090909,8.36215775405795,0.3636363636363636,13.222593105085316,0.5909090909090909,0.0454545454545454,-9.874759476607805,44,0.25,0.7727272727272727,0.2272727272727272,-4.9215196204328535,0.6590909090909091,0.1136363636363636,3.3744935553011883,2024
489119,"Miley, Wade",2024,Brewers,L,1.197522312,0.0454545454545454,0.2727272727272727,0.1818181818181818,-5.840784820786849,0.75,0.0681818181818181,7.014999201174206,0.0454545454545454,9.796998133503202,0.7727272727272727,0.1818181818181818,-9.051361622472603,44,0.1136363636363636,0.9545454545454546,0.1363636363636363,-2.7570268670068607,0.6590909090909091,0.2045454545454545,2.731598317946564,2024
686654,"Adcock, Ty",2024,Mets,R,0.347194205,0.0,0.2093023255813953,0.0930232558139534,-5.736381143801188,0.7906976744186046,0.1162790697674418,4.805013345871204,0.0930232558139534,11.1240111512777,0.6511627906976745,0.2558139534883721,-10.798526843912308,43,0.1627906976744186,0.9767441860465116,0.0,,0.6511627906976745,0.3488372093023256,2.7707933302941243,2024
700363,"Smith-Shawver, AJ",2024,Braves,R,2.077991305,0.0714285714285714,0.238095238095238,0.0476190476190476,-5.748307657346565,0.7142857142857143,0.238095238095238,7.715713827645905,0.2619047619047619,15.454940512396776,0.7142857142857143,0.0238095238095238,-7.209906930387201,42,0.2142857142857142,0.9523809523809524,0.119047619047619,-2.7911202561395614,0.6666666666666666,0.2142857142857142,3.041445442553321,2024
694646,"McDermott, Chayce",2024,Orioles,R,2.960107427,0.1666666666666666,0.1904761904761904,0.0,,0.6428571428571429,0.3571428571428571,6.574581923316858,0.2619047619047619,12.511136852639437,0.4761904761904761,0.2619047619047619,-9.576751297922712,42,0.238095238095238,0.8809523809523809,0.1904761904761904,-3.418107849516389,0.4761904761904761,0.3333333333333333,3.066625981318172,2024
543391,"Kelly, Casey",2024,Reds,R,3.579114703,0.0975609756097561,0.2439024390243902,0.0975609756097561,-5.082847603884483,0.6097560975609756,0.2926829268292683,8.625160749336553,0.2439024390243902,12.566760077682895,0.6829268292682927,0.073170731707317,-7.985298059701603,41,0.2926829268292683,0.926829268292683,0.1463414634146341,-3.7465336911656895,0.7560975609756098,0.0975609756097561,3.4948068187981614,2024
673540,"Senga, Kodai",2024,Mets,R,3.188939422,0.1538461538461538,0.1538461538461538,0.0256410256410256,-4.340607798050886,0.6410256410256411,0.3333333333333333,8.724824091725653,0.1794871794871795,15.205490676883173,0.6153846153846154,0.2051282051282051,-11.6009929095524,39,0.282051282051282,0.8205128205128205,0.1538461538461538,-4.066521533750193,0.5641025641025641,0.282051282051282,2.7047114266237537,2024
548384,"Raley, Brooks",2024,Mets,L,3.603612406,0.0,0.1538461538461538,0.1282051282051282,-6.507548013606663,0.6410256410256411,0.2307692307692307,8.795929169990798,0.3333333333333333,12.35004446549415,0.5897435897435898,0.0769230769230769,-11.712603230931649,39,0.1794871794871795,0.9743589743589745,0.1025641025641025,-2.8357384215142964,0.6410256410256411,0.2564102564102564,2.7172768319723946,2024
641427,"Busenitz, Alan",2024,Reds,R,2.937278516,0.0526315789473684,0.2894736842105263,0.0263157894736842,-6.757079364187497,0.631578947368421,0.3421052631578947,8.507303266592986,0.2894736842105263,12.66375671545967,0.6052631578947368,0.1052631578947368,-8.68822635197954,38,0.3157894736842105,0.9473684210526316,0.1578947368421052,-3.744899268416919,0.6578947368421053,0.1842105263157894,2.92866144899292,2024
641149,"Parsons, Wes",2024,zMLB,R,1.507986261,0.131578947368421,0.2368421052631578,0.0789473684210526,-7.314256261481101,0.6052631578947368,0.3157894736842105,6.280819888725103,0.0,,0.7105263157894737,0.2894736842105263,-10.813223096934369,38,0.3421052631578947,0.9473684210526316,0.2631578947368421,-3.5110198567126325,0.5263157894736842,0.2105263157894736,3.646721434759832,2024
622103,"Reyes, Gerardo",2024,Athletics,R,1.885488439,0.0526315789473684,0.2105263157894736,0.0526315789473684,-5.043727481988309,0.7368421052631579,0.2105263157894736,6.844474065804945,0.1578947368421052,10.90544686427965,0.6578947368421053,0.1842105263157894,-10.073432358619227,38,0.131578947368421,0.9210526315789472,0.0526315789473684,-2.7605700547223258,0.6052631578947368,0.3421052631578947,3.1393156789424603,2024
666215,"Whitley, Forrest",2024,Astros,R,3.668941117,0.0526315789473684,0.2368421052631578,0.0526315789473684,-4.481873942948036,0.7105263157894737,0.2368421052631578,7.427006392838233,0.0526315789473684,14.69646396775342,0.7631578947368421,0.1842105263157894,-10.55107181361587,38,0.1842105263157894,0.7631578947368421,0.0526315789473684,-7.249934663232865,0.5789473684210527,0.3684210526315789,3.2152474919955205,2024
656266,"Bukauskas, J.B.",2024,Brewers,R,4.201003427,0.0789473684210526,0.2631578947368421,0.0789473684210526,-5.953414367670299,0.631578947368421,0.2894736842105263,10.954573569205762,0.2631578947368421,14.495944534785416,0.6842105263157895,0.0526315789473684,-8.076732544924681,38,0.3421052631578947,0.9736842105263158,0.2631578947368421,-3.5758881582009,0.6578947368421053,0.0789473684210526,2.1687655236171657,2024
543238,"Gose, Anthony",2024,Guardians,L,2.354103842,0.081081081081081,0.2972972972972973,0.1081081081081081,-4.347857020040591,0.7027027027027027,0.1891891891891892,6.891890784815366,0.1621621621621621,13.00601102763998,0.5675675675675675,0.2702702702702703,-9.389318828979338,37,0.2162162162162162,0.8378378378378378,0.1081081081081081,-3.8130453983314494,0.7027027027027027,0.1891891891891892,3.1538682761398924,2024
607237,"Garrett, Amir",2024,Angels,L,5.845525965,0.2162162162162162,0.1621621621621621,0.027027027027027,-8.075410739670339,0.5945945945945946,0.3783783783783784,13.03001893738801,0.4324324324324324,14.556762634630283,0.4324324324324324,0.1351351351351351,-11.14407485986421,37,0.3783783783783784,0.918918918918919,0.2972972972972973,-3.088819633670252,0.6216216216216216,0.081081081081081,3.536611221484206,2024
683068,"Penrod, Zach",2024,Red Sox,L,4.507206014,0.1666666666666666,0.1388888888888889,0.0833333333333333,-6.409148689996564,0.5,0.4166666666666667,7.465929544071677,0.25,12.61938812020604,0.5833333333333334,0.1666666666666666,-10.459996172638895,36,0.2777777777777778,0.9444444444444444,0.25,-4.434766886966695,0.5277777777777778,0.2222222222222222,3.164309474655308,2024
656793,"Nelson, Nick",2024,Phillies,R,3.169074017,0.0833333333333333,0.2222222222222222,0.1666666666666666,-7.214096492002021,0.6388888888888888,0.1944444444444444,7.976971419273989,0.1666666666666666,10.806763011549029,0.6111111111111112,0.2222222222222222,-10.31680692666728,36,0.1944444444444444,0.8611111111111112,0.1666666666666666,-3.6149531395567234,0.6388888888888888,0.1944444444444444,2.7291814123583253,2024
686993,"Sterner, Justin",2024,Rays,R,1.358154395,0.1388888888888889,0.3055555555555556,0.0,,0.6666666666666666,0.3333333333333333,7.035353184202204,0.1388888888888889,10.858953674332245,0.5277777777777778,0.3333333333333333,-9.779979327530986,36,0.3611111111111111,1.0,0.1388888888888889,-3.199852246990889,0.4722222222222222,0.3888888888888889,3.0378435082287663,2024
643493,"Pruitt, Austin",2024,Rangers,R,1.25292354,0.0285714285714285,0.3142857142857143,0.1428571428571428,-6.337275100935025,0.5714285714285714,0.2857142857142857,5.107873582804718,0.0857142857142857,7.889111641138938,0.8,0.1142857142857142,-8.729473089517514,35,0.0571428571428571,0.9142857142857144,0.0857142857142857,-2.648669109920512,0.7428571428571429,0.1714285714285714,3.244523671445851,2024
669796,"Hernandez, Jose E.",2024,Pirates,L,8.51187515,0.2941176470588235,0.2352941176470588,0.0294117647058823,-5.676185220126158,0.5294117647058824,0.4411764705882353,14.26313949575201,0.4411764705882353,16.760680682133255,0.5,0.0588235294117647,-11.563572150051918,34,0.4117647058823529,0.8529411764705882,0.2647058823529412,-4.368119528632659,0.5882352941176471,0.1470588235294117,3.464457620716427,2024
691441,"Mena, Cristian",2024,Diamondbacks,R,4.097212749,0.0909090909090909,0.2121212121212121,0.0606060606060606,-4.584871311605422,0.5757575757575758,0.3636363636363636,8.464789701487884,0.2424242424242424,10.322843221687124,0.6666666666666666,0.0909090909090909,-14.139794857515096,33,0.303030303030303,0.8484848484848485,0.2121212121212121,-4.413137781387948,0.6363636363636364,0.1515151515151515,2.812372564877493,2024
663462,"Campbell, Isaiah",2024,Red Sox,R,1.552146963,0.0303030303030303,0.3333333333333333,0.0909090909090909,-5.5952820366842,0.6060606060606061,0.303030303030303,6.154728901671253,0.1515151515151515,11.213225648808937,0.696969696969697,0.1515151515151515,-9.155120811769333,33,0.1515151515151515,0.9696969696969696,0.0909090909090909,-3.0701773598672304,0.8181818181818182,0.0909090909090909,2.6457675133989853,2024
622503,"Crismatt, Nabil",2024,Dodgers,R,2.08633234,0.0303030303030303,0.2121212121212121,0.0606060606060606,-4.668014660748534,0.5757575757575758,0.3636363636363636,7.714045307943989,0.3333333333333333,13.453854391434056,0.6060606060606061,0.0606060606060606,-14.105931854387682,33,0.2121212121212121,0.9090909090909092,0.1212121212121212,-2.411630127339054,0.7272727272727273,0.1515151515151515,2.37458895772156,2024
656353,"Davidson, Tucker",2024,Orioles,L,4.219619574,0.0303030303030303,0.2727272727272727,0.0606060606060606,-5.852051820253799,0.6363636363636364,0.303030303030303,8.367904113585741,0.303030303030303,13.605506792076255,0.6363636363636364,0.0606060606060606,-9.9806016019757,33,0.2121212121212121,0.8787878787878788,0.0606060606060606,-2.9704181878958096,0.7878787878787878,0.1515151515151515,2.722394806098268,2024
656186,"Altavilla, Dan",2024,Royals,R,1.331211226,0.0,0.1875,0.125,-5.970003416559922,0.6875,0.1875,6.784558244883495,0.03125,8.144937878071335,0.75,0.21875,-11.95986645007234,32,0.28125,0.78125,0.0625,-3.158904451143129,0.5,0.4375,2.708402487336857,2024
669391,"White, Owen",2024,Rangers,R,,0.0,0.34375,0.03125,-4.949957746060292,0.875,0.09375,5.585403452450632,0.09375,9.471149579145214,0.8125,0.09375,-7.597702337742992,32,0.03125,0.9375,0.0,,0.90625,0.09375,2.5807490547036416,2024
681347,"Burrows, Mike",2024,Pirates,R,1.476313746,0.0,0.1875,0.03125,-4.62208593283799,0.71875,0.25,6.92689597198358,0.25,9.985929285780983,0.625,0.125,-11.166955451317357,32,0.125,0.9375,0.0,,0.59375,0.40625,2.9181896059367984,2024
681217,"Silseth, Chase",2024,Angels,R,1.734449726,0.0625,0.28125,0.0625,-5.979807595603543,0.75,0.1875,7.986755474056734,0.28125,10.921368788219892,0.59375,0.125,-9.247047977136017,32,0.28125,0.9375,0.1875,-2.896475402119405,0.625,0.1875,3.037269579427352,2024
608566,"Márquez, Germán",2024,Rockies,R,6.510152562,0.1612903225806451,0.2903225806451613,0.064516129032258,-4.754077011441222,0.5806451612903226,0.3548387096774194,12.043482730652258,0.2903225806451613,15.336997460591515,0.6451612903225806,0.064516129032258,-9.143781711131505,31,0.2903225806451613,1.0,0.2580645161290322,-3.099274512031601,0.7096774193548387,0.032258064516129,4.4303379557899225,2024
669169,"Heasley, Jonathan",2024,Orioles,R,4.357473828,0.1,0.3666666666666666,0.0333333333333333,-6.576736436435287,0.7,0.2666666666666666,10.086738148114808,0.3,13.997188310156174,0.7,0.0,,30,0.2666666666666666,1.0,0.1666666666666666,-3.959953715543041,0.7666666666666667,0.0666666666666666,3.200431869082408,2024
676961,"Boushley, Caleb",2024,Twins,R,4.24831203,0.0344827586206896,0.2413793103448276,0.1379310344827586,-6.676904993974766,0.6551724137931034,0.2068965517241379,6.844561421232087,0.1724137931034483,12.86521437371674,0.6206896551724138,0.2068965517241379,-8.112955670748535,29,0.0689655172413793,0.9655172413793104,0.1034482758620689,-2.4786017380608247,0.7241379310344828,0.1724137931034483,2.5489045017361254,2024
676604,"Zuber, Tyler",2024,Rays,R,2.696146542,0.0344827586206896,0.2413793103448276,0.0689655172413793,-4.972711067357961,0.7241379310344828,0.2068965517241379,7.519618755247674,0.1034482758620689,12.415444289888026,0.7586206896551724,0.1379310344827586,-9.948024863676572,29,0.2068965517241379,0.9655172413793104,0.0344827586206896,-2.8821439079705717,0.6206896551724138,0.3448275862068966,3.0567900476453,2024
680742,"Bowlan, Jonathan",2024,Royals,R,1.582072668,0.0357142857142857,0.2142857142857142,0.1071428571428571,-5.372463453808764,0.7857142857142857,0.1071428571428571,8.786393620280316,0.0357142857142857,12.16664734295506,0.8571428571428571,0.1071428571428571,-8.270884362847656,28,0.3214285714285714,0.9285714285714286,0.1071428571428571,-2.645212944648995,0.3928571428571428,0.5,3.134026803904176,2024
543766,"Shaw, Bryan",2024,White Sox,R,0.290866598,0.0,0.25,0.0714285714285714,-5.77104715393957,0.8214285714285714,0.1071428571428571,5.734377510932295,0.0714285714285714,10.02492547358527,0.7857142857142857,0.1428571428571428,-9.06960004944531,28,0.0714285714285714,1.0,0.0714285714285714,-2.407934288647171,0.5714285714285714,0.3571428571428571,2.4941619151540557,2024
681871,"Villalobos, Eli",2024,Marlins,R,5.817846536,0.074074074074074,0.3333333333333333,0.074074074074074,-5.4010418448202735,0.6296296296296297,0.2962962962962963,11.510824966177584,0.1481481481481481,14.765791670868062,0.7037037037037037,0.1481481481481481,-10.746704941997216,27,0.2592592592592592,0.8518518518518519,0.1111111111111111,-8.769333311192394,0.6296296296296297,0.2592592592592592,2.647344877560322,2024
527054,"Teheran, Julio",2024,Mets,R,1.3441755,0.074074074074074,0.2222222222222222,0.1481481481481481,-8.43669590154109,0.6666666666666666,0.1851851851851851,7.479077868171236,0.1851851851851851,13.351312811433427,0.6296296296296297,0.1851851851851851,-9.860572081426517,27,0.2222222222222222,0.8888888888888888,0.1111111111111111,-2.597651528782128,0.5925925925925926,0.2962962962962963,2.6170782034547515,2024
683618,"Henriquez, Edgardo",2024,Dodgers,R,1.724875894,0.074074074074074,0.1851851851851851,0.0,,0.7407407407407407,0.2592592592592592,8.037876444234726,0.1481481481481481,8.38384810313731,0.6296296296296297,0.2222222222222222,-11.51486340411403,27,0.2592592592592592,0.7777777777777778,0.2222222222222222,-2.4081639890730067,0.4814814814814814,0.2962962962962963,3.146488224697003,2024
683822,"Uwasawa, Naoyuki",2024,Red Sox,R,1.695073315,0.037037037037037,0.2592592592592592,0.1111111111111111,-6.756090908283358,0.6666666666666666,0.2222222222222222,6.520654349882482,0.1111111111111111,9.280735721832906,0.7037037037037037,0.1851851851851851,-10.74420862031272,27,0.1851851851851851,0.7777777777777778,0.1481481481481481,-4.302163334484899,0.7037037037037037,0.1481481481481481,2.644172477718529,2024
687396,"Headrick, Brent",2024,Twins,L,3.672483047,0.1851851851851851,0.1481481481481481,0.037037037037037,-4.071510097594302,0.7037037037037037,0.2592592592592592,10.82789746236686,0.3333333333333333,14.76530062729278,0.5555555555555556,0.1111111111111111,-11.098591508906283,27,0.3333333333333333,1.0,0.1851851851851851,-3.1840352919435224,0.4814814814814814,0.3333333333333333,2.752287934808066,2024
664123,"Effross, Scott",2024,Yankees,R,3.433100658,0.0769230769230769,0.3076923076923077,0.0,,0.6923076923076923,0.3076923076923077,8.041681380032651,0.3461538461538461,11.60264468208279,0.4615384615384615,0.1923076923076923,-12.851664228255135,26,0.1538461538461538,0.8461538461538461,0.0769230769230769,-2.5912949343963616,0.7307692307692307,0.1923076923076923,3.060322141186844,2024
656657,"Logue, Zach",2024,Dodgers,L,0.996258983,0.0769230769230769,0.2692307692307692,0.0,,0.7692307692307693,0.2307692307692307,6.542126524255069,0.0384615384615384,15.58437659726752,0.5769230769230769,0.3846153846153846,-10.177360910576471,26,0.3461538461538461,1.0,0.0,,0.5769230769230769,0.4230769230769231,3.051930737532736,2024
666207,"Pint, Riley",2024,Rockies,R,2.052450842,0.04,0.2,0.2,-8.487409943525432,0.52,0.28,7.517093943982251,0.12,10.2420001599628,0.8,0.08,-8.683068826632557,25,0.36,0.92,0.12,-3.0423163688374038,0.72,0.16,3.515599770121158,2024
623451,"Stephens, Jackson",2024,Braves,R,2.032733251,0.12,0.24,0.16,-5.99250284783836,0.56,0.28,5.805397264669894,0.04,8.023582110827114,0.8,0.16,-13.754101841215084,25,0.2,0.92,0.04,-2.400787771843217,0.64,0.32,3.941364586333117,2024
543475,"Lyles, Jordan",2024,Royals,R,1.181767417,0.0416666666666666,0.3333333333333333,0.0,,0.7916666666666666,0.2083333333333333,7.543094204340912,0.2083333333333333,10.526991223554242,0.6666666666666666,0.125,-13.289633644663152,24,0.2916666666666667,0.9166666666666666,0.2083333333333333,-2.7014573534287525,0.6666666666666666,0.125,3.901214342119199,2024
682175,"Jacques, Joe",2024,zMLB,L,0.625942173,0.0416666666666666,0.3333333333333333,0.125,-9.548003855488776,0.625,0.25,6.35308236020188,0.125,14.157487039732745,0.7083333333333334,0.1666666666666666,-9.362470375168051,24,0.1666666666666666,0.8333333333333334,0.2083333333333333,-3.054586325434208,0.75,0.0416666666666666,2.8489382083077675,2024
686751,"Johnson, Seth",2024,Phillies,R,3.541427105,0.1304347826086956,0.391304347826087,0.0434782608695652,-4.268418521187453,0.782608695652174,0.1739130434782608,10.28439207469018,0.217391304347826,10.509608859577954,0.7391304347826086,0.0434782608695652,-15.904354241071166,23,0.2608695652173913,0.9130434782608696,0.1739130434782608,-4.890268767391687,0.5652173913043478,0.2608695652173913,3.321411862878768,2024
595928,"Curtiss, John",2024,Rockies,R,0.850968273,0.0434782608695652,0.217391304347826,0.0434782608695652,-4.159486063464374,0.8260869565217391,0.1304347826086956,5.458147987701822,0.0869565217391304,8.423450984337293,0.8260869565217391,0.0869565217391304,-8.803600817420103,23,0.2608695652173913,0.9130434782608696,0.0869565217391304,-3.809005075390793,0.5217391304347826,0.391304347826087,2.6778406128001038,2024
448179,"Hill, Rich",2024,Red Sox,L,3.568422873,0.1818181818181818,0.1818181818181818,0.1363636363636363,-4.970625691921654,0.4545454545454545,0.4090909090909091,9.165076393670258,0.4545454545454545,17.049085791296402,0.4545454545454545,0.0909090909090909,-10.372091694361265,22,0.3636363636363636,0.8181818181818182,0.1818181818181818,-2.5977833391711034,0.6363636363636364,0.1818181818181818,3.288770661499727,2024
690925,"Beeter, Clayton",2024,Yankees,R,2.794487589,0.2272727272727272,0.2272727272727272,0.0454545454545454,-6.327696452456102,0.5909090909090909,0.3636363636363636,7.717073601563651,0.1818181818181818,16.41210334044953,0.7727272727272727,0.0454545454545454,-7.299962868219863,22,0.3636363636363636,0.9090909090909092,0.1818181818181818,-3.605169700719973,0.4545454545454545,0.3636363636363636,3.1036277754220345,2024
571527,"Buchanan, David",2024,Reds,R,1.091156775,0.0,0.2857142857142857,0.0952380952380952,-6.398595003869875,0.7619047619047619,0.1428571428571428,8.140517038595414,0.238095238095238,13.12731705589613,0.7142857142857143,0.0476190476190476,-12.574903673316932,21,0.1904761904761904,0.9047619047619048,0.0476190476190476,-2.950226337296035,0.8571428571428571,0.0952380952380952,2.388889457015373,2024
621399,"Feigl, Brady",2024,Pirates,L,1.344670374,0.0,0.3333333333333333,0.0476190476190476,-6.728727922124129,0.8571428571428571,0.0952380952380952,9.015208317259624,0.0476190476190476,10.37155386279007,0.6190476190476191,0.3333333333333333,-9.935821393855903,21,0.0952380952380952,0.9047619047619048,0.0,,0.7142857142857143,0.2857142857142857,2.475191514999645,2024
695549,"Jobe, Jackson",2024,Tigers,R,0.869291202,0.0,0.45,0.0,,0.8,0.2,5.122400955301765,0.05,8.345884231017271,0.8,0.15,-8.939341437731239,20,0.1,1.0,0.1,-2.748672346574724,0.75,0.15,3.011790844238043,2024
670161,"Dunshee, Parker",2024,Braves,R,2.266090293,0.2,0.35,0.05,-4.7969587354842815,0.65,0.3,9.713293627083434,0.2,13.5843695185754,0.7,0.1,-18.857657369204265,20,0.4,0.95,0.15,-3.2856279909111867,0.5,0.35,3.957682699995452,2024
671109,"Eder, Jake",2024,White Sox,L,4.205743056,0.1052631578947368,0.1578947368421052,0.1052631578947368,-9.13392857315122,0.631578947368421,0.2631578947368421,6.698291547591458,0.2105263157894736,12.448759719621302,0.4210526315789473,0.3684210526315789,-10.833707557471088,19,0.3157894736842105,0.7894736842105263,0.2105263157894736,-5.823555900259509,0.4736842105263157,0.3157894736842105,3.1779870793212144,2024
664139,"Gibaut, Ian",2024,Reds,R,0.503305644,0.0,0.3684210526315789,0.1052631578947368,-4.9119251417972425,0.8421052631578947,0.0526315789473684,4.380487439915001,0.0,,0.8947368421052632,0.1052631578947368,-9.403066475383522,19,0.1052631578947368,1.0,0.1052631578947368,-2.851972643986282,0.631578947368421,0.2631578947368421,2.195395077234918,2024
676568,"Vanasco, Ricky",2024,zMLB,R,0.884473374,0.0526315789473684,0.4736842105263157,0.0526315789473684,-4.963205011557839,0.8421052631578947,0.1052631578947368,8.006375948076483,0.0526315789473684,8.631680719576135,0.8947368421052632,0.0526315789473684,-19.15862006121367,19,0.1052631578947368,0.9473684210526316,0.0526315789473684,-2.4048084942892856,0.7894736842105263,0.1578947368421052,3.461328727824689,2024
686790,"McDonald, Trevor",2024,Giants,R,0.559109868,0.0526315789473684,0.2105263157894736,0.1052631578947368,-4.85534089789841,0.5789473684210527,0.3157894736842105,5.9698059450850245,0.2631578947368421,10.093634804323766,0.7368421052631579,0.0,,19,0.1578947368421052,1.0,0.3157894736842105,-2.522298925246256,0.631578947368421,0.0526315789473684,2.8322947959037568,2024
659275,"Lamet, Dinelson",2024,Dodgers,R,5.791799944,0.1111111111111111,0.1666666666666666,0.0555555555555555,-5.098911620778164,0.6666666666666666,0.2777777777777778,8.25794733403378,0.1111111111111111,13.24201267145422,0.6111111111111112,0.2777777777777778,-8.576489661380903,18,0.1666666666666666,0.8888888888888888,0.1111111111111111,-4.6402109431315495,0.6111111111111112,0.2777777777777778,2.5380477178719336,2024
679358,"Orze, Eric",2024,Mets,R,3.483683214,0.1111111111111111,0.2222222222222222,0.0555555555555555,-4.780725688449429,0.6111111111111112,0.3333333333333333,6.474539231733685,0.2777777777777778,11.555594278393825,0.6111111111111112,0.1111111111111111,-9.775775332365,18,0.1111111111111111,0.9444444444444444,0.2222222222222222,-3.203983844281346,0.6666666666666666,0.1111111111111111,2.244932003288165,2024
656458,"Gilbreath, Lucas",2024,Rockies,L,,0.0,0.3529411764705882,0.0,,0.9411764705882352,0.0588235294117647,24.609141598076945,0.1764705882352941,10.242174140733605,0.7058823529411765,0.1176470588235294,-9.568921752804313,17,0.0,0.9411764705882352,0.0,,0.6470588235294118,0.3529411764705882,3.254588070272755,2024
681806,"Wantz, Andrew",2024,Angels,R,0.469909304,0.0588235294117647,0.0588235294117647,0.1176470588235294,-4.823982697419675,0.7058823529411765,0.1764705882352941,6.044847109871519,0.0588235294117647,8.96680216723077,0.5294117647058824,0.4117647058823529,-10.374059083984491,17,0.2941176470588235,0.8235294117647058,0.1176470588235294,-2.3545309830868217,0.2941176470588235,0.5882352941176471,2.834885668289342,2024
666208,"Speas, Alex",2024,Astros,R,1.359279044,0.0625,0.1875,0.125,-5.136503429100497,0.375,0.5,7.894999588989772,0.25,10.449771648763182,0.6875,0.0625,-13.133633852904335,16,0.3125,0.875,0.0625,-2.2138391755892743,0.9375,0.0,,2024
669165,"Hurt, Kyle",2024,Dodgers,R,4.634232216,0.0666666666666666,0.3333333333333333,0.0,,0.6666666666666666,0.3333333333333333,6.817423785388949,0.1333333333333333,12.579356811858233,0.6666666666666666,0.2,-9.244535348340262,15,0.0666666666666666,0.9333333333333332,0.0666666666666666,-3.594494370056019,0.8666666666666667,0.0666666666666666,2.0419912670433686,2024
670219,"Kristofak, Zac",2024,Angels,R,3.366003588,0.2142857142857142,0.3571428571428571,0.0,,0.5714285714285714,0.4285714285714285,8.702312990631963,0.0714285714285714,13.434678405587256,0.5714285714285714,0.3571428571428571,-12.66662888948285,14,0.4285714285714285,0.6428571428571429,0.2142857142857142,-5.3988158708182254,0.5714285714285714,0.2142857142857142,4.73458867763823,2024
623437,"Topa, Justin",2024,Twins,R,2.646712788,0.1428571428571428,0.0714285714285714,0.2142857142857142,-4.859835081831707,0.4285714285714285,0.3571428571428571,9.8126172592782,0.3571428571428571,13.009112257211168,0.4285714285714285,0.2142857142857142,-11.52898314045876,14,0.3571428571428571,1.0,0.1428571428571428,-2.328276537140772,0.7142857142857143,0.1428571428571428,3.066611669586244,2024
689266,"Dodd, Dylan",2024,Braves,L,1.580642052,0.0,0.0769230769230769,0.2307692307692307,-4.469906828333415,0.6153846153846154,0.1538461538461538,6.984524726517007,0.4615384615384615,10.554755033484568,0.3846153846153846,0.1538461538461538,-9.994945670519908,13,0.0769230769230769,1.0,0.0769230769230769,-4.119004582912517,0.6153846153846154,0.3076923076923077,2.5168479969820687,2024
670103,"Burgos, Raymond",2024,Giants,L,3.494965512,0.0,0.2307692307692307,0.0,,0.5384615384615384,0.4615384615384615,7.833609670221085,0.3076923076923077,9.592295831795033,0.3846153846153846,0.3076923076923077,-9.833450458785665,13,0.1538461538461538,1.0,0.0,,0.5384615384615384,0.4615384615384615,2.739404780986393,2024
702795,"Loutos, Ryan",2024,Cardinals,R,1.543461096,0.0,0.2307692307692307,0.0769230769230769,-5.621105899806434,0.7692307692307693,0.1538461538461538,4.781285417683213,0.0769230769230769,14.056435922969518,0.3846153846153846,0.5384615384615384,-9.31064958640298,13,0.1538461538461538,0.9230769230769232,0.0,,0.7692307692307693,0.2307692307692307,3.855745987594062,2024
664948,"Misiewicz, Anthony",2024,Yankees,L,1.558495866,0.2307692307692307,0.2307692307692307,0.0769230769230769,-5.342763555655839,0.5384615384615384,0.3846153846153846,7.221707995170372,0.3846153846153846,11.053740051013635,0.4615384615384615,0.1538461538461538,-10.39203691440862,13,0.3846153846153846,0.8461538461538461,0.1538461538461538,-2.718666158067357,0.6153846153846154,0.2307692307692307,3.556361419932664,2024
650960,"Duarte, Daniel",2024,Twins,R,6.752755992,0.0,0.25,0.0833333333333333,-5.412914418900957,0.5833333333333334,0.3333333333333333,9.648328588407733,0.0833333333333333,9.292806667536196,0.8333333333333334,0.0833333333333333,-7.634242672036538,12,0.1666666666666666,0.8333333333333334,0.0833333333333333,-7.949698550111082,0.5833333333333334,0.3333333333333333,2.190770752015431,2024
640454,"Krook, Matt",2024,Orioles,L,3.180544962,0.0833333333333333,0.1666666666666666,0.0,,0.5833333333333334,0.4166666666666667,8.859544040091352,0.3333333333333333,13.042492201945622,0.6666666666666666,0.0,,12,0.1666666666666666,0.9166666666666666,0.0833333333333333,-2.0533228810460007,0.5833333333333334,0.3333333333333333,2.465556982724785,2024
668970,"Hollowell, Gavin",2024,Cubs,R,2.341257696,0.0,0.1666666666666666,0.0,,0.75,0.25,6.970628861558102,0.1666666666666666,9.72479937182853,0.75,0.0833333333333333,-8.032869500520707,12,0.25,1.0,0.0833333333333333,-5.5364778627082165,0.6666666666666666,0.25,2.4403971342478616,2024
680689,"Richardson, Lyon",2024,Reds,R,7.822188668,0.0,0.1666666666666666,0.1666666666666666,-8.499438023717826,0.6666666666666666,0.1666666666666666,14.200742818610376,0.0833333333333333,25.149224190432637,0.8333333333333334,0.0833333333333333,-10.666669591450828,12,0.1666666666666666,0.9166666666666666,0.25,-2.2253179068978977,0.5,0.25,2.5558220589026366,2024
686294,"Willingham, Amos",2024,Nationals,R,1.37765796,0.0,0.1818181818181818,0.0909090909090909,-4.57182277035152,0.7272727272727273,0.1818181818181818,6.0672539683679965,0.0,,0.5454545454545454,0.4545454545454545,-9.31753557138942,11,0.1818181818181818,0.8181818181818182,0.0909090909090909,-2.784026844140328,0.6363636363636364,0.2727272727272727,2.7250718081792265,2024
685314,"Saalfrank, Andrew",2024,Diamondbacks,L,9.215165592,0.1,0.3,0.1,-4.416609389285874,0.4,0.5,10.226389487194147,0.1,21.66705787262801,0.9,0.0,,10,0.2,1.0,0.1,-3.379564515545736,0.9,0.0,,2024
571863,"Koch, Matt",2024,Rockies,R,2.840942832,0.0,0.3,0.1,-8.1374627426082,0.7,0.2,8.6305415006907,0.2,10.727113532861535,0.6,0.2,-10.394179938254169,10,0.2,0.8,0.0,,0.9,0.1,5.66130208517753,2024
543063,"Crawford, Brandon",2024,Cardinals,R,,0.0,0.2222222222222222,0.3333333333333333,-5.069513262050674,0.2222222222222222,0.4444444444444444,6.318235366666231,0.0,,0.7777777777777778,0.2222222222222222,-8.414658026928446,9,0.0,0.6666666666666666,0.0,,0.8888888888888888,0.1111111111111111,3.124401350092994,2024
677076,"Andrews, Clayton",2024,Yankees,L,1.664422429,0.125,0.0,0.125,-5.049794216376366,0.625,0.25,7.318515671081185,0.5,14.133661934416208,0.375,0.125,-8.135884559007497,8,0.375,0.875,0.375,-2.865875266649592,0.5,0.125,2.650617098647379,2024
656896,"Rivera, Emmanuel",2024,Marlins,R,4.088344854,0.0,0.125,0.0,,0.875,0.125,19.40308739327222,0.5,16.44554631144505,0.125,0.375,-8.807425091007394,8,0.25,1.0,0.125,-2.595221444255516,0.75,0.125,2.1328456789654067,2024
657193,"Alvarez, Eddy",2024,Mets,R,0.742212924,0.0,0.2857142857142857,0.1428571428571428,-4.373101545993798,0.7142857142857143,0.1428571428571428,10.160681684439442,0.2857142857142857,15.085643119176318,0.7142857142857143,0.0,,7,0.1428571428571428,1.0,0.0,,0.7142857142857143,0.2857142857142857,2.908334102852665,2024
622766,"Díaz, Miguel",2024,Astros,R,1.494495492,0.0,0.1428571428571428,0.0,,0.8571428571428571,0.1428571428571428,8.477973650341507,0.2857142857142857,8.805326907924915,0.4285714285714285,0.2857142857142857,-12.084394004336415,7,0.1428571428571428,1.0,0.0,,0.4285714285714285,0.5714285714285714,2.9257938753077206,2024
687847,"Church, Marc",2024,Rangers,R,4.186114266,0.2857142857142857,0.4285714285714285,0.0,,0.5714285714285714,0.4285714285714285,9.671901660656566,0.2857142857142857,10.4343630570375,0.5714285714285714,0.1428571428571428,-20.897211958046498,7,0.2857142857142857,0.7142857142857143,0.2857142857142857,-3.806672723707492,0.5714285714285714,0.1428571428571428,2.698827842253773,2024
641401,"Brogdon, Connor",2024,Dodgers,R,,0.0,0.4285714285714285,0.0,,0.5714285714285714,0.4285714285714285,4.887389600833399,0.4285714285714285,18.920279385951662,0.4285714285714285,0.1428571428571428,-7.54886940073378,7,0.0,1.0,0.0,,0.8571428571428571,0.1428571428571428,2.086356839544179,2024
668874,"Henley, Blair",2024,Astros,R,1.330438836,0.0,0.1666666666666666,0.0,,0.3333333333333333,0.6666666666666666,5.3066272061799244,0.0,,0.8333333333333334,0.1666666666666666,-8.827010432436053,6,0.1666666666666666,1.0,0.1666666666666666,-3.806556721088507,0.8333333333333334,0.0,,2024
624431,"Trevino, Jose",2024,Yankees,R,,0.0,0.0,0.0,,0.6,0.4,5.312496737689722,0.6,11.519191381737167,0.2,0.2,-19.088482825289365,5,0.0,1.0,0.0,,0.8,0.2,2.108008641582277,2024
641658,"Hampson, Garrett",2024,Royals,R,,0.0,0.4,0.0,,1.0,0.0,,0.4,13.253047602619956,0.6,0.0,,5,0.0,1.0,0.0,,1.0,0.0,,2024
656716,"McKinstry, Zach",2024,Tigers,R,,0.0,0.2,0.2,-4.235493523818235,0.8,0.0,,0.2,16.60461456004179,0.6,0.2,-7.377796178011536,5,0.0,1.0,0.2,-2.2303693181986115,0.8,0.0,,2024
669395,"Coleman, Dylan",2024,Astros,R,2.848176696,0.0,0.4,0.0,,0.8,0.2,11.450927682439126,0.4,8.696567226192947,0.6,0.0,,5,0.2,0.8,0.0,,1.0,0.0,,2024
642528,"Loáisiga, Jonathan",2024,Yankees,R,,0.0,0.0,0.0,,0.4,0.6,5.753694452039987,0.6,9.4884040419588,0.4,0.0,,5,0.0,1.0,0.2,-2.026931323562527,0.6,0.2,2.4205907208410395,2024
703231,"Meeker, James",2024,Brewers,R,,0.0,0.6,0.0,,1.0,0.0,,0.0,,0.8,0.2,-8.55202218540586,5,0.0,1.0,0.2,-2.4557655017842945,0.8,0.0,,2024
571912,"Maile, Luke",2024,Reds,R,,0.0,0.0,0.25,-4.068003171887945,0.75,0.0,,0.5,15.965007169650502,0.5,0.0,,4,0.0,1.0,0.0,,1.0,0.0,,2024
592741,"Shreve, Chasen",2024,Rockies,L,,0.0,0.75,0.0,,1.0,0.0,,0.0,,1.0,0.0,,4,0.0,1.0,0.0,,0.75,0.25,2.1531403611841538,2024
605218,"Edwards Jr., Carl",2024,Padres,R,7.181354712,0.0,0.0,0.25,-4.594033918507083,0.5,0.25,4.406998483860647,0.5,11.567352716670593,0.5,0.0,,4,0.25,0.75,0.5,-5.76039021953644,0.5,0.0,,2024
668942,"Rojas, Josh",2024,Mariners,R,,0.0,0.3333333333333333,0.3333333333333333,-5.508666096240461,0.6666666666666666,0.0,,0.6666666666666666,12.779898550522532,0.3333333333333333,0.0,,3,0.0,1.0,0.0,,1.0,0.0,,2024
676391,"Clement, Ernie",2024,Blue Jays,R,,0.0,0.6666666666666666,0.0,,0.6666666666666666,0.3333333333333333,4.106635028692974,0.3333333333333333,23.139101649416464,0.6666666666666666,0.0,,3,0.0,1.0,0.0,,0.6666666666666666,0.3333333333333333,2.666233361941704,2024
622088,"Antone, Tejay",2024,Reds,R,5.93239002,0.0,0.0,0.3333333333333333,-4.065698827262814,0.3333333333333333,0.3333333333333333,14.926905909070388,0.3333333333333333,8.496359208136196,0.3333333333333333,0.3333333333333333,-7.007289118196955,3,0.3333333333333333,1.0,0.0,,1.0,0.0,,2024
596117,"Stubbs, Garrett",2024,Phillies,R,,0.0,1.0,0.0,,1.0,0.0,,0.0,,1.0,0.0,,2,0.0,1.0,0.0,,1.0,0.0,,2024
666163,"Rortvedt, Ben",2024,Rays,R,,0.0,0.0,0.0,,1.0,0.0,,1.0,15.03247824349457,0.0,0.0,,2,0.0,1.0,0.0,,1.0,0.0,,2024
545121,"Vargas, Ildemaro",2024,Nationals,R,3.910260984,0.5,0.5,0.5,-9.203788819360748,0.5,0.0,,0.0,,0.5,0.5,-14.712066742058743,2,0.5,0.5,0.5,-5.845453758089052,0.5,0.0,,2024
660644,"Bruján, Vidal",2024,Marlins,R,0.1,0.0,0.0,0.0,,0.0,1.0,6.899423636037982,1.0,16.31441565604865,0.0,0.0,,2,0.5,1.0,0.0,,1.0,0.0,,2024
622569,"Reyes, Pablo",2024,Red Sox,R,,0.0,0.5,0.0,,1.0,0.0,,0.5,10.630995492795313,0.5,0.0,,2,0.0,1.0,0.0,,1.0,0.0,,2024
687145,"Justice, Evan",2024,Rockies,L,4.01796306,0.0,0.0,0.0,,1.0,0.0,,0.5,8.01525704233705,0.5,0.0,,2,0.5,0.5,0.5,-6.349375043507285,0.5,0.0,,2024
571771,"Hernández, Enrique",2024,Dodgers,R,,0.0,0.0,0.5,-4.468299481885435,0.5,0.0,,1.0,20.123201178841537,0.0,0.0,,2,0.0,1.0,0.0,,0.5,0.5,2.0645093216190933,2024
667478,"Kravetz, Evan",2024,Reds,L,,0.0,0.5,0.5,-4.102088612875097,0.5,0.0,,0.0,,1.0,0.0,,2,0.0,1.0,0.0,,1.0,0.0,,2024
641343,"Bauers, Jake",2024,Brewers,L,,0.0,0.0,0.0,,1.0,0.0,,0.0,,0.0,1.0,-7.0374410438464645,1,0.0,1.0,0.0,,1.0,0.0,,2024
593833,"Suero, Wander",2024,Astros,R,,0.0,1.0,0.0,,1.0,0.0,,0.0,,1.0,0.0,,1,0.0,1.0,0.0,,1.0,0.0,,2024
593934,"Sanó, Miguel",2024,Angels,R,,0.0,0.0,0.0,,1.0,0.0,,0.0,,0.0,1.0,-9.458725344924998,1,0.0,1.0,0.0,,1.0,0.0,,2024
676979,"Crochet, Garrett",2025,Red Sox,L,2.827840894,0.0773098680075424,0.1835323695788812,0.1206788183532369,-6.393096592636717,0.6354494028912634,0.2438717787554996,8.600396881388974,0.1703331238214959,12.214985934687128,0.6612193588937775,0.1684475172847266,-10.775769777824376,1591,0.2979258328095537,0.8937774984286612,0.1627906976744186,-4.0999327413404405,0.5518541797611565,0.2853551225644249,3.157143579044151,2025
669373,"Skubal, Tarik",2025,Tigers,L,3.36492782,0.1149047931713723,0.1667760998030203,0.0919238345370978,-5.766304536672121,0.5692711753118844,0.3388049901510177,9.057333238455495,0.2179908076165463,12.91374320496441,0.5502298095863427,0.2317793827971109,-10.65099945163378,1523,0.3296126066973079,0.8877216021011162,0.1510177281680893,-3.4308223924078978,0.5548260013131976,0.294156270518713,3.16619786282295,2025
592332,"Gausman, Kevin",2025,Blue Jays,R,3.092194306,0.0861842105263158,0.2039473684210526,0.0651315789473684,-5.794751571218166,0.6526315789473685,0.2822368421052632,8.47115098406554,0.2644736842105263,12.329742450070812,0.5776315789473684,0.1578947368421052,-9.842522335635117,1520,0.2657894736842105,0.938157894736842,0.1486842105263157,-3.4555978038421795,0.5802631578947368,0.2710526315789474,2.877907826712017,2025
622491,"Castillo, Luis",2025,Mariners,R,2.378424912,0.0644942294636795,0.2240325865580448,0.0916496945010183,-6.422795997969223,0.6945010183299389,0.2138492871690427,8.127056169093123,0.1337406653088934,12.386930029333351,0.7067209775967414,0.1595383570943652,-9.858457179595314,1473,0.2450780719619823,0.9307535641547862,0.098438560760353,-3.412884700491784,0.5899524779361847,0.3116089613034623,2.9896356065675715,2025
592662,"Ray, Robbie",2025,Giants,L,2.551203715,0.0720108695652173,0.21875,0.0523097826086956,-5.446325580037672,0.7262228260869565,0.2214673913043478,8.170496240503681,0.1976902173913043,11.928693061501273,0.6365489130434783,0.1657608695652173,-10.34529783710282,1472,0.2826086956521739,0.9171195652173914,0.1345108695652173,-3.846283955054411,0.5475543478260869,0.3179347826086957,2.992528883592988,2025
657277,"Webb, Logan",2025,Giants,R,2.275345655,0.0673469387755102,0.2442176870748299,0.1054421768707483,-6.408576722250061,0.6476190476190476,0.246938775510204,7.861134116184379,0.1428571428571428,10.532457006655871,0.6714285714285714,0.1857142857142857,-10.987216253570953,1470,0.2517006802721088,0.8945578231292517,0.1857142857142857,-3.3207225628133834,0.6285714285714286,0.1857142857142857,3.0869730576453147,2025
579328,"Kikuchi, Yusei",2025,Angels,L,2.839474809,0.0673539518900343,0.2323024054982818,0.068041237113402,-6.219278266480486,0.6872852233676976,0.2446735395189003,8.001198090347568,0.1786941580756013,12.270785846709272,0.6446735395189004,0.1766323024054983,-10.397139730843223,1455,0.2371134020618556,0.923024054982818,0.1223367697594501,-3.929721966281312,0.6247422680412371,0.2529209621993127,3.0015989971559875,2025
694973,"Skenes, Paul",2025,Pirates,R,2.878671525,0.0840220385674931,0.1921487603305785,0.1053719008264462,-9.721645847436603,0.6060606060606061,0.2885674931129476,8.745577892418044,0.1880165289256198,13.13149206445511,0.650137741046832,0.1618457300275482,-10.65193688240782,1452,0.3023415977961432,0.8774104683195593,0.1411845730027548,-3.6972874835938905,0.5619834710743802,0.296831955922865,3.1232727819659467,2025
656302,"Cease, Dylan",2025,Padres,R,3.455174181,0.1147994467496542,0.1749654218533886,0.0594744121715076,-6.103416981047692,0.6293222683264177,0.3112033195020747,8.650474193423477,0.2268326417704011,12.167717268368603,0.6313969571230982,0.1417704011065007,-10.159537891709077,1446,0.3409405255878285,0.8824343015214384,0.1943291839557399,-4.2647234329729,0.5269709543568465,0.2786998616874135,3.0286421776313373,2025
608331,"Fried, Max",2025,Yankees,L,2.599268186,0.0787456445993031,0.2181184668989547,0.1324041811846689,-6.431275439489714,0.6118466898954704,0.2557491289198606,8.598402073826769,0.1867595818815331,14.011670692343838,0.6104529616724739,0.202787456445993,-10.879631610063305,1435,0.2668989547038327,0.910801393728223,0.1721254355400696,-3.2599381608265774,0.645993031358885,0.1818815331010453,3.0177443377083764,2025
642547,"Peralta, Freddy",2025,Brewers,R,3.149044719,0.086803105151729,0.1792519407198306,0.0762173606210303,-5.652295998400899,0.652787579393084,0.2709950599858857,9.54315684868054,0.2526464361326747,13.576631487877512,0.5779816513761468,0.1693719124911785,-10.582480351510808,1417,0.305575158786168,0.89484827099506,0.1404375441072688,-3.47995416956285,0.5617501764290755,0.2978122794636556,3.1247243808259944,2025
607074,"Rodón, Carlos",2025,Yankees,L,3.153235759,0.0797459421312632,0.2215949188426252,0.0649258997882851,-6.449942773278644,0.6450247000705717,0.2900494001411433,8.029800567733348,0.2081863091037403,11.959181484411753,0.6937191249117854,0.0980945659844742,-10.480187910300462,1417,0.3076923076923077,0.92166549047283,0.2011291460832745,-4.100136259422654,0.5617501764290755,0.2371206774876499,2.969106996446333,2025
693433,"Woo, Bryan",2025,Mariners,R,2.176886133,0.0438782731776362,0.2215145081387119,0.1068648266100495,-6.097814935084561,0.7020523708421798,0.1910828025477707,8.15815060089689,0.1004953998584571,11.60004861674413,0.721868365180467,0.1776362349610757,-10.089136053906216,1413,0.2661004953998584,0.9094125973106864,0.0842179759377211,-3.5568104233517657,0.5612172682236376,0.3545647558386411,2.986826778924297,2025
641793,"Littell, Zack",2025,zMLB,R,2.05925545,0.0534188034188034,0.2635327635327635,0.0776353276353276,-5.559800415297571,0.7222222222222222,0.2001424501424501,7.534919061786731,0.2022792022792023,11.267033372231326,0.6837606837606838,0.1139601139601139,-10.620358675398824,1404,0.2094017094017094,0.928062678062678,0.1139601139601139,-3.0249008862580533,0.6452991452991453,0.2407407407407407,2.9011975347666814,2025
666200,"Luzardo, Jesús",2025,Phillies,L,3.723805904,0.0912981455064194,0.1947218259629101,0.0955777460770328,-5.959920577195045,0.6184022824536377,0.2860199714693295,9.589479810491191,0.2482168330955777,12.182967544683686,0.5884450784593438,0.1633380884450784,-10.47945686809525,1402,0.3131241084165478,0.9008559201141226,0.1854493580599144,-3.854622125219033,0.6027104136947218,0.2118402282453637,3.0305034342728763,2025
694297,"Pfaadt, Brandon",2025,Diamondbacks,R,2.893110157,0.0521428571428571,0.25,0.0921428571428571,-6.209344783596449,0.6221428571428571,0.2857142857142857,8.196880112395476,0.2278571428571428,11.677322053239427,0.6785714285714286,0.0935714285714285,-10.192211921764928,1400,0.2221428571428571,0.9335714285714286,0.1221428571428571,-3.35623486248435,0.6857142857142857,0.1921428571428571,2.9655798296051974,2025
645261,"Alcantara, Sandy",2025,Marlins,R,2.698189734,0.0555555555555555,0.238095238095238,0.1002886002886002,-6.252809282714402,0.6688311688311688,0.2308802308802308,8.092736337535591,0.1810966810966811,11.06450804409048,0.6926406926406926,0.1262626262626262,-10.1865085131664,1386,0.2128427128427128,0.943001443001443,0.1507936507936507,-3.2035893789483008,0.6746031746031746,0.1746031746031746,2.815640531829515,2025
650911,"Sánchez, Cristopher",2025,Phillies,L,3.552876407,0.1099060014461316,0.2169197396963123,0.0412147505422993,-6.895951456985223,0.5357917570498916,0.4229934924078091,8.446764866259937,0.3065798987707881,12.24384853286916,0.549530007230658,0.1438900939985538,-10.792642740487778,1383,0.2964569775849602,0.9320318148951554,0.2321041214750542,-3.45729907289303,0.6652205350686913,0.1026753434562545,2.795279223530439,2025
571510,"Boyd, Matthew",2025,Cubs,L,3.012710989,0.0532069970845481,0.1975218658892128,0.0772594752186588,-5.830453083894403,0.6632653061224489,0.2594752186588921,9.026352894168294,0.3002915451895043,14.70428020657203,0.5626822157434402,0.1370262390670553,-10.20237236656761,1372,0.2332361516034985,0.9088921282798834,0.0809037900874635,-3.367966736828161,0.6632653061224489,0.2558309037900874,2.8111156183761463,2025
668678,"Gallen, Zac",2025,Diamondbacks,R,3.508363527,0.0854014598540146,0.2591240875912409,0.0656934306569343,-5.807346394692605,0.6620437956204379,0.2722627737226277,8.07730127671939,0.2598540145985401,11.904300658838329,0.6313868613138686,0.1087591240875912,-10.636591999697975,1370,0.2394160583941605,0.9153284671532846,0.181021897810219,-3.7280543171538585,0.6496350364963503,0.1693430656934306,2.8322647360080264,2025
669022,"Gore, MacKenzie",2025,Nationals,L,3.370848584,0.0933137398971344,0.2079353416605437,0.0808229243203526,-5.645935344693148,0.6891991182953711,0.2299779573842762,9.136688797032283,0.2152828802351212,12.562845498000817,0.6127847171197649,0.1719324026451139,-10.13897330324664,1361,0.2975753122703894,0.9000734753857458,0.1756061719324026,-4.129528984256229,0.5495958853783982,0.2747979426891991,2.978119265935807,2025
657746,"Ryan, Joe",2025,Twins,R,2.183875207,0.0515084621044885,0.2001471670345842,0.0853568800588668,-6.029168679516093,0.7247976453274466,0.1898454746136865,8.337194262202983,0.1427520235467255,12.624930694903837,0.6880058866813834,0.1692420897718911,-10.174560653329156,1359,0.2649006622516556,0.9212656364974244,0.0728476821192053,-3.765089290461489,0.5938189845474614,0.3333333333333333,3.029597146885921,2025
656605,"Keller, Mitch",2025,Pirates,R,2.675206544,0.0495562130177514,0.2418639053254437,0.0843195266272189,-6.012548009029207,0.6878698224852071,0.2278106508875739,7.906112562650391,0.1575443786982248,11.999122232423538,0.6693786982248521,0.173076923076923,-10.251744503196058,1352,0.2100591715976331,0.9215976331360948,0.1205621301775148,-3.633762948984759,0.6272189349112426,0.2522189349112426,2.8464179314789804,2025
680730,"Parker, Mitchell",2025,Nationals,L,4.00996812,0.074074074074074,0.2637037037037037,0.0548148148148148,-5.817804539217255,0.7133333333333334,0.2318518518518518,7.932577363001594,0.1992592592592592,12.296367090995291,0.6422222222222222,0.1585185185185185,-10.582019599786332,1350,0.1985185185185185,0.9103703703703704,0.1296296296296296,-4.704025392406329,0.6548148148148148,0.2155555555555555,2.806230486116778,2025
518876,"Kelly, Merrill",2025,zMLB,R,2.272815854,0.0617559523809523,0.2455357142857142,0.0982142857142857,-5.956333869611058,0.6302083333333334,0.2715773809523809,7.094104401433889,0.1741071428571428,10.626185043717191,0.7291666666666666,0.0967261904761904,-9.815244123432826,1344,0.2470238095238095,0.9293154761904762,0.165922619047619,-3.531263849415301,0.6376488095238095,0.1964285714285714,2.9413879729388066,2025
663623,"Irvin, Jake",2025,Nationals,R,2.095366833,0.0492170022371364,0.2721849366144668,0.093214019388516,-5.8676938250829815,0.7002237136465325,0.2065622669649515,7.555054245396167,0.2453392990305742,12.61353342359302,0.639075316927666,0.1155853840417598,-10.461246871123269,1341,0.1841909023117076,0.9269202087994034,0.1006711409395973,-2.980410968855214,0.7218493661446681,0.1774794929157345,2.9088590040939035,2025
686752,"Pepiot, Ryan",2025,Rays,R,2.372784223,0.0706235912847483,0.222389181066867,0.0901577761081893,-6.035508097649591,0.70473328324568,0.2051089406461307,7.734576838741049,0.1359879789631855,11.474765000755664,0.7122464312546957,0.1517655897821187,-10.801650038454843,1331,0.2622088655146506,0.9120961682945156,0.106686701728024,-3.746227641618421,0.5492111194590533,0.3441021788129226,3.0837224140500727,2025
676440,"Bibee, Tanner",2025,Guardians,R,3.536460571,0.0785498489425981,0.2099697885196374,0.086858006042296,-5.7648880470917785,0.627643504531722,0.2854984894259819,8.956600838639089,0.2787009063444108,12.731431602487064,0.5853474320241692,0.1359516616314199,-10.25146300882516,1324,0.2447129909365558,0.9025679758308156,0.1291540785498489,-3.4953723014982403,0.6706948640483383,0.2001510574018127,2.906716067947964,2025
594798,"deGrom, Jacob",2025,Rangers,R,3.149186857,0.0871212121212121,0.2287878787878788,0.056060606060606,-5.901310930592021,0.6477272727272727,0.2962121212121212,8.393113653972039,0.1674242424242424,11.344211948878115,0.7053030303030303,0.1272727272727272,-9.65919158657998,1320,0.3068181818181818,0.9143939393939394,0.1674242424242424,-3.900166740199961,0.5568181818181818,0.2757575757575757,3.0042594404495686,2025
664285,"Valdez, Framber",2025,Astros,L,3.171852627,0.078030303030303,0.2568181818181818,0.0727272727272727,-7.073134668575508,0.646969696969697,0.2803030303030303,7.359254521872019,0.2083333333333333,11.833743559362407,0.6757575757575758,0.1159090909090909,-10.479457328925603,1320,0.2689393939393939,0.9159090909090908,0.281060606060606,-3.9875373607062143,0.6348484848484849,0.084090909090909,2.947329628200707,2025
668909,"Williams, Gavin",2025,Guardians,R,3.827967412,0.0866920152091254,0.2326996197718631,0.067680608365019,-6.163429216855131,0.6844106463878327,0.2479087452471483,9.267129489341086,0.1817490494296578,12.194990434920786,0.6532319391634981,0.1650190114068441,-10.672551664680698,1315,0.2813688212927757,0.8866920152091254,0.15893536121673,-4.238632307376269,0.5817490494296578,0.2593155893536121,3.086213219650464,2025
671096,"Abbott, Andrew",2025,Reds,L,2.362186232,0.0577367205542725,0.2070823710546574,0.0638953040800615,-6.43207367914221,0.6358737490377213,0.3002309468822171,7.868875071098413,0.2340261739799846,12.224171594559632,0.6158583525789069,0.1501154734411085,-10.580811966226134,1299,0.2440338722093918,0.9230177059276368,0.0785219399538106,-3.438241821473257,0.6628175519630485,0.2586605080831409,2.905406362532895,2025
686613,"Brown, Hunter",2025,Astros,R,2.602581978,0.0715935334872979,0.1955350269438029,0.123941493456505,-6.282225799152017,0.6143187066974596,0.2617397998460354,7.770733956614488,0.1062355658198614,10.93257599818762,0.6782140107775212,0.2155504234026174,-10.543651627665122,1299,0.2825250192455735,0.8914549653579676,0.1347190146266358,-4.216570290590293,0.552732871439569,0.3125481139337952,3.190937449666538,2025
601713,"Pivetta, Nick",2025,Padres,R,2.369189954,0.0484988452655889,0.2140107775211701,0.069284064665127,-5.435836303161364,0.7220939183987682,0.2086220169361047,8.261200502269398,0.216320246343341,12.426314964060523,0.6435719784449576,0.1401077752117013,-10.374833930357385,1299,0.2509622786759045,0.9030023094688222,0.0677444187836797,-3.591349633481923,0.5950731331793687,0.3371824480369515,3.035900144206533,2025
669358,"Baz, Shane",2025,Rays,R,2.799374215,0.0570107858243451,0.2211093990755007,0.0993836671802773,-6.258137722242236,0.6933744221879815,0.2072419106317411,7.965843678687338,0.1402157164869029,11.02468911900153,0.6694915254237288,0.1902927580893682,-10.16713812727644,1298,0.2604006163328197,0.8975346687211094,0.1309707241910631,-4.361655476273009,0.5677966101694916,0.3012326656394453,3.022995349858574,2025
665152,"Kremer, Dean",2025,Orioles,R,3.658875809,0.0733590733590733,0.2138996138996139,0.0586872586872586,-5.8007530257768725,0.6316602316602317,0.3096525096525097,8.98920179604648,0.2826254826254826,13.496190206698778,0.5814671814671815,0.1359073359073359,-10.312268219958822,1295,0.2316602316602316,0.9266409266409268,0.1003861003861003,-3.5031952934427,0.661003861003861,0.2386100386100386,2.867404995783009,2025
605488,"Springs, Jeffrey",2025,Athletics,L,3.530957584,0.0819032761310452,0.2207488299531981,0.0358814352574103,-5.941991596013941,0.6216848673946958,0.3424336973478939,9.163015097346545,0.3221528861154446,14.29481674571442,0.5616224648985959,0.1162246489859594,-10.612858244700934,1282,0.2620904836193448,0.8939157566302652,0.0881435257410296,-3.32265787543834,0.6708268330733229,0.2410296411856474,2.9511456584727696,2025
605135,"Bassitt, Chris",2025,Blue Jays,R,2.748995126,0.0915492957746478,0.1964006259780907,0.1205007824726134,-6.410921599196464,0.6071987480438185,0.272300469483568,8.428160042356197,0.2206572769953051,16.26200599656756,0.5446009389671361,0.2347417840375587,-11.28197431176472,1278,0.2331768388106416,0.877151799687011,0.1040688575899843,-3.4996432495056644,0.6377151799687011,0.2582159624413145,3.092833254370222,2025
663978,"Paddack, Chris",2025,zMLB,R,2.007815946,0.0584518167456556,0.244865718799368,0.0758293838862559,-5.347501121422796,0.7306477093206951,0.1935229067930489,7.290192422267245,0.1619273301737756,11.592400649440076,0.6635071090047393,0.174565560821485,-10.140913132218367,1266,0.2093206951026856,0.909952606635071,0.1011058451816745,-3.1703252582396093,0.5995260663507109,0.2993680884676145,2.888477595336308,2025
608379,"Wacha, Michael",2025,Royals,R,2.792566283,0.0689928628072958,0.2268041237113402,0.0880253766851705,-5.757992211570024,0.6661379857256146,0.2458366375892149,8.475066587820868,0.2965900079302141,13.227134339336825,0.5796986518636004,0.1237113402061855,-10.73625906138942,1261,0.218873909595559,0.8945281522601111,0.0983346550356859,-3.2301327882200725,0.6962727993655828,0.2053925455987311,2.900768191374952,2025
808967,"Yamamoto, Yoshinobu",2025,Dodgers,R,2.580917464,0.0778395552025417,0.1882446386020651,0.0984908657664813,-6.636269354178049,0.6417791898332009,0.2597299444003177,7.6265995859721984,0.17077045274027,12.80615393475409,0.6679904686258936,0.1612390786338363,-10.250639661595011,1259,0.2946783161239079,0.926131850675139,0.2382843526608419,-3.627314239871573,0.5830023828435266,0.1787132644956314,2.891262595485286,2025
543243,"Gray, Sonny",2025,Cardinals,R,4.151955705,0.081145584725537,0.2482100238663484,0.0875099443118536,-6.109288714940549,0.639618138424821,0.2728719172633254,9.03840372711158,0.2227525855210819,11.866434982239008,0.684964200477327,0.092283214001591,-11.0388927899144,1257,0.2800318217979315,0.8902147971360382,0.2299124900556881,-4.081245346073279,0.6420047732696897,0.1280827366746221,3.0633701722715783,2025
656427,"Flaherty, Jack",2025,Tigers,R,3.837690778,0.1075697211155378,0.200796812749004,0.0549800796812749,-6.135075576427232,0.6294820717131474,0.3155378486055777,8.551969741661182,0.3211155378486056,13.403261524956612,0.5617529880478087,0.1171314741035856,-10.38404438129995,1255,0.2693227091633466,0.9091633466135458,0.1800796812749004,-3.8689007894999694,0.595219123505976,0.2247011952191235,2.9009408801605243,2025
434378,"Verlander, Justin",2025,Giants,R,2.911592565,0.0569823434991974,0.2367576243980738,0.0778491171749598,-5.690146429760157,0.7006420545746388,0.2215088282504012,8.412326681255147,0.2223113964686998,12.45794927815196,0.6597110754414125,0.1179775280898876,-9.723918580279864,1246,0.2495987158908507,0.9117174959871588,0.1163723916532905,-4.00463291313722,0.6356340288924559,0.2479935794542536,2.885764330375343,2025
622663,"Severino, Luis",2025,Athletics,R,2.090730992,0.0394207562349155,0.2413515687851971,0.1552695092518101,-6.076694772065171,0.6484312148028962,0.1962992759452936,7.486900564794307,0.1069991954947707,11.478768277281526,0.6910699919549477,0.2019308125502815,-10.123637261648852,1243,0.1858407079646017,0.913113435237329,0.0756234915526951,-3.271383038644799,0.6564762670957361,0.2679002413515687,2.8769232509127107,2025
663903,"Singer, Brady",2025,Reds,R,3.313596366,0.0675345809601301,0.2522375915378356,0.0895036615134255,-6.335010859321857,0.6582587469487388,0.2522375915378356,8.884447548956986,0.2278275020341741,12.50792288803033,0.613506916192026,0.1586655817737998,-10.85859689337738,1229,0.2441008950366151,0.9145646867371848,0.1415785191212367,-3.684192703050549,0.661513425549227,0.1969080553295362,2.996960792893359,2025
607536,"Freeland, Kyle",2025,Rockies,L,3.846678579,0.0620408163265306,0.2963265306122449,0.0906122448979591,-6.269052719888766,0.7061224489795919,0.2032653061224489,7.904801849373125,0.1861224489795918,11.720393250027712,0.7175510204081633,0.0963265306122449,-10.564992769312138,1225,0.2130612244897959,0.9257142857142856,0.1812244897959183,-4.329512298520159,0.6604081632653062,0.1583673469387755,2.7497992161405933,2025
678394,"Bello, Brayan",2025,Red Sox,R,2.822578864,0.0560131795716639,0.2520593080724876,0.1120263591433278,-6.047545335436462,0.6235584843492586,0.2644151565074135,8.060466888861981,0.1836902800658978,11.124180289982045,0.7067545304777595,0.1095551894563426,-9.822708310271423,1214,0.2042833607907743,0.9217462932454696,0.1457990115321252,-3.345841332892755,0.7042833607907742,0.1499176276771004,2.8485287928254803,2025
656849,"Peterson, David",2025,Mets,L,3.017409951,0.0801652892561983,0.2355371900826446,0.0909090909090909,-5.974394901643628,0.628099173553719,0.2809917355371901,7.913739270561778,0.2239669421487603,12.187234851107036,0.6157024793388429,0.1603305785123966,-10.718079570849014,1210,0.2487603305785124,0.9264462809917356,0.1818181818181818,-3.8260587691779233,0.6586776859504132,0.1595041322314049,2.9983959239928306,2025
669194,"Nelson, Ryne",2025,Diamondbacks,R,2.157671888,0.0504132231404958,0.2479338842975206,0.0785123966942148,-5.752885084094644,0.7471074380165289,0.1743801652892562,7.6421794394361315,0.1066115702479338,11.66350693939237,0.687603305785124,0.2057851239669421,-10.574091325280184,1210,0.2198347107438016,0.8917355371900827,0.0719008264462809,-3.828259294006795,0.5867768595041323,0.3413223140495868,2.9405744619701664,2025
683004,"Leiter, Jack",2025,Rangers,R,2.894753767,0.0744416873449131,0.2365591397849462,0.097601323407775,-5.79557766898265,0.7038875103391232,0.1985111662531017,8.336576295004503,0.1480562448304384,11.908789728114208,0.7187758478081059,0.1331679073614557,-10.624740818854114,1209,0.2473118279569892,0.9189412737799836,0.1373035566583953,-4.015459258441719,0.5822994210090985,0.2803970223325062,2.976110856659405,2025
666157,"Lodolo, Nick",2025,Reds,L,3.62032452,0.1084437086092715,0.2044701986754966,0.0629139072847682,-6.757602037156707,0.5778145695364238,0.3592715231788079,8.37252831665382,0.2591059602649007,13.276535717576865,0.5927152317880795,0.1481788079470198,-11.094287282809404,1208,0.2781456953642384,0.9006622516556292,0.1539735099337748,-4.200337357021627,0.6043046357615894,0.2417218543046357,2.9533129812826315,2025
667755,"Soriano, José",2025,Angels,R,4.095375982,0.0812603648424544,0.2404643449419568,0.0630182421227197,-6.045130239911158,0.6351575456053068,0.3018242122719735,8.801848606980508,0.1575456053067993,12.353907198808432,0.7081260364842454,0.1343283582089552,-10.165727079765835,1206,0.2752902155887231,0.9046434494195688,0.2728026533996683,-3.781694561515273,0.6368159203980099,0.0903814262023217,3.0806845924427955,2025
669467,"Pallante, Andre",2025,Cardinals,R,2.810804684,0.0625521267723102,0.2710592160133444,0.1150959132610508,-6.036468050732744,0.658882402001668,0.226021684737281,7.945586970973935,0.1276063386155129,12.241859175664423,0.6880733944954128,0.1843202668890742,-10.292341537631897,1199,0.2268557130942452,0.8974145120934112,0.1943286071726438,-3.6438252449250976,0.6788990825688074,0.1267723102585488,2.887017056899109,2025
543294,"Hendricks, Kyle",2025,Angels,R,2.450196428,0.0386230058774139,0.1981528127623845,0.1007556675062972,-6.276742633821477,0.5969773299748111,0.3022670025188917,8.060200938274287,0.2947103274559194,12.874424666364227,0.5575146935348446,0.1477749790092359,-10.753924538770786,1191,0.1838790931989924,0.906801007556675,0.0436607892527288,-2.73905320627254,0.7204030226700252,0.235936188077246,2.8053302263975763,2025
641927,"Ober, Bailey",2025,Twins,R,3.40303813,0.0681244743481917,0.2195121951219512,0.0647603027754415,-5.861463961577505,0.6501261564339781,0.2851135407905803,8.918348818626542,0.3540790580319596,13.072903357696388,0.5702270815811606,0.0756938603868797,-10.11151509382202,1189,0.2430613961312027,0.9150546677880572,0.1042893187552565,-3.89327564904878,0.687973086627418,0.2077375946173255,2.8123125843126404,2025
607259,"Martinez, Nick",2025,Reds,R,3.404939885,0.0609137055837563,0.2580372250423012,0.0803722504230118,-5.738892700366076,0.6996615905245347,0.2199661590524534,8.748751900709589,0.2182741116751269,13.2188465703771,0.6692047377326565,0.1125211505922165,-10.552896822115894,1182,0.2021996615905245,0.9111675126903552,0.1159052453468697,-3.627529363777508,0.694585448392555,0.1895093062605753,2.8094437313666454,2025
593958,"Rodriguez, Eduardo",2025,Diamondbacks,L,1.986743638,0.0559322033898305,0.2432203389830508,0.0991525423728813,-5.915265186595988,0.6677966101694915,0.2330508474576271,7.782073127472223,0.1415254237288135,11.319874231717147,0.6322033898305085,0.2262711864406779,-10.662433368044056,1180,0.235593220338983,0.9059322033898304,0.0635593220338983,-3.1782316054789947,0.6322033898305085,0.3042372881355932,3.058900534469078,2025
607067,"Rea, Colin",2025,Cubs,R,3.019073974,0.0687022900763358,0.2629346904156064,0.099236641221374,-6.466377828959871,0.6709075487701441,0.2298558100084817,8.563483380096493,0.189991518235793,11.870241726071528,0.6726039016115352,0.1374045801526717,-10.315906181816205,1179,0.2205258693808312,0.9117896522476676,0.1314673452078032,-3.334513270315586,0.6607294317217981,0.2078032230703986,2.885089749166784,2025
554430,"Wheeler, Zack",2025,Phillies,R,2.901664938,0.0875850340136054,0.1743197278911564,0.1394557823129251,-6.587061524441135,0.6479591836734694,0.2125850340136054,8.348432992241857,0.1692176870748299,12.763023455417969,0.6318027210884354,0.1989795918367347,-9.92681632341738,1176,0.3163265306122449,0.8996598639455783,0.1488095238095238,-4.144518342578582,0.5433673469387755,0.3078231292517007,3.124953481830907,2025
608372,"Sugano, Tomoyuki",2025,Orioles,R,2.702816531,0.0477408354646206,0.2549019607843137,0.0784313725490196,-5.568796812039365,0.6376811594202898,0.2838874680306905,7.350632123233414,0.2131287297527706,11.03462871807286,0.680306905370844,0.1065643648763853,-9.652602054266296,1173,0.1892583120204603,0.9326513213981245,0.1125319693094629,-3.339394788142561,0.6845694799658995,0.2028985507246377,2.7523030054316084,2025
671106,"Allen, Logan",2025,Guardians,L,2.206366839,0.0633561643835616,0.2260273972602739,0.0933219178082191,-6.3745807141751465,0.6678082191780822,0.2388698630136986,7.233380533555623,0.2157534246575342,12.444710039263637,0.583904109589041,0.2003424657534246,-10.232224736322294,1168,0.2097602739726027,0.9195205479452054,0.0821917808219178,-3.4750703296632457,0.666095890410959,0.2517123287671233,2.9742564065236525,2025
701542,"Warren, Will",2025,Yankees,R,2.984731764,0.0687285223367697,0.25,0.0515463917525773,-6.035666924827957,0.6443298969072165,0.3041237113402061,7.720713907556713,0.1563573883161512,12.564788181919717,0.6984536082474226,0.1451890034364261,-10.368081365177494,1164,0.2508591065292096,0.9338487972508592,0.1219931271477663,-3.620365725166503,0.6091065292096219,0.2689003436426116,3.0423521318952025,2025
571945,"Mikolas, Miles",2025,Cardinals,R,1.843073379,0.0318690783807062,0.2695951765719208,0.0956072351421188,-5.683710099252532,0.7114556416881999,0.1929371231696813,7.106931292290125,0.1688199827734711,11.964776068159978,0.7080103359173127,0.1231696813092162,-10.06931421576306,1161,0.1670973298880275,0.9388458225667528,0.0671834625322997,-3.054578501888057,0.6933677863910422,0.239448751076658,2.9162526464204723,2025
621244,"Berríos, José",2025,Blue Jays,R,3.825292133,0.0655737704918032,0.2631578947368421,0.1087144089732528,-6.102249445028646,0.639344262295082,0.2519413287316652,8.978529157607186,0.2131147540983606,12.077135588681434,0.6824849007765315,0.1044003451251078,-9.91647729815568,1159,0.2208800690250215,0.9309749784296808,0.1449525452976704,-3.263137102084952,0.6807592752372735,0.1742881794650561,2.8388703851231054,2025
450203,"Morton, Charlie",2025,zMLB,R,3.321988043,0.0749128919860627,0.2369337979094076,0.0775261324041811,-6.926487934316971,0.705574912891986,0.2168989547038327,8.797938399101534,0.220383275261324,12.104942689019458,0.6506968641114983,0.1289198606271777,-10.265567185285708,1148,0.2804878048780488,0.926829268292683,0.2160278745644599,-3.924843584284996,0.6045296167247387,0.1794425087108014,3.006864754332628,2025
571578,"Corbin, Patrick",2025,Rangers,L,3.74133818,0.1004366812227074,0.2349344978165939,0.1117903930131004,-6.122232927008051,0.5860262008733624,0.3021834061135371,9.323127528626951,0.2882096069868995,13.72768566139179,0.6122270742358079,0.0995633187772925,-10.498933568953454,1145,0.2751091703056768,0.931877729257642,0.1903930131004367,-3.415964451533429,0.6733624454148471,0.1362445414847161,2.8579573901649225,2025
684007,"Imanaga, Shota",2025,Cubs,L,3.280881165,0.0700525394045534,0.2346760070052539,0.0542907180385289,-6.106079847816794,0.6926444833625219,0.2530647985989492,8.801214588451437,0.3064798598949212,12.791273462433768,0.6042031523642732,0.0893169877408056,-10.33185626011912,1142,0.2486865148861646,0.9325744308231172,0.1033274956217162,-3.679045142998137,0.62784588441331,0.2688266199649737,2.891092945080389,2025
605280,"Holmes, Clay",2025,Mets,R,2.986236347,0.0709903593339176,0.2489044697633654,0.0674846625766871,-6.284449085499111,0.6292725679228747,0.3032427695004382,7.859712789714081,0.1980718667835232,11.449433177395187,0.6809815950920245,0.1209465381244522,-10.836973925465267,1141,0.2278702892199824,0.9009640666082384,0.2191060473269062,-3.249609607672405,0.6511831726555652,0.1297107800175284,2.859817139868852,2025
663554,"Mize, Casey",2025,Tigers,R,2.467349029,0.0605794556628621,0.257243195785777,0.0658472344161545,-5.842117260948644,0.6909569798068481,0.2431957857769973,7.638410289431595,0.1773485513608428,11.50899436813125,0.6839332748024582,0.1387181738366988,-9.875158128159926,1139,0.2458296751536435,0.9315188762071992,0.1255487269534679,-3.28738428317727,0.636523266022827,0.237928007023705,2.991922227498059,2025
624133,"Suarez, Ranger",2025,Phillies,L,3.171581731,0.0746666666666666,0.1946666666666666,0.1128888888888888,-6.084080671159457,0.5911111111111111,0.296,8.736489830288624,0.3128888888888889,14.55427525896459,0.5226666666666666,0.1644444444444444,-11.177837551811995,1125,0.2257777777777777,0.9048888888888889,0.1253333333333333,-3.104179835032974,0.7066666666666667,0.168,2.9276355841414152,2025
693821,"Elder, Bryce",2025,Braves,R,3.467377565,0.0801424755120213,0.2698130008904719,0.095280498664292,-6.303068507948065,0.6464826357969724,0.2582368655387355,8.00968472105095,0.2021371326803205,11.559795848424937,0.6812110418521816,0.1166518254674977,-10.225182912806195,1123,0.2315227070347284,0.9207479964381122,0.2154942119323241,-3.5043043077911,0.6455921638468388,0.138913624220837,2.8024237266304874,2025
681343,"Smith, Shane",2025,White Sox,R,2.750417465,0.0769230769230769,0.2245080500894454,0.0966010733452593,-6.16895614695384,0.6985688729874776,0.2048300536672629,7.7952705946909076,0.1261180679785331,11.47724383450388,0.667262969588551,0.2066189624329159,-10.447412537509464,1118,0.278175313059034,0.9033989266547406,0.1520572450805009,-4.499592804565922,0.5724508050089445,0.2754919499105545,3.0696437342676384,2025
669461,"Liberatore, Matthew",2025,Cardinals,L,3.776859756,0.0754039497307001,0.2845601436265709,0.0870736086175942,-6.093501339434765,0.6956912028725314,0.2172351885098743,8.05266429552502,0.2046678635547576,11.79003914190818,0.6741472172351886,0.1211849192100538,-10.40348095353976,1114,0.2028725314183123,0.9129263913824056,0.1481149012567325,-4.388871798171456,0.6669658886894075,0.1849192100538599,2.896521442986155,2025
663436,"Martin, Davis",2025,White Sox,R,2.575805801,0.0513513513513513,0.2522522522522522,0.1054054054054054,-5.889789297266392,0.6774774774774774,0.2171171171171171,7.812678983073992,0.1162162162162162,10.79887775101552,0.7513513513513513,0.1324324324324324,-9.780695783555236,1110,0.2189189189189189,0.9333333333333332,0.1297297297297297,-3.583070997354212,0.6513513513513514,0.2189189189189189,2.934903406709142,2025
542881,"Anderson, Tyler",2025,Angels,L,4.083222483,0.0694319206492335,0.2308385933273219,0.0757439134355275,-5.465358024721932,0.6330027051397655,0.2912533814247069,9.872324586656452,0.3201082055906222,14.36570810981506,0.5770964833183048,0.102795311091073,-9.929149897169877,1109,0.2533814247069432,0.9170423805229936,0.0973850315599639,-3.675907565518526,0.6916140667267808,0.2110009017132552,2.7850989508467454,2025
682990,"Priester, Quinn",2025,Brewers,R,3.437760299,0.0773430391264786,0.2584167424931756,0.0727934485896269,-5.728029840896116,0.6169244767970883,0.3102820746132848,8.529127978627024,0.2265696087352138,12.512935772637231,0.6487716105550501,0.1246587807097361,-10.565798854173355,1099,0.2484076433121019,0.91901728844404,0.1692447679708826,-3.3913913331729466,0.6888080072793449,0.1419472247497725,3.0718050002489705,2025
608337,"Giolito, Lucas",2025,Red Sox,R,3.156242493,0.073327222731439,0.2401466544454628,0.0540788267644362,-5.30879703527196,0.7103574702108157,0.2355637030247479,9.603588419584,0.2703941338221814,13.115378905271358,0.5756186984417965,0.153987167736022,-10.622419549113127,1091,0.2318973418881759,0.8900091659028414,0.1008249312557287,-3.367849503387261,0.6489459211732356,0.2502291475710357,2.947210743640164,2025
680732,"Burke, Sean",2025,White Sox,R,2.812247187,0.0689338235294117,0.228860294117647,0.0661764705882353,-5.677590093696534,0.7022058823529411,0.2316176470588235,8.36467657273672,0.2150735294117647,12.108878000002685,0.6222426470588235,0.1626838235294117,-10.854381360721623,1088,0.2573529411764705,0.8961397058823529,0.1047794117647058,-3.689536740042088,0.6001838235294118,0.2950367647058823,2.9716036695535526,2025
676664,"Sears, JP",2025,zMLB,L,1.690813613,0.0397779833487511,0.2229417206290471,0.093432007400555,-5.828326078863771,0.7067530064754857,0.1998149861239593,7.010784621993843,0.1887141535615171,11.740783352884176,0.6466234967622572,0.1646623496762257,-10.430300115156632,1081,0.2201665124884366,0.9306197964847364,0.0545790934320074,-3.770259933754964,0.599444958371878,0.3459759481961147,3.0025252894472523,2025
547179,"Lorenzen, Michael",2025,Royals,R,3.526932487,0.0734200743494423,0.2360594795539033,0.0715613382899628,-5.853544823787031,0.6579925650557621,0.2704460966542751,9.235857424238194,0.2620817843866171,12.812027186269464,0.6189591078066915,0.1189591078066914,-10.619417568089228,1076,0.2407063197026022,0.9070631970260224,0.1486988847583643,-3.47737981982418,0.6784386617100372,0.1728624535315985,2.940189470284559,2025
656876,"Rasmussen, Drew",2025,Rays,R,2.221346286,0.0437616387337057,0.2569832402234637,0.1461824953445065,-6.2022656854925575,0.7178770949720671,0.1359404096834264,7.75362146106892,0.0661080074487895,10.244000388804732,0.7188081936685289,0.2150837988826815,-10.53320655732606,1074,0.2253258845437616,0.8854748603351955,0.1201117318435754,-4.059719561941631,0.5921787709497207,0.2877094972067039,3.045950885287943,2025
671737,"Bradley, Taj",2025,zMLB,R,3.145808165,0.0737547892720306,0.2471264367816092,0.0890804597701149,-5.694490736415165,0.6992337164750958,0.2116858237547892,8.484002767462417,0.1293103448275862,11.431974472769452,0.6954022988505747,0.1752873563218391,-10.78227952897434,1044,0.2471264367816092,0.9051724137931034,0.1475095785440613,-4.217473690252994,0.5766283524904214,0.2758620689655172,3.104554183398547,2025
695418,"Lord, Brad",2025,Nationals,R,1.653411524,0.0624399615754082,0.2142170989433237,0.1047070124879923,-6.329399267137673,0.6974063400576369,0.1978866474543708,7.226105467016649,0.0979827089337175,11.413900421032128,0.590778097982709,0.3112391930835735,-10.729084403642789,1041,0.2161383285302593,0.904899135446686,0.0566762728146013,-3.392388600699765,0.6080691642651297,0.3352545629202689,2.932401706846461,2025
622608,"Senzatela, Antonio",2025,Rockies,R,2.824536281,0.0626808100289296,0.2931533269045323,0.0867888138862102,-5.89052738229455,0.6702025072324012,0.2430086788813886,8.061269238205801,0.1398264223722276,12.234110307459796,0.6133076181292189,0.2468659594985535,-10.575956905233074,1037,0.1851494696239151,0.9074252651880425,0.0906460945033751,-3.3015078984091484,0.703953712632594,0.2054001928640308,2.8596206070567303,2025
669302,"Gilbert, Logan",2025,Mariners,R,3.884221547,0.113482056256062,0.1949563530552861,0.0591658583899127,-6.216681143520798,0.6634335596508244,0.2774005819592628,9.813834698380164,0.3336566440349175,13.358751032863054,0.5838991270611057,0.0824442289039767,-10.38148668898227,1031,0.3365664403491755,0.9000969932104753,0.2056256062075654,-3.954174943153666,0.5780795344325897,0.2162948593598448,2.9853420465216978,2025
607625,"Lugo, Seth",2025,Royals,R,2.439358618,0.0648330058939096,0.2799607072691552,0.0776031434184675,-5.890220225695481,0.6719056974459725,0.2504911591355599,8.017761916432855,0.2377210216110019,12.969351315363532,0.6296660117878192,0.1326129666011787,-11.0023409373375,1018,0.2102161100196463,0.924361493123772,0.1227897838899803,-3.066821286631823,0.6797642436149313,0.1974459724950884,2.991224047880744,2025
607200,"Fedde, Erick",2025,zMLB,R,2.62784513,0.0457256461232604,0.2693836978131212,0.0755467196819085,-5.636245233851539,0.6570576540755467,0.2673956262425447,7.765654335483808,0.1500994035785288,11.962500955907402,0.7147117296222664,0.1351888667992047,-10.55628748795224,1006,0.1868787276341948,0.915506958250497,0.0616302186878727,-3.634161857917414,0.7137176938369781,0.2246520874751491,2.911875271497491,2025
702070,"Cameron, Noah",2025,Royals,L,4.024675716,0.0879676440849342,0.2285136501516683,0.121334681496461,-5.735926033120586,0.6188068756319515,0.2598584428715874,9.66038462856689,0.2891809908998989,13.287881243160117,0.5682507583417593,0.1425682507583417,-11.301809161697902,989,0.2669362992922143,0.9019211324570272,0.1739130434782608,-3.9783231262999297,0.6865520728008089,0.1395348837209302,2.96912001395592,2025
665795,"Cabrera, Edward",2025,Marlins,R,4.425809143,0.1047812817904374,0.2573753814852492,0.0946083418107833,-6.89332063863093,0.6317395727365208,0.2736520854526958,9.086269938578486,0.2187182095625635,12.74454285799164,0.71617497456765,0.0651068158697863,-10.94265057277985,983,0.2980671414038657,0.9125127161749744,0.2929806714140386,-4.227864130055485,0.6134282807731435,0.0935910478128179,2.822088375958025,2025
675911,"Strider, Spencer",2025,Braves,R,4.807170424,0.1028513238289205,0.2158859470468432,0.0458248472505091,-5.846724775121933,0.6578411405295316,0.2963340122199592,10.641396756494997,0.3126272912423625,14.31114391540737,0.5437881873727087,0.1435845213849287,-10.061400357123704,982,0.3095723014256619,0.8788187372708758,0.1456211812627291,-4.4566232012977895,0.6262729124236253,0.2281059063136456,2.926393815016004,2025
694477,"Patrick, Chad",2025,Brewers,R,1.783308158,0.0387755102040816,0.2142857142857142,0.0826530612244898,-6.519298583901796,0.7142857142857143,0.2030612244897959,7.353404575679561,0.1173469387755102,10.54126902508543,0.7163265306122449,0.1663265306122449,-10.302043300239276,980,0.2397959183673469,0.923469387755102,0.0387755102040816,-4.028907566543738,0.5591836734693878,0.4020408163265306,3.0230732179502566,2025
681190,"Vásquez, Randy",2025,Padres,R,2.089397099,0.0309278350515463,0.2711340206185567,0.1,-5.882016875834655,0.6783505154639176,0.2216494845360824,7.714858159597931,0.1649484536082474,11.459948865958877,0.7278350515463917,0.1072164948453608,-10.685095404441858,970,0.1618556701030928,0.9515463917525772,0.0824742268041237,-2.926040622993645,0.7030927835051546,0.2144329896907216,2.819446438760849,2025
608566,"Márquez, Germán",2025,Rockies,R,4.466902481,0.0681114551083591,0.3075335397316821,0.08875128998968,-5.599691023440523,0.6769865841073271,0.2342621259029927,8.89682444235892,0.1785345717234262,12.301256695381392,0.7192982456140351,0.1021671826625387,-10.11664606145056,969,0.1909184726522187,0.913312693498452,0.1351909184726522,-4.022603003062933,0.7038183694530443,0.1609907120743034,2.73641975119812,2025
669923,"Kirby, George",2025,Mariners,R,2.366940718,0.0508298755186722,0.220954356846473,0.1161825726141078,-6.404944392042358,0.6950207468879668,0.1887966804979253,7.745804741321667,0.0985477178423236,11.092640813012451,0.7344398340248963,0.16701244813278,-10.154537292601022,964,0.2728215767634854,0.8941908713692946,0.1441908713692946,-4.230702897010444,0.5746887966804979,0.2811203319502074,3.0371359607830235,2025
621111,"Buehler, Walker",2025,zMLB,R,2.462165682,0.045929018789144,0.2567849686847599,0.1106471816283924,-5.758090328976498,0.6649269311064718,0.2244258872651357,8.200479199623262,0.197286012526096,13.094491149740731,0.6899791231732777,0.1127348643006263,-10.557539217600675,958,0.1941544885177453,0.918580375782881,0.0981210855949895,-3.2179277367933654,0.7056367432150313,0.1962421711899791,2.929821906862505,2025
571760,"Heaney, Andrew",2025,zMLB,L,2.409529581,0.0524109014675052,0.2515723270440251,0.0911949685534591,-6.147002777198443,0.6928721174004193,0.2159329140461215,7.932410772226754,0.2054507337526205,12.57299396007385,0.6184486373165619,0.1761006289308176,-10.802067691784924,954,0.2044025157232704,0.9129979035639412,0.0974842767295597,-3.536099293648929,0.6530398322851153,0.2494758909853249,2.9002909618475714,2025
669160,"May, Dustin",2025,zMLB,R,2.443619029,0.0402969247083775,0.2693531283138918,0.136797454931071,-6.223611519794924,0.6786850477200425,0.1845174973488865,8.192996019384152,0.1251325556733828,11.1270762134074,0.7338282078472959,0.1410392364793213,-10.825926165811744,943,0.2036055143160127,0.928950159066808,0.1230116648992576,-3.740528512809231,0.6670201484623541,0.2099681866383881,2.9294493057861937,2025
543135,"Eovaldi, Nathan",2025,Rangers,R,2.916567891,0.0954400848356309,0.2067868504772004,0.0869565217391304,-5.9599900060682005,0.6277836691410392,0.2852598091198303,8.080465733604674,0.2757158006362672,13.415991164173294,0.5970307529162248,0.1272534464475079,-10.747763244669956,943,0.2841993637327678,0.92152704135737,0.2046659597030753,-3.431464496531521,0.6277836691410392,0.1675503711558854,2.884990650522538,2025
519242,"Sale, Chris",2025,Braves,L,4.497168481,0.126865671641791,0.1631130063965885,0.0628997867803838,-7.192234557026831,0.5980810234541578,0.3390191897654584,9.559477125470574,0.3155650319829424,15.09065589567924,0.464818763326226,0.2196162046908315,-10.814290222462752,938,0.3038379530916844,0.8368869936034116,0.1780383795309168,-4.410792065398783,0.5660980810234542,0.255863539445629,3.01687324757159,2025
677944,"Cecconi, Slade",2025,Guardians,R,4.242636036,0.0782422293676313,0.2593783494105037,0.0439442658092175,-5.66721635067466,0.6827438370846731,0.2733118971061093,9.278755669580317,0.2315112540192926,13.986890465823068,0.5852090032154341,0.1832797427652733,-10.378395336265704,933,0.2282958199356913,0.9067524115755627,0.1146838156484458,-4.02801905829291,0.6387995712754555,0.2465166130760986,2.8502270707901376,2025
592791,"Taillon, Jameson",2025,Cubs,R,3.186225923,0.0509761388286334,0.2429501084598698,0.0455531453362256,-6.073120079709077,0.6626898047722343,0.2917570498915401,8.206661148961215,0.2885032537960954,12.802477609212447,0.6475054229934925,0.0639913232104121,-10.305555413778787,922,0.210412147505423,0.8828633405639913,0.079175704989154,-3.467399757971984,0.6952277657266811,0.2255965292841648,2.860455751650949,2025
656550,"Holmes, Grant",2025,Braves,R,3.991021782,0.1141304347826086,0.2119565217391304,0.075,-5.57874409012815,0.633695652173913,0.2913043478260869,9.13508605115126,0.2467391304347826,12.283987621254123,0.6597826086956522,0.0934782608695652,-10.503771972320097,920,0.3054347826086956,0.9130434782608696,0.2510869565217391,-3.7909884954197937,0.592391304347826,0.1565217391304348,2.831810630495846,2025
500779,"Quintana, Jose",2025,Brewers,L,2.737933344,0.0448577680525164,0.2505470459518599,0.0361050328227571,-6.714163699631323,0.6444201312910285,0.3194748358862144,7.317873256543586,0.2035010940919037,12.092615726543835,0.6717724288840262,0.12472647702407,-10.745500389681329,914,0.1849015317286652,0.8905908096280087,0.0897155361050328,-3.1422829441058813,0.6827133479212254,0.2275711159737418,2.8944124154045467,2025
668881,"Greene, Hunter",2025,Reds,R,3.528078647,0.0754923413566739,0.1925601750547046,0.0590809628008752,-7.358873276135081,0.6827133479212254,0.2582056892778993,8.86459292171078,0.161925601750547,11.992565432826249,0.6663019693654267,0.1717724288840262,-10.024574055042075,914,0.3161925601750547,0.8938730853391685,0.1137855579868709,-5.370045184808796,0.524070021881838,0.362144420131291,3.0126143730697006,2025
615698,"Quantrill, Cal",2025,zMLB,R,2.317941076,0.054083885209713,0.2682119205298013,0.0960264900662251,-6.075184343692305,0.7262693156732892,0.1777041942604856,7.700440786698422,0.1876379690949227,10.93508337513302,0.673289183222958,0.1390728476821192,-10.470720910555444,906,0.206401766004415,0.91280353200883,0.1092715231788079,-3.6092693059031498,0.6677704194260485,0.2229580573951435,2.98866835434772,2025
592836,"Walker, Taijuan",2025,Phillies,R,2.121086011,0.0320441988950276,0.2828729281767956,0.0773480662983425,-5.379367299364506,0.6895027624309392,0.2331491712707182,7.79757153238733,0.1679558011049723,11.068666378887174,0.7292817679558011,0.1027624309392265,-10.636781712868457,905,0.1845303867403314,0.923756906077348,0.0950276243093922,-2.990484302902191,0.6939226519337016,0.2110497237569061,2.9503751398239846,2025
605288,"Houser, Adrian",2025,zMLB,R,2.558436025,0.0468227424749163,0.2474916387959866,0.0936454849498327,-5.967957099560107,0.6510590858416946,0.2552954292084727,7.589317133107466,0.164994425863991,11.84423831536479,0.6889632107023411,0.1460423634336677,-10.503017124075091,897,0.1817168338907469,0.910813823857302,0.1170568561872909,-3.463205558381354,0.673355629877369,0.20958751393534,2.843928917050416,2025
663559,"Falter, Bailey",2025,zMLB,L,2.063778725,0.0500568828213879,0.2912400455062571,0.0841865756541524,-5.2879330085465375,0.764505119453925,0.1513083048919226,7.820748144309238,0.1456200227531285,11.825791276929744,0.6860068259385665,0.1683731513083048,-10.672819235725738,879,0.1877133105802047,0.9044368600682594,0.0602957906712172,-3.7559770748659984,0.658703071672355,0.2810011376564277,2.961084759860581,2025
666214,"Wentz, Joey",2025,zMLB,L,3.200033592,0.0689655172413793,0.2218390804597701,0.0793103448275862,-6.274685607743512,0.735632183908046,0.1850574712643678,7.854879948554099,0.2655172413793103,12.159325362060544,0.6068965517241379,0.1275862068965517,-10.292208371027105,870,0.2379310344827586,0.8919540229885058,0.157471264367816,-4.487838089552531,0.6126436781609196,0.2298850574712643,2.9257373223765573,2025
686799,"Kochanowicz, Jack",2025,Angels,R,2.772042817,0.0484988452655889,0.279445727482679,0.0762124711316397,-5.8426605263992935,0.6628175519630485,0.2609699769053117,7.378558683632051,0.1281755196304849,10.934108172086948,0.7355658198614319,0.1362586605080831,-10.308553097323903,866,0.2113163972286374,0.945727482678984,0.1674364896073903,-3.455606524955632,0.6709006928406467,0.161662817551963,2.9632450304379163,2025
680573,"Woods Richardson, Simeon",2025,Twins,R,1.893027356,0.0431235431235431,0.2331002331002331,0.1048951048951049,-5.648003079156862,0.7004662004662005,0.1946386946386946,7.31489018014952,0.1561771561771562,11.766244158131224,0.7121212121212122,0.1317016317016317,-10.504644707341164,858,0.2272727272727272,0.9195804195804196,0.0815850815850815,-3.64772836832925,0.6212121212121212,0.2972027972027972,2.919893016356108,2025
690990,"Horton, Cade",2025,Cubs,R,4.218668481,0.0826446280991735,0.2420306965761511,0.0743801652892562,-5.788359753226949,0.628099173553719,0.2975206611570248,9.653198555355756,0.2349468713105076,13.756697853807417,0.6115702479338843,0.153482880755608,-10.098464404625169,847,0.2585596221959858,0.9031877213695396,0.1216056670602125,-3.957994457775043,0.6765053128689492,0.2018890200708382,2.9336798449021413,2025
663460,"Bubic, Kris",2025,Royals,L,2.633938141,0.0992907801418439,0.2222222222222222,0.1134751773049645,-6.237814819526097,0.648936170212766,0.2375886524822695,7.3705082232494545,0.1394799054373522,11.108054674664483,0.6702127659574468,0.1903073286052009,-10.760302406775414,846,0.2966903073286052,0.91371158392435,0.1761229314420803,-4.210994269710512,0.5366430260047281,0.2872340425531915,3.208630334885727,2025
687473,"Gusto, Ryan",2025,zMLB,R,1.461014329,0.0497041420118343,0.2556213017751479,0.0686390532544378,-5.931884153493642,0.7798816568047338,0.1514792899408284,7.263029468653574,0.1408284023668639,11.54755124359638,0.7005917159763314,0.1585798816568047,-10.569035476502812,845,0.2378698224852071,0.914792899408284,0.0769230769230769,-3.014926560759814,0.6011834319526628,0.3218934911242603,3.0841729781058254,2025
673540,"Senga, Kodai",2025,Mets,R,4.195377415,0.1055753262158956,0.2135231316725978,0.0415183867141162,-7.517944346911204,0.6453143534994069,0.3131672597864768,9.120596042000743,0.3333333333333333,13.274941137240338,0.5480427046263345,0.1186239620403321,-10.557660653558331,843,0.2775800711743772,0.8896797153024911,0.1743772241992882,-4.058121258923046,0.6239620403321471,0.2016607354685646,2.873927907732188,2025
669432,"Rogers, Trevor",2025,Orioles,L,2.349515086,0.0666666666666666,0.1988095238095238,0.069047619047619,-5.648840560406452,0.694047619047619,0.2369047619047619,7.976012364401557,0.2345238095238095,12.946672395680118,0.6333333333333333,0.1321428571428571,-9.55131162617126,840,0.2547619047619047,0.9488095238095238,0.1345238095238095,-3.315868810263502,0.5988095238095238,0.2666666666666666,2.969733878153789,2025
686563,"Cannon, Jonathan",2025,White Sox,R,2.027122683,0.0464839094159713,0.2514898688915375,0.0631704410011919,-6.234611983685636,0.7115613825983313,0.2252681764004767,7.502258399559708,0.168057210965435,10.953049890312244,0.6889153754469607,0.1430274135876043,-10.278666382679816,839,0.2193087008343265,0.9439809296781884,0.0786650774731823,-2.822012347336939,0.6495828367103695,0.2717520858164481,3.0129951193645814,2025
676083,"Junk, Janson",2025,Marlins,R,2.189795513,0.0411622276029055,0.2699757869249394,0.0738498789346246,-5.556035011152156,0.7203389830508474,0.2058111380145278,7.264064317473748,0.1295399515738498,11.051617345655623,0.7518159806295399,0.1186440677966101,-10.17434429012231,826,0.1864406779661017,0.9358353510895884,0.1029055690072639,-3.3244637580841614,0.6513317191283293,0.2457627118644068,2.898371521637348,2025
691587,"Pérez, Eury",2025,Marlins,R,3.814363811,0.0959902794653706,0.1956257594167679,0.0729040097205346,-5.846273774364563,0.6512758201701093,0.275820170109356,9.264278105186062,0.2648845686512758,13.75330615451936,0.6476306196840826,0.0874848116646415,-9.473552170364782,823,0.2831105710814094,0.9113001215066828,0.1300121506682867,-4.412661285620029,0.5735115431348724,0.2964763061968408,2.895885228127011,2025
676962,"Brown, Ben",2025,Cubs,R,4.444620422,0.0990220048899755,0.2555012224938875,0.0525672371638141,-5.288266504127168,0.6980440097799511,0.2493887530562347,8.939305468509447,0.1943765281173594,12.21600090423785,0.6784841075794621,0.1271393643031785,-9.976738426945712,818,0.2860635696821516,0.8875305623471883,0.206601466992665,-4.680922690963594,0.5770171149144254,0.2163814180929095,2.941535602079323,2025
700249,"Povich, Cade",2025,Orioles,L,2.70177087,0.077490774907749,0.2435424354243542,0.062730627306273,-5.582089489285506,0.7072570725707257,0.2300123001230012,7.704125094131167,0.2410824108241082,12.25645598951064,0.6432964329643296,0.1156211562115621,-10.38851708278373,813,0.2472324723247232,0.932349323493235,0.1574415744157441,-3.687382693945956,0.5928659286592866,0.2496924969249692,2.981386332435588,2025
801403,"Dollander, Chase",2025,Rockies,R,2.406558205,0.0739827373612823,0.219482120838471,0.0813810110974106,-5.976684191917288,0.6658446362515413,0.2527743526510481,12.32475338857122,0.1652281134401972,13.34684968459787,0.5819975339087546,0.2527743526510481,-10.062228728760132,811,0.2330456226880394,0.9099876695437732,0.0875462392108508,-3.8433267459638096,0.6263871763255241,0.2860665844636251,2.982704627498171,2025
641778,"Lauer, Eric",2025,Blue Jays,L,1.905881762,0.0664993726474278,0.233375156838143,0.0953575909661229,-5.878327001803093,0.7465495608531995,0.1580928481806775,7.546628501430314,0.1417816813048933,12.51068845520281,0.6562107904642409,0.2020075282308657,-10.497477332694352,797,0.2383939774153074,0.918444165621079,0.06900878293601,-3.870748637788272,0.5922208281053952,0.3387703889585947,2.9321285318603407,2025
680885,"Schwellenbach, Spencer",2025,Braves,R,3.012463169,0.0913705583756345,0.2398477157360406,0.0913705583756345,-6.642997480151762,0.6789340101522843,0.2296954314720812,8.39414317556942,0.2030456852791878,12.897357706882708,0.6383248730964467,0.1586294416243654,-10.200630277341,788,0.2880710659898477,0.9060913705583756,0.182741116751269,-3.705544065765817,0.5850253807106599,0.232233502538071,3.0575725367436526,2025
477132,"Kershaw, Clayton",2025,Dodgers,L,3.624374841,0.0716112531969309,0.2762148337595907,0.057544757033248,-6.682811713759802,0.7020460358056266,0.2404092071611253,8.798358087744313,0.2928388746803069,13.420201456738903,0.6253196930946292,0.0818414322250639,-10.545889257391764,782,0.2442455242966752,0.9373401534526854,0.1867007672634271,-3.5363217349611538,0.6943734015345269,0.118925831202046,2.81547013360248,2025
694738,"Roupp, Landen",2025,Giants,R,3.462139174,0.1038461538461538,0.2397435897435897,0.0705128205128205,-6.152864374943822,0.5897435897435898,0.3397435897435897,8.483982172170265,0.3243589743589744,14.077624370799164,0.5666666666666667,0.1089743589743589,-10.636743052231331,780,0.2576923076923076,0.9256410256410256,0.1961538461538461,-3.220153929487683,0.6641025641025641,0.1397435897435897,2.8894412004376955,2025
663568,"Kolek, Stephen",2025,zMLB,R,2.05951239,0.0490322580645161,0.3006451612903226,0.0954838709677419,-5.767508960885914,0.6941935483870968,0.2103225806451613,7.545996766048866,0.1006451612903225,10.468681092423845,0.72,0.1793548387096774,-10.534013378227284,775,0.1806451612903225,0.9290322580645162,0.0993548387096774,-3.349623880956019,0.712258064516129,0.1883870967741935,3.023417118065095,2025
682243,"Miller, Bryce",2025,Mariners,R,2.643420638,0.059662775616083,0.2334630350194552,0.0661478599221789,-5.675317700730474,0.7094682230869002,0.2243839169909209,7.941538411659523,0.1699092088197146,12.240657580891128,0.7029831387808041,0.1271076523994811,-10.184379267355222,771,0.245136186770428,0.9455252918287936,0.1076523994811932,-3.5427936834335694,0.5940337224383917,0.298313878080415,2.924382913566626,2025
650644,"Civale, Aaron",2025,zMLB,R,2.07284399,0.0494791666666666,0.23046875,0.0833333333333333,-6.074320472884876,0.7135416666666666,0.203125,7.823367894733854,0.2122395833333333,11.98680249274117,0.6705729166666666,0.1171875,-11.084053258787383,768,0.2239583333333333,0.91015625,0.0911458333333333,-3.044420028557568,0.6236979166666666,0.28515625,2.9893196295344406,2025
641302,"Alexander, Tyler",2025,zMLB,L,1.785305716,0.0482573726541554,0.2265415549597855,0.0804289544235924,-6.283665368067581,0.675603217158177,0.2439678284182305,7.444123268597037,0.1581769436997319,11.380576810412194,0.6340482573726541,0.2077747989276139,-10.446110634754262,746,0.2198391420911528,0.9101876675603218,0.0563002680965147,-3.2583500885225454,0.6340482573726541,0.3096514745308311,2.9034784415887467,2025
682052,"Lopez, Jacob",2025,Athletics,L,2.572817653,0.0899182561307901,0.1607629427792915,0.0653950953678474,-6.438924781195041,0.5844686648501363,0.3501362397820163,8.53145679684774,0.3079019073569482,14.395745274423165,0.5490463215258855,0.1430517711171662,-10.149719419026257,734,0.2888283378746594,0.9182561307901907,0.0681198910081744,-3.492696254609335,0.6021798365122616,0.329700272479564,2.974041239273251,2025
605400,"Nola, Aaron",2025,Phillies,R,2.614736943,0.0878661087866108,0.2245467224546722,0.0822873082287308,-6.173738753078926,0.6610878661087866,0.2566248256624825,7.818735734414916,0.3277545327754533,12.515479361847817,0.5829846582984658,0.0892608089260808,-9.876676236290873,717,0.2566248256624825,0.9344490934449092,0.1966527196652719,-3.4952978386449027,0.6582984658298466,0.1450488145048814,2.8386230596747284,2025
669387,"Mlodzinski, Carmen",2025,Pirates,R,2.577116079,0.070323488045007,0.2447257383966244,0.0745428973277074,-6.020169461914057,0.6610407876230661,0.2644163150492264,7.928080805272843,0.1673699015471167,11.362795440506744,0.6441631504922645,0.1884669479606188,-10.575346198079616,711,0.2334739803094233,0.909985935302391,0.1364275668073136,-3.268160633956098,0.6455696202531646,0.2180028129395218,2.998789720071393,2025
676467,"Gordon, Colton",2025,Astros,L,2.479179449,0.0424328147100424,0.2164073550212164,0.0891089108910891,-5.841376564905301,0.7114568599717115,0.1994342291371994,8.299005248854915,0.2432814710042432,12.750590080474812,0.6195190947666195,0.1371994342291372,-10.504060895788909,707,0.1838755304101838,0.9066478076379066,0.0678925035360678,-3.824555976935631,0.6661951909476662,0.2659123055162659,2.893403137423004,2025
681347,"Burrows, Mike",2025,Pirates,R,3.197434946,0.0876436781609195,0.2356321839080459,0.0775862068965517,-5.993265215935268,0.6508620689655172,0.271551724137931,8.72992428690671,0.2974137931034483,12.482005541397063,0.6063218390804598,0.0962643678160919,-10.04041370124637,696,0.2744252873563218,0.932471264367816,0.1551724137931034,-3.495497146725512,0.6379310344827587,0.2068965517241379,2.929046712636746,2025
656794,"Newcomb, Sean",2025,zMLB,L,2.424766798,0.0551523947750362,0.2264150943396226,0.1364296081277213,-6.851680798954605,0.6473149492017417,0.216255442670537,7.299159204994188,0.0856313497822931,12.490602058317466,0.706821480406386,0.2075471698113207,-10.504030273865652,689,0.2191582002902757,0.9129172714078374,0.1523947750362844,-3.9689849189208246,0.5965166908563135,0.251088534107402,2.9779954327689646,2025
676106,"Hancock, Emerson",2025,Mariners,R,2.735304941,0.0524017467248908,0.2372634643377001,0.1018922852983988,-6.2736845306931945,0.6419213973799127,0.2561863173216885,7.567979057072526,0.1630276564774381,12.535305211672055,0.6710334788937409,0.1659388646288209,-10.072263570501113,687,0.2052401746724891,0.9301310043668122,0.0960698689956331,-3.193248400683327,0.6550218340611353,0.2489082969432314,2.966680064904465,2025
672456,"Montero, Keider",2025,Tigers,R,3.422795622,0.0644216691068814,0.2386530014641288,0.1010248901903367,-6.13471873099097,0.6486090775988287,0.2503660322108345,8.682301972666675,0.2210834553440702,12.645999992640672,0.6325036603221084,0.1464128843338213,-10.56451509479571,683,0.2020497803806735,0.9092240117130308,0.1259150805270864,-3.4051389945172743,0.6881405563689604,0.1859443631039531,2.802074127765056,2025
647336,"Soroka, Michael",2025,zMLB,R,4.501822608,0.064516129032258,0.2067448680351906,0.0997067448680351,-6.795318252141089,0.6876832844574781,0.2126099706744868,9.000257909780553,0.2390029325513196,13.844851139249988,0.6304985337243402,0.1304985337243401,-10.232846864918043,682,0.2404692082111437,0.8988269794721407,0.126099706744868,-5.10442303869896,0.6158357771260997,0.2580645161290322,2.92734141494395,2025
676282,"Cantillo, Joey",2025,Guardians,L,4.788119021,0.1187683284457478,0.2331378299120234,0.0571847507331378,-5.14254263830366,0.6275659824046921,0.3152492668621701,11.407290650789092,0.3519061583577713,16.29943848245463,0.501466275659824,0.1466275659824047,-11.709265420304224,682,0.2947214076246334,0.8504398826979472,0.1686217008797653,-3.5613902731125893,0.6524926686217009,0.1788856304985337,2.989665253285268,2025
678024,"Vasil, Mike",2025,White Sox,R,2.559171429,0.0838235294117647,0.2455882352941176,0.1058823529411764,-6.698698026500147,0.6220588235294118,0.2720588235294117,7.501896900827717,0.1397058823529411,11.716062992915695,0.6617647058823529,0.1985294117647058,-10.606426608424002,680,0.2426470588235294,0.9,0.125,-3.8524080678724375,0.6647058823529411,0.2102941176470588,2.906310731915724,2025
453286,"Scherzer, Max",2025,Blue Jays,R,2.737319257,0.0383480825958702,0.2109144542772861,0.103244837758112,-5.757670941001858,0.6828908554572272,0.2138643067846607,8.844062003106364,0.2374631268436578,12.475237488034542,0.6474926253687315,0.1150442477876106,-10.13668969696206,678,0.2374631268436578,0.9380530973451328,0.0722713864306784,-3.0497413236570146,0.6548672566371682,0.2728613569321534,2.8902167779278787,2025
641816,"Mahle, Tyler",2025,Rangers,R,2.270878103,0.0695266272189349,0.2218934911242603,0.0266272189349112,-5.293014006916701,0.6982248520710059,0.2751479289940828,7.685769809613436,0.2248520710059171,11.598192007411914,0.6420118343195266,0.1331360946745562,-10.273491832471068,676,0.2366863905325443,0.9378698224852072,0.0902366863905325,-3.055336742327676,0.6124260355029586,0.2973372781065089,3.091455244791724,2025
805673,"Matthews, Zebby",2025,Twins,R,2.781886137,0.0651851851851851,0.2222222222222222,0.0874074074074074,-6.204867450387134,0.6785185185185185,0.234074074074074,8.283002741494883,0.1659259259259259,10.912829272960064,0.6918518518518518,0.1422222222222222,-10.037836277280896,675,0.277037037037037,0.914074074074074,0.1585185185185185,-3.910596342072696,0.597037037037037,0.2444444444444444,2.967333094186384,2025
682847,"Ortiz, Luis",2025,Guardians,R,2.716402422,0.0732436472346786,0.2376681614349775,0.085201793721973,-6.758658613779575,0.6621823617339312,0.2526158445440957,8.449889785431031,0.1674140508221225,11.81740298199806,0.6816143497757847,0.1509715994020926,-10.100922626352656,669,0.2929745889387145,0.9237668161434978,0.1210762331838565,-3.755245381939816,0.6203288490284006,0.2585949177877429,3.1062358578183016,2025
669372,"Ginn, J.T.",2025,Athletics,R,2.815596771,0.0708898944193061,0.2368024132730015,0.1568627450980392,-6.594231994050358,0.5625942684766214,0.2805429864253393,8.281454512162034,0.196078431372549,11.622994219448335,0.7073906485671192,0.0965309200603318,-10.0220003769217,663,0.2926093514328808,0.9125188536953244,0.2443438914027149,-3.264906628761005,0.6530920060331825,0.1025641025641025,3.1739226480362217,2025
656641,"Latz, Jacob",2025,Rangers,L,3.414083408,0.0755287009063444,0.2250755287009063,0.0377643504531722,-5.915943686609687,0.6706948640483383,0.2915407854984894,9.511642672784738,0.2356495468277945,13.559175869986532,0.6132930513595166,0.1510574018126888,-9.55238010052853,662,0.3021148036253776,0.9154078549848944,0.107250755287009,-4.088250792602532,0.5996978851963746,0.2930513595166163,2.998935165123926,2025
685299,"Gordon, Tanner",2025,Rockies,R,2.356787195,0.0598159509202454,0.2269938650306748,0.0874233128834355,-5.602328823227952,0.6947852760736196,0.2177914110429447,7.826808881106479,0.2331288343558282,12.056617939791057,0.5858895705521472,0.1809815950920245,-11.051825753520282,652,0.1825153374233128,0.9309815950920244,0.0782208588957055,-3.1008260378345254,0.6763803680981595,0.2453987730061349,2.809026425804749,2025
592866,"Williams, Trevor",2025,Nationals,R,2.797963344,0.0506134969325153,0.2530674846625766,0.0797546012269938,-6.060119414159146,0.6380368098159509,0.2822085889570552,8.149796888428405,0.2776073619631902,13.266366614442417,0.5705521472392638,0.151840490797546,-10.95610552693324,652,0.2024539877300613,0.9171779141104296,0.0705521472392638,-3.5977997777862423,0.7024539877300614,0.2269938650306748,2.774727334052001,2025
700241,"McGreevy, Michael",2025,Cardinals,R,2.824792204,0.0446153846153846,0.3092307692307692,0.0584615384615384,-5.96477042802212,0.676923076923077,0.2646153846153846,7.9487313706222915,0.14,11.587951051323358,0.6738461538461539,0.1861538461538461,-10.674751801407645,650,0.1953846153846153,0.9230769230769232,0.0953846153846153,-3.331722899212435,0.7215384615384616,0.183076923076923,2.9275210112494374,2025
681517,"Leahy, Kyle",2025,Cardinals,R,2.706345289,0.073959938366718,0.2265023112480739,0.0785824345146379,-5.82471260910436,0.6394453004622496,0.2819722650231124,7.50535239175432,0.1432973805855161,10.4700625761645,0.6979969183359014,0.1587057010785824,-10.76832405541393,649,0.2357473035439137,0.9090909090909092,0.135593220338983,-3.3037704767924216,0.6224961479198767,0.2419106317411402,3.2504518752060947,2025
674370,"Bido, Osvaldo",2025,Athletics,R,2.763024661,0.0606531881804043,0.23950233281493,0.0575427682737169,-6.100594917875558,0.6936236391912908,0.2488335925349922,8.219336204767556,0.1990668740279937,11.946381741927862,0.6734059097978227,0.1275272161741835,-10.478745958375118,643,0.2488335925349922,0.9051321928460342,0.0793157076205287,-3.950354328081609,0.6251944012441679,0.2954898911353033,2.9896454029939714,2025
678368,"Bellozo, Valente",2025,Marlins,R,2.188240945,0.0375,0.2546875,0.04375,-5.702213446671899,0.721875,0.234375,7.940263634692981,0.2609375,12.682100820544989,0.6265625,0.1125,-10.00812357463334,640,0.2046875,0.9515625,0.0375,-3.0540539717494606,0.6828125,0.2796875,2.87157319662092,2025
687765,"Spence, Mitch",2025,Athletics,R,3.813312001,0.0940988835725677,0.2488038277511961,0.0861244019138756,-5.968420392275744,0.6060606060606061,0.3078149920255183,9.428274760058605,0.2727272727272727,12.653889433274031,0.6060606060606061,0.1212121212121212,-10.984826059858362,627,0.2711323763955343,0.8995215311004785,0.1802232854864433,-3.809637845301689,0.6746411483253588,0.1451355661881977,2.9407603942647587,2025
670955,"Uceta, Edwin",2025,Rays,R,2.040523673,0.064,0.1504,0.0944,-8.510994924478899,0.6096,0.296,7.703562344771473,0.2368,10.736096999112862,0.664,0.0992,-9.942128186511615,625,0.3664,0.9216,0.1504,-3.240829546272632,0.5248,0.3248,3.319305844539618,2025
671131,"Rutledge, Jackson",2025,Nationals,R,3.539198722,0.0706260032102728,0.2568218298555377,0.0802568218298555,-6.102836385328665,0.651685393258427,0.2680577849117175,9.724098188985735,0.2343499197431781,12.614451113821485,0.6404494382022472,0.1252006420545746,-10.092918003906496,623,0.2552166934189406,0.913322632423756,0.1187800963081862,-3.4950556266109114,0.6837881219903692,0.1974317817014446,2.89832858624803,2025
693645,"Schlittler, Cam",2025,Yankees,R,1.687563983,0.061389337641357,0.172859450726979,0.0872374798061389,-5.935543289882689,0.7059773828756059,0.2067851373182552,7.490020572619756,0.08562197092084,11.715748062418262,0.6365105008077544,0.2778675282714055,-10.44444264614017,619,0.2649434571890145,0.903069466882068,0.0726978998384491,-3.60771481807481,0.5218093699515347,0.4054927302100161,3.088083831453204,2025
669093,"Estrada, Jeremiah",2025,Padres,R,3.628859127,0.105177993527508,0.174757281553398,0.0598705501618122,-7.862478890203178,0.6763754045307443,0.2637540453074433,10.97570579108505,0.1990291262135922,14.763933379809837,0.6035598705501618,0.1974110032362459,-10.530763958860147,618,0.3511326860841424,0.8559870550161812,0.0954692556634304,-3.859942918354208,0.4854368932038835,0.4190938511326861,3.1240672090086856,2025
676508,"Casparius, Ben",2025,Dodgers,R,2.24000851,0.0665584415584415,0.2191558441558441,0.0795454545454545,-6.055276976513589,0.6461038961038961,0.2743506493506493,7.719196113497306,0.185064935064935,11.884636159972482,0.6298701298701299,0.185064935064935,-11.11679150507375,616,0.2775974025974026,0.9042207792207791,0.1038961038961039,-3.969831515184666,0.6266233766233766,0.2694805194805195,3.0893607307314834,2025
702352,"Bivens, Spencer",2025,Giants,R,2.411833659,0.0587275693311582,0.2218597063621533,0.1092985318107667,-6.195233088288023,0.6084828711256117,0.2822185970636215,7.544361085130071,0.1615008156606851,11.248735209708148,0.6557911908646004,0.1827079934747145,-10.436766767903926,613,0.1712887438825448,0.9086460032626428,0.1223491027732463,-3.14614614045831,0.7145187601957586,0.1631321370309951,2.985717929144017,2025
676477,"Whitlock, Garrett",2025,Red Sox,R,3.028628725,0.1076672104404567,0.1761827079934747,0.0880913539967373,-5.610823945916207,0.6476345840130505,0.2642740619902121,8.649133268609488,0.2120717781402936,11.923000010966405,0.5905383360522023,0.197389885807504,-10.958245270267769,613,0.3344208809135399,0.8515497553017944,0.166394779771615,-4.230968328280908,0.5497553017944535,0.2838499184339315,3.081574102561297,2025
607192,"Glasnow, Tyler",2025,Dodgers,R,4.746491726,0.0939044481054365,0.228995057660626,0.0774299835255354,-5.679359233394355,0.6803953871499177,0.2421746293245469,8.814780791014657,0.186161449752883,12.75606409266416,0.657331136738056,0.1565074135090609,-10.864329602952116,607,0.2833607907742998,0.8830313014827018,0.2108731466227347,-5.033731358118108,0.5683690280065898,0.2207578253706754,2.9935656003212308,2025
671922,"Smith, Cade",2025,Guardians,R,2.664576835,0.0948419301164725,0.1896838602329451,0.0682196339434276,-5.937362400688715,0.6638935108153078,0.2678868552412645,8.325596482836056,0.1331114808652246,11.695414005869672,0.5940099833610649,0.2728785357737104,-10.591349184815815,601,0.3477537437603993,0.8752079866888519,0.0831946755407653,-4.265923787491957,0.4642262895174708,0.4525790349417637,3.3092241349646616,2025
656288,"Canning, Griffin",2025,Mets,R,3.393573942,0.0808080808080808,0.2643097643097643,0.0875420875420875,-6.04664663412984,0.7171717171717171,0.1952861952861952,8.6821015313154,0.1767676767676767,11.301641067008196,0.7222222222222222,0.101010101010101,-10.524833298405657,594,0.2626262626262626,0.9175084175084176,0.2508417508417508,-3.7358873813337232,0.5892255892255892,0.1599326599326599,2.870811561665667,2025
686701,"Bergert, Ryan",2025,zMLB,R,2.209084624,0.0522765598650927,0.2563237774030354,0.042158516020236,-5.566932730612576,0.7318718381112985,0.2259696458684654,7.608308012263357,0.1652613827993254,11.234352960960123,0.7453625632377741,0.0893760539629005,-10.024971633167398,593,0.2428330522765598,0.9308600337268128,0.1079258010118043,-3.4981565992367822,0.5885328836424958,0.3035413153456998,2.794707513247475,2025
663574,"Santillan, Tony",2025,Reds,R,3.345407384,0.072512647554806,0.2192242833052276,0.0708263069139966,-5.314327093310443,0.7166947723440135,0.2124789207419898,11.186014753861029,0.1079258010118043,13.65991703695717,0.684654300168634,0.2074198988195615,-10.4837158342716,593,0.2748735244519393,0.8954468802698144,0.0944350758853288,-4.668428298034797,0.5682967959527825,0.3372681281618887,3.0533747703023213,2025
641154,"López, Pablo",2025,Twins,R,3.184051611,0.0813559322033898,0.2152542372881355,0.0932203389830508,-5.866044647356365,0.6661016949152543,0.2406779661016949,8.711577078003621,0.1830508474576271,11.6414777647256,0.6491525423728813,0.1677966101694915,-10.628235847914365,590,0.2644067796610169,0.9016949152542372,0.159322033898305,-3.9365449352555264,0.5966101694915255,0.2440677966101695,3.044840640955491,2025
688138,"Evans, Logan",2025,Mariners,R,3.040793816,0.0509337860780984,0.2767402376910017,0.0797962648556876,-5.805428731095657,0.6689303904923599,0.2512733446519524,8.298765951899377,0.2020373514431239,10.743079683615395,0.6943972835314092,0.1035653650254669,-10.27410075908422,589,0.1969439728353141,0.935483870967742,0.1358234295415959,-3.112241035990773,0.6960950764006791,0.1680814940577249,2.879139643137888,2025
678606,"Ferrer, José A.",2025,Nationals,L,3.211296195,0.0991452991452991,0.2102564102564102,0.07008547008547,-6.256484429887107,0.5658119658119658,0.3641025641025641,8.867945136528192,0.1504273504273504,12.400992328300305,0.5658119658119658,0.2837606837606837,-10.269789855979372,585,0.2547008547008547,0.9145299145299144,0.1384615384615384,-3.436417074987706,0.6547008547008547,0.2068376068376068,2.9603634556982112,2025
694819,"Misiorowski, Jacob",2025,Brewers,R,2.119023355,0.048695652173913,0.1721739130434782,0.0921739130434782,-5.866581184589328,0.711304347826087,0.1965217391304347,7.430639140764777,0.08,10.100375330182452,0.7095652173913043,0.2104347826086956,-9.937831613069026,575,0.2991304347826087,0.902608695652174,0.0991304347826086,-4.3198676871875215,0.4782608695652174,0.4226086956521739,3.134375344084001,2025
641755,"Kinley, Tyler",2025,zMLB,R,4.732771814,0.1186736474694589,0.212914485165794,0.0418848167539267,-6.002134221775779,0.6195462478184991,0.3385689354275741,9.998602821759112,0.3472949389179756,12.427148664085276,0.5968586387434555,0.0558464223385689,-10.68884883014704,573,0.3193717277486911,0.8534031413612565,0.2303664921465968,-4.168881650560319,0.631762652705061,0.137870855148342,2.90780115665874,2025
623474,"Herget, Jimmy",2025,Rockies,R,3.227377182,0.0968309859154929,0.2235915492957746,0.0475352112676056,-7.318039628208948,0.5915492957746479,0.3609154929577465,8.859279705328078,0.3556338028169014,13.2351144941463,0.5352112676056338,0.1091549295774647,-9.934703606766565,568,0.2746478873239437,0.9049295774647887,0.1408450704225352,-3.0256378283633905,0.6883802816901409,0.1707746478873239,2.8417873062874217,2025
657376,"Schmidt, Clarke",2025,Yankees,R,2.590471266,0.0516934046345811,0.2032085561497326,0.1122994652406417,-6.310310479722942,0.6755793226381461,0.2121212121212121,9.148992308050056,0.1532976827094474,12.15271948570635,0.696969696969697,0.1497326203208556,-11.031130295344184,561,0.2745098039215686,0.910873440285205,0.1016042780748663,-3.8768908124576873,0.5971479500891266,0.3012477718360071,3.105467586815548,2025
686218,"Sheehan, Emmet",2025,Dodgers,R,3.186029867,0.0840787119856887,0.1914132379248658,0.0930232558139534,-6.16355651047952,0.6243291592128801,0.2826475849731664,8.845498683181889,0.2379248658318425,11.9545167180916,0.6493738819320215,0.1127012522361359,-10.511919850158542,559,0.334525939177102,0.8998211091234347,0.1323792486583184,-4.184755591169227,0.552772808586762,0.3148479427549195,3.0079709751736416,2025
663158,"Suarez, Robert",2025,Padres,R,1.929078715,0.0412926391382405,0.1921005385996409,0.0628366247755834,-6.090917280073728,0.6947935368043088,0.2423698384201077,7.740889228307024,0.0843806104129264,11.18264798065385,0.7001795332136446,0.215439856373429,-9.818593978144214,557,0.2441651705565529,0.9174147217235188,0.0718132854578097,-3.3703748422823923,0.5134649910233393,0.414721723518851,2.9594687572486795,2025
661395,"Duran, Jhoan",2025,zMLB,R,2.890098447,0.0574506283662477,0.1831238779174147,0.111310592459605,-5.745200912140741,0.6714542190305206,0.2172351885098743,8.553703031039559,0.0628366247755834,12.015231251679618,0.6732495511669659,0.2639138240574506,-10.496571654225642,557,0.3123877917414722,0.8653500897666068,0.2351885098743267,-4.03585171623922,0.5314183123877917,0.2333931777378815,3.1460618046350723,2025
676263,"Dreyer, Jack",2025,Dodgers,L,2.061037213,0.0754039497307001,0.2423698384201077,0.0789946140035906,-5.759479214848517,0.7127468581687613,0.2082585278276481,7.1550809451928,0.1364452423698384,10.73057405516065,0.7271095152603232,0.1364452423698384,-11.2161648547894,557,0.2764811490125673,0.9245960502692998,0.1885098743267504,-3.5740494144682464,0.5493716337522442,0.2621184919210054,3.0951719655102115,2025
678692,"Henriquez, Ronny",2025,Marlins,R,5.299948862,0.1211573236889692,0.2115732368896926,0.0560578661844484,-6.859041224875229,0.5949367088607594,0.349005424954792,10.357659213094994,0.3182640144665461,12.997162597503849,0.5840867992766727,0.0976491862567811,-10.117827298266649,553,0.3670886075949367,0.8625678119349005,0.2423146473779385,-4.737877704528154,0.5895117540687161,0.1681735985533453,2.9244149762095395,2025
685126,"Eisert, Brandon",2025,White Sox,L,2.582009932,0.0887681159420289,0.1902173913043478,0.0670289855072463,-5.7783564842844015,0.5670289855072463,0.3659420289855072,8.330160398268829,0.2554347826086957,11.94970020561427,0.625,0.1195652173913043,-10.58169718391307,552,0.3242753623188406,0.8913043478260869,0.1630434782608695,-3.209461984072043,0.6068840579710145,0.2300724637681159,3.10051149287407,2025
641329,"Baker, Bryan",2025,zMLB,R,2.352491033,0.0634057971014492,0.2119565217391304,0.0489130434782608,-5.675431708937714,0.6304347826086957,0.3206521739130434,7.973845308825647,0.2010869565217391,12.774348025497336,0.6503623188405797,0.1485507246376811,-10.273446999284474,552,0.2934782608695652,0.914855072463768,0.0797101449275362,-3.77475610966861,0.5688405797101449,0.3514492753623188,3.004363071252892,2025
669276,"Lee, Dylan",2025,Braves,L,4.081478362,0.1451905626134301,0.1833030852994555,0.0235934664246823,-5.668700748871453,0.5843920145190563,0.3920145190562613,9.64929158506676,0.4192377495462795,12.329779754479034,0.5027223230490018,0.0780399274047187,-10.26167702512401,551,0.3448275862068966,0.9382940108892922,0.2123411978221415,-3.790413404589935,0.6152450090744102,0.1724137931034483,2.9436728000609054,2025
660853,"De Los Santos, Enyel",2025,zMLB,R,2.710904402,0.0927272727272727,0.1945454545454545,0.06,-5.805016068347915,0.5654545454545454,0.3745454545454545,8.638581520404896,0.2545454545454545,11.814485737053635,0.5854545454545454,0.16,-9.883434977878837,550,0.3090909090909091,0.9345454545454546,0.0709090909090909,-3.0807934954707528,0.6545454545454545,0.2745454545454545,2.9559054122833794,2025
640455,"Manaea, Sean",2025,Mets,L,3.227392494,0.1111111111111111,0.1530054644808743,0.0892531876138433,-7.272031397470692,0.6211293260473588,0.2896174863387978,10.09888478033386,0.2204007285974499,14.851294440878156,0.5227686703096539,0.2568306010928962,-11.586796429537053,549,0.2714025500910746,0.8633879781420765,0.0892531876138433,-3.640940584909722,0.5355191256830601,0.3752276867030965,3.069271549889588,2025
641941,"Pagán, Emilio",2025,Reds,R,3.156966487,0.0856102003642987,0.1912568306010929,0.0947176684881603,-6.094796858868751,0.6703096539162113,0.2349726775956284,9.61170302183973,0.2349726775956284,13.33819541690072,0.668488160291439,0.0965391621129326,-9.998534778833408,549,0.2950819672131147,0.9107468123861566,0.1038251366120218,-3.781825952274177,0.5664845173041895,0.3296903460837887,3.122564781520549,2025
592773,"Stanek, Ryne",2025,Mets,R,3.058936721,0.0637522768670309,0.2040072859744991,0.0673952641165755,-5.6064922896379095,0.7122040072859745,0.2204007285974499,7.975611052924739,0.1366120218579235,11.922996646175822,0.6848816029143898,0.1785063752276867,-9.848844021055344,549,0.2823315118397085,0.8888888888888888,0.0910746812386156,-5.540920764818676,0.5355191256830601,0.3734061930783242,2.947188769218051,2025
677958,"Rocker, Kumar",2025,Rangers,R,4.169030853,0.086080586080586,0.2326007326007326,0.0952380952380952,-6.720653207097037,0.652014652014652,0.2527472527472527,8.995394234025046,0.2344322344322344,12.148824027724553,0.6501831501831502,0.1153846153846153,-10.620806912051378,546,0.2527472527472527,0.9065934065934066,0.1666666666666666,-4.498005305628599,0.6593406593406593,0.1739926739926739,2.88957532808676,2025
642207,"Williams, Devin",2025,Yankees,R,2.302280571,0.1302752293577981,0.1431192660550458,0.0532110091743119,-5.360569244602644,0.6513761467889908,0.2954128440366972,8.074877045743158,0.3302752293577982,12.367330027032173,0.5137614678899083,0.1559633027522936,-10.624741861256132,545,0.3834862385321101,0.9284403669724772,0.236697247706422,-3.348783624281002,0.4642201834862385,0.2990825688073394,3.1530243656068544,2025
571927,"Matz, Steven",2025,zMLB,L,2.43048137,0.0788990825688073,0.2403669724770642,0.0807339449541284,-5.861359758550842,0.6844036697247706,0.2348623853211009,7.280012672291043,0.1798165137614679,12.315357443664896,0.5926605504587156,0.2275229357798165,-10.774094286616624,545,0.1926605504587156,0.8733944954128441,0.1009174311926605,-3.4419314542626824,0.636697247706422,0.2623853211009174,2.9205702703131573,2025
656546,"Hoffman, Jeff",2025,Blue Jays,R,4.030828729,0.0902394106813996,0.2044198895027624,0.0736648250460405,-6.2499046701646455,0.6187845303867403,0.3075506445672191,9.13916468580923,0.2320441988950276,12.2388232550187,0.6519337016574586,0.1160220994475138,-10.455423017387163,543,0.3278084714548803,0.852670349907919,0.1970534069981583,-4.303850060521091,0.5543278084714549,0.2486187845303867,2.9016732086423693,2025
677952,"Ashcraft, Braxton",2025,Pirates,R,2.896665118,0.0423572744014733,0.2136279926335175,0.0810313075506445,-5.826083469752524,0.6335174953959485,0.285451197053407,7.857979335851184,0.141804788213628,10.877688416840408,0.7348066298342542,0.1233885819521178,-9.989576027476906,543,0.2670349907918968,0.9355432780847146,0.1786372007366482,-3.907026207191674,0.6187845303867403,0.2025782688766114,2.843953697688496,2025
650556,"Abreu, Bryan",2025,Astros,R,3.991718293,0.1180811808118081,0.1955719557195571,0.077490774907749,-6.615101913417719,0.6328413284132841,0.2896678966789668,9.96189201401502,0.2287822878228782,12.716644973116482,0.6273062730627307,0.1439114391143911,-10.298814294341556,542,0.4169741697416974,0.8579335793357934,0.1974169741697417,-5.239804180508367,0.4723247232472324,0.3302583025830258,3.2577455908340056,2025
656731,"Megill, Tylor",2025,Mets,R,4.108517766,0.092250922509225,0.2011070110701107,0.1051660516605166,-6.382320775117616,0.6476014760147601,0.2472324723247232,9.865686003776172,0.1992619926199262,13.482961139849593,0.6346863468634686,0.1660516605166051,-11.081193811260752,542,0.3118081180811808,0.8579335793357934,0.1697416974169741,-4.676065991299223,0.551660516605166,0.2785977859778598,3.2000978970707825,2025
673929,"Leasure, Jordan",2025,White Sox,R,4.158868091,0.0796296296296296,0.1925925925925926,0.0537037037037037,-5.869186836594027,0.687037037037037,0.2592592592592592,10.029085221053782,0.237037037037037,13.213097585474417,0.6611111111111111,0.1018518518518518,-10.688693645028186,540,0.3166666666666666,0.8777777777777778,0.1296296296296296,-4.325474427345095,0.562962962962963,0.3074074074074074,3.039262492445279,2025
681982,"Anderson, Grant",2025,Brewers,R,3.243513957,0.0630797773654916,0.1892393320964749,0.085343228200371,-5.837440505755961,0.6419294990723562,0.2727272727272727,9.509820783303914,0.2467532467532467,13.74395043616124,0.5640074211502782,0.1892393320964749,-9.886950834518744,539,0.3172541743970315,0.8942486085343229,0.1020408163265306,-3.545158549465604,0.614100185528757,0.2838589981447124,3.083793970696665,2025
643377,"Jax, Griffin",2025,zMLB,R,3.985481929,0.0927643784786641,0.1836734693877551,0.1317254174397031,-6.676507244642702,0.5473098330241187,0.3209647495361781,9.089103823960931,0.1632653061224489,11.107585061611982,0.7365491651205937,0.1001855287569573,-10.623130388673337,539,0.3747680890538033,0.8998144712430427,0.3265306122448979,-4.3675944401180224,0.5398886827458256,0.1335807050092764,2.877535529372437,2025
621107,"Eflin, Zach",2025,Orioles,R,3.21363777,0.0686456400742115,0.2467532467532467,0.072356215213358,-6.091824572985932,0.6159554730983302,0.3116883116883117,8.504597620457483,0.2801484230055658,13.450921394003284,0.5918367346938775,0.1280148423005566,-10.751951839283972,539,0.2133580705009276,0.9053803339517624,0.1410018552875695,-3.092972678361179,0.686456400742115,0.1725417439703154,3.0174365614781484,2025
686973,"Varland, Louis",2025,zMLB,R,3.284386701,0.0783582089552238,0.2182835820895522,0.0522388059701492,-5.481442735490349,0.6529850746268657,0.2947761194029851,7.488042156051598,0.1194029850746268,11.380545132219972,0.6585820895522388,0.2220149253731343,-10.136503756184482,536,0.2798507462686567,0.8992537313432836,0.1996268656716417,-4.285667619841576,0.5727611940298507,0.2276119402985074,3.0066420892973733,2025
686993,"Sterner, Justin",2025,Athletics,R,2.588322043,0.0582706766917293,0.2030075187969924,0.0902255639097744,-6.892984169438162,0.6804511278195489,0.2293233082706766,8.845183272173319,0.1860902255639097,12.400421400467687,0.6635338345864662,0.150375939849624,-10.356052362547754,532,0.3120300751879699,0.868421052631579,0.0958646616541353,-4.265320461856007,0.543233082706767,0.3609022556390977,2.9631300536724328,2025
663947,"Holton, Tyler",2025,Tigers,L,3.582711151,0.0602636534839924,0.2410546139359698,0.1224105461393597,-6.249160843236857,0.6101694915254238,0.2674199623352166,9.267390566785044,0.1958568738229755,13.031343103520742,0.6704331450094162,0.1337099811676083,-10.386707797431876,531,0.2542372881355932,0.8983050847457628,0.1487758945386064,-3.348824524401016,0.6779661016949152,0.1732580037664783,3.0354908277896286,2025
663485,"Sands, Cole",2025,Twins,R,2.258412061,0.0528301886792452,0.260377358490566,0.1132075471698113,-6.9101261548754085,0.6886792452830188,0.1981132075471698,7.115685611901636,0.1528301886792452,10.953644955693568,0.7339622641509433,0.1132075471698113,-9.929985545266028,530,0.2283018867924528,0.9245283018867924,0.120754716981132,-3.682733316688856,0.6358490566037736,0.2433962264150943,2.9184300189456813,2025
593974,"Peralta, Wandy",2025,Padres,L,3.239028548,0.0811320754716981,0.2264150943396226,0.1132075471698113,-6.12002847163161,0.4962264150943396,0.3905660377358491,8.337911805610114,0.2264150943396226,11.170977005422152,0.6886792452830188,0.0849056603773584,-9.819014316188523,530,0.2924528301886792,0.918867924528302,0.1981132075471698,-3.362183052461965,0.6716981132075471,0.130188679245283,2.910823061875268,2025
596133,"Weaver, Luke",2025,Yankees,R,2.694783338,0.0642722117202268,0.1909262759924385,0.0359168241965973,-5.866988212754445,0.6635160680529301,0.3005671077504726,8.419359472794783,0.1965973534971644,11.654215385748032,0.6937618147448015,0.109640831758034,-10.094188253857055,529,0.3194706994328922,0.9300567107750471,0.1020793950850661,-3.6605409859415055,0.5614366729678639,0.3364839319470699,2.9687942058765584,2025
676684,"Vest, Will",2025,Tigers,R,2.158837328,0.0552380952380952,0.2133333333333333,0.0876190476190476,-5.823667127075101,0.68,0.2323809523809523,7.771077053299418,0.0704761904761904,10.35096101769223,0.6876190476190476,0.2419047619047619,-9.904202565664868,525,0.2666666666666666,0.918095238095238,0.139047619047619,-3.587264950105781,0.6057142857142858,0.2552380952380952,3.080631357960337,2025
680736,"Wrobleski, Justin",2025,Dodgers,L,1.526076886,0.0571428571428571,0.2228571428571428,0.1047619047619047,-6.132998076763506,0.7180952380952381,0.1771428571428571,7.516185120087625,0.0647619047619047,10.783950356230877,0.6685714285714286,0.2666666666666666,-10.47470052303694,525,0.2495238095238095,0.9123809523809524,0.1066666666666666,-3.294855634723083,0.5638095238095238,0.3295238095238095,3.113410066863706,2025
595345,"Okert, Steven",2025,Astros,L,3.436505743,0.0916030534351145,0.1736641221374046,0.0458015267175572,-5.530611130136792,0.6393129770992366,0.3148854961832061,10.011963904331184,0.3129770992366412,14.81538599277688,0.549618320610687,0.1374045801526717,-11.013517500186095,524,0.3301526717557252,0.916030534351145,0.0973282442748091,-3.952090901082753,0.5648854961832062,0.3377862595419847,2.9689776889514112,2025
666142,"Ragans, Cole",2025,Royals,L,2.854982048,0.1032504780114722,0.1376673040152963,0.0803059273422562,-5.272507053002086,0.655831739961759,0.2638623326959847,9.365201550904002,0.2313575525812619,13.229585433831195,0.5468451242829828,0.2217973231357552,-11.184072575720482,523,0.3518164435946462,0.8814531548757171,0.1376673040152963,-3.9432130090200936,0.5277246653919694,0.3346080305927342,3.173132688376609,2025
621383,"Banks, Tanner",2025,Phillies,L,2.244422419,0.057471264367816,0.2068965517241379,0.1494252873563218,-6.058188174701596,0.6340996168582376,0.2164750957854406,8.925769276396446,0.1168582375478927,11.479043775013585,0.5766283524904214,0.3065134099616858,-11.486729032444384,522,0.2222222222222222,0.8888888888888888,0.0498084291187739,-2.948286324153258,0.6264367816091954,0.3237547892720306,2.938580995739684,2025
650633,"King, Michael",2025,Padres,R,3.296881825,0.0595009596928982,0.2168905950095969,0.0786948176583493,-6.723261635815152,0.6276391554702495,0.2936660268714011,9.225497860191124,0.2840690978886756,12.067974879543238,0.6046065259117083,0.1113243761996161,-10.638495094734193,521,0.2591170825335892,0.9040307101727448,0.1151631477927063,-3.113774530229115,0.6487523992322457,0.236084452975048,3.143269401918848,2025
669211,"Akin, Keegan",2025,Orioles,L,2.417024925,0.0673076923076923,0.1942307692307692,0.0634615384615384,-6.2258913271067255,0.6673076923076923,0.2692307692307692,7.742297033353496,0.1865384615384615,10.926338654129026,0.6288461538461538,0.1846153846153846,-10.960647580237312,520,0.2634615384615384,0.9076923076923076,0.0711538461538461,-3.79042626498059,0.5846153846153846,0.3442307692307692,3.003562812225595,2025
672282,"Detmers, Reid",2025,Angels,L,2.843468107,0.1078998073217726,0.1888246628131021,0.0886319845857418,-5.82064990418248,0.6917148362235067,0.2196531791907514,8.361870583679394,0.1734104046242774,13.39329967201256,0.5529865125240848,0.2736030828516377,-10.794724932006018,519,0.3333333333333333,0.8670520231213873,0.1772639691714836,-4.294158569106651,0.5028901734104047,0.3198458574181118,3.2017235761884897,2025
682842,"Uribe, Abner",2025,Brewers,R,4.20782235,0.0791505791505791,0.1911196911196911,0.0772200772200772,-6.381753142085899,0.5656370656370656,0.3571428571428571,9.398154882397357,0.2316602316602316,13.304185741698646,0.667953667953668,0.1003861003861003,-11.211719945595709,518,0.3223938223938224,0.8494208494208494,0.1833976833976834,-4.087104428228146,0.611969111969112,0.2046332046332046,2.97771170886448,2025
542888,"Armstrong, Shawn",2025,Rangers,R,1.571846275,0.0444874274661508,0.2108317214700193,0.0986460348162475,-6.48945156129031,0.6827852998065764,0.218568665377176,7.374057183389429,0.1121856866537717,11.35613483415588,0.7040618955512572,0.1837524177949709,-10.335330673656312,517,0.2475822050290135,0.9226305609284332,0.0444874274661508,-2.993199965224413,0.5589941972920697,0.3965183752417795,3.0789878435226665,2025
506433,"Darvish, Yu",2025,Padres,R,2.866346128,0.067829457364341,0.2054263565891473,0.0833333333333333,-6.384979092116576,0.624031007751938,0.2926356589147287,8.362943518906658,0.2480620155038759,14.421132126856335,0.6395348837209303,0.1124031007751938,-10.370178439716373,516,0.2364341085271318,0.9069767441860463,0.1046511627906976,-3.620099429716052,0.6782945736434108,0.2170542635658914,2.870970358555891,2025
663969,"Phillips, Tyler",2025,Marlins,R,4.234607008,0.0718446601941747,0.2563106796116505,0.0796116504854368,-6.3754293207529065,0.625242718446602,0.2951456310679611,9.010492505087525,0.2466019417475728,11.925090866148793,0.658252427184466,0.0951456310679611,-9.725730382633154,515,0.2796116504854369,0.8854368932038835,0.2621359223300971,-4.013889977862561,0.6737864077669903,0.0640776699029126,2.733849388884493,2025
669920,"Alexander, Jason",2025,zMLB,R,4.673232272,0.1087378640776699,0.2427184466019417,0.0524271844660194,-6.532422300363364,0.6019417475728155,0.345631067961165,9.505512978796643,0.3805825242718446,14.200335801315491,0.5087378640776699,0.1106796116504854,-10.07787962433991,515,0.2427184466019417,0.9242718446601942,0.174757281553398,-3.317277427928667,0.7242718446601941,0.1009708737864077,2.8160351166234308,2025
670102,"Francis, Bowden",2025,Blue Jays,R,4.263155072,0.0875486381322957,0.2392996108949416,0.0914396887159533,-5.773467232759834,0.6984435797665369,0.2101167315175097,10.54769441878125,0.2217898832684824,15.43819038843024,0.6653696498054474,0.11284046692607,-9.96864782304963,514,0.2334630350194552,0.926070038910506,0.1284046692607003,-3.4011120054295,0.6070038910505836,0.2645914396887159,2.8478379056319745,2025
669199,"Bachar, Lake",2025,Marlins,R,3.739075293,0.0778210116731517,0.2529182879377432,0.0330739299610894,-6.72597315113795,0.6575875486381323,0.3093385214007782,9.10909659293488,0.2178988326848249,12.391537963542852,0.6867704280155642,0.0953307392996108,-10.425593217853235,514,0.3073929961089494,0.9046692607003892,0.1770428015564202,-4.001089619090679,0.5972762645914397,0.22568093385214,2.893472299439153,2025
608718,"Suter, Brent",2025,Reds,L,3.0742906,0.0760233918128654,0.1832358674463937,0.1130604288499025,-5.961584991471801,0.6198830409356725,0.2670565302144249,9.184324364890202,0.2319688109161793,14.639107985953144,0.49317738791423,0.2748538011695906,-11.739035659463877,513,0.2222222222222222,0.8538011695906432,0.0721247563352826,-3.637462436201997,0.682261208576998,0.2456140350877192,2.9853020835075923,2025
684320,"Rodríguez, Yariel",2025,Blue Jays,R,4.036518348,0.08203125,0.205078125,0.07421875,-6.511345466884227,0.576171875,0.349609375,9.3697283345269,0.203125,13.111520736051228,0.64453125,0.15234375,-10.487939699373364,512,0.28125,0.87109375,0.109375,-3.875306373830115,0.640625,0.25,2.950863890428471,2025
605130,"Barlow, Scott",2025,Reds,R,4.557842339,0.09765625,0.1796875,0.0859375,-7.321404332299417,0.615234375,0.298828125,10.330649701686104,0.4140625,13.981795849586414,0.5078125,0.078125,-10.759434472446785,512,0.310546875,0.8828125,0.169921875,-4.347264488430225,0.65625,0.173828125,3.0152514203650247,2025
683769,"Gaddis, Hunter",2025,Guardians,R,3.174870713,0.0508806262230919,0.2348336594911937,0.0587084148727984,-6.585902702741058,0.62426614481409,0.3170254403131115,9.45941555417302,0.2426614481409001,13.091403987906476,0.6614481409001957,0.0958904109589041,-9.960280917884475,511,0.3287671232876712,0.8904109589041096,0.1252446183953033,-3.887473534568669,0.6183953033268101,0.2563600782778865,2.907141094850279,2025
660825,"Bazardo, Eduard",2025,Mariners,R,2.118250327,0.0510805500982318,0.2377210216110019,0.0923379174852652,-5.596996459304494,0.7131630648330058,0.1944990176817289,7.756979588616688,0.1886051080550098,11.648338553578382,0.6954813359528488,0.1159135559921414,-10.452959395262944,509,0.1984282907662082,0.9351669941060904,0.0884086444007858,-3.3504633888950126,0.6581532416502947,0.2534381139489194,2.854246278785839,2025
672841,"Vargas, Carlos",2025,Mariners,R,1.981308117,0.0334645669291338,0.2637795275590551,0.1535433070866141,-6.262183919141766,0.6161417322834646,0.2303149606299212,7.468513576350778,0.0570866141732283,9.623341606920206,0.7086614173228346,0.234251968503937,-10.412356119614888,508,0.1929133858267716,0.9094488188976378,0.1161417322834645,-3.643790600601435,0.7303149606299213,0.1535433070866141,2.898798991847889,2025
806185,"Birdsong, Hayden",2025,Giants,R,3.532599593,0.0710059171597633,0.2268244575936883,0.0907297830374753,-6.064171812887879,0.6903353057199211,0.2189349112426035,9.21270032195957,0.165680473372781,12.59061643391416,0.7100591715976331,0.1242603550295858,-10.335585446624798,507,0.2840236686390532,0.8895463510848126,0.1893491124260355,-4.160214302538558,0.5660749506903353,0.2445759368836292,3.09479928527002,2025
656271,"Burke, Brock",2025,Angels,L,2.254411118,0.067193675889328,0.1976284584980237,0.0711462450592885,-5.44571969104827,0.6403162055335968,0.2885375494071146,7.37007114788545,0.1857707509881423,11.384708823169602,0.6462450592885376,0.1679841897233201,-10.566229354035134,506,0.2371541501976284,0.9130434782608696,0.1383399209486166,-3.2125289490113134,0.6106719367588933,0.2509881422924901,2.995928431135089,2025
666808,"Doval, Camilo",2025,zMLB,R,3.554254308,0.0830039525691699,0.1976284584980237,0.0573122529644268,-5.841867349584796,0.6442687747035574,0.2984189723320158,8.795447662129138,0.2114624505928853,11.489948406346588,0.6620553359683794,0.1264822134387351,-9.85644927542215,506,0.2845849802371542,0.8794466403162056,0.2015810276679842,-3.915167933095376,0.6264822134387352,0.1719367588932806,2.847666570805839,2025
672782,"Gómez, Yoendrys",2025,zMLB,R,2.439951418,0.0632411067193675,0.2233201581027667,0.075098814229249,-6.039030499499824,0.6620553359683794,0.2628458498023715,7.682205867541491,0.1857707509881423,11.802607836737046,0.6936758893280632,0.1205533596837944,-10.457430931700015,506,0.2411067193675889,0.9130434782608696,0.0849802371541501,-3.493776988358784,0.6086956521739131,0.3063241106719367,3.0031868141864373,2025
592094,"Adam, Jason",2025,Padres,R,4.427312578,0.1403162055335968,0.2015810276679842,0.0434782608695652,-6.603699770986689,0.5849802371541502,0.3715415019762846,10.062235759545423,0.391304347826087,13.508046950226518,0.5513833992094862,0.0573122529644268,-12.324385356993371,506,0.3379446640316205,0.8952569169960475,0.2371541501976284,-3.796400685258138,0.6225296442687747,0.1403162055335968,2.9307017654207272,2025
675848,"Mejia, Juan",2025,Rockies,R,3.690579167,0.0988142292490118,0.1640316205533596,0.1106719367588932,-6.323938319608189,0.5632411067193676,0.3260869565217391,9.969662647567167,0.1640316205533596,13.65239459468827,0.5711462450592886,0.2648221343873518,-10.524574359857798,506,0.3043478260869565,0.8517786561264822,0.0731225296442687,-4.0599300821407285,0.575098814229249,0.3517786561264822,3.254963783993986,2025
547973,"Chapman, Aroldis",2025,Red Sox,L,2.545673046,0.0871287128712871,0.1544554455445544,0.0871287128712871,-6.0784306871782645,0.6336633663366337,0.2792079207920792,8.10152524231092,0.1405940594059406,12.563883571996213,0.700990099009901,0.1584158415841584,-10.393804482477382,505,0.3663366336633663,0.8950495049504951,0.1267326732673267,-4.322620095065104,0.4891089108910891,0.3841584158415841,3.157442180346804,2025
642701,"Santana, Dennis",2025,Pirates,R,3.634356961,0.0851485148514851,0.2772277227722772,0.0574257425742574,-6.977466631794382,0.6356435643564357,0.3069306930693069,9.25555021924814,0.2633663366336634,11.976164441108832,0.6653465346534654,0.0712871287128712,-11.040988569916214,505,0.2792079207920792,0.9089108910891088,0.1366336633663366,-3.863156434227329,0.6613861386138614,0.201980198019802,2.857913973539884,2025
663855,"Hicks, Jordan",2025,zMLB,R,6.355062277,0.0813492063492063,0.246031746031746,0.0734126984126984,-6.409824219332821,0.6408730158730159,0.2857142857142857,11.224024248823032,0.2182539682539682,15.23481508597799,0.6071428571428571,0.1746031746031746,-10.356469915696689,504,0.2321428571428571,0.8928571428571429,0.1448412698412698,-3.933845339933065,0.6984126984126984,0.1567460317460317,2.75525035721926,2025
687911,"King, Bryan",2025,Astros,L,2.155099521,0.0796812749003984,0.2231075697211155,0.1374501992031872,-5.976942686747972,0.6932270916334662,0.1693227091633466,8.393901273470801,0.1274900398406374,14.22036276263399,0.5199203187250996,0.3525896414342629,-11.187293888394858,502,0.247011952191235,0.8665338645418327,0.0617529880478087,-3.9333374653066646,0.5916334661354582,0.3466135458167331,3.200986246431278,2025
683409,"Chivilli, Angel",2025,Rockies,R,4.327024512,0.154,0.268,0.046,-6.447804313947255,0.588,0.366,9.952832299038644,0.304,12.426196138655568,0.602,0.094,-10.63220495860213,500,0.302,0.918,0.23,-3.424437446563868,0.652,0.118,2.697838171116504,2025
681911,"Vesia, Alex",2025,Dodgers,L,2.372098955,0.066,0.16,0.076,-6.170645870976821,0.726,0.198,7.926465863341305,0.136,12.82268418018796,0.702,0.162,-10.860488108456304,500,0.314,0.896,0.086,-4.421502299106692,0.458,0.456,3.0629357745238988,2025
643511,"Rogers, Tyler",2025,zMLB,R,2.184597866,0.056,0.208,0.076,-6.016449937295165,0.628,0.296,8.06425811590354,0.134,14.09241249678332,0.47,0.396,-12.167156822349284,500,0.166,0.86,0.118,-2.881315638976756,0.73,0.152,3.0053314716027595,2025
663687,"Harris, Hogan",2025,Athletics,L,2.669812153,0.0701402805611222,0.1843687374749499,0.0681362725450901,-5.629351935907528,0.717434869739479,0.2144288577154308,8.602287266704886,0.2444889779559118,14.249186804595457,0.5130260521042084,0.2424849699398797,-10.537484510145584,499,0.2344689378757515,0.8837675350701403,0.1022044088176352,-2.981455705804364,0.593186372745491,0.3046092184368738,2.991173035837293,2025
668933,"Ashcraft, Graham",2025,Reds,R,3.622136454,0.0781563126252505,0.188376753507014,0.1743486973947896,-6.36324417609685,0.5110220440881763,0.314629258517034,8.428396439048514,0.12625250501002,11.2854393047289,0.6793587174348698,0.1943887775551102,-10.03979039211471,499,0.3006012024048096,0.8957915831663327,0.2044088176352705,-4.501630881537569,0.6312625250501002,0.1643286573146292,2.9769430369302925,2025
606160,"Montero, Rafael",2025,zMLB,R,2.350420517,0.0963855421686747,0.2008032128514056,0.0622489959839357,-6.997097198147348,0.6345381526104418,0.3032128514056225,7.388168703812001,0.2108433734939759,10.45114934542751,0.6646586345381527,0.1244979919678714,-9.780027808678811,498,0.3012048192771084,0.8995983935742972,0.214859437751004,-3.486258914911949,0.5261044176706827,0.2590361445783132,2.923205150730112,2025
673513,"Matsui, Yuki",2025,Padres,L,4.280800609,0.1227364185110664,0.2092555331991951,0.0764587525150905,-5.844329371324007,0.6156941649899397,0.3078470824949698,9.521402483273071,0.2957746478873239,12.48780137602791,0.6116700201207244,0.0925553319919517,-10.629653752050578,497,0.3158953722334004,0.89738430583501,0.187122736418511,-4.189955285040218,0.5915492957746479,0.221327967806841,2.8738116594291663,2025
676130,"Buttó, José",2025,zMLB,R,3.549224183,0.0865191146881287,0.2313883299798792,0.0845070422535211,-6.428869994680282,0.5935613682092555,0.3219315895372233,8.411113352629993,0.1951710261569416,11.848580915569936,0.6981891348088531,0.1066398390342052,-10.285439479603976,497,0.2917505030181087,0.9154929577464788,0.1629778672032193,-3.920996251912448,0.613682092555332,0.2233400402414486,3.157520163045556,2025
681857,"Olson, Reese",2025,Tigers,R,4.234496694,0.1267605633802817,0.2293762575452716,0.0824949698189134,-6.171090394435816,0.613682092555332,0.3038229376257545,9.037325423700654,0.2937625754527163,11.761334878321902,0.6036217303822937,0.1026156941649899,-10.283182108665,497,0.3018108651911468,0.9134808853118712,0.2595573440643863,-4.027110682510068,0.613682092555332,0.1267605633802817,2.7987755195467265,2025
621381,"Strahm, Matt",2025,Phillies,L,2.535611308,0.0727272727272727,0.2080808080808081,0.105050505050505,-6.94573491346452,0.6989898989898989,0.1959595959595959,8.103445087776437,0.1919191919191919,12.24699628459357,0.6464646464646465,0.1616161616161616,-11.450301373874192,495,0.2424242424242424,0.8909090909090909,0.0666666666666666,-4.924647642549464,0.5575757575757576,0.3757575757575757,2.943286742574206,2025
608032,"Estévez, Carlos",2025,Royals,R,1.787949574,0.0424242424242424,0.2343434343434343,0.107070707070707,-6.078871833643728,0.7393939393939394,0.1535353535353535,6.944199009984452,0.0989898989898989,10.180103588573813,0.7353535353535353,0.1656565656565656,-10.068544414047576,495,0.1939393939393939,0.907070707070707,0.0383838383838383,-4.666087989327402,0.6282828282828283,0.3333333333333333,2.9873850928854924,2025
641745,"Keller, Brad",2025,Cubs,R,3.104673028,0.0488798370672097,0.1832993890020366,0.1079429735234216,-28.838711742838328,0.560081466395112,0.3319755600814664,8.3626790820699,0.1588594704684317,12.301393806306992,0.670061099796334,0.1710794297352342,-10.751893902783484,491,0.2729124236252546,0.8818737270875764,0.1425661914460285,-3.4834665988722784,0.6537678207739308,0.2036659877800407,2.935097819149679,2025
669711,"Weissert, Greg",2025,Red Sox,R,2.169505901,0.0573770491803278,0.2561475409836065,0.0901639344262295,-6.03988764190528,0.6680327868852459,0.2418032786885245,7.527963521817641,0.1188524590163934,10.998783105346677,0.7438524590163934,0.1372950819672131,-10.21350651266909,488,0.2295081967213114,0.9200819672131147,0.1168032786885246,-3.172290891796492,0.6454918032786885,0.2377049180327868,3.012372246603183,2025
656945,"Scott, Tanner",2025,Dodgers,L,3.36694562,0.0778688524590164,0.221311475409836,0.1209016393442622,-6.086575281491464,0.7069672131147541,0.1721311475409836,8.460694378668112,0.1639344262295081,11.946061082151806,0.6987704918032787,0.1372950819672131,-10.16838768612216,488,0.2950819672131147,0.918032786885246,0.1762295081967213,-5.276289951157786,0.5676229508196722,0.2561475409836065,3.0382107833221443,2025
664854,"Helsley, Ryan",2025,zMLB,R,5.183339714,0.1440329218106996,0.1975308641975308,0.0452674897119341,-5.47474574058188,0.6111111111111112,0.3436213991769547,8.7531098417468,0.2551440329218107,12.93008854864232,0.6008230452674898,0.1440329218106996,-9.8939566050001,486,0.3065843621399177,0.8539094650205762,0.2181069958847736,-4.934250102289047,0.5596707818930041,0.2222222222222222,2.98132555618751,2025
660896,"Alcala, Jorge",2025,zMLB,R,2.079513597,0.0473251028806584,0.228395061728395,0.1069958847736625,-5.856439591126709,0.7037037037037037,0.1893004115226337,7.206294648209999,0.1152263374485596,11.564840134241642,0.7366255144032922,0.1481481481481481,-9.614124510936367,486,0.2633744855967078,0.9279835390946504,0.1131687242798353,-3.949940684957184,0.5720164609053497,0.3148148148148148,3.090822599944492,2025
607455,"Banda, Anthony",2025,Dodgers,L,3.782703918,0.0823045267489712,0.2304526748971193,0.0905349794238683,-6.271800342660279,0.6481481481481481,0.2613168724279835,8.872412716933631,0.1810699588477366,12.807271719559024,0.6604938271604939,0.1584362139917695,-10.604205121289814,486,0.2736625514403292,0.8765432098765432,0.1790123456790123,-3.9139708251768495,0.6131687242798354,0.2078189300411522,3.063129716812731,2025
670167,"Schreiber, John",2025,Royals,R,1.743904475,0.0536082474226804,0.2144329896907216,0.1175257731958762,-6.045752991332096,0.6701030927835051,0.2123711340206185,8.178913825006637,0.1216494845360824,11.78429020188917,0.6536082474226804,0.2247422680412371,-11.087055445706598,485,0.2391752577319587,0.8907216494845361,0.0804123711340206,-2.938941557248896,0.6103092783505155,0.3092783505154639,3.1368534072769294,2025
676395,"Garcia, Robert",2025,Rangers,L,1.791063889,0.0494845360824742,0.2103092783505154,0.090721649484536,-5.749827061212999,0.622680412371134,0.2865979381443299,7.545478037089258,0.1072164948453608,10.786851128932629,0.7072164948453609,0.1855670103092783,-10.575460104047725,485,0.2927835051546392,0.9257731958762888,0.1072164948453608,-3.4438511027902607,0.5793814432989691,0.3134020618556701,3.045220170095101,2025
657097,"Webb, Jacob",2025,Rangers,R,3.374597598,0.0826446280991735,0.1921487603305785,0.0516528925619834,-6.026313188533552,0.5929752066115702,0.3553719008264462,8.556114669671137,0.3326446280991735,12.34885872626834,0.5454545454545454,0.1219008264462809,-11.05460697762165,484,0.2851239669421487,0.9173553719008264,0.1157024793388429,-3.693349323833217,0.6012396694214877,0.2830578512396694,2.925823532450244,2025
628452,"Iglesias, Raisel",2025,Braves,R,2.611294424,0.0786749482401656,0.2298136645962732,0.062111801242236,-6.205874508837902,0.6459627329192547,0.2919254658385093,8.430216972252554,0.217391304347826,11.621223306719273,0.629399585921325,0.1532091097308488,-10.640441949284089,483,0.3126293995859213,0.9213250517598344,0.1490683229813664,-3.151712995747029,0.598343685300207,0.2525879917184265,3.114773761494765,2025
621242,"Díaz, Edwin",2025,Mets,R,3.052729611,0.1081081081081081,0.1517671517671517,0.0748440748440748,-6.365623802992494,0.6382536382536382,0.2869022869022869,9.621951165867904,0.2058212058212058,11.621070476355913,0.5841995841995842,0.20997920997921,-10.630470717159978,481,0.4158004158004158,0.9002079002079002,0.1455301455301455,-4.098106090157622,0.4844074844074844,0.3700623700623701,3.2971240061661,2025
571948,"Milner, Hoby",2025,Rangers,L,2.079420583,0.0416666666666666,0.2125,0.0916666666666666,-5.849877346502652,0.6541666666666667,0.2541666666666666,7.110079139565105,0.175,12.076038386532105,0.5916666666666667,0.2333333333333333,-10.865492982924,480,0.1541666666666666,0.90625,0.075,-2.918764688190542,0.71875,0.20625,2.9393918214663257,2025
664126,"Fairbanks, Pete",2025,Rays,R,3.751642279,0.0920502092050209,0.2196652719665272,0.0606694560669456,-5.812315955075993,0.6924686192468619,0.2468619246861924,9.204238770725835,0.1694560669456067,13.343952514179394,0.7071129707112971,0.1234309623430962,-12.181476508323282,478,0.2719665271966527,0.8535564853556485,0.106694560669456,-4.750510933644811,0.5690376569037657,0.3242677824267782,3.250826012968701,2025
622554,"Domínguez, Seranthony",2025,zMLB,R,4.549279903,0.1341719077568134,0.1677148846960167,0.1048218029350104,-5.887301557814958,0.5178197064989518,0.3773584905660377,9.949366873589325,0.2620545073375262,13.362742777177257,0.5932914046121593,0.1446540880503144,-10.473042762956116,477,0.3312368972746331,0.8888888888888888,0.1551362683438155,-3.902257035614228,0.5765199161425576,0.2683438155136268,3.2050985182966447,2025
596295,"Gomber, Austin",2025,Rockies,L,3.795940454,0.0442105263157894,0.271578947368421,0.0968421052631579,-5.559509559585057,0.6905263157894737,0.2126315789473684,8.619234787154946,0.28,13.029116240616077,0.6273684210526316,0.0926315789473684,-10.088823004999572,475,0.16,0.943157894736842,0.0947368421052631,-3.6039967782720574,0.76,0.1452631578947368,2.799602356392633,2025
605540,"Woodruff, Brandon",2025,Brewers,R,2.312812491,0.0484210526315789,0.2042105263157894,0.0673684210526315,-5.664771345436785,0.6884210526315789,0.2442105263157894,8.250544082237,0.1873684210526315,12.808500922057164,0.6463157894736842,0.1663157894736842,-10.694562583196914,475,0.2821052631578947,0.9073684210526316,0.0505263157894736,-3.832085141899132,0.5642105263157895,0.3852631578947368,3.0871459832395165,2025
687134,"Blalock, Bradley",2025,Rockies,R,2.342658312,0.0358649789029535,0.3248945147679324,0.0759493670886076,-5.652389314984957,0.740506329113924,0.1835443037974683,7.460842787566672,0.1139240506329113,11.30774097285992,0.7278481012658228,0.1582278481012658,-10.24397308070234,474,0.1645569620253164,0.9156118143459916,0.0970464135021097,-3.53482383664808,0.6983122362869199,0.2046413502109704,2.72585189828401,2025
657571,"Ferguson, Caleb",2025,zMLB,L,2.042223372,0.0464135021097046,0.1666666666666666,0.1772151898734177,-5.9038116715143,0.6265822784810127,0.1962025316455696,6.781960471762239,0.0928270042194092,11.466685758753382,0.620253164556962,0.2869198312236287,-10.7536254292647,474,0.2194092827004219,0.8565400843881856,0.1181434599156118,-3.941850030523252,0.6139240506329114,0.2679324894514768,2.864919320511927,2025
693855,"Seymour, Ian",2025,Rays,L,2.852658635,0.0654008438818565,0.1729957805907173,0.090717299578059,-5.71771199867548,0.6413502109704642,0.2679324894514768,9.613250139566947,0.2489451476793249,12.467540483678814,0.5907172995780591,0.160337552742616,-10.586928829432129,474,0.2763713080168776,0.930379746835443,0.1012658227848101,-3.0468154050996006,0.6413502109704642,0.2573839662447257,3.123830724739208,2025
670280,"Bednar, David",2025,zMLB,R,3.390616729,0.095137420718816,0.175475687103594,0.0443974630021141,-5.392280502818078,0.6955602536997886,0.2600422832980972,9.104489536503952,0.2283298097251585,15.23898417767396,0.6131078224101479,0.1585623678646934,-10.339894977395412,473,0.3107822410147992,0.854122621564482,0.2135306553911205,-3.840415427548664,0.53276955602537,0.2536997885835095,3.022513380730792,2025
676974,"Meyer, Max",2025,Marlins,R,2.729796794,0.059322033898305,0.2902542372881356,0.0847457627118644,-6.175345345445528,0.684322033898305,0.2309322033898305,7.346475000548968,0.1016949152542373,9.866332000776826,0.7711864406779662,0.1271186440677966,-10.647168134937898,472,0.2817796610169492,0.9300847457627118,0.2415254237288135,-3.9881470004125856,0.6313559322033898,0.1271186440677966,2.840616257916524,2025
663893,"Little, Brendon",2025,Blue Jays,L,4.508088667,0.1358811040339702,0.2186836518046709,0.0934182590233545,-6.535404210425742,0.5859872611464968,0.3205944798301486,8.918950877036998,0.2059447983014862,11.476580544359608,0.6985138004246284,0.0955414012738853,-10.185710030508782,471,0.4501061571125265,0.8895966029723992,0.4692144373673036,-4.621796876792716,0.494692144373673,0.0360934182590233,3.0259346703322536,2025
623211,"Brazobán, Huascar",2025,Mets,R,2.847488378,0.0806794055201698,0.1953290870488322,0.1422505307855626,-6.3578366547179455,0.5711252653927813,0.286624203821656,7.924154343526047,0.2292993630573248,10.425354257276178,0.6815286624203821,0.0891719745222929,-9.978735869726076,471,0.2462845010615711,0.921443736730361,0.2059447983014862,-3.3952249844304414,0.6496815286624203,0.1443736730360934,2.775993475066613,2025
642397,"Soto, Gregory",2025,zMLB,L,5.120261005,0.0808510638297872,0.2276595744680851,0.0829787234042553,-6.685087304121953,0.5723404255319149,0.3446808510638298,10.543671844173945,0.2361702127659574,14.242237793853946,0.6021276595744681,0.1617021276595744,-10.864720735488731,470,0.3021276595744681,0.8680851063829788,0.1489361702127659,-4.692458961496662,0.6553191489361702,0.1957446808510638,2.7830384718866776,2025
695243,"Miller, Mason",2025,zMLB,R,5.674852871,0.1577825159914712,0.1300639658848614,0.0554371002132196,-6.156004827411462,0.5991471215351812,0.3454157782515991,13.402148112356178,0.2622601279317697,15.269386267525798,0.5159914712153518,0.2217484008528784,-11.22602816893754,469,0.4584221748400853,0.8038379530916845,0.1599147121535181,-5.287551092874957,0.4690831556503198,0.371002132196162,3.3874608705156666,2025
663465,"Allard, Kolby",2025,Guardians,L,1.863260454,0.0555555555555555,0.2457264957264957,0.1068376068376068,-5.918350432710217,0.7115384615384616,0.1816239316239316,6.9806886459925135,0.173076923076923,12.297234111889692,0.6388888888888888,0.188034188034188,-11.096014841242814,468,0.202991452991453,0.908119658119658,0.0598290598290598,-3.420112127375765,0.6623931623931624,0.2777777777777778,3.1070931537457698,2025
642100,"Speier, Gabe",2025,Mariners,L,2.932529859,0.0813704496788008,0.1841541755888651,0.1241970021413276,-6.14726612649833,0.6573875802997858,0.2184154175588865,9.009974872190224,0.1627408993576017,12.46396319656398,0.6167023554603854,0.2205567451820128,-10.563920913963672,467,0.3126338329764453,0.8693790149892934,0.0856531049250535,-4.916951781813367,0.5289079229122056,0.3854389721627409,3.086505244888439,2025
662253,"Muñoz, Andrés",2025,Mariners,R,5.630578394,0.1566523605150214,0.167381974248927,0.0665236051502145,-6.472878557096676,0.5278969957081545,0.4055793991416309,10.580552527784542,0.2854077253218884,14.204692923968285,0.5429184549356223,0.1716738197424892,-10.543601362401354,466,0.371244635193133,0.8433476394849786,0.242489270386266,-4.749510038337309,0.5536480686695279,0.203862660944206,2.843424933185868,2025
445276,"Jansen, Kenley",2025,Angels,R,1.972016987,0.0454545454545454,0.2294372294372294,0.0887445887445887,-5.470094370632983,0.7748917748917749,0.1363636363636363,7.69698998338488,0.0995670995670995,12.043648027810956,0.7792207792207793,0.1212121212121212,-10.656974118819011,462,0.264069264069264,0.9155844155844156,0.0303030303030303,-5.083506366805684,0.5194805194805194,0.4502164502164502,3.0403703209356223,2025
657612,"Hill, Tim",2025,Yankees,L,1.3173789,0.0346320346320346,0.2467532467532467,0.1212121212121212,-5.9078940991597655,0.6645021645021645,0.2142857142857142,7.24469693483805,0.0303030303030303,9.611163699142647,0.683982683982684,0.2857142857142857,-11.111811036748485,462,0.1666666666666666,0.9134199134199136,0.1688311688311688,-2.8294829888720736,0.696969696969697,0.1341991341991342,2.8712940274455803,2025
668674,"Erceg, Lucas",2025,Royals,R,3.788457155,0.0934782608695652,0.2065217391304347,0.1,-6.004421412683408,0.6239130434782608,0.2760869565217391,8.560522069015532,0.2065217391304347,12.419042008557785,0.5347826086956522,0.258695652173913,-9.997286800922684,460,0.25,0.8847826086956522,0.15,-3.890062679052367,0.6326086956521739,0.217391304347826,3.04904119770966,2025
605483,"Snell, Blake",2025,Dodgers,L,4.333114009,0.1241830065359477,0.1525054466230936,0.0675381263616557,-5.777831107564274,0.5424836601307189,0.3899782135076253,9.007492832129715,0.3246187363834422,13.421152176672376,0.5206971677559913,0.1546840958605664,-10.557568361331104,459,0.3703703703703703,0.8583877995642701,0.2004357298474945,-4.863806211038793,0.5729847494553377,0.2265795206971677,2.9616407955224737,2025
670970,"Morejon, Adrian",2025,Padres,L,2.425721509,0.0807860262008733,0.2401746724890829,0.1572052401746725,-6.424574509509419,0.5938864628820961,0.2489082969432314,8.224609824686532,0.1091703056768559,11.831739846827206,0.6986899563318777,0.1921397379912663,-10.96338216240746,458,0.2423580786026201,0.8799126637554585,0.1528384279475982,-3.417511860938278,0.6353711790393013,0.2117903930131004,3.062623391148914,2025
664208,"Maton, Phil",2025,zMLB,R,2.595086781,0.1447368421052631,0.125,0.0767543859649122,-5.90510039742461,0.5526315789473685,0.3706140350877193,8.664927031498113,0.4298245614035088,14.878368485438305,0.3815789473684211,0.1885964912280701,-11.194808332431476,456,0.3684210526315789,0.8552631578947368,0.1732456140350877,-3.4118463524508,0.5789473684210527,0.2478070175438596,3.3267600677230096,2025
663738,"Lynch IV, Daniel",2025,Royals,L,3.461757956,0.0571428571428571,0.2967032967032967,0.0791208791208791,-7.237815793258443,0.6329670329670329,0.2879120879120879,8.311496574152065,0.2241758241758241,11.208197038815513,0.6329670329670329,0.1428571428571428,-10.133930119194194,455,0.2241758241758241,0.9208791208791208,0.1164835164835164,-3.8958652523188495,0.7516483516483516,0.1318681318681318,3.10722095269196,2025
669203,"Burnes, Corbin",2025,Diamondbacks,R,3.056765737,0.081858407079646,0.2079646017699115,0.1172566371681416,-5.9669608409016845,0.5907079646017699,0.2920353982300885,8.449429815138286,0.2190265486725663,12.44547177326666,0.6880530973451328,0.0929203539823008,-10.296227465645629,452,0.2610619469026549,0.913716814159292,0.1924778761061946,-3.6231595587407495,0.6327433628318584,0.1747787610619469,2.93038242287607,2025
672582,"Zerpa, Angel",2025,Royals,L,2.820105179,0.0443458980044345,0.2616407982261641,0.1086474501108647,-6.348643590482205,0.7228381374722838,0.1685144124168514,7.232782908245987,0.0776053215077605,11.334535411273144,0.6186252771618626,0.3037694013303769,-11.123269742711637,451,0.1685144124168514,0.8514412416851441,0.1419068736141907,-4.177288972713836,0.656319290465632,0.2017738359201774,2.9630822680489834,2025
621051,"Wilson, Steven",2025,White Sox,R,3.323763841,0.0711111111111111,0.2066666666666666,0.02,-5.117137094665093,0.6711111111111111,0.3088888888888889,8.960174430261498,0.3133333333333333,12.509620929247586,0.5822222222222222,0.1044444444444444,-10.247341080445109,450,0.2511111111111111,0.9044444444444444,0.0644444444444444,-3.706838388142725,0.6533333333333333,0.2822222222222222,3.037685247609516,2025
621121,"McCullers Jr., Lance",2025,Astros,R,2.62537587,0.0489977728285077,0.2494432071269487,0.1158129175946547,-6.486627149223469,0.6815144766146993,0.2026726057906459,8.564744157189633,0.2004454342984409,11.26361897613302,0.6748329621380846,0.1247216035634743,-11.421417987606029,449,0.2516703786191537,0.9220489977728286,0.1870824053452116,-3.514993046828946,0.6325167037861915,0.1804008908685968,3.0712476246677856,2025
657649,"Koenig, Jared",2025,Brewers,L,2.182977962,0.0601336302895322,0.2405345211581291,0.0734966592427616,-5.979552766277063,0.6748329621380846,0.2516703786191537,7.6998963217842595,0.1202672605790645,11.296402240873642,0.6592427616926503,0.220489977728285,-10.805919403688383,449,0.2316258351893095,0.9153674832962138,0.1135857461024498,-3.5586036258648983,0.6146993318485523,0.2717149220489978,3.034178625018065,2025
642232,"Yarbrough, Ryan",2025,Yankees,L,3.846214383,0.1024498886414253,0.2026726057906459,0.0757238307349666,-6.135092849154268,0.5567928730512249,0.3674832962138085,9.86575861218353,0.3229398663697104,15.773129056395865,0.4810690423162583,0.1959910913140311,-12.03809441283174,449,0.2694877505567928,0.8819599109131403,0.1135857461024498,-3.1471297447189714,0.6748329621380846,0.2115812917594654,2.8526616855542626,2025
676428,"Hurter, Brant",2025,Tigers,L,3.587085177,0.0890868596881959,0.2093541202672605,0.1158129175946547,-6.855124059215458,0.5701559020044543,0.3140311804008908,9.046096561671964,0.2383073496659243,13.20332936459011,0.6146993318485523,0.1469933184855233,-10.699082721232418,449,0.2561247216035635,0.8374164810690423,0.1581291759465478,-3.701074686565079,0.6837416481069042,0.1581291759465478,2.893841350837504,2025
623352,"Hader, Josh",2025,Astros,L,5.387019548,0.140625,0.1584821428571428,0.0625,-6.793806553636999,0.6607142857142857,0.2767857142857143,12.24850810872683,0.265625,15.575503665311878,0.6004464285714286,0.1339285714285714,-10.723962136015675,448,0.4107142857142857,0.8571428571428571,0.2053571428571428,-5.920511954926303,0.4196428571428571,0.375,3.283779566325768,2025
683232,"Mears, Nick",2025,Brewers,R,4.524169642,0.1138392857142857,0.2566964285714285,0.0334821428571428,-5.359112863471741,0.6964285714285714,0.2700892857142857,8.97343451582651,0.203125,12.983001197995408,0.7008928571428571,0.0959821428571428,-11.027561826430016,448,0.2589285714285714,0.859375,0.1607142857142857,-4.596931475911547,0.5647321428571429,0.2745535714285714,2.853089811113774,2025
689147,"Kerkering, Orion",2025,Phillies,R,3.389609049,0.0651685393258427,0.2067415730337078,0.1258426966292135,-6.353516374741714,0.6629213483146067,0.2112359550561797,9.573253840082266,0.1011235955056179,11.75374135759673,0.6786516853932584,0.2202247191011236,-10.772382514821336,445,0.2337078651685393,0.8696629213483146,0.1056179775280898,-4.292544745639381,0.6314606741573033,0.2629213483146067,3.193055554285844,2025
623437,"Topa, Justin",2025,Twins,R,2.474576972,0.0224719101123595,0.2426966292134831,0.1280898876404494,-5.859063627304496,0.6314606741573033,0.2404494382022471,8.394993602199989,0.1370786516853932,11.936056125271207,0.6786516853932584,0.1842696629213483,-9.97148908531039,445,0.1842696629213483,0.8853932584269663,0.1101123595505618,-2.8288216597517275,0.7258426966292135,0.1640449438202247,2.7275509111488407,2025
666171,"Zeferjahn, Ryan",2025,Angels,R,3.084568142,0.09255079006772,0.1873589164785553,0.0744920993227991,-5.792605841795063,0.6320541760722348,0.2934537246049661,8.856593253445782,0.2347629796839729,12.367041684462924,0.5711060948081265,0.1941309255079006,-10.875178983030349,443,0.3137697516930022,0.8532731376975169,0.1422121896162528,-3.93807029826096,0.5891647855530474,0.2686230248306998,3.031665155923431,2025
701581,"Festa, David",2025,Twins,R,2.800746287,0.0791855203619909,0.2149321266968326,0.0633484162895927,-5.895984171985398,0.6515837104072398,0.2850678733031674,7.838858128909598,0.2307692307692307,10.858513008312846,0.6809954751131222,0.088235294117647,-10.099799342692249,442,0.2805429864253393,0.920814479638009,0.2081447963800905,-3.51244249386154,0.581447963800905,0.2104072398190045,2.8571626520162408,2025
621053,"Ferguson, Tyler",2025,Athletics,R,2.400679012,0.0544217687074829,0.2086167800453514,0.1133786848072562,-6.039974329291109,0.6621315192743764,0.2244897959183673,8.257096228456327,0.1428571428571428,11.561419564448556,0.7120181405895691,0.1451247165532879,-10.328881319816771,441,0.2653061224489796,0.90702947845805,0.1065759637188208,-3.530482959131778,0.5918367346938775,0.3015873015873015,3.0297716008104736,2025
592454,"Kahnle, Tommy",2025,Tigers,R,3.196398369,0.1068181818181818,0.2977272727272727,0.0545454545454545,-5.445404754666061,0.6363636363636364,0.3090909090909091,7.856182110469871,0.2318181818181818,10.72051309307239,0.6772727272727272,0.0909090909090909,-9.799383074916456,440,0.2477272727272727,0.9272727272727272,0.2272727272727272,-3.250335551072633,0.6522727272727272,0.1204545454545454,2.711343866791373,2025
676534,"Faucher, Calvin",2025,Marlins,R,3.045762776,0.045662100456621,0.2351598173515981,0.1278538812785388,-6.334852155067313,0.6027397260273972,0.2694063926940639,8.398402826122892,0.0662100456621004,11.1393287647792,0.7214611872146118,0.2123287671232876,-10.01045200433298,438,0.2374429223744292,0.8949771689497716,0.1347031963470319,-4.22890987235685,0.6598173515981736,0.2054794520547945,2.847245353015181,2025
596001,"Junis, Jakob",2025,Guardians,R,3.486628265,0.0730593607305936,0.2420091324200913,0.0730593607305936,-6.332482764214872,0.5639269406392694,0.363013698630137,8.5116386533063,0.2853881278538813,11.675212042618892,0.6438356164383562,0.0707762557077625,-9.85894190325812,438,0.2328767123287671,0.91324200913242,0.1415525114155251,-3.054206432885488,0.7168949771689498,0.1415525114155251,2.7561202009386148,2025
687064,"Young, Brandon",2025,Orioles,R,2.112872908,0.0596330275229357,0.2568807339449541,0.0756880733944954,-5.55045343671635,0.7064220183486238,0.2178899082568807,7.447216716725145,0.2224770642201834,12.077239487982776,0.6628440366972477,0.1146788990825688,-11.068713450303784,436,0.2224770642201834,0.9380733944954128,0.1146788990825688,-3.174024022060448,0.6628440366972477,0.2224770642201834,3.1583149867570213,2025
656222,"Beeks, Jalen",2025,Diamondbacks,L,3.167775245,0.0806451612903225,0.2004608294930875,0.0852534562211981,-5.692090158177682,0.619815668202765,0.2949308755760368,8.818439739497574,0.2027649769585253,11.737526472470131,0.6336405529953917,0.1635944700460829,-10.881674654533857,434,0.2857142857142857,0.935483870967742,0.1175115207373272,-3.5425812203546987,0.6290322580645161,0.2534562211981567,2.9977774799085046,2025
570632,"Ureña, José",2025,zMLB,R,2.917972295,0.0531177829099307,0.2401847575057736,0.0762124711316397,-6.046543341693144,0.6073903002309469,0.3163972286374134,7.919212320631152,0.2217090069284064,11.172317145275969,0.6905311778290993,0.0877598152424942,-9.575609912487948,433,0.1986143187066974,0.9468822170900691,0.115473441108545,-3.0723508891240505,0.7274826789838337,0.1570438799076212,2.7350618656741528,2025
676254,"Walker, Ryan",2025,Giants,R,3.063414038,0.0796252927400468,0.1920374707259953,0.081967213114754,-6.463585695449781,0.6018735362997658,0.3161592505854801,8.741581774613323,0.2084309133489461,11.902969291625771,0.5433255269320844,0.2482435597189695,-10.353379183156566,427,0.2224824355971897,0.8899297423887588,0.1194379391100702,-3.521964012441363,0.6627634660421545,0.2177985948477751,2.9872609656485323,2025
682254,"Montgomery, Mason",2025,Rays,L,2.918045605,0.1035294117647058,0.1647058823529411,0.0847058823529411,-5.904300433753882,0.68,0.2352941176470588,8.441629216745236,0.12,11.513689931010031,0.5788235294117647,0.3011764705882352,-10.817075356862585,425,0.3670588235294117,0.8752941176470588,0.1788235294117647,-3.999514779140372,0.4211764705882353,0.4,3.164058262638985,2025
666974,"Cano, Yennier",2025,Orioles,R,2.189071736,0.04,0.228235294117647,0.1058823529411764,-6.270505082750251,0.6423529411764706,0.2517647058823529,7.637419088699596,0.1058823529411764,10.953614105006212,0.7905882352941176,0.1035294117647058,-11.01116017329634,425,0.2376470588235294,0.9270588235294116,0.2164705882352941,-3.016405646022986,0.6541176470588236,0.1294117647058823,3.0486012299340124,2025
690928,"Dobbins, Hunter",2025,Red Sox,R,3.082188867,0.0685579196217494,0.2624113475177305,0.0614657210401891,-5.539556594120895,0.6903073286052009,0.2482269503546099,7.935887226122061,0.2151300236406619,12.695696866994048,0.6335697399527187,0.1513002364066193,-9.855973789591046,423,0.2245862884160756,0.900709219858156,0.1347517730496454,-3.788110751028941,0.6903073286052009,0.1749408983451536,2.9404137029090065,2025
605452,"Ross, Joe",2025,Phillies,R,2.098476263,0.0356294536817102,0.2422802850356294,0.1235154394299287,-6.051597919342829,0.6342042755344418,0.2422802850356294,8.065730186506729,0.1140142517814726,11.66796623983631,0.7078384798099763,0.178147268408551,-10.83201774307971,421,0.2304038004750593,0.9334916864608076,0.0950118764845605,-3.423955210375832,0.6365795724465558,0.2684085510688836,2.947248884827077,2025
694037,"Palencia, Daniel",2025,Cubs,R,2.5269765,0.0760095011876484,0.2114014251781472,0.0783847980997624,-6.476049823761608,0.7315914489311164,0.1900237529691211,8.713374711899322,0.1306413301662707,12.584039085005628,0.6508313539192399,0.2185273159144893,-10.2387983602004,421,0.2802850356294536,0.8693586698337292,0.1045130641330166,-4.391948000052815,0.5415676959619953,0.3539192399049881,3.118507256586473,2025
572955,"Johnson, Pierce",2025,Braves,R,3.117473647,0.069047619047619,0.25,0.0738095238095238,-5.106343974818191,0.7047619047619048,0.2214285714285714,8.579669727904852,0.1476190476190476,10.776131710411471,0.719047619047619,0.1333333333333333,-10.784209462559335,420,0.2642857142857143,0.8976190476190476,0.1428571428571428,-4.243535801717938,0.6285714285714286,0.2285714285714285,2.871581200437548,2025
661563,"Gil, Luis",2025,Yankees,R,2.237102291,0.0501193317422434,0.2673031026252983,0.1002386634844868,-5.964838423128096,0.6730310262529833,0.2267303102625298,7.397905265863727,0.1575178997613365,11.654798080887808,0.7398568019093079,0.1026252983293556,-10.273012430898913,419,0.2171837708830549,0.935560859188544,0.0668257756563245,-3.63448855963456,0.6467780429594272,0.2863961813842482,3.105122656863284,2025
472610,"García, Luis",2025,zMLB,R,5.177084222,0.0645933014354067,0.208133971291866,0.0861244019138756,-5.4787782362322375,0.638755980861244,0.2751196172248804,10.406269449063466,0.200956937799043,14.183424188374056,0.65311004784689,0.145933014354067,-9.855488698166926,418,0.2464114832535885,0.8995215311004785,0.215311004784689,-3.60163412241023,0.6483253588516746,0.1363636363636363,2.8553437227891663,2025
669724,"Hanifee, Brenan",2025,Tigers,R,2.441392771,0.0406698564593301,0.3086124401913875,0.145933014354067,-6.121251637989274,0.6674641148325359,0.1866028708133971,7.686425113193139,0.0861244019138756,9.97562734497638,0.7200956937799043,0.1937799043062201,-10.215933463360953,418,0.1602870813397129,0.9210526315789472,0.1411483253588516,-2.994459042143722,0.7344497607655502,0.124401913875598,2.794260379230278,2025
676879,"Ashby, Aaron",2025,Brewers,L,4.548485136,0.1007194244604316,0.211031175059952,0.0719424460431654,-5.494858560004685,0.6139088729016786,0.3141486810551558,8.251988772787227,0.1630695443645084,13.383250310531723,0.6618705035971223,0.1750599520383693,-10.283182261582327,417,0.2709832134292566,0.8729016786570744,0.2446043165467626,-4.798399246974471,0.6187050359712231,0.1366906474820144,3.079422811283393,2025
657585,"Garrett, Reed",2025,Mets,R,3.4595795,0.1033653846153846,0.1826923076923076,0.1322115384615384,-6.663149332162552,0.5384615384615384,0.3293269230769231,9.39464702500944,0.2139423076923076,11.986072514122748,0.6658653846153846,0.1201923076923077,-10.5080609753992,416,0.3125,0.908653846153846,0.2307692307692307,-3.521258144747496,0.6057692307692307,0.1634615384615384,3.1569618069067884,2025
668984,"Legumina, Casey",2025,Mariners,R,1.632268279,0.0797101449275362,0.214975845410628,0.0942028985507246,-6.019372982876043,0.714975845410628,0.1908212560386473,7.909555817110389,0.0893719806763285,12.56712418511935,0.6280193236714976,0.2826086956521739,-10.725123545951767,414,0.2487922705314009,0.8961352657004831,0.0603864734299516,-3.0649582156343342,0.5797101449275363,0.359903381642512,3.0856644629725323,2025
668964,"Myers, Tobias",2025,Brewers,R,2.815158217,0.0532687651331719,0.2663438256658595,0.0387409200968523,-5.57983663594244,0.7360774818401937,0.2251815980629539,8.146432478359024,0.2154963680387409,12.31857116273239,0.6440677966101694,0.1404358353510895,-9.632000721223363,413,0.2179176755447942,0.9128329297820824,0.1113801452784503,-3.2918499259313028,0.6828087167070218,0.2058111380145278,2.814642702593001,2025
664076,"Cleavinger, Garrett",2025,Rays,L,2.718833571,0.0898058252427184,0.1966019417475728,0.1310679611650485,-6.5591337309660975,0.6237864077669902,0.2451456310679611,8.623512765346106,0.1941747572815534,12.46028199189654,0.6262135922330098,0.1796116504854369,-11.004862303996278,412,0.3640776699029126,0.8543689320388349,0.1771844660194174,-4.287906715544573,0.5339805825242718,0.2888349514563106,3.209385656917652,2025
573204,"Thielbar, Caleb",2025,Cubs,L,2.836674619,0.0586797066014669,0.2102689486552567,0.0611246943765281,-5.906329509153934,0.6919315403422983,0.2469437652811736,8.413961157254302,0.2347188264058679,13.52600998203089,0.6601466992665037,0.1051344743276283,-10.971764390002756,409,0.2713936430317848,0.8997555012224939,0.1100244498777506,-4.174054624181697,0.6430317848410758,0.2469437652811736,2.9970795606113234,2025
670036,"Festa, Matt",2025,Guardians,R,2.146827799,0.0709046454767726,0.2029339853300733,0.1442542787286063,-6.094624266967547,0.6308068459657702,0.2249388753056234,8.198980464715332,0.1173594132029339,11.205570805419176,0.6356968215158925,0.2469437652811736,-11.370386084691033,409,0.2811735941320293,0.8655256723716381,0.0757946210268948,-4.423193563695123,0.5794621026894865,0.3447432762836185,3.416605114118149,2025
694335,"Svanson, Matt",2025,Cardinals,R,2.639452692,0.0539215686274509,0.2058823529411764,0.1151960784313725,-6.350622364103652,0.6666666666666666,0.2181372549019608,9.112938684278417,0.0637254901960784,12.017009677079075,0.6887254901960784,0.2475490196078431,-10.81007021486969,408,0.2377450980392156,0.9117647058823528,0.0735294117647058,-4.120200135405606,0.6200980392156863,0.3063725490196078,3.0692555892189266,2025
640448,"Finnegan, Kyle",2025,zMLB,R,2.975182737,0.0933660933660933,0.2309582309582309,0.0687960687960688,-5.187695787980539,0.7100737100737101,0.2211302211302211,7.970570024991089,0.1646191646191646,11.496050794979922,0.6928746928746928,0.1425061425061425,-10.059774991208933,407,0.253071253071253,0.9238329238329238,0.171990171990172,-3.74347906629209,0.597051597051597,0.2309582309582309,2.9532763376677003,2025
669371,"Henry, Cole",2025,Nationals,R,2.75690902,0.0615763546798029,0.2118226600985221,0.1034482758620689,-6.0838626468837615,0.6847290640394089,0.2118226600985221,9.078455628841224,0.1921182266009852,12.907179172966098,0.6625615763546798,0.1453201970443349,-10.931995766627768,406,0.2561576354679803,0.9014778325123152,0.0738916256157635,-3.79189741110642,0.6305418719211823,0.2955665024630542,2.9808923100941374,2025
671212,"Boyle, Joe",2025,Rays,R,2.410261418,0.0666666666666666,0.2419753086419753,0.0938271604938271,-7.376815295413917,0.691358024691358,0.2148148148148148,7.972946315818884,0.091358024691358,9.964007469597108,0.7407407407407407,0.1679012345679012,-10.436334912743472,405,0.2938271604938272,0.8987654320987655,0.1308641975308642,-4.1861274679116525,0.5530864197530864,0.3160493827160494,3.069579929604253,2025
656234,"Bird, Jake",2025,zMLB,R,3.751221366,0.1044776119402985,0.2189054726368159,0.0920398009950248,-5.700566311794706,0.5771144278606966,0.3308457711442786,9.704453601541704,0.291044776119403,13.230840108592098,0.599502487562189,0.1094527363184079,-11.023105687141362,402,0.2835820895522388,0.8855721393034826,0.1965174129353233,-3.0841684327176204,0.6840796019900498,0.1194029850746268,3.071639916036843,2025
458677,"Wilson, Justin",2025,Red Sox,L,1.57652356,0.0646766169154228,0.1990049751243781,0.0920398009950248,-5.56402421776325,0.7039800995024875,0.2039800995024875,7.192556639251382,0.1194029850746268,10.36453882694641,0.6716417910447762,0.208955223880597,-9.69522740124208,402,0.3208955223880597,0.9253731343283582,0.1094527363184079,-3.5134982162842814,0.5398009950248757,0.3507462686567164,3.1506965420617417,2025
664199,"Clarke, Taylor",2025,Royals,R,3.486022599,0.0673316708229426,0.2394014962593516,0.0922693266832917,-6.416836569127423,0.6733167082294265,0.2344139650872818,8.641111919282539,0.2244389027431421,10.953035324788864,0.6957605985037406,0.0798004987531172,-10.208426520161542,401,0.2344139650872818,0.9152119700748128,0.1795511221945137,-3.4915140743476107,0.655860349127182,0.1645885286783042,2.9932392920398896,2025
687888,"Walter, Brandon",2025,Astros,L,2.65741852,0.08,0.195,0.14,-6.1215538062955694,0.6125,0.2475,9.433527200820244,0.275,13.180685510182272,0.5575,0.1675,-11.022209111415153,400,0.2525,0.93,0.13,-3.1777156962770547,0.6625,0.2075,3.1483019217856723,2025
641401,"Brogdon, Connor",2025,Angels,R,2.425201689,0.0879396984924623,0.2010050251256281,0.0402010050251256,-5.566557716431594,0.592964824120603,0.3668341708542713,8.322293308130998,0.3190954773869346,12.60528840092254,0.5452261306532663,0.135678391959799,-10.538802733950606,398,0.2964824120603015,0.9045226130653268,0.1130653266331658,-2.939105540041413,0.6055276381909548,0.2814070351758794,2.8739079104685046,2025
552640,"Kittredge, Andrew",2025,zMLB,R,3.875594136,0.0778894472361809,0.2010050251256281,0.0753768844221105,-7.169328270129137,0.550251256281407,0.3743718592964824,8.595383693235183,0.2386934673366834,11.003479257256362,0.6834170854271356,0.0778894472361809,-11.744601392232768,398,0.3015075376884422,0.8869346733668342,0.2160804020100502,-4.199034175533694,0.6758793969849246,0.1080402010050251,2.848412247858342,2025
678495,"Rodríguez, Randy",2025,Giants,R,2.949547495,0.1108312342569269,0.1838790931989924,0.0755667506297229,-5.512220325055966,0.6397984886649875,0.2846347607052896,9.450884360319469,0.2115869017632241,12.218004864337244,0.6095717884130982,0.1788413098236775,-11.18176451982807,397,0.3148614609571788,0.8790931989924433,0.1335012594458438,-3.771392847522404,0.5642317380352645,0.3022670025188917,3.0555972634701,2025
680767,"Vodnik, Victor",2025,Rockies,R,2.646990741,0.0883838383838383,0.2525252525252525,0.0505050505050505,-5.854350858702893,0.6540404040404041,0.2954545454545454,7.614915255253363,0.106060606060606,10.78714527614032,0.6641414141414141,0.2297979797979798,-10.26253071470864,396,0.2702020202020202,0.904040404040404,0.1843434343434343,-3.551941953421641,0.5757575757575758,0.2398989898989899,2.8882544650275346,2025
668941,"Romero, JoJo",2025,Cardinals,L,3.096600116,0.0681818181818181,0.2146464646464646,0.0479797979797979,-5.290971064593894,0.5404040404040404,0.4116161616161616,8.429657882649257,0.2601010101010101,11.78303690112748,0.5858585858585859,0.154040404040404,-11.736165656262704,396,0.2752525252525252,0.8661616161616161,0.1388888888888889,-3.357048218666605,0.7095959595959596,0.1515151515151515,3.0262894603792194,2025
695505,"Burns, Chase",2025,Reds,R,3.195627549,0.060759493670886,0.1772151898734177,0.050632911392405,-6.695472319839863,0.6784810126582278,0.2708860759493671,7.945533603169503,0.1367088607594936,10.66382642214286,0.739240506329114,0.1240506329113924,-9.731562057658776,395,0.3240506329113924,0.9012658227848102,0.1772151898734177,-4.755679281155216,0.4835443037974684,0.3392405063291139,3.024140126047868,2025
663941,"Beck, Tristan",2025,Giants,R,3.479134149,0.0585241730279898,0.272264631043257,0.0610687022900763,-7.232495237090731,0.6641221374045801,0.2748091603053435,8.449436065555277,0.2010178117048346,11.90276313346392,0.6793893129770993,0.1195928753180661,-10.099034802423676,393,0.2340966921119593,0.905852417302799,0.1526717557251908,-4.07963091107287,0.6641221374045801,0.183206106870229,3.033741730755208,2025
661403,"Clase, Emmanuel",2025,Guardians,R,2.482056952,0.0841836734693877,0.1964285714285714,0.1326530612244898,-6.628877624675444,0.5816326530612245,0.2857142857142857,8.923492964289078,0.0943877551020408,12.03351308373244,0.7066326530612245,0.1989795918367347,-10.367457912199868,392,0.3265306122448979,0.9132653061224488,0.1428571428571428,-3.475261873612433,0.5790816326530612,0.2780612244897959,3.07218137241552,2025
519141,"Pomeranz, Drew",2025,Cubs,L,2.6368036,0.0537084398976982,0.217391304347826,0.0818414322250639,-6.709185108884342,0.7519181585677749,0.1662404092071611,7.98623294986796,0.0562659846547314,11.029258786444515,0.7289002557544757,0.2148337595907928,-11.478232970725289,391,0.2506393861892583,0.8976982097186701,0.0818414322250639,-5.944360331687794,0.5166240409207161,0.40153452685422,3.110288878127254,2025
608650,"Enns, Dietrich",2025,zMLB,L,2.327160822,0.0771208226221079,0.2107969151670951,0.1131105398457583,-6.442862746164452,0.6709511568123393,0.2159383033419023,8.041051650364135,0.1439588688946015,12.39165758931942,0.6426735218508998,0.2133676092544987,-10.283624566165685,389,0.2802056555269923,0.8920308483290489,0.0771208226221079,-4.095898863133072,0.5861182519280206,0.3367609254498714,3.112061911069493,2025
689254,"Fluharty, Mason",2025,Blue Jays,L,3.407358228,0.0925449871465295,0.1670951156812339,0.0771208226221079,-5.589517314266331,0.5218508997429306,0.4010282776349614,9.403608340363364,0.2544987146529563,14.20403238110257,0.5552699228791774,0.1902313624678663,-10.826456007946195,389,0.3239074550128534,0.8740359897172236,0.0925449871465295,-3.2083546882306453,0.5938303341902313,0.313624678663239,3.077180402668839,2025
669060,"Wilson, Bryse",2025,White Sox,R,1.892509478,0.0310880829015544,0.2616580310880829,0.0958549222797927,-5.62061264830439,0.6735751295336787,0.2305699481865284,7.574147252495336,0.1373056994818652,11.403342972327314,0.7150259067357513,0.1476683937823834,-10.80150801945567,386,0.1735751295336787,0.932642487046632,0.0673575129533678,-2.682156381721482,0.6994818652849741,0.233160621761658,3.0818961365190267,2025
573124,"Rogers, Taylor",2025,zMLB,L,4.206321375,0.0725388601036269,0.194300518134715,0.0932642487046632,-6.455799718488965,0.6217616580310881,0.2849740932642487,9.73918873738094,0.3264248704663212,15.144294937014209,0.4689119170984456,0.2046632124352331,-10.87655681268635,386,0.233160621761658,0.8367875647668394,0.121761658031088,-3.734193870687661,0.689119170984456,0.1891191709844559,2.821265184024032,2025
607481,"Bummer, Aaron",2025,Braves,L,5.009329276,0.0944881889763779,0.2257217847769028,0.1128608923884514,-6.249896974353393,0.6220472440944882,0.2650918635170604,10.331315908758176,0.2572178477690289,12.964932811562363,0.5564304461942258,0.1863517060367454,-11.728997139281292,381,0.2335958005249344,0.868766404199475,0.2152230971128609,-3.773238318576412,0.6692913385826772,0.1154855643044619,3.2176486197904564,2025
690916,"Fitts, Richard",2025,Red Sox,R,2.654621263,0.0603674540682414,0.2283464566929134,0.0918635170603674,-6.032032614263017,0.6902887139107612,0.2178477690288714,8.351486368140622,0.1574803149606299,11.11495062846491,0.6745406824146981,0.1679790026246719,-10.243449020552426,381,0.2572178477690289,0.884514435695538,0.1154855643044619,-3.813470247570225,0.6036745406824147,0.2808398950131233,3.002207393529771,2025
676917,"Cavalli, Cade",2025,Nationals,R,3.669818727,0.0629921259842519,0.2467191601049868,0.1076115485564304,-5.766736771739016,0.6482939632545932,0.2440944881889764,9.121803713640732,0.1443569553805774,12.03385047350521,0.6955380577427821,0.1601049868766404,-10.05259715559109,381,0.2808398950131233,0.916010498687664,0.1968503937007874,-4.211960955533239,0.6456692913385826,0.1574803149606299,3.0274520141561725,2025
667463,"King, John",2025,Cardinals,L,3.095772463,0.0684210526315789,0.2578947368421053,0.0947368421052631,-6.892619976910521,0.6394736842105263,0.2657894736842105,8.335567792911043,0.1526315789473684,11.44483824230572,0.6368421052631579,0.2105263157894736,-11.35668265750813,380,0.1973684210526315,0.8868421052631579,0.1394736842105263,-3.362609251394927,0.718421052631579,0.1421052631578947,3.085584232167022,2025
676755,"Mattson, Isaac",2025,Pirates,R,1.350035568,0.05,0.2342105263157894,0.0552631578947368,-6.240150284241179,0.7710526315789473,0.1736842105263158,6.716867820493192,0.0842105263157894,10.899016765589524,0.6394736842105263,0.2763157894736842,-10.376636130959517,380,0.2394736842105263,0.913157894736842,0.0289473684210526,-3.7487381648467855,0.5368421052631579,0.4342105263157895,2.953460527432343,2025
656457,"Gilbert, Tyler",2025,White Sox,L,2.650096352,0.0710526315789473,0.2131578947368421,0.0894736842105263,-6.102716913274245,0.5868421052631579,0.3236842105263158,8.33791112534751,0.2026315789473684,12.138854671951682,0.6210526315789474,0.1763157894736842,-11.072766210322248,380,0.2684210526315789,0.8973684210526316,0.0684210526315789,-3.070510296951024,0.6526315789473685,0.2789473684210526,3.1721627687981337,2025
489446,"Yates, Kirby",2025,Dodgers,R,1.863867273,0.0712401055408971,0.1503957783641161,0.0897097625329815,-5.413040022040921,0.7044854881266491,0.2058047493403693,7.57310609688246,0.1952506596306068,11.735411716264585,0.6411609498680739,0.1635883905013192,-9.924802257309947,379,0.3614775725593667,0.9234828496042216,0.1319261213720316,-3.226731674370084,0.4881266490765171,0.3799472295514511,3.1718117412496345,2025
642152,"Trivino III, Lou",2025,zMLB,R,2.489830753,0.0769230769230769,0.2095490716180371,0.1061007957559681,-5.922673875211925,0.5941644562334217,0.29973474801061,8.268472474733848,0.2175066312997347,12.209863711929618,0.6763925729442971,0.1061007957559681,-11.055549310877431,377,0.2546419098143236,0.9177718832891246,0.1326259946949602,-3.031363783698236,0.6657824933687002,0.2015915119363395,2.956233596320593,2025
527048,"Pérez, Martín",2025,White Sox,L,2.027345355,0.0775401069518716,0.2299465240641711,0.0962566844919786,-5.537515258926935,0.6363636363636364,0.267379679144385,7.071357103293618,0.2647058823529412,11.738196736108089,0.6310160427807486,0.1042780748663101,-10.860725820409591,374,0.213903743315508,0.9331550802139036,0.141711229946524,-2.8596056029388386,0.7085561497326203,0.1497326203208556,2.836322096026875,2025
806188,"Gibson, Cade",2025,Marlins,L,4.206591047,0.0935828877005347,0.2058823529411764,0.1203208556149732,-6.573799549340546,0.5668449197860963,0.3128342245989304,8.432527932443739,0.2513368983957219,12.374358853008312,0.5855614973262032,0.1631016042780748,-11.167305734955814,374,0.2219251336898395,0.8770053475935828,0.2005347593582887,-4.051932158800559,0.6898395721925134,0.1096256684491978,2.968277726667312,2025
656986,"Sousa, Bennett",2025,Astros,L,4.960134151,0.1849865951742627,0.2037533512064343,0.0402144772117962,-5.80563384680293,0.6032171581769437,0.35656836461126,9.424011758053476,0.353887399463807,13.11293780410309,0.5817694369973191,0.064343163538874,-9.34937283249872,373,0.3726541554959786,0.8659517426273459,0.2788203753351206,-4.695961682405691,0.5576407506702413,0.163538873994638,2.985845633218601,2025
694462,"Waldrep, Hurston",2025,Braves,R,4.091928905,0.1212938005390835,0.2371967654986523,0.0700808625336927,-5.663594359559601,0.601078167115903,0.3288409703504043,8.45693395914711,0.2749326145552561,11.833691297052232,0.633423180592992,0.091644204851752,-10.220853312065024,371,0.2857142857142857,0.9056603773584906,0.2749326145552561,-3.6903628726721855,0.6361185983827493,0.0889487870619946,2.834671555845556,2025
695549,"Jobe, Jackson",2025,Tigers,R,3.052233386,0.054054054054054,0.2567567567567567,0.0972972972972973,-6.677242962661382,0.6594594594594595,0.2432432432432432,8.590028080865656,0.1918918918918919,12.14468099737187,0.7027027027027027,0.1054054054054054,-10.60428170821204,370,0.254054054054054,0.8945945945945946,0.1621621621621621,-3.726777341728846,0.6567567567567567,0.1810810810810811,2.837940548456765,2025
688158,"Morgan, David",2025,Padres,R,4.217964177,0.1084010840108401,0.2005420054200542,0.1111111111111111,-6.515314567423297,0.6422764227642277,0.2466124661246612,9.269732922306416,0.2168021680216802,12.680991744404489,0.6043360433604336,0.1788617886178861,-9.314798614071218,369,0.2574525745257452,0.8970189701897019,0.1815718157181571,-3.911400471625608,0.5880758807588076,0.2303523035230352,2.9550840138806427,2025
660271,"Ohtani, Shohei",2025,Dodgers,R,4.015539508,0.1144414168937329,0.1798365122615803,0.0980926430517711,-5.894449179556798,0.6103542234332425,0.2915531335149863,9.502865097064385,0.2588555858310626,13.473081864218884,0.5667574931880109,0.1743869209809264,-10.692451309657406,367,0.329700272479564,0.885558583106267,0.1716621253405994,-4.13943995930289,0.5831062670299727,0.2452316076294278,3.003615110179313,2025
669854,"Blanco, Ronel",2025,Astros,R,4.062522703,0.1174863387978142,0.1994535519125683,0.0300546448087431,-5.12218200394955,0.6092896174863388,0.360655737704918,9.594345150845712,0.3934426229508196,13.237450222925457,0.5409836065573771,0.0655737704918032,-10.413366615110718,366,0.3224043715846995,0.8907103825136612,0.1775956284153005,-3.3763749891666084,0.6338797814207651,0.1885245901639344,2.897444775491449,2025
672578,"Hernández, Carlos",2025,zMLB,R,3.209239703,0.1038251366120218,0.2349726775956284,0.0683060109289617,-5.586132124267397,0.6857923497267759,0.2459016393442623,8.932420884727065,0.1939890710382513,13.006995878649803,0.639344262295082,0.1666666666666666,-9.46332967054274,366,0.2677595628415301,0.9344262295081968,0.1420765027322404,-3.7479192662211007,0.5956284153005464,0.2622950819672131,2.9657319589593185,2025
643410,"Leiter Jr., Mark",2025,Yankees,R,4.380029791,0.1236263736263736,0.206043956043956,0.0714285714285714,-5.932539099787001,0.5247252747252747,0.4038461538461538,9.111019609192306,0.3516483516483517,14.759525936191595,0.5686813186813187,0.0796703296703296,-10.242376227627553,364,0.2967032967032967,0.9093406593406592,0.1895604395604395,-4.163708837397742,0.6703296703296703,0.1401098901098901,3.055762636851703,2025
680755,"Fisher, Braydon",2025,Blue Jays,R,3.866783222,0.1033519553072625,0.217877094972067,0.0642458100558659,-5.761930497839984,0.6368715083798883,0.2988826815642458,8.993497326815298,0.276536312849162,12.344808459231183,0.5949720670391061,0.1284916201117318,-11.103491834016758,358,0.3016759776536313,0.8575418994413407,0.2150837988826815,-3.99322735306243,0.5614525139664804,0.2234636871508379,3.160727024702344,2025
656730,"Megill, Trevor",2025,Brewers,R,5.272862185,0.1229050279329608,0.217877094972067,0.0502793296089385,-5.9822354973058,0.6983240223463687,0.2513966480446927,8.998578022080165,0.164804469273743,13.2168787161218,0.6061452513966481,0.2290502793296089,-9.983633061730307,358,0.3240223463687151,0.8128491620111732,0.2039106145251396,-6.558598562706912,0.4804469273743016,0.3156424581005586,2.9979077480380045,2025
672391,"Ort, Kaleb",2025,Astros,R,2.908041145,0.0674157303370786,0.1910112359550561,0.0561797752808988,-5.483111033725463,0.6741573033707865,0.2696629213483146,9.11536284894772,0.1853932584269663,12.876201975350304,0.6882022471910112,0.1264044943820224,-10.561530199302288,356,0.297752808988764,0.9101123595505618,0.1011235955056179,-3.4344109050924425,0.5140449438202247,0.3848314606741573,3.023378819279396,2025
643338,"Green, Chad",2025,Blue Jays,R,2.098551247,0.0591549295774647,0.2901408450704225,0.0535211267605633,-7.101786286032503,0.7154929577464789,0.2309859154929577,7.221460897803744,0.1436619718309859,10.336947248520106,0.752112676056338,0.104225352112676,-9.945950086615731,355,0.228169014084507,0.9408450704225352,0.104225352112676,-3.773217453449061,0.6,0.2957746478873239,2.8715326903634337,2025
669674,"Long, Sam",2025,Royals,L,4.573456931,0.0594900849858356,0.2436260623229461,0.0623229461756373,-6.0194370893296,0.6685552407932012,0.2691218130311614,8.124533658685674,0.2124645892351274,13.11575074689656,0.6090651558073654,0.178470254957507,-10.58075800671883,353,0.1926345609065155,0.8895184135977338,0.1133144475920679,-4.868696376845247,0.6572237960339944,0.2294617563739376,2.739113289478604,2025
592426,"Jackson, Luke",2025,zMLB,R,3.077548779,0.0849858356940509,0.2861189801699716,0.0764872521246459,-5.836309169720664,0.6798866855524079,0.2436260623229461,7.440335043130541,0.1586402266288951,11.304395965320577,0.7478753541076487,0.093484419263456,-9.969030480298713,353,0.2294617563739376,0.9320113314447592,0.2096317280453258,-3.659446669216236,0.6373937677053825,0.1529745042492918,3.118179918304947,2025
806960,"Morales, Luis",2025,Athletics,R,3.250761194,0.0511363636363636,0.2443181818181818,0.0426136363636363,-5.697645872117375,0.6392045454545454,0.3181818181818182,8.629193076734998,0.1988636363636363,12.599728106580228,0.6789772727272727,0.1221590909090909,-10.96793155742947,352,0.2329545454545454,0.9090909090909092,0.0625,-3.666535312910905,0.6420454545454546,0.2954545454545454,2.817341789840545,2025
700669,"Graceffo, Gordon",2025,Cardinals,R,2.677712577,0.0596590909090909,0.2698863636363636,0.065340909090909,-5.474513769987611,0.7045454545454546,0.2301136363636363,6.723020709899443,0.15625,10.503043881576732,0.6875,0.15625,-10.42540359268556,352,0.2301136363636363,0.9119318181818182,0.1534090909090909,-4.208028885135807,0.6335227272727273,0.2130681818181818,2.9580594354873284,2025
669438,"Englert, Mason",2025,Rays,R,2.52382833,0.0826210826210826,0.245014245014245,0.0569800569800569,-6.948304961448835,0.6581196581196581,0.2849002849002849,7.831947856916511,0.2193732193732193,11.055014896065217,0.6695156695156695,0.1111111111111111,-10.21348661061197,351,0.2564102564102564,0.9230769230769232,0.1823361823361823,-3.369735005862747,0.6581196581196581,0.1595441595441595,2.874084805843564,2025
665660,"Alvarado, Elvis",2025,Athletics,R,2.691656973,0.0655270655270655,0.1965811965811965,0.0997150997150997,-6.449179581281968,0.6695156695156695,0.2307692307692307,8.751064940494874,0.1709401709401709,11.680557205036008,0.6752136752136753,0.1538461538461538,-9.409160118352563,351,0.3447293447293447,0.8974358974358975,0.0911680911680911,-4.426703627907263,0.5641025641025641,0.3447293447293447,3.1762990205052,2025
543056,"Coulombe, Danny",2025,zMLB,L,2.259190522,0.0485714285714285,0.1857142857142857,0.1457142857142857,-6.029854257288526,0.66,0.1942857142857142,8.832416097282858,0.22,11.083993518862757,0.6571428571428571,0.1228571428571428,-10.693562554312988,350,0.2828571428571428,0.9028571428571428,0.1657142857142857,-4.013032076268956,0.6,0.2342857142857143,2.913528470128662,2025
657514,"Bernardino, Brennan",2025,Red Sox,L,3.270269299,0.0547550432276657,0.2449567723342939,0.0864553314121037,-5.779508742011692,0.6253602305475504,0.2881844380403458,8.213889392345557,0.2046109510086455,11.85539353598317,0.6657060518731989,0.1296829971181556,-10.45351545189921,347,0.1930835734870317,0.9106628242074928,0.1268011527377521,-3.2081634868747875,0.7319884726224783,0.1412103746397694,2.7466916878316603,2025
471911,"Carrasco, Carlos",2025,zMLB,R,2.926594752,0.0695652173913043,0.2956521739130435,0.0463768115942029,-5.464150827601943,0.6434782608695652,0.3101449275362319,8.184421473120514,0.3188405797101449,11.72108090353472,0.6086956521739131,0.072463768115942,-9.588979871185188,345,0.2289855072463768,0.927536231884058,0.1594202898550724,-3.0284195573478883,0.736231884057971,0.1043478260869565,2.655173007147268,2025
689017,"Knack, Landon",2025,Dodgers,R,3.617014444,0.0579710144927536,0.2521739130434782,0.0376811594202898,-5.182473917118441,0.7391304347826086,0.2231884057971014,9.268222925409104,0.2115942028985507,12.482473448065663,0.663768115942029,0.1246376811594203,-9.971037942405866,345,0.217391304347826,0.9333333333333332,0.1333333333333333,-3.3947603286667265,0.6260869565217392,0.2405797101449275,2.81784719817571,2025
455119,"Martin, Chris",2025,Rangers,R,1.818502923,0.0579710144927536,0.2115942028985507,0.1217391304347826,-6.143898240717077,0.672463768115942,0.2057971014492753,7.527127722954917,0.0434782608695652,9.331851268670183,0.6782608695652174,0.2782608695652174,-11.76224325726614,345,0.2231884057971014,0.8985507246376812,0.0927536231884058,-3.375716386846415,0.5768115942028985,0.3304347826086956,3.2562879302018306,2025
690953,"Abel, Mick",2025,zMLB,R,3.102401901,0.0843023255813953,0.2180232558139535,0.0872093023255814,-5.515458210159245,0.7180232558139535,0.1947674418604651,9.336360583363348,0.127906976744186,13.302806874005606,0.6831395348837209,0.188953488372093,-10.778755271050274,344,0.2616279069767442,0.9127906976744186,0.125,-3.671077980089141,0.5494186046511628,0.3255813953488372,3.070422832365078,2025
571946,"Miller, Shelby",2025,zMLB,R,2.540535151,0.0784883720930232,0.2238372093023256,0.0552325581395348,-6.396237369459977,0.6656976744186046,0.2790697674418604,7.97146558637163,0.1569767441860465,12.048239417201303,0.686046511627907,0.1569767441860465,-9.853225628524864,344,0.3255813953488372,0.9127906976744186,0.1133720930232558,-3.907664398861654,0.5319767441860465,0.3546511627906977,3.0819580146641465,2025
650893,"Cabrera, Génesis",2025,zMLB,L,3.333416513,0.0656716417910447,0.2537313432835821,0.0835820895522388,-5.502333322866087,0.6686567164179105,0.2477611940298507,9.66915859684124,0.2417910447761194,12.232285298786238,0.6507462686567164,0.1074626865671641,-11.411210536464038,335,0.2716417910447761,0.9134328358208956,0.1462686567164179,-3.3890958504922426,0.6388059701492538,0.2149253731343283,3.015231929744866,2025
680742,"Bowlan, Jonathan",2025,Royals,R,3.345535359,0.1134328358208955,0.2119402985074626,0.1164179104477611,-6.051133388852039,0.6567164179104478,0.226865671641791,9.869125467229448,0.1522388059701492,13.30399889406549,0.6358208955223881,0.2119402985074626,-10.456912975047398,335,0.3402985074626866,0.8746268656716418,0.1462686567164179,-3.998054369263726,0.5164179104477612,0.3373134328358209,3.358495719681577,2025
666374,"Brash, Matt",2025,Mariners,R,4.517728975,0.0838323353293413,0.1916167664670658,0.1257485029940119,-6.463073566862089,0.5209580838323353,0.3532934131736527,9.681855541094668,0.2125748502994012,11.813910312915334,0.6497005988023952,0.1377245508982036,-10.39088603112002,334,0.3203592814371258,0.8772455089820359,0.218562874251497,-3.9478858959535,0.6137724550898204,0.1676646706586826,3.0817490959864253,2025
656240,"Blewett, Scott",2025,zMLB,R,3.930788334,0.1359516616314199,0.2900302114803625,0.039274924471299,-5.969568160759291,0.6706948640483383,0.2900302114803625,8.302311263925185,0.2658610271903323,12.239086719566242,0.6314199395770392,0.1027190332326284,-10.07763491867932,331,0.283987915407855,0.9274924471299094,0.2326283987915408,-4.039602850623039,0.622356495468278,0.1450151057401812,3.084466861294348,2025
593423,"Montas, Frankie",2025,Mets,R,1.943831898,0.0634441087613293,0.2054380664652568,0.1117824773413897,-6.148485763798142,0.6465256797583081,0.2416918429003021,7.71236404605306,0.2114803625377643,10.78071350487116,0.6193353474320241,0.1691842900302115,-10.128844393534749,331,0.2416918429003021,0.9154078549848944,0.120845921450151,-3.0835318410713035,0.6193353474320241,0.2598187311178248,3.1140367657028847,2025
679358,"Orze, Eric",2025,Rays,R,2.799284344,0.1121212121212121,0.1969696969696969,0.1121212121212121,-5.963940521065076,0.5878787878787879,0.3,8.188962872619504,0.3181818181818182,11.918918631692533,0.5636363636363636,0.1181818181818181,-10.792874123501708,330,0.2727272727272727,0.8757575757575757,0.1848484848484848,-3.39762678586913,0.6121212121212121,0.203030303030303,3.1277211895415,2025
594902,"Lively, Ben",2025,Guardians,R,1.536922057,0.024390243902439,0.2713414634146341,0.0792682926829268,-5.840788793575906,0.7225609756097561,0.198170731707317,7.155222371187563,0.1890243902439024,12.111589257611977,0.6920731707317073,0.1189024390243902,-10.103961225729089,328,0.1585365853658536,0.9420731707317072,0.0426829268292682,-2.9998377637356386,0.6951219512195121,0.2621951219512195,2.889897267754206,2025
676617,"O'Brien, Riley",2025,Cardinals,R,3.661634954,0.0948012232415902,0.2171253822629969,0.1070336391437308,-6.584012501846394,0.5779816513761468,0.3149847094801223,9.039952782193254,0.1865443425076452,13.3053439685403,0.6269113149847095,0.1865443425076452,-10.794856211417992,327,0.2477064220183486,0.8685015290519877,0.1712538226299694,-3.698240629069407,0.6758409785932722,0.1529051987767584,3.0545959291566627,2025
623167,"Flexen, Chris",2025,Cubs,R,2.905682463,0.0401234567901234,0.2808641975308642,0.0462962962962962,-5.70669734217811,0.7345679012345679,0.2191358024691358,7.125976700131475,0.1975308641975308,14.211804410803785,0.7098765432098766,0.0925925925925925,-10.151908365662493,324,0.1697530864197531,0.9320987654320988,0.1080246913580246,-3.693904907113696,0.6450617283950617,0.2469135802469135,2.7484322462534343,2025
573186,"Stroman, Marcus",2025,Yankees,R,2.517699626,0.0339506172839506,0.2561728395061728,0.1141975308641975,-6.39994350454319,0.6111111111111112,0.2746913580246913,7.748879786533628,0.2037037037037037,11.842633142362564,0.7037037037037037,0.0925925925925925,-10.27727601312374,324,0.1944444444444444,0.925925925925926,0.132716049382716,-3.093761797274742,0.7438271604938271,0.1234567901234567,2.77102389876832,2025
518585,"Cruz, Fernando",2025,Yankees,R,7.615318417,0.2229102167182662,0.1671826625386996,0.0557275541795665,-6.07756309906357,0.4767801857585139,0.4674922600619195,14.111292044998176,0.56656346749226,16.39776393128562,0.3808049535603715,0.0526315789473684,-11.578205686092309,323,0.4551083591331269,0.7987616099071208,0.2910216718266253,-4.765365826434857,0.6068111455108359,0.1021671826625387,2.890965858315727,2025
656557,"Houck, Tanner",2025,Red Sox,R,3.800268272,0.059375,0.2375,0.134375,-7.019939455443015,0.6375,0.228125,8.386292575894128,0.14375,12.554236154943547,0.7,0.15625,-9.934628241150842,320,0.225,0.9,0.21875,-3.74350304705004,0.68125,0.1,2.7256221254054736,2025
669622,"Bender, Anthony",2025,Marlins,R,4.307489245,0.040880503144654,0.270440251572327,0.0817610062893081,-7.302824494230893,0.6823899371069182,0.2358490566037736,9.385210889914374,0.2327044025157232,11.675286640957207,0.6226415094339622,0.1446540880503144,-10.015635044679208,318,0.210691823899371,0.8836477987421384,0.1320754716981132,-4.0354669788655855,0.7044025157232704,0.1635220125786163,2.707235193079661,2025
700363,"Smith-Shawver, AJ",2025,Braves,R,4.010836629,0.1163522012578616,0.2578616352201258,0.050314465408805,-6.61455396936182,0.6477987421383647,0.3018867924528302,9.004899127447986,0.2955974842767295,14.292820651775852,0.5723270440251572,0.1320754716981132,-9.7684649185073,318,0.2735849056603773,0.8867924528301887,0.1509433962264151,-3.982679382526269,0.6320754716981132,0.2169811320754717,2.753198518833384,2025
605447,"Romano, Jordan",2025,Phillies,R,2.971747749,0.1419558359621451,0.2271293375394321,0.0725552050473186,-5.2679594877428615,0.6466876971608833,0.2807570977917981,8.116099861426282,0.2555205047318612,11.52976942143265,0.5962145110410094,0.1482649842271293,-11.177432593854713,317,0.2933753943217665,0.8927444794952681,0.2082018927444795,-3.620491397872176,0.5646687697160884,0.2271293375394321,2.9344559340266487,2025
666277,"Soriano, George",2025,Marlins,R,4.152832664,0.0791139240506329,0.2215189873417721,0.0759493670886076,-6.558192395213974,0.6740506329113924,0.25,8.907290939495088,0.2246835443037974,12.276934118880517,0.6487341772151899,0.1265822784810126,-10.366012993264002,316,0.2626582278481013,0.9493670886075948,0.2120253164556962,-3.829933985731085,0.6392405063291139,0.1487341772151898,3.1006283933916534,2025
675512,"Melton, Troy",2025,Tigers,R,2.454549078,0.0702875399361022,0.2907348242811501,0.0798722044728434,-6.564035275227366,0.731629392971246,0.1884984025559105,7.971272656522138,0.1661341853035143,12.485895732208167,0.6805111821086262,0.1533546325878594,-9.659533574728174,313,0.2364217252396166,0.939297124600639,0.1118210862619808,-3.778512597425796,0.6549520766773163,0.2332268370607028,3.1375619014660563,2025
663423,"Thornton, Trent",2025,Mariners,R,2.29547172,0.0454545454545454,0.237012987012987,0.0779220779220779,-6.846848946851731,0.6883116883116883,0.2337662337662337,7.234600624824427,0.1948051948051948,11.315648229957864,0.6785714285714286,0.1266233766233766,-10.114202560701331,308,0.2175324675324675,0.9415584415584416,0.1071428571428571,-4.242138508222374,0.6331168831168831,0.2597402597402597,2.8778741923466256,2025
676961,"Boushley, Caleb",2025,Rangers,R,2.457264826,0.0584415584415584,0.288961038961039,0.0811688311688311,-5.696706182149191,0.6461038961038961,0.2727272727272727,7.803374800990675,0.1493506493506493,12.176049193633489,0.724025974025974,0.1266233766233766,-10.551363794205365,308,0.211038961038961,0.935064935064935,0.0779220779220779,-3.3033488394794026,0.6818181818181818,0.2402597402597402,2.9239344747990352,2025
690997,"McLean, Nolan",2025,Mets,R,2.274643828,0.0716612377850162,0.2084690553745928,0.1172638436482084,-6.542816499106919,0.6286644951140065,0.254071661237785,7.937530798291957,0.1368078175895765,12.476188567198763,0.6058631921824105,0.257328990228013,-10.779749597867337,307,0.2833876221498371,0.9022801302931596,0.2312703583061889,-3.191426985642963,0.5602605863192183,0.2084690553745928,3.0086195380362897,2025
674444,"Cruz, Steven",2025,Royals,R,1.884603807,0.0490196078431372,0.2581699346405229,0.1111111111111111,-5.419055456031919,0.7222222222222222,0.1666666666666666,8.170967756058644,0.0718954248366013,10.196520507568822,0.6764705882352942,0.2516339869281045,-9.945768581367876,306,0.238562091503268,0.9215686274509804,0.0522875816993464,-3.392162479791669,0.6437908496732027,0.3039215686274509,3.1820432500629523,2025
677960,"Weathers, Ryan",2025,Marlins,L,3.61173131,0.1111111111111111,0.218954248366013,0.0555555555555555,-6.065973748438319,0.6895424836601307,0.2549019607843137,9.62431401464894,0.2450980392156862,12.61412904870168,0.565359477124183,0.1895424836601307,-10.001077736417912,306,0.2908496732026144,0.9215686274509804,0.196078431372549,-3.462826254986182,0.6078431372549019,0.196078431372549,2.939787675313649,2025
657044,"Thompson, Ryan",2025,Diamondbacks,R,3.869964632,0.088235294117647,0.2254901960784313,0.0751633986928104,-7.20320905930447,0.6013071895424836,0.3235294117647059,8.831812345576965,0.3104575163398693,13.86881978652054,0.545751633986928,0.1437908496732026,-11.342187451502596,306,0.2581699346405229,0.8496732026143791,0.1993464052287581,-3.622695895635166,0.6666666666666666,0.1339869281045751,2.852825959015981,2025
693312,"Nicolas, Kyle",2025,Pirates,R,4.093572398,0.0983606557377049,0.2557377049180327,0.0655737704918032,-5.13920324543874,0.6852459016393443,0.2491803278688524,8.90403036169685,0.160655737704918,12.210671130737223,0.7114754098360656,0.1278688524590163,-10.192467439035816,305,0.2983606557377049,0.921311475409836,0.2163934426229508,-4.2068953253088885,0.5704918032786885,0.2131147540983606,2.9089752488324927,2025
641656,"Hamilton, Ian",2025,Yankees,R,4.254607841,0.0885245901639344,0.2,0.0786885245901639,-6.421143195965972,0.580327868852459,0.340983606557377,9.936865928474482,0.2688524590163934,12.069892742632987,0.5606557377049181,0.1704918032786885,-11.106633294470123,305,0.2885245901639344,0.8786885245901639,0.1573770491803278,-3.3179297045255463,0.639344262295082,0.2032786885245901,2.837998537784613,2025
592779,"Stewart, Brock",2025,zMLB,R,2.072199362,0.0622950819672131,0.2,0.0950819672131147,-6.331365270857652,0.6655737704918033,0.2393442622950819,8.125149240611862,0.0721311475409836,10.686058973288109,0.6885245901639344,0.2393442622950819,-11.22872002384467,305,0.3147540983606557,0.8819672131147541,0.0590163934426229,-3.839487384761248,0.5278688524590164,0.4131147540983607,3.168351555981094,2025
701519,"Adams, Travis",2025,Twins,R,2.619524874,0.0493421052631578,0.2368421052631578,0.0789473684210526,-6.419146579694016,0.6875,0.2335526315789473,8.56977752731064,0.1677631578947368,10.888847179965392,0.7072368421052632,0.125,-11.038760898163092,304,0.2565789473684211,0.9111842105263158,0.1184210526315789,-3.7851205294869374,0.6217105263157895,0.2598684210526316,3.092467570935097,2025
682120,"Herrin, Tim",2025,Guardians,L,5.267335932,0.119205298013245,0.2284768211920529,0.0728476821192053,-7.382565959250018,0.609271523178808,0.3178807947019867,10.193439473459044,0.3278145695364238,13.745847564963062,0.5364238410596026,0.1357615894039735,-11.51780935915294,302,0.2980132450331126,0.8311258278145696,0.2417218543046357,-4.199634461587061,0.6589403973509934,0.0993377483443708,2.869133249922477,2025
678022,"Perkins, Jack",2025,Athletics,R,3.082522025,0.0794701986754966,0.2086092715231788,0.1059602649006622,-6.369309988318296,0.6192052980132451,0.2748344370860927,9.185786216682834,0.1655629139072847,12.336056475916044,0.6655629139072847,0.1688741721854304,-10.484463705350734,302,0.3245033112582781,0.8940397350993378,0.152317880794702,-3.8798020305295458,0.5562913907284768,0.2913907284768212,3.010671591238498,2025
669020,"Rolison, Ryan",2025,Rockies,L,2.410714169,0.0332225913621262,0.2890365448504983,0.1129568106312292,-6.252021414601726,0.6877076411960132,0.1993355481727574,7.781713955430137,0.2026578073089701,11.545894877665395,0.6644518272425249,0.132890365448505,-11.62303603952724,301,0.1794019933554817,0.893687707641196,0.1229235880398671,-3.154898578819712,0.7475083056478405,0.1295681063122923,3.086294128125649,2025
678226,"Hernández, Daysbel",2025,Braves,R,3.630437786,0.1096345514950166,0.2225913621262458,0.1063122923588039,-5.890700484833215,0.6312292358803987,0.2624584717607973,8.69473087240517,0.1627906976744186,11.94342902465022,0.6245847176079734,0.2126245847176079,-10.291302576254122,301,0.2956810631229236,0.8837209302325582,0.1926910299003322,-4.238265433404932,0.5714285714285714,0.2358803986710963,2.8255158701593475,2025
621112,"Blackburn, Paul",2025,zMLB,R,2.826558525,0.0668896321070234,0.2040133779264214,0.1371237458193979,-5.918367636901999,0.5484949832775919,0.31438127090301,7.947389439363002,0.2006688963210702,11.639355885162397,0.6789297658862876,0.1204013377926421,-11.301332732647753,299,0.2240802675585284,0.9163879598662208,0.157190635451505,-3.4594008284872464,0.6789297658862876,0.1638795986622073,2.8646247485022047,2025
519151,"Pressly, Ryan",2025,Cubs,R,2.687221279,0.0334448160535117,0.3010033444816054,0.0702341137123745,-6.16226400959373,0.7190635451505016,0.2107023411371237,6.960996428656263,0.1371237458193979,10.434396245903384,0.7090301003344481,0.1538461538461538,-9.836301659179313,299,0.1739130434782608,0.9331103678929766,0.1806020066889632,-3.5287757131165747,0.68561872909699,0.1337792642140468,2.727299354701869,2025
829272,"Ogasawara, Shinnosuke",2025,Nationals,L,4.171424517,0.1114864864864864,0.2331081081081081,0.0439189189189189,-5.248759657875772,0.6317567567567568,0.3243243243243243,9.161237775016522,0.3682432432432432,14.516513719999091,0.5,0.1317567567567567,-10.867706756739793,296,0.2432432432432432,0.9054054054054054,0.1452702702702702,-3.2996905573706146,0.6587837837837838,0.1959459459459459,2.619203736221176,2025
663767,"Shugart, Chase",2025,Pirates,R,2.680671408,0.064625850340136,0.227891156462585,0.1326530612244898,-5.77531786527641,0.6156462585034014,0.2517006802721088,8.716217105214831,0.2040816326530612,11.856212633962024,0.5850340136054422,0.2108843537414966,-10.731284755586346,294,0.2482993197278911,0.8979591836734694,0.1156462585034013,-3.569214098361544,0.6802721088435374,0.2040816326530612,2.842807878509315,2025
678020,"Halvorsen, Seth",2025,Rockies,R,2.592425881,0.0850340136054421,0.227891156462585,0.0884353741496598,-6.043487687529047,0.6020408163265306,0.3095238095238095,8.194764878290043,0.1326530612244898,11.269979243763348,0.6054421768707483,0.2619047619047619,-10.735934875428727,294,0.2993197278911564,0.8809523809523809,0.173469387755102,-3.435593439829593,0.6054421768707483,0.2210884353741496,3.122178693400443,2025
669456,"Bieber, Shane",2025,Blue Jays,R,2.661282878,0.068259385665529,0.2764505119453925,0.0375426621160409,-6.00562500266619,0.6723549488054608,0.2901023890784983,7.772949222631702,0.2116040955631399,10.653505841828888,0.6791808873720137,0.1092150170648464,-10.66978658965234,293,0.2832764505119454,0.9215017064846416,0.204778156996587,-3.758002098370216,0.5870307167235495,0.2081911262798634,2.9449293920782624,2025
687223,"Palmquist, Carson",2025,Rockies,L,3.376442283,0.0614334470989761,0.2252559726962457,0.0580204778156996,-6.713038009637671,0.6416382252559727,0.3003412969283277,8.609200683928291,0.3071672354948805,15.569346601392606,0.5699658703071673,0.1228668941979522,-10.915469508739324,293,0.2116040955631399,0.8839590443686007,0.0921501706484641,-3.1539041724496224,0.6996587030716723,0.2081911262798634,2.837424648876087,2025
676661,"Lazar, Max",2025,Phillies,R,2.499730945,0.0586206896551724,0.3206896551724137,0.0862068965517241,-5.9115126246111815,0.7482758620689656,0.1655172413793103,7.970962516608182,0.1551724137931034,10.802390243330048,0.7137931034482758,0.1310344827586207,-11.236013039053574,290,0.2034482758620689,0.9413793103448276,0.1517241379310344,-3.602299067732979,0.6551724137931034,0.193103448275862,3.221908499514345,2025
690986,"Harrison, Kyle",2025,zMLB,L,2.407645304,0.0972222222222222,0.2361111111111111,0.0659722222222222,-5.7810831798762985,0.6631944444444444,0.2708333333333333,8.243234172527945,0.1215277777777777,12.764692888408405,0.5833333333333334,0.2951388888888889,-10.621195711872849,288,0.2673611111111111,0.90625,0.0763888888888889,-3.77217091074037,0.5972222222222222,0.3263888888888889,3.094211508201263,2025
666661,"Morillo, Juan",2025,Diamondbacks,R,2.058943771,0.0625,0.1736111111111111,0.1458333333333333,-5.552809308645536,0.6354166666666666,0.21875,7.37680558721567,0.0729166666666666,11.185014790044209,0.65625,0.2708333333333333,-9.709054884525331,288,0.2777777777777778,0.90625,0.0972222222222222,-3.720189713151017,0.5486111111111112,0.3541666666666667,3.1421453921574423,2025
670990,"Ramírez, Yohan",2025,Pirates,R,5.102400855,0.0975609756097561,0.1916376306620209,0.0836236933797909,-6.474376992344896,0.6167247386759582,0.2996515679442508,10.300107853570784,0.2369337979094076,14.06703460088068,0.6167247386759582,0.1463414634146341,-9.798259378285184,287,0.2613240418118467,0.9128919860627178,0.1533101045296167,-4.37032985254005,0.6062717770034843,0.2404181184668989,3.0449834546152763,2025
606996,"Hart, Kyle",2025,Padres,L,2.39300845,0.0662020905923344,0.205574912891986,0.0905923344947735,-5.765496173016939,0.5749128919860628,0.3344947735191638,7.576917657235026,0.2787456445993031,12.012164133647088,0.5923344947735192,0.1289198606271777,-9.596896956359268,287,0.2090592334494773,0.9233449477351916,0.0940766550522648,-3.0530083499155225,0.6898954703832753,0.2160278745644599,2.931321918270533,2025
681892,"Funderburk, Kody",2025,Twins,L,2.246896753,0.0384615384615384,0.2307692307692307,0.1118881118881118,-6.399146620974985,0.6258741258741258,0.2622377622377622,7.791012240835709,0.0944055944055944,12.008639826295957,0.6153846153846154,0.2902097902097902,-10.655808249842366,286,0.2272727272727272,0.8916083916083916,0.1188811188811188,-2.983390984325444,0.6503496503496503,0.2307692307692307,3.105425513985187,2025
543101,"DeSclafani, Anthony",2025,Diamondbacks,R,3.69357645,0.0912280701754386,0.2421052631578947,0.0771929824561403,-6.38381257095633,0.6070175438596491,0.3157894736842105,9.265189619941127,0.2982456140350877,12.518355046298613,0.5859649122807018,0.1157894736842105,-10.599564488227776,285,0.2701754385964912,0.8842105263157894,0.1543859649122807,-3.2097374284562403,0.6736842105263158,0.1719298245614035,2.850752649452416,2025
689266,"Dodd, Dylan",2025,Braves,L,2.351346252,0.0947368421052631,0.231578947368421,0.0526315789473684,-5.740864348977191,0.6666666666666666,0.2807017543859649,7.072851103460961,0.231578947368421,10.923316862511715,0.6456140350877193,0.1228070175438596,-10.244320748781703,285,0.3087719298245614,0.9578947368421052,0.1894736842105263,-3.809054349110888,0.5754385964912281,0.2350877192982456,3.030713319091053,2025
641672,"Hatch, Thomas",2025,zMLB,R,2.302212585,0.0636042402826855,0.2367491166077738,0.1448763250883392,-5.941551762075259,0.6219081272084805,0.2332155477031802,7.704744727638198,0.1908127208480565,10.6201288914357,0.7385159010600707,0.0706713780918728,-10.009906685410275,283,0.1943462897526501,0.9187279151943464,0.1060070671378091,-3.4126899379818383,0.7137809187279152,0.1802120141342756,2.7081529637693094,2025
668820,"Kranick, Max",2025,Mets,R,1.478056099,0.0424028268551236,0.2614840989399293,0.1060070671378091,-5.524114358971867,0.7561837455830389,0.1378091872791519,7.527174987962662,0.1519434628975265,11.913556891068817,0.6925795053003534,0.1554770318021201,-9.990815308595392,283,0.2084805653710247,0.9151943462897526,0.0706713780918728,-3.2652174834942453,0.6183745583038869,0.3109540636042402,2.9355414416886143,2025
820862,"Fermin, José",2025,Angels,R,3.698272567,0.1071428571428571,0.2285714285714285,0.0357142857142857,-5.878164825017586,0.7035714285714286,0.2607142857142857,9.213525959542691,0.1571428571428571,12.678155653633052,0.7321428571428571,0.1107142857142857,-9.74710270803381,280,0.3357142857142857,0.925,0.1857142857142857,-4.004388692337369,0.5071428571428571,0.3071428571428571,2.9210825804359266,2025
687863,"Hodge, Porter",2025,Cubs,R,3.995641576,0.0821428571428571,0.2,0.0714285714285714,-7.000677732698245,0.6714285714285714,0.2571428571428571,8.805436737319917,0.25,12.334926281020811,0.5821428571428572,0.1678571428571428,-10.487780039167012,280,0.2678571428571428,0.875,0.1642857142857142,-4.799776611273751,0.6107142857142858,0.225,3.1477744193334365,2025
800048,"Messick, Parker",2025,Guardians,L,2.77816835,0.0785714285714285,0.25,0.075,-5.677082425131868,0.6607142857142857,0.2642857142857143,8.074275745844725,0.2,12.131307406771803,0.6142857142857143,0.1857142857142857,-10.919030665665865,280,0.2642857142857143,0.9107142857142856,0.0964285714285714,-4.177269801402582,0.6785714285714286,0.225,3.115198956686848,2025
677161,"Kelly, Zack",2025,Red Sox,R,2.07451464,0.053763440860215,0.2114695340501792,0.1326164874551971,-5.84751569167906,0.6630824372759857,0.2043010752688172,7.990363734953202,0.1469534050179211,11.47211408896274,0.6487455197132617,0.2043010752688172,-10.32417935483221,279,0.2365591397849462,0.8709677419354839,0.082437275985663,-2.853637855383906,0.6666666666666666,0.2508960573476702,3.216982582222008,2025
664192,"Lucchesi, Joey",2025,Giants,L,3.350273814,0.0611510791366906,0.2553956834532374,0.1151079136690647,-5.889113880558264,0.7302158273381295,0.1546762589928057,8.855782126455,0.1007194244604316,14.103935892095478,0.5611510791366906,0.3381294964028777,-11.320158942976386,278,0.2014388489208633,0.8201438848920863,0.1151079136690647,-4.41356923265427,0.60431654676259,0.2805755395683453,2.915683692327718,2025
691799,"Taylor, Grant",2025,White Sox,R,2.572219501,0.1043165467625899,0.1690647482014388,0.1007194244604316,-5.286329780803464,0.6834532374100719,0.2158273381294964,10.095161313568186,0.1043165467625899,11.29117282059268,0.5899280575539568,0.3057553956834532,-11.008262597145674,278,0.3129496402877698,0.8669064748201439,0.1294964028776978,-4.599292084541479,0.5107913669064749,0.3597122302158273,3.34338974320956,2025
663765,"Woodford, Jake",2025,Diamondbacks,R,2.203797075,0.03971119133574,0.2671480144404332,0.1660649819494584,-6.105707726004646,0.6642599277978339,0.1696750902527075,7.248223938736927,0.1841155234657039,11.313952883668644,0.6823104693140795,0.1335740072202166,-10.793390698735944,277,0.1696750902527075,0.924187725631769,0.1083032490974729,-2.692039473408788,0.7220216606498195,0.1696750902527075,3.11065155709554,2025
642585,"Bautista, Félix",2025,Orioles,R,3.870788684,0.1227436823104693,0.1552346570397112,0.0433212996389891,-6.191940183251175,0.6353790613718412,0.3212996389891697,9.150366099412189,0.2454873646209386,12.62984805798074,0.631768953068592,0.1227436823104693,-9.636610457862371,277,0.3610108303249097,0.9133574007220217,0.1552346570397112,-4.2002850311282005,0.4729241877256318,0.371841155234657,3.140851578511984,2025
595928,"Curtiss, John",2025,Diamondbacks,R,1.141259122,0.0401459854014598,0.2445255474452554,0.0948905109489051,-4.904270639219433,0.7445255474452555,0.1605839416058394,6.463312150104712,0.0875912408759124,10.28736685289059,0.7956204379562044,0.1167883211678832,-9.863385707009588,274,0.2080291970802919,0.9306569343065694,0.0182481751824817,-4.308223106875139,0.6240875912408759,0.3576642335766423,2.9006359109612903,2025
668390,"Winn, Cole",2025,Rangers,R,3.576866548,0.0842490842490842,0.2417582417582417,0.0952380952380952,-5.698807227887831,0.6776556776556777,0.2271062271062271,9.58219372045881,0.1465201465201465,11.870711053962562,0.6813186813186813,0.1721611721611721,-10.938617871345478,273,0.2344322344322344,0.9010989010989012,0.1611721611721611,-4.073088627350732,0.6007326007326007,0.238095238095238,3.129496699967956,2025
664299,"Javier, Cristian",2025,Astros,R,3.776895818,0.0512820512820512,0.2234432234432234,0.0952380952380952,-5.52645175659735,0.663003663003663,0.2417582417582417,8.26025346043414,0.2490842490842491,13.595592157790811,0.6556776556776557,0.0952380952380952,-11.394704388208272,273,0.238095238095238,0.8827838827838828,0.0769230769230769,-4.909583967354922,0.608058608058608,0.315018315018315,3.060725351638568,2025
547184,"Kelly, Michael",2025,Athletics,R,2.530948757,0.088560885608856,0.2287822878228782,0.092250922509225,-7.191237193787919,0.6642066420664207,0.2435424354243542,8.145711005301067,0.2066420664206642,10.478859439285577,0.5940959409594095,0.1992619926199262,-11.182733038000752,271,0.2214022140221402,0.8708487084870848,0.1180811808118081,-3.4421848955640586,0.6531365313653137,0.2287822878228782,3.029183465628301,2025
670329,"Garcia, Rico",2025,zMLB,R,3.373755897,0.0629629629629629,0.1777777777777777,0.0481481481481481,-5.3285586599172206,0.6555555555555556,0.2962962962962963,8.817663287690014,0.2629629629629629,13.058498389353849,0.6407407407407407,0.0962962962962963,-9.940311980557532,270,0.3,0.9333333333333332,0.1037037037037037,-3.711719750975149,0.562962962962963,0.3333333333333333,2.967894248440337,2025
681006,"Simpson, Josh",2025,Marlins,L,3.870890066,0.0780669144981412,0.1895910780669145,0.0929368029739776,-6.535787420040752,0.6765799256505576,0.2304832713754646,9.087160928447268,0.2490706319702602,12.334285099418366,0.5985130111524164,0.1524163568773234,-10.419808891994194,269,0.2602230483271375,0.8921933085501859,0.2230483271375464,-4.327156432388968,0.6356877323420075,0.1412639405204461,2.833892483176604,2025
670912,"Oviedo, Johan",2025,Pirates,R,2.937528959,0.0780669144981412,0.2007434944237918,0.1078066914498141,-5.548343887912692,0.6059479553903345,0.2862453531598513,9.091150602850496,0.2713754646840148,12.811126111078588,0.5947955390334573,0.1338289962825278,-9.933758837021031,269,0.3085501858736059,0.929368029739777,0.1412639405204461,-3.559526339067347,0.620817843866171,0.2379182156133829,3.166145477456641,2025
683627,"Molina, Anthony",2025,Rockies,R,3.303553669,0.1086142322097378,0.2921348314606741,0.0711610486891385,-4.980947356591895,0.5767790262172284,0.352059925093633,8.115191784965191,0.1910112359550561,11.125582553124833,0.6591760299625468,0.149812734082397,-10.350790827164362,267,0.2434456928838951,0.906367041198502,0.1647940074906367,-3.6648508984652977,0.6591760299625468,0.1760299625468165,2.893191278837692,2025
660787,"De los Santos, Yerry",2025,Yankees,R,2.716176814,0.0711610486891385,0.2172284644194756,0.1198501872659176,-6.757594674102606,0.5730337078651685,0.3071161048689138,7.7286676465125455,0.2134831460674157,12.377238324457876,0.6329588014981273,0.1535580524344569,-10.276041677909715,267,0.2322097378277153,0.9325842696629212,0.1235955056179775,-3.328690364652432,0.6853932584269663,0.1910112359550561,2.745806081650746,2025
663671,"Enright, Nic",2025,Guardians,R,3.46654832,0.056390977443609,0.1917293233082706,0.0488721804511278,-7.36157471463364,0.7180451127819549,0.2330827067669172,9.23615943440704,0.1804511278195488,11.65937362603832,0.6691729323308271,0.150375939849624,-9.442157266408396,266,0.2706766917293233,0.9285714285714286,0.0789473684210526,-5.733718103451186,0.5263157894736842,0.3947368421052631,2.799788704367969,2025
592155,"Booser, Cam",2025,White Sox,L,3.393774068,0.1132075471698113,0.2150943396226415,0.060377358490566,-5.463443497258125,0.660377358490566,0.2792452830188679,8.497213066621844,0.2528301886792453,12.623009561284787,0.6339622641509434,0.1132075471698113,-10.59198133335221,265,0.3056603773584905,0.8943396226415095,0.1320754716981132,-4.003972482912384,0.6037735849056604,0.2641509433962264,2.8574956222980816,2025
686580,"Slaten, Justin",2025,Red Sox,R,2.915615639,0.0792452830188679,0.2830188679245283,0.0679245283018867,-5.254748269825869,0.6641509433962264,0.2679245283018868,8.375100996619057,0.1433962264150943,12.100871781049973,0.6943396226415094,0.1622641509433962,-11.407335681877855,265,0.2754716981132075,0.9018867924528302,0.1584905660377358,-3.769650432463387,0.5849056603773585,0.2566037735849056,3.0504029946476905,2025
680689,"Richardson, Lyon",2025,Reds,R,2.976960749,0.0568181818181818,0.2613636363636363,0.0643939393939393,-956.2921082435536,0.6477272727272727,0.2878787878787879,8.14649656168326,0.2083333333333333,12.31625112051962,0.6098484848484849,0.1818181818181818,-10.3999207890476,264,0.231060606060606,0.9242424242424242,0.1325757575757575,-3.3356244530316825,0.7007575757575758,0.1666666666666666,2.8554153880675703,2025
701487,"Ohl, Pierson",2025,Twins,R,4.506606427,0.099236641221374,0.2099236641221374,0.0419847328244274,-5.029266890773573,0.6908396946564885,0.2671755725190839,9.696269499179468,0.3511450381679389,13.061512046501498,0.5725190839694656,0.0763358778625954,-8.960757906059031,262,0.2251908396946564,0.9198473282442748,0.1526717557251908,-3.5419097581021486,0.6374045801526718,0.2099236641221374,2.7687950585804826,2025
605177,"Chafin, Andrew",2025,zMLB,L,4.283084261,0.0725190839694656,0.1793893129770992,0.0572519083969465,-5.55029434897351,0.5305343511450382,0.4122137404580153,8.672694091896215,0.3244274809160305,13.521079937807643,0.6145038167938931,0.0610687022900763,-11.220875985941207,262,0.2709923664122137,0.9045801526717556,0.1793893129770992,-3.749012522177951,0.6374045801526718,0.183206106870229,2.842538855405243,2025
681293,"Arrighetti, Spencer",2025,Astros,R,4.499740036,0.0727969348659003,0.2068965517241379,0.0957854406130268,-5.932328764688001,0.6628352490421456,0.2413793103448276,10.68461984340555,0.2950191570881226,13.981878557460314,0.6283524904214559,0.0766283524904214,-9.525736405465905,261,0.2758620689655172,0.8850574712643678,0.1455938697318007,-3.874231382912082,0.5900383141762452,0.264367816091954,2.908433718174161,2025
687330,"Kelly, Kevin",2025,Rays,R,2.231157791,0.0653846153846153,0.2769230769230769,0.1115384615384615,-6.062161255232687,0.5846153846153846,0.3038461538461538,8.794842322268472,0.1307692307692307,14.14376222910553,0.6076923076923076,0.2615384615384615,-11.720903116760963,260,0.2038461538461538,0.8884615384615384,0.073076923076923,-2.70745047790934,0.7192307692307692,0.2076923076923077,3.385406903184405,2025
689690,"Jacob, Alek",2025,Padres,R,2.196499872,0.0692307692307692,0.1576923076923077,0.1038461538461538,-6.069420914959062,0.6115384615384616,0.2846153846153846,7.853523412399225,0.3615384615384615,14.77826351865992,0.5038461538461538,0.1346153846153846,-10.957634808512385,260,0.2153846153846154,0.8692307692307693,0.0961538461538461,-2.938133839706808,0.6076923076923076,0.2961538461538461,3.011959072837441,2025
695445,"Lee, Chase",2025,Tigers,R,3.071291091,0.0653846153846153,0.2269230769230769,0.0576923076923076,-6.351068140040086,0.6153846153846154,0.3269230769230769,8.658225472961938,0.1423076923076923,12.991844843068163,0.6230769230769231,0.2346153846153846,-10.854299545964546,260,0.2115384615384615,0.903846153846154,0.0769230769230769,-2.983051000251295,0.65,0.273076923076923,2.858906539185359,2025
693313,"Seymour, Carson",2025,Giants,R,2.878499304,0.0653846153846153,0.2846153846153846,0.0807692307692307,-5.882402928833995,0.7423076923076923,0.1769230769230769,7.634148491477785,0.0923076923076923,10.42828065530612,0.7269230769230769,0.1807692307692307,-9.268573580524732,260,0.2192307692307692,0.9346153846153846,0.1923076923076923,-3.931873882314617,0.6192307692307693,0.1884615384615384,2.87799201710242,2025
664062,"Gonsolin, Tony",2025,Dodgers,R,3.163323047,0.0656370656370656,0.2702702702702703,0.0733590733590733,-6.493851227796653,0.6756756756756757,0.2509652509652509,9.464779188499014,0.1853281853281853,12.849647932819106,0.722007722007722,0.0926640926640926,-11.201815001422668,259,0.3127413127413127,0.9073359073359072,0.1467181467181467,-4.357370563303883,0.6293436293436293,0.2239382239382239,3.02489458344941,2025
669084,"Hall, DL",2025,Brewers,L,2.800720832,0.0666666666666666,0.2549019607843137,0.0823529411764705,-5.93741267598947,0.6901960784313725,0.2274509803921568,8.21468303350204,0.1607843137254902,11.738828621770107,0.6352941176470588,0.2039215686274509,-10.124516540737876,255,0.196078431372549,0.9098039215686274,0.0980392156862745,-3.6646398312848665,0.6196078431372549,0.2823529411764706,2.9386517246707857,2025
621366,"Borucki, Ryan",2025,zMLB,L,4.290448374,0.1254901960784313,0.1647058823529411,0.0627450980392156,-7.121485515558503,0.5058823529411764,0.4313725490196078,8.786442487472456,0.396078431372549,12.63775526471906,0.5019607843137255,0.1019607843137254,-9.238864726117171,255,0.3176470588235294,0.8823529411764706,0.2431372549019607,-3.492127033947681,0.6549019607843137,0.1019607843137254,2.6603626683764667,2025
665871,"Assad, Javier",2025,Cubs,R,1.799757342,0.0433070866141732,0.2677165354330709,0.0669291338582677,-5.84142175744461,0.7480314960629921,0.1850393700787401,7.1507615637364506,0.1299212598425196,12.185423172853636,0.6968503937007874,0.1732283464566929,-10.850243998180124,254,0.1692913385826771,0.9409448818897638,0.0669291338582677,-2.872680187139601,0.6732283464566929,0.2598425196850393,3.0974943263567325,2025
674285,"Salazar, Eduardo",2025,Nationals,R,2.549741102,0.0316205533596837,0.2727272727272727,0.1027667984189723,-5.56582896086313,0.6640316205533597,0.233201581027668,9.003479586686138,0.0830039525691699,9.808688510437708,0.7509881422924901,0.1660079051383399,-10.396877014929371,253,0.2134387351778656,0.9209486166007904,0.0909090909090909,-2.9335090488439306,0.691699604743083,0.217391304347826,3.0802941140023354,2025
681676,"Fernandez, Ryan",2025,Cardinals,R,4.486713478,0.1507936507936507,0.2182539682539682,0.0476190476190476,-5.381478129152502,0.5992063492063492,0.3531746031746032,9.40810928810744,0.3015873015873015,12.721063226682736,0.6031746031746031,0.0952380952380952,-9.35048016290508,252,0.3293650793650793,0.8968253968253969,0.242063492063492,-3.752945532570362,0.5515873015873016,0.2063492063492063,3.094584799503449,2025
669422,"Sauer, Matt",2025,Dodgers,R,2.50152364,0.0401606425702811,0.2690763052208835,0.072289156626506,-5.440761839176808,0.7188755020080321,0.2088353413654618,8.33433681724133,0.1726907630522088,11.334279239722363,0.678714859437751,0.1485943775100401,-9.64720007588416,249,0.2008032128514056,0.891566265060241,0.0803212851405622,-3.4687898384550846,0.7028112449799196,0.216867469879518,2.872374606355604,2025
676092,"Snider, Collin",2025,Mariners,R,2.781121448,0.0564516129032258,0.1774193548387097,0.0685483870967741,-5.922994940637636,0.6612903225806451,0.2701612903225806,8.15194972552603,0.2741935483870967,12.041673277238848,0.5604838709677419,0.1653225806451612,-10.962974601250655,248,0.2217741935483871,0.9032258064516128,0.1129032258064516,-3.3219929546282456,0.6290322580645161,0.2580645161290322,2.792595800345072,2025
688642,"Agnos, Zach",2025,Rockies,R,3.86006511,0.0846774193548387,0.2661290322580645,0.0887096774193548,-6.626664008573188,0.6129032258064516,0.2983870967741935,8.691975047892614,0.2137096774193548,11.876550670341835,0.6854838709677419,0.1008064516129032,-10.265475623596036,248,0.2983870967741935,0.9274193548387096,0.1814516129032258,-4.260818069177485,0.6290322580645161,0.189516129032258,2.91876011562366,2025
622503,"Crismatt, Nabil",2025,Diamondbacks,R,3.02261478,0.0897959183673469,0.2408163265306122,0.0612244897959183,-5.652517452654275,0.6530612244897959,0.2857142857142857,8.221347637186739,0.4408163265306122,12.771736550951468,0.5020408163265306,0.0571428571428571,-8.8929906544531,245,0.2448979591836734,0.9673469387755104,0.1714285714285714,-3.178476850051218,0.7387755102040816,0.0897959183673469,2.9454483812844363,2025
641482,"Cortes, Nestor",2025,zMLB,L,2.376091275,0.0489795918367346,0.2897959183673469,0.0530612244897959,-5.90540448544915,0.7306122448979592,0.2163265306122449,8.439044698568162,0.1836734693877551,12.636411637854058,0.6938775510204082,0.1224489795918367,-10.808270500506705,245,0.2612244897959184,0.9061224489795918,0.073469387755102,-3.040570774442702,0.5591836734693878,0.3673469387755102,2.93829967911517,2025
663372,"Feltner, Ryan",2025,Rockies,R,3.260644969,0.1069958847736625,0.2304526748971193,0.074074074074074,-6.185885703557538,0.6090534979423868,0.3168724279835391,8.302792037846293,0.2921810699588477,12.757963177781496,0.5802469135802469,0.1275720164609053,-11.566533133312236,243,0.2716049382716049,0.9094650205761317,0.1810699588477366,-3.348599867730451,0.6296296296296297,0.1893004115226337,2.9831961217479863,2025
642528,"Loáisiga, Jonathan",2025,Yankees,R,3.509098808,0.0743801652892562,0.1900826446280991,0.1487603305785124,-6.710798122252052,0.512396694214876,0.3388429752066115,8.879719103784625,0.2231404958677686,11.8456447403466,0.6818181818181818,0.0950413223140495,-11.973742615524744,242,0.268595041322314,0.9214876033057852,0.2768595041322314,-3.306815173222569,0.6322314049586777,0.0909090909090909,2.7629306540788887,2025
593576,"Neris, Héctor",2025,zMLB,R,3.622200438,0.1074380165289256,0.1859504132231405,0.0785123966942148,-6.821427162122862,0.6528925619834711,0.268595041322314,9.033313575348494,0.2975206611570248,13.063644230845789,0.5950413223140496,0.1074380165289256,-10.727330551161232,242,0.2933884297520661,0.9049586776859504,0.152892561983471,-4.150163459719808,0.5743801652892562,0.2727272727272727,2.904389105990412,2025
669684,"Murphy, Chris",2025,Red Sox,L,2.478982777,0.0578512396694214,0.2148760330578512,0.128099173553719,-6.740268896039978,0.6322314049586777,0.2396694214876033,8.033387196385931,0.2396694214876033,13.707397417912942,0.6446280991735537,0.1157024793388429,-12.014404739616044,242,0.2727272727272727,0.8884297520661157,0.152892561983471,-4.226270214208115,0.5950413223140496,0.2520661157024793,3.139955395086995,2025
620454,"Castillo, José",2025,zMLB,L,4.478015878,0.0788381742738589,0.2365145228215767,0.0954356846473029,-6.962965573818631,0.5850622406639004,0.3195020746887966,8.743847342793645,0.2323651452282157,12.336492987482526,0.6307053941908713,0.1369294605809128,-11.973783928819485,241,0.2282157676348547,0.8879668049792531,0.1618257261410788,-4.5570558005333925,0.7095435684647303,0.1286307053941908,2.769524910767881,2025
808963,"Sasaki, Roki",2025,Dodgers,R,4.185387098,0.0788381742738589,0.2780082987551867,0.0829875518672199,-5.794803942420889,0.6970954356846473,0.2199170124481327,8.016177392469936,0.1742738589211618,12.30209139613846,0.6970954356846473,0.1286307053941908,-10.054365994962314,241,0.2240663900414937,0.8838174273858921,0.1950207468879668,-4.194244951661738,0.6514522821576764,0.1535269709543568,2.8300883874871325,2025
678906,"Teng, Kai-Wei",2025,Giants,R,4.082420672,0.075,0.1833333333333333,0.1333333333333333,-6.198280331005157,0.6041666666666666,0.2625,11.11526287811736,0.225,12.478056879344264,0.6166666666666667,0.1583333333333333,-10.032907226655968,240,0.2833333333333333,0.8875,0.1541666666666666,-3.471684232822857,0.6125,0.2333333333333333,2.848225232143873,2025
680684,"Hoglund, Gunnar",2025,Athletics,R,3.253482877,0.0585774058577405,0.2719665271966527,0.0794979079497908,-6.659142019658464,0.694560669456067,0.2259414225941422,8.7477288316563,0.1757322175732217,11.85519184396579,0.7112970711297071,0.1129707112970711,-9.75430265893958,239,0.2259414225941422,0.9414225941422594,0.0878661087866108,-4.209942996221049,0.6903765690376569,0.2217573221757322,2.811665048017434,2025
800049,"Mazur, Adam",2025,Marlins,R,2.616646873,0.0585774058577405,0.2552301255230125,0.0627615062761506,-5.821050843416204,0.6359832635983264,0.301255230125523,6.729009838465389,0.1841004184100418,11.516974067034653,0.698744769874477,0.1171548117154811,-9.929272918991453,239,0.2175732217573222,0.9497907949790796,0.1129707112970711,-4.103970390271169,0.698744769874477,0.1882845188284518,2.8349466041006246,2025
657424,"Gage, Matt",2025,zMLB,L,2.520899216,0.0753138075313807,0.2343096234309623,0.0878661087866108,-5.121455123676519,0.6443514644351465,0.2677824267782426,7.361594158204193,0.1422594142259414,11.297537636087233,0.694560669456067,0.1631799163179916,-11.80512504535047,239,0.2343096234309623,0.8577405857740585,0.1213389121338912,-3.727578171668592,0.6276150627615062,0.2510460251046025,2.967589712908583,2025
687377,"Ribalta, Orlando",2025,Nationals,R,2.72752779,0.0756302521008403,0.1932773109243697,0.1008403361344537,-5.915491373541302,0.6512605042016807,0.2478991596638655,8.700525439181131,0.2647058823529412,12.18486734281504,0.6764705882352942,0.0588235294117647,-10.693051072389906,238,0.2647058823529412,0.9285714285714286,0.1176470588235294,-3.548583372561504,0.6386554621848739,0.2436974789915966,2.951049808042394,2025
677955,"Hill, Jaden",2025,Rockies,R,4.606367139,0.0756302521008403,0.1764705882352941,0.0924369747899159,-5.966466701223391,0.592436974789916,0.315126050420168,10.474268654788402,0.2773109243697479,12.46560510360858,0.5840336134453782,0.1386554621848739,-10.563383156785,238,0.2689075630252101,0.8781512605042017,0.0756302521008403,-3.705630080959057,0.6932773109243697,0.2310924369747899,3.1286960934988866,2025
664991,"Wolfram, Grant",2025,Orioles,L,2.611110775,0.0970464135021097,0.2236286919831223,0.1265822784810126,-6.271751271359768,0.5949367088607594,0.2784810126582278,8.105930662663125,0.1434599156118143,11.690537662344004,0.6708860759493671,0.1856540084388185,-11.73602320451385,237,0.2616033755274262,0.8523206751054853,0.1139240506329113,-4.499827699174442,0.5822784810126582,0.3037974683544304,3.2029802464232966,2025
681869,"Dubin, Shawn",2025,zMLB,R,3.266278201,0.0932203389830508,0.2457627118644068,0.0805084745762711,-6.232775512432581,0.6271186440677966,0.2923728813559322,8.67971408791916,0.1779661016949152,12.291813417896892,0.6483050847457628,0.173728813559322,-11.394928195333945,236,0.211864406779661,0.8940677966101694,0.1186440677966101,-3.22779500975848,0.690677966101695,0.1906779661016949,3.0055927962796543,2025
663399,"Waddell, Brandon",2025,Mets,L,2.780177074,0.047008547008547,0.282051282051282,0.1068376068376068,-6.031792459316994,0.6410256410256411,0.2521367521367521,8.133122872262556,0.1965811965811965,11.981687270098986,0.7094017094017094,0.094017094017094,-10.633344221355674,234,0.2051282051282051,0.9444444444444444,0.1196581196581196,-3.4788181671029275,0.6837606837606838,0.1965811965811965,2.941023540959393,2025
669713,"Wesneski, Hayden",2025,Astros,R,2.689038793,0.0472103004291845,0.2446351931330472,0.1072961373390558,-6.45437158767386,0.6781115879828327,0.2145922746781116,8.609885843745314,0.1802575107296137,12.68402835098793,0.6866952789699571,0.1330472103004291,-10.35873986824725,233,0.2403433476394849,0.9098712446351932,0.1287553648068669,-3.208855717390209,0.6566523605150214,0.2145922746781116,3.106403960890501,2025
595014,"Treinen, Blake",2025,Dodgers,R,6.071377367,0.0905172413793103,0.1724137931034483,0.1508620689655172,-6.550367738554777,0.5818965517241379,0.2672413793103448,11.86221255460348,0.2327586206896551,13.309018894847984,0.5991379310344828,0.168103448275862,-10.767391134000963,232,0.2586206896551724,0.8448275862068966,0.168103448275862,-3.7037234531207535,0.5818965517241379,0.25,2.8596254484312347,2025
687830,"Gipson-Long, Sawyer",2025,Tigers,R,3.677142246,0.0991379310344827,0.2629310344827586,0.1163793103448275,-6.074445673007685,0.646551724137931,0.2370689655172413,9.574044627759042,0.293103448275862,13.242949239509189,0.6336206896551724,0.0732758620689655,-10.480323898220908,232,0.2456896551724137,0.9482758620689656,0.146551724137931,-3.2892429942659467,0.7241379310344828,0.1293103448275862,3.0278823926360663,2025
681870,"Sabrowski, Erik",2025,Guardians,L,2.666965179,0.0833333333333333,0.1535087719298245,0.0789473684210526,-5.677673882483308,0.6929824561403509,0.2280701754385964,7.837393787710981,0.1359649122807017,11.723090294970282,0.6798245614035088,0.1842105263157894,-10.39807784862553,228,0.3991228070175439,0.8771929824561403,0.1096491228070175,-5.8352492458658896,0.4385964912280701,0.4517543859649123,3.2876211176247225,2025
702674,"Dana, Caden",2025,Angels,R,4.223178651,0.1052631578947368,0.219298245614035,0.0614035087719298,-5.85400695691146,0.6578947368421053,0.2807017543859649,9.91337613941224,0.3245614035087719,12.320997575234545,0.5526315789473685,0.1228070175438596,-9.281323798608966,228,0.293859649122807,0.9385964912280702,0.175438596491228,-3.580095845620295,0.5964912280701754,0.2280701754385964,2.981057587778205,2025
685107,"Veneziano, Anthony",2025,zMLB,L,3.046217493,0.0921052631578947,0.2280701754385964,0.0921052631578947,-6.943951436215631,0.618421052631579,0.2894736842105263,8.447757516094343,0.1710526315789473,11.666550805900116,0.6622807017543859,0.1666666666666666,-11.169343588044272,228,0.2456140350877192,0.8991228070175439,0.1578947368421052,-3.75471577430565,0.618421052631579,0.2236842105263158,2.842697927802966,2025
694350,"Brzykcy, Zach",2025,Nationals,R,3.886729242,0.0833333333333333,0.219298245614035,0.0614035087719298,-5.9728919538293885,0.7105263157894737,0.2280701754385964,8.732865609462925,0.2017543859649122,11.527341265619045,0.7105263157894737,0.087719298245614,-10.356841121001018,228,0.2719298245614035,0.8947368421052632,0.131578947368421,-5.017607109549575,0.5614035087719298,0.3070175438596491,2.9863912471531657,2025
696149,"Chandler, Bubba",2025,Pirates,R,2.046550664,0.0755555555555555,0.2666666666666666,0.0533333333333333,-5.868285217503328,0.7422222222222222,0.2044444444444444,7.924036922225389,0.0977777777777777,10.238607262536371,0.5866666666666667,0.3155555555555555,-10.0932138110932,225,0.3066666666666666,0.8933333333333333,0.0888888888888888,-3.9299400614764,0.5777777777777777,0.3333333333333333,3.166400559025161,2025
670059,"Holderman, Colin",2025,Pirates,R,3.771509316,0.0585585585585585,0.2252252252252252,0.0990990990990991,-6.981664511553898,0.5675675675675675,0.3333333333333333,9.748813091863044,0.2477477477477477,12.626487458360266,0.6306306306306306,0.1216216216216216,-9.713826348254072,222,0.2657657657657657,0.8873873873873874,0.1846846846846846,-3.664335871777077,0.6711711711711712,0.1441441441441441,2.51729928734632,2025
805123,"Blubaugh, AJ",2025,Astros,R,3.726627844,0.0765765765765765,0.1891891891891892,0.0675675675675675,-6.177763182230704,0.6351351351351351,0.2972972972972973,10.181207870519064,0.2657657657657657,12.984645856046336,0.5495495495495496,0.1846846846846846,-10.427533570070628,222,0.3108108108108108,0.8873873873873874,0.09009009009009,-3.992977409904649,0.5630630630630631,0.3468468468468468,2.982136467798272,2025
605463,"Scott, Tayler",2025,zMLB,R,2.586112439,0.0678733031674208,0.2443438914027149,0.0769230769230769,-6.413659429868292,0.6561085972850679,0.2669683257918552,8.179459798667201,0.2217194570135746,11.448001866344397,0.6153846153846154,0.1628959276018099,-10.029608834299474,221,0.2760180995475113,0.8959276018099548,0.1447963800904977,-3.445080512478853,0.6153846153846154,0.2398190045248869,2.956364572777432,2025
687922,"Lucas, Easton",2025,Blue Jays,L,1.796818293,0.085972850678733,0.2262443438914027,0.0678733031674208,-6.034419387467798,0.7239819004524887,0.2081447963800905,8.09820908834313,0.1221719457013574,11.7040099233313,0.6425339366515838,0.2352941176470588,-10.932278670959535,221,0.2398190045248869,0.8778280542986425,0.0723981900452488,-3.228233803210504,0.5927601809954751,0.334841628959276,3.147565853690827,2025
680694,"Bradish, Kyle",2025,Orioles,R,3.038836023,0.0954545454545454,0.2045454545454545,0.0863636363636363,-6.5724676757203895,0.6181818181818182,0.2954545454545454,9.423805304516412,0.1909090909090909,12.204701119883582,0.6818181818181818,0.1272727272727272,-11.820475706291298,220,0.3545454545454545,0.9045454545454544,0.1681818181818181,-3.275227004308769,0.6045454545454545,0.2272727272727272,3.174220066453473,2025
663455,"Pilkington, Konnor",2025,Nationals,L,3.705328598,0.1318181818181818,0.2,0.0727272727272727,-5.497673111792714,0.5909090909090909,0.3363636363636363,9.054503147983716,0.1863636363636363,13.870195696000772,0.6363636363636364,0.1772727272727272,-10.06047537993148,220,0.2909090909090909,0.8863636363636364,0.1227272727272727,-3.961853467156081,0.5636363636363636,0.3136363636363636,3.163987297785217,2025
669062,"Miller, Erik",2025,Giants,L,3.974275058,0.1004566210045662,0.2191780821917808,0.1187214611872146,-7.099741535395663,0.6255707762557078,0.2557077625570776,10.128016231173667,0.2328767123287671,13.216057149269444,0.5662100456621004,0.2009132420091324,-9.648128758316044,219,0.3150684931506849,0.8995433789954338,0.1735159817351598,-3.939848075527886,0.6621004566210046,0.1643835616438356,2.84342512048221,2025
656464,"Ginkel, Kevin",2025,Diamondbacks,R,4.616023426,0.0825688073394495,0.2064220183486238,0.055045871559633,-5.603057390684596,0.6743119266055045,0.2706422018348624,9.39254083831934,0.2431192660550458,12.876504834559388,0.555045871559633,0.2018348623853211,-9.336746430062568,218,0.2935779816513761,0.8669724770642202,0.1743119266055046,-5.013974843897636,0.5504587155963303,0.2752293577981651,2.9666988021966807,2025
701656,"Henderson, Logan",2025,Brewers,R,2.312948185,0.073394495412844,0.1559633027522936,0.0963302752293578,-5.945734451900074,0.6146788990825688,0.2889908256880734,7.787078106624998,0.1926605504587156,13.42387004913845,0.6192660550458715,0.1880733944954128,-10.644376573833554,218,0.2844036697247706,0.9174311926605504,0.055045871559633,-3.18970079567827,0.5642201834862385,0.3807339449541284,3.232078323036645,2025
685326,"Brown, McCade",2025,Rockies,R,2.727195714,0.0552995391705069,0.2119815668202765,0.0506912442396313,-5.262583581362895,0.7235023041474654,0.2258064516129032,9.17482357747704,0.2396313364055299,12.548795922157602,0.576036866359447,0.184331797235023,-11.130321763397518,217,0.2304147465437788,0.9216589861751152,0.0875576036866359,-2.719983509200422,0.6221198156682027,0.2903225806451613,2.9198045094755463,2025
605154,"Brebbia, John",2025,zMLB,R,2.189347042,0.0521327014218009,0.2085308056872037,0.0521327014218009,-5.100801543295631,0.7298578199052133,0.2180094786729857,7.642998085945239,0.1895734597156398,12.135567747456056,0.6635071090047393,0.1469194312796208,-9.294631801745451,211,0.1990521327014218,0.9383886255924172,0.0805687203791469,-2.995254793679884,0.6350710900473934,0.2843601895734597,2.8513018959677314,2025
664141,"Brubaker, JT",2025,zMLB,R,4.84211394,0.0758293838862559,0.2464454976303317,0.0521327014218009,-6.587413940647414,0.5829383886255924,0.3649289099526066,9.170858765624228,0.2938388625592417,13.099387183064447,0.6635071090047393,0.0426540284360189,-10.470047478309708,211,0.2417061611374407,0.943127962085308,0.1516587677725118,-3.6854603877905134,0.7109004739336493,0.1374407582938388,2.7498486927662293,2025
621237,"Alvarado, José",2025,Phillies,L,2.737199667,0.0571428571428571,0.219047619047619,0.1047619047619047,-5.914450608460465,0.6285714285714286,0.2666666666666666,7.435088936200271,0.0761904761904762,11.721862959967115,0.7238095238095238,0.2,-10.035329913330616,210,0.2476190476190476,0.9047619047619048,0.1857142857142857,-4.241448666340395,0.5714285714285714,0.2428571428571428,2.848320864978727,2025
667297,"Nance, Tommy",2025,Blue Jays,R,5.080799595,0.0625,0.25,0.0817307692307692,-7.999294096706071,0.5673076923076923,0.3509615384615384,8.290124863055192,0.1490384615384615,11.047658222844044,0.7355769230769231,0.1153846153846153,-12.153955437182148,208,0.2548076923076923,0.8509615384615384,0.235576923076923,-5.229895111027965,0.6442307692307693,0.1201923076923077,2.623671821048166,2025
690925,"Beeter, Clayton",2025,zMLB,R,5.860815928,0.1400966183574879,0.1642512077294686,0.0966183574879227,-5.918601260280672,0.6473429951690821,0.2560386473429952,9.67381412464064,0.178743961352657,13.2277090665828,0.6328502415458938,0.1884057971014492,-10.46166587324014,207,0.3333333333333333,0.8115942028985508,0.2318840579710145,-6.296496113851464,0.4927536231884058,0.2753623188405797,2.905959486577194,2025
655889,"Rodríguez, Manuel",2025,Rays,R,3.016327737,0.0434782608695652,0.217391304347826,0.1159420289855072,-6.077208735393406,0.6666666666666666,0.217391304347826,8.382605639516452,0.1352657004830917,10.82198989293078,0.6908212560386473,0.1739130434782608,-9.9822879190783,207,0.2705314009661835,0.8888888888888888,0.1497584541062802,-3.510573013973929,0.6376811594202898,0.2125603864734299,3.0479551628520243,2025
687396,"Headrick, Brent",2025,Yankees,L,5.061665749,0.1116504854368932,0.1359223300970873,0.0388349514563106,-5.341097869807456,0.5970873786407767,0.3640776699029126,10.204987904481138,0.2718446601941747,16.166318330941433,0.587378640776699,0.1407766990291262,-10.286531093945166,206,0.3398058252427184,0.883495145631068,0.1262135922330097,-4.243890394779989,0.5145631067961165,0.3592233009708738,3.2198085819497644,2025
518489,"Brasier, Ryan",2025,Cubs,R,3.145117062,0.0443349753694581,0.270935960591133,0.1083743842364532,-6.105718728673224,0.7142857142857143,0.1773399014778325,8.139963039736664,0.2364532019704433,11.705032339093044,0.6748768472906403,0.0886699507389162,-9.323270986358017,203,0.2118226600985221,0.9261083743842364,0.1428571428571428,-3.9907399626903968,0.6699507389162561,0.1871921182266009,2.8828601548999586,2025
642121,"Sulser, Cole",2025,Rays,R,2.454572433,0.0935960591133004,0.2216748768472906,0.0591133004926108,-6.203180162810882,0.6896551724137931,0.2512315270935961,7.807246658048872,0.1773399014778325,11.875481275114716,0.6748768472906403,0.1477832512315271,-10.07637374623531,203,0.2906403940886699,0.9064039408866996,0.1330049261083744,-3.634843105499861,0.5960591133004927,0.270935960591133,3.034351693903873,2025
608334,"Fulmer, Carson",2025,Angels,R,2.765549712,0.0746268656716417,0.2437810945273631,0.0597014925373134,-6.32282044262261,0.6169154228855721,0.3233830845771144,8.750725745522335,0.2238805970149253,10.481140338273708,0.6567164179104478,0.1194029850746268,-11.109807987458677,201,0.263681592039801,0.9203980099502488,0.1194029850746268,-2.87137257631205,0.6865671641791045,0.1940298507462686,3.1205963314492435,2025
669308,"Reynolds, Sean",2025,Padres,R,2.357691624,0.06,0.225,0.07,-5.251881380426206,0.745,0.185,8.149948373365733,0.13,11.032891200528644,0.7,0.17,-9.610682936881531,200,0.23,0.865,0.075,-3.796462468176444,0.545,0.38,2.900333543023479,2025
687606,"Schultz, Paxton",2025,Blue Jays,R,1.980645944,0.0603015075376884,0.2412060301507537,0.0703517587939698,-6.128263530783119,0.7889447236180904,0.1407035175879397,8.001853592655175,0.0753768844221105,11.216619133683048,0.6482412060301508,0.2763819095477386,-10.82426535885068,199,0.2763819095477386,0.864321608040201,0.0653266331658291,-4.191032773943815,0.5527638190954773,0.3819095477386934,3.100703735554996,2025
656186,"Altavilla, Dan",2025,White Sox,R,1.300915741,0.0303030303030303,0.1969696969696969,0.1313131313131313,-6.253024978388838,0.5858585858585859,0.2828282828282828,6.835851632948621,0.0959595959595959,9.94435215039931,0.7525252525252525,0.1515151515151515,-10.036478280582395,198,0.2323232323232323,0.9090909090909092,0.1464646464646464,-2.676900244497405,0.601010101010101,0.2525252525252525,2.791292715277057,2025
687362,"Gillispie, Connor",2025,Marlins,R,2.875496779,0.041025641025641,0.2923076923076923,0.082051282051282,-7.388661295934315,0.7076923076923077,0.2102564102564102,7.345049044131922,0.2,10.582459522876812,0.6974358974358974,0.1025641025641025,-11.182558285778684,195,0.1948717948717948,0.9076923076923076,0.1333333333333333,-4.12875680894304,0.6923076923076923,0.1743589743589743,2.850139205352345,2025
685314,"Saalfrank, Andrew",2025,Diamondbacks,L,3.668356618,0.0773195876288659,0.2628865979381443,0.0721649484536082,-6.151972660512548,0.6701030927835051,0.2577319587628865,8.011671286214641,0.3195876288659793,11.59597767418026,0.6134020618556701,0.0670103092783505,-8.602671926319337,194,0.2731958762886597,0.9278350515463918,0.2422680412371134,-4.07931028452731,0.6649484536082474,0.0927835051546391,2.642389746457789,2025
686930,"Barnett, Mason",2025,Athletics,R,2.880722587,0.0673575129533678,0.233160621761658,0.1088082901554404,-5.359829151690612,0.6994818652849741,0.1917098445595854,8.794068974029114,0.1502590673575129,12.30761429525371,0.689119170984456,0.160621761658031,-10.510477816026292,193,0.2176165803108808,0.9015544041450776,0.0932642487046632,-3.7814967644847406,0.6010362694300518,0.3056994818652849,3.230428002459905,2025
680735,"Cox, Austin",2025,Braves,L,3.027192926,0.0673575129533678,0.2642487046632124,0.0518134715025906,-5.704825876108432,0.7046632124352331,0.2435233160621761,7.5878829883543215,0.238341968911917,11.036886968540363,0.6321243523316062,0.1295336787564766,-10.452925886842095,193,0.1917098445595854,0.911917098445596,0.1295336787564766,-3.576576087095603,0.7150259067357513,0.155440414507772,2.9358116817046795,2025
621199,"Bowman, Matt",2025,Orioles,R,1.850142177,0.0518134715025906,0.2538860103626943,0.1243523316062176,-7.621944194383465,0.5854922279792746,0.2901554404145077,7.506318216547229,0.1502590673575129,11.6314313027997,0.6217616580310881,0.2279792746113989,-10.937588087365429,193,0.1813471502590673,0.8860103626943006,0.0673575129533678,-2.979482625888365,0.7046632124352331,0.2279792746113989,2.895331732984568,2025
815083,"Farris, Mitch",2025,Angels,L,3.341070548,0.0989583333333333,0.21875,0.0833333333333333,-5.590873469458723,0.6510416666666666,0.265625,9.475584196186055,0.28125,13.845048806322644,0.5416666666666666,0.1770833333333333,-10.484056953986908,192,0.2916666666666667,0.8645833333333334,0.109375,-4.029506275481698,0.5989583333333334,0.2916666666666667,3.1985171312863403,2025
605347,"López, Jorge",2025,Nationals,R,3.049551229,0.0473684210526315,0.2842105263157894,0.1526315789473684,-6.309651244229482,0.6842105263157895,0.1631578947368421,8.4373804832377,0.1789473684210526,10.5812615718534,0.6631578947368421,0.1578947368421052,-11.149203509992448,190,0.1736842105263158,0.9052631578947368,0.1578947368421052,-3.695899708981752,0.7157894736842105,0.1263157894736842,2.986123561685163,2025
669330,"Wells, Tyler",2025,Orioles,R,2.404385742,0.0531914893617021,0.175531914893617,0.0425531914893617,-5.249313080401443,0.7180851063829787,0.2393617021276596,8.275218016358014,0.2606382978723404,11.442263713766522,0.5957446808510638,0.1436170212765957,-10.856083651075636,188,0.2393617021276596,0.9308510638297872,0.0372340425531914,-3.386271868117095,0.6170212765957447,0.3457446808510638,2.8317855961861897,2025
663795,"Hagenman, Justin",2025,Mets,R,3.061639038,0.0695187165775401,0.2299465240641711,0.0748663101604278,-6.456272712269147,0.6149732620320856,0.3101604278074866,7.944545724570855,0.2780748663101604,11.35674546413702,0.6417112299465241,0.0802139037433155,-10.825897415037728,187,0.2620320855614973,0.9358288770053476,0.1229946524064171,-3.235283668704837,0.6737967914438503,0.2032085561497326,3.011204625668265,2025
672335,"Pérez, Cionel",2025,Orioles,L,2.549363419,0.043010752688172,0.1612903225806451,0.1236559139784946,-6.642123171641828,0.6290322580645161,0.2473118279569892,8.389718256377803,0.1451612903225806,11.3767657822457,0.6344086021505376,0.2204301075268817,-9.70718055655599,186,0.2580645161290322,0.8870967741935484,0.1774193548387097,-3.749040928189012,0.6129032258064516,0.2096774193548387,2.737682164228974,2025
669704,"Strowd, Kade",2025,Orioles,R,2.177925011,0.075268817204301,0.1774193548387097,0.086021505376344,-6.450592853543973,0.6075268817204301,0.3064516129032258,8.427680017593016,0.1021505376344086,10.349929457306704,0.6182795698924731,0.2795698924731182,-11.009449764272508,186,0.2634408602150537,0.8279569892473119,0.1344086021505376,-3.300716012121737,0.6451612903225806,0.2204301075268817,3.146995893392928,2025
606303,"Payamps, Joel",2025,zMLB,R,3.002945801,0.0378378378378378,0.2648648648648649,0.1243243243243243,-5.935708747338609,0.6702702702702703,0.2054054054054054,8.212601489582777,0.1405405405405405,12.105053281036296,0.7135135135135136,0.1459459459459459,-12.213961715770877,185,0.254054054054054,0.8702702702702703,0.1351351351351351,-3.6709583555018734,0.6162162162162163,0.2486486486486486,3.0917926684793,2025
679775,"Backhus, Kyle",2025,Diamondbacks,L,3.679841254,0.0710382513661202,0.2240437158469945,0.087431693989071,-6.0905174210615485,0.6229508196721312,0.2896174863387978,10.296607716348063,0.2459016393442623,15.801569214112687,0.5300546448087432,0.2240437158469945,-11.483293920075688,183,0.2240437158469945,0.8579234972677595,0.0655737704918032,-2.746946118651586,0.7158469945355191,0.2185792349726776,2.74631295785309,2025
664139,"Gibaut, Ian",2025,Reds,R,1.25587981,0.0329670329670329,0.3131868131868132,0.1043956043956044,-5.126695853566346,0.7472527472527473,0.1483516483516483,6.576442211760568,0.0549450549450549,9.679249213030069,0.7637362637362637,0.1813186813186813,-10.097656711147753,182,0.1703296703296703,0.9010989010989012,0.0329670329670329,-3.7725860049447615,0.6538461538461539,0.3131868131868132,3.029737669591565,2025
688297,"Roycroft, Chris",2025,Cardinals,R,1.247647895,0.0441988950276243,0.2320441988950276,0.1325966850828729,-5.90650332961116,0.6574585635359116,0.2099447513812154,7.252038308513648,0.0331491712707182,9.91837581890644,0.6961325966850829,0.2707182320441988,-10.546605391658352,181,0.2209944751381215,0.8784530386740331,0.1049723756906077,-3.1992967494581195,0.6464088397790055,0.2486187845303867,3.120459792936956,2025
608717,"Stratton, Chris",2025,zMLB,R,2.492255394,0.0718232044198895,0.2154696132596685,0.0939226519337016,-5.795897493301123,0.6353591160220995,0.2707182320441988,8.233196970410324,0.2375690607734806,12.049735316759438,0.6243093922651933,0.1381215469613259,-10.6032453274104,181,0.2762430939226519,0.9171270718232044,0.1602209944751381,-3.268928971373376,0.6408839779005525,0.1988950276243093,3.019920443894571,2025
678821,"Peralta, Luis",2025,Rockies,L,3.682105138,0.0726256983240223,0.2569832402234637,0.0446927374301676,-5.905734367919269,0.7206703910614525,0.2346368715083799,9.990968095789468,0.1284916201117318,14.873783522004649,0.659217877094972,0.2122905027932961,-10.86360995629034,179,0.2122905027932961,0.8603351955307262,0.0782122905027933,-3.5025427459763754,0.6033519553072626,0.3184357541899441,2.8437586729859263,2025
687931,"Whisenhunt, Carson",2025,Giants,L,4.471284671,0.1452513966480447,0.2793296089385474,0.0614525139664804,-5.5533960832549,0.6424581005586593,0.2960893854748603,9.87691164224561,0.2681564245810056,14.716414075195123,0.5754189944134078,0.1564245810055866,-10.750034457832262,179,0.2402234636871508,0.8994413407821229,0.1731843575418994,-3.4626407575870606,0.5810055865921788,0.2458100558659217,2.794708987397365,2025
676571,"Poulin, PJ",2025,Nationals,L,3.404100167,0.0898876404494382,0.196629213483146,0.0674157303370786,-5.923928448051166,0.5786516853932584,0.3539325842696629,9.0271140675632,0.3033707865168539,14.092626970220692,0.5168539325842697,0.1797752808988764,-11.266001000135985,178,0.2696629213483146,0.8707865168539326,0.1404494382022472,-3.362267364626586,0.6348314606741573,0.2247191011235955,2.6894001022242424,2025
701552,"Granillo, Andre",2025,Cardinals,R,4.075200307,0.1242937853107344,0.2485875706214689,0.0338983050847457,-5.345510181594286,0.6271186440677966,0.3389830508474576,10.372261696990394,0.3785310734463277,13.45670948572361,0.5480225988700564,0.0734463276836158,-10.408968547260224,177,0.3163841807909605,0.8926553672316384,0.1299435028248587,-3.590479152700302,0.6497175141242938,0.2203389830508474,2.9063164259539533,2025
676702,"Stratton, Hunter",2025,zMLB,R,3.462578391,0.0738636363636363,0.2443181818181818,0.096590909090909,-5.911159196088264,0.6761363636363636,0.2272727272727272,7.593945481076624,0.125,13.118929400807689,0.7272727272727273,0.1477272727272727,-10.06154699778158,176,0.2045454545454545,0.9204545454545454,0.1022727272727272,-4.270494049728852,0.6477272727272727,0.25,2.9561000826054427,2025
689225,"Brieske, Beau",2025,Tigers,R,2.862727659,0.0628571428571428,0.2857142857142857,0.0742857142857142,-6.207471178254385,0.7142857142857143,0.2114285714285714,7.9090938806427,0.1028571428571428,11.32248948576089,0.8057142857142857,0.0914285714285714,-10.08685392268462,175,0.2171428571428571,0.9542857142857144,0.1142857142857142,-3.754712694279272,0.6342857142857142,0.2514285714285714,3.082708533506872,2025
641540,"Dunning, Dane",2025,zMLB,R,2.149631885,0.0809248554913294,0.2196531791907514,0.1098265895953757,-6.5377137481880565,0.6242774566473989,0.2658959537572254,7.634992887986648,0.1849710982658959,11.592219524619578,0.6936416184971098,0.1213872832369942,-10.703342128527437,173,0.2543352601156069,0.9364161849710982,0.1098265895953757,-3.133221551656587,0.5780346820809249,0.3121387283236994,3.137937353164531,2025
656848,"Petersen, Michael",2025,zMLB,R,1.685488634,0.0465116279069767,0.1860465116279069,0.0813953488372093,-5.567549681188879,0.7209302325581395,0.1976744186046511,6.8872433856985324,0.1104651162790697,11.00012305245993,0.7093023255813954,0.1802325581395348,-9.991658949784355,172,0.2441860465116279,0.9186046511627908,0.063953488372093,-3.898479310501711,0.5348837209302325,0.4011627906976744,2.938306212759044,2025
543859,"Tonkin, Michael",2025,Twins,R,2.029844031,0.0710059171597633,0.2899408284023668,0.059171597633136,-5.420637866391469,0.757396449704142,0.1834319526627219,8.265719104489419,0.165680473372781,12.335414761130943,0.7159763313609467,0.1183431952662721,-11.233360556858166,169,0.2130177514792899,0.9349112426035504,0.0887573964497041,-2.6012024311813744,0.6272189349112426,0.2840236686390532,2.9622114558781525,2025
642239,"Zastryzny, Rob",2025,Brewers,L,3.659453121,0.119047619047619,0.1964285714285714,0.0416666666666666,-5.580187898143959,0.5833333333333334,0.375,10.00933714804449,0.2976190476190476,13.10971044929146,0.5773809523809523,0.125,-10.485993108258056,168,0.3214285714285714,0.8869047619047619,0.125,-3.1864347197434166,0.6369047619047619,0.238095238095238,3.104103554701032,2025
680880,"Holman, Grant",2025,Athletics,R,3.595705285,0.0958083832335329,0.2455089820359281,0.0538922155688622,-5.855495374322279,0.6107784431137725,0.3353293413173652,8.188298643432343,0.2395209580838323,11.783024979363264,0.6167664670658682,0.1437125748502994,-9.660561653032314,167,0.2874251497005988,0.8922155688622755,0.2035928143712574,-3.7863218182589535,0.592814371257485,0.2035928143712574,2.9210336859664623,2025
682825,"Mey, Luis",2025,Reds,R,3.404631864,0.0792682926829268,0.1585365853658536,0.1341463414634146,-6.619847737327826,0.5304878048780488,0.3353658536585366,9.109807907575265,0.1646341463414634,14.97326826802284,0.6951219512195121,0.1402439024390244,-9.62756008586736,164,0.2560975609756097,0.8780487804878049,0.1280487804878048,-3.3836976331497115,0.6463414634146342,0.2256097560975609,2.9511484323114243,2025
682274,"Hiraldo, Yaramil",2025,Orioles,R,4.486156012,0.1890243902439024,0.1707317073170731,0.073170731707317,-5.363843911075283,0.5060975609756098,0.4207317073170731,9.074203020895734,0.3963414634146341,13.285266383441767,0.5426829268292683,0.0609756097560975,-10.227579784547045,164,0.3719512195121951,0.9207317073170732,0.2439024390243902,-4.191976470483232,0.5609756097560976,0.1951219512195122,2.822052075876468,2025
664747,"Díaz, Alexis",2025,zMLB,R,1.761760828,0.0245398773006134,0.2085889570552147,0.0797546012269938,-5.9880025345420895,0.7116564417177914,0.2085889570552147,7.483808362400194,0.2024539877300613,10.568224425833977,0.7300613496932515,0.0674846625766871,-10.951354497027198,163,0.2576687116564417,0.9386503067484664,0.0858895705521472,-3.691049657799174,0.6503067484662577,0.263803680981595,2.866186814641245,2025
686826,"Jarvis, Bryce",2025,Diamondbacks,R,2.338903096,0.0185185185185185,0.3148148148148148,0.0925925925925925,-5.887542641905309,0.691358024691358,0.2160493827160493,8.58975261063841,0.2037037037037037,12.81998987535153,0.6481481481481481,0.1481481481481481,-10.3343376611876,162,0.2098765432098765,0.925925925925926,0.0555555555555555,-3.9170817194806338,0.7345679012345679,0.2098765432098765,2.6936267129002784,2025
548384,"Raley, Brooks",2025,Mets,L,3.442488698,0.031055900621118,0.2670807453416149,0.0993788819875776,-6.698087586485705,0.6086956521739131,0.2919254658385093,8.849644630773343,0.2111801242236025,12.621812155192393,0.6583850931677019,0.1304347826086956,-11.516669059183874,161,0.2111801242236025,0.8944099378881988,0.0434782608695652,-3.609547287195309,0.6832298136645962,0.2732919254658385,2.879800494879109,2025
801139,"Tolle, Payton",2025,Red Sox,L,2.165952555,0.0496894409937888,0.1677018633540372,0.1614906832298136,-5.784991878762464,0.7329192546583851,0.1055900621118012,8.044726570599959,0.1055900621118012,11.442745398079532,0.7142857142857143,0.1801242236024844,-9.348365865319169,161,0.2981366459627329,0.937888198757764,0.1366459627329192,-4.052685709960998,0.5093167701863354,0.3540372670807453,3.167110522056957,2025
519326,"Strickland, Hunter",2025,Angels,R,4.01394768,0.0496894409937888,0.2298136645962732,0.0496894409937888,-5.2925547823591925,0.6149068322981367,0.3354037267080745,8.828795827873584,0.2795031055900621,12.922928781912049,0.6024844720496895,0.1180124223602484,-9.199554944458734,161,0.2236024844720497,0.8757763975155279,0.1118012422360248,-3.4036107793046444,0.6894409937888198,0.1987577639751552,2.8776833893013456,2025
804636,"Tong, Jonah",2025,Mets,R,3.169620095,0.093167701863354,0.2049689440993788,0.0807453416149068,-6.038173583942665,0.6894409937888198,0.2298136645962732,9.041884865878888,0.2546583850931677,12.383952512454355,0.5590062111801242,0.186335403726708,-10.0686504882112,161,0.2236024844720497,0.8819875776397516,0.124223602484472,-3.200411100279328,0.6335403726708074,0.2422360248447205,3.339816491493003,2025
813349,"Early, Connelly",2025,Red Sox,L,2.704481661,0.09375,0.175,0.0875,-5.282581631170968,0.6,0.3125,8.031352494160162,0.30625,11.90583953986886,0.575,0.11875,-10.349028345238343,160,0.3375,0.93125,0.2125,-3.516927843501119,0.59375,0.19375,2.96834001195971,2025
674841,"Alvarez, Andrew",2025,Nationals,L,2.547052577,0.0512820512820512,0.2692307692307692,0.1282051282051282,-5.235030828447895,0.6666666666666666,0.2051282051282051,6.662956248974004,0.2115384615384615,11.55188486246698,0.6538461538461539,0.1346153846153846,-10.79566190057306,156,0.2307692307692307,0.9230769230769232,0.1987179487179487,-3.617963639222343,0.6217948717948718,0.1794871794871795,3.052348021263964,2025
554340,"García, Yimi",2025,Blue Jays,R,2.333223902,0.0580645161290322,0.2129032258064516,0.0903225806451612,-5.600670817060321,0.6516129032258065,0.2580645161290322,8.186477950595366,0.1161290322580645,12.711778931964425,0.7032258064516129,0.1806451612903225,-10.765165585497034,155,0.3225806451612903,0.9161290322580644,0.1161290322580645,-3.4075567883689284,0.5161290322580645,0.3677419354838709,3.2392027226480526,2025
683175,"Phillips, Connor",2025,Reds,R,5.530004376,0.1419354838709677,0.2387096774193548,0.0903225806451612,-5.250799036335269,0.5612903225806452,0.3483870967741935,11.066519961602944,0.2838709677419355,14.201707385721564,0.5870967741935483,0.1290322580645161,-10.06772725063695,155,0.3741935483870968,0.8838709677419355,0.2,-5.037009650648501,0.5612903225806452,0.2387096774193548,3.134023391934573,2025
682790,"González, Wikelman",2025,White Sox,R,2.552685226,0.086092715231788,0.1788079470198675,0.0463576158940397,-4.915672486295569,0.7086092715231788,0.2450331125827814,8.732809871296102,0.2251655629139073,12.167210237405794,0.6423841059602649,0.1324503311258278,-9.304080804433063,151,0.3245033112582781,0.933774834437086,0.0927152317880794,-3.2669791930700827,0.6026490066225165,0.304635761589404,3.1791892297751017,2025
696147,"Bachman, Sam",2025,Angels,R,4.383243937,0.0884353741496598,0.272108843537415,0.0884353741496598,-6.103842957090276,0.6122448979591837,0.2993197278911564,9.499766401841,0.1904761904761904,11.816369817998812,0.6326530612244898,0.1768707482993197,-10.589582324038204,147,0.272108843537415,0.8503401360544217,0.1972789115646258,-3.73255732504262,0.6394557823129252,0.1632653061224489,2.897202350039468,2025
614179,"Ruiz, José",2025,zMLB,R,3.042394684,0.0612244897959183,0.238095238095238,0.1020408163265306,-5.234215460299423,0.6802721088435374,0.2176870748299319,7.6448916791629955,0.1428571428571428,10.6828357825872,0.7278911564625851,0.1292517006802721,-10.530188982991556,147,0.2789115646258503,0.8639455782312925,0.1564625850340136,-4.605321427283492,0.6190476190476191,0.2244897959183673,2.975797380676024,2025
657240,"Merryweather, Julian",2025,Cubs,R,2.893787193,0.0890410958904109,0.2945205479452055,0.0547945205479452,-5.541597290456079,0.7465753424657534,0.1986301369863013,7.014602117614603,0.1917808219178082,11.145546136133042,0.6712328767123288,0.136986301369863,-10.234725025907448,146,0.2054794520547945,0.8698630136986302,0.1301369863013698,-4.512853022811983,0.6232876712328768,0.2465753424657534,3.058877243565192,2025
623149,"Sewald, Paul",2025,zMLB,R,2.744230812,0.0620689655172413,0.2206896551724138,0.1034482758620689,-6.553708104633064,0.7103448275862069,0.1862068965517241,8.830167096969095,0.1586206896551724,13.996273427738522,0.6551724137931034,0.1862068965517241,-9.94694111550322,145,0.2689655172413793,0.8689655172413793,0.0551724137931034,-4.218742573649202,0.5379310344827586,0.4068965517241379,2.780312039978804,2025
694363,"Shuster, Jared",2025,White Sox,L,3.556530766,0.096551724137931,0.2,0.0896551724137931,-5.443603528759199,0.5793103448275863,0.3310344827586207,8.330066311154996,0.2827586206896552,12.020659333859449,0.6137931034482759,0.1034482758620689,-10.0835530706882,145,0.2482758620689655,0.9448275862068966,0.1310344827586207,-3.434650978307443,0.6413793103448275,0.2275862068965517,2.6923887917754263,2025
656686,"Martin, Corbin",2025,Orioles,R,3.398268431,0.0555555555555555,0.2847222222222222,0.1041666666666666,-6.454500720205704,0.7152777777777778,0.1805555555555555,8.0050242834594,0.0833333333333333,11.51961505436709,0.7986111111111112,0.1180555555555555,-10.013969149900127,144,0.3194444444444444,0.9375,0.1388888888888889,-5.445654131940097,0.5833333333333334,0.2777777777777778,3.2930326659498297,2025
671109,"Eder, Jake",2025,Angels,L,1.888217254,0.0699300699300699,0.2307692307692307,0.0979020979020979,-5.283391151100503,0.6433566433566433,0.2587412587412587,7.999821678598275,0.1958041958041958,11.438948794120384,0.6153846153846154,0.1888111888111888,-11.021203389544942,143,0.2657342657342657,0.93006993006993,0.0909090909090909,-3.23079917316885,0.6433566433566433,0.2657342657342657,2.8079505511765523,2025
683618,"Henriquez, Edgardo",2025,Dodgers,R,2.794375381,0.0633802816901408,0.2183098591549295,0.1338028169014084,-5.698089357713568,0.647887323943662,0.2183098591549295,9.884824617914887,0.1619718309859155,12.22096365854333,0.704225352112676,0.1338028169014084,-10.265215079001416,142,0.2957746478873239,0.943661971830986,0.1901408450704225,-3.196036454599535,0.5774647887323944,0.2323943661971831,3.1109374753497034,2025
666711,"Peguero, Joel",2025,Giants,R,4.266103204,0.0352112676056338,0.2746478873239437,0.0915492957746478,-5.585011555150393,0.6830985915492958,0.2253521126760563,9.137714134037356,0.0845070422535211,10.822505480235677,0.7816901408450704,0.1338028169014084,-9.245545823641502,142,0.2323943661971831,0.908450704225352,0.1056338028169014,-4.6260604809487536,0.7183098591549296,0.176056338028169,2.847767254594559,2025
621139,"Kriske, Brooks",2025,zMLB,R,6.152490146,0.1276595744680851,0.1914893617021276,0.0354609929078014,-5.441389636259454,0.6453900709219859,0.3191489361702128,10.406444726624905,0.3687943262411347,13.391722932024289,0.5319148936170213,0.0992907801418439,-10.009303922000594,141,0.2411347517730496,0.9148936170212766,0.2198581560283688,-3.819677872485888,0.6382978723404256,0.1418439716312056,3.0245338091181457,2025
660730,"Rodríguez, Elvin",2025,zMLB,R,2.757829467,0.0212765957446808,0.2907801418439716,0.0851063829787234,-6.37113803542695,0.7801418439716312,0.1347517730496454,8.902575056755458,0.2056737588652482,11.693129739970445,0.6666666666666666,0.1276595744680851,-10.300736900834698,141,0.226950354609929,0.8794326241134752,0.0992907801418439,-4.3617100666982,0.6099290780141844,0.2907801418439716,3.113091601043158,2025
681168,"Curvelo, Luis",2025,Rangers,R,1.95254536,0.0571428571428571,0.2214285714285714,0.0857142857142857,-5.9552424360951495,0.6285714285714286,0.2857142857142857,7.856225818071916,0.2142857142857142,11.642240099299784,0.6571428571428571,0.1285714285714285,-9.569749584202446,140,0.2285714285714285,0.9285714285714286,0.0571428571428571,-2.4473547829111446,0.6571428571428571,0.2857142857142857,2.976112137920951,2025
668716,"Murdock, Noah",2025,Athletics,R,2.58184479,0.1,0.2214285714285714,0.15,-6.356198478794528,0.5214285714285715,0.3285714285714285,8.875770394764995,0.0857142857142857,11.568719656537446,0.5285714285714286,0.3857142857142857,-12.030956461101905,140,0.2642857142857143,0.8285714285714286,0.1142857142857142,-3.6931102887566594,0.6785714285714286,0.2071428571428571,3.1576242261341085,2025
518397,"Alexander, Scott",2025,zMLB,L,3.289778728,0.0507246376811594,0.2753623188405797,0.072463768115942,-5.996859060600091,0.6594202898550725,0.2681159420289855,7.918137355736555,0.1594202898550724,12.550103150783576,0.7246376811594203,0.1159420289855072,-8.971974582822607,138,0.1884057971014492,0.9782608695652174,0.181159420289855,-2.9802216619043795,0.7391304347826086,0.0797101449275362,2.774621395746276,2025
686642,"Ellard, Fraser",2025,White Sox,L,3.284765895,0.0808823529411764,0.1544117647058823,0.1176470588235294,-6.0469854869639885,0.6691176470588235,0.213235294117647,9.983245102457175,0.1323529411764706,12.832006349125995,0.6911764705882353,0.1764705882352941,-10.591690725361396,136,0.3455882352941176,0.8382352941176471,0.1691176470588235,-4.257645498090833,0.5,0.3308823529411764,3.0986755383834965,2025
657006,"Steele, Justin",2025,Cubs,L,3.11893852,0.0294117647058823,0.2279411764705882,0.1176470588235294,-4.946240085301672,0.6691176470588235,0.213235294117647,8.582340653883161,0.1985294117647058,12.320842925905245,0.625,0.1764705882352941,-11.515144972543606,136,0.1764705882352941,0.9411764705882352,0.0808823529411764,-4.339914161215805,0.7132352941176471,0.2058823529411764,2.928484275826391,2025
641835,"Mayza, Tim",2025,zMLB,L,1.694525899,0.0671641791044776,0.1940298507462686,0.126865671641791,-6.313520659023862,0.6119402985074627,0.2611940298507462,7.174796111312601,0.0746268656716417,9.999219882358966,0.7014925373134329,0.2238805970149253,-10.367406778503792,134,0.2611940298507462,0.917910447761194,0.1567164179104477,-3.1081689555173013,0.6194029850746269,0.2238805970149253,2.816200037014758,2025
687075,"Sproat, Brandon",2025,Mets,R,3.207135813,0.0373134328358208,0.2238805970149253,0.1492537313432835,-6.553273671545843,0.5895522388059702,0.2611940298507462,8.348569228476714,0.1716417910447761,11.90544944756969,0.6268656716417911,0.2014925373134328,-9.73882298498773,134,0.1567164179104477,0.9104477611940298,0.0970149253731343,-3.023135628520905,0.7388059701492538,0.1641791044776119,2.926336651288269,2025
681867,"Criswell, Cooper",2025,Red Sox,R,2.305837768,0.0458015267175572,0.2366412213740458,0.1526717557251908,-6.141790100445704,0.5267175572519084,0.3206106870229007,6.61713975124065,0.1221374045801526,12.44831952728502,0.7251908396946565,0.1526717557251908,-11.725067278048291,131,0.1526717557251908,0.8778625954198473,0.1450381679389313,-3.085487951825493,0.7099236641221374,0.1450381679389313,3.426512334578951,2025
608665,"Graveman, Kendall",2025,Diamondbacks,R,4.104388671,0.0839694656488549,0.2748091603053435,0.0839694656488549,-6.890454779269492,0.5801526717557252,0.3358778625954198,9.22745156464572,0.2213740458015267,12.959626686773587,0.6946564885496184,0.0839694656488549,-8.973507701539715,131,0.2977099236641221,0.916030534351145,0.183206106870229,-3.5335184346121387,0.6793893129770993,0.1374045801526717,2.8393574729000464,2025
543518,"McGough, Scott",2025,zMLB,R,3.451883658,0.1923076923076923,0.2923076923076923,0.0538461538461538,-5.1435801337385225,0.6076923076923076,0.3384615384615385,8.688135730658544,0.3153846153846154,12.625710054472478,0.5923076923076923,0.0923076923076923,-9.42787638361701,130,0.3230769230769231,0.9307692307692308,0.2461538461538461,-3.5307019026179733,0.6538461538461539,0.1,2.7026891444228767,2025
696270,"Johnson, Ryan",2025,Angels,R,4.217774274,0.0775193798449612,0.2170542635658914,0.0542635658914728,-6.927538623443207,0.5658914728682171,0.3798449612403101,10.69145362617658,0.2558139534883721,12.807450731442303,0.6434108527131783,0.1007751937984496,-11.4373065876798,129,0.2790697674418604,0.9069767441860463,0.0930232558139534,-3.57060902404975,0.7209302325581395,0.1860465116279069,3.031243545568688,2025
692285,"Guerrero, Luis",2025,Red Sox,R,3.440315339,0.0775193798449612,0.1860465116279069,0.0620155038759689,-5.394406446876988,0.6356589147286822,0.3023255813953488,8.66605001621754,0.2945736434108527,12.272569708601948,0.5736434108527132,0.1317829457364341,-9.715780038790909,129,0.2945736434108527,0.8914728682170543,0.1317829457364341,-4.089273925176356,0.6356589147286822,0.2325581395348837,2.836600334788004,2025
800311,"Fuentes, Didier",2025,Braves,R,3.306633242,0.0697674418604651,0.2558139534883721,0.0310077519379844,-6.217976520240389,0.7674418604651163,0.2015503875968992,9.215520492018207,0.2403100775193798,12.441434073497357,0.6356589147286822,0.1240310077519379,-10.099259352860251,129,0.2480620155038759,0.9224806201550388,0.1240310077519379,-4.127684131742208,0.5348837209302325,0.3410852713178294,3.086298517440974,2025
687849,"Kent, Zak",2025,Guardians,R,3.055928778,0.0390625,0.2421875,0.0625,-5.556258651363329,0.734375,0.203125,7.855453628425863,0.2265625,10.368759935575628,0.6796875,0.09375,-11.18454945138466,128,0.2265625,0.8984375,0.1640625,-3.740577747900141,0.6875,0.1484375,2.8903355047378163,2025
694361,"Klein, Will",2025,Dodgers,R,2.567818163,0.078125,0.21875,0.109375,-7.087765756142628,0.7421875,0.1484375,6.751951912983012,0.0234375,10.975037658932166,0.671875,0.3046875,-11.512328380758914,128,0.2578125,0.828125,0.1328125,-5.263967669815166,0.546875,0.3203125,3.1885991758729806,2025
682989,"Mederos, Victor",2025,Angels,R,2.147353546,0.0314960629921259,0.2834645669291338,0.0629921259842519,-5.2333919041322,0.6692913385826772,0.2677165354330709,8.808557601714636,0.1496062992125984,12.788917217775248,0.7086614173228346,0.1417322834645669,-10.782043966692363,127,0.2283464566929134,0.9133858267716536,0.0708661417322834,-3.1305543638419606,0.6220472440944882,0.3070866141732283,2.8217099554794207,2025
696136,"Wicks, Jordan",2025,Cubs,L,2.895803886,0.0393700787401574,0.2125984251968504,0.0944881889763779,-5.718276391033003,0.6141732283464567,0.2913385826771653,8.91358155197381,0.2125984251968504,11.925818358703156,0.5275590551181102,0.2598425196850393,-10.637413733281647,127,0.2440944881889764,0.8346456692913385,0.0866141732283464,-3.044145651449844,0.7086614173228346,0.2047244094488189,2.7547727253534293,2025
622786,"Tinoco, Jesus",2025,Marlins,R,4.810167865,0.0866141732283464,0.2598425196850393,0.0472440944881889,-6.325040753087632,0.5984251968503937,0.3543307086614173,8.15953486361172,0.2913385826771653,12.422725699117272,0.6456692913385826,0.0629921259842519,-10.390087748534224,127,0.1732283464566929,0.9448818897637796,0.1889763779527559,-3.2874452611692835,0.7086614173228346,0.1023622047244094,2.7987018178429466,2025
596271,"Lawrence, Casey",2025,zMLB,R,3.756427728,0.0708661417322834,0.2913385826771653,0.0708661417322834,-5.549433952783044,0.6614173228346457,0.2677165354330709,7.556430739469811,0.3464566929133858,11.948253667061692,0.6062992125984252,0.0472440944881889,-10.4203035368328,127,0.1417322834645669,0.952755905511811,0.1338582677165354,-3.0086304603031806,0.7795275590551181,0.0866141732283464,2.825530779129681,2025
694918,"Tidwell, Blade",2025,Mets,R,2.253806487,0.0476190476190476,0.2936507936507936,0.0793650793650793,-5.78395019033546,0.6825396825396826,0.238095238095238,8.494661865576923,0.1587301587301587,12.730317306355213,0.6904761904761905,0.1507936507936507,-9.836320326812771,126,0.2063492063492063,0.9126984126984128,0.0555555555555555,-2.800927365285033,0.6428571428571429,0.3015873015873015,3.059117328168285,2025
664294,"Moreta, Dauri",2025,Pirates,R,5.002194682,0.1428571428571428,0.2063492063492063,0.0476190476190476,-5.270811820112291,0.6507936507936508,0.3015873015873015,10.228592927910766,0.2857142857142857,14.712166067702368,0.5476190476190477,0.1666666666666666,-10.059449972416235,126,0.3015873015873015,0.8333333333333334,0.1428571428571428,-3.958405589243396,0.6111111111111112,0.246031746031746,3.1840902634739785,2025
660761,"Suarez, José",2025,Braves,L,2.859191822,0.1507936507936507,0.2619047619047619,0.0476190476190476,-6.062898942270577,0.6111111111111112,0.3412698412698413,8.149883769681557,0.2539682539682539,13.034349956852294,0.5476190476190477,0.1984126984126984,-9.7918708162603,126,0.3492063492063492,0.9682539682539684,0.1984126984126984,-3.7796621400748247,0.6111111111111112,0.1904761904761904,3.354752783594776,2025
691951,"Aldegheri, Sam",2025,Angels,L,4.139652135,0.056,0.24,0.08,-5.4722166356927575,0.664,0.256,8.015444175491726,0.248,13.016114531540769,0.64,0.112,-10.774021648507093,125,0.216,0.904,0.104,-5.4585304183905725,0.648,0.248,2.809797902847985,2025
681895,"Sisk, Evan",2025,zMLB,L,3.221961484,0.1048387096774193,0.1774193548387097,0.1370967741935483,-7.243128544380138,0.5645161290322581,0.2983870967741935,8.584228756048443,0.282258064516129,12.88532901506437,0.5241935483870968,0.1935483870967742,-10.215217457765878,124,0.3064516129032258,0.7903225806451613,0.1774193548387097,-3.716058949199861,0.5967741935483871,0.2258064516129032,3.0560739466398514,2025
680704,"Sandlin, Nick",2025,Blue Jays,R,5.04254582,0.1693548387096774,0.1370967741935483,0.032258064516129,-8.596918032436061,0.5161290322580645,0.4516129032258064,10.865063368527286,0.4838709677419355,15.166814646941884,0.4435483870967742,0.0725806451612903,-10.252082004659156,124,0.3709677419354839,0.8145161290322581,0.2419354838709677,-3.505618761741007,0.5806451612903226,0.1774193548387097,3.018407488259572,2025
663878,"Pearson, Nate",2025,Cubs,R,2.33212961,0.040650406504065,0.3170731707317073,0.065040650406504,-7.13305200392572,0.7560975609756098,0.1788617886178861,7.472306461008542,0.1056910569105691,9.04885389748407,0.7235772357723578,0.1707317073170731,-9.458093301821416,123,0.1869918699186991,0.9105691056910568,0.08130081300813,-4.446870954184043,0.6910569105691057,0.2276422764227642,2.898253881727495,2025
594580,"Moll, Sam",2025,Reds,L,5.250597793,0.0901639344262295,0.2131147540983606,0.1065573770491803,-4.882365365848866,0.5245901639344263,0.3688524590163934,11.964353230600835,0.360655737704918,15.21690754897205,0.5409836065573771,0.0983606557377049,-11.143510252475432,122,0.3442622950819672,0.819672131147541,0.180327868852459,-3.7740762504455008,0.6967213114754098,0.1229508196721311,2.702087573467397,2025
663804,"Kowar, Jackson",2025,Mariners,R,4.528321562,0.0737704918032786,0.2868852459016393,0.0901639344262295,-6.016100470787436,0.7131147540983607,0.1967213114754098,9.400183799855252,0.1557377049180328,12.436973016212692,0.6885245901639344,0.1557377049180328,-9.978072997929042,122,0.2377049180327868,0.9344262295081968,0.1475409836065573,-4.706417250110343,0.5737704918032787,0.2786885245901639,2.7634422929267046,2025
502085,"Robertson, David",2025,Phillies,R,4.042740025,0.081967213114754,0.2540983606557377,0.0983606557377049,-5.427693123936532,0.680327868852459,0.221311475409836,6.975765573081478,0.1639344262295081,11.294293247815066,0.6967213114754098,0.1393442622950819,-10.381827642092944,122,0.2377049180327868,0.9016393442622952,0.1967213114754098,-5.1008979897904405,0.6475409836065574,0.1557377049180328,3.0628764288676424,2025
623433,"Anderson, Nick",2025,Rockies,R,3.882359816,0.0983606557377049,0.2131147540983606,0.0327868852459016,-4.979917858940465,0.680327868852459,0.2868852459016393,8.232164910302135,0.2377049180327868,12.866491150541632,0.5655737704918032,0.1967213114754098,-9.761104641064597,122,0.1967213114754098,0.918032786885246,0.0983606557377049,-3.4607132822314526,0.6311475409836066,0.2704918032786885,2.562910499673372,2025
502043,"Gibson, Kyle",2025,Orioles,R,4.860257788,0.0991735537190082,0.3057851239669421,0.0578512396694214,-7.885248714489853,0.6446280991735537,0.2975206611570248,9.376506011377815,0.2644628099173554,13.745054884055008,0.6528925619834711,0.0826446280991735,-10.335031457743575,121,0.2148760330578512,0.9173553719008264,0.1735537190082644,-3.3336780183453034,0.7520661157024794,0.0743801652892562,2.6670755952541745,2025
688497,"Rashi, Taylor",2025,Diamondbacks,R,3.141463534,0.0666666666666666,0.2,0.1083333333333333,-5.942333117991315,0.7083333333333334,0.1833333333333333,9.143771729551736,0.1833333333333333,12.531093956959278,0.625,0.1916666666666666,-9.929862960806831,120,0.3,0.9,0.1083333333333333,-4.266438377722948,0.6166666666666667,0.275,3.3590671804233465,2025
805299,"Garcia, Brandyn",2025,zMLB,L,3.36713996,0.042016806722689,0.1512605042016806,0.1428571428571428,-6.679572348616039,0.5798319327731093,0.2773109243697479,10.01464787543238,0.1260504201680672,11.979950943698377,0.5378151260504201,0.3361344537815126,-11.631466217722302,119,0.226890756302521,0.8571428571428571,0.1596638655462184,-4.129380404909138,0.6386554621848739,0.2016806722689075,2.862111432207584,2025
668834,"McGee, Easton",2025,Brewers,R,1.899556069,0.0338983050847457,0.2542372881355932,0.059322033898305,-7.20109685871862,0.7457627118644068,0.1949152542372881,6.749167385295277,0.1525423728813559,10.75603840984246,0.6949152542372882,0.1525423728813559,-10.179554055162626,118,0.1949152542372881,0.9152542372881356,0.1440677966101695,-3.03145154799832,0.5847457627118644,0.2711864406779661,3.216017596813468,2025
685801,"Bigge, Hunter",2025,Rays,R,2.845255596,0.0854700854700854,0.2564102564102564,0.0769230769230769,-5.159860730816227,0.7094017094017094,0.2136752136752136,8.355338159398547,0.1025641025641025,12.020718655571065,0.7692307692307693,0.1282051282051282,-11.377781059646624,117,0.282051282051282,0.9145299145299144,0.1111111111111111,-4.620908683977024,0.5384615384615384,0.3504273504273504,3.002566826271281,2025
663542,"Hudson, Bryan",2025,zMLB,L,2.273610177,0.0769230769230769,0.2307692307692307,0.1538461538461538,-7.126060938612285,0.6752136752136753,0.1709401709401709,7.912012191788487,0.1111111111111111,13.912579580555796,0.6581196581196581,0.2307692307692307,-11.59570219302587,117,0.2649572649572649,0.8974358974358975,0.1452991452991453,-4.301619894761132,0.5641025641025641,0.2905982905982906,3.041180743422341,2025
519008,"McFarland, T.J.",2025,Athletics,L,2.936726542,0.0427350427350427,0.3076923076923077,0.094017094017094,-5.631441768539464,0.6837606837606838,0.2222222222222222,8.157803185114181,0.2649572649572649,11.524198645030264,0.5897435897435898,0.1452991452991453,-9.550818961295857,117,0.1709401709401709,0.8974358974358975,0.1367521367521367,-2.965973779039796,0.7777777777777778,0.0854700854700854,2.38871699016181,2025
666215,"Whitley, Forrest",2025,zMLB,R,3.635567505,0.0603448275862069,0.2672413793103448,0.0689655172413793,-6.467805384163447,0.7068965517241379,0.2241379310344827,10.055948605235448,0.1379310344827586,13.084565663517653,0.7241379310344828,0.1379310344827586,-10.8922872505445,116,0.1982758620689655,0.896551724137931,0.1206896551724138,-4.365490481354475,0.5948275862068966,0.2844827586206896,3.1631266616982665,2025
691251,"Lara, Andry",2025,Nationals,R,2.603084679,0.0258620689655172,0.3534482758620689,0.0775862068965517,-5.30594057671892,0.7327586206896551,0.1896551724137931,7.942779892098188,0.1637931034482758,11.784215350464464,0.7586206896551724,0.0775862068965517,-9.04539835156505,116,0.1379310344827586,0.956896551724138,0.0862068965517241,-2.482257861154304,0.7844827586206896,0.1293103448275862,2.7331270753234653,2025
642016,"Robert, Daniel",2025,Phillies,R,2.137405288,0.1120689655172413,0.1982758620689655,0.1120689655172413,-6.150320945426008,0.646551724137931,0.2413793103448276,8.2611750723165,0.2068965517241379,12.386137346612802,0.6293103448275862,0.1637931034482758,-10.402047956311874,116,0.3103448275862069,0.8793103448275862,0.1293103448275862,-3.0404217450125537,0.5517241379310345,0.3189655172413793,2.901471441548458,2025
686751,"Johnson, Seth",2025,Phillies,R,3.006889368,0.0789473684210526,0.2456140350877192,0.0789473684210526,-5.683438524185648,0.7280701754385965,0.1929824561403508,9.2755884567448,0.1578947368421052,13.284989833172196,0.6578947368421053,0.1842105263157894,-12.073703745028096,114,0.2807017543859649,0.912280701754386,0.1140350877192982,-4.197188433411647,0.5614035087719298,0.3245614035087719,2.83800735687036,2025
694851,"Hoffmann, Andrew",2025,zMLB,R,3.811356586,0.1504424778761062,0.2212389380530973,0.1061946902654867,-5.978294292170126,0.6371681415929203,0.2566371681415929,9.484973728092966,0.1946902654867256,12.481176572318065,0.6902654867256637,0.1150442477876106,-9.625773812259364,113,0.3097345132743362,0.8938053097345132,0.2300884955752212,-3.800433895797165,0.5486725663716814,0.2212389380530973,2.769350700434684,2025
682610,"Muñoz, Roddery",2025,Cardinals,R,4.351372767,0.1081081081081081,0.1711711711711711,0.0990990990990991,-5.590655235592748,0.6486486486486487,0.2522522522522522,10.195373374136985,0.2972972972972973,11.320030798208974,0.6576576576576577,0.045045045045045,-13.50569751667038,111,0.3153153153153153,0.918918918918919,0.3063063063063063,-3.722078309162549,0.5405405405405406,0.1531531531531531,2.6849616391685487,2025
606965,"Devenski, Chris",2025,Mets,R,2.045845423,0.054054054054054,0.1981981981981982,0.018018018018018,-5.469910974747089,0.6846846846846847,0.2972972972972973,7.427285172324327,0.3513513513513513,12.25987036638272,0.5945945945945946,0.054054054054054,-13.753649575306518,111,0.2162162162162162,0.90990990990991,0.1711711711711711,-3.3226005971960544,0.6756756756756757,0.1531531531531531,2.8636641035108874,2025
676604,"Zuber, Tyler",2025,zMLB,R,1.581094847,0.0363636363636363,0.2181818181818181,0.0727272727272727,-6.640842963788281,0.6909090909090909,0.2363636363636363,7.288601151692892,0.1272727272727272,11.98099399571214,0.7545454545454545,0.1181818181818181,-10.154168363480505,110,0.2,0.8909090909090909,0.1363636363636363,-2.757490873881544,0.6,0.2636363636363636,2.7993602139859464,2025
664875,"Lawrence, Justin",2025,Pirates,R,5.355924993,0.110091743119266,0.2018348623853211,0.0825688073394495,-5.070140928324893,0.5963302752293578,0.3211009174311927,10.528764052999923,0.2660550458715596,14.575831762730363,0.5963302752293578,0.1376146788990825,-11.280298969741937,109,0.2935779816513761,0.8165137614678899,0.2018348623853211,-4.248492442733965,0.6330275229357798,0.1651376146788991,3.151898306020495,2025
690544,"Horn, Bailey",2025,Tigers,L,4.675161243,0.0648148148148148,0.1944444444444444,0.1203703703703703,-5.981774674511615,0.7037037037037037,0.1759259259259259,11.074841563363334,0.1203703703703703,13.73266209193696,0.6296296296296297,0.25,-10.732060559804676,108,0.2314814814814814,0.8981481481481481,0.1296296296296296,-4.137530217748182,0.5833333333333334,0.287037037037037,2.884668678934884,2025
521230,"Hendriks, Liam",2025,Red Sox,R,3.565835831,0.1037735849056603,0.2830188679245283,0.0188679245283018,-9.427429975949114,0.6886792452830188,0.2924528301886792,8.726990542618537,0.2358490566037736,11.658959523441624,0.6509433962264151,0.1132075471698113,-9.500774975000482,106,0.2924528301886792,0.8490566037735849,0.1698113207547169,-4.45243007112053,0.5377358490566038,0.2924528301886792,2.7886370441391386,2025
674384,"Núñez, Eduarniel",2025,zMLB,R,4.041174595,0.1142857142857142,0.2,0.1238095238095238,-6.439006667319246,0.6285714285714286,0.2476190476190476,11.87214867519357,0.1428571428571428,13.663038400085885,0.6666666666666666,0.1904761904761904,-11.265611144114011,105,0.3428571428571428,0.8476190476190476,0.1809523809523809,-4.56235880727451,0.5523809523809524,0.2666666666666666,2.9859924402081166,2025
592351,"Gray, Jon",2025,Rangers,R,2.656241721,0.0769230769230769,0.2692307692307692,0.0769230769230769,-4.484465984347958,0.7019230769230769,0.2211538461538461,8.37959834376833,0.1442307692307692,9.592829256769813,0.7115384615384616,0.1442307692307692,-10.440261038140044,104,0.2115384615384615,0.8942307692307693,0.1538461538461538,-3.4744723520958978,0.625,0.2211538461538461,2.719477063966064,2025
670174,"Winckowski, Josh",2025,Red Sox,R,1.868416989,0.048076923076923,0.2884615384615384,0.048076923076923,-6.809154849310431,0.8076923076923077,0.1442307692307692,8.083692020130375,0.1057692307692307,11.113607450691024,0.7596153846153846,0.1346153846153846,-10.134836153529768,104,0.2692307692307692,0.8942307692307693,0.1634615384615384,-3.5540405592904034,0.6057692307692307,0.2307692307692307,2.750198617160559,2025
702795,"Loutos, Ryan",2025,zMLB,R,2.115147834,0.0673076923076923,0.3461538461538461,0.1538461538461538,-5.738021442102773,0.6826923076923077,0.1634615384615384,7.490425804385652,0.0673076923076923,12.758925268194163,0.8365384615384616,0.0961538461538461,-11.442232210670586,104,0.173076923076923,0.9615384615384616,0.1442307692307692,-2.9645622241902023,0.7211538461538461,0.1346153846153846,2.863865400770841,2025
686730,"Spiers, Carson",2025,Reds,R,2.614017824,0.0673076923076923,0.2307692307692307,0.1057692307692307,-6.59780970307281,0.6442307692307693,0.25,8.784126445550438,0.2019230769230769,11.400863933179975,0.6826923076923077,0.1153846153846153,-9.655795908769033,104,0.2307692307692307,0.903846153846154,0.1153846153846153,-3.019806907909402,0.625,0.2596153846153846,3.212094663276919,2025
682171,"Murfee, Penn",2025,White Sox,R,4.799298425,0.0865384615384615,0.1923076923076923,0.1538461538461538,-5.550593761205008,0.5192307692307693,0.3269230769230769,9.504622221056426,0.3076923076923077,13.039585737710768,0.5288461538461539,0.1634615384615384,-10.511142872525204,104,0.2596153846153846,0.8942307692307693,0.1442307692307692,-3.2957812456990143,0.6923076923076923,0.1634615384615384,2.8942857395352592,2025
600917,"Leclerc, José",2025,Athletics,R,2.247553505,0.0776699029126213,0.203883495145631,0.0388349514563106,-4.741883297005201,0.6213592233009708,0.3398058252427184,8.546760536221475,0.2815533980582524,13.625907718064225,0.6019417475728155,0.116504854368932,-10.031849474090802,103,0.3106796116504854,0.9029126213592232,0.116504854368932,-2.798129488222721,0.6407766990291263,0.2427184466019417,2.843768906879805,2025
663992,"Lovelady, Richard",2025,zMLB,L,2.5741758,0.058252427184466,0.1844660194174757,0.087378640776699,-6.591397293474097,0.5922330097087378,0.3203883495145631,8.569886204897394,0.2135922330097087,12.953792880218463,0.6116504854368932,0.174757281553398,-10.940464033322051,103,0.2815533980582524,0.9029126213592232,0.2233009708737864,-2.766302237235435,0.5728155339805825,0.203883495145631,2.850384237532324,2025
686228,"Burgos, Juan",2025,zMLB,R,4.299862523,0.0776699029126213,0.233009708737864,0.0679611650485436,-8.47005611393126,0.5436893203883495,0.3883495145631068,8.928711283836492,0.2912621359223301,12.76553011628321,0.6213592233009708,0.087378640776699,-8.802149834490972,103,0.2718446601941747,0.883495145631068,0.1553398058252427,-4.021978731565394,0.7669902912621359,0.0776699029126213,2.808939019299421,2025
681882,"Selby, Colin",2025,Orioles,R,4.178353728,0.116504854368932,0.2718446601941747,0.0776699029126213,-9.731439264153936,0.6504854368932039,0.2718446601941747,9.24295219217058,0.1650485436893204,11.47877325643231,0.6504854368932039,0.1844660194174757,-11.164144600272412,103,0.2912621359223301,0.8349514563106796,0.203883495145631,-4.355765963602446,0.6213592233009708,0.174757281553398,2.7293067789893386,2025
663546,"Hjelle, Sean",2025,Giants,R,4.467079916,0.0392156862745098,0.3235294117647059,0.1078431372549019,-6.918006136327972,0.6666666666666666,0.2254901960784313,10.614218295107433,0.1862745098039215,12.205734840779282,0.6372549019607843,0.1764705882352941,-10.732633513881105,102,0.2352941176470588,0.9019607843137256,0.1078431372549019,-4.710111482423721,0.8137254901960784,0.0784313725490196,2.936580503957732,2025
681217,"Silseth, Chase",2025,Angels,R,3.736000546,0.1078431372549019,0.1568627450980392,0.088235294117647,-7.184832252586032,0.5686274509803921,0.3431372549019608,9.726901142227078,0.2058823529411764,13.117338430090363,0.5980392156862745,0.196078431372549,-9.747354076395109,102,0.3725490196078431,0.8823529411764706,0.1078431372549019,-4.996453330348972,0.5,0.392156862745098,3.182634571258022,2025
641312,"Anderson, Shaun",2025,Angels,R,2.882584976,0.09,0.29,0.04,-6.196550846777943,0.67,0.29,8.603564855497254,0.17,12.338123759174296,0.71,0.12,-10.352218844183326,100,0.24,0.92,0.08,-3.620494219674521,0.68,0.24,2.938090473205856,2025
643361,"Herget, Kevin",2025,zMLB,R,2.04726002,0.0101010101010101,0.3434343434343434,0.0606060606060606,-5.859662782007828,0.797979797979798,0.1414141414141414,7.643762789180947,0.1717171717171717,11.257714239518467,0.6666666666666666,0.1616161616161616,-10.604559000886306,99,0.1313131313131313,0.898989898989899,0.0404040404040404,-2.709672155720328,0.696969696969697,0.2626262626262626,2.737814841475484,2025
608371,"Sims, Lucas",2025,Nationals,R,3.357182217,0.0909090909090909,0.2222222222222222,0.0505050505050505,-5.863989878371257,0.5858585858585859,0.3636363636363636,8.777526325835082,0.2222222222222222,12.71456201059368,0.5656565656565656,0.2121212121212121,-10.817315153890036,99,0.3535353535353535,0.8383838383838383,0.1313131313131313,-4.157183966553806,0.5858585858585859,0.2828282828282828,3.5416777927459147,2025
686790,"McDonald, Trevor",2025,Giants,R,6.105222096,0.1818181818181818,0.2525252525252525,0.0202020202020202,-5.882383079081068,0.5454545454545454,0.4343434343434343,10.63035933814793,0.4141414141414141,12.43395085685529,0.5050505050505051,0.0808080808080808,-9.771517534125923,99,0.3131313131313131,0.9090909090909092,0.3232323232323232,-3.5800987986947086,0.6262626262626263,0.0505050505050505,2.49339049105562,2025
679885,"Martinez, Justin",2025,Diamondbacks,R,3.714971137,0.1224489795918367,0.1428571428571428,0.0714285714285714,-5.846335208917147,0.6020408163265306,0.3265306122448979,9.996914300702064,0.2551020408163265,12.53293412134431,0.5306122448979592,0.2142857142857142,-9.754323143811936,98,0.3775510204081632,0.9183673469387756,0.1632653061224489,-2.999064395896112,0.5816326530612245,0.2551020408163265,3.3865627541890566,2025
669620,"Basso, Brady",2025,Athletics,L,2.615423367,0.0204081632653061,0.2755102040816326,0.0510204081632653,-5.85039195557634,0.7551020408163265,0.1938775510204081,8.1743833084247,0.1938775510204081,12.536491880689937,0.673469387755102,0.1326530612244898,-9.656061697713016,98,0.2040816326530612,0.9387755102040816,0.0408163265306122,-6.137417400301624,0.673469387755102,0.2857142857142857,2.8155724140051377,2025
802419,"Harrington, Thomas",2025,Pirates,R,4.500943978,0.1041666666666666,0.2083333333333333,0.1041666666666666,-5.609235681223328,0.6666666666666666,0.2291666666666666,8.578829249536449,0.2083333333333333,13.888780903148788,0.6770833333333334,0.1145833333333333,-9.148903767518584,96,0.2083333333333333,0.9270833333333334,0.125,-4.425528037022847,0.5729166666666666,0.3020833333333333,2.643213609478815,2025
657756,"Seabold, Connor",2025,zMLB,R,1.878883501,0.0208333333333333,0.1979166666666666,0.0520833333333333,-5.069982333602915,0.7916666666666666,0.15625,7.809445922951546,0.125,12.585928621559024,0.6145833333333334,0.2604166666666667,-9.868835734818042,96,0.21875,0.9166666666666666,0.0416666666666666,-3.1840759270404835,0.6354166666666666,0.3229166666666667,2.994936511113064,2025
663432,"Rainey, Tanner",2025,zMLB,R,5.564843928,0.0947368421052631,0.1684210526315789,0.0631578947368421,-6.419304388301412,0.6526315789473685,0.2842105263157894,11.544626156546764,0.231578947368421,14.663876470544572,0.6842105263157895,0.0842105263157894,-10.638284737276326,95,0.3473684210526316,0.8631578947368421,0.1684210526315789,-5.421348478657991,0.5368421052631579,0.2947368421052631,2.798547398477417,2025
664351,"Contreras, Luis",2025,Astros,R,2.476962223,0.0631578947368421,0.2210526315789473,0.1157894736842105,-6.671382468251944,0.6947368421052632,0.1894736842105263,9.84002088956282,0.2421052631578947,12.069570795206282,0.6631578947368421,0.0947368421052631,-10.234961438786785,95,0.3157894736842105,0.9157894736842104,0.0947368421052631,-2.457710856479474,0.6105263157894737,0.2947368421052631,3.182406721558761,2025
683155,"Estes, Joey",2025,Athletics,R,0.922781182,0.0421052631578947,0.2631578947368421,0.0736842105263157,-5.120815181175388,0.7578947368421053,0.1684210526315789,6.20416544485084,0.1894736842105263,10.827526920201706,0.7157894736842105,0.0947368421052631,-9.865775072260664,95,0.1789473684210526,0.936842105263158,0.0105263157894736,-3.2839307980038765,0.6421052631578947,0.3473684210526316,2.849029086693212,2025
679883,"Avila, Luinder",2025,Royals,R,4.28713224,0.0947368421052631,0.2,0.1789473684210526,-6.0215731307774965,0.6,0.2210526315789473,9.52349371906257,0.2631578947368421,13.172790276449229,0.6105263157894737,0.1263157894736842,-9.88264493533658,95,0.2736842105263158,0.8105263157894737,0.2105263157894736,-4.429107100208436,0.6947368421052632,0.0947368421052631,2.9168974862027857,2025
666168,"Thompson, Mason",2025,Nationals,R,2.578288848,0.0744680851063829,0.2553191489361702,0.1595744680851064,-5.569698480966192,0.6382978723404256,0.202127659574468,7.262975140467566,0.1914893617021276,11.661497306095256,0.723404255319149,0.0851063829787234,-9.397390130569754,94,0.2127659574468085,0.946808510638298,0.1276595744680851,-3.579192894505242,0.6382978723404256,0.2340425531914893,2.925268839265562,2025
666659,"Lao, Sauryn",2025,zMLB,R,2.870041212,0.0531914893617021,0.3191489361702128,0.0319148936170212,-4.932185537056191,0.6170212765957447,0.351063829787234,8.884490330755309,0.2659574468085106,11.560368309479744,0.6914893617021277,0.0425531914893617,-11.369437746523904,94,0.2978723404255319,0.9361702127659576,0.1063829787234042,-3.4528397768881613,0.7553191489361702,0.1382978723404255,2.9539944511337826,2025
641386,"Bowden, Ben",2025,Athletics,L,3.240265011,0.043010752688172,0.2688172043010752,0.043010752688172,-5.527568627862967,0.7204301075268817,0.2365591397849462,9.23094090417754,0.1720430107526881,13.048893434082167,0.7849462365591398,0.043010752688172,-9.781539839938253,93,0.2258064516129032,0.8279569892473119,0.064516129032258,-3.948354312636295,0.6021505376344086,0.3333333333333333,2.9912308369417846,2025
692230,"Rodriguez, Carlos",2025,Brewers,R,3.115767567,0.0543478260869565,0.1847826086956521,0.0108695652173913,-5.230610133029522,0.6521739130434783,0.3369565217391304,8.901190528539892,0.4021739130434782,13.01155137820396,0.5217391304347826,0.0760869565217391,-9.027520009260076,92,0.3152173913043478,0.8804347826086957,0.0760869565217391,-2.96256739862268,0.6413043478260869,0.2826086956521739,2.843972179630037,2025
672710,"Contreras, Roansy",2025,zMLB,R,3.613912337,0.0434782608695652,0.2934782608695652,0.0434782608695652,-7.467734676628378,0.6630434782608695,0.2934782608695652,8.783369061741077,0.1956521739130435,13.850091290978266,0.7065217391304348,0.0978260869565217,-11.789187110036504,92,0.2065217391304347,0.8695652173913043,0.0869565217391304,-3.4298861409287302,0.6956521739130435,0.217391304347826,3.023080455629706,2025
681151,"Murray, Jayden",2025,Astros,R,3.695739352,0.0769230769230769,0.2417582417582417,0.1208791208791208,-5.620992587299811,0.7362637362637363,0.1428571428571428,12.820027929052593,0.2087912087912088,12.98942268128153,0.6593406593406593,0.1318681318681318,-10.55835959837255,91,0.2197802197802197,0.9230769230769232,0.0659340659340659,-2.792763754241972,0.6813186813186813,0.2527472527472527,2.910969708322505,2025
656629,"Kopech, Michael",2025,Dodgers,R,1.948219246,0.0769230769230769,0.1758241758241758,0.0109890109890109,-5.190573694329185,0.6923076923076923,0.2967032967032967,7.819117979435671,0.0549450549450549,9.668025351690266,0.6923076923076923,0.2527472527472527,-9.7870307459773,91,0.2967032967032967,0.8351648351648352,0.0879120879120879,-4.625048001489604,0.3736263736263736,0.5384615384615384,2.8828127510131125,2025
663562,"Davis, Noah",2025,zMLB,R,3.9100116,0.0674157303370786,0.2359550561797752,0.0561797752808988,-7.894973622146651,0.7303370786516854,0.2134831460674157,10.130231096823548,0.2696629213483146,14.674379352994514,0.6067415730337079,0.1235955056179775,-10.254100208728362,89,0.2808988764044944,0.898876404494382,0.1123595505617977,-6.038933048307412,0.6966292134831461,0.1910112359550561,2.9663744906025,2025
663321,"Hernandez, Nick",2025,Astros,R,3.293206519,0.0681818181818181,0.2386363636363636,0.0454545454545454,-5.767446744224407,0.6022727272727273,0.3522727272727273,8.775988012619099,0.3181818181818182,12.217252891027217,0.6477272727272727,0.034090909090909,-9.263456929901974,88,0.3181818181818182,0.9090909090909092,0.0795454545454545,-6.193128987808303,0.6704545454545454,0.25,2.9544777143664773,2025
678215,"Arias, Luarbert",2025,Marlins,R,3.406335818,0.057471264367816,0.2988505747126437,0.0459770114942528,-6.043981813910342,0.8045977011494253,0.1494252873563218,10.74970417481369,0.2183908045977011,12.391388909688583,0.632183908045977,0.1494252873563218,-11.369145113878544,87,0.160919540229885,0.9195402298850576,0.0919540229885057,-2.877313767046896,0.735632183908046,0.1724137931034483,2.9304037563077943,2025
673380,"Núñez, Dedniel",2025,Mets,R,4.465332004,0.1149425287356321,0.1724137931034483,0.0689655172413793,-5.283608714104476,0.6206896551724138,0.3103448275862069,9.54060885492785,0.2413793103448276,12.80199397126622,0.6091954022988506,0.1494252873563218,-9.978610675578036,87,0.3218390804597701,0.9195402298850576,0.1724137931034483,-3.333670340326406,0.5057471264367817,0.3218390804597701,3.135004441004801,2025
573009,"Mantiply, Joe",2025,Diamondbacks,L,4.050992284,0.0813953488372093,0.2558139534883721,0.0348837209302325,-4.675500302572662,0.6046511627906976,0.3604651162790697,8.05154526744156,0.3720930232558139,12.418137637258924,0.5232558139534884,0.1046511627906976,-12.768281470461128,86,0.1976744186046511,0.9418604651162792,0.1744186046511628,-3.306569436939554,0.7558139534883721,0.0697674418604651,2.428789950170836,2025
665625,"Peguero, Elvis",2025,zMLB,R,4.271534205,0.1046511627906976,0.2209302325581395,0.1162790697674418,-7.086770334987113,0.5232558139534884,0.3604651162790697,8.186435182106994,0.2558139534883721,11.242070471141968,0.7209302325581395,0.0232558139534883,-7.992225100302094,86,0.3255813953488372,0.9651162790697676,0.2790697674418604,-4.435127052102123,0.6511627906976745,0.0697674418604651,2.65371005576909,2025
676775,"Winn, Keaton",2025,Giants,R,2.354416918,0.1162790697674418,0.2093023255813953,0.0465116279069767,-4.563637272990036,0.5813953488372093,0.3720930232558139,8.015008420987542,0.2790697674418604,11.034886228047364,0.6395348837209303,0.0813953488372093,-10.248877462608002,86,0.3255813953488372,0.9651162790697676,0.2325581395348837,-2.894625107814573,0.6162790697674418,0.1511627906976744,2.974754507558948,2025
666120,"Anderson, Ian",2025,Angels,R,3.536655763,0.0941176470588235,0.2352941176470588,0.0588235294117647,-6.577381999671413,0.6470588235294118,0.2941176470588235,7.119443037236806,0.2588235294117647,11.46807722354382,0.6,0.1411764705882353,-10.449208040727664,85,0.2352941176470588,0.9058823529411764,0.2352941176470588,-4.09389240538061,0.611764705882353,0.1529411764705882,2.8767499503821683,2025
669721,"Daniel, Davis",2025,Braves,R,1.423895853,0.0714285714285714,0.25,0.0238095238095238,-5.258922731803482,0.7976190476190477,0.1785714285714285,7.331588876609976,0.2738095238095238,10.770491343751324,0.6071428571428571,0.119047619047619,-10.655226645211124,84,0.1785714285714285,0.9404761904761904,0.0833333333333333,-2.952654135686472,0.7142857142857143,0.2023809523809523,2.7446871763610767,2025
677865,"Bruihl, Justin",2025,Blue Jays,L,2.004570566,0.0357142857142857,0.25,0.0714285714285714,-8.136974819188595,0.5714285714285714,0.3571428571428571,7.136116134300875,0.2261904761904762,13.134322677970424,0.7142857142857143,0.0595238095238095,-10.4503275991143,84,0.238095238095238,0.9285714285714286,0.238095238095238,-3.2372003201755426,0.6547619047619048,0.1071428571428571,2.637735561024505,2025
676760,"Marinaccio, Ron",2025,Padres,R,1.885664489,0.0357142857142857,0.1547619047619047,0.0952380952380952,-6.789513609220495,0.6428571428571429,0.2619047619047619,8.08949033788018,0.238095238095238,12.291027767702449,0.6071428571428571,0.1547619047619047,-10.69574415853519,84,0.2976190476190476,0.8809523809523809,0.0952380952380952,-2.9537267151967,0.6309523809523809,0.2738095238095238,3.0841442523138283,2025
640451,"Harvey, Hunter",2025,Royals,R,2.471647266,0.072289156626506,0.2771084337349397,0.0481927710843373,-10.787978850634556,0.6987951807228916,0.253012048192771,7.969423699538118,0.144578313253012,12.870290576888827,0.6506024096385542,0.2048192771084337,-10.741448933966,83,0.3012048192771084,0.9036144578313252,0.0963855421686747,-5.429551564792579,0.6746987951807228,0.2289156626506024,3.134075656764798,2025
642048,"Saucedo, Tayler",2025,Mariners,L,4.970542252,0.036144578313253,0.3132530120481928,0.072289156626506,-7.4415958411330045,0.5180722891566265,0.4096385542168674,8.582230876239853,0.2409638554216867,11.842156743586155,0.6867469879518072,0.072289156626506,-9.001510330217943,83,0.2048192771084337,0.9036144578313252,0.0843373493975903,-3.396653513769584,0.891566265060241,0.0240963855421686,2.2775305153992047,2025
621363,"Poche, Colin",2025,zMLB,L,1.895293905,0.036144578313253,0.216867469879518,0.072289156626506,-7.031519056478001,0.7831325301204819,0.144578313253012,6.693393535452444,0.108433734939759,12.010843711274546,0.6626506024096386,0.2289156626506024,-10.856998015584326,83,0.216867469879518,0.8674698795180723,0.0602409638554216,-4.295768115965766,0.6144578313253012,0.3253012048192771,3.059448341368728,2025
642216,"Winans, Allan",2025,Yankees,R,3.694838642,0.0365853658536585,0.2439024390243902,0.048780487804878,-7.125615249004078,0.6097560975609756,0.3414634146341463,7.502453990766031,0.3658536585365853,12.514533926168236,0.5975609756097561,0.0365853658536585,-11.891487147169444,82,0.1951219512195122,0.8902439024390244,0.1707317073170731,-3.3299838119662626,0.7560975609756098,0.073170731707317,2.220117469831893,2025
640462,"Puk, A.J.",2025,Diamondbacks,L,2.536244415,0.073170731707317,0.1463414634146341,0.073170731707317,-6.878119853159852,0.7195121951219512,0.2073170731707317,8.561823439515818,0.1829268292682926,13.03629733775239,0.6219512195121951,0.1951219512195122,-11.217779188808493,82,0.3292682926829268,0.8780487804878049,0.0609756097560975,-6.29508677701355,0.4878048780487805,0.4512195121951219,2.962410347774176,2025
702056,"Yesavage, Trey",2025,Blue Jays,R,3.630976389,0.0975609756097561,0.1951219512195122,0.024390243902439,-4.478974570390301,0.5121951219512195,0.4634146341463415,8.721823017739903,0.2560975609756097,13.09225926354597,0.5975609756097561,0.1463414634146341,-9.59311669629493,82,0.4024390243902439,0.902439024390244,0.2439024390243902,-3.578331667352952,0.5609756097560976,0.1951219512195122,2.9372568910150467,2025
489119,"Miley, Wade",2025,Reds,L,2.250461032,0.037037037037037,0.2962962962962963,0.1481481481481481,-7.074453785715133,0.691358024691358,0.1604938271604938,6.09019480433772,0.1234567901234567,10.19521155654832,0.6790123456790124,0.1975308641975308,-9.39383664110272,81,0.1234567901234567,0.9629629629629628,0.0987654320987654,-3.134092495298486,0.8024691358024691,0.0987654320987654,2.8515578624450457,2025
518886,"Kimbrel, Craig",2025,zMLB,R,3.91957789,0.0886075949367088,0.1645569620253164,0.0886075949367088,-5.77585131255648,0.6455696202531646,0.2658227848101265,8.469653457393552,0.1012658227848101,11.71758263008812,0.6582278481012658,0.240506329113924,-10.451355298670984,79,0.2784810126582278,0.8734177215189873,0.050632911392405,-6.506028984184427,0.5443037974683544,0.4050632911392405,3.2208291878777264,2025
701121,"VanWey, Logan",2025,Astros,R,0.943379742,0.0126582278481012,0.2784810126582278,0.050632911392405,-6.694176163965,0.7215189873417721,0.2278481012658227,6.504368178808445,0.1139240506329113,9.810955991270976,0.6835443037974683,0.2025316455696202,-11.00225681910929,79,0.1772151898734177,0.8987341772151899,0.0253164556962025,-2.243842779268188,0.5569620253164557,0.4177215189873418,2.8966436077603923,2025
541640,"Ramírez, Erasmo",2025,Twins,R,1.496615088,0.0384615384615384,0.2948717948717949,0.0769230769230769,-7.418062356020437,0.6923076923076923,0.2307692307692307,6.502068346621677,0.1025641025641025,11.914708562051276,0.7948717948717948,0.1025641025641025,-10.401259980615723,78,0.1538461538461538,0.935897435897436,0.0641025641025641,-2.5884996982103403,0.782051282051282,0.1538461538461538,2.8111674163460285,2025
544150,"Suárez, Albert",2025,Orioles,R,3.816472849,0.1038961038961039,0.1298701298701298,0.0519480519480519,-6.616095783819492,0.6103896103896104,0.3376623376623376,8.180376363218585,0.3636363636363636,10.949709951905858,0.5194805194805194,0.1168831168831168,-9.951892026424051,77,0.2597402597402597,0.8831168831168831,0.0909090909090909,-3.835003381632148,0.6103896103896104,0.2987012987012987,2.8746113432688447,2025
664123,"Effross, Scott",2025,Yankees,R,1.999616407,0.0389610389610389,0.2727272727272727,0.1298701298701298,-6.997381213770855,0.6753246753246753,0.1948051948051948,8.751860003221553,0.2077922077922078,12.538706133078303,0.6103896103896104,0.1818181818181818,-10.863469708732977,77,0.1688311688311688,0.974025974025974,0.0649350649350649,-4.219046805439211,0.7532467532467533,0.1818181818181818,2.518308544686405,2025
681916,"Smith, Dylan",2025,Tigers,R,2.840472132,0.0789473684210526,0.2894736842105263,0.0789473684210526,-5.888071397802876,0.618421052631579,0.3026315789473684,8.103440603026327,0.1447368421052631,12.407096693610786,0.6710526315789473,0.1842105263157894,-10.947894573946058,76,0.25,0.9342105263157896,0.1052631578947368,-3.500304819644514,0.6578947368421053,0.2368421052631578,2.9220017299343763,2025
596112,"Stephenson, Robert",2025,Angels,R,5.754508426,0.1973684210526315,0.1973684210526315,0.0789473684210526,-5.78419057227985,0.5526315789473685,0.3684210526315789,10.945945196812632,0.4868421052631579,12.3122228744831,0.4868421052631579,0.0263157894736842,-10.183998779398042,76,0.3947368421052631,0.9342105263157896,0.25,-4.757912901582767,0.6447368421052632,0.1052631578947368,3.023920663468357,2025
628317,"Maeda, Kenta",2025,Tigers,R,2.103954438,0.0526315789473684,0.1973684210526315,0.1184210526315789,-5.166045119679664,0.6447368421052632,0.2368421052631578,8.286837331528236,0.1842105263157894,11.32549637621028,0.7105263157894737,0.1052631578947368,-11.81297983090404,76,0.2763157894736842,0.8947368421052632,0.0921052631578947,-3.291439589002585,0.5657894736842105,0.3421052631578947,2.897350353080024,2025
680729,"McDaniels, Garrett",2025,Angels,L,4.809675831,0.1466666666666666,0.2533333333333333,0.1066666666666666,-5.796790875621766,0.5466666666666666,0.3466666666666667,8.894641504564502,0.2133333333333333,11.289254973366562,0.68,0.1066666666666666,-9.576236958661896,75,0.24,0.92,0.28,-3.6490276405753153,0.68,0.04,2.831877278805468,2025
671111,"Peralta, Sammy",2025,Angels,L,1.492596269,0.054054054054054,0.2972972972972973,0.1891891891891892,-6.257612911978868,0.6081081081081081,0.2027027027027027,8.439803500918506,0.1621621621621621,10.656122509977786,0.6486486486486487,0.1891891891891892,-9.175076417582872,74,0.2297297297297297,0.918918918918919,0.0945945945945946,-2.559883552166896,0.7162162162162162,0.1891891891891892,2.767176523853001,2025
660604,"Rangel, Alan",2025,Phillies,R,3.029304564,0.0675675675675675,0.2702702702702703,0.1081081081081081,-5.262693188506965,0.6081081081081081,0.2837837837837837,8.892236429562297,0.2297297297297297,12.076956696031637,0.7027027027027027,0.0675675675675675,-12.562652795623292,74,0.1756756756756756,0.9054054054054054,0.1081081081081081,-2.8486008313748243,0.6891891891891891,0.2027027027027027,2.598157295058412,2025
687209,"Maxwell, Zach",2025,Reds,R,2.277583107,0.0675675675675675,0.1891891891891892,0.0945945945945946,-5.292482596794941,0.6486486486486487,0.2567567567567567,8.181103400616584,0.0945945945945946,11.72389016202849,0.7027027027027027,0.2027027027027027,-9.791974348498426,74,0.3648648648648648,0.9324324324324323,0.0675675675675675,-4.487763498154351,0.527027027027027,0.4054054054054054,3.2030802006990013,2025
668970,"Hollowell, Gavin",2025,Cubs,R,1.798494223,0.0694444444444444,0.2083333333333333,0.0972222222222222,-6.189154338667769,0.6527777777777778,0.25,7.108973665405642,0.125,10.08871054278606,0.6944444444444444,0.1805555555555555,-11.152647703086435,72,0.2777777777777778,0.875,0.0833333333333333,-4.280275778177993,0.5416666666666666,0.375,3.3662257178994217,2025
699911,"Darnell, Dugan",2025,Rockies,R,5.047015613,0.0694444444444444,0.3333333333333333,0.0833333333333333,-6.301440725964983,0.7361111111111112,0.1805555555555555,8.81889997965847,0.1944444444444444,14.284635362436292,0.6388888888888888,0.1666666666666666,-9.88133860824108,72,0.1666666666666666,0.9027777777777778,0.1111111111111111,-3.936458866174557,0.7361111111111112,0.1527777777777778,2.6532968264641084,2025
622379,"Castillo, Luis F.",2025,Mariners,R,1.750526775,0.0140845070422535,0.1971830985915492,0.1549295774647887,-5.642430157671815,0.5774647887323944,0.2676056338028169,8.084637442478808,0.2253521126760563,12.449074275723508,0.6197183098591549,0.1549295774647887,-8.766229698542821,71,0.2112676056338028,0.9014084507042254,0.056338028169014,-2.470491054487573,0.7323943661971831,0.2112676056338028,2.8611992524954246,2025
695534,"Petty, Chase",2025,Reds,R,4.160038265,0.0704225352112676,0.1971830985915492,0.056338028169014,-7.959480519058148,0.6056338028169014,0.3380281690140845,10.5727243597386,0.323943661971831,12.408187443581498,0.5633802816901409,0.1126760563380281,-9.885112178783034,71,0.352112676056338,0.9295774647887324,0.1830985915492957,-3.5422317460281136,0.676056338028169,0.1408450704225352,2.4791699308610164,2025
445926,"Chavez, Jesse",2025,Braves,R,2.023871104,0.0142857142857142,0.2571428571428571,0.0857142857142857,-5.475216535279876,0.6571428571428571,0.2571428571428571,6.463610464110911,0.1571428571428571,13.12632936087236,0.8,0.0428571428571428,-10.420815489671272,70,0.1571428571428571,0.9714285714285714,0.0285714285714285,-3.5919869710951486,0.7571428571428571,0.2142857142857142,2.66248941121236,2025
621345,"Minter, A.J.",2025,Mets,L,2.243556424,0.0144927536231884,0.2463768115942029,0.1304347826086956,-7.051509329256481,0.6231884057971014,0.2463768115942029,8.348196536148611,0.1739130434782608,9.765811397058735,0.7536231884057971,0.072463768115942,-10.819802533629376,69,0.3623188405797101,0.9130434782608696,0.1884057971014492,-4.320138525150023,0.6376811594202898,0.1739130434782608,3.1116619613488288,2025
593833,"Suero, Wander",2025,Braves,R,1.510490966,0.0294117647058823,0.1764705882352941,0.1029411764705882,-7.232055831739786,0.6764705882352942,0.2205882352941176,7.041242604639528,0.1470588235294117,10.987060815921062,0.7794117647058824,0.0735294117647058,-10.071844966006774,68,0.2794117647058823,0.9411764705882352,0.0588235294117647,-2.559258023139437,0.5441176470588235,0.3970588235294117,3.025829458362375,2025
690382,"Darrell-Hicks, Michael",2025,zMLB,R,5.162476869,0.0895522388059701,0.2835820895522388,0.0895522388059701,-5.536927381434515,0.5671641791044776,0.3432835820895522,10.722456957538238,0.208955223880597,12.530172626781654,0.6417910447761194,0.1492537313432835,-11.679440197139932,67,0.2686567164179104,0.8507462686567164,0.1194029850746268,-3.644080461934137,0.6567164179104478,0.2238805970149253,3.0061974853523723,2025
448179,"Hill, Rich",2025,Royals,L,2.255656769,0.0454545454545454,0.2727272727272727,0.0757575757575757,-6.7107956210637685,0.7575757575757576,0.1666666666666666,9.143244005517356,0.303030303030303,15.820246546175133,0.5151515151515151,0.1818181818181818,-13.164023847523596,66,0.1818181818181818,0.8787878787878788,0.106060606060606,-2.5953688259955374,0.7424242424242424,0.1515151515151515,3.143582966169791,2025
681799,"Roberts, Ethan",2025,Cubs,R,1.751310446,0.0303030303030303,0.2272727272727272,0.106060606060606,-8.148717386238053,0.5757575757575758,0.3181818181818182,7.298522538023199,0.1666666666666666,10.79649588710663,0.6666666666666666,0.1666666666666666,-10.818240952432308,66,0.1666666666666666,0.8636363636363636,0.1212121212121212,-3.343817120500998,0.6666666666666666,0.2121212121212121,2.579489745033259,2025
669212,"Morgan, Eli",2025,Cubs,R,5.579914466,0.0615384615384615,0.2153846153846154,0.0307692307692307,-10.712908010459673,0.6461538461538462,0.3230769230769231,9.505573457214178,0.3538461538461538,13.79420408360033,0.5538461538461539,0.0923076923076923,-12.114034109475377,65,0.2307692307692307,0.8307692307692308,0.123076923076923,-5.488069100815618,0.6461538461538462,0.2307692307692307,2.474049526415475,2025
687003,"Van Belle, Brian",2025,Rays,R,3.465662257,0.0923076923076923,0.3230769230769231,0.0923076923076923,-5.602919292998919,0.676923076923077,0.2307692307692307,11.160161128942674,0.3384615384615385,12.840228922765087,0.6,0.0615384615384615,-11.02546332718115,65,0.3076923076923077,0.9384615384615383,0.1846153846153846,-3.5066509433095576,0.7076923076923077,0.1076923076923077,2.914980293477131,2025
684974,"Yoho, Craig",2025,Brewers,R,3.483852746,0.0923076923076923,0.1692307692307692,0.0923076923076923,-5.874141205389764,0.5538461538461539,0.3538461538461538,8.979707288056773,0.4923076923076923,15.334002848189913,0.4461538461538462,0.0615384615384615,-11.261459594536731,65,0.2461538461538461,0.8769230769230769,0.2,-2.5694608967100545,0.7076923076923077,0.0923076923076923,2.837162855014065,2025
606930,"Barnes, Jacob",2025,Blue Jays,R,2.724957515,0.03125,0.265625,0.0625,-9.973224659935116,0.640625,0.296875,7.239144972302313,0.140625,9.164082309047831,0.765625,0.09375,-10.225483156652428,64,0.25,0.953125,0.1875,-4.757608115443688,0.578125,0.234375,2.9071008588624605,2025
676742,"Sanders, Cam",2025,Pirates,R,2.949258197,0.09375,0.234375,0.046875,-5.919263277947768,0.65625,0.296875,8.142910112948174,0.140625,14.769971473519346,0.71875,0.140625,-11.317457038684658,64,0.265625,0.875,0.140625,-3.4164570773088485,0.546875,0.3125,3.026504886730624,2025
681751,"Estrada, Lazaro",2025,Blue Jays,R,3.099131589,0.0793650793650793,0.238095238095238,0.0158730158730158,-4.22458346993934,0.6031746031746031,0.3809523809523809,8.87408477305434,0.3015873015873015,12.70117719077407,0.6349206349206349,0.0634920634920634,-11.545950792877694,63,0.3809523809523809,0.8888888888888888,0.0793650793650793,-2.5565743208889264,0.6507936507936508,0.2698412698412698,3.0778921105631083,2025
694646,"McDermott, Chayce",2025,Orioles,R,3.296999341,0.0655737704918032,0.3278688524590163,0.0491803278688524,-4.993326647390955,0.7868852459016393,0.1639344262295081,7.269180850361951,0.180327868852459,11.40567997218982,0.7049180327868853,0.1147540983606557,-11.896769109993476,61,0.2131147540983606,0.918032786885246,0.081967213114754,-4.567166490076049,0.639344262295082,0.2786885245901639,2.99604885099111,2025
663462,"Campbell, Isaiah",2025,Red Sox,R,4.168628494,0.081967213114754,0.2131147540983606,0.0491803278688524,-7.3203328595497235,0.5245901639344263,0.4262295081967213,7.474860325417007,0.1311475409836065,10.542148358055524,0.6065573770491803,0.2622950819672131,-11.683177372903112,61,0.2131147540983606,0.8688524590163934,0.0655737704918032,-7.980410307705789,0.7540983606557377,0.180327868852459,2.721990126624537,2025
700187,"Taylor, Troy",2025,Mariners,R,2.745683332,0.0327868852459016,0.2622950819672131,0.0983606557377049,-5.330403568592547,0.6721311475409836,0.2295081967213114,7.985021704904077,0.1639344262295081,12.19367970454286,0.7213114754098361,0.1147540983606557,-8.101515420365647,61,0.1639344262295081,0.9508196721311476,0.1311475409836065,-3.2410644634832155,0.5737704918032787,0.2950819672131147,2.706659667611884,2025
691172,"Zulueta, Yosver",2025,Reds,R,2.125821543,0.1166666666666666,0.2,0.0833333333333333,-6.212579012364664,0.5666666666666667,0.35,8.050217312859584,0.2333333333333333,11.81669798666564,0.4666666666666667,0.3,-10.761907027346124,60,0.2666666666666666,0.9333333333333332,0.1833333333333333,-3.344209074235124,0.6333333333333333,0.1833333333333333,3.100374505533099,2025
681810,"Warren, Austin",2025,Mets,R,1.2003765,0.0166666666666666,0.1833333333333333,0.1,-5.783436266702279,0.6333333333333333,0.2666666666666666,7.159695882203261,0.0833333333333333,9.66241032113848,0.6666666666666666,0.25,-9.381639983932269,60,0.1666666666666666,0.9,0.05,-2.930575663049714,0.6333333333333333,0.3166666666666666,2.818452261840037,2025
697812,"Rock, Joe",2025,Rays,L,2.312371704,0.1016949152542373,0.2033898305084746,0.1016949152542373,-7.226102931211446,0.6440677966101694,0.2542372881355932,7.3467408581673235,0.1525423728813559,11.099441446125637,0.6610169491525424,0.1864406779661017,-9.285822667317069,59,0.2542372881355932,0.8813559322033898,0.2203389830508474,-3.468954817620778,0.5932203389830508,0.1864406779661017,3.0398508235386075,2025
663773,"Hoeing, Bryan",2025,Padres,R,1.48213922,0.0,0.2033898305084746,0.0508474576271186,-7.315522550178245,0.5423728813559322,0.4067796610169492,6.734950287873129,0.1525423728813559,9.958504154425516,0.6610169491525424,0.1864406779661017,-9.158379835977636,59,0.1694915254237288,0.9152542372881356,0.0847457627118644,-2.612420551646272,0.847457627118644,0.0677966101694915,2.2233508037335823,2025
801434,"Gervase, Paul",2025,zMLB,R,2.633327402,0.0689655172413793,0.2758620689655172,0.0862068965517241,-5.32558367682355,0.6551724137931034,0.2586206896551724,9.176532332654029,0.1379310344827586,14.163907041280044,0.6724137931034483,0.1896551724137931,-11.710799014871624,58,0.3448275862068966,0.9655172413793104,0.0344827586206896,-3.9507840400129934,0.6206896551724138,0.3448275862068966,3.485126484508014,2025
674944,"Guenther, Sean",2025,Tigers,L,2.282632328,0.0862068965517241,0.3103448275862069,0.0517241379310344,-6.007724613707116,0.6551724137931034,0.293103448275862,7.769317071926047,0.2586206896551724,11.32377260476919,0.5517241379310345,0.1896551724137931,-9.540556566683176,58,0.2068965517241379,0.9310344827586208,0.2068965517241379,-2.52388801725626,0.7068965517241379,0.0862068965517241,2.9256931285928967,2025
657024,"Swanson, Erik",2025,Blue Jays,R,5.62557132,0.0862068965517241,0.2241379310344827,0.0862068965517241,-5.164223880562394,0.6551724137931034,0.2586206896551724,9.76908785090452,0.2586206896551724,12.70127059341554,0.5344827586206896,0.2068965517241379,-10.807579241930618,58,0.1724137931034483,0.896551724137931,0.1724137931034483,-3.132400080138312,0.6896551724137931,0.1379310344827586,2.77252028309559,2025
605513,"Turnbull, Spencer",2025,Blue Jays,R,2.220197794,0.0517241379310344,0.3275862068965517,0.0344827586206896,-5.152508722858125,0.6724137931034483,0.293103448275862,8.293242477230676,0.2413793103448276,11.870827746200812,0.6724137931034483,0.0862068965517241,-11.051556830430568,58,0.2586206896551724,0.8620689655172413,0.1206896551724138,-3.2285639856951938,0.7586206896551724,0.1206896551724138,2.6197004303268043,2025
554431,"Matzek, Tyler",2025,Yankees,L,2.857481684,0.1052631578947368,0.2456140350877192,0.1578947368421052,-5.540662214716886,0.6666666666666666,0.175438596491228,7.348368909222366,0.1052631578947368,11.302657759194531,0.7543859649122807,0.1403508771929824,-11.34500787369618,57,0.2280701754385964,0.8771929824561403,0.1052631578947368,-5.604387343367483,0.5789473684210527,0.3157894736842105,3.072535714131483,2025
670950,"Richards, Trevor",2025,zMLB,R,3.197187623,0.0526315789473684,0.2807017543859649,0.0350877192982456,-4.136557114142976,0.8421052631578947,0.1228070175438596,8.873102220327652,0.1578947368421052,13.41064268483138,0.7017543859649122,0.1403508771929824,-9.329035181734612,57,0.2105263157894736,0.9298245614035088,0.0526315789473684,-5.551049098887888,0.631578947368421,0.3157894736842105,2.96555999898442,2025
647315,"Pop, Zach",2025,zMLB,R,1.921384934,0.0350877192982456,0.3508771929824561,0.1578947368421052,-8.064134336155673,0.6666666666666666,0.175438596491228,7.0722960516374656,0.1228070175438596,9.53135406491564,0.7719298245614035,0.1052631578947368,-10.973696932704655,57,0.1578947368421052,0.8947368421052632,0.0526315789473684,-6.134635190834678,0.7894736842105263,0.1578947368421052,2.9495027769801805,2025
642520,"Garabito, Gerson",2025,Rangers,R,2.297644835,0.0714285714285714,0.3035714285714285,0.0892857142857142,-5.579451291601676,0.6785714285714286,0.2321428571428571,7.769892547682295,0.2321428571428571,10.127238754188708,0.625,0.1428571428571428,-11.041510293701725,56,0.3214285714285714,0.9285714285714286,0.2321428571428571,-3.665133481999805,0.6607142857142857,0.1071428571428571,3.3894625347145064,2025
687424,"Maldonado, Anthony",2025,Athletics,R,5.245427433,0.1272727272727272,0.2545454545454545,0.0727272727272727,-4.8765425818433465,0.5272727272727272,0.4,10.85556726096364,0.3090909090909091,13.059384236977108,0.6,0.0909090909090909,-8.516747172037338,55,0.3090909090909091,0.8181818181818182,0.2,-3.9095286802571625,0.6363636363636364,0.1636363636363636,2.7981785370742966,2025
661527,"Martinez, Seth",2025,Marlins,R,1.709317272,0.0909090909090909,0.2181818181818181,0.109090909090909,-5.731998174422812,0.7090909090909091,0.1818181818181818,7.36539766774092,0.3272727272727272,14.338196571199726,0.4363636363636363,0.2363636363636363,-10.166984862378555,55,0.2363636363636363,0.8727272727272727,0.0909090909090909,-2.9991469010052825,0.7636363636363637,0.1454545454545454,3.3069749635880257,2025
669391,"White, Owen",2025,White Sox,R,2.791140792,0.037037037037037,0.2407407407407407,0.0925925925925925,-6.387844350151974,0.6481481481481481,0.2592592592592592,7.432513477083586,0.2037037037037037,11.129547048705652,0.7037037037037037,0.0925925925925925,-10.514881914995652,54,0.2037037037037037,0.9444444444444444,0.0925925925925925,-3.4933065128935348,0.6666666666666666,0.2407407407407407,2.932182141230033,2025
670810,"Gillaspie, Logan",2025,Padres,R,1.175628621,0.0185185185185185,0.2777777777777778,0.0555555555555555,-5.180626582417606,0.7222222222222222,0.2222222222222222,7.006339874990771,0.0185185185185185,11.010525248094964,0.6851851851851852,0.2962962962962963,-10.44227892189292,54,0.1851851851851851,0.8703703703703703,0.074074074074074,-2.9461772805487576,0.6851851851851852,0.2407407407407407,2.756644422098195,2025
666619,"Santos, Gregory",2025,Mariners,R,3.191782373,0.0185185185185185,0.2407407407407407,0.074074074074074,-5.968258161757797,0.6296296296296297,0.2962962962962963,6.20069525804862,0.1111111111111111,9.04806558697225,0.7592592592592593,0.1296296296296296,-8.882409113983325,54,0.0925925925925925,0.9074074074074074,0.0555555555555555,-3.0999176258163152,0.8148148148148148,0.1296296296296296,2.999899919650823,2025
622253,"Tate, Dillon",2025,Blue Jays,R,3.558111361,0.0555555555555555,0.1481481481481481,0.074074074074074,-6.232133285822409,0.6481481481481481,0.2777777777777778,8.562368607584705,0.3888888888888889,12.714218396157174,0.5555555555555556,0.0555555555555555,-9.340991851795428,54,0.2037037037037037,0.9444444444444444,0.1851851851851851,-3.009731313178729,0.7222222222222222,0.0925925925925925,2.6403952694097392,2025
592254,"De León, José",2025,Red Sox,R,3.632596588,0.0943396226415094,0.1509433962264151,0.0943396226415094,-6.784495878690126,0.5660377358490566,0.3396226415094339,8.643511816716323,0.4150943396226415,15.196809790892209,0.4528301886792453,0.1320754716981132,-8.54479787165605,53,0.3018867924528302,0.9245283018867924,0.1509433962264151,-3.846805432713954,0.6037735849056604,0.2452830188679245,2.724535554416457,2025
676272,"Miller, Bobby",2025,Dodgers,R,3.270855047,0.0784313725490196,0.2352941176470588,0.0588235294117647,-5.431906917722071,0.7254901960784313,0.2156862745098039,8.598884589334723,0.2156862745098039,12.968837812387704,0.6862745098039216,0.0980392156862745,-11.491550226525112,51,0.1764705882352941,0.8431372549019608,0.1568627450980392,-4.061564301685273,0.5686274509803921,0.2745098039215686,2.5939303526582345,2025
663474,"McKenzie, Triston",2025,Guardians,R,2.203758501,0.0784313725490196,0.2352941176470588,0.0588235294117647,-5.590573129878493,0.6862745098039216,0.2549019607843137,7.956625009979204,0.1176470588235294,11.882841038427872,0.803921568627451,0.0784313725490196,-8.209206118127176,51,0.2156862745098039,0.9803921568627452,0.0588235294117647,-3.4023212234284994,0.5098039215686274,0.4313725490196078,2.8614877514883466,2025
685068,"Ragsdale, Carson",2025,Orioles,R,1.023321156,0.02,0.28,0.08,-5.0334086633203805,0.78,0.14,6.262389922473685,0.26,11.710323778308798,0.64,0.1,-9.735271457706764,50,0.16,0.86,0.14,-2.87133068404856,0.74,0.12,3.1187619753273665,2025
674072,"Henry, Tommy",2025,Diamondbacks,L,1.54820861,0.08,0.2,0.1,-5.389759532194821,0.7,0.2,7.222887042689724,0.28,13.27123887246756,0.64,0.08,-10.651450095940111,50,0.3,0.86,0.2,-2.5459399928228703,0.58,0.22,2.944084932767649,2025
699134,"Rodriguez, Bradgley",2025,Padres,R,2.921489564,0.02,0.2,0.12,-6.491752912634388,0.62,0.26,8.75193630041736,0.2,13.57685264625926,0.72,0.08,-9.632184235915574,50,0.26,0.88,0.22,-3.2005430578135607,0.62,0.16,2.7302855601205787,2025
664849,"Young, Danny",2025,Mets,L,5.117727867,0.04,0.24,0.1,-5.3723070233923504,0.48,0.42,10.538913532548646,0.12,16.12970452516387,0.7,0.18,-9.87949314359031,50,0.34,0.84,0.2,-4.338889070859545,0.64,0.16,3.2713340441829226,2025
656420,"Feyereisen, J.P.",2025,zMLB,R,1.376047796,0.04,0.18,0.04,-7.252513159209474,0.68,0.28,5.900273358465797,0.14,10.135421131224549,0.84,0.02,-8.827835552933335,50,0.2,0.98,0.14,-2.7621107429675624,0.72,0.14,3.1950377058901043,2025
664948,"Misiewicz, Anthony",2025,Twins,L,3.208590889,0.0625,0.2291666666666666,0.0416666666666666,-6.943547831226754,0.625,0.3333333333333333,8.452492663291569,0.3541666666666667,11.270975150614644,0.625,0.0208333333333333,-7.810286374103937,48,0.2708333333333333,0.9375,0.1875,-3.334621560732978,0.6458333333333334,0.1666666666666666,2.571883679894391,2025
671162,"Thomas, Connor",2025,Brewers,L,0.956370635,0.0212765957446808,0.2340425531914893,0.0425531914893617,-9.1312877432229,0.723404255319149,0.2340425531914893,5.639723443180593,0.1276595744680851,8.709023677149354,0.723404255319149,0.1489361702127659,-9.717682450244968,47,0.1276595744680851,0.9787234042553192,0.1489361702127659,-2.6771418259449726,0.7446808510638298,0.1063829787234042,2.813986053282361,2025
605182,"Clevinger, Mike",2025,White Sox,R,1.498098652,0.0652173913043478,0.2608695652173913,0.108695652173913,-6.078964239082851,0.6739130434782609,0.217391304347826,8.092854396508198,0.217391304347826,10.65487923667739,0.6956521739130435,0.0869565217391304,-8.926136031155131,46,0.2608695652173913,0.9782608695652174,0.108695652173913,-4.26375548415451,0.6304347826086957,0.2608695652173913,3.2870742029374003,2025
687287,"Monteverde, Patrick",2025,Marlins,L,1.863501604,0.0444444444444444,0.2222222222222222,0.1777777777777777,-5.690581115503671,0.7333333333333333,0.0888888888888888,6.4940643722492375,0.1111111111111111,11.094284563726488,0.7777777777777778,0.1111111111111111,-9.5480308781155,45,0.1555555555555555,0.9111111111111112,0.1555555555555555,-3.1686493402924456,0.7555555555555555,0.0888888888888888,3.1217910670464675,2025
691441,"Mena, Cristian",2025,Diamondbacks,R,6.156647605,0.0888888888888888,0.1333333333333333,0.0666666666666666,-4.9825980160856185,0.5777777777777777,0.3555555555555555,8.444605332314573,0.2222222222222222,12.883975798481268,0.7777777777777778,0.0,,45,0.3111111111111111,0.9111111111111112,0.3111111111111111,-4.620678476036549,0.5555555555555556,0.1333333333333333,2.352677118318647,2025
676206,"Tarnok, Freddy",2025,Marlins,R,1.723739078,0.0444444444444444,0.2,0.0888888888888888,-5.266127251863902,0.7555555555555555,0.1555555555555555,6.934667785444474,0.1555555555555555,10.451110722082266,0.6,0.2444444444444444,-9.19461419893496,45,0.2222222222222222,0.9111111111111112,0.0666666666666666,-2.628095461521962,0.6222222222222222,0.3111111111111111,3.272029264587452,2025
680951,"Nikhazy, Doug",2025,Guardians,L,1.921095334,0.0888888888888888,0.2222222222222222,0.0444444444444444,-5.475568998121439,0.6666666666666666,0.2888888888888888,8.426947284831494,0.1111111111111111,10.546362995854354,0.6444444444444445,0.2444444444444444,-10.701018605506896,45,0.3333333333333333,0.8888888888888888,0.0666666666666666,-2.6584680593382592,0.5111111111111111,0.4222222222222222,3.2660685627717214,2025
607179,"Weems, Jordan",2025,Astros,R,4.631933134,0.0454545454545454,0.3409090909090909,0.0227272727272727,-4.3193511928693376,0.7272727272727273,0.25,9.093590113552024,0.1818181818181818,12.890653170136517,0.7727272727272727,0.0454545454545454,-8.648969745671817,44,0.25,0.9772727272727272,0.0454545454545454,-6.024081560149801,0.7272727272727273,0.2272727272727272,3.267025132310172,2025
677651,"Garcia, Luis",2025,Astros,R,3.880308098,0.0909090909090909,0.1590909090909091,0.0681818181818181,-4.876969449952245,0.7272727272727273,0.2045454545454545,10.983430767260806,0.3409090909090909,11.67699382333438,0.5909090909090909,0.0681818181818181,-11.77115069487926,44,0.25,0.8181818181818182,0.0909090909090909,-2.7982160641757057,0.4318181818181818,0.4772727272727273,2.8914300412429093,2025
676051,"Heuer, Codi",2025,zMLB,R,7.918582515,0.1363636363636363,0.25,0.0227272727272727,-4.061888835921174,0.5227272727272727,0.4545454545454545,12.238802779106068,0.3181818181818182,17.288163525197284,0.6590909090909091,0.0227272727272727,-8.424471173487015,44,0.3409090909090909,0.9545454545454546,0.2045454545454545,-4.1334605862550005,0.6590909090909091,0.1363636363636363,3.022766952529912,2025
670766,"McCaughan, Darren",2025,Twins,R,3.69738672,0.0232558139534883,0.2558139534883721,0.0465116279069767,-5.835717313692092,0.5813953488372093,0.3720930232558139,10.311572765694809,0.2558139534883721,14.766956109914869,0.6976744186046512,0.0465116279069767,-9.66265146401792,43,0.2790697674418604,0.9069767441860463,0.0465116279069767,-2.170752667189271,0.7209302325581395,0.2325581395348837,3.0036853270221844,2025
686654,"Adcock, Ty",2025,Mets,R,1.27417732,0.0697674418604651,0.0930232558139534,0.0,,0.7906976744186046,0.2093023255813953,7.113773682447483,0.0697674418604651,8.376207863717113,0.7906976744186046,0.1395348837209302,-10.632590973285984,43,0.1860465116279069,0.9534883720930232,0.0465116279069767,-4.122431273108727,0.5813953488372093,0.3720930232558139,2.879258213612069,2025
689520,"Laweryson, Cody",2025,Twins,R,2.602452935,0.0476190476190476,0.1904761904761904,0.0476190476190476,-6.287153457138016,0.5714285714285714,0.3809523809523809,7.715162074387927,0.119047619047619,9.879144518255622,0.7142857142857143,0.1666666666666666,-9.830522581453002,42,0.2857142857142857,0.8809523809523809,0.0238095238095238,-2.1394968572669857,0.5238095238095238,0.4523809523809524,3.151637300949308,2025
664129,"Hartlieb, Geoff",2025,zMLB,R,3.60346408,0.1428571428571428,0.2142857142857142,0.0952380952380952,-6.545236256974835,0.6428571428571429,0.2619047619047619,9.36064185539368,0.2619047619047619,14.03225484980892,0.5952380952380952,0.1428571428571428,-9.346971072966268,42,0.2619047619047619,0.9047619047619048,0.1904761904761904,-3.092044902234828,0.6428571428571429,0.1666666666666666,2.9537466879755288,2025
623465,"Phillips, Evan",2025,Dodgers,R,3.030389328,0.048780487804878,0.1951219512195122,0.1463414634146341,-6.290759878488941,0.6341463414634146,0.2195121951219512,10.755483868902378,0.1707317073170731,11.601966611755929,0.7560975609756098,0.073170731707317,-11.258361750602935,41,0.3170731707317073,0.8048780487804879,0.0975609756097561,-3.376655686442221,0.6097560975609756,0.2926829268292683,3.060443752018408,2025
696131,"Black, Mason",2025,Giants,R,1.939770496,0.024390243902439,0.2926829268292683,0.0975609756097561,-5.391413584659705,0.7804878048780488,0.1219512195121951,7.408666061961439,0.073170731707317,11.722836137123078,0.8780487804878049,0.048780487804878,-8.685071197282959,41,0.1951219512195122,0.951219512195122,0.0975609756097561,-3.5533540705779965,0.6341463414634146,0.2682926829268293,2.4386221406051427,2025
686747,"La Sorsa, Joe",2025,Reds,L,1.790794752,0.073170731707317,0.4146341463414634,0.048780487804878,-5.955779664546338,0.7073170731707317,0.2439024390243902,6.79428540611702,0.1951219512195122,12.39158960971992,0.6341463414634146,0.1707317073170731,-9.62173178289277,41,0.0975609756097561,0.8536585365853658,0.0975609756097561,-2.5192119280770022,0.8536585365853658,0.048780487804878,3.031502485038112,2025
671305,"Otañez, Michel",2025,Athletics,R,10.295761473,0.1951219512195122,0.3414634146341463,0.024390243902439,-7.783349449211503,0.7073170731707317,0.2682926829268293,20.464558476525006,0.2682926829268293,18.10910363392979,0.6341463414634146,0.0975609756097561,-11.044983399872413,41,0.3658536585365853,0.7317073170731707,0.2439024390243902,-3.928614066906444,0.5121951219512195,0.2439024390243902,3.125742236121904,2025
612434,"Castro, Miguel",2025,White Sox,R,2.214391463,0.075,0.25,0.05,-5.381910030189475,0.575,0.375,6.959460467165775,0.25,11.531711108930551,0.675,0.075,-9.728429137549158,40,0.175,0.925,0.1,-3.385183371155522,0.725,0.175,2.7921615937066657,2025
621057,"Garza, Justin",2025,Mets,R,1.372084491,0.0,0.3333333333333333,0.1538461538461538,-4.903550323918352,0.6666666666666666,0.1794871794871795,5.233172230774804,0.0256410256410256,7.720853244483064,0.7435897435897436,0.2307692307692307,-8.50751242332847,39,0.1538461538461538,0.8974358974358975,0.0769230769230769,-3.677906833854605,0.6923076923076923,0.2307692307692307,2.902573168300288,2025
605242,"Fulmer, Michael",2025,zMLB,R,2.36988444,0.0,0.282051282051282,0.0256410256410256,-5.432252368919581,0.6410256410256411,0.3333333333333333,6.626131088150268,0.282051282051282,10.788684318494134,0.6410256410256411,0.0769230769230769,-11.08054437032962,39,0.1282051282051282,0.9743589743589745,0.1025641025641025,-3.35032856412234,0.6923076923076923,0.2051282051282051,2.670184708223122,2025
663362,"Waldron, Matt",2025,Padres,R,3.75319476,0.0769230769230769,0.2307692307692307,0.0512820512820512,-7.299265080056839,0.717948717948718,0.2307692307692307,8.655127386424288,0.2564102564102564,13.711347066239703,0.6666666666666666,0.0769230769230769,-8.191154055879815,39,0.1538461538461538,0.9230769230769232,0.0769230769230769,-4.894995186409386,0.7692307692307693,0.1538461538461538,2.5995932347099573,2025
642759,"Fernández, Julian",2025,zMLB,R,2.414340047,0.0789473684210526,0.2368421052631578,0.0263157894736842,-4.603036907923105,0.7368421052631579,0.2368421052631578,8.491883191894853,0.131578947368421,13.105834839949429,0.7368421052631579,0.131578947368421,-12.580837495050854,38,0.2631578947368421,0.8947368421052632,0.0526315789473684,-3.2545668075203413,0.6578947368421053,0.2894736842105263,2.792943042810089,2025
625643,"López, Reynaldo",2025,Braves,R,1.99897773,0.0263157894736842,0.4210526315789473,0.0263157894736842,-4.329686563200738,0.7631578947368421,0.2105263157894736,6.26584480267049,0.1842105263157894,10.958603846800996,0.7105263157894737,0.1052631578947368,-9.712677759814444,38,0.0789473684210526,0.9736842105263158,0.0263157894736842,-3.4159397909311218,0.7894736842105263,0.1842105263157894,2.344121001667391,2025
688107,"Gasser, Robert",2025,Brewers,L,3.203681965,0.0,0.2894736842105263,0.1052631578947368,-5.437140776319782,0.7105263157894737,0.1842105263157894,11.755409912870606,0.2368421052631578,13.775322826184963,0.6578947368421053,0.1052631578947368,-11.567201526066238,38,0.2631578947368421,0.8947368421052632,0.0789473684210526,-2.493680377346189,0.7368421052631579,0.1842105263157894,3.413198397091027,2025
669145,"Zimmermann, Bruce",2025,Brewers,L,4.671348066,0.0789473684210526,0.3684210526315789,0.1052631578947368,-5.149638138512792,0.7105263157894737,0.1842105263157894,8.398852600683183,0.3421052631578947,13.54059267291639,0.6578947368421053,0.0,,38,0.1052631578947368,0.9473684210526316,0.2368421052631578,-2.6303730580432494,0.7105263157894737,0.0526315789473684,2.475768849743848,2025
677020,"Walker, Josh",2025,Blue Jays,L,2.310859681,0.0789473684210526,0.2368421052631578,0.0526315789473684,-5.9361153558340405,0.7368421052631579,0.2105263157894736,5.589614770498383,0.2894736842105263,11.697100935577453,0.6578947368421053,0.0526315789473684,-10.63137302029325,38,0.3421052631578947,0.8947368421052632,0.1842105263157894,-4.792986131179877,0.5263157894736842,0.2894736842105263,3.075912627333392,2025
690829,"Joyce, Ben",2025,Angels,R,1.277445323,0.027027027027027,0.3513513513513513,0.0,,0.8108108108108109,0.1891891891891892,6.365539433368517,0.0,,0.8108108108108109,0.1891891891891892,-10.379933573290936,37,0.2162162162162162,1.0,0.054054054054054,-3.3222667835124016,0.6216216216216216,0.3243243243243243,3.338479041612744,2025
605218,"Edwards Jr., Carl",2025,zMLB,R,4.171121158,0.1351351351351351,0.1081081081081081,0.027027027027027,-4.724928086357036,0.5945945945945946,0.3783783783783784,9.105992333671932,0.2972972972972973,14.895523344358994,0.6486486486486487,0.054054054054054,-9.898256747464483,37,0.3513513513513513,0.918918918918919,0.1351351351351351,-4.220795409717295,0.5405405405405406,0.3243243243243243,3.285241519673753,2025
663558,"Morán, Jovani",2025,Red Sox,L,5.894210047,0.2222222222222222,0.1111111111111111,0.1388888888888889,-5.246658308289177,0.4166666666666667,0.4444444444444444,9.920441203505328,0.4166666666666667,15.149559268153386,0.4444444444444444,0.1388888888888889,-12.795816212754472,36,0.3611111111111111,0.8333333333333334,0.3055555555555556,-4.08000612984651,0.5555555555555556,0.1388888888888889,3.0806779017184827,2025
675650,"Mercado, Michael",2025,Phillies,R,3.596744733,0.1111111111111111,0.25,0.0833333333333333,-4.564246838613478,0.6944444444444444,0.2222222222222222,7.845143519837993,0.1111111111111111,14.206953584225898,0.6944444444444444,0.1944444444444444,-10.461096627719384,36,0.2222222222222222,0.8333333333333334,0.1388888888888889,-4.97048496260839,0.5277777777777778,0.3333333333333333,3.055774265192478,2025
595897,"Burdi, Nick",2025,Red Sox,R,4.292132973,0.0285714285714285,0.2,0.2,-5.039480353980515,0.6285714285714286,0.1714285714285714,11.4985122737396,0.1428571428571428,11.216934417199012,0.6571428571428571,0.2,-11.308824993561934,35,0.2,0.9428571428571428,0.1142857142857142,-3.137888516229889,0.6571428571428571,0.2285714285714285,2.653514018496097,2025
676680,"Cosgrove, Tom",2025,Cubs,L,3.037118066,0.0857142857142857,0.1714285714285714,0.1142857142857142,-6.024775906141316,0.4857142857142857,0.4,14.713975993375676,0.2571428571428571,12.697913464650265,0.6,0.1428571428571428,-17.396942442432508,35,0.2,0.9428571428571428,0.0285714285714285,-3.3115512366305,0.8,0.1714285714285714,4.335023892581054,2025
692024,"Carrillo, Alex",2025,Mets,R,2.056176148,0.0588235294117647,0.2058823529411764,0.1176470588235294,-5.563552636833591,0.5882352941176471,0.2941176470588235,10.237941296408824,0.2058823529411764,10.235333078623851,0.7058823529411765,0.088235294117647,-12.279482279517731,34,0.3529411764705882,0.8529411764705882,0.0588235294117647,-2.806071704310427,0.6176470588235294,0.3235294117647059,3.085982058344296,2025
687847,"Church, Marc",2025,Rangers,R,3.298552133,0.1176470588235294,0.2352941176470588,0.0294117647058823,-5.56452097059255,0.5294117647058824,0.4411764705882353,7.81173729530514,0.2941176470588235,11.722272861502706,0.6470588235294118,0.0588235294117647,-10.579317483673844,34,0.2941176470588235,0.9705882352941176,0.1764705882352941,-3.1418292445025857,0.5882352941176471,0.2352941176470588,2.6685695962584446,2025
673965,"Freeman, Caleb",2025,White Sox,R,3.59100942,0.0303030303030303,0.1818181818181818,0.1515151515151515,-5.4998436476575945,0.696969696969697,0.1515151515151515,7.4134539549446545,0.0909090909090909,13.076426279943355,0.696969696969697,0.2121212121212121,-9.612328704173352,33,0.0909090909090909,0.8787878787878788,0.0909090909090909,-2.7717619381680043,0.7575757575757576,0.1515151515151515,2.301539670961296,2025
640454,"Krook, Matt",2025,Athletics,L,2.4659577,0.0625,0.21875,0.03125,-5.177211374077839,0.6875,0.28125,8.687245918669813,0.28125,10.148365288450854,0.59375,0.125,-12.534067790950177,32,0.21875,0.96875,0.1875,-3.152114469608548,0.71875,0.09375,2.4119611483369523,2025
678316,"Cruz, Omar",2025,Padres,L,3.821175301,0.1935483870967742,0.2258064516129032,0.0967741935483871,-7.754216886513645,0.5806451612903226,0.3225806451612903,8.364392511322094,0.1935483870967742,17.17077768860506,0.5483870967741935,0.2580645161290322,-10.04180604498983,31,0.3870967741935484,0.8387096774193549,0.1612903225806451,-4.85671408902,0.4516129032258064,0.3870967741935484,3.331750255602844,2025
691769,"Abner, Philip",2025,Diamondbacks,L,1.259991472,0.064516129032258,0.1612903225806451,0.032258064516129,-5.80266570105124,0.8064516129032258,0.1612903225806451,7.484549611598785,0.2580645161290322,12.024107201632006,0.5806451612903226,0.1612903225806451,-13.425672999670002,31,0.2580645161290322,0.8709677419354839,0.0,,0.5161290322580645,0.4838709677419355,3.348005851609206,2025
677976,"Dobnak, Randy",2025,Twins,R,5.637566765,0.0,0.3870967741935484,0.032258064516129,-5.941600803974449,0.7096774193548387,0.2580645161290322,9.159186043718258,0.064516129032258,11.57535501335144,0.6451612903225806,0.2903225806451613,-10.06467488324513,31,0.1612903225806451,0.935483870967742,0.064516129032258,-3.4023420910556426,0.8709677419354839,0.064516129032258,2.6268860827529816,2025
680702,"Gerber, Joey",2025,Rays,R,1.296411726,0.032258064516129,0.1935483870967742,0.1612903225806451,-5.953005518655834,0.6451612903225806,0.1935483870967742,5.043043538404939,0.032258064516129,7.905857206224769,0.7096774193548387,0.2580645161290322,-10.340420506388858,31,0.2258064516129032,0.8387096774193549,0.0,,0.6451612903225806,0.3548387096774194,2.865293178732621,2025
656257,"Brigham, Jeff",2025,Diamondbacks,R,0.935843229,0.032258064516129,0.2903225806451613,0.1290322580645161,-4.9565327446126775,0.7419354838709677,0.1290322580645161,6.27306039702973,0.0967741935483871,9.597093558444008,0.7419354838709677,0.1612903225806451,-9.500536521351,31,0.1290322580645161,0.935483870967742,0.0,,0.6451612903225806,0.3548387096774194,2.960469877138344,2025
622780,"Perdomo, Angel",2025,Athletics,L,1.324383334,0.0333333333333333,0.2,0.1333333333333333,-5.998331715597291,0.8,0.0666666666666666,6.10290229803849,0.1,8.843647609531963,0.6,0.3,-8.812376637227974,30,0.2,0.8,0.0333333333333333,-3.6267392503692464,0.6333333333333333,0.3333333333333333,3.299805702396513,2025
571771,"Hernández, Enrique",2025,Dodgers,R,2.371619446,0.0333333333333333,0.1333333333333333,0.1,-4.6352479021065625,0.5666666666666667,0.3333333333333333,6.843295016762341,0.6333333333333333,22.57031311823705,0.2666666666666666,0.1,-14.477903314079938,30,0.1666666666666666,0.9666666666666668,0.1,-3.1587319438829105,0.8333333333333334,0.0666666666666666,2.241085844172772,2025
641585,"France, J.P.",2025,Astros,R,4.142183295,0.1333333333333333,0.1666666666666666,0.0333333333333333,-6.970402594338417,0.6666666666666666,0.3,7.540769304361598,0.2333333333333333,11.681197351769065,0.6333333333333333,0.1333333333333333,-12.559832882259418,30,0.3,0.8666666666666667,0.1666666666666666,-5.258546805715652,0.4333333333333333,0.4,3.136506040694684,2025
547001,"Poteet, Cody",2025,Orioles,R,1.583589548,0.1034482758620689,0.3448275862068966,0.0689655172413793,-5.149395931512832,0.7241379310344828,0.2068965517241379,6.157772556281007,0.2413793103448276,10.720050366830296,0.6896551724137931,0.0689655172413793,-8.647338485032662,29,0.2068965517241379,1.0,0.1379310344827586,-3.398825662358917,0.6896551724137931,0.1724137931034483,2.8884521212857512,2025
669947,"Scholtens, Jesse",2025,Rays,R,1.36049069,0.0344827586206896,0.1379310344827586,0.1034482758620689,-5.87173071714982,0.4482758620689655,0.4482758620689655,7.60204503398416,0.0689655172413793,7.635015796407331,0.7241379310344828,0.2068965517241379,-9.667788266975723,29,0.2758620689655172,0.9310344827586208,0.1034482758620689,-2.656077659611001,0.5517241379310345,0.3448275862068966,2.554594516373569,2025
534910,"Hahn, Jesse",2025,Mariners,R,2.963161171,0.0357142857142857,0.3571428571428571,0.1428571428571428,-5.1755314821163125,0.6071428571428571,0.25,9.62686307067798,0.1428571428571428,15.067747461781572,0.6071428571428571,0.25,-9.92401189161989,28,0.25,0.8214285714285714,0.0357142857142857,-3.8955160389013472,0.7857142857142857,0.1785714285714285,3.224181054778668,2025
605507,"Thompson, Zach",2025,Braves,R,1.899606864,0.0357142857142857,0.1428571428571428,0.0714285714285714,-6.187700726279509,0.75,0.1785714285714285,7.074159561414012,0.2857142857142857,10.800175118017773,0.3571428571428571,0.3571428571428571,-10.126835099067945,28,0.1785714285714285,0.8571428571428571,0.1428571428571428,-2.975475631655639,0.5714285714285714,0.2857142857142857,2.649208558102372,2025
691094,"Wynne, Randy",2025,Reds,R,0.402995912,0.074074074074074,0.2592592592592592,0.074074074074074,-7.23752507810627,0.6296296296296297,0.2962962962962963,5.035791127870758,0.2222222222222222,11.317549531049572,0.5925925925925926,0.1851851851851851,-10.218146515619152,27,0.1111111111111111,0.8518518518518519,0.1111111111111111,-2.6498136278278888,0.5555555555555556,0.3333333333333333,2.5950727378762,2025
805427,"Sommers, Drew",2025,Tigers,L,6.271030797,0.1111111111111111,0.2592592592592592,0.037037037037037,-5.237689524643518,0.6666666666666666,0.2962962962962963,12.28415574258274,0.2962962962962963,15.377021565363188,0.4814814814814814,0.2222222222222222,-10.132675358883285,27,0.2592592592592592,0.7777777777777778,0.2962962962962963,-3.464527529831822,0.5925925925925926,0.1111111111111111,3.052028683712784,2025
802686,"Harris, Hayden",2025,Braves,L,7.467517632,0.037037037037037,0.2962962962962963,0.1481481481481481,-5.66318171664221,0.7407407407407407,0.1111111111111111,6.89025086578911,0.037037037037037,20.470242507427788,0.6666666666666666,0.2962962962962963,-10.237553718738743,27,0.037037037037037,0.9629629629629628,0.1111111111111111,-2.308950271932132,0.7037037037037037,0.1851851851851851,2.724464473132272,2025
691548,"Muñoz, Rolddy",2025,Braves,R,3.85091077,0.1111111111111111,0.1111111111111111,0.1111111111111111,-6.4798826294676,0.4444444444444444,0.4444444444444444,8.164042443461947,0.1481481481481481,10.63127008170989,0.6666666666666666,0.1851851851851851,-8.775291073572804,27,0.4074074074074074,0.8888888888888888,0.3703703703703703,-3.835830475990895,0.4444444444444444,0.1851851851851851,4.132853046405344,2025
669193,"Little, Jack",2025,Dodgers,R,3.896508441,0.16,0.4,0.08,-5.564955538532312,0.56,0.36,11.152427708014567,0.24,12.338540566607172,0.72,0.04,-17.7927814692755,25,0.32,0.88,0.2,-2.802266829917743,0.64,0.16,2.740026638564724,2025
680604,"Castaño, Blas",2025,Mariners,R,0.42175344,0.0,0.32,0.08,-4.419894149778836,0.76,0.16,6.102418662711822,0.08,10.353642031345544,0.8,0.12,-11.30618671771619,25,0.04,0.92,0.08,-2.4819240931521485,0.76,0.16,2.273179482603747,2025
682995,"Barco, Hunter",2025,Pirates,L,2.453885531,0.0416666666666666,0.25,0.0833333333333333,-4.517674238179691,0.7083333333333334,0.2083333333333333,7.9896565961576,0.1666666666666666,12.862211202919507,0.7916666666666666,0.0416666666666666,-10.122602326687558,24,0.375,0.9583333333333334,0.1666666666666666,-3.8110885016156826,0.5833333333333334,0.25,3.07048736952944,2025
673820,"Piña, Robinson",2025,zMLB,R,3.88211706,0.0416666666666666,0.25,0.0416666666666666,-6.801297284246569,0.5833333333333334,0.375,8.829741289874534,0.25,13.48133297301531,0.7083333333333334,0.0416666666666666,-7.213279174797475,24,0.2083333333333333,0.9166666666666666,0.0833333333333333,-2.048896629249341,0.7083333333333334,0.2083333333333333,2.8625964224052955,2025
664353,"Urquidy, José",2025,Tigers,R,2.598058424,0.1666666666666666,0.1666666666666666,0.0416666666666666,-7.386778218130274,0.4166666666666667,0.5416666666666666,8.704606985318929,0.5,11.07935711098571,0.4583333333333333,0.0416666666666666,-9.00184683222572,24,0.4166666666666667,0.9166666666666666,0.1666666666666666,-3.737677423835632,0.5833333333333334,0.25,2.733319759360552,2025
692030,"Corniell, Jose",2025,Rangers,R,2.780900657,0.0869565217391304,0.1739130434782608,0.0869565217391304,-5.845476509378505,0.7391304347826086,0.1739130434782608,9.782189687689495,0.1304347826086956,11.459678189097872,0.782608695652174,0.0869565217391304,-8.146646712683205,23,0.3043478260869565,0.9130434782608696,0.0869565217391304,-2.896877522160336,0.4782608695652174,0.4347826086956521,2.898007248203211,2025
675540,"Curry, Xzavion",2025,Marlins,R,2.836946364,0.0,0.2608695652173913,0.0434782608695652,-5.651699952176976,0.8260869565217391,0.1304347826086956,8.508584380996096,0.3043478260869565,13.381481987219994,0.6086956521739131,0.0869565217391304,-10.824229658204253,23,0.0434782608695652,0.9130434782608696,0.0434782608695652,-2.7967075477928662,0.7391304347826086,0.217391304347826,2.4425243724584087,2025
687074,"Owens, Tyler",2025,Tigers,R,2.816868428,0.0476190476190476,0.2857142857142857,0.0952380952380952,-6.165640751997543,0.5714285714285714,0.3333333333333333,8.974577646675005,0.0,,0.7142857142857143,0.2857142857142857,-10.323925333009496,21,0.1904761904761904,0.8095238095238095,0.0952380952380952,-2.539263620314865,0.6190476190476191,0.2857142857142857,2.745801966152745,2025
700270,"Díaz, Yilber",2025,Diamondbacks,R,1.363650012,0.0,0.3,0.05,-4.035890254657037,0.95,0.0,,0.05,7.024628628737605,0.8,0.15,-13.331870799266412,20,0.1,0.9,0.0,,0.55,0.45,2.944966806604911,2025
672724,"Peraza, Oswald",2025,Angels,R,0.782987286,0.1052631578947368,0.3684210526315789,0.0526315789473684,-4.433080667719523,0.8421052631578947,0.1052631578947368,5.172408125181892,0.4210526315789473,20.63639488859457,0.5263157894736842,0.0526315789473684,-9.856081621117784,19,0.1052631578947368,1.0,0.2631578947368421,-2.696855211050826,0.7368421052631579,0.0,,2025
476594,"Stock, Robert",2025,Red Sox,R,0.917337701,0.0526315789473684,0.3684210526315789,0.1578947368421052,-6.173412182047973,0.6842105263157895,0.1578947368421052,6.274447265364347,0.0526315789473684,9.57816339940496,0.8421052631578947,0.1052631578947368,-7.975759693208674,19,0.2105263157894736,1.0,0.0,,0.7894736842105263,0.2105263157894736,3.421908490198047,2025
676969,"de Geus, Brett",2025,Phillies,R,0.962137668,0.0,0.3333333333333333,0.0,,0.7777777777777778,0.2222222222222222,5.015504559317834,0.0555555555555555,11.779127118348873,0.6111111111111112,0.3333333333333333,-10.081787904257656,18,0.0555555555555555,0.9444444444444444,0.0,,0.7777777777777778,0.2222222222222222,2.864739129869525,2025
681432,"Little, Luke",2025,Cubs,L,1.16603991,0.0555555555555555,0.1111111111111111,0.1666666666666666,-4.733779661597176,0.5555555555555556,0.2777777777777778,5.57763228260665,0.1666666666666666,11.997567167790518,0.5555555555555556,0.2777777777777778,-12.296762406714574,18,0.2222222222222222,0.7777777777777778,0.2777777777777778,-2.971557433450982,0.6111111111111112,0.1111111111111111,3.0457862105134064,2025
675989,"Bolton, Cody",2025,Guardians,R,3.38990649,0.0588235294117647,0.2352941176470588,0.0,,0.7647058823529411,0.2352941176470588,13.29413949183876,0.2941176470588235,11.08761072649058,0.5882352941176471,0.1176470588235294,-9.731930907637292,17,0.1176470588235294,0.8235294117647058,0.1764705882352941,-3.1362056238750915,0.6470588235294118,0.1764705882352941,2.493506161618663,2025
664744,"Espada, Jose",2025,Orioles,R,4.373120344,0.0,0.2352941176470588,0.0,,0.7647058823529411,0.2352941176470588,7.571715372312029,0.1764705882352941,11.311038475260116,0.7647058823529411,0.0588235294117647,-11.421500492524231,17,0.4705882352941176,0.7647058823529411,0.2352941176470588,-5.834523877550127,0.5294117647058824,0.2352941176470588,3.505734495864324,2025
686753,"Jameson, Drey",2025,Diamondbacks,R,3.550933888,0.0,0.2352941176470588,0.0,,0.4705882352941176,0.5294117647058824,7.911789650494232,0.1764705882352941,9.077932807763665,0.6470588235294118,0.1764705882352941,-9.643305852796049,17,0.2352941176470588,0.9411764705882352,0.1176470588235294,-3.4036757526637755,0.7647058823529411,0.1176470588235294,2.7406384026353265,2025
801216,"Montes De Oca, Christian",2025,Diamondbacks,R,1.410502368,0.0625,0.0625,0.0625,-5.909399918519032,0.5625,0.375,5.349794820888676,0.25,11.438375689089678,0.6875,0.0625,-10.038066797770174,16,0.3125,1.0,0.1875,-2.089858403507659,0.5,0.3125,3.37709680732469,2025
621114,"Burr, Ryan",2025,Blue Jays,R,4.610211194,0.375,0.0625,0.0,,0.375,0.625,9.024679916927209,0.6875,12.368120670358806,0.1875,0.125,-9.748891784752452,16,0.5625,0.9375,0.4375,-3.908702138500423,0.4375,0.125,3.599362050518878,2025
657053,"Toussaint, Touki",2025,Angels,R,4.684550539,0.0625,0.1875,0.0625,-8.396788754035285,0.5625,0.375,7.950159044670418,0.375,12.957025576862966,0.5,0.125,-14.855978889009492,16,0.375,0.875,0.375,-5.23779111598974,0.625,0.0,,2025
687166,"Pope, Austin",2025,Diamondbacks,R,1.056185988,0.0,0.3125,0.0,,0.8125,0.1875,6.559285418095798,0.0625,12.385717388382098,0.6875,0.25,-13.3647012297623,16,0.125,0.9375,0.0625,-2.3119593843645827,0.8125,0.125,3.33177363797181,2025
685005,"Roa, Christian",2025,Marlins,R,,0.0666666666666666,0.3333333333333333,0.0,,0.6,0.4,5.598993709635342,0.1333333333333333,10.616975178685234,0.7333333333333333,0.1333333333333333,-10.136191524143063,15,0.1333333333333333,0.9333333333333332,0.0666666666666666,-2.303652395053085,0.6666666666666666,0.2666666666666666,2.4804820722519136,2025
689958,"Walters, Andrew",2025,Guardians,R,2.34629993,0.1333333333333333,0.1333333333333333,0.0666666666666666,-4.63111380502589,0.8,0.1333333333333333,9.177407692719862,0.2,13.172997927030416,0.7333333333333333,0.0666666666666666,-15.106709886062433,15,0.4,0.8666666666666667,0.0666666666666666,-7.18155503792193,0.4666666666666667,0.4666666666666667,3.107217623750471,2025
686249,"Wiles, Nathan",2025,Braves,R,4.958732676,0.0714285714285714,0.1428571428571428,0.0714285714285714,-4.136654024368536,0.6428571428571429,0.2857142857142857,6.18687425956518,0.1428571428571428,12.956525811473858,0.6428571428571429,0.2142857142857142,-7.975433157186381,14,0.1428571428571428,1.0,0.0714285714285714,-3.637905365077737,0.7142857142857143,0.2142857142857142,2.4850830702589346,2025
682144,"Sandridge, Jayvien",2025,Yankees,L,2.272259235,0.1428571428571428,0.0714285714285714,0.0,,0.7142857142857143,0.2857142857142857,8.47941166523549,0.2857142857142857,12.200476007614416,0.5,0.2142857142857142,-10.52061535172482,14,0.2857142857142857,0.9285714285714286,0.1428571428571428,-4.014597713941882,0.7142857142857143,0.1428571428571428,3.442637488350943,2025
677961,"Wilcox, Cole",2025,Rays,R,2.23584126,0.0,0.2142857142857142,0.0714285714285714,-5.116978574416134,0.7142857142857143,0.2142857142857142,7.304179607482603,0.1428571428571428,8.024266239401799,0.7142857142857143,0.1428571428571428,-7.461046042905467,14,0.0714285714285714,1.0,0.0,,0.7857142857142857,0.2142857142857142,2.214811284842584,2025
646242,"Díaz, Jhonathan",2025,Mariners,L,1.087536942,0.0,0.0769230769230769,0.1538461538461538,-5.794295238509161,0.6153846153846154,0.2307692307692307,6.32133299790301,0.1538461538461538,11.483059284801213,0.7692307692307693,0.0769230769230769,-9.500518875026648,13,0.1538461538461538,0.9230769230769232,0.0769230769230769,-3.315811496073636,0.7692307692307693,0.1538461538461538,2.5097190851530744,2025
669449,"Palisch, Jake",2025,White Sox,L,2.790664254,0.0,0.1538461538461538,0.3076923076923077,-5.182583744596091,0.5384615384615384,0.1538461538461538,4.413338146710366,0.0,,0.6923076923076923,0.3076923076923077,-10.07823780518773,13,0.1538461538461538,0.9230769230769232,0.3076923076923077,-3.584402751956036,0.5384615384615384,0.1538461538461538,2.5093941795118666,2025
650671,"Quijada, José",2025,Angels,L,0.547291633,0.0,0.2307692307692307,0.0,,0.8461538461538461,0.1538461538461538,7.823958665555317,0.0769230769230769,12.11201981261896,0.7692307692307693,0.1538461538461538,-7.3247528174340495,13,0.3076923076923077,0.9230769230769232,0.0,,0.5384615384615384,0.4615384615384615,2.9498753837050287,2025
669459,"Nelson, Kyle",2025,Diamondbacks,L,1.730751936,0.0769230769230769,0.2307692307692307,0.0,,0.7692307692307693,0.2307692307692307,5.082600915100596,0.4615384615384615,9.096361123698156,0.4615384615384615,0.0769230769230769,-8.27884418567865,13,0.2307692307692307,0.9230769230769232,0.2307692307692307,-3.3951846044893945,0.4615384615384615,0.3076923076923077,2.4838632645699725,2025
656638,"Lange, Alex",2025,Tigers,R,3.743179989,0.1666666666666666,0.25,0.0,,0.5833333333333334,0.4166666666666667,7.949862099024608,0.3333333333333333,11.123832716203635,0.5833333333333334,0.0833333333333333,-7.3290780984820305,12,0.4166666666666667,1.0,0.1666666666666666,-4.151556081344764,0.6666666666666666,0.1666666666666666,2.553802416669169,2025
702752,"Pintaro, Jonathan",2025,Mets,R,1.492973448,0.0,0.1666666666666666,0.3333333333333333,-5.723551704299598,0.4166666666666667,0.25,7.921862174998601,0.0833333333333333,8.423078673560891,0.75,0.1666666666666666,-9.983703311653558,12,0.25,0.9166666666666666,0.0,,0.5833333333333334,0.4166666666666667,3.10669359778044,2025
665665,"Sanmartin, Reiver",2025,Reds,L,1.03801227,0.0833333333333333,0.0833333333333333,0.0833333333333333,-12.193547979340211,0.4166666666666667,0.5,6.158664411947851,0.0,,0.8333333333333334,0.1666666666666666,-9.698871820011174,12,0.1666666666666666,1.0,0.1666666666666666,-2.598796793981947,0.5833333333333334,0.25,2.3890279897562365,2025
676510,"Hoffman, Nolan",2025,Phillies,R,1.576699956,0.0909090909090909,0.0909090909090909,0.0,,0.6363636363636364,0.3636363636363636,6.77651158169407,0.2727272727272727,11.038592237759731,0.3636363636363636,0.3636363636363636,-9.117976242165438,11,0.1818181818181818,0.9090909090909092,0.1818181818181818,-3.5163089322987515,0.7272727272727273,0.0909090909090909,4.110712631318121,2025
675919,"Raquet, Nick",2025,Cardinals,L,3.813870014,0.0,0.3636363636363636,0.1818181818181818,-5.640166359722274,0.4545454545454545,0.3636363636363636,8.031821742671738,0.0909090909090909,12.846165598184864,0.8181818181818182,0.0909090909090909,-7.514089025203474,11,0.1818181818181818,1.0,0.0,,0.7272727272727273,0.2727272727272727,2.685286165437164,2025
669717,"Wilson, Will",2025,Guardians,R,,0.0,0.0,0.0,,1.0,0.0,,1.0,14.354342180089382,0.0,0.0,,10,0.0,1.0,0.0,,0.8,0.2,2.855901994208444,2025
681146,"Bride, Jonah",2025,Twins,R,0.525342132,0.0,0.4,0.0,,0.9,0.1,4.5054638892205645,0.6,10.879339161700068,0.4,0.0,,10,0.1,1.0,0.1,-2.300299794985376,0.7,0.2,2.558420016779308,2025
543391,"Kelly, Casey",2025,Diamondbacks,R,2.740358406,0.1111111111111111,0.2222222222222222,0.0,,0.7777777777777778,0.2222222222222222,11.900725878500754,0.3333333333333333,10.978174243154765,0.5555555555555556,0.1111111111111111,-10.485801271550786,9,0.2222222222222222,0.7777777777777778,0.1111111111111111,-2.637662891330137,0.5555555555555556,0.3333333333333333,2.639104465511167,2025
493603,"Ottavino, Adam",2025,Yankees,R,3.300899116,0.0,0.0,0.1111111111111111,-5.058275332137168,0.5555555555555556,0.3333333333333333,8.79137897089562,0.2222222222222222,14.7084854361772,0.6666666666666666,0.1111111111111111,-16.308897492785942,9,0.3333333333333333,1.0,0.0,,0.7777777777777778,0.2222222222222222,3.078884147899088,2025
656458,"Gilbreath, Lucas",2025,Rockies,L,6.215635209,0.2222222222222222,0.1111111111111111,0.0,,0.4444444444444444,0.5555555555555556,9.144911829680709,0.2222222222222222,10.7296614218886,0.4444444444444444,0.3333333333333333,-12.23934206281589,9,0.4444444444444444,0.7777777777777778,0.1111111111111111,-13.093907630833137,0.4444444444444444,0.4444444444444444,4.207978508577734,2025
645305,"Sánchez, Ali",2025,Blue Jays,R,,0.0,0.125,0.0,,1.0,0.0,,0.5,15.510227268768928,0.375,0.125,-7.258959774020512,8,0.0,1.0,0.0,,0.875,0.125,2.201278437367414,2025
680701,"Rooney, John",2025,Astros,L,4.631757111,0.25,0.125,0.0,,0.125,0.875,14.027496181413326,0.625,13.426537341391764,0.375,0.0,,8,0.5,0.75,0.125,-4.974818020132484,0.625,0.25,4.251967776431169,2025
687589,"Hamel, Dom",2025,Mets,R,,0.0,0.375,0.0,,0.625,0.375,4.893205126330933,0.5,10.716223826854762,0.5,0.0,,8,0.0,1.0,0.25,-2.326538831361608,0.75,0.0,,2025
682515,"Porter, Logan",2025,Giants,R,3.87207975,0.1428571428571428,0.2857142857142857,0.0,,0.8571428571428571,0.1428571428571428,12.34909313683922,0.7142857142857143,25.183013250798016,0.2857142857142857,0.0,,7,0.2857142857142857,1.0,0.2857142857142857,-3.07946506717794,0.7142857142857143,0.0,,2025
670183,"Acton, Garrett",2025,Rays,R,0.205492956,0.0,0.5,0.0,,0.8333333333333334,0.1666666666666666,8.136856865124312,0.1666666666666666,7.932368571168726,0.6666666666666666,0.1666666666666666,-8.688300126471907,6,0.1666666666666666,0.8333333333333334,0.0,,0.6666666666666666,0.3333333333333333,2.883793179256199,2025
640902,"Pereda, Jhonny",2025,Athletics,R,,0.0,0.0,0.2,-4.460316003049872,0.4,0.4,4.400756271524347,0.0,,0.8,0.2,-12.08232960695729,5,0.2,1.0,0.0,,0.2,0.8,2.817772580231204,2025
679922,"Duran, Carlos",2025,Athletics,R,,0.0,0.0,0.0,,0.2,0.8,5.033930972665715,0.2,13.136714502905168,0.6,0.2,-12.806618959339207,5,0.0,1.0,0.0,,0.6,0.4,2.6578830323469944,2025
621512,"Nido, Tomás",2025,Tigers,R,,0.0,0.6,0.0,,1.0,0.0,,0.4,18.937592489622787,0.6,0.0,,5,0.0,1.0,0.0,,0.8,0.2,2.6282396101131043,2025
607732,"Stallings, Jacob",2025,Rockies,R,,0.0,0.0,0.5,-4.865056116820579,0.5,0.0,,0.5,12.621541580393083,0.25,0.25,-7.471560730987042,4,0.0,1.0,0.0,,1.0,0.0,,2025
680837,"Fitzgerald, Ryan",2025,Twins,R,,0.0,0.25,0.0,,1.0,0.0,,0.25,11.912776662202893,0.5,0.25,-9.976647006945822,4,0.0,1.0,0.0,,0.75,0.25,2.837351665477486,2025
641658,"Hampson, Garrett",2025,Cardinals,R,,0.0,0.0,0.0,,1.0,0.0,,0.6666666666666666,23.53583315672233,0.0,0.3333333333333333,-11.334557858818792,3,0.0,1.0,0.0,,1.0,0.0,,2025
573262,"Yastrzemski, Mike",2025,Giants,L,,0.0,0.3333333333333333,0.0,,1.0,0.0,,0.3333333333333333,10.935651878935683,0.6666666666666666,0.0,,3,0.0,1.0,0.0,,0.6666666666666666,0.3333333333333333,2.221261757564734,2025
624512,"McGuire, Reese",2025,Cubs,R,,0.0,0.3333333333333333,0.0,,1.0,0.0,,0.6666666666666666,14.82959946424202,0.3333333333333333,0.0,,3,0.0,1.0,0.0,,1.0,0.0,,2025
676475,"Burleson, Alec",2025,Cardinals,L,,0.0,0.0,0.0,,1.0,0.0,,1.0,16.144975854424825,0.0,0.0,,3,0.0,1.0,0.0,,1.0,0.0,,2025
624431,"Trevino, Jose",2025,Reds,R,,0.0,0.3333333333333333,0.3333333333333333,-5.445032773332699,0.6666666666666666,0.0,,0.3333333333333333,19.083716297893027,0.3333333333333333,0.3333333333333333,-7.052585406683908,3,0.0,0.6666666666666666,0.0,,1.0,0.0,,2025
677649,"Duran, Ezequiel",2025,Rangers,R,,0.0,0.3333333333333333,0.3333333333333333,-6.803206528304681,0.6666666666666666,0.0,,0.6666666666666666,9.70117292184662,0.3333333333333333,0.0,,3,0.0,1.0,0.0,,1.0,0.0,,2025
571912,"Maile, Luke",2025,Royals,R,,0.0,0.0,0.0,,1.0,0.0,,0.0,,0.5,0.5,-7.913669077439868,2,0.0,0.5,0.0,,0.5,0.5,2.793992608262267,2025
686676,"Lee, Korey",2025,White Sox,R,,0.0,0.5,0.0,,1.0,0.0,,0.0,,0.5,0.5,-10.053766859966313,2,0.0,1.0,0.0,,1.0,0.0,,2025
676679,"Vázquez, Luis",2025,Orioles,R,,0.0,0.0,0.0,,1.0,0.0,,1.0,17.03304986565296,0.0,0.0,,1,0.0,1.0,0.0,,1.0,0.0,,2025
621028,"Newman, Kevin",2025,Angels,R,,0.0,0.0,0.0,,1.0,0.0,,1.0,11.211220922934263,0.0,0.0,,1,0.0,1.0,0.0,,1.0,0.0,,2025
668670,"Rogers, Jake",2025,Tigers,R,,0.0,1.0,0.0,,1.0,0.0,,0.0,,1.0,0.0,,1,0.0,1.0,0.0,,1.0,0.0,,2025
676701,"Trejo, Alan",2025,Rockies,R,,0.0,0.0,0.0,,1.0,0.0,,1.0,12.520063544212082,0.0,0.0,,1,0.0,1.0,0.0,,1.0,0.0,,2025
683766,"Koss, Christian",2025,Giants,R,,0.0,1.0,0.0,,1.0,0.0,,0.0,,1.0,0.0,,1,0.0,1.0,0.0,,1.0,0.0,,2025
645261,"Alcantara, Sandy",2026,Marlins,R,2.133444739,0.0605311920938851,0.2415071031500926,0.086473131562693,-6.077231514434865,0.6479308214947499,0.2655960469425571,7.527249825347666,0.1686226065472514,11.121451414043724,0.6843730697961705,0.1470043236565781,-9.9662417240411,1619,0.2137121680049413,0.9339098208770846,0.1105620753551575,-3.2027877455804266,0.6646077825818406,0.2248301420630018,2.9216840598413376,2026
693645,"Schlittler, Cam",2026,Yankees,R,1.67530815,0.0563471502590673,0.1884715025906735,0.121761658031088,-5.984223814683257,0.7104922279792746,0.1677461139896373,7.120529621028881,0.044041450777202,10.848462220484492,0.7260362694300518,0.2299222797927461,-10.5244400006393,1544,0.2998704663212435,0.9015544041450776,0.0582901554404145,-4.444492574066945,0.5103626943005182,0.4313471502590673,3.2700862533741897,2026
650911,"Sánchez, Cristopher",2026,Phillies,L,3.829401048,0.1171112556929082,0.2166558230318802,0.0696161353285621,-6.615226331903808,0.5230969420949902,0.4072869225764476,8.897454489941396,0.3044892648015614,12.0454917481394,0.5855562784645413,0.1099544567338972,-10.385464583371236,1537,0.313597918022121,0.9394925178919974,0.2446324007807417,-3.378472411131375,0.6636304489264802,0.0917371502927781,2.7257845400442973,2026
669302,"Gilbert, Logan",2026,Mariners,R,3.015348628,0.088477366255144,0.2139917695473251,0.0727023319615912,-5.924867413600258,0.6748971193415638,0.252400548696845,8.67760018532126,0.2866941015089163,13.01995484918959,0.6131687242798354,0.1001371742112482,-9.548747110777157,1458,0.3120713305898491,0.9080932784636488,0.1783264746227709,-3.7261137736725822,0.5768175582990398,0.2448559670781893,2.8425504721012453,2026
593958,"Rodriguez, Eduardo",2026,Diamondbacks,L,2.069613734,0.0569272976680384,0.2242798353909465,0.093278463648834,-5.743626584886008,0.6632373113854595,0.2434842249657064,7.663700639262968,0.191358024691358,11.647950610453517,0.6330589849108368,0.1755829903978052,-10.95165098620498,1458,0.2215363511659808,0.916323731138546,0.0823045267489712,-3.066615967332164,0.6344307270233196,0.2832647462277092,2.9178505914074693,2026
592332,"Gausman, Kevin",2026,zMLB,R,3.904054593,0.0976616231086657,0.202200825309491,0.0550206327372764,-5.500297728641748,0.6272352132049519,0.3177441540577717,9.369173430557389,0.2929848693259972,13.062412066565845,0.5433287482806052,0.1636863823933975,-10.11868014104455,1454,0.281292984869326,0.905777166437414,0.1533700137551581,-3.446508761345836,0.6148555708390646,0.2317744154057771,2.872562858695076,2026
608379,"Wacha, Michael",2026,Royals,R,2.400018493,0.0597222222222222,0.2534722222222222,0.0944444444444444,-5.725746572373983,0.7027777777777777,0.2027777777777777,8.233925149415294,0.2222222222222222,13.063927864958226,0.6222222222222222,0.1555555555555555,-10.64386022131762,1440,0.21875,0.8923611111111112,0.1020833333333333,-3.3689592275674047,0.6576388888888889,0.2402777777777777,2.8144653971349363,2026
694973,"Skenes, Paul",2026,Pirates,R,2.252064891,0.0682926829268292,0.1874564459930313,0.0836236933797909,-5.857276391041568,0.6759581881533101,0.2404181184668989,7.852550803957397,0.1756097560975609,11.746074631888913,0.6668989547038328,0.1574912891986062,-10.570348536393473,1435,0.2850174216027875,0.8940766550522649,0.1205574912891986,-3.362150197994921,0.5456445993031359,0.3337979094076655,3.15950093085396,2026
684007,"Imanaga, Shota",2026,Cubs,L,4.196909051,0.0926449787835926,0.1916548797736916,0.0537482319660537,-6.570631833093393,0.6230551626591231,0.3231966053748232,9.787915837045585,0.3543140028288543,13.713406645187396,0.5678925035360679,0.0777934936350777,-10.544774270773654,1414,0.3012729844413013,0.9236209335219236,0.1421499292786421,-3.673985310841049,0.6322489391796322,0.2256011315417256,2.914298578993729,2026
668909,"Williams, Gavin",2026,Guardians,R,3.832041301,0.1023622047244094,0.1896921975662133,0.1095204008589835,-6.743895877203198,0.6442376521116678,0.2462419470293486,9.346582699685523,0.2047244094488189,11.95153377993169,0.6113099498926271,0.183965640658554,-10.641962920635446,1397,0.3342877594846098,0.8754473872584109,0.1925554760200429,-4.878796779943593,0.5382963493199714,0.2691481746599857,3.1532408674345724,2026
672282,"Detmers, Reid",2026,Angels,L,3.477260204,0.0880458124552612,0.2040085898353615,0.0794559770937723,-6.159797072795386,0.6979241231209735,0.2226198997852541,9.138981271365,0.2355046528274874,13.390298559033504,0.6105941302791696,0.1539012168933428,-11.236511829403812,1397,0.2970651395848246,0.8711524695776665,0.1624910522548318,-4.479157325794412,0.5662133142448104,0.2712956335003579,2.9688065699190567,2026
669923,"Kirby, George",2026,Mariners,R,2.705051232,0.0545193687230989,0.2439024390243902,0.1190817790530846,-6.049140043164381,0.6800573888091822,0.2008608321377331,7.81416960842865,0.1212338593974175,11.359202627441215,0.7058823529411765,0.172883787661406,-10.594857600952608,1394,0.2266857962697274,0.900286944045911,0.1398852223816356,-3.7759511469762006,0.624103299856528,0.2360114777618364,2.953413475107102,2026
642547,"Peralta, Freddy",2026,zMLB,R,2.551665893,0.0632183908045977,0.201867816091954,0.0639367816091954,-5.9668893359108335,0.6594827586206896,0.2765804597701149,7.930533518356719,0.230603448275862,12.679106498157278,0.6235632183908046,0.1458333333333333,-9.929412634981484,1392,0.264367816091954,0.9238505747126436,0.1012931034482758,-3.365665451409212,0.5912356321839081,0.3074712643678161,3.014959123444448,2026
669022,"Gore, MacKenzie",2026,Rangers,L,2.751757259,0.0780346820809248,0.2059248554913294,0.1062138728323699,-6.009314335233448,0.6661849710982659,0.2276011560693641,7.867324197021003,0.1741329479768786,11.968752417133654,0.6459537572254336,0.1799132947976878,-10.545594033795462,1384,0.2565028901734104,0.903179190751445,0.120664739884393,-4.202769520098898,0.5982658959537572,0.2810693641618497,3.0226459191106856,2026
800048,"Messick, Parker",2026,Guardians,L,2.383614274,0.0794797687861271,0.2015895953757225,0.0968208092485549,-6.084091717573104,0.6560693641618497,0.2471098265895953,7.840652357162899,0.1741329479768786,11.270308749832235,0.6459537572254336,0.1799132947976878,-10.75326331186674,1384,0.2615606936416185,0.9010115606936416,0.1148843930635838,-3.38518877255066,0.596820809248555,0.2882947976878612,3.1098853003191924,2026
693433,"Woo, Bryan",2026,Mariners,R,2.535068875,0.0477223427331887,0.2335502530730296,0.0853217642805495,-5.776726142021794,0.7331887201735358,0.1814895155459146,8.29559416269901,0.1417208966015907,11.71255724727366,0.6999276934201012,0.158351409978308,-10.268728391194031,1383,0.2552422270426608,0.915401301518438,0.1077368040491684,-3.450428758130208,0.5921908893709328,0.3000723065798987,3.046037968012627,2026
669432,"Rogers, Trevor",2026,Orioles,L,2.377956217,0.0564399421128798,0.2105643994211288,0.0680173661360347,-6.044583960449552,0.7040520984081042,0.227930535455861,8.14697663103603,0.2272069464544139,13.22202079894822,0.6266280752532561,0.1461649782923299,-9.985234937963236,1382,0.2489146164978292,0.9059334298118668,0.0955137481910275,-3.4509751958372945,0.613603473227207,0.2908827785817655,2.95350444272785,2026
680732,"Burke, Sean",2026,White Sox,R,2.798863283,0.0673425054308472,0.2150615496017378,0.0926864590876176,-5.874658880012404,0.7031136857349747,0.2041998551774076,8.356426197741117,0.2013034033309196,11.980984475358596,0.6154960173787111,0.1832005792903693,-10.480560720300048,1381,0.2556118754525706,0.8986241853729182,0.1202027516292541,-3.919844716265741,0.5952208544532948,0.2845763939174511,2.989449307965388,2026
594798,"deGrom, Jacob",2026,Rangers,R,2.846093857,0.0775362318840579,0.1985507246376811,0.0601449275362318,-5.969697960679354,0.6528985507246376,0.2869565217391304,8.675218465529563,0.1717391304347826,11.631051711321009,0.7079710144927536,0.1202898550724637,-9.971667945233412,1380,0.3376811594202898,0.915217391304348,0.1833333333333333,-3.6075269324418193,0.5666666666666667,0.25,3.078183205045816,2026
669358,"Baz, Shane",2026,Orioles,R,3.191223574,0.0641867250182348,0.2698760029175784,0.0977388767323121,-5.886043988004332,0.7213712618526623,0.1808898614150255,7.993342280149143,0.1604668125455871,11.63823563032514,0.7024070021881839,0.137126185266229,-10.18830876819388,1371,0.2180889861415025,0.9153902261123268,0.1429613420860685,-4.26420446903241,0.6389496717724289,0.2180889861415025,2.8506719538003504,2026
676440,"Bibee, Tanner",2026,Guardians,R,3.144973181,0.0528246515040352,0.243580337490829,0.078503301540719,-6.641997214570316,0.6515040352164343,0.2699926632428466,8.991021614023246,0.2853998532648569,13.525154165652417,0.6045487894350697,0.1100513573000733,-10.59020227296195,1363,0.2399119589141599,0.9031548055759354,0.1012472487160675,-3.524092042154176,0.7035950110051358,0.1951577402787967,2.932559362142558,2026
671737,"Bradley, Taj",2026,Twins,R,2.707145198,0.0771491550330639,0.2343864805290227,0.0595150624540778,-5.834373516114642,0.7060984570168993,0.2343864805290227,8.076103445261968,0.1366642174871418,10.483661028210827,0.700955180014695,0.1623806024981631,-10.88875213387047,1361,0.2792064658339456,0.90521675238795,0.1601763409257898,-3.831540254465816,0.553269654665687,0.2865540044085231,2.954603074035,2026
702070,"Cameron, Noah",2026,Royals,L,3.489420592,0.072646404744255,0.2416604892512972,0.1030392883617494,-6.061613394473026,0.6708673091178651,0.2260934025203854,9.509159323368634,0.2676056338028169,12.989484154667084,0.6048925129725723,0.1275018532246108,-11.02860542722063,1349,0.2624166048925129,0.9169755374351372,0.1467753891771683,-3.7867080104086175,0.6767976278724982,0.1764269829503335,2.9203223485009806,2026
656492,"Griffin, Foster",2026,zMLB,L,2.862091599,0.0667166416791604,0.2016491754122938,0.1169415292353823,-6.011522036195735,0.6394302848575713,0.2436281859070465,8.221898416366182,0.2166416791604198,12.755650079197997,0.5727136431784108,0.2106446776611694,-10.692835330460357,1334,0.2331334332833583,0.91904047976012,0.1124437781109445,-3.4767640179048693,0.6506746626686657,0.2368815592203898,3.010233517058204,2026
691587,"Pérez, Eury",2026,Marlins,R,3.215246294,0.0791258477769404,0.1725697061039939,0.0979653353428786,-6.20755327760003,0.613413715146948,0.2886209495101733,9.143749500686235,0.2494348153730218,13.15298890119772,0.6631499623210249,0.0874152223059532,-10.274524387445403,1327,0.2893745290128108,0.9050489826676714,0.1175584024114544,-3.959030501972839,0.5855312735493594,0.2969103240391861,2.96924988155189,2026
694819,"Misiorowski, Jacob",2026,Brewers,R,2.372467916,0.0815709969788519,0.1669184290030211,0.1223564954682779,-6.681336681742192,0.6759818731117825,0.2016616314199395,8.499628937778205,0.0641993957703927,11.752281427464846,0.6691842900302115,0.2666163141993957,-10.575876258640989,1324,0.3776435045317221,0.877643504531722,0.1102719033232628,-4.453400588470037,0.4773413897280967,0.4123867069486405,3.455168870825736,2026
667755,"Soriano, José",2026,zMLB,R,4.056402937,0.0816326530612244,0.2335600907029478,0.0884353741496598,-6.369133358594931,0.6031746031746031,0.3083900226757369,8.73042724606475,0.1791383219954648,12.27077151642934,0.7195767195767195,0.1012849584278155,-10.200945780592132,1323,0.2894935752078609,0.9138321995464852,0.2577475434618291,-3.658599882466057,0.6130007558578987,0.1292517006802721,3.0417154344226267,2026
808967,"Yamamoto, Yoshinobu",2026,Dodgers,R,2.576173065,0.0687022900763358,0.2083969465648855,0.1114503816793893,-6.074499603727399,0.6450381679389313,0.2435114503816794,7.668054801820586,0.1648854961832061,12.396974783726632,0.6702290076335878,0.1648854961832061,-10.009220342012938,1310,0.2847328244274809,0.9083969465648856,0.1977099236641221,-3.486106876852695,0.5954198473282443,0.2068702290076335,2.9738213457500247,2026
554430,"Wheeler, Zack",2026,Phillies,R,2.952728908,0.1095785440613026,0.178544061302682,0.1340996168582375,-6.658528265896982,0.6045977011494252,0.2613026819923371,8.547395343253303,0.2168582375478927,12.308466889493037,0.5800766283524904,0.2030651340996168,-10.66840319797377,1305,0.3118773946360153,0.885823754789272,0.1739463601532567,-3.604184308429027,0.5547892720306513,0.271264367816092,3.0593821784928585,2026
656876,"Rasmussen, Drew",2026,Rays,R,2.132962932,0.0562837316885119,0.2220508866615266,0.1511179645335389,-6.206489953672602,0.694680030840401,0.1542020046260601,7.559139573246075,0.092521202775636,10.38578651837942,0.7093292212798766,0.1981495759444873,-10.140800929663888,1297,0.2536622976098689,0.89745566692367,0.1434078643022359,-3.7550491730051214,0.5890516576715498,0.2675404780262143,3.018161819611364,2026
605400,"Nola, Aaron",2026,Phillies,R,3.377998188,0.0979938271604938,0.2229938271604938,0.0524691358024691,-6.368113698338642,0.6141975308641975,0.3333333333333333,8.171842453247063,0.3688271604938271,13.471499659588073,0.5570987654320988,0.074074074074074,-10.434505017087742,1296,0.2700617283950617,0.9320987654320988,0.2121913580246913,-3.445094418317742,0.6404320987654321,0.1473765432098765,2.831790441702566,2026
666200,"Luzardo, Jesús",2026,Phillies,L,4.518195457,0.0996138996138996,0.1984555984555984,0.1119691119691119,-6.236850987893604,0.6069498069498069,0.2810810810810811,10.25387296432936,0.2671814671814672,12.938627752519594,0.5675675675675675,0.1652509652509652,-10.650512790439857,1295,0.3173745173745174,0.8772200772200772,0.2138996138996139,-4.186853138411005,0.61003861003861,0.176061776061776,2.8280530019265537,2026
676917,"Cavalli, Cade",2026,Nationals,R,3.365223511,0.0728682170542635,0.2317829457364341,0.1116279069767441,-6.579410582897916,0.6550387596899225,0.2333333333333333,8.51552077893915,0.165891472868217,11.180642723811316,0.7062015503875969,0.127906976744186,-10.021535016083336,1290,0.2790697674418604,0.8968992248062015,0.1992248062015504,-4.245568657090096,0.5984496124031008,0.2023255813953488,2.8767768100304414,2026
656302,"Cease, Dylan",2026,Blue Jays,R,3.522401389,0.1137957911145752,0.1543257989088075,0.0779423226812159,-6.071749482557772,0.6212003117692907,0.3008573655494934,9.139287575812936,0.2431800467653936,12.559104207175825,0.583008573655495,0.1738113795791114,-10.35257622316487,1283,0.3398285268901013,0.8628215120810601,0.17692907248636,-3.864035277364183,0.5385814497272019,0.284489477786438,3.0331334369437526,2026
671096,"Abbott, Andrew",2026,Reds,L,4.180020594,0.0670303975058456,0.2478565861262665,0.0662509742790335,-6.087879800633961,0.6352299298519096,0.2985190958690569,8.681942120395496,0.2299298519095869,12.30668308584172,0.6391270459859704,0.1309431021044427,-10.54154502171083,1283,0.2252533125487139,0.9064692127825408,0.098207326578332,-4.661164700829688,0.676539360872954,0.2252533125487139,2.823609171186449,2026
650633,"King, Michael",2026,Padres,R,2.741655908,0.05546875,0.20625,0.065625,-6.591431911370258,0.5984375,0.3359375,8.196391477356519,0.2703125,12.230639868934258,0.59375,0.1359375,-10.590497359773794,1280,0.2484375,0.90546875,0.09453125,-3.1044405501051946,0.66484375,0.240625,2.932294538532436,2026
641743,"Kay, Anthony",2026,White Sox,L,2.725932944,0.06015625,0.24140625,0.1578125,-6.632476217168373,0.64921875,0.19296875,8.221237143530065,0.18203125,12.27604334440186,0.71015625,0.1078125,-10.05948763573656,1280,0.2375,0.90703125,0.16640625,-3.74708003919542,0.6640625,0.16953125,2.9338619900630114,2026
607625,"Lugo, Seth",2026,Royals,R,2.471573792,0.0543735224586288,0.2742316784869976,0.0583136327817178,-6.035119549760585,0.7147360126083531,0.226950354609929,7.6775679697449695,0.2222222222222222,11.957117628217448,0.6367218282111899,0.1410559495665878,-10.83861365013183,1269,0.1907013396375098,0.9290780141843972,0.1063829787234042,-3.3808127863148503,0.6769109535066982,0.2167060677698975,2.847112677619433,2026
592662,"Ray, Robbie",2026,zMLB,L,3.478982306,0.0726124704025256,0.2138910812943962,0.0576164167324388,-6.0914588616567285,0.6464088397790055,0.2959747434885556,8.4786492053035,0.2557221783741121,12.032706668752374,0.5832675611681136,0.1610102604577742,-10.410954627807746,1267,0.2525651144435675,0.9139700078926598,0.1152328334648776,-4.276124859413455,0.6069455406471981,0.2778216258879242,2.951603275266677,2026
519242,"Sale, Chris",2026,Braves,L,3.690827141,0.1152328334648776,0.1728492501973165,0.0710339384372533,-7.222761824470002,0.6282557221783741,0.3007103393843725,9.223923463755588,0.2880820836621942,14.333957698575707,0.489344909234412,0.2225730071033938,-10.997235741714722,1267,0.3046566692975532,0.8626677190213102,0.1673243883188634,-3.908802354670936,0.5682715074980268,0.2644041041831097,3.0765327165779888,2026
690997,"McLean, Nolan",2026,Mets,R,2.298386486,0.0617577197149643,0.2121931908155186,0.1013460015835312,-6.448454340507461,0.6270783847980997,0.2715756136183689,7.918223982494539,0.1401425178147268,11.578312633306162,0.6856690419635788,0.1741884402216943,-10.845178412411109,1263,0.2383214568487727,0.9057798891528108,0.1528107680126682,-3.3246156936185005,0.6302454473475851,0.2169437846397466,3.1078147472140705,2026
518876,"Kelly, Merrill",2026,Diamondbacks,R,2.515489681,0.0539682539682539,0.2579365079365079,0.0801587301587301,-6.2102041485263175,0.6746031746031746,0.2452380952380952,7.593549436994813,0.1865079365079365,10.73545054769184,0.7555555555555555,0.0579365079365079,-10.629420880630237,1260,0.2182539682539682,0.9349206349206348,0.1595238095238095,-3.2371547300223047,0.6706349206349206,0.1698412698412698,2.791165573622068,2026
663567,"Lambert, Peter",2026,Astros,R,2.406100938,0.0644904458598726,0.1982484076433121,0.0963375796178344,-5.730756012543539,0.6464968152866242,0.2571656050955414,7.692471830093308,0.2300955414012739,11.290367075204763,0.6504777070063694,0.1194267515923566,-10.492861088249205,1256,0.2587579617834395,0.910031847133758,0.1106687898089172,-3.323628815504052,0.6146496815286624,0.2746815286624204,2.95351255706319,2026
607259,"Martinez, Nick",2026,Rays,R,3.651628076,0.0543130990415335,0.255591054313099,0.1293929712460063,-5.982494600087318,0.6741214057507987,0.1964856230031949,9.42539515281458,0.2292332268370607,13.3868914560789,0.6349840255591054,0.1357827476038338,-10.49227527841458,1252,0.1757188498402556,0.9009584664536742,0.0958466453674121,-3.5383286653989265,0.7108626198083067,0.1932907348242811,2.8132532469877347,2026
664285,"Valdez, Framber",2026,Tigers,L,2.935656223,0.0743405275779376,0.2717825739408473,0.0751398880895283,-6.013004110011599,0.6994404476418865,0.2254196642685851,7.649183421819184,0.2390087929656275,12.205066495922711,0.6203037569944044,0.140687450039968,-10.159214530171052,1251,0.211031175059952,0.9104716227018386,0.2134292565947242,-3.455977178765356,0.6642685851318945,0.1223021582733813,2.881271757318748,2026
695505,"Burns, Chase",2026,Reds,R,4.008797811,0.1100244498777506,0.2233088834555827,0.0594947025264873,-5.3750938417533085,0.6968215158924206,0.2436837815810921,8.43174562285363,0.189079054604727,11.160421702377072,0.6903015484922576,0.1206193969030154,-10.350063432999171,1227,0.3202933985330073,0.9005704971475142,0.2281988590057049,-4.900627784764562,0.534637326813366,0.2371638141809291,2.842002825143194,2026
677952,"Ashcraft, Braxton",2026,Pirates,R,2.87906176,0.0668296658516707,0.2371638141809291,0.0814995925020374,-6.397492871293582,0.6797066014669927,0.2387938060309698,7.78582249509757,0.1833740831295843,11.567986994064968,0.7180114099429503,0.0986145069274653,-9.536945286865066,1227,0.2607986960065199,0.9201303993480032,0.2037489812550937,-3.8110224798609567,0.6242868785656072,0.1719641401792991,2.818329547889171,2026
696149,"Chandler, Bubba",2026,Pirates,R,1.890827913,0.0464926590538336,0.2430668841761827,0.1011419249592169,-6.29795622463649,0.7234910277324633,0.1753670473083197,7.3795658517745,0.0864600326264274,10.44828855526358,0.7283849918433931,0.1851549755301794,-10.49185577808946,1226,0.2243066884176182,0.9004893964110929,0.0815660685154975,-3.610384596414324,0.600326264274062,0.3181076672104405,3.0125214737652266,2026
801139,"Tolle, Payton",2026,Red Sox,L,2.56492527,0.0661764705882353,0.1797385620915032,0.1339869281045751,-6.314270085569535,0.6781045751633987,0.1879084967320261,8.367918670564684,0.130718954248366,11.687220535284624,0.6985294117647058,0.1707516339869281,-10.54530064622549,1224,0.2859477124183006,0.9191176470588236,0.0833333333333333,-4.76401753292993,0.5163398692810458,0.4003267973856209,3.128797761043104,2026
640455,"Manaea, Sean",2026,Mets,L,2.677833829,0.0650205761316872,0.2065843621399176,0.0946502057613168,-5.957991109337723,0.6534979423868312,0.2518518518518518,9.208343298775777,0.2288065843621399,14.488202566510513,0.5711934156378601,0.2,-11.377544405621958,1215,0.225514403292181,0.8814814814814815,0.0773662551440329,-3.1639895856494507,0.6617283950617284,0.2609053497942387,3.1321030396207523,2026
669373,"Skubal, Tarik",2026,zMLB,L,2.941386871,0.0955518945634266,0.1968698517298187,0.1037891268533772,-6.087300356519292,0.6309719934102141,0.2652388797364086,9.1053723458082,0.2018121911037891,13.03206747598685,0.5988467874794069,0.1993410214168039,-10.837135802109325,1214,0.3253706754530477,0.9003294892915981,0.1383855024711696,-3.7982998605322815,0.5658978583196046,0.2957166392092257,3.0322102303957466,2026
687064,"Young, Brandon",2026,Orioles,R,3.308756278,0.0999174236168455,0.2427745664739884,0.0800990916597853,-5.876193609065813,0.6994219653179191,0.2204789430222956,9.067833251395488,0.2287365813377374,13.365801706923822,0.6036333608587944,0.1676300578034682,-10.335582113585282,1211,0.2469033856317093,0.8918249380677127,0.1271676300578034,-3.668277245778538,0.6168455821635013,0.2559867877786952,2.9680904628758857,2026
663903,"Singer, Brady",2026,Reds,R,3.154259711,0.0854771784232365,0.2771784232365145,0.0780082987551867,-6.475305217716618,0.6730290456431536,0.2489626556016597,8.342954543956909,0.2481327800829875,12.369834622801347,0.6390041493775933,0.112863070539419,-11.305759427581144,1205,0.2414937759336099,0.9228215767634856,0.15850622406639,-3.684844752106684,0.6721991701244814,0.1692946058091286,2.94234281095147,2026
700241,"McGreevy, Michael",2026,Cardinals,R,2.845597936,0.0641666666666666,0.2675,0.0733333333333333,-6.071309018591877,0.6741666666666667,0.2525,7.952865572709195,0.1908333333333333,11.447507730893188,0.6583333333333333,0.1508333333333333,-10.619977975938411,1200,0.2058333333333333,0.9216666666666666,0.1383333333333333,-3.3270425930121754,0.6841666666666667,0.1775,2.969907985337392,2026
622491,"Castillo, Luis",2026,zMLB,R,2.201766765,0.0571428571428571,0.2252100840336134,0.0907563025210084,-6.398129232243699,0.7,0.2092436974789916,7.742412216465083,0.1764705882352941,11.441066627709157,0.6789915966386555,0.1445378151260504,-10.023396575814566,1190,0.2411764705882353,0.9302521008403362,0.0865546218487395,-3.4301941479852607,0.6260504201680672,0.2873949579831932,2.9889664231019992,2026
657746,"Ryan, Joe",2026,Twins,R,2.806982123,0.0631313131313131,0.2121212121212121,0.0799663299663299,-6.186512728601311,0.6994949494949495,0.2205387205387205,8.664436212807377,0.2323232323232323,12.972555475988354,0.6439393939393939,0.1237373737373737,-10.27383276428441,1188,0.2626262626262626,0.9132996632996632,0.106060606060606,-3.620833995653279,0.5858585858585859,0.308080808080808,2.999940811033197,2026
669461,"Liberatore, Matthew",2026,Cardinals,L,3.547972577,0.0763358778625954,0.2442748091603053,0.0916030534351145,-5.977375470929958,0.6751484308736218,0.2332485156912637,8.233823625081357,0.2273112807463952,11.785501122731713,0.6530958439355385,0.1195928753180661,-10.2977252451359,1179,0.2434266327396098,0.9168787107718406,0.1857506361323155,-4.182865613775698,0.6276505513146734,0.186598812553011,2.9674356571926808,2026
676282,"Cantillo, Joey",2026,Guardians,L,3.86402457,0.0981228668941979,0.2192832764505119,0.0750853242320819,-5.8462925965072206,0.6535836177474402,0.2713310580204778,9.575186790833875,0.3438566552901024,13.743424280963168,0.5614334470989761,0.0947098976109215,-10.685904484487098,1172,0.2935153583617747,0.9052901023890784,0.2380546075085324,-3.985388060936847,0.6245733788395904,0.1373720136518771,2.9662928917335547,2026
677958,"Rocker, Kumar",2026,Rangers,R,4.525358376,0.1113967437874892,0.2245072836332476,0.1122536418166238,-6.091988070951262,0.6049700085689803,0.2827763496143959,9.200966729021363,0.2639245929734362,13.267560003823569,0.6349614395886889,0.1011139674378748,-10.160235278091289,1167,0.2664952870608397,0.8963153384747216,0.1859468723221936,-4.299640327639213,0.6529562982005142,0.1610968294772922,2.8642996054720102,2026
680694,"Bradish, Kyle",2026,Orioles,R,4.79532369,0.081967213114754,0.2467644521138912,0.088869715271786,-5.768300880166266,0.6531492666091459,0.2579810181190681,8.87567769028145,0.1622088006902502,12.112279668592196,0.6893874029335634,0.1484037963761863,-10.585979756930795,1159,0.2415875754961173,0.8886971527178602,0.1846419327006039,-4.75808731446078,0.6419327006039689,0.1734253666954271,2.921333993218043,2026
543243,"Gray, Sonny",2026,Red Sox,R,3.810131552,0.0713043478260869,0.2834782608695652,0.0869565217391304,-6.024954388928158,0.668695652173913,0.2443478260869565,8.747641318264304,0.2513043478260869,11.798762575724002,0.6747826086956522,0.0739130434782608,-10.94389033208077,1150,0.2330434782608695,0.9121739130434784,0.2234782608695652,-3.8020719228917264,0.688695652173913,0.0878260869565217,3.057028716969054,2026
669467,"Pallante, Andre",2026,Cardinals,R,3.095424733,0.085440278988666,0.2432432432432432,0.1351351351351351,-5.636047841379559,0.6617262423714037,0.2031386224934612,8.384098556867325,0.1499564080209241,12.691402402709894,0.6085440278988666,0.2414995640802092,-10.547014899300455,1147,0.2118570183086312,0.8753269398430689,0.1377506538796861,-3.81465972573448,0.6983435047951178,0.1639058413251961,3.038654906257616,2026
657277,"Webb, Logan",2026,Giants,R,2.035666332,0.0593886462882096,0.262882096069869,0.1135371179039301,-6.400979404648909,0.662882096069869,0.2235807860262008,7.419399649957192,0.1240174672489083,10.707780388636689,0.7266375545851529,0.1493449781659388,-10.690748061773249,1145,0.2209606986899563,0.9231441048034934,0.1633187772925764,-3.2398062228058,0.6489082969432315,0.1877729257641921,2.9710216270252,2026
701542,"Warren, Will",2026,Yankees,R,2.726861837,0.0598591549295774,0.266725352112676,0.051056338028169,-6.08682025555571,0.664612676056338,0.2843309859154929,7.950860251221859,0.1522887323943662,11.669409915744728,0.7200704225352113,0.1276408450704225,-10.082759572836336,1136,0.2323943661971831,0.920774647887324,0.1214788732394366,-3.257663468129817,0.647887323943662,0.2306338028169014,2.9922200380568422,2026
700712,"Ureña, Walbert",2026,Angels,R,3.007301258,0.0784832451499118,0.2134038800705467,0.1031746031746031,-6.007479163627728,0.5776014109347443,0.3192239858906525,8.263397557365455,0.2142857142857142,11.570995033875562,0.6675485008818343,0.1181657848324514,-9.95554765820422,1134,0.2804232804232804,0.925925925925926,0.2054673721340388,-3.522736898165722,0.6463844797178131,0.1481481481481481,2.919189280642456,2026
694738,"Roupp, Landen",2026,Giants,R,3.228211573,0.0929203539823008,0.2150442477876106,0.0858407079646017,-6.015626416102174,0.5938053097345133,0.3203539823008849,8.346466083135384,0.315929203539823,12.914502066966996,0.5619469026548672,0.1221238938053097,-11.494991850036897,1130,0.2495575221238938,0.9017699115044248,0.1575221238938053,-3.322251162671711,0.6911504424778762,0.1513274336283185,2.922237583127933,2026
656550,"Holmes, Grant",2026,Braves,R,4.444669962,0.1022222222222222,0.2782222222222222,0.0515555555555555,-6.22710844292539,0.6711111111111111,0.2773333333333333,8.822444896769683,0.2568888888888889,12.3658776217715,0.6435555555555555,0.0995555555555555,-10.006566093822148,1125,0.2773333333333333,0.9253333333333332,0.2008888888888889,-4.297876696579708,0.656,0.1431111111111111,2.88859580243052,2026
621111,"Buehler, Walker",2026,Padres,R,2.198156916,0.0463045414069456,0.2324131789848619,0.095280498664292,-5.87233732489897,0.672306322350846,0.2324131789848619,7.746967285115467,0.1522707034728406,12.218576449815924,0.6758682101513802,0.1718610863757791,-10.386242698291108,1123,0.1985752448797862,0.9082813891362422,0.095280498664292,-3.314364463407641,0.6464826357969724,0.2582368655387355,2.946092248169911,2026
543135,"Eovaldi, Nathan",2026,Rangers,R,2.87079828,0.0796064400715563,0.2209302325581395,0.0876565295169946,-5.650726917306142,0.6127012522361359,0.2996422182468694,8.360660151506421,0.276386404293381,13.878078408729714,0.6252236135957067,0.0983899821109123,-10.512548783996795,1118,0.2978533094812164,0.9445438282647584,0.2110912343470483,-3.1249923446911065,0.6359570661896243,0.1529516994633273,2.9822718306887634,2026
669160,"May, Dustin",2026,zMLB,R,2.133428688,0.039426523297491,0.2517921146953405,0.1460573476702509,-6.229388922123774,0.6971326164874552,0.1568100358422939,7.784210327450241,0.0931899641577061,10.80401765761071,0.7526881720430108,0.1541218637992831,-10.294927154420613,1116,0.2338709677419354,0.9229390681003584,0.1648745519713261,-3.601868504015468,0.6102150537634409,0.224910394265233,3.0067968898536,2026
656849,"Peterson, David",2026,zMLB,L,2.647930353,0.0619946091644204,0.2443845462713387,0.105121293800539,-6.2411311826413325,0.6325247079964061,0.2623539982030548,7.6561666714077505,0.1769991015274034,11.156184633832911,0.6316262353998203,0.1913746630727762,-10.103500448156076,1113,0.2318059299191374,0.9002695417789758,0.1473495058400718,-3.635843011601201,0.6702605570530099,0.1823899371069182,3.016571862526603,2026
608372,"Sugano, Tomoyuki",2026,Rockies,R,3.249668468,0.0694945848375451,0.2888086642599278,0.0523465703971119,-6.526737043940528,0.6714801444043321,0.2761732851985559,7.796398917892991,0.2292418772563177,11.46790512504211,0.6859205776173285,0.0848375451263537,-10.684206407308793,1108,0.1994584837545126,0.9359205776173284,0.1290613718411552,-3.3366610719428382,0.7012635379061372,0.1696750902527075,2.850459800633188,2026
676106,"Hancock, Emerson",2026,Mariners,R,2.318057362,0.06,0.2172727272727272,0.0854545454545454,-5.677926247033836,0.6881818181818182,0.2263636363636363,8.263635359905232,0.1845454545454545,14.295267760474069,0.6263636363636363,0.1890909090909091,-10.213829220476423,1100,0.2363636363636363,0.9154545454545454,0.1027272727272727,-3.1535746718370365,0.63,0.2672727272727273,2.9166856962397336,2026
663436,"Martin, Davis",2026,White Sox,R,3.09098503,0.0504124656278643,0.2703941338221814,0.1200733272227314,-6.1009222052140695,0.6654445462878094,0.2144821264894592,8.587689166630279,0.1393217231897341,11.70734992845847,0.7341888175985335,0.1264894592117323,-10.130195963938846,1091,0.2355637030247479,0.919340054995417,0.1301558203483043,-3.5696649503049978,0.6755270394133822,0.1943171402383134,3.0039328153315337,2026
672456,"Montero, Keider",2026,Tigers,R,2.733195996,0.0561272217025257,0.2712815715622076,0.0776426566884939,-5.355240956273195,0.6978484565014031,0.2245088868101029,8.041757001347952,0.2132834424695977,11.894787304155264,0.6492048643592142,0.137511693171188,-9.599390391740524,1069,0.1880261927034612,0.9251637043966324,0.0944808231992516,-3.017207177911581,0.6819457436856876,0.2235734331150608,2.8853274512693345,2026
681190,"Vásquez, Randy",2026,Padres,R,2.12887177,0.0421348314606741,0.2780898876404494,0.095505617977528,-5.839141352252599,0.7125468164794008,0.1919475655430711,7.702021682338914,0.1367041198501872,10.840110669898074,0.7471910112359551,0.1161048689138576,-9.5777414353152,1068,0.1947565543071161,0.9344569288389512,0.0777153558052434,-3.435640304407196,0.6376404494382022,0.2846441947565543,2.883386661874733,2026
693855,"Seymour, Ian",2026,Rays,L,2.300398767,0.0688030160226201,0.1960414703110273,0.0857681432610744,-6.193637554515427,0.6729500471253534,0.2412818096135721,8.721807233064244,0.2516493873704052,12.242457338048077,0.590951932139491,0.1573986804901036,-10.633461636709525,1061,0.3016022620169651,0.9114043355325164,0.0650329877474081,-3.226903425715357,0.5871819038642789,0.3477851083883129,3.0903537086244475,2026
624133,"Suarez, Ranger",2026,Red Sox,L,2.960821051,0.0666032350142721,0.2074215033301617,0.1170313986679353,-5.83260457116834,0.6336822074215034,0.2492863939105613,8.704410462339835,0.2702188392007612,14.578191869753148,0.5718363463368221,0.1579448144624167,-11.024472101183855,1051,0.2188392007611798,0.8953377735490009,0.1056137012369172,-3.354883134714956,0.6974310180780209,0.1969552806850618,2.921170077318864,2026
681517,"Leahy, Kyle",2026,Cardinals,R,3.097907208,0.0654475457170356,0.2598652550529355,0.0846968238691049,-5.755732680816883,0.6775745909528392,0.2377285851780558,8.057232095581723,0.163618864292589,10.806316202656816,0.6939364773820982,0.1424446583253128,-10.660435141070948,1039,0.2338787295476419,0.8941289701636189,0.1472569778633301,-3.956570349357704,0.6496631376323387,0.2030798845043311,2.940800542147855,2026
547179,"Lorenzen, Michael",2026,zMLB,R,3.552035598,0.0492277992277992,0.2982625482625483,0.0569498069498069,-6.2951117207384,0.6708494208494209,0.2722007722007722,8.198889315826456,0.2287644787644787,11.950332368419716,0.6467181467181468,0.1245173745173745,-9.90973769476669,1036,0.1824324324324324,0.9305019305019304,0.1225868725868725,-3.480641262334549,0.7277992277992278,0.1496138996138996,2.746584239921041,2026
680736,"Wrobleski, Justin",2026,Dodgers,L,1.673397141,0.0319148936170212,0.2688588007736944,0.1112185686653771,-5.750273260813643,0.7562862669245648,0.132495164410058,7.297516212994595,0.1063829787234042,11.324792218904342,0.6692456479690522,0.2243713733075435,-10.415541493857363,1034,0.2079303675048356,0.9216634429400388,0.0880077369439071,-3.595184733002302,0.6305609284332688,0.281431334622824,3.054813510798908,2026
808963,"Sasaki, Roki",2026,Dodgers,R,3.756717514,0.1142303969022265,0.2207163601161665,0.0784123910939012,-5.801617228192233,0.6611810261374637,0.260406582768635,8.244433268200947,0.196515004840271,11.897075480626444,0.6718296224588577,0.1316553727008712,-10.687282017320104,1033,0.2991287512100677,0.904162633107454,0.2333010648596321,-4.272299154520898,0.5575992255566312,0.2090997095837367,2.92361261714919,2026
607536,"Freeland, Kyle",2026,Rockies,L,3.030581892,0.0726040658276863,0.2826718296224588,0.0871248789932236,-6.094236294075022,0.6534365924491772,0.2594385285575992,8.010134861256446,0.1955469506292352,11.825622504903407,0.6853823814133592,0.1190706679574056,-11.288111647441918,1033,0.2265246853823814,0.9235237173281704,0.1519845111326234,-3.618192713431,0.691190706679574,0.1568247821878025,2.9431205121262853,2026
605488,"Springs, Jeffrey",2026,Athletics,L,3.31988694,0.0601941747572815,0.2223300970873786,0.0436893203883495,-5.444778919394334,0.6631067961165048,0.2932038834951456,9.226132188443184,0.3019417475728155,13.728847065237575,0.570873786407767,0.1271844660194174,-10.704005061433962,1030,0.2368932038834951,0.8796116504854369,0.070873786407767,-3.4171172228967994,0.6621359223300971,0.2669902912621359,2.8818388003687736,2026
641816,"Mahle, Tyler",2026,zMLB,R,2.374843938,0.0710116731517509,0.2626459143968871,0.0350194552529182,-5.521494899723929,0.6867704280155642,0.2782101167315175,7.453258804124913,0.1994163424124513,10.770357015429914,0.6896887159533074,0.1108949416342412,-10.591869691829633,1028,0.2315175097276264,0.926070038910506,0.1254863813229572,-3.1884452225979487,0.6118677042801557,0.2626459143968871,3.015019067992014,2026
691725,"Painter, Andrew",2026,Phillies,R,3.372936981,0.0842311459353575,0.2233104799216454,0.1067580803134182,-5.958728183118328,0.6033300685602351,0.2899118511263467,8.948565634517522,0.2507345739471107,12.75849858552756,0.6425073457394711,0.1067580803134182,-10.581198966041676,1021,0.2605288932419197,0.921645445641528,0.1518119490695396,-3.315649755547004,0.6669931439764937,0.1811949069539667,2.901303661275408,2026
607067,"Rea, Colin",2026,Cubs,R,2.679944802,0.0521653543307086,0.2775590551181102,0.0708661417322834,-6.064544641621905,0.7017716535433071,0.2273622047244094,7.823222576277394,0.1564960629921259,11.313827718959516,0.6860236220472441,0.1574803149606299,-9.761772465965649,1016,0.2017716535433071,0.9202755905511812,0.1299212598425196,-3.3680618109304103,0.6614173228346457,0.2086614173228346,2.9034092776759404,2026
641927,"Ober, Bailey",2026,Twins,R,3.685629877,0.0715705765407554,0.2365805168986083,0.040755467196819,-5.856133114537472,0.6709741550695825,0.2882703777335984,8.777339890956254,0.3916500994035785,13.323392825679573,0.5526838966202783,0.0556660039761431,-9.97472990268588,1006,0.2057654075546719,0.9304174950298212,0.0934393638170974,-3.124543046530766,0.7246520874751491,0.1819085487077534,2.856393713218023,2026
693821,"Elder, Bryce",2026,Braves,R,2.840282898,0.0688622754491018,0.2934131736526946,0.091816367265469,-6.02452127133461,0.6996007984031936,0.2085828343313373,8.580138117887849,0.186626746506986,11.348930631077913,0.6666666666666666,0.1467065868263473,-10.854460403964756,1002,0.2195608782435129,0.9271457085828344,0.1327345309381237,-3.4251748543410026,0.6746506986027944,0.1926147704590818,2.929124135311375,2026
607200,"Fedde, Erick",2026,White Sox,R,2.266714027,0.0459540459540459,0.2717282717282717,0.1068931068931069,-6.001851191010397,0.6313686313686314,0.2617382617382617,7.641923543163386,0.2207792207792207,11.65835014201484,0.6453546453546454,0.1338661338661338,-10.85203712680708,1001,0.1828171828171828,0.912087912087912,0.0769230769230769,-3.444614385733647,0.7332667332667333,0.1898101898101898,2.899417555000019,2026
682243,"Miller, Bryce",2026,Mariners,R,2.774031375,0.06006006006006,0.2062062062062062,0.086086086086086,-5.962071986749124,0.6696696696696697,0.2442442442442442,7.986481686554996,0.2362362362362362,11.987741343420712,0.6816816816816816,0.082082082082082,-10.405999692271322,999,0.2542542542542542,0.928928928928929,0.1081081081081081,-3.778961207123904,0.6166166166166166,0.2752752752752753,2.9725550423169738,2026
682052,"Lopez, Jacob",2026,Athletics,L,2.896829595,0.0625630676084762,0.1876892028254288,0.0706357214934409,-6.187613241337512,0.627648839556004,0.3017154389505549,9.209723012843453,0.3592330978809283,14.41781346114921,0.5368314833501514,0.1039354187689202,-11.940468971056214,991,0.2472250252270434,0.8829465186680121,0.0635721493440968,-3.7946414575179945,0.6710393541876892,0.2653884964682139,2.9997251891271617,2026
677960,"Weathers, Ryan",2026,Yankees,L,3.665650805,0.0938446014127144,0.2522704339051463,0.065590312815338,-6.1778370516389005,0.6337033299697276,0.3007063572149344,8.572580621048235,0.2532795156407669,12.615994459811656,0.6246215943491423,0.1220988900100908,-10.070762924839675,991,0.2754793138244197,0.9152371342078708,0.1755802219979818,-3.9610014827764455,0.6326942482341069,0.1917255297679112,3.016674952235657,2026
695076,"Lowder, Rhett",2026,Reds,R,3.157650305,0.0555555555555555,0.2747474747474747,0.0909090909090909,-6.0679595235622426,0.6848484848484848,0.2242424242424242,8.050938415092546,0.1878787878787878,11.38873596139119,0.6797979797979798,0.1323232323232323,-10.221985871819484,990,0.1858585858585858,0.9313131313131312,0.1373737373737373,-3.5255999853401567,0.7090909090909091,0.1535353535353535,2.790547260764727,2026
805673,"Matthews, Zebby",2026,Twins,R,2.936638698,0.0691056910569105,0.2693089430894309,0.0589430894308943,-5.737467220222054,0.7022357723577236,0.2388211382113821,7.854378787111744,0.2073170731707317,11.74061252804741,0.6707317073170732,0.1219512195121951,-9.903855403870557,984,0.2276422764227642,0.9380081300813008,0.1351626016260162,-3.686247259611346,0.6646341463414634,0.2002032520325203,2.9014767950167704,2026
686218,"Sheehan, Emmet",2026,Dodgers,R,3.291719925,0.0861538461538461,0.1948717948717948,0.0871794871794871,-5.767328606052606,0.6594871794871795,0.2533333333333333,9.491829991967968,0.2564102564102564,12.80162641314365,0.6328205128205128,0.1107692307692307,-10.649108225772524,975,0.3179487179487179,0.8923076923076924,0.1323076923076923,-3.811947485401965,0.5764102564102564,0.2912820512820512,3.043274471141097,2026
663372,"Feltner, Ryan",2026,Rockies,R,3.299064611,0.0904419321685508,0.2363823227132579,0.0986639260020555,-5.963886855711724,0.6546762589928058,0.2466598150051387,8.68201609661004,0.263103802672148,12.612798788273055,0.6145940390544707,0.1223021582733813,-10.909686898013907,973,0.2415210688591983,0.9311408016443988,0.1521068859198355,-3.195701023114351,0.6659815005138746,0.1819116135662898,3.064384059645852,2026
663554,"Mize, Casey",2026,zMLB,R,2.270875109,0.0630165289256198,0.2675619834710744,0.0568181818181818,-5.395873939512718,0.6694214876033058,0.2737603305785124,7.37790519879862,0.2169421487603305,11.017363890295805,0.6983471074380165,0.0847107438016528,-10.765642903964563,968,0.2365702479338843,0.9287190082644629,0.1126033057851239,-3.165669254959336,0.640495867768595,0.246900826446281,2.977582543031485,2026
641793,"Littell, Zack",2026,zMLB,R,2.252219923,0.0470219435736677,0.3166144200626959,0.0867293625914315,-5.86737272919525,0.7523510971786834,0.160919540229885,8.09518006235027,0.1577847439916405,11.290602446410816,0.7335423197492164,0.1086729362591431,-10.409049444023855,957,0.1598746081504702,0.9383490073145244,0.0710553814002089,-3.3887323264543663,0.6833855799373041,0.2455590386624869,2.868332615199525,2026
690986,"Harrison, Kyle",2026,Brewers,L,2.609984385,0.0815899581589958,0.1997907949790795,0.0679916317991631,-6.273623553613515,0.7207112970711297,0.2112970711297071,8.075980861510798,0.1453974895397489,12.396634078595508,0.6317991631799164,0.2228033472803347,-10.4861442885975,956,0.2845188284518828,0.895397489539749,0.1234309623430962,-4.161694194042214,0.5261506276150628,0.350418410041841,3.1314173732011907,2026
681035,"Scott, Christian",2026,Mets,R,2.251153772,0.0680628272251308,0.1581151832460733,0.1078534031413612,-6.158311814592797,0.6722513089005235,0.2198952879581152,8.297637093689032,0.1801047120418848,12.382592412443843,0.5926701570680628,0.2272251308900523,-10.849067740382935,955,0.2732984293193717,0.9026178010471204,0.0680628272251308,-3.8566848178327726,0.5486910994764398,0.3832460732984293,3.110015738369101,2026
694297,"Pfaadt, Brandon",2026,Diamondbacks,R,2.67026453,0.0471204188481675,0.269109947643979,0.1015706806282722,-5.587660663498847,0.6450261780104712,0.2534031413612565,7.831290146941564,0.2052356020942408,11.468031796817078,0.7026178010471205,0.0921465968586387,-10.315213693055824,955,0.2104712041884816,0.9141361256544502,0.1068062827225131,-3.608616909129869,0.7141361256544503,0.1790575916230366,2.9741019967928097,2026
678022,"Perkins, Jack",2026,Athletics,R,3.315424967,0.0619747899159663,0.2237394957983193,0.1123949579831932,-6.324075743804468,0.6334033613445378,0.2542016806722689,8.974996013170013,0.167016806722689,11.737058262370002,0.6838235294117647,0.1491596638655462,-10.576341403465106,952,0.2752100840336134,0.8813025210084033,0.1827731092436974,-3.803918048192736,0.6281512605042017,0.1890756302521008,2.912348482844917,2026
687570,"Prielipp, Connor",2026,Twins,L,3.024854658,0.055026455026455,0.2211640211640211,0.1005291005291005,-8.762093346438688,0.6835978835978836,0.2158730158730158,8.159141218246242,0.1502645502645502,11.72937219080512,0.691005291005291,0.1587301587301587,-10.62931229176083,945,0.2412698412698412,0.8994708994708994,0.1671957671957672,-4.389954859231869,0.6433862433862434,0.1894179894179894,2.769610435914733,2026
676083,"Junk, Janson",2026,Marlins,R,2.178784606,0.0392781316348195,0.2717622080679405,0.0870488322717622,-5.547382575742076,0.7420382165605095,0.1709129511677282,7.014188905688495,0.1507430997876857,11.694314831666286,0.7123142250530785,0.1369426751592356,-10.41180457341501,942,0.1624203821656051,0.9373673036093418,0.1114649681528662,-3.274361840138966,0.6794055201698513,0.2091295116772824,2.741515501033516,2026
571510,"Boyd, Matthew",2026,Cubs,L,3.920551842,0.0684491978609625,0.2042780748663101,0.0620320855614973,-6.104635436670573,0.6385026737967915,0.2994652406417112,9.589817452163844,0.3422459893048128,14.728592511516352,0.5401069518716578,0.1176470588235294,-10.72869843667896,935,0.2267379679144385,0.893048128342246,0.0909090909090909,-3.464457525186913,0.6684491978609626,0.2406417112299465,2.945775773468154,2026
678394,"Bello, Brayan",2026,Red Sox,R,3.783119915,0.0809935205183585,0.2570194384449244,0.079913606911447,-6.773649836668798,0.6069114470842333,0.3131749460043196,8.398495545453114,0.2742980561555075,11.856431642864392,0.6339092872570194,0.091792656587473,-10.913863627045664,926,0.2505399568034557,0.91792656587473,0.183585313174946,-3.832876620211013,0.6641468682505399,0.152267818574514,2.7780205410225784,2026
543037,"Cole, Gerrit",2026,Yankees,R,2.176582598,0.054054054054054,0.2648648648648649,0.0691891891891891,-5.701303954341253,0.7254054054054054,0.2054054054054054,7.1416417630084,0.1329729729729729,11.568966258801623,0.7156756756756757,0.1513513513513513,-10.259304205333654,925,0.214054054054054,0.9210810810810812,0.0832432432432432,-3.762255807262403,0.6064864864864865,0.3102702702702702,3.010106216469933,2026
527048,"Pérez, Martín",2026,Braves,L,3.192590822,0.0760869565217391,0.2554347826086957,0.0619565217391304,-6.283055427399689,0.6,0.3380434782608695,8.308866015461314,0.3619565217391304,12.446902611877704,0.5717391304347826,0.0663043478260869,-10.447609719780283,920,0.2206521739130434,0.959782608695652,0.1413043478260869,-2.8118974747081387,0.7510869565217392,0.1076086956521739,2.783419093953798,2026
669387,"Mlodzinski, Carmen",2026,Pirates,R,2.61404007,0.0633187772925764,0.2783842794759825,0.0644104803493449,-5.399459134675674,0.6899563318777293,0.2456331877729257,7.762201999122816,0.1823144104803493,11.759983711080531,0.6779475982532751,0.1397379912663755,-10.009833253753026,916,0.212882096069869,0.9235807860262008,0.1441048034934497,-3.227621061039971,0.675764192139738,0.1801310043668122,2.977100686965226,2026
669372,"Ginn, J.T.",2026,Athletics,R,3.077388879,0.0832420591456736,0.2387732749178532,0.1051478641840087,-6.077260124920523,0.5826944140197152,0.312157721796276,8.29904780119423,0.2223439211391018,11.649757617723122,0.6976998904709748,0.0799561883899233,-10.181307263848534,913,0.2694414019715224,0.932092004381161,0.2113910186199342,-3.2614450696220567,0.6637458926615553,0.1248630887185104,3.0225624554637807,2026
677944,"Cecconi, Slade",2026,Guardians,R,3.577021389,0.0581778265642151,0.2634467618002195,0.0735455543358946,-5.946665544419486,0.6652030735455543,0.261251372118551,9.293678602609786,0.2107574094401756,13.088083814488812,0.6454445664105378,0.1437980241492865,-10.376691783518504,911,0.2096597145993413,0.9154774972557628,0.0954994511525795,-3.562585042525656,0.6959385290889133,0.2085620197585071,2.932971131949849,2026
641778,"Lauer, Eric",2026,zMLB,L,1.347629203,0.0330760749724366,0.2194046306504961,0.113561190738699,-5.783510708313344,0.7188533627342889,0.1675854465270121,7.037408403083852,0.1532524807056229,11.333395258425924,0.679162072767365,0.1675854465270121,-10.697746548174573,907,0.1896361631753031,0.918412348401323,0.0452039691289966,-2.771623170155352,0.6306504961411246,0.3241455347298787,2.9230363455909094,2026
663969,"Phillips, Tyler",2026,Marlins,R,4.404886933,0.0787139689578714,0.2738359201773836,0.0776053215077605,-6.277613918122071,0.6396895787139689,0.2827050997782705,8.541959697257672,0.2871396895787139,11.851384786758848,0.6452328159645233,0.0676274944567627,-9.634581631170164,902,0.2694013303769401,0.9090909090909092,0.2328159645232816,-4.464036459729006,0.6651884700665188,0.1019955654101995,2.6929917854952983,2026
647336,"Soroka, Michael",2026,Diamondbacks,R,3.222946355,0.0607424071991001,0.2114735658042744,0.1181102362204724,-6.082383792944429,0.6681664791901012,0.2137232845894263,8.657983969748354,0.2362204724409448,12.750031178975986,0.6389201349831272,0.124859392575928,-9.968508206841031,889,0.233970753655793,0.907761529808774,0.1451068616422947,-3.672513061325205,0.6209223847019123,0.233970753655793,2.898796830820641,2026
663623,"Irvin, Jake",2026,Nationals,R,2.661231689,0.0799549549549549,0.2038288288288288,0.0945945945945946,-5.8704571550715965,0.6722972972972973,0.2331081081081081,8.960780053123786,0.2578828828828828,13.808693648519458,0.588963963963964,0.1531531531531531,-10.476699056874075,888,0.2421171171171171,0.9222972972972971,0.125,-2.893021520347897,0.6407657657657657,0.2342342342342342,2.969130359290349,2026
675660,"Drohan, Shane",2026,Brewers,L,3.010091213,0.0768361581920904,0.2361581920903954,0.1050847457627118,-6.081120496423588,0.6655367231638418,0.2293785310734463,8.344917840270066,0.1841807909604519,11.858428832975266,0.672316384180791,0.143502824858757,-10.55695728017444,885,0.2824858757062147,0.9096045197740112,0.1548022598870056,-3.936852277164992,0.6237288135593221,0.2214689265536723,3.1296143699240737,2026
656605,"Keller, Mitch",2026,Pirates,R,2.270637008,0.0540229885057471,0.2540229885057471,0.0988505747126436,-5.571082705962843,0.7080459770114943,0.193103448275862,7.736696388896014,0.1620689655172413,11.963729434244252,0.664367816091954,0.1735632183908046,-10.549854045239,870,0.2068965517241379,0.9091954022988504,0.1195402298850574,-3.270160368942939,0.635632183908046,0.2448275862068965,2.9128271959186427,2026
685299,"Gordon, Tanner",2026,Rockies,R,2.300566093,0.048331415420023,0.2577675489067894,0.0471806674338319,-4.932983183052312,0.7203682393555811,0.2324510932105868,7.708771128727162,0.2174913693901035,11.874590523418062,0.6098964326812428,0.1726121979286536,-10.347677410803438,869,0.2174913693901035,0.9309551208285386,0.0609896432681242,-3.352944505413672,0.6582278481012658,0.2807825086306099,2.8366508415057665,2026
571945,"Mikolas, Miles",2026,Nationals,R,2.168719807,0.0264976958525345,0.3064516129032258,0.0829493087557603,-6.039832132481694,0.738479262672811,0.1785714285714285,7.154511316652105,0.1532258064516129,11.765661364325998,0.7327188940092166,0.1140552995391705,-10.022797533177918,868,0.1463133640552995,0.9297235023041476,0.0610599078341013,-3.410989011515854,0.7442396313364056,0.194700460829493,2.764182162361258,2026
675512,"Melton, Troy",2026,Tigers,R,2.596803488,0.0613425925925925,0.2673611111111111,0.105324074074074,-6.338144013530685,0.6631944444444444,0.2314814814814814,7.816325204624991,0.1817129629629629,11.348473928367769,0.7210648148148148,0.0972222222222222,-10.420617884101004,864,0.2349537037037037,0.9224537037037036,0.167824074074074,-3.5329534502985003,0.6689814814814815,0.1631944444444444,2.9044526062629425,2026
650644,"Civale, Aaron",2026,zMLB,R,2.322072957,0.054054054054054,0.2479435957696827,0.0752056404230317,-5.645248666118095,0.699177438307873,0.2256169212690952,7.539949438808154,0.2444183313748531,12.291720500901455,0.6650998824911868,0.09048178613396,-9.971018626067686,851,0.2079905992949471,0.91069330199765,0.099882491186839,-3.31597594369752,0.6686251468860165,0.2314923619271445,2.832216580634352,2026
623454,"Anderson, Drew",2026,Tigers,R,2.715962772,0.101775147928994,0.229585798816568,0.0863905325443787,-5.875138119882495,0.6828402366863905,0.2307692307692307,7.191385671004316,0.1479289940828402,11.77500087054758,0.6792899408284023,0.1727810650887574,-10.127193130051204,845,0.2745562130177514,0.9041420118343196,0.2165680473372781,-3.927627665997745,0.557396449704142,0.2260355029585798,3.014565867383441,2026
663556,"McClanahan, Shane",2026,Rays,L,3.037216743,0.0864928909952606,0.2511848341232227,0.0734597156398104,-6.074962653759778,0.6587677725118484,0.2677725118483412,8.393389672680005,0.2274881516587677,11.77435821634628,0.6575829383886256,0.1149289099526066,-10.39918559299088,844,0.2772511848341232,0.9170616113744076,0.1753554502369668,-3.556078361390523,0.6267772511848341,0.197867298578199,3.009216770732772,2026
680570,"Rodriguez, Grayson",2026,Angels,R,3.473373771,0.0688836104513064,0.2339667458432304,0.0902612826603325,-5.975846389180628,0.6733966745843231,0.2363420427553444,8.76432234846775,0.2648456057007126,12.842664836058992,0.5866983372921615,0.1484560570071258,-10.11387258850031,842,0.2387173396674584,0.9026128266033254,0.1045130641330166,-4.228207090030944,0.6460807600950119,0.2494061757719715,2.859331833715079,2026
687562,"Bennett, Jake",2026,Red Sox,L,3.248597081,0.0835322195704057,0.2303102625298329,0.0620525059665871,-7.409047434847436,0.630071599045346,0.3078758949880668,8.824146511148657,0.2482100238663484,12.909170125724806,0.5871121718377088,0.1646778042959427,-11.394009148035051,838,0.2446300715990453,0.9069212410501192,0.1181384248210023,-3.4633027559176632,0.6455847255369929,0.2362768496420047,2.9739150951142665,2026
666157,"Lodolo, Nick",2026,Reds,L,3.937157158,0.0680437424058323,0.2393681652490887,0.0607533414337788,-6.017039194601806,0.6184690157958688,0.3207776427703523,8.57599383885779,0.2369380315917375,12.56789313835958,0.6184690157958688,0.1445929526123937,-10.141474040462434,823,0.2162818955042527,0.907654921020656,0.1190765492102065,-3.531114195835743,0.6852976913730255,0.1956257594167679,2.92779635149847,2026
688107,"Gasser, Robert",2026,Brewers,L,2.621844942,0.0512820512820512,0.2063492063492063,0.1037851037851037,-6.103747350935223,0.6764346764346765,0.2197802197802197,8.09457150723492,0.2222222222222222,12.16552967107679,0.6532356532356532,0.1245421245421245,-10.585408386048528,819,0.2295482295482295,0.9194139194139194,0.0659340659340659,-4.075259108950693,0.6385836385836385,0.2954822954822955,3.0099468804847125,2026
676974,"Meyer, Max",2026,Marlins,R,3.20859921,0.0739827373612823,0.2429099876695437,0.1109741060419235,-6.712074867300325,0.6695437731196054,0.219482120838471,7.734489190637324,0.1356350184956843,10.448235720784885,0.7398273736128237,0.1245376078914919,-10.821012113574223,811,0.2897657213316892,0.9001233045622689,0.2712700369913687,-4.163842502669125,0.5832305795314426,0.1454993834771886,2.796378595547444,2026
643377,"Jax, Griffin",2026,Rays,R,3.083503659,0.08125,0.2375,0.09375,-6.43219349748514,0.59875,0.3075,8.319828863301016,0.16375,11.139596189518324,0.7325,0.10375,-10.517959597635706,800,0.31,0.91,0.21875,-3.602894670174369,0.60375,0.1775,3.1238385871832794,2026
683003,"Jones, Jared",2026,Pirates,R,3.415449805,0.1098484848484848,0.2159090909090909,0.0896464646464646,-5.734689226797134,0.6906565656565656,0.2196969696969697,8.471565238091168,0.2032828282828283,11.499703087404113,0.6553030303030303,0.1414141414141414,-10.243239192558113,792,0.332070707070707,0.9002525252525253,0.2348484848484848,-4.139777016210094,0.5366161616161617,0.2285353535353535,3.1801143774981733,2026
674841,"Alvarez, Andrew",2026,Nationals,L,4.480104438,0.0744949494949494,0.2411616161616161,0.130050505050505,-6.452895170239621,0.6603535353535354,0.2095959595959595,8.750317811357016,0.202020202020202,12.311602374955797,0.6603535353535354,0.1376262626262626,-10.419032443643394,792,0.2664141414141414,0.8977272727272727,0.2436868686868686,-4.815147375652743,0.6300505050505051,0.1262626262626262,2.713606533259177,2026
694477,"Patrick, Chad",2026,Brewers,R,1.651327459,0.0468354430379746,0.2240506329113924,0.110126582278481,-6.12596069911416,0.6544303797468355,0.2354430379746835,7.586131628493344,0.1037974683544303,10.118229100821123,0.7253164556962025,0.170886075949367,-10.502091534358394,790,0.2658227848101265,0.9278481012658228,0.0569620253164556,-3.7333148607371993,0.5784810126582278,0.3645569620253164,3.047130142215272,2026
695611,"Jump, Gage",2026,Athletics,L,2.535240498,0.0634517766497461,0.2208121827411167,0.0926395939086294,-5.63700428946325,0.6979695431472082,0.2093908629441624,7.966474551416174,0.1573604060913705,11.52734722691966,0.633248730964467,0.2093908629441624,-10.378562994622078,788,0.2525380710659898,0.883248730964467,0.1015228426395939,-4.147796838649586,0.567258883248731,0.3312182741116751,3.062039521880552,2026
681293,"Arrighetti, Spencer",2026,zMLB,R,3.227536271,0.0901015228426396,0.2030456852791878,0.0837563451776649,-6.279146676993086,0.6560913705583756,0.2601522842639593,8.382723969061653,0.3489847715736041,14.04148070146577,0.5418781725888325,0.1091370558375634,-10.491926648324728,788,0.2601522842639593,0.9060913705583756,0.1484771573604061,-3.645260578487942,0.6484771573604061,0.2030456852791878,3.040836504606728,2026
696270,"Johnson, Ryan",2026,Angels,R,3.378529831,0.0524967989756722,0.2253521126760563,0.1062740076824583,-6.264546558095235,0.5838668373879642,0.3098591549295774,9.516809067981594,0.2957746478873239,12.878282683332976,0.6030729833546735,0.1011523687580025,-9.715182861072122,781,0.2317541613316261,0.9270166453265044,0.0973111395646607,-3.217360968770142,0.734955185659411,0.1677336747759283,2.8017421159474725,2026
701656,"Henderson, Logan",2026,Brewers,R,3.300517615,0.0653846153846153,0.1666666666666666,0.0653846153846153,-10.144897130410856,0.6576923076923077,0.2769230769230769,9.41248693743846,0.2974358974358974,13.224334688140631,0.591025641025641,0.1115384615384615,-10.08194773331834,780,0.2679487179487179,0.9217948717948716,0.0641025641025641,-3.715792105168667,0.5923076923076923,0.3435897435897436,2.914550508281055,2026
668678,"Gallen, Zac",2026,Diamondbacks,R,3.194138902,0.0733590733590733,0.3024453024453024,0.063063063063063,-5.590280300709729,0.6525096525096525,0.2844272844272844,7.732445337192897,0.2496782496782496,11.015929592084994,0.6731016731016731,0.0772200772200772,-10.957228096896047,777,0.1917631917631917,0.9317889317889316,0.1492921492921493,-3.4375444113940685,0.7271557271557272,0.1235521235521235,2.6849002178026264,2026
686613,"Brown, Hunter",2026,Astros,R,2.633390071,0.081081081081081,0.193050193050193,0.1184041184041184,-6.4408124574688665,0.6241956241956242,0.2574002574002574,7.957369069235226,0.1132561132561132,11.867583302557028,0.6344916344916345,0.2522522522522522,-10.312838438330443,777,0.2676962676962677,0.8867438867438867,0.1531531531531531,-3.855421123923891,0.5791505791505791,0.2676962676962677,3.1582390149867567,2026
805123,"Blubaugh, AJ",2026,Astros,R,3.451288996,0.0708762886597938,0.211340206185567,0.0579896907216494,-5.803764616261073,0.6920103092783505,0.25,9.519360661165212,0.2010309278350515,12.901010450171468,0.604381443298969,0.1945876288659793,-10.405805971733953,776,0.2822164948453608,0.8969072164948454,0.0979381443298969,-3.795850790984244,0.5914948453608248,0.3105670103092783,3.0537115414170404,2026
605135,"Bassitt, Chris",2026,Orioles,R,2.968156602,0.0696774193548387,0.2361290322580645,0.1032258064516129,-6.153341026361902,0.6606451612903226,0.2361290322580645,8.870234665802828,0.2554838709677419,16.45200763447154,0.535483870967742,0.2090322580645161,-11.44431424104637,775,0.2141935483870967,0.8864516129032258,0.0967741935483871,-3.3528859473239225,0.6929032258064516,0.2103225806451613,3.05775455630464,2026
615698,"Quantrill, Cal",2026,Rangers,R,2.20677099,0.0519480519480519,0.2597402597402597,0.1181818181818181,-6.341388235965495,0.687012987012987,0.1948051948051948,7.543368511152308,0.122077922077922,11.736063673340992,0.7272727272727273,0.1506493506493506,-10.45929982364224,770,0.2025974025974026,0.9064935064935064,0.087012987012987,-3.4376849469553563,0.6272727272727273,0.2857142857142857,2.8165250082442177,2026
605288,"Houser, Adrian",2026,Giants,R,2.491142596,0.0559895833333333,0.2903645833333333,0.11328125,-5.810208129768235,0.6770833333333334,0.2096354166666666,7.737336766379029,0.1575520833333333,11.676425845559788,0.6940104166666666,0.1484375,-10.308564727292298,768,0.1875,0.921875,0.11328125,-3.164970578531159,0.7018229166666666,0.1848958333333333,2.957814984037464,2026
687075,"Sproat, Brandon",2026,Brewers,R,2.356813888,0.0493991989319092,0.2042723631508678,0.096128170894526,-5.999810335049017,0.6475300400534045,0.2563417890520694,9.544374541162531,0.1335113484646194,10.81395484307654,0.7049399198931909,0.1615487316421895,-10.338042530716637,749,0.2563417890520694,0.917222963951936,0.1174899866488651,-3.5669046019303856,0.6141522029372497,0.2683578104138852,3.0461853113971262,2026
608331,"Fried, Max",2026,Yankees,L,2.454960586,0.0710455764075067,0.2010723860589812,0.1474530831099195,-6.069564846456293,0.6085790884718498,0.2439678284182305,8.342621464864607,0.1836461126005362,13.400530587408454,0.6273458445040214,0.1890080428954423,-10.73139942777842,746,0.2506702412868632,0.8847184986595175,0.1407506702412868,-3.183132329584094,0.6595174262734584,0.1997319034852546,3.1125726182186764,2026
702056,"Yesavage, Trey",2026,Blue Jays,R,4.033381737,0.1075268817204301,0.2163978494623656,0.075268817204301,-5.988378374650543,0.6330645161290323,0.2916666666666667,9.434954248401514,0.2647849462365591,12.85769695405157,0.6008064516129032,0.1344086021505376,-9.69080473209782,744,0.2983870967741935,0.8830645161290323,0.168010752688172,-4.077143595642049,0.5860215053763441,0.2459677419354838,2.9003715497912,2026
681347,"Burrows, Mike",2026,Astros,R,3.192555482,0.0739247311827957,0.2325268817204301,0.0994623655913978,-6.383556519127196,0.6236559139784946,0.2768817204301075,8.244188922361724,0.2768817204301075,12.33717605491584,0.6196236559139785,0.1034946236559139,-10.04300311065241,744,0.2137096774193548,0.913978494623656,0.1397849462365591,-3.498558878532608,0.6854838709677419,0.1747311827956989,2.80948791994967,2026
656427,"Flaherty, Jack",2026,Tigers,R,3.203602103,0.0762829403606102,0.2011095700416088,0.0554785020804438,-6.090555733966496,0.6574202496532594,0.2871012482662968,8.55058825364439,0.2981969486823855,13.380140473230126,0.6019417475728155,0.0998613037447988,-10.271438936946398,721,0.2746185852981969,0.9348127600554784,0.1234396671289875,-3.617639481048654,0.6102635228848821,0.2662968099861303,2.922711568714529,2026
695418,"Lord, Brad",2026,Nationals,R,2.008212834,0.0445682451253481,0.1727019498607242,0.1142061281337047,-5.810565346868545,0.6768802228412256,0.2089136490250696,7.838296012943415,0.1016713091922005,10.752066167912814,0.6044568245125348,0.2938718662952646,-10.284966721568994,718,0.1977715877437326,0.8997214484679665,0.0779944289693593,-3.3468773149766275,0.6323119777158774,0.2896935933147632,2.942222128773456,2026
813349,"Early, Connelly",2026,zMLB,L,2.344136822,0.0599721059972106,0.2510460251046025,0.0976290097629009,-6.612176148846411,0.7182705718270572,0.1841004184100418,7.944140998781644,0.1603905160390516,11.53632109920697,0.7126917712691772,0.1269177126917712,-9.966165318073692,717,0.2370990237099023,0.9191073919107392,0.1408647140864714,-3.533755680097212,0.6150627615062761,0.2440725244072524,2.8731659841672665,2026
605280,"Holmes, Clay",2026,zMLB,R,3.194446833,0.0561009817671809,0.2748948106591865,0.035063113604488,-5.403586109667263,0.6605890603085554,0.3043478260869565,8.005188898440505,0.2215988779803646,11.510363421286469,0.7054698457223001,0.0729312762973352,-9.832272281124522,713,0.2215988779803646,0.9368863955119214,0.2019635343618513,-3.2672404125242536,0.6984572230014026,0.0995792426367461,2.7877429148612403,2026
688642,"Agnos, Zach",2026,Rockies,R,4.036456044,0.0681818181818181,0.2784090909090909,0.0752840909090909,-6.427861135527204,0.6690340909090909,0.2556818181818182,8.734683260188893,0.2258522727272727,11.928852900839969,0.6875,0.0866477272727272,-10.42471528740318,704,0.2144886363636363,0.9076704545454546,0.140625,-4.26989555819428,0.6931818181818182,0.1661931818181818,2.923800322421431,2026
693686,"Miles, Spencer",2026,Blue Jays,R,1.651871618,0.0444126074498567,0.2177650429799427,0.1103151862464183,-6.434197936014731,0.7034383954154728,0.1862464183381088,7.866402577167242,0.1232091690544412,11.781039332270227,0.6275071633237822,0.2492836676217765,-10.72941579978678,698,0.1905444126074498,0.8724928366762178,0.1189111747851002,-2.919825825508704,0.6332378223495702,0.2478510028653295,2.9882972162087014,2026
453286,"Scherzer, Max",2026,Blue Jays,R,3.034212928,0.0463096960926193,0.2083936324167872,0.0998552821997105,-6.1815780369276645,0.7047756874095513,0.195369030390738,9.310877274796924,0.2575976845151954,13.939057639033754,0.6309696092619392,0.1114327062228654,-9.842807366245443,691,0.215629522431259,0.9334298118668596,0.0636758321273516,-3.5538857645255915,0.6338639652677279,0.3024602026049204,2.898426453571779,2026
687473,"Gusto, Ryan",2026,Marlins,R,2.541026901,0.0550724637681159,0.2492753623188406,0.1101449275362318,-6.361890612268702,0.7,0.1898550724637681,8.137572558828813,0.1753623188405797,11.68155180306729,0.6130434782608696,0.2115942028985507,-10.61178792802524,690,0.2101449275362318,0.9043478260869564,0.0840579710144927,-3.5733732153312148,0.672463768115942,0.2434782608695652,3.173251614075834,2026
608718,"Suter, Brent",2026,zMLB,L,3.226750562,0.081513828238719,0.2066957787481805,0.0727802037845705,-5.657038811538439,0.6098981077147017,0.3173216885007278,8.794707857559228,0.2620087336244541,14.45255165566486,0.4745269286754003,0.2634643377001455,-11.509225825211978,687,0.2401746724890829,0.8573508005822417,0.0902474526928675,-3.2948750255362307,0.6666666666666666,0.2430858806404658,2.908913766121509,2026
607074,"Rodón, Carlos",2026,Yankees,L,3.320725391,0.0986745213549337,0.2164948453608247,0.0692194403534609,-6.387450044081846,0.6980854197349042,0.2326951399116347,8.252528020007695,0.1811487481590574,12.719580325690742,0.678939617083947,0.1399116347569955,-10.41029211490875,679,0.3033873343151693,0.9013254786450664,0.1929307805596465,-4.128584875459097,0.5301914580265096,0.2768777614138439,2.904304543214222,2026
669194,"Nelson, Ryne",2026,Diamondbacks,R,2.0544735,0.038632986627043,0.2659732540861813,0.0980683506686478,-5.945380603415641,0.7607726597325408,0.1411589895988113,7.46918605296681,0.0802377414561664,11.139435467093284,0.7102526002971769,0.2095096582466567,-10.127064082392048,673,0.2199108469539376,0.8959881129271917,0.0609212481426448,-3.992612344714028,0.6092124814264487,0.3298662704309064,2.912351478340315,2026
656288,"Canning, Griffin",2026,Padres,R,2.38054429,0.0627802690582959,0.2511210762331838,0.070254110612855,-5.517141212888105,0.6786248131539612,0.2511210762331838,7.490561373611515,0.1644245142002989,11.041783004404191,0.6980568011958147,0.1375186846038864,-10.72534752679341,669,0.2615844544095665,0.8923766816143498,0.1853512705530642,-3.630171950567613,0.617339312406577,0.1973094170403587,2.917916657986616,2026
665152,"Kremer, Dean",2026,zMLB,R,4.217271731,0.1075757575757575,0.2121212121212121,0.0606060606060606,-5.704982705437095,0.5909090909090909,0.3484848484848485,9.213074295037211,0.3424242424242424,13.406207614663648,0.5393939393939394,0.1181818181818181,-9.89229062015546,660,0.2848484848484848,0.9166666666666666,0.1287878787878787,-3.942811914152906,0.65,0.2212121212121212,2.845989884656502,2026
592791,"Taillon, Jameson",2026,zMLB,R,2.982022531,0.0713201820940819,0.2397572078907435,0.0500758725341426,-6.521767785268518,0.6267071320182094,0.3232169954476479,8.17186787092387,0.3171471927162367,12.742774911010349,0.6100151745068285,0.0728376327769347,-10.753396093693524,659,0.2655538694992412,0.9089529590288316,0.0971168437025796,-3.773083139952969,0.669195751138088,0.2336874051593323,3.048465503761812,2026
665871,"Assad, Javier",2026,Cubs,R,2.707663391,0.0425531914893617,0.2735562310030395,0.1048632218844984,-5.837431675270307,0.6990881458966566,0.196048632218845,7.990761436856981,0.121580547112462,12.618859907777251,0.71580547112462,0.1626139817629179,-11.27878949864389,658,0.1595744680851064,0.9224924012158054,0.0714285714285714,-3.282233037087732,0.7112462006079028,0.2173252279635258,2.901308602017429,2026
656794,"Newcomb, Sean",2026,White Sox,L,2.051039606,0.0549618320610687,0.2290076335877862,0.1465648854961832,-5.9951282345026895,0.6809160305343511,0.1725190839694656,8.11308458557136,0.0916030534351145,11.143888222351208,0.7236641221374046,0.1847328244274809,-10.940382196601272,655,0.2427480916030534,0.9251908396946564,0.1114503816793893,-3.580115674409244,0.5969465648854961,0.2916030534351145,3.1071202426385893,2026
687396,"Headrick, Brent",2026,Yankees,L,4.176451088,0.1150306748466257,0.1855828220858895,0.0644171779141104,-6.085518391684357,0.6411042944785276,0.294478527607362,10.355774637673008,0.2868098159509202,13.906106493381284,0.6088957055214724,0.1042944785276073,-10.93698751863544,652,0.3236196319018405,0.9079754601226994,0.1917177914110429,-3.6521379817816846,0.5521472392638037,0.2561349693251534,2.898652511378845,2026
683004,"Leiter, Jack",2026,Rangers,R,2.915982142,0.0787037037037037,0.2345679012345679,0.0972222222222222,-6.212239757378916,0.7083333333333334,0.1944444444444444,8.24556015371841,0.1604938271604938,11.57264815703445,0.7021604938271605,0.1373456790123456,-10.037414766703176,648,0.257716049382716,0.8919753086419753,0.1419753086419753,-4.102448959496513,0.5817901234567902,0.2762345679012346,2.939443123741308,2026
670970,"Morejon, Adrian",2026,Padres,L,2.347443466,0.0913312693498452,0.1687306501547987,0.1238390092879257,-6.126404085959716,0.608359133126935,0.2678018575851393,7.50740582618238,0.0758513931888544,11.114074652763922,0.6625386996904025,0.261609907120743,-10.3171554948364,646,0.3513931888544891,0.8575851393188855,0.2151702786377708,-3.868010656754535,0.5201238390092879,0.2647058823529412,3.264218895507326,2026
804267,"Thornton, Zac",2026,Mets,L,1.958184248,0.0345368916797488,0.2260596546310832,0.1240188383045525,-5.912006285615502,0.6703296703296703,0.205651491365777,7.764788575637898,0.1773940345368916,12.063525443251242,0.6797488226059655,0.1428571428571428,-10.918101836011449,637,0.1821036106750392,0.9167974882260596,0.0706436420722135,-2.988215479724482,0.7127158555729984,0.216640502354788,2.977457915102422,2026
669199,"Bachar, Lake",2026,zMLB,R,4.755286813,0.0974842767295597,0.2327044025157232,0.0566037735849056,-5.752851757688269,0.6761006289308176,0.2672955974842767,10.288266250589126,0.2515723270440251,12.273725031435792,0.6446540880503144,0.1037735849056603,-10.838164354633845,636,0.3081761006289308,0.8805031446540881,0.2185534591194968,-4.567428264098035,0.5880503144654088,0.1933962264150943,2.86747783327558,2026
571578,"Corbin, Patrick",2026,Blue Jays,L,4.157440669,0.0698412698412698,0.2079365079365079,0.0873015873015873,-5.977985801804439,0.5873015873015873,0.3253968253968254,8.970238023539693,0.3222222222222222,13.787937363866911,0.5492063492063493,0.1285714285714285,-11.015366711101738,630,0.2126984126984127,0.8936507936507937,0.1444444444444444,-3.2461584871331235,0.7047619047619048,0.1507936507936507,2.7361289847767023,2026
670950,"Richards, Trevor",2026,zMLB,R,3.848454717,0.0781499202551834,0.2647527910685805,0.0398724082934609,-5.244626032247354,0.74481658692185,0.215311004784689,8.984132530961675,0.2121212121212121,13.694837576046844,0.6539074960127592,0.1339712918660287,-10.132505010341346,627,0.215311004784689,0.9059011164274322,0.1052631578947368,-4.265012019460634,0.5933014354066986,0.3014354066985646,2.793498832176065,2026
665795,"Cabrera, Edward",2026,Cubs,R,3.108063335,0.0689102564102564,0.2419871794871795,0.0881410256410256,-6.396597027231291,0.6153846153846154,0.296474358974359,7.902546517834243,0.1955128205128205,10.64709101375392,0.7307692307692307,0.0737179487179487,-11.517569437265369,624,0.2708333333333333,0.9102564102564102,0.2339743589743589,-3.838934133661242,0.6233974358974359,0.1426282051282051,2.8611752973660938,2026
571927,"Matz, Steven",2026,Rays,L,2.461031321,0.0658105939004815,0.2375601926163724,0.0947030497592295,-5.892001763007633,0.6629213483146067,0.2423756019261637,7.653739894022753,0.1958266452648475,11.960314602742097,0.6131621187800963,0.1910112359550561,-10.449057200394014,623,0.2118780096308186,0.9181380417335474,0.0722311396468699,-3.772637261773664,0.6484751203852327,0.2792937399678972,2.9226720854526267,2026
660271,"Ohtani, Shohei",2026,Dodgers,R,3.295807472,0.1048387096774193,0.182258064516129,0.0935483870967742,-6.243373616160644,0.6290322580645161,0.2774193548387096,9.417521866087032,0.2516129032258064,12.692262839812615,0.5612903225806452,0.1870967741935484,-10.384551651275247,620,0.3048387096774193,0.9048387096774192,0.1274193548387096,-3.980141879330251,0.5887096774193549,0.2838709677419355,3.130361537141061,2026
686973,"Varland, Louis",2026,Blue Jays,R,2.943555145,0.0967741935483871,0.1741935483870967,0.0564516129032258,-5.74788850975752,0.635483870967742,0.3080645161290322,7.477058641476812,0.1112903225806451,10.616449603996609,0.6451612903225806,0.2435483870967742,-10.115911084619592,620,0.3016129032258065,0.8709677419354839,0.2032258064516129,-4.061021138990151,0.5338709677419354,0.2629032258064516,3.113336595826836,2026
800311,"Fuentes, Didier",2026,Braves,R,2.875552087,0.0951612903225806,0.1741935483870967,0.0758064516129032,-5.818341883047821,0.6548387096774193,0.2693548387096774,8.48145614871887,0.15,12.870050450521672,0.6548387096774193,0.1951612903225806,-10.14359470406024,620,0.3064516129032258,0.9016129032258065,0.0870967741935483,-4.42010533592368,0.5290322580645161,0.3838709677419354,3.069167576849147,2026
837227,"Imai, Tatsuya",2026,Astros,R,3.555363143,0.1243941841680129,0.1922455573505654,0.0710823909531502,-5.92556768129578,0.6187399030694669,0.3101777059773828,9.010050491313656,0.27140549273021,12.527174435330616,0.5735056542810986,0.1550888529886914,-10.819069677520645,619,0.3295638126009693,0.9127625201938612,0.1890145395799677,-3.9953289914093073,0.5815831987075929,0.2294022617124394,3.007789089786676,2026
660853,"De Los Santos, Enyel",2026,Astros,R,3.117861855,0.0707236842105263,0.2023026315789473,0.0444078947368421,-5.107324471619461,0.6036184210526315,0.3519736842105263,9.008365932874304,0.2927631578947368,13.206968073791302,0.5509868421052632,0.15625,-10.738754100218824,608,0.2730263157894737,0.9177631578947368,0.0740131578947368,-3.058539463853382,0.6414473684210527,0.2845394736842105,2.893587587432088,2026
691799,"Taylor, Grant",2026,White Sox,R,3.757811879,0.0907590759075907,0.2194719471947194,0.0891089108910891,-5.564477197283755,0.6996699669966997,0.2112211221122112,8.890883276121752,0.1402640264026402,12.37168072669187,0.5907590759075908,0.2689768976897689,-11.281552661769275,606,0.2953795379537954,0.8547854785478548,0.1452145214521452,-5.352751513336274,0.5528052805280528,0.3019801980198019,3.2375537864906136,2026
702193,"Morris, Andrew",2026,Twins,R,2.145979564,0.052892561983471,0.2066115702479339,0.1206611570247934,-6.614481678395505,0.6942148760330579,0.1851239669421487,7.894208484950694,0.1008264462809917,11.58361277293056,0.6644628099173554,0.2347107438016528,-9.978592958064931,605,0.2347107438016528,0.9107438016528926,0.0975206611570247,-3.4597689975700328,0.6066115702479339,0.2958677685950413,2.9967836808530643,2026
625643,"López, Reynaldo",2026,Braves,R,3.573227017,0.0812603648424544,0.2172470978441127,0.0696517412935323,-5.449627887995371,0.6500829187396352,0.2802653399668325,7.959866495568285,0.2537313432835821,13.104660755421143,0.572139303482587,0.1741293532338308,-10.130468383079377,603,0.2238805970149253,0.8955223880597015,0.1028192371475953,-3.899103343512458,0.6633499170812603,0.2338308457711442,2.92899851419993,2026
670990,"Ramírez, Yohan",2026,Pirates,R,4.474242949,0.0918196994991652,0.1736227045075125,0.1585976627712854,-7.056959624890157,0.6026711185308848,0.2387312186978297,9.767920250271793,0.2337228714524207,13.028562332137655,0.6494156928213689,0.1168614357262103,-10.00490273818278,599,0.2854757929883139,0.8681135225375626,0.1602671118530884,-5.099096986195633,0.6010016694490818,0.2387312186978297,3.012837181364486,2026
670280,"Bednar, David",2026,Yankees,R,2.773746935,0.069023569023569,0.1936026936026936,0.0656565656565656,-5.462342190222733,0.6902356902356902,0.2441077441077441,8.291352230302877,0.1969696969696969,12.89663552338448,0.7003367003367004,0.1026936026936027,-10.565791732154285,594,0.3114478114478115,0.9074074074074074,0.2289562289562289,-3.5414822041015888,0.5117845117845118,0.2592592592592592,2.967474333161438,2026
676879,"Ashby, Aaron",2026,Brewers,L,5.681734052,0.1220338983050847,0.2084745762711864,0.0864406779661016,-6.390376002520094,0.5423728813559322,0.3711864406779661,9.580844472137306,0.2067796610169491,13.509789859956843,0.6576271186440678,0.135593220338983,-10.77410345440165,590,0.3288135593220339,0.8322033898305085,0.2847457627118644,-4.945264706247959,0.5830508474576271,0.1322033898305084,2.7655665814078416,2026
593974,"Peralta, Wandy",2026,Padres,L,2.946003528,0.0595238095238095,0.2210884353741496,0.1054421768707483,-5.898748379225614,0.5697278911564626,0.3248299319727891,7.726361950939416,0.2159863945578231,11.02896372206752,0.6972789115646258,0.086734693877551,-9.6956669236956,588,0.2244897959183673,0.9404761904761904,0.1836734693877551,-3.1890459589240137,0.685374149659864,0.1309523809523809,2.679553104942465,2026
671922,"Smith, Cade",2026,Guardians,R,2.460148059,0.0790378006872852,0.1769759450171821,0.0584192439862542,-6.521953603703219,0.6993127147766323,0.2422680412371134,7.937822292198812,0.1391752577319587,11.634553063947266,0.6013745704467354,0.2594501718213058,-10.141617307790131,582,0.3470790378006873,0.8762886597938144,0.134020618556701,-4.015772179021865,0.4845360824742268,0.3814432989690721,3.2211979165778484,2026
656546,"Hoffman, Jeff",2026,zMLB,R,4.096979355,0.1013745704467354,0.1649484536082474,0.0876288659793814,-6.321938273395654,0.6185567010309279,0.2938144329896907,9.865319106187576,0.2697594501718213,12.093074246422407,0.6065292096219931,0.1237113402061855,-9.785897545116033,582,0.3831615120274914,0.8848797250859106,0.2285223367697594,-4.381348383760442,0.5481099656357389,0.2233676975945017,3.0179418354182648,2026
663738,"Lynch IV, Daniel",2026,Royals,L,3.248295308,0.0773195876288659,0.2938144329896907,0.1065292096219931,-5.936858410089979,0.6048109965635738,0.2886597938144329,8.66408478762463,0.2371134020618556,11.631887168166022,0.6855670103092784,0.0773195876288659,-10.125780157606076,582,0.2233676975945017,0.9278350515463918,0.1597938144329896,-3.0764313574651267,0.7439862542955327,0.0962199312714776,2.8838260160119766,2026
675848,"Mejia, Juan",2026,Rockies,R,3.101983647,0.0659722222222222,0.2204861111111111,0.1041666666666666,-6.49926127998264,0.6440972222222222,0.2517361111111111,8.82651725602956,0.1545138888888889,13.28734706441116,0.6284722222222222,0.2170138888888889,-10.397157701735226,576,0.234375,0.8819444444444444,0.1006944444444444,-4.167163271527635,0.6336805555555556,0.265625,2.913201863340112,2026
579328,"Kikuchi, Yusei",2026,Angels,L,2.707122253,0.0506108202443281,0.2111692844677138,0.0994764397905759,-5.748602141244703,0.7085514834205934,0.1919720767888307,8.41296387084114,0.1710296684118673,11.897801741744669,0.6579406631762653,0.1710296684118673,-10.81132729566375,573,0.2390924956369982,0.9197207678883071,0.1047120418848167,-3.5986953459283333,0.6160558464223386,0.2792321116928447,3.03946836719825,2026
663776,"Sandoval, Patrick",2026,Red Sox,L,3.403817638,0.0700525394045534,0.2119089316987741,0.0963222416812609,-5.649376044937177,0.5866900175131349,0.3169877408056042,9.119099082311024,0.287215411558669,13.088202984774506,0.542907180385289,0.169877408056042,-10.5472252688157,571,0.2539404553415061,0.9281961471103328,0.0875656742556917,-3.348110403477295,0.6935201401050788,0.2189141856392294,2.8235978043110928,2026
656641,"Latz, Jacob",2026,Rangers,L,3.657032445,0.0683012259194395,0.1856392294220665,0.0490367775831873,-6.3718929721926445,0.637478108581436,0.3134851138353765,9.64953555180305,0.2399299474605954,12.845038842757932,0.6567425569176882,0.1033274956217162,-9.97062324870164,571,0.3239929947460595,0.9176882661996496,0.1015761821366024,-4.302195391110089,0.5306479859894921,0.3677758318739054,2.99410214829894,2026
699134,"Rodriguez, Bradgley",2026,Padres,R,2.871036771,0.0738137082601054,0.1757469244288225,0.0843585237258348,-6.304795163382488,0.5588752196836555,0.3567662565905096,8.815876967272317,0.2724077328646748,11.832896702247927,0.5992970123022847,0.1282952548330404,-9.999086121442373,569,0.3110720562390158,0.9244288224956064,0.1265377855887522,-3.082554200628912,0.648506151142355,0.2249560632688927,2.912530743999455,2026
677976,"Dobnak, Randy",2026,Royals,R,3.240479918,0.0657193605683836,0.3072824156305506,0.0692717584369449,-6.326851333559447,0.7193605683836589,0.2113676731793961,7.981229717602612,0.1882770870337478,11.478102054559756,0.7300177619893428,0.0817051509769094,-11.231329486276517,563,0.1936056838365897,0.9129662522202486,0.1829484902309058,-3.5460089011457314,0.7246891651865008,0.0923623445825932,2.870447874470365,2026
682254,"Montgomery, Mason",2026,Pirates,L,2.389377637,0.1156583629893238,0.1565836298932384,0.0818505338078291,-5.4616016275963375,0.6672597864768683,0.2508896797153025,7.51495190176807,0.1120996441281138,11.3031739524888,0.5658362989323843,0.3220640569395018,-10.963957543942698,562,0.3274021352313167,0.8505338078291815,0.1281138790035587,-4.628815966087422,0.4697508896797153,0.4021352313167259,3.1891122688303817,2026
668984,"Legumina, Casey",2026,zMLB,R,2.356420829,0.0641711229946524,0.2156862745098039,0.1212121212121212,-6.026715792667762,0.6238859180035651,0.2549019607843137,8.079240603673853,0.1283422459893048,13.041116835061006,0.6506238859180036,0.2210338680926916,-10.909179121209869,561,0.213903743315508,0.9126559714795008,0.0499108734402852,-3.38691070461467,0.6381461675579323,0.3119429590017825,3.074196189877274,2026
677865,"Bruihl, Justin",2026,Cardinals,L,2.952452418,0.0695187165775401,0.213903743315508,0.089126559714795,-6.602079806804183,0.5721925133689839,0.338680926916221,7.987907517446921,0.3226381461675579,13.616581852463051,0.5401069518716578,0.1372549019607843,-10.360980278389547,561,0.1818181818181818,0.910873440285205,0.1301247771836007,-2.9984216999765154,0.7219251336898396,0.1479500891265597,2.9128005744310603,2026
656848,"Petersen, Michael",2026,Marlins,R,2.286598984,0.0607142857142857,0.1928571428571428,0.0714285714285714,-6.044640135729448,0.7660714285714286,0.1625,7.414535173322039,0.1267857142857142,11.774424705367062,0.7464285714285714,0.1267857142857142,-9.82342242542257,560,0.3,0.9053571428571427,0.1053571428571428,-4.496196012216132,0.4928571428571429,0.4017857142857143,3.01094095135874,2026
622608,"Senzatela, Antonio",2026,zMLB,R,1.672422615,0.052064631956912,0.229802513464991,0.1328545780969479,-6.675873461143001,0.651705565529623,0.215439856373429,8.258573634789348,0.0412926391382405,11.87890435278996,0.6696588868940754,0.289048473967684,-11.074889876125583,557,0.2423698384201077,0.8779174147217235,0.096947935368043,-3.191835275747505,0.6032315978456014,0.2998204667863555,3.074300950920711,2026
657097,"Webb, Jacob",2026,Cubs,R,3.252464007,0.1081081081081081,0.1909909909909909,0.0342342342342342,-5.285773893773537,0.5675675675675675,0.3981981981981982,8.922626067262481,0.3387387387387387,13.142706671706566,0.5369369369369369,0.1243243243243243,-11.382576569425968,555,0.3369369369369369,0.9081081081081082,0.1315315315315315,-3.3950905965688234,0.6162162162162163,0.2522522522522522,2.996167095115651,2026
702273,"Schultz, Noah",2026,White Sox,L,2.695411208,0.0597826086956521,0.2355072463768115,0.1123188405797101,-6.802839014182058,0.6413043478260869,0.2463768115942029,8.330376258231942,0.1539855072463768,11.793440999704355,0.6847826086956522,0.161231884057971,-10.605035502232786,552,0.2101449275362318,0.9003623188405797,0.1231884057971014,-3.781988758244164,0.6539855072463768,0.2228260869565217,2.991281193158273,2026
664299,"Javier, Cristian",2026,Astros,R,3.086527272,0.0672727272727272,0.1890909090909091,0.0727272727272727,-5.959591652799347,0.6672727272727272,0.26,9.222790988776364,0.2472727272727272,13.11951408161209,0.6545454545454545,0.0981818181818181,-9.575731475466092,550,0.2909090909090909,0.9181818181818182,0.0818181818181818,-3.600490034444824,0.5527272727272727,0.3654545454545455,2.915880950681936,2026
621112,"Blackburn, Paul",2026,Yankees,R,3.297321704,0.0765027322404371,0.2349726775956284,0.0728597449908925,-5.681539946538799,0.5938069216757741,0.3333333333333333,7.63982626738767,0.2313296903460837,11.662843698939154,0.6557377049180327,0.1129326047358834,-10.315316946813942,549,0.2295081967213114,0.9143897996357012,0.1839708561020036,-3.7349854892447256,0.6775956284153005,0.1384335154826958,2.8209908282231524,2026
669330,"Wells, Tyler",2026,zMLB,R,2.394544054,0.0583941605839416,0.2098540145985401,0.052919708029197,-5.985707118338902,0.6386861313868614,0.3083941605839416,8.819099027312307,0.2372262773722627,11.48153146597078,0.6605839416058394,0.1021897810218978,-11.032927637370555,548,0.3120437956204379,0.9251824817518248,0.0510948905109489,-3.0716224019510285,0.6222627737226277,0.3266423357664234,3.0261018520567355,2026
670245,"Watson, Ryan",2026,zMLB,R,2.825302091,0.0348623853211009,0.2532110091743119,0.0935779816513761,-6.716330782638605,0.6807339449541284,0.2256880733944954,8.693960306124122,0.163302752293578,11.803009062236628,0.6935779816513762,0.1431192660550458,-9.690818270518,545,0.2605504587155963,0.9045871559633027,0.1431192660550458,-3.920552793793828,0.6568807339449542,0.2,2.9307793847339743,2026
678906,"Teng, Kai-Wei",2026,Astros,R,3.689879021,0.0762081784386617,0.2453531598513011,0.1468401486988847,-7.108909634883395,0.6282527881040892,0.224907063197026,9.922993732901208,0.1858736059479553,12.512200514385,0.6747211895910781,0.1394052044609665,-10.702052995872554,538,0.2695167286245353,0.9014869888475836,0.1431226765799256,-4.22431342731764,0.6412639405204461,0.2156133828996282,3.078945391605687,2026
687312,"Hughes, Gabriel",2026,Rockies,R,2.087003602,0.0429906542056074,0.1962616822429906,0.1102803738317757,-5.993637203383448,0.6990654205607477,0.1906542056074766,7.430902102112327,0.1401869158878504,11.147898051212872,0.6336448598130842,0.2261682242990654,-11.351330166036853,535,0.2093457943925233,0.8953271028037383,0.0971962616822429,-3.912689272247343,0.6560747663551402,0.2467289719626168,2.9964280255677256,2026
679883,"Avila, Luinder",2026,Royals,R,2.660930887,0.0580524344569288,0.2303370786516854,0.1254681647940075,-6.135151348956285,0.6198501872659176,0.2546816479400749,7.756932749535654,0.1779026217228464,10.951478286140452,0.7097378277153558,0.1123595505617977,-10.177781067475031,534,0.2434456928838951,0.906367041198502,0.1666666666666666,-3.699392075663128,0.6797752808988764,0.1535580524344569,2.952115313396496,2026
666277,"Soriano, George",2026,Cardinals,R,3.660951808,0.1179775280898876,0.2265917602996254,0.0674157303370786,-5.377524808205106,0.6142322097378277,0.3183520599250936,8.763313070010655,0.2397003745318352,12.117622455171396,0.6835205992509363,0.0767790262172284,-9.77403580818218,534,0.2958801498127341,0.9269662921348316,0.2322097378277153,-3.54747899703519,0.6142322097378277,0.1535580524344569,2.8918556166356826,2026
702275,"Ritchie, JR",2026,Braves,R,2.11527744,0.0637898686679174,0.2439024390243902,0.0787992495309568,-6.120916178716846,0.6941838649155723,0.2270168855534709,7.290077325997793,0.223264540337711,10.697545259250658,0.6585365853658537,0.1181988742964352,-10.513704523402096,533,0.2270168855534709,0.9174484052532832,0.1969981238273921,-3.2392420872990373,0.6472795497185742,0.1557223264540337,3.105735922762182,2026
656945,"Scott, Tanner",2026,Dodgers,L,3.179852821,0.0977443609022556,0.1917293233082706,0.1203007518796992,-6.001299900726802,0.6860902255639098,0.1936090225563909,9.380486718636208,0.1635338345864661,11.802443339507096,0.6823308270676691,0.1541353383458646,-9.856305911361511,532,0.3590225563909774,0.8796992481203008,0.1748120300751879,-4.685852447288699,0.5169172932330827,0.3082706766917293,3.2632644911590205,2026
700669,"Graceffo, Gordon",2026,Cardinals,R,2.674986774,0.0753295668549905,0.3013182674199623,0.0903954802259887,-5.702605137224642,0.7080979284369114,0.2015065913370998,7.4678184396974,0.1412429378531073,11.243403978307247,0.6986817325800376,0.160075329566855,-10.772780569418536,531,0.2146892655367231,0.9077212806026366,0.1487758945386064,-3.547834611201229,0.632768361581921,0.2184557438794727,2.9155259024059426,2026
656464,"Ginkel, Kevin",2026,Diamondbacks,R,3.94197666,0.0964083175803402,0.22117202268431,0.0850661625708884,-5.993637370234302,0.6710775047258979,0.2438563327032136,9.12890745370994,0.2041587901701323,12.273413766214338,0.610586011342155,0.1852551984877126,-10.34606671116315,529,0.2986767485822306,0.8412098298676749,0.1776937618147448,-4.8541621768562,0.5727788279773157,0.2495274102079395,2.961692154471072,2026
663687,"Harris, Hogan",2026,Athletics,L,1.996186692,0.0702087286527514,0.1821631878557874,0.0569259962049335,-5.180581861882256,0.7381404174573055,0.2049335863377609,8.596678041819729,0.206831119544592,14.6080567200244,0.5464895635673624,0.2466793168880455,-10.872896401680247,527,0.2580645161290322,0.8918406072106262,0.0872865275142315,-3.009346615323913,0.5597722960151803,0.3529411764705882,2.913917010701144,2026
669276,"Lee, Dylan",2026,Braves,L,4.4083823,0.1564885496183206,0.1736641221374046,0.0305343511450381,-5.236105158413861,0.5782442748091603,0.3912213740458015,9.796284802451096,0.4484732824427481,13.388680268573594,0.4885496183206106,0.0629770992366412,-9.747806429692002,524,0.3645038167938931,0.900763358778626,0.2118320610687022,-3.6196535461062056,0.6049618320610687,0.183206106870229,2.7883225916538104,2026
678606,"Ferrer, José A.",2026,Mariners,L,2.72738907,0.0555555555555555,0.1954022988505747,0.0996168582375478,-5.97677930718926,0.6168582375478927,0.2835249042145594,8.14435196668846,0.1264367816091954,12.457764103224513,0.5842911877394636,0.289272030651341,-10.352413336448803,522,0.1973180076628352,0.8908045977011494,0.0938697318007662,-3.2740712643237924,0.6915708812260536,0.21455938697318,2.761690509234296,2026
656271,"Burke, Brock",2026,Reds,L,2.716401879,0.1034482758620689,0.2203065134099616,0.0747126436781609,-5.782002403361862,0.6245210727969349,0.3007662835249042,7.83064901020194,0.2432950191570881,12.14246108607408,0.5862068965517241,0.1704980842911877,-9.932244235501,522,0.2950191570881226,0.9176245210727968,0.1475095785440613,-3.269749218768593,0.6245210727969349,0.2279693486590038,3.074648485810828,2026
666171,"Zeferjahn, Ryan",2026,zMLB,R,2.871905986,0.1168582375478927,0.1819923371647509,0.0977011494252873,-6.557468418660655,0.6226053639846744,0.2796934865900383,9.118534174812252,0.2068965517241379,12.599617454239798,0.5842911877394636,0.2088122605363984,-10.60673575790281,522,0.3237547892720306,0.9099616858237548,0.1187739463601532,-4.048253860025272,0.5574712643678161,0.3237547892720306,3.2709913449141608,2026
641302,"Alexander, Tyler",2026,Rangers,L,2.176382695,0.0460652591170825,0.2168905950095969,0.109404990403071,-5.51074672149318,0.6046065259117083,0.2859884836852207,7.7716429848477695,0.1880998080614203,11.393589702406189,0.6372360844529751,0.1746641074856046,-10.49201164203559,521,0.2168905950095969,0.9174664107485604,0.1017274472168906,-2.9211679493801026,0.6852207293666027,0.2130518234165067,2.869492540217143,2026
680755,"Fisher, Braydon",2026,Blue Jays,R,3.5801755,0.1021194605009633,0.210019267822736,0.0635838150289017,-6.050882704654504,0.6319845857418112,0.3044315992292871,8.443006093605467,0.2890173410404624,12.513051509759745,0.6107899807321773,0.1001926782273603,-10.992914749232702,519,0.2947976878612717,0.8786127167630058,0.1965317919075144,-3.912376125333759,0.6107899807321773,0.1926782273603083,2.937147354861885,2026
695243,"Miller, Mason",2026,Padres,R,5.987393605,0.1969111969111969,0.138996138996139,0.0945945945945946,-6.399582143689079,0.5501930501930502,0.3552123552123552,11.924235756061847,0.2625482625482625,15.224287185296198,0.5617760617760618,0.1756756756756756,-10.941879123276948,518,0.4536679536679536,0.806949806949807,0.2548262548262548,-5.914987846234132,0.4401544401544401,0.305019305019305,3.3714566348626787,2026
656638,"Lange, Alex",2026,Royals,R,3.201109652,0.1005802707930367,0.2456479690522243,0.0793036750483558,-5.883857547602776,0.6266924564796905,0.2940038684719536,8.022563305398549,0.2108317214700193,11.1279264992697,0.7021276595744681,0.0870406189555125,-10.113581209140026,517,0.2765957446808511,0.9323017408123792,0.2456479690522243,-3.645335489981121,0.6305609284332688,0.1237911025145067,2.898848070338324,2026
687911,"King, Bryan",2026,Astros,L,2.27460372,0.0407766990291262,0.1980582524271844,0.1689320388349514,-5.974220655427004,0.6951456310679611,0.1359223300970873,7.932335070281114,0.1009708737864077,11.940476957988896,0.6097087378640776,0.2893203883495145,-11.134398691807723,515,0.1844660194174757,0.8699029126213592,0.0543689320388349,-4.075386096510528,0.6873786407766991,0.258252427184466,3.0818147774123466,2026
670036,"Festa, Matt",2026,Guardians,R,2.200443777,0.0661478599221789,0.2276264591439688,0.11284046692607,-6.539798460556406,0.6712062256809338,0.2159533073929961,8.050970440108154,0.1361867704280155,11.82715932337443,0.6517509727626459,0.2120622568093385,-11.09764826902602,514,0.2801556420233463,0.8832684824902723,0.0778210116731517,-4.367859626686769,0.603112840466926,0.3190661478599221,3.1154885825815564,2026
664199,"Clarke, Taylor",2026,Diamondbacks,R,3.350811996,0.0565302144249512,0.2709551656920078,0.1111111111111111,-5.887089007396425,0.5984405458089669,0.290448343079922,8.578007895242326,0.1910331384015594,10.715848493761566,0.7446393762183235,0.0643274853801169,-9.569554805390904,513,0.2319688109161793,0.9181286549707602,0.1656920077972709,-3.283306532556037,0.7115009746588694,0.1228070175438596,2.821928036244877,2026
592773,"Stanek, Ryne",2026,Cardinals,R,2.743420009,0.0859375,0.21875,0.05859375,-5.9966677694556445,0.68359375,0.2578125,8.279346778315446,0.138671875,11.808475495255664,0.736328125,0.125,-10.288146203937004,512,0.30078125,0.908203125,0.12890625,-3.5541698873779235,0.541015625,0.330078125,3.0922601187026046,2026
663947,"Holton, Tyler",2026,Tigers,L,2.341259354,0.0626223091976516,0.2681017612524461,0.1154598825831702,-5.891478125094771,0.6027397260273972,0.2818003913894324,8.153278564864301,0.2152641878669275,12.56267475942914,0.675146771037182,0.1095890410958904,-10.563375406099937,511,0.2426614481409001,0.9197651663405088,0.1154598825831702,-2.8894038975643634,0.6947162426614482,0.1898238747553816,2.876824552472748,2026
622554,"Domínguez, Seranthony",2026,zMLB,R,4.538639709,0.0943025540275049,0.1827111984282907,0.1159135559921414,-6.130741960008399,0.5992141453831041,0.2848722986247544,9.549412010347908,0.2298624754420432,13.89314491542354,0.6601178781925344,0.1100196463654224,-9.14266464990058,509,0.275049115913556,0.9233791748526524,0.1021611001964636,-4.913553792029356,0.6110019646365422,0.2868369351669941,3.0406445756618967,2026
595345,"Okert, Steven",2026,Astros,L,3.215404519,0.0610236220472441,0.1751968503937007,0.0551181102362204,-5.794826333731941,0.6791338582677166,0.265748031496063,9.94234160091753,0.3464566929133858,13.553463282331396,0.531496062992126,0.1220472440944882,-10.732470816813114,508,0.3169291338582677,0.9153543307086616,0.076771653543307,-3.7465234804571534,0.6161417322834646,0.3070866141732283,3.06972881190902,2026
672782,"Gómez, Yoendrys",2026,zMLB,R,2.279787367,0.0515873015873015,0.2222222222222222,0.0952380952380952,-6.322729131132237,0.6468253968253969,0.2579365079365079,7.950975042647828,0.1488095238095238,12.216379619986714,0.6884920634920635,0.1626984126984127,-10.366532269980274,504,0.2698412698412698,0.9186507936507936,0.1011904761904761,-3.449733430784219,0.5813492063492064,0.3174603174603174,3.1178594733174165,2026
622663,"Severino, Luis",2026,Athletics,R,2.02934611,0.0417495029821073,0.220675944333996,0.1312127236580517,-6.2466623681296936,0.6719681908548708,0.1968190854870775,8.591507133101024,0.1053677932405566,11.14629250823673,0.6640159045725647,0.2306163021868787,-10.64409467128083,503,0.2345924453280318,0.9005964214711729,0.0874751491053678,-3.5820885029799534,0.6302186878727635,0.2823061630218688,3.017566726952406,2026
621237,"Alvarado, José",2026,Phillies,L,2.516457699,0.0675944333996023,0.1848906560636183,0.1590457256461232,-6.158347895505592,0.614314115308151,0.2266401590457256,7.989578030164695,0.1391650099403578,11.002807959085176,0.7037773359840954,0.1570576540755467,-10.197783047526656,503,0.2743538767395626,0.9125248508946322,0.1749502982107356,-3.719508118590941,0.6043737574552683,0.220675944333996,2.9951106069197846,2026
623211,"Brazobán, Huascar",2026,zMLB,R,2.911091775,0.0978043912175648,0.2135728542914171,0.1057884231536926,-6.506870410273417,0.530938123752495,0.3632734530938123,7.872636335382319,0.2355289421157684,10.840778366611827,0.6906187624750499,0.0738522954091816,-10.213168271492648,501,0.2574850299401197,0.9281437125748504,0.1836327345309381,-3.422467544807489,0.6926147704590818,0.12375249500998,2.865300009534733,2026
681217,"Silseth, Chase",2026,zMLB,R,3.015409974,0.0981963927855711,0.1803607214428857,0.0981963927855711,-6.561029839105005,0.6513026052104208,0.250501002004008,8.679914267557034,0.1803607214428857,12.266395051692216,0.6593186372745491,0.1603206412825651,-10.32343952522842,499,0.3366733466933868,0.8937875751503006,0.1503006012024048,-3.9282227264904463,0.5190380761523046,0.3306613226452906,3.091464608821354,2026
665622,"Medina, Luis",2026,Athletics,R,3.896976804,0.1267605633802817,0.1911468812877263,0.0704225352112676,-6.108039150680408,0.6116700201207244,0.317907444668008,9.11863167711568,0.2032193158953722,12.767564360480703,0.6398390342052314,0.1569416498993963,-10.397535641246686,497,0.3360160965794768,0.8832997987927566,0.2233400402414486,-4.129432747946065,0.5492957746478874,0.2273641851106639,3.0120523050406343,2026
686790,"McDonald, Trevor",2026,Giants,R,4.25796319,0.0745967741935483,0.2842741935483871,0.0887096774193548,-6.565313817361304,0.6512096774193549,0.2600806451612903,9.131349977446114,0.1955645161290322,13.148104997367952,0.6834677419354839,0.1209677419354838,-10.28073373060687,496,0.2157258064516129,0.9153225806451613,0.2076612903225806,-3.5922417184929447,0.6854838709677419,0.1068548387096774,2.9524997895823426,2026
666661,"Morillo, Juan",2026,Diamondbacks,R,2.590277885,0.0868686868686868,0.1696969696969697,0.1353535353535353,-6.385493168554453,0.5737373737373738,0.2909090909090909,7.978321806434626,0.1111111111111111,10.451959339749136,0.5878787878787879,0.301010101010101,-11.069449917062872,495,0.301010101010101,0.8363636363636363,0.105050505050505,-4.100958176166967,0.5555555555555556,0.3393939393939394,3.2413733389862363,2026
641329,"Baker, Bryan",2026,Rays,R,2.155287081,0.0405679513184584,0.1561866125760649,0.0608519269776876,-5.461014660728528,0.7018255578093306,0.2373225152129817,8.334897059463767,0.2373225152129817,12.304284081578498,0.6146044624746451,0.1480730223123732,-10.08735695600244,493,0.2799188640973631,0.9006085192697769,0.0953346855983772,-3.229234410761931,0.5720081135902637,0.332657200811359,2.981606817331834,2026
640448,"Finnegan, Kyle",2026,Tigers,R,3.290635784,0.0973630831643002,0.2616632860040568,0.0669371196754563,-5.649854852469868,0.6673427991886409,0.2657200811359026,8.557265036253023,0.2332657200811359,11.80571974373934,0.640973630831643,0.1257606490872211,-10.072057469459509,493,0.255578093306288,0.9127789046653144,0.1561866125760649,-3.6351500707482174,0.6490872210953347,0.1947261663286004,2.838237797088694,2026
660825,"Bazardo, Eduard",2026,Mariners,R,2.372582188,0.0547667342799188,0.2738336713995943,0.0933062880324543,-5.989306810394794,0.6774847870182555,0.22920892494929,8.433140715836416,0.1501014198782961,12.65078568569453,0.7261663286004056,0.1237322515212981,-10.776646551249671,493,0.2210953346855984,0.924949290060852,0.0872210953346856,-3.608449472041325,0.6673427991886409,0.2454361054766734,2.911309782643922,2026
663978,"Paddack, Chris",2026,zMLB,R,2.385086923,0.0528455284552845,0.2439024390243902,0.0589430894308943,-5.565186553675885,0.693089430894309,0.2479674796747967,7.480312481193164,0.2174796747967479,11.566253793015962,0.6443089430894309,0.1382113821138211,-10.022114211686436,492,0.2174796747967479,0.9166666666666666,0.1138211382113821,-3.312018250619177,0.6504065040650406,0.2357723577235772,2.815377578913751,2026
683769,"Gaddis, Hunter",2026,Guardians,R,3.196917882,0.0653061224489796,0.1755102040816326,0.0857142857142857,-6.109387375408303,0.6204081632653061,0.2938775510204082,8.61120553100789,0.2591836734693877,11.991229325743657,0.636734693877551,0.1040816326530612,-9.70636784874242,490,0.3,0.8877551020408163,0.1489795918367347,-4.024898923125739,0.6265306122448979,0.2244897959183673,2.9187761506023944,2026
673540,"Senga, Kodai",2026,Mets,R,4.73217294,0.1285714285714285,0.2163265306122449,0.0551020408163265,-5.650293175687676,0.6326530612244898,0.3122448979591837,10.002911670469835,0.3265306122448979,13.81307692053686,0.5387755102040817,0.1346938775510204,-10.417201559415489,490,0.2918367346938775,0.8612244897959184,0.1693877551020408,-4.469663245030149,0.6265306122448979,0.2040816326530612,2.9510814819254736,2026
642232,"Yarbrough, Ryan",2026,Yankees,L,3.695996763,0.0714285714285714,0.1612244897959183,0.0632653061224489,-5.616413542339292,0.6061224489795919,0.3306122448979592,10.178125163971297,0.3448979591836735,15.495675817799135,0.4551020408163265,0.2,-11.43360906934953,490,0.2530612244897959,0.8877551020408163,0.0632653061224489,-2.9424082837148107,0.710204081632653,0.2265306122448979,2.884730268830715,2026
643511,"Rogers, Tyler",2026,Blue Jays,R,1.834421988,0.0653061224489796,0.2040816326530612,0.0918367346938775,-5.811918338806938,0.6326530612244898,0.2755102040816326,7.492141411944664,0.1142857142857142,13.955862857031004,0.4775510204081633,0.4081632653061224,-12.528002762283103,490,0.1469387755102041,0.8693877551020408,0.1040816326530612,-2.684200975866715,0.7510204081632653,0.1448979591836734,3.001362798157143,2026
676534,"Faucher, Calvin",2026,Marlins,R,2.937157603,0.0612244897959183,0.2265306122448979,0.1244897959183673,-6.693691480977899,0.6510204081632653,0.2244897959183673,8.467091430137645,0.0836734693877551,10.86190513335725,0.7142857142857143,0.2020408163265306,-11.150703908585388,490,0.2632653061224489,0.8938775510204081,0.1836734693877551,-3.921993814350323,0.6122448979591837,0.2040816326530612,3.055882530836844,2026
689254,"Fluharty, Mason",2026,Blue Jays,L,2.351566816,0.065439672801636,0.1860940695296523,0.0736196319018405,-6.07415780662716,0.5807770961145194,0.3456032719836401,8.204317337283852,0.263803680981595,12.650141739384727,0.588957055214724,0.147239263803681,-11.305340204096815,489,0.2965235173824131,0.9038854805725972,0.1063394683026584,-3.286223506698914,0.6298568507157464,0.263803680981595,3.022937651323028,2026
686799,"Kochanowicz, Jack",2026,Angels,R,2.323388102,0.0720164609053498,0.279835390946502,0.0596707818930041,-5.680919672336864,0.6831275720164609,0.257201646090535,7.375851294679064,0.1172839506172839,10.998179163724489,0.7366255144032922,0.1460905349794238,-10.84918678204942,486,0.2386831275720164,0.9218106995884774,0.205761316872428,-3.1447132450814865,0.6440329218106996,0.1502057613168724,3.060792739902188,2026
663542,"Hudson, Bryan",2026,White Sox,L,1.786025303,0.0864197530864197,0.2345679012345679,0.1213991769547325,-6.180691325488048,0.6502057613168725,0.228395061728395,7.646337513757944,0.102880658436214,12.264731568694822,0.5967078189300411,0.3004115226337449,-11.430863504970876,486,0.2366255144032922,0.8786008230452675,0.0761316872427983,-3.191677756845832,0.6193415637860082,0.3045267489711934,3.157993991663376,2026
673513,"Matsui, Yuki",2026,Padres,L,4.193831741,0.1234567901234567,0.1707818930041152,0.0905349794238683,-5.464218745677539,0.5617283950617284,0.3477366255144033,9.598572269886125,0.3292181069958848,12.62951849618445,0.5864197530864198,0.0843621399176954,-9.831473250946273,486,0.3415637860082304,0.9032921810699588,0.1748971193415638,-3.8212326344039287,0.5637860082304527,0.2613168724279835,2.870707657637699,2026
676263,"Dreyer, Jack",2026,Dodgers,L,2.071214352,0.0726141078838174,0.2095435684647303,0.0435684647302904,-5.274487691979239,0.7282157676348547,0.2282157676348547,6.713429117626723,0.1348547717842323,10.839942935706649,0.6908713692946058,0.1742738589211618,-10.251509909283302,482,0.2863070539419087,0.9232365145228216,0.1763485477178423,-3.683653811108104,0.5062240663900415,0.3174273858921161,3.141351414395672,2026
660761,"Suarez, José",2026,zMLB,L,3.2397105,0.1161825726141078,0.2219917012448132,0.0580912863070539,-5.840984702742488,0.6452282157676349,0.2966804979253112,8.918330525629704,0.3278008298755187,12.343193448039742,0.5684647302904564,0.1037344398340249,-10.872677053831795,482,0.2717842323651452,0.9066390041493776,0.1846473029045643,-3.1510469119659734,0.6224066390041494,0.1929460580912863,2.970463793163938,2026
687330,"Kelly, Kevin",2026,Rays,R,1.852804106,0.0539419087136929,0.2593360995850622,0.1410788381742738,-6.455895117618617,0.6286307053941909,0.2302904564315352,7.16736315606367,0.1224066390041493,10.558269878993755,0.6970954356846473,0.1804979253112033,-10.524638533426131,482,0.2385892116182572,0.9377593360995852,0.2323651452282157,-3.218425890949407,0.6576763485477178,0.1099585062240663,3.130132538170217,2026
661395,"Duran, Jhoan",2026,Phillies,R,2.64229769,0.0622406639004149,0.1659751037344398,0.0995850622406639,-5.962727191171999,0.6639004149377593,0.2365145228215767,8.446315627562079,0.0663900414937759,11.137779802512384,0.6535269709543569,0.2800829875518672,-10.615953627277548,482,0.3651452282157676,0.8568464730290456,0.2406639004149377,-3.992548604971701,0.5145228215767634,0.2448132780082987,3.318888210857597,2026
674444,"Cruz, Steven",2026,Royals,R,1.419627335,0.0395010395010395,0.1995841995841996,0.1351351351351351,-5.576192315813096,0.7006237006237006,0.1642411642411642,7.1852814499107165,0.0457380457380457,9.460750490650335,0.7422037422037422,0.212058212058212,-10.415162361094067,481,0.288981288981289,0.9002079002079002,0.0873180873180873,-3.359475184376059,0.5717255717255717,0.340956340956341,3.25622396848895,2026
681911,"Vesia, Alex",2026,Dodgers,L,3.096617484,0.0666666666666666,0.1916666666666666,0.08125,-5.634483255302129,0.71875,0.2,10.725295125218445,0.1916666666666666,13.860940156482012,0.6625,0.1458333333333333,-10.62289001525245,480,0.3416666666666667,0.8770833333333333,0.09375,-4.399473298187293,0.4979166666666667,0.4083333333333333,3.04958096302054,2026
670329,"Garcia, Rico",2026,Orioles,R,3.339663483,0.1213389121338912,0.2238493723849372,0.0397489539748954,-6.031179441856029,0.5899581589958159,0.3702928870292887,8.793431242010051,0.3221757322175732,12.263959363523767,0.604602510460251,0.0732217573221757,-11.932228704700474,478,0.3221757322175732,0.9267782426778244,0.1527196652719665,-3.801452513575077,0.5794979079497908,0.2677824267782426,2.822274909633048,2026
642397,"Soto, Gregory",2026,Pirates,L,5.332455187,0.0983263598326359,0.1861924686192468,0.1234309623430962,-6.3666949150173,0.6171548117154811,0.2594142259414226,12.265725335259257,0.3179916317991632,14.545169803740547,0.5271966527196653,0.1548117154811715,-10.45319208255381,478,0.2761506276150627,0.8556485355648535,0.1610878661087866,-4.575816732816391,0.6317991631799164,0.207112970711297,2.975029807398381,2026
669711,"Weissert, Greg",2026,Red Sox,R,2.351801067,0.0482180293501048,0.2054507337526205,0.090146750524109,-6.10698703261444,0.6142557651991615,0.2955974842767295,8.005443624740744,0.1530398322851153,11.772869176946411,0.7085953878406709,0.1383647798742138,-10.855480503175624,477,0.2389937106918239,0.9056603773584906,0.1069182389937107,-3.1920083864712314,0.6415094339622641,0.2515723270440251,3.0125627975180507,2026
642528,"Loáisiga, Jonathan",2026,Diamondbacks,R,2.075661203,0.0462184873949579,0.2100840336134453,0.1323529411764706,-5.900657654947129,0.5882352941176471,0.2794117647058823,8.436773781960826,0.1470588235294117,10.41766136057944,0.6722689075630253,0.180672268907563,-10.23892335501735,476,0.2373949579831932,0.9243697478991596,0.1386554621848739,-3.035098519663014,0.680672268907563,0.180672268907563,2.892890217653657,2026
641835,"Mayza, Tim",2026,Phillies,L,2.170203821,0.0778947368421052,0.2294736842105263,0.1242105263157894,-5.98445532660346,0.6021052631578947,0.2736842105263158,7.663428656265614,0.0757894736842105,10.54375288656889,0.7031578947368421,0.2210526315789473,-11.118746874857218,475,0.2210526315789473,0.9178947368421052,0.12,-3.52132845542428,0.6147368421052631,0.2652631578947368,3.1755050081467573,2026
544150,"Suárez, Albert",2026,Orioles,R,2.089896742,0.0529661016949152,0.2521186440677966,0.0296610169491525,-5.267866289428325,0.6694915254237288,0.3008474576271186,7.413808532567529,0.2457627118644068,11.67052973498934,0.614406779661017,0.1398305084745762,-10.785435491594717,472,0.2436440677966101,0.9300847457627118,0.0656779661016949,-3.3461328740291485,0.6546610169491526,0.2796610169491525,2.888685147100761,2026
680573,"Woods Richardson, Simeon",2026,zMLB,R,1.898601923,0.0382978723404255,0.2978723404255319,0.1042553191489361,-5.954004608791173,0.7382978723404255,0.1574468085106383,7.191045626270132,0.1574468085106383,10.96868195869474,0.6978723404255319,0.1446808510638297,-9.367579173986314,470,0.1872340425531914,0.9340425531914892,0.0914893617021276,-3.577458344658714,0.6659574468085107,0.2425531914893617,2.8085425106682123,2026
663558,"Morán, Jovani",2026,Red Sox,L,5.024030743,0.1446808510638297,0.2,0.0489361702127659,-5.543259222547072,0.5659574468085107,0.3851063829787234,10.612621858155215,0.3489361702127659,14.830638965567667,0.5297872340425532,0.1212765957446808,-10.390677601822375,470,0.3319148936170212,0.9042553191489362,0.1893617021276595,-3.3863475740901,0.6212765957446809,0.1893617021276595,2.967035273354017,2026
596133,"Weaver, Luke",2026,zMLB,R,2.895743437,0.1,0.2085106382978723,0.051063829787234,-6.092571171364735,0.6595744680851063,0.2893617021276595,8.347627044008599,0.2382978723404255,11.053791793272309,0.6297872340425532,0.1319148936170212,-9.88605502546734,470,0.3063829787234042,0.9276595744680852,0.1574468085106383,-3.548952749803614,0.574468085106383,0.2680851063829787,2.967061703752917,2026
607192,"Glasnow, Tyler",2026,Dodgers,R,3.847785057,0.1170212765957446,0.2276595744680851,0.1148936170212766,-5.898186926339641,0.6404255319148936,0.2446808510638297,8.22104261151862,0.2106382978723404,12.325644909581886,0.6361702127659574,0.1531914893617021,-10.697268517389103,470,0.3191489361702128,0.8595744680851064,0.2191489361702127,-5.061268085719829,0.5553191489361702,0.225531914893617,3.1761835177600983,2026
676760,"Marinaccio, Ron",2026,zMLB,R,2.777445094,0.0685224839400428,0.2119914346895074,0.0835117773019272,-5.945859653578037,0.6488222698072805,0.2676659528907923,8.6016729011187,0.2526766595289079,12.81667975903498,0.5717344753747323,0.1755888650963597,-10.63326982778582,467,0.2591006423982869,0.8993576017130621,0.0749464668094218,-3.038406773321204,0.5995717344753747,0.3254817987152034,3.125044333090025,2026
680742,"Bowlan, Jonathan",2026,Phillies,R,2.560640883,0.0709677419354838,0.1935483870967742,0.1053763440860215,-6.582173047177096,0.7182795698924731,0.1763440860215053,8.596685221519722,0.0946236559139784,12.024236254747215,0.6946236559139785,0.210752688172043,-10.33521197272684,465,0.3204301075268817,0.896774193548387,0.0881720430107526,-4.204483293003831,0.5311827956989247,0.3806451612903225,3.205269912903155,2026
820862,"Fermin, José",2026,Angels,R,3.467859446,0.0948275862068965,0.2176724137931034,0.0668103448275862,-6.027884628206307,0.6056034482758621,0.3275862068965517,8.220416159473803,0.1767241379310344,10.835151374495352,0.7262931034482759,0.0969827586206896,-10.56225582525003,464,0.2974137931034483,0.9331896551724138,0.2004310344827586,-3.8033917443446703,0.6163793103448276,0.1831896551724137,2.761348002817058,2026
628452,"Iglesias, Raisel",2026,Braves,R,3.131611679,0.0842332613390928,0.1879049676025918,0.0691144708423326,-5.686818807363667,0.5961123110151187,0.3347732181425486,8.74594037571728,0.2764578833693304,11.931170932020784,0.5831533477321814,0.1403887688984881,-9.861914483161303,463,0.3088552915766738,0.9503239740820736,0.1533477321814254,-3.199634359647611,0.6004319654427646,0.2462203023758099,2.9853005972253635,2026
689296,"Nunez, Anthony",2026,Orioles,R,4.73873725,0.0974025974025974,0.2099567099567099,0.0692640692640692,-5.665277792237761,0.5822510822510822,0.3484848484848485,9.932433055262209,0.2489177489177489,12.508801913789522,0.6471861471861472,0.1038961038961039,-9.911130501289223,462,0.3333333333333333,0.8593073593073594,0.2142857142857142,-4.567957250281738,0.6060606060606061,0.1796536796536796,2.918888297334892,2026
666808,"Doval, Camilo",2026,zMLB,R,3.551728808,0.088937093275488,0.2516268980477223,0.0629067245119305,-5.9532304366272815,0.631236442516269,0.3058568329718004,8.543519378423008,0.1670281995661605,12.227319418890431,0.7483731019522777,0.0845986984815618,-9.853989493674025,461,0.2928416485900217,0.9262472885032538,0.2516268980477223,-3.5623461912019247,0.6399132321041214,0.1084598698481561,2.899081536609488,2026
680767,"Vodnik, Victor",2026,zMLB,R,2.703681955,0.0845986984815618,0.2754880694143167,0.0629067245119305,-5.410023531777876,0.7006507592190889,0.2364425162689804,7.35726497813646,0.1323210412147505,10.02322915474354,0.7049891540130152,0.1626898047722342,-10.018571497109685,461,0.2559652928416486,0.9067245119305856,0.2190889370932754,-3.72142741600113,0.6073752711496746,0.1735357917570499,2.911440993384122,2026
682608,"Gray, Peyton",2026,Rangers,R,2.853336539,0.0847826086956521,0.1891304347826087,0.0652173913043478,-5.697824779411666,0.6391304347826087,0.2956521739130435,8.586365828085489,0.3260869565217391,12.534704657366614,0.532608695652174,0.1413043478260869,-10.622288752361174,460,0.2565217391304348,0.917391304347826,0.1152173913043478,-3.113135630617157,0.6021739130434782,0.2826086956521739,2.8681579097781884,2026
642121,"Sulser, Cole",2026,Rays,R,2.671494741,0.0717391304347826,0.2,0.0978260869565217,-5.723143692033047,0.6717391304347826,0.2304347826086956,12.338932733713513,0.2152173913043478,11.817237074882817,0.6282608695652174,0.1565217391304348,-10.729991930363804,460,0.2782608695652174,0.8934782608695652,0.1195652173913043,-4.183628894861124,0.5673913043478261,0.3130434782608696,3.001039041143552,2026
676962,"Brown, Ben",2026,Cubs,R,4.008655924,0.108695652173913,0.2543478260869565,0.0717391304347826,-6.652738014710515,0.6673913043478261,0.2608695652173913,8.269818679815613,0.1760869565217391,12.077504542037,0.6521739130434783,0.1717391304347826,-10.263170954209205,460,0.2804347826086956,0.8913043478260869,0.2130434782608695,-4.402090036423096,0.5826086956521739,0.2043478260869565,2.965813136176832,2026
656730,"Megill, Trevor",2026,Brewers,R,4.351876698,0.1150442477876106,0.2345132743362832,0.0508849557522123,-6.369867004676252,0.665929203539823,0.2831858407079646,8.958275987439055,0.1924778761061946,12.4418086799215,0.6415929203539823,0.165929203539823,-10.47342348295673,452,0.3075221238938053,0.8893805309734514,0.1792035398230088,-4.540343448423768,0.504424778761062,0.3163716814159292,3.070765860094519,2026
683618,"Henriquez, Edgardo",2026,Dodgers,R,3.063474805,0.0623608017817371,0.1714922048997773,0.1893095768374164,-6.339952331101543,0.6325167037861915,0.1781737193763919,10.908364188148775,0.1670378619153674,12.308895969700616,0.6837416481069042,0.1492204899777283,-10.67853740867416,449,0.3073496659242761,0.8997772828507795,0.133630289532294,-3.7139683737478766,0.5701559020044543,0.2962138084632517,3.134347709149661,2026
650556,"Abreu, Bryan",2026,Astros,R,3.868000297,0.0961968680089485,0.2147651006711409,0.1073825503355704,-6.396865867377691,0.6599552572706935,0.232662192393736,9.08796543601275,0.16331096196868,12.103409171359957,0.7069351230425056,0.1297539149888143,-11.881232784093562,447,0.3467561521252796,0.8612975391498882,0.1879194630872483,-5.3003345977214735,0.5145413870246085,0.2975391498881432,3.1919524696560937,2026
676617,"O'Brien, Riley",2026,Cardinals,R,3.759755883,0.0743243243243243,0.2297297297297297,0.0945945945945946,-7.168079905064187,0.6261261261261262,0.2792792792792792,8.641506119594506,0.1891891891891892,13.35828430905732,0.6396396396396397,0.1711711711711711,-10.420828147086436,444,0.268018018018018,0.8783783783783784,0.2049549549549549,-3.968693323334528,0.6486486486486487,0.1463963963963964,3.134784446454395,2026
682120,"Herrin, Tim",2026,Guardians,L,5.62732962,0.110609480812641,0.200902934537246,0.1015801354401805,-7.249771003354619,0.5846501128668171,0.3137697516930022,10.4932125433238,0.291196388261851,13.793354937087871,0.5936794582392777,0.1151241534988713,-10.736467309187866,443,0.309255079006772,0.8600451467268623,0.1941309255079006,-4.814978288837023,0.6252821670428894,0.1805869074492099,3.0761138697773287,2026
667297,"Nance, Tommy",2026,zMLB,R,3.793979993,0.0699774266365688,0.2279909706546275,0.1128668171557562,-6.590830079927091,0.5981941309255079,0.2889390519187358,8.545502540369544,0.1851015801354401,11.139153923778954,0.7110609480812641,0.1038374717832957,-10.855580387981036,443,0.2686230248306998,0.8848758465011287,0.2302483069977426,-3.896397973034869,0.6501128668171557,0.1196388261851015,3.005987707010557,2026
642701,"Santana, Dennis",2026,zMLB,R,3.390926991,0.0744920993227991,0.237020316027088,0.0948081264108352,-6.119290519881523,0.6275395033860045,0.2776523702031602,8.752029422621188,0.2753950338600451,12.117322128791606,0.6230248306997742,0.1015801354401805,-10.03216034059782,443,0.2641083521444695,0.909706546275395,0.1218961625282167,-3.7290951580590384,0.6568848758465011,0.2212189616252821,2.8199312722739016,2026
689147,"Kerkering, Orion",2026,Phillies,R,2.555305276,0.0610859728506787,0.2171945701357466,0.1470588235294117,-6.481324297258934,0.6131221719457014,0.2398190045248869,8.839069459798365,0.1108597285067873,10.776570075905932,0.6945701357466063,0.1945701357466063,-10.326649426992356,442,0.2692307692307692,0.8891402714932126,0.0995475113122171,-3.773290597166264,0.6334841628959276,0.2669683257918552,3.0860650336981785,2026
662253,"Muñoz, Andrés",2026,Mariners,R,4.641227989,0.1493212669683258,0.1561085972850678,0.0701357466063348,-5.851141434169057,0.5113122171945701,0.418552036199095,10.048818537131076,0.2941176470588235,13.429572061212816,0.5294117647058824,0.1764705882352941,-11.043316405966172,442,0.4072398190045249,0.8416289592760181,0.253393665158371,-4.450279464750351,0.5407239819004525,0.2058823529411764,3.1245150427597075,2026
665660,"Alvarado, Elvis",2026,Athletics,R,2.586885209,0.0634920634920634,0.1836734693877551,0.0680272108843537,-6.128877628831324,0.7256235827664399,0.2063492063492063,8.48257051947458,0.1247165532879818,12.888884277385344,0.7551020408163265,0.1201814058956916,-9.31569265156311,441,0.3174603174603174,0.9455782312925172,0.0770975056689342,-3.7226096962672126,0.5011337868480725,0.4217687074829932,3.0799919068451285,2026
669020,"Rolison, Ryan",2026,Cubs,L,2.931514475,0.0613636363636363,0.2181818181818181,0.109090909090909,-6.0968257972429125,0.6409090909090909,0.25,7.650960664144133,0.1818181818181818,11.829474767419494,0.625,0.1931818181818181,-10.741873882972676,440,0.2022727272727272,0.8704545454545455,0.1340909090909091,-3.418598693086136,0.6659090909090909,0.2,2.949394964040026,2026
664141,"Brubaker, JT",2026,Giants,R,3.583910512,0.0979498861047836,0.2505694760820046,0.0751708428246013,-5.8223675405815065,0.6127562642369021,0.3120728929384966,7.788006100422346,0.2482915717539863,11.007806346002663,0.6810933940774487,0.0706150341685649,-11.022099620712936,439,0.214123006833713,0.917995444191344,0.1662870159453303,-3.439668205118882,0.683371298405467,0.1503416856492027,2.643100698846055,2026
606996,"Hart, Kyle",2026,Padres,L,3.851979016,0.0707762557077625,0.2123287671232876,0.1141552511415525,-6.628939239161725,0.5821917808219178,0.3036529680365297,8.524826598722058,0.2397260273972602,12.301302973520611,0.634703196347032,0.1255707762557077,-10.796256659620967,438,0.2374429223744292,0.8995433789954338,0.1347031963470319,-4.100135338436556,0.678082191780822,0.1872146118721461,2.9326598316925105,2026
657514,"Bernardino, Brennan",2026,Rockies,L,3.058196691,0.0688073394495412,0.2522935779816513,0.0871559633027523,-6.04507988854975,0.6192660550458715,0.2935779816513761,8.43549722264848,0.2087155963302752,13.526741699122333,0.5894495412844036,0.2018348623853211,-10.634369216443911,436,0.2247706422018348,0.8715596330275229,0.1055045871559633,-3.644483209169517,0.6926605504587156,0.2018348623853211,2.7281953086721105,2026
623149,"Sewald, Paul",2026,zMLB,R,2.49231634,0.0739030023094688,0.2193995381062355,0.0739030023094688,-5.7163196949071615,0.7344110854503464,0.1916859122401847,8.871549317358268,0.1732101616628175,12.485012572878356,0.6535796766743649,0.1732101616628175,-9.953423783015085,433,0.2632794457274827,0.9053117782909932,0.0508083140877598,-3.137271218734756,0.5750577367205543,0.3741339491916859,2.9764781485182543,2026
573204,"Thielbar, Caleb",2026,Cubs,L,2.975043935,0.0627906976744186,0.1767441860465116,0.0767441860465116,-6.162697031789989,0.6465116279069767,0.2767441860465116,8.562679823696168,0.2906976744186046,13.149025885830117,0.5953488372093023,0.113953488372093,-10.175638775655626,430,0.2906976744186046,0.8813953488372093,0.1302325581395348,-3.697423590318033,0.586046511627907,0.2837209302325581,2.8857684731301947,2026
573124,"Rogers, Taylor",2026,Twins,L,2.408195968,0.0629370629370629,0.2097902097902098,0.1002331002331002,-6.202704989690605,0.6526806526806527,0.247086247086247,7.463134598454802,0.3123543123543124,12.217950205775931,0.5221445221445221,0.1655011655011655,-11.601607779972015,429,0.1958041958041958,0.8648018648018648,0.0979020979020979,-3.716242052743369,0.6993006993006993,0.2027972027972027,3.081467714799063,2026
670167,"Schreiber, John",2026,zMLB,R,2.623410214,0.0536130536130536,0.2447552447552447,0.0862470862470862,-7.079547818727902,0.6783216783216783,0.2354312354312354,8.193701767942075,0.1421911421911421,12.4998679595699,0.6736596736596736,0.1841491841491841,-10.660350818827588,429,0.2144522144522144,0.8951048951048951,0.0979020979020979,-3.375257767710272,0.6456876456876457,0.2564102564102564,3.0249983443706823,2026
623474,"Herget, Jimmy",2026,Rockies,R,3.154390547,0.0817757009345794,0.2289719626168224,0.0560747663551401,-6.200262356524924,0.602803738317757,0.3411214953271028,8.862431791757702,0.3644859813084112,12.724441131153112,0.5420560747663551,0.0934579439252336,-10.455139584972182,428,0.2523364485981308,0.8925233644859814,0.0934579439252336,-2.995030188551006,0.7219626168224299,0.1845794392523364,2.82329154215782,2026
594580,"Moll, Sam",2026,Reds,L,4.15164393,0.0607476635514018,0.2079439252336448,0.0771028037383177,-6.011642504036935,0.6518691588785047,0.2710280373831775,9.815667989718396,0.1939252336448598,13.44494046431205,0.6565420560747663,0.1495327102803738,-10.51729956864673,428,0.2289719626168224,0.8761682242990654,0.1682242990654205,-3.053423361270631,0.6869158878504673,0.1448598130841121,2.707840957706224,2026
668964,"Myers, Tobias",2026,Mets,R,3.939879442,0.0562060889929742,0.2622950819672131,0.0351288056206089,-4.969420459195812,0.7259953161592506,0.2388758782201405,9.380797481165075,0.2833723653395784,13.753089051057946,0.6088992974238876,0.1077283372365339,-10.15788786553675,427,0.2060889929742388,0.9297423887587822,0.0866510538641686,-3.5652359288006026,0.6955503512880562,0.2177985948477751,2.7813703219855808,2026
669713,"Wesneski, Hayden",2026,Astros,R,3.026172687,0.0679156908665105,0.2482435597189695,0.1194379391100702,-6.690879593285189,0.6370023419203747,0.243559718969555,8.574790798984628,0.2201405152224824,12.58971586180328,0.6744730679156908,0.1053864168618267,-10.652385773264047,427,0.2412177985948477,0.9016393442622952,0.1569086651053864,-3.6503840482584473,0.6908665105386417,0.1522248243559719,2.9057772261631505,2026
664991,"Wolfram, Grant",2026,Orioles,L,2.73963214,0.0892018779342723,0.2112676056338028,0.1455399061032863,-5.652667151782749,0.6502347417840375,0.204225352112676,8.627576080898194,0.1220657276995305,12.885537714957694,0.6713615023474179,0.2065727699530516,-10.829465618607705,426,0.2582159624413145,0.8450704225352113,0.107981220657277,-3.819364223969423,0.57981220657277,0.312206572769953,2.985405920353044,2026
547973,"Chapman, Aroldis",2026,Red Sox,L,2.588801831,0.068075117370892,0.1995305164319248,0.0751173708920187,-5.772060139629679,0.6525821596244131,0.272300469483568,8.345967903733628,0.1267605633802817,13.389804905033582,0.7253521126760564,0.1478873239436619,-10.094403392007049,426,0.312206572769953,0.892018779342723,0.107981220657277,-4.131949463030383,0.5258215962441315,0.3661971830985915,3.0352933420546773,2026
701519,"Adams, Travis",2026,Twins,R,3.239190571,0.0827423167848699,0.1985815602836879,0.0567375886524822,-6.783697866029232,0.6453900709219859,0.2978723404255319,8.77682001992178,0.2695035460992908,11.38350109070365,0.6548463356973995,0.0756501182033096,-9.915731588047416,423,0.2907801418439716,0.8936170212765957,0.1536643026004728,-3.830515115904511,0.6052009456264775,0.2411347517730496,2.778023195267901,2026
668674,"Erceg, Lucas",2026,Royals,R,3.074200793,0.0596658711217183,0.1837708830548926,0.116945107398568,-5.810113711865495,0.6205250596658711,0.2625298329355608,8.401600084682029,0.1789976133651551,12.27370392650286,0.6014319809069213,0.2195704057279236,-10.529505539762855,419,0.2100238663484487,0.9021479713603818,0.0954653937947494,-3.5156562679383057,0.6921241050119332,0.2124105011933174,2.9037111680263163,2026
676477,"Whitlock, Garrett",2026,Red Sox,R,3.511208754,0.1145584725536992,0.2004773269689737,0.0978520286396181,-5.707965413302306,0.6420047732696897,0.2601431980906921,9.219890252505776,0.1933174224343675,12.685658242020724,0.639618138424821,0.1670644391408114,-11.065654594198548,419,0.3198090692124105,0.8878281622911695,0.152744630071599,-4.1067614035461455,0.548926014319809,0.2983293556085918,2.940716001399113,2026
689266,"Dodd, Dylan",2026,Braves,L,2.297091428,0.0605326876513317,0.1912832929782082,0.0750605326876513,-5.11498180730614,0.738498789346247,0.1864406779661017,8.270660408842733,0.2154963680387409,11.61203863966475,0.6779661016949152,0.1065375302663438,-9.412620889823286,413,0.297820823244552,0.9588377723970944,0.1041162227602905,-3.330159125297276,0.5569007263922519,0.3389830508474576,2.961508211542524,2026
663460,"Bubic, Kris",2026,zMLB,L,2.380485842,0.0851581508515815,0.2141119221411192,0.1046228710462287,-5.852264102418196,0.6909975669099757,0.2043795620437956,7.707993992226033,0.1338199513381995,10.636276824800902,0.6399026763990268,0.2262773722627737,-10.561891624243012,411,0.2603406326034063,0.8929440389294404,0.1313868613138686,-3.887156003250428,0.6009732360097324,0.267639902676399,3.1320230552588844,2026
681982,"Anderson, Grant",2026,Brewers,R,4.026937601,0.0705596107055961,0.2165450121654501,0.072992700729927,-6.386071739539152,0.6545012165450121,0.2725060827250608,9.72676422418266,0.2652068126520681,13.427055782846203,0.6228710462287105,0.1119221411192214,-10.902554935442048,411,0.2506082725060827,0.8929440389294404,0.1289537712895377,-3.354743871413812,0.656934306569343,0.2141119221411192,2.9555687498838283,2026
694918,"Tidwell, Blade",2026,Giants,R,3.81222405,0.073170731707317,0.2341463414634146,0.0878048780487804,-6.310540740290155,0.6439024390243903,0.2682926829268293,9.352889068938604,0.2439024390243902,12.650234880102524,0.6121951219512195,0.1439024390243902,-11.633198313212082,410,0.2317073170731707,0.8658536585365854,0.0804878048780487,-4.5689888037826885,0.6853658536585366,0.2341463414634146,2.997338589932706,2026
815083,"Farris, Mitch",2026,Angels,L,4.220852791,0.0853658536585365,0.2463414634146341,0.0926829268292682,-6.355131482755405,0.6414634146341464,0.2658536585365854,9.624178020271115,0.2707317073170732,14.428587199795802,0.5951219512195122,0.1341463414634146,-10.387376704598529,410,0.2829268292682926,0.8780487804878049,0.148780487804878,-4.23908319669162,0.6463414634146342,0.2048780487804878,2.8636733227110054,2026
690928,"Dobbins, Hunter",2026,Cardinals,R,3.104651353,0.0615763546798029,0.1995073891625615,0.083743842364532,-5.945258569886799,0.6502463054187192,0.2660098522167488,8.558329240858523,0.2684729064039409,12.61496252749095,0.5935960591133005,0.1379310344827586,-9.415405699614343,406,0.2315270935960591,0.9113300492610836,0.0935960591133004,-3.470968735718486,0.6896551724137931,0.2167487684729064,3.078117864702742,2026
668390,"Winn, Cole",2026,Rangers,R,3.361666846,0.099009900990099,0.2425742574257425,0.099009900990099,-6.025877929259437,0.6188118811881188,0.2821782178217821,8.770959851885651,0.1955445544554455,12.00467449863276,0.693069306930693,0.1113861386138613,-10.38669734702589,404,0.2797029702970297,0.900990099009901,0.1658415841584158,-3.631034953295087,0.6039603960396039,0.2301980198019802,2.9496983937616053,2026
669084,"Hall, DL",2026,Brewers,L,3.835136592,0.084788029925187,0.1795511221945137,0.0748129675810473,-5.857686672054931,0.6134663341645885,0.3117206982543641,9.834532934064429,0.2094763092269326,12.219726822722189,0.5835411471321695,0.2069825436408977,-10.170895632571348,401,0.28428927680798,0.8678304239401496,0.1670822942643391,-3.5104302651302257,0.6059850374064838,0.226932668329177,2.9623368546897915,2026
622088,"Antone, Tejay",2026,Reds,R,3.956811228,0.0972568578553615,0.2019950124688279,0.0922693266832917,-5.527565208006333,0.6034912718204489,0.3042394014962593,10.080374975379469,0.2793017456359102,12.22760686979694,0.5835411471321695,0.1371571072319202,-11.208100173331694,401,0.2917705735660847,0.8703241895261845,0.1745635910224439,-3.697072330486067,0.6309226932668329,0.1945137157107231,2.760327206193326,2026
663568,"Kolek, Stephen",2026,Royals,R,2.812277231,0.0479797979797979,0.2525252525252525,0.1237373737373737,-5.742650489683356,0.6792929292929293,0.1969696969696969,7.783978747632559,0.1489898989898989,11.22697390200662,0.6464646464646465,0.2045454545454545,-11.0655562581967,396,0.202020202020202,0.9090909090909092,0.1262626262626262,-3.617176305299298,0.6868686868686869,0.1868686868686868,2.924831753082338,2026
518585,"Cruz, Fernando",2026,Yankees,R,6.972121623,0.2045454545454545,0.1792929292929292,0.058080808080808,-6.043553680567651,0.5227272727272727,0.4191919191919191,13.237614155150371,0.5277777777777778,16.536500759934636,0.4116161616161616,0.0606060606060606,-10.456281204854625,396,0.3939393939393939,0.8308080808080808,0.2373737373737373,-5.028474326211554,0.6136363636363636,0.1489898989898989,2.734676349883962,2026
641755,"Kinley, Tyler",2026,zMLB,R,4.524487117,0.0962025316455696,0.2227848101265822,0.040506329113924,-9.947024975293075,0.6379746835443038,0.3215189873417721,9.020350408592442,0.3544303797468354,12.118988878635207,0.5924050632911393,0.0531645569620253,-10.305705740919636,395,0.2734177215189873,0.8860759493670886,0.1822784810126582,-4.188657652997269,0.6835443037974683,0.1341772151898734,2.8279041504583287,2026
702021,"Dion, Will",2026,zMLB,L,3.024591551,0.0637755102040816,0.1709183673469387,0.0765306122448979,-7.427836373733634,0.6632653061224489,0.2602040816326531,8.65265688028559,0.2576530612244898,14.107849932457908,0.5663265306122449,0.1760204081632653,-10.718376275900686,392,0.2653061224489796,0.8801020408163265,0.0663265306122449,-3.876701946473992,0.5994897959183674,0.3341836734693877,2.9607591645825453,2026
682842,"Uribe, Abner",2026,Brewers,R,4.663471867,0.0545454545454545,0.2311688311688311,0.0727272727272727,-5.7596197882240645,0.612987012987013,0.3142857142857143,10.277514851934331,0.148051948051948,13.578545412562663,0.7298701298701299,0.122077922077922,-10.312491342270311,385,0.2675324675324675,0.8649350649350649,0.1376623376623376,-3.9548716291269694,0.6805194805194805,0.1818181818181818,3.0466309677023187,2026
657612,"Hill, Tim",2026,Yankees,L,1.692957533,0.0182291666666666,0.28125,0.1197916666666666,-5.892856722890763,0.7083333333333334,0.171875,6.515686681319792,0.078125,12.537138509150816,0.6588541666666666,0.2630208333333333,-10.732713978097602,384,0.1302083333333333,0.9192708333333334,0.1328125,-2.8916399986041026,0.7395833333333334,0.1276041666666666,2.8251571733802776,2026
669456,"Bieber, Shane",2026,Blue Jays,R,3.933192659,0.0729166666666666,0.3020833333333333,0.0625,-5.837131346406016,0.7161458333333334,0.2213541666666666,8.143395763322125,0.171875,11.07775806226732,0.734375,0.09375,-10.304743674940903,384,0.2421875,0.8958333333333334,0.1953125,-4.65504399258954,0.6640625,0.140625,3.025142147886492,2026
669947,"Scholtens, Jesse",2026,Rays,R,1.822078785,0.0391644908616188,0.237597911227154,0.1775456919060052,-6.348465816738194,0.6553524804177546,0.1671018276762402,7.803339925767412,0.1697127937336814,12.37024301950198,0.7023498694516971,0.1279373368146214,-10.193575954702828,383,0.2036553524804177,0.908616187989556,0.0887728459530026,-3.623318403670642,0.6971279373368147,0.2140992167101827,2.939493271693468,2026
663855,"Hicks, Jordan",2026,White Sox,R,4.898685959,0.0939947780678851,0.1906005221932115,0.1070496083550913,-5.6933455395803225,0.6344647519582245,0.2584856396866841,11.886932409536534,0.1644908616187989,15.499541534918844,0.5822454308093995,0.2532637075718015,-10.28809184159913,383,0.2793733681462141,0.8537859007832899,0.1253263707571801,-3.577033736614737,0.5822454308093995,0.2924281984334204,2.834218355562659,2026
694335,"Svanson, Matt",2026,Cardinals,R,2.351301825,0.0551181102362204,0.2388451443569554,0.1364829396325459,-6.905763415460332,0.6850393700787402,0.1784776902887139,8.15971041275578,0.0577427821522309,11.51789528196858,0.7270341207349081,0.2152230971128609,-10.258064490519333,381,0.1889763779527559,0.8818897637795275,0.0629921259842519,-3.788105179990101,0.6745406824146981,0.2624671916010498,2.8739866629779915,2026
687273,"Mathews, Quinn",2026,Cardinals,L,3.201605945,0.0947368421052631,0.2394736842105263,0.0868421052631579,-6.316287715611496,0.6657894736842105,0.2473684210526315,8.650037693170022,0.2447368421052631,13.015091096474285,0.5789473684210527,0.1763157894736842,-10.56535424672033,380,0.2710526315789474,0.9236842105263158,0.1131578947368421,-4.299828261037297,0.6263157894736842,0.2605263157894736,3.069815415063232,2026
669165,"Hurt, Kyle",2026,Dodgers,R,2.151038305,0.1055408970976253,0.2110817941952506,0.0606860158311345,-5.369886878560152,0.7255936675461742,0.2137203166226912,7.998169218531546,0.20844327176781,11.414356142861068,0.6068601583113457,0.1846965699208443,-10.243919493680067,379,0.3509234828496042,0.9472295514511874,0.1609498680738786,-3.565944702979061,0.5382585751978892,0.3007915567282322,3.121836897637734,2026
608566,"Márquez, Germán",2026,Padres,R,3.89706036,0.0557029177718832,0.2360742705570291,0.1114058355437665,-5.763304442920923,0.6843501326259946,0.2042440318302387,8.013598235603544,0.1777188328912466,11.920014179984474,0.6976127320954907,0.1246684350132626,-9.224745887599148,377,0.1989389920424403,0.920424403183024,0.1114058355437665,-4.893935122701944,0.6763925729442971,0.2122015915119363,2.8453297448786503,2026
642207,"Williams, Devin",2026,Mets,R,2.097448709,0.0744680851063829,0.1728723404255319,0.0531914893617021,-6.082817236139075,0.648936170212766,0.2978723404255319,7.937637535067745,0.2952127659574468,12.13584961043792,0.5957446808510638,0.1090425531914893,-9.691700185045956,376,0.351063829787234,0.9361702127659576,0.1303191489361702,-3.339082461987878,0.5611702127659575,0.3085106382978723,3.037467285400824,2026
596001,"Junis, Jakob",2026,Rangers,R,2.953698944,0.0531914893617021,0.2792553191489361,0.0824468085106382,-6.702191412314445,0.6675531914893617,0.25,7.717448049754387,0.1941489361702127,11.304567048418903,0.675531914893617,0.1303191489361702,-10.97294724098499,376,0.1861702127659574,0.925531914893617,0.1196808510638298,-3.066713574772751,0.7207446808510638,0.1595744680851064,3.077595504773284,2026
687377,"Ribalta, Orlando",2026,Nationals,R,3.19631662,0.0933333333333333,0.1813333333333333,0.08,-5.938790381241595,0.632,0.288,9.508926477015072,0.2986666666666667,13.24366067704184,0.5866666666666667,0.1146666666666666,-10.869891124887996,375,0.2693333333333333,0.8746666666666667,0.1226666666666666,-3.0848742424064537,0.6346666666666667,0.2426666666666666,2.907371092117768,2026
548384,"Raley, Brooks",2026,zMLB,L,2.844867421,0.0855614973262032,0.2272727272727272,0.1096256684491978,-6.566099499424389,0.6149732620320856,0.2754010695187165,8.4432628844766,0.2620320855614973,12.348257946469236,0.5668449197860963,0.1711229946524064,-11.410364116067274,374,0.2379679144385026,0.9037433155080212,0.0828877005347593,-3.529781090370129,0.6925133689839572,0.2245989304812834,3.310048526240261,2026
682227,"Williamson, Brandon",2026,Reds,L,2.495698655,0.0721925133689839,0.2700534759358289,0.1042780748663101,-5.80111755442384,0.6336898395721925,0.2620320855614973,8.40564934884537,0.2459893048128342,12.566430343558078,0.6470588235294118,0.106951871657754,-10.291860153957476,374,0.2379679144385026,0.9251336898395722,0.1042780748663101,-2.8851206098373394,0.679144385026738,0.2165775401069518,2.812710546113198,2026
806188,"Gibson, Cade",2026,Marlins,L,3.384019391,0.0589812332439678,0.2064343163538874,0.1206434316353887,-6.443899165427834,0.5630026809651475,0.3163538873994638,8.577919020700891,0.2546916890080429,12.097517250562904,0.6005361930294906,0.1447721179624665,-10.76732148334148,373,0.227882037533512,0.8659517426273459,0.1608579088471849,-3.533551101425282,0.7426273458445041,0.0965147453083109,2.9640760050527404,2026
572955,"Johnson, Pierce",2026,Reds,R,3.691440963,0.0672043010752688,0.282258064516129,0.0510752688172043,-5.892224864429511,0.6827956989247311,0.2661290322580645,8.373106593483016,0.1370967741935483,12.031878348124051,0.706989247311828,0.1559139784946236,-10.93518091578468,372,0.25,0.9032258064516128,0.1397849462365591,-4.193891147590215,0.6290322580645161,0.2311827956989247,2.9245643560256096,2026
670059,"Holderman, Colin",2026,Guardians,R,4.261562064,0.0887096774193548,0.1989247311827957,0.0698924731182795,-7.853161929707404,0.5349462365591398,0.3951612903225806,9.618398959862692,0.2634408602150537,14.134199954847285,0.5860215053763441,0.1505376344086021,-10.539729910865857,372,0.2741935483870967,0.8844086021505376,0.1532258064516129,-3.753397414707599,0.6827956989247311,0.1639784946236559,3.0532642796677685,2026
681892,"Funderburk, Kody",2026,Twins,L,1.842992349,0.0727762803234501,0.1913746630727762,0.1401617250673854,-6.270994463496181,0.6064690026954178,0.2533692722371967,7.023952560433481,0.0862533692722372,11.493678045094034,0.5768194070080862,0.3369272237196765,-10.768128809417204,371,0.2371967654986523,0.8921832884097035,0.0700808625336927,-4.319698823849762,0.6118598382749326,0.3180592991913746,3.15169380326972,2026
552640,"Kittredge, Andrew",2026,Orioles,R,2.892860185,0.0486486486486486,0.2702702702702703,0.1,-5.518275683936072,0.6324324324324324,0.2675675675675675,7.960068140707164,0.1918918918918919,10.979781829712971,0.7216216216216216,0.0864864864864864,-10.183761006510307,370,0.2378378378378378,0.9081081081081082,0.1675675675675675,-3.90483607805357,0.7189189189189189,0.1135135135135135,2.70734794687243,2026
500779,"Quintana, Jose",2026,Rockies,L,2.973847091,0.0675675675675675,0.2351351351351351,0.054054054054054,-5.828201181051128,0.6432432432432432,0.3027027027027027,7.397291798044904,0.2567567567567567,12.15624411647729,0.6,0.1432432432432432,-10.392397282797342,370,0.2108108108108108,0.9,0.127027027027027,-3.794139584133576,0.6891891891891891,0.1837837837837838,3.035282683626673,2026
681810,"Warren, Austin",2026,Mets,R,2.949472903,0.0626702997275204,0.2070844686648501,0.0762942779291553,-6.243802171231762,0.6076294277929155,0.3160762942779291,8.792124948511564,0.1471389645776566,10.555593336232794,0.6920980926430518,0.1607629427792915,-10.735356122828284,367,0.2779291553133515,0.8719346049046321,0.0572207084468664,-4.074788205058278,0.6430517711171662,0.2997275204359673,3.08442123864352,2026
669062,"Miller, Erik",2026,zMLB,L,4.593024124,0.1307901907356948,0.1553133514986376,0.108991825613079,-5.68427032094439,0.5667574931880109,0.3242506811989101,10.27303467427732,0.3188010899182561,13.628407236184175,0.5177111716621253,0.1634877384196185,-10.796186631262875,367,0.3596730245231607,0.8065395095367848,0.2479564032697547,-4.505239876214671,0.5831062670299727,0.1689373297002724,3.192973919667525,2026
668941,"Romero, JoJo",2026,zMLB,L,4.140616656,0.0735694822888283,0.2588555858310626,0.0817438692098092,-6.126639764249646,0.5667574931880109,0.3514986376021798,8.959784510277322,0.1798365122615803,12.671713373100085,0.670299727520436,0.1498637602179836,-11.529636697628597,367,0.2234332425068119,0.8773841961852861,0.1280653950953678,-3.4372426207424693,0.6920980926430518,0.1798365122615803,2.995619167836111,2026
686930,"Barnett, Mason",2026,Athletics,R,2.383866972,0.0876712328767123,0.273972602739726,0.0876712328767123,-5.448114513243174,0.6657534246575343,0.2465753424657534,7.1315825487425055,0.1698630136986301,11.887231850172167,0.6547945205479452,0.1753424657534246,-10.55093458025099,365,0.2273972602739726,0.8986301369863013,0.1178082191780822,-3.39438878766964,0.6575342465753424,0.2246575342465753,3.0269797348911083,2026
680744,"Madden, Ty",2026,Tigers,R,3.688978444,0.0712328767123287,0.1917808219178082,0.1150684931506849,-5.767307519050958,0.6328767123287671,0.2520547945205479,8.425916508635584,0.2219178082191781,11.77264541673743,0.663013698630137,0.1150684931506849,-10.09693719501675,365,0.2520547945205479,0.8849315068493151,0.147945205479452,-4.500501008942395,0.6465753424657534,0.2054794520547945,2.7448074982109176,2026
681870,"Sabrowski, Erik",2026,Guardians,L,3.806461075,0.0934065934065934,0.173076923076923,0.0851648351648351,-6.220773402939527,0.7225274725274725,0.1923076923076923,9.169597112659632,0.206043956043956,12.906754806663402,0.6813186813186813,0.1126373626373626,-10.904413836475124,364,0.3131868131868132,0.8846153846153846,0.1318681318681318,-5.478756801166969,0.4725274725274725,0.3956043956043956,3.156195613782012,2026
672335,"Pérez, Cionel",2026,zMLB,L,3.212172934,0.0661157024793388,0.2479338842975206,0.0578512396694214,-6.371357422448236,0.6446280991735537,0.2975206611570248,8.224210693682254,0.1377410468319559,12.496216856984129,0.6721763085399449,0.1900826446280991,-10.47232657699588,363,0.2396694214876033,0.8705234159779615,0.1707988980716253,-3.6232098492798617,0.6446280991735537,0.1845730027548209,2.8921773444892978,2026
668873,"Kilian, Caleb",2026,zMLB,R,2.950854041,0.0964187327823691,0.2369146005509642,0.1157024793388429,-6.041288254210432,0.6666666666666666,0.2176308539944903,7.953137504354964,0.140495867768595,12.595921894410704,0.6528925619834711,0.2066115702479339,-10.655288938137517,363,0.2754820936639118,0.8870523415977961,0.1818181818181818,-4.279216434673032,0.5674931129476584,0.2506887052341597,2.917444473125987,2026
695549,"Jobe, Jackson",2026,Tigers,R,3.251639404,0.0580110497237569,0.2292817679558011,0.1022099447513812,-5.601815756368101,0.6712707182320442,0.2265193370165746,8.604921628690525,0.1408839779005525,11.499549819268088,0.7320441988950276,0.1270718232044199,-9.77031536080747,362,0.2569060773480663,0.8784530386740331,0.1602209944751381,-3.946445777141877,0.5939226519337016,0.2458563535911602,2.897303478165873,2026
518886,"Kimbrel, Craig",2026,zMLB,R,2.711704947,0.0441988950276243,0.2596685082872928,0.1243093922651933,-6.552464592049736,0.7348066298342542,0.1408839779005525,8.502545251465653,0.0690607734806629,12.086401344306935,0.7596685082872928,0.1712707182320442,-9.42563784465139,362,0.2320441988950276,0.8922651933701657,0.0662983425414364,-5.120972297142576,0.5994475138121547,0.3342541436464088,3.1049548094987123,2026
623352,"Hader, Josh",2026,Astros,L,3.166211055,0.1027777777777777,0.1722222222222222,0.0916666666666666,-6.0323829180868005,0.6638888888888889,0.2444444444444444,9.52035696510785,0.2,13.241016725718518,0.5805555555555556,0.2194444444444444,-9.992207636563014,360,0.3388888888888889,0.8777777777777778,0.1222222222222222,-4.677325822175582,0.4777777777777778,0.4,3.087394600878744,2026
489446,"Yates, Kirby",2026,zMLB,R,1.650231073,0.0584958217270195,0.2144846796657381,0.1225626740947075,-5.995484469840065,0.7381615598885793,0.1392757660167131,7.083624543543528,0.1364902506963788,12.3312227758946,0.7186629526462396,0.1448467966573816,-10.504547108519494,359,0.2869080779944289,0.935933147632312,0.0947075208913649,-3.5936485978525705,0.5403899721448467,0.3649025069637883,2.9967507776234914,2026
605483,"Snell, Blake",2026,Dodgers,L,4.584273287,0.1452513966480447,0.1256983240223463,0.1089385474860335,-6.188088173240427,0.5698324022346368,0.3212290502793296,9.009527347931924,0.2932960893854748,12.961917397969746,0.4748603351955307,0.2318435754189944,-10.695203655297211,358,0.3491620111731843,0.8296089385474861,0.1899441340782122,-5.539009578511146,0.5,0.3100558659217877,2.9926624139402027,2026
696147,"Bachman, Sam",2026,Angels,R,4.677877178,0.1154929577464788,0.2,0.1154929577464788,-6.377336045047414,0.5943661971830986,0.2901408450704225,10.281757699204256,0.2816901408450704,12.416971190853454,0.5549295774647888,0.1633802816901408,-10.7378202353251,355,0.3380281690140845,0.8901408450704226,0.2253521126760563,-4.516244906677035,0.6197183098591549,0.1549295774647887,2.9679397408945727,2026
676755,"Mattson, Isaac",2026,Pirates,R,1.907051589,0.0708215297450425,0.2521246458923513,0.0509915014164305,-5.443055480202893,0.7620396600566572,0.1869688385269121,7.526112842366469,0.1019830028328611,12.145685783065012,0.6090651558073654,0.2889518413597733,-10.494110657951657,353,0.2152974504249291,0.906515580736544,0.036827195467422,-3.4631451188729514,0.5920679886685553,0.3711048158640226,2.955579966321611,2026
642100,"Speier, Gabe",2026,Mariners,L,2.451722239,0.043103448275862,0.2068965517241379,0.0862068965517241,-6.138044942340012,0.7442528735632183,0.1695402298850574,7.335925671930475,0.0919540229885057,11.956369922067635,0.7011494252873564,0.2068965517241379,-10.074936601383282,348,0.25,0.9109195402298852,0.0919540229885057,-4.514064373955447,0.5545977011494253,0.3534482758620689,3.1019940120734653,2026
621074,"Rucker, Michael",2026,Mariners,R,2.723587819,0.0605187319884726,0.1873198847262248,0.100864553314121,-6.340256180166645,0.6512968299711815,0.2478386167146974,8.017281298960883,0.1959654178674351,11.595421441390098,0.6397694524495677,0.1642651296829971,-10.232547644921556,347,0.2622478386167147,0.8962536023054755,0.1988472622478386,-3.453701447055191,0.5734870317002881,0.2276657060518732,3.0356053146671336,2026
666974,"Cano, Yennier",2026,Orioles,R,2.442340967,0.0492753623188405,0.2985507246376812,0.0985507246376811,-6.660785637330368,0.7217391304347827,0.1797101449275362,7.162256649004532,0.0782608695652174,9.510906259475984,0.7971014492753623,0.1246376811594203,-11.077728748940022,345,0.2608695652173913,0.944927536231884,0.3275362318840579,-3.2021530796316044,0.6173913043478261,0.0550724637681159,3.1403303052461538,2026
445276,"Jansen, Kenley",2026,Tigers,R,1.479145411,0.0319767441860465,0.188953488372093,0.1162790697674418,-5.314245951914458,0.7558139534883721,0.127906976744186,7.377976456506454,0.1191860465116279,11.216541970995593,0.7877906976744186,0.0930232558139534,-9.988502483550429,344,0.2703488372093023,0.9302325581395348,0.0523255813953488,-2.8859812978538217,0.5174418604651163,0.4302325581395348,3.048745083584663,2026
801403,"Dollander, Chase",2026,Rockies,R,2.397193888,0.0784883720930232,0.2209302325581395,0.0872093023255814,-6.203417295367988,0.6802325581395349,0.2325581395348837,8.294204452753167,0.1191860465116279,11.81540221461937,0.6308139534883721,0.25,-10.078796580258366,344,0.2819767441860465,0.9098837209302324,0.127906976744186,-3.564909411955702,0.5813953488372093,0.2906976744186046,3.0916333824130144,2026
685126,"Eisert, Brandon",2026,zMLB,L,2.387063481,0.0813953488372093,0.2325581395348837,0.0726744186046511,-5.863031558613953,0.6656976744186046,0.2616279069767442,8.318004075699687,0.2063953488372093,11.42654291644073,0.6540697674418605,0.1395348837209302,-10.33160175228654,344,0.3081395348837209,0.9127906976744186,0.1308139534883721,-3.3964586190207195,0.5988372093023255,0.2703488372093023,3.165862037556187,2026
690925,"Beeter, Clayton",2026,Nationals,R,4.410577972,0.0843023255813953,0.25,0.0552325581395348,-5.886265246340693,0.7412790697674418,0.2034883720930232,7.95014188777865,0.1540697674418604,12.47880761047414,0.6773255813953488,0.1686046511627907,-10.70713932597712,344,0.2848837209302325,0.8604651162790697,0.1831395348837209,-5.576174263396439,0.5523255813953488,0.2645348837209302,3.1423258636240496,2026
641941,"Pagán, Emilio",2026,Reds,R,3.285499824,0.0760233918128654,0.2309941520467836,0.0730994152046783,-6.403631062723685,0.7076023391812866,0.219298245614035,9.421187995168632,0.1929824561403508,13.359367516118825,0.6988304093567251,0.1081871345029239,-10.347523239030645,342,0.2631578947368421,0.912280701754386,0.0906432748538011,-3.552370772690144,0.5964912280701754,0.3128654970760234,2.9366248169518183,2026
663767,"Shugart, Chase",2026,Phillies,R,1.48411074,0.0351906158357771,0.2463343108504398,0.1378299120234604,-6.369507632044346,0.6422287390029325,0.219941348973607,7.091232561315454,0.1231671554252199,11.994325386365729,0.6862170087976539,0.1906158357771261,-10.1862941789182,341,0.2375366568914956,0.9296187683284456,0.0703812316715542,-3.375722911756916,0.6744868035190615,0.2551319648093841,2.8288219039769307,2026
664076,"Cleavinger, Garrett",2026,Rays,L,3.050047008,0.0909090909090909,0.1818181818181818,0.1524926686217008,-6.303638202674828,0.6187683284457478,0.2287390029325513,9.157853399413415,0.2697947214076246,12.749653624256863,0.5718475073313783,0.158357771260997,-11.03307988760222,341,0.2873900293255132,0.8914956011730205,0.1671554252199413,-3.746837032285361,0.6041055718475073,0.2287390029325513,3.1193638165861044,2026
594027,"Guerrero, Tyron",2026,Red Sox,R,1.660351291,0.0586510263929618,0.2082111436950146,0.1085043988269794,-5.876564845646715,0.7155425219941349,0.1759530791788856,7.328942525893712,0.0351906158357771,9.963676956051334,0.6744868035190615,0.2903225806451613,-9.974536185426674,341,0.2434017595307918,0.8973607038123167,0.0703812316715542,-3.0125033283888016,0.5571847507331378,0.3724340175953079,3.162050534060094,2026
621345,"Minter, A.J.",2026,zMLB,L,2.111068251,0.0235294117647058,0.2264705882352941,0.0852941176470588,-6.830558668588273,0.6705882352941176,0.2441176470588235,7.382376315022242,0.1852941176470588,9.943777687885284,0.711764705882353,0.1029411764705882,-10.061209385983164,340,0.2411764705882353,0.9441176470588236,0.1,-3.3270909560377904,0.6617647058823529,0.238235294117647,2.9110961086078,2026
686993,"Sterner, Justin",2026,Athletics,R,4.253515602,0.0855457227138643,0.2330383480825958,0.0766961651917404,-5.502217983822371,0.6873156342182891,0.2359882005899705,10.06810145272191,0.2271386430678466,13.82783205547836,0.6460176991150443,0.1268436578171091,-10.395104450222616,339,0.303834808259587,0.8613569321533924,0.1592920353982301,-4.367317259520007,0.5870206489675516,0.2536873156342183,2.9143998724465274,2026
663878,"Pearson, Nate",2026,zMLB,R,2.793155158,0.0473372781065088,0.2396449704142011,0.1065088757396449,-6.094212143382604,0.6863905325443787,0.2071005917159763,8.0481460403205,0.1390532544378698,12.013375992416728,0.7248520710059172,0.136094674556213,-10.075998593984467,338,0.2337278106508875,0.8994082840236687,0.1242603550295858,-3.865083612467192,0.6153846153846154,0.2603550295857988,2.9891151861275693,2026
663423,"Thornton, Trent",2026,Cubs,R,2.330346691,0.0415430267062314,0.2789317507418398,0.0919881305637982,-6.357081879558011,0.6973293768545994,0.2106824925816023,8.22671469651409,0.1394658753709199,12.436611407067629,0.7388724035608308,0.1216617210682492,-11.09401620512424,337,0.2047477744807121,0.9080118694362018,0.115727002967359,-3.241830267649551,0.6706231454005934,0.2136498516320474,2.9929130078038115,2026
696062,"Dotel, Wilber",2026,Pirates,R,2.616375687,0.050595238095238,0.2410714285714285,0.0833333333333333,-6.101257771589532,0.7113095238095238,0.2053571428571428,8.143709887983528,0.1101190476190476,11.999045211152632,0.7083333333333334,0.181547619047619,-10.043669713447374,336,0.2529761904761904,0.9226190476190476,0.0922619047619047,-3.9650489912578384,0.6130952380952381,0.2946428571428571,3.010779893067724,2026
674003,"Bradford, Cody",2026,Rangers,L,2.179784869,0.026865671641791,0.2835820895522388,0.0776119402985074,-5.785083214998951,0.7522388059701492,0.1701492537313433,8.708319665523762,0.2029850746268656,12.808560182010888,0.6805970149253732,0.1164179104477611,-11.402294999810277,335,0.1940298507462686,0.9313432835820896,0.0388059701492537,-2.7066714339725366,0.6835820895522388,0.2776119402985074,2.885667723358131,2026
683352,"Bratt, Mitch",2026,Diamondbacks,L,1.611201974,0.0479041916167664,0.2335329341317365,0.1646706586826347,-5.905516879192844,0.6946107784431138,0.1407185628742515,7.238857126252296,0.1916167664670658,11.02941208140432,0.6467065868263473,0.1616766467065868,-10.78171837368637,334,0.1526946107784431,0.9281437125748504,0.0568862275449101,-2.82361436870208,0.6467065868263473,0.2964071856287425,2.9377702635669025,2026
664126,"Fairbanks, Pete",2026,Marlins,R,3.331421134,0.0898203592814371,0.2005988023952095,0.0628742514970059,-5.155203430257891,0.718562874251497,0.218562874251497,10.965047080921885,0.1976047904191616,13.363681724180216,0.6676646706586826,0.1347305389221557,-10.686743689139178,334,0.3263473053892216,0.8532934131736527,0.1526946107784431,-4.438253520060775,0.4880239520958084,0.3592814371257485,3.0046620617434816,2026
669438,"Englert, Mason",2026,Rays,R,3.058426874,0.0843373493975903,0.2259036144578313,0.0632530120481927,-5.812226815206838,0.6897590361445783,0.2469879518072289,8.472585265935693,0.2891566265060241,13.382544502583672,0.6325301204819277,0.0783132530120482,-9.996355710833102,332,0.253012048192771,0.9246987951807228,0.1927710843373494,-3.316839492445398,0.6837349397590361,0.1234939759036144,3.018025752922368,2026
663362,"Waldron, Matt",2026,zMLB,R,1.887174778,0.0483383685800604,0.2507552870090634,0.120845921450151,-6.349047916331999,0.6888217522658611,0.1903323262839879,7.508675416299906,0.1631419939577039,11.322321098287532,0.6525679758308157,0.1842900302114803,-11.570156686524236,331,0.1842900302114803,0.8972809667673716,0.0634441087613293,-3.68123242132283,0.6646525679758308,0.2719033232628399,3.011273124628544,2026
695380,"Hoppe, Alex",2026,zMLB,R,3.19455733,0.0978593272171253,0.2507645259938837,0.1314984709480122,-6.063693379157879,0.6758409785932722,0.1926605504587156,8.310372234186291,0.0825688073394495,11.793019123558889,0.7033639143730887,0.2140672782874617,-10.764166718937105,327,0.2629969418960244,0.8470948012232415,0.2048929663608562,-4.1274127585057885,0.5779816513761468,0.2171253822629969,2.9953554509648903,2026
669620,"Basso, Brady",2026,Athletics,L,3.108215157,0.0642201834862385,0.2721712538226299,0.1192660550458715,-5.503721913381054,0.6574923547400612,0.2232415902140672,8.030928303610242,0.1498470948012232,13.83036561989395,0.6697247706422018,0.1804281345565749,-10.785986024544664,327,0.2048929663608562,0.9051987767584098,0.0703363914373088,-4.522243982436495,0.6819571865443425,0.2477064220183486,3.0516776153167706,2026
681895,"Sisk, Evan",2026,Pirates,L,3.355838028,0.0889570552147239,0.1901840490797546,0.0644171779141104,-6.479282644645493,0.5858895705521472,0.3496932515337423,8.711088985436772,0.2791411042944785,14.09544002142304,0.5613496932515337,0.1595092024539877,-10.81447487752126,326,0.2760736196319018,0.852760736196319,0.1042944785276073,-3.62154264608412,0.6656441717791411,0.2300613496932515,3.0290213598047777,2026
667463,"King, John",2026,Marlins,L,2.61868659,0.0681114551083591,0.2445820433436532,0.0897832817337461,-6.103104873693968,0.6346749226006192,0.2755417956656347,7.701336780034,0.2291021671826625,11.80422190215021,0.6191950464396285,0.1517027863777089,-10.9622950617465,323,0.2198142414860681,0.9226006191950464,0.1362229102167182,-3.2906865738739626,0.7275541795665634,0.1362229102167182,2.827544545746993,2026
681916,"Smith, Dylan",2026,Giants,R,3.048266802,0.0526315789473684,0.2167182662538699,0.0928792569659442,-6.233742552954355,0.7306501547987616,0.1764705882352941,9.142931139329756,0.1733746130030959,12.577503858417812,0.6625386996904025,0.1640866873065015,-10.479507746478166,323,0.2600619195046439,0.9009287925696594,0.0773993808049535,-5.2839599640650885,0.5975232198142415,0.3250773993808049,3.017666999771406,2026
677955,"Hill, Jaden",2026,Rockies,R,3.60506211,0.0835913312693498,0.2136222910216718,0.0557275541795665,-5.5872424522589546,0.6687306501547987,0.2755417956656347,9.376555406227553,0.2043343653250774,13.033483449823905,0.6873065015479877,0.1083591331269349,-9.75650838511881,323,0.2941176470588235,0.9102167182662538,0.1145510835913312,-3.765621653818364,0.6130030959752322,0.2724458204334365,2.9315850135476365,2026
670062,"Garcia, Julian",2026,Reds,R,4.919978378,0.0835913312693498,0.2321981424148606,0.1114551083591331,-5.743206690214566,0.6439628482972136,0.2445820433436532,9.832585908507198,0.2817337461300309,13.588746588864383,0.6222910216718266,0.0959752321981424,-10.884417993422591,323,0.2786377708978328,0.8142414860681114,0.1950464396284829,-5.169962996027802,0.631578947368421,0.1733746130030959,2.7270394392441024,2026
621121,"McCullers Jr., Lance",2026,zMLB,R,2.855120762,0.0778816199376947,0.2087227414330218,0.0809968847352024,-7.302947365972495,0.6728971962616822,0.2461059190031152,8.259414251309215,0.2585669781931464,11.500318393639867,0.6292834890965732,0.1121495327102803,-11.865953794505916,321,0.2741433021806853,0.9034267912772586,0.1651090342679127,-3.5460375585558803,0.6230529595015576,0.2118380062305296,3.0264120409724367,2026
605540,"Woodruff, Brandon",2026,Brewers,R,2.612091473,0.046875,0.23125,0.0625,-5.347991348059467,0.740625,0.196875,9.134041458054911,0.203125,12.756910515689356,0.665625,0.13125,-10.620754869125744,320,0.240625,0.946875,0.040625,-4.291208654687745,0.603125,0.35625,3.0725551959732007,2026
621383,"Banks, Tanner",2026,Phillies,L,1.679281966,0.0658307210031347,0.2006269592476489,0.1567398119122257,-5.709111236870667,0.6269592476489029,0.2163009404388714,7.48417188694686,0.0971786833855799,11.923859630546747,0.5987460815047022,0.3040752351097178,-11.335965528662166,319,0.231974921630094,0.896551724137931,0.0470219435736677,-2.659538762430324,0.6520376175548589,0.3009404388714733,3.0851443925603377,2026
675911,"Strider, Spencer",2026,Braves,R,3.618024362,0.0877742946708464,0.1849529780564263,0.0564263322884012,-5.484105953935552,0.6520376175548589,0.2915360501567398,9.821949356116434,0.3448275862068966,13.69535756150072,0.542319749216301,0.1128526645768025,-10.053349611140952,319,0.3103448275862069,0.9184952978056428,0.1128526645768025,-3.680964298332996,0.6081504702194357,0.2789968652037617,2.87858648539138,2026
694361,"Klein, Will",2026,Dodgers,R,3.455315486,0.0626959247648902,0.2163009404388714,0.1034482758620689,-6.503127477234223,0.664576802507837,0.231974921630094,8.266409546904745,0.0658307210031347,11.122067643599882,0.6206896551724138,0.3134796238244514,-11.280759536374903,319,0.238244514106583,0.8369905956112853,0.0971786833855799,-5.654914289362596,0.6238244514106583,0.2789968652037617,3.079489230354304,2026
680730,"Parker, Mitchell",2026,Nationals,L,4.083871482,0.1075949367088607,0.2278481012658227,0.0474683544303797,-5.9161946396903,0.6677215189873418,0.2848101265822785,9.08482080697149,0.300632911392405,13.419682164380353,0.5727848101265823,0.1265822784810126,-10.150385058604275,316,0.2911392405063291,0.8734177215189873,0.1518987341772152,-4.514756441232271,0.6677215189873418,0.180379746835443,3.08165594166571,2026
676604,"Zuber, Tyler",2026,Marlins,R,2.46125053,0.0569620253164556,0.2563291139240506,0.0917721518987341,-6.394741932406785,0.689873417721519,0.2183544303797468,8.328742584919834,0.1645569620253164,11.92057621425539,0.6708860759493671,0.1645569620253164,-10.69502028928324,316,0.2341772151898734,0.9082278481012658,0.0917721518987341,-3.521823665709068,0.629746835443038,0.2784810126582278,3.0892993841895127,2026
688297,"Roycroft, Chris",2026,zMLB,R,1.762898224,0.0317460317460317,0.2634920634920635,0.1111111111111111,-6.587369626802725,0.726984126984127,0.1619047619047619,7.444455005521513,0.0634920634920634,9.667716688107957,0.7396825396825397,0.1968253968253968,-10.103622281559463,315,0.1777777777777777,0.9142857142857144,0.1142857142857142,-3.353004145944983,0.692063492063492,0.1936507936507936,2.861011642928112,2026
669270,"Kuhnel, Joel",2026,zMLB,R,2.350530617,0.0483870967741935,0.2612903225806451,0.1354838709677419,-5.682966907345117,0.6161290322580645,0.2483870967741935,8.029978632689241,0.1129032258064516,10.294086798985951,0.7741935483870968,0.1129032258064516,-9.539166718791517,310,0.2258064516129032,0.932258064516129,0.1548387096774193,-3.074265064160605,0.6870967741935484,0.1580645161290322,2.9720596816484424,2026
683000,"Cornelio, Riley",2026,Nationals,R,6.181959115,0.1612903225806451,0.1774193548387097,0.0483870967741935,-5.321174083867517,0.5548387096774193,0.3967741935483871,12.208918334571432,0.4064516129032258,14.90414508107212,0.5,0.0935483870967742,-10.41948799970353,310,0.3483870967741935,0.8838709677419355,0.1967741935483871,-3.720979468348962,0.6096774193548387,0.1935483870967742,2.834726540103074,2026
805427,"Sommers, Drew",2026,Tigers,L,1.802094653,0.0938511326860841,0.1521035598705501,0.1585760517799352,-6.523329358021652,0.6181229773462783,0.2233009708737864,8.419503484999577,0.0776699029126213,13.046675545369377,0.511326860841424,0.4110032362459547,-11.069743353672637,309,0.3203883495145631,0.8640776699029126,0.0906148867313915,-3.645433751663248,0.540453074433657,0.3689320388349514,3.3352941706973707,2026
656240,"Blewett, Scott",2026,zMLB,R,3.468605541,0.0909090909090909,0.2207792207792207,0.1071428571428571,-5.897231694342387,0.6071428571428571,0.2857142857142857,8.74305057754484,0.2305194805194805,11.31914226231671,0.6168831168831169,0.1525974025974026,-10.438198120816397,308,0.262987012987013,0.8928571428571429,0.1818181818181818,-3.5606210224390527,0.672077922077922,0.1461038961038961,2.9141172191028817,2026
664353,"Urquidy, José",2026,zMLB,R,3.533555586,0.0389610389610389,0.2532467532467532,0.0519480519480519,-5.822576940590707,0.6883116883116883,0.2597402597402597,9.144982377590903,0.3311688311688311,12.835812107559043,0.577922077922078,0.0909090909090909,-9.584614714695215,308,0.2207792207792207,0.9318181818181818,0.0681818181818181,-3.305526529999582,0.75,0.1818181818181818,2.7551861721017783,2026
646241,"De Jesus, Enmanuel",2026,Tigers,L,2.502394589,0.0522875816993464,0.2418300653594771,0.0751633986928104,-6.187594182647338,0.6830065359477124,0.2418300653594771,8.219216244790667,0.1666666666666666,11.4871355311955,0.6241830065359477,0.2091503267973856,-10.255432876500738,306,0.2450980392156862,0.8986928104575164,0.0718954248366013,-3.308085507859683,0.6601307189542484,0.2679738562091503,2.9909951868188984,2026
621381,"Strahm, Matt",2026,Royals,L,2.724124872,0.0688524590163934,0.2262295081967213,0.121311475409836,-6.462305745161205,0.7114754098360656,0.1672131147540983,8.531036647785022,0.2065573770491803,12.09079883470073,0.6950819672131148,0.0983606557377049,-11.2871122639749,305,0.2360655737704918,0.8950819672131147,0.0754098360655737,-4.167273889728904,0.6459016393442623,0.2786885245901639,3.1071005434933365,2026
669684,"Murphy, Chris",2026,White Sox,L,2.887738638,0.0759075907590759,0.1914191419141914,0.0891089108910891,-5.981559168288043,0.6501650165016502,0.2607260726072607,8.958250494355879,0.2475247524752475,13.55731439588682,0.6171617161716172,0.1353135313531353,-9.522320540718288,303,0.3036303630363036,0.9108910891089108,0.1089108910891089,-3.6960209775857744,0.6105610561056105,0.2805280528052805,2.9780038932239035,2026
592155,"Booser, Cam",2026,Rays,L,3.399331453,0.0797342192691029,0.2259136212624584,0.0631229235880398,-5.289921777929129,0.7043189368770764,0.2325581395348837,9.610503710940248,0.2491694352159468,12.76079598678535,0.6478405315614618,0.1029900332225913,-10.712359485663452,301,0.2990033222591362,0.9102990033222592,0.1295681063122923,-3.372951202790651,0.6112956810631229,0.2591362126245847,2.9605516117736688,2026
800600,"Kent, Jackson",2026,Nationals,L,3.405387812,0.0863787375415282,0.2126245847176079,0.1262458471760797,-6.108384944644248,0.5880398671096345,0.2857142857142857,8.342166940964622,0.2558139534883721,11.873544049439197,0.6411960132890365,0.1029900332225913,-10.82645207102895,301,0.2425249169435216,0.9235880398671096,0.1461794019933555,-3.884605139878409,0.6511627906976745,0.2026578073089701,2.869083004781371,2026
657044,"Thompson, Ryan",2026,Diamondbacks,R,4.539083041,0.0604026845637583,0.2684563758389262,0.0771812080536912,-6.5991130122458665,0.6711409395973155,0.2516778523489933,9.781018329196485,0.2416107382550335,14.206351807219152,0.6208053691275168,0.1375838926174496,-10.879572639878807,298,0.1946308724832214,0.8859060402684564,0.1879194630872483,-3.027867164145827,0.714765100671141,0.0973154362416107,2.98740799753266,2026
695239,"Ahlstrom, Robby",2026,Rangers,L,2.255212585,0.0671140939597315,0.2147651006711409,0.0771812080536912,-6.188092915268146,0.6812080536912751,0.2416107382550335,8.222411845574687,0.1812080536912751,11.881502058067248,0.6140939597315436,0.2046979865771812,-10.46685782830316,298,0.2651006711409396,0.906040268456376,0.0805369127516778,-3.0584807061144708,0.6140939597315436,0.3053691275167785,2.94290958366284,2026
621097,"Waguespack, Jacob",2026,Tigers,R,2.393091386,0.0875420875420875,0.2356902356902357,0.0808080808080808,-5.618844522712076,0.6835016835016835,0.2356902356902357,7.402443497566762,0.202020202020202,12.716901458557103,0.6531986531986532,0.1447811447811448,-10.08313924464619,297,0.2592592592592592,0.9326599326599326,0.0942760942760942,-3.5065194086883165,0.6161616161616161,0.2895622895622896,3.0117149889033974,2026
676775,"Winn, Keaton",2026,Giants,R,2.934040002,0.0639730639730639,0.265993265993266,0.0707070707070707,-6.7653808691493165,0.6599326599326599,0.2693602693602693,7.742776815130408,0.2121212121212121,11.198468190507445,0.6666666666666666,0.1212121212121212,-9.683916916614557,297,0.2323232323232323,0.9191919191919192,0.1986531986531986,-3.497256337465928,0.6835016835016835,0.1178451178451178,2.9729030385619617,2026
805299,"Garcia, Brandyn",2026,Diamondbacks,L,3.330187366,0.0606060606060606,0.2053872053872054,0.1515151515151515,-5.895081044505246,0.5353535353535354,0.3131313131313131,10.14490030987266,0.1515151515151515,12.13749896982212,0.6127946127946128,0.2356902356902357,-10.924470556670862,297,0.2727272727272727,0.8686868686868687,0.101010101010101,-3.339029565670634,0.6767676767676768,0.2222222222222222,3.009891444469196,2026
542888,"Armstrong, Shawn",2026,Guardians,R,1.777149494,0.054054054054054,0.1891891891891892,0.0709459459459459,-5.7823424938918055,0.7162162162162162,0.2128378378378378,7.435328208413712,0.1385135135135135,11.269266815561275,0.6891891891891891,0.1722972972972972,-10.332134231151862,296,0.2466216216216216,0.9391891891891893,0.0506756756756756,-2.876450678849932,0.5236486486486487,0.4256756756756756,2.9245615697498084,2026
571948,"Milner, Hoby",2026,zMLB,L,2.351507785,0.0405405405405405,0.2668918918918919,0.0844594594594594,-7.699422396668675,0.6790540540540541,0.2364864864864864,7.856369964493937,0.1925675675675675,12.01266591181828,0.6621621621621622,0.1452702702702702,-10.20146291935298,296,0.1858108108108108,0.9054054054054054,0.0878378378378378,-2.7717513610387963,0.6959459459459459,0.2162162162162162,2.81225315711766,2026
694346,"Gibson, Trey",2026,Orioles,R,2.5328973,0.0680272108843537,0.282312925170068,0.0884353741496598,-6.142126820808824,0.6564625850340136,0.2551020408163265,7.073355642198192,0.1054421768707483,10.457008178371863,0.717687074829932,0.1768707482993197,-10.602213382741525,294,0.2142857142857142,0.8877551020408163,0.1394557823129251,-4.339822809274135,0.6598639455782312,0.2006802721088435,2.894983667499451,2026
663574,"Santillan, Tony",2026,Reds,R,4.229809623,0.0620689655172413,0.296551724137931,0.0517241379310344,-6.088754761338746,0.7448275862068966,0.2034482758620689,9.52359510567826,0.1068965517241379,12.622373288393833,0.7689655172413793,0.1241379310344827,-10.407716173480896,290,0.2344827586206896,0.9172413793103448,0.0793103448275862,-4.815594795955244,0.6206896551724138,0.3,2.8269280045290444,2026
689818,"Sandlin, David",2026,White Sox,R,3.248386895,0.0519031141868512,0.2387543252595155,0.0865051903114186,-5.963256070111477,0.657439446366782,0.2560553633217993,8.374480214705175,0.2214532871972318,12.308387873702268,0.6470588235294118,0.1314878892733564,-10.544037663217724,289,0.245674740484429,0.8996539792387543,0.1349480968858131,-3.858481972920087,0.671280276816609,0.1937716262975778,3.074197091617606,2026
681867,"Criswell, Cooper",2026,Mariners,R,1.973490376,0.0692041522491349,0.2041522491349481,0.1211072664359861,-6.81329419999374,0.5916955017301038,0.28719723183391,7.061973322268558,0.1453287197231834,12.080797364607143,0.6055363321799307,0.2491349480968858,-11.25858092463831,289,0.2110726643598615,0.8961937716262975,0.1591695501730103,-3.087769496492996,0.6816608996539792,0.1591695501730103,3.2036080173246764,2026
807739,"Anderson, Kade",2026,Mariners,L,3.014536114,0.0729166666666666,0.2118055555555555,0.0902777777777777,-5.657857340699433,0.7326388888888888,0.1770833333333333,8.58036309148409,0.1736111111111111,11.77541515630719,0.6527777777777778,0.1736111111111111,-10.311887556811367,288,0.2465277777777778,0.90625,0.1631944444444444,-4.422878081181344,0.5972222222222222,0.2395833333333333,2.8579296716415183,2026
805326,"Schweitzer, Tyler",2026,White Sox,L,1.56926491,0.0418118466898954,0.2613240418118467,0.0801393728222996,-5.883641651810972,0.6794425087108014,0.2404181184668989,6.544363238529172,0.0766550522648083,10.05469608579302,0.7560975609756098,0.1672473867595819,-11.404232574635593,287,0.2160278745644599,0.940766550522648,0.0975609756097561,-3.4388572831922404,0.6132404181184669,0.289198606271777,2.882651764555728,2026
656529,"Hentges, Sam",2026,Giants,L,2.760256589,0.0804195804195804,0.2237762237762237,0.1328671328671328,-6.081843607314855,0.6363636363636364,0.2307692307692307,8.4190066694918,0.0979020979020979,12.414302615990293,0.6223776223776224,0.2797202797202797,-10.945594743448735,286,0.2762237762237762,0.8496503496503497,0.0979020979020979,-4.782623841349442,0.6083916083916084,0.2937062937062937,3.0812667467139443,2026
684974,"Yoho, Craig",2026,zMLB,R,3.507645422,0.1223776223776223,0.1853146853146853,0.0664335664335664,-5.70537616354722,0.5174825174825175,0.4160839160839161,8.779088471164664,0.4090909090909091,14.371241908266963,0.465034965034965,0.1258741258741259,-12.408145965963984,286,0.2867132867132867,0.8776223776223776,0.2237762237762237,-3.0649744692718044,0.6468531468531469,0.1293706293706293,3.1454197793617884,2026
666142,"Ragans, Cole",2026,Royals,L,3.269970835,0.0912280701754386,0.2,0.0666666666666666,-7.0652051593654726,0.6877192982456141,0.2456140350877192,10.386770160541603,0.2,13.759783137943533,0.5789473684210527,0.2210526315789473,-10.534570931557512,285,0.3228070175438596,0.8982456140350877,0.1052631578947368,-4.345929530145296,0.5403508771929825,0.3543859649122807,3.123357214647963,2026
592094,"Adam, Jason",2026,Padres,R,4.257573871,0.1338028169014084,0.2007042253521127,0.0669014084507042,-5.412859641150327,0.6232394366197183,0.3098591549295774,9.77468405041701,0.3838028169014084,12.655586319827211,0.5669014084507042,0.0492957746478873,-12.54616973339759,284,0.2887323943661972,0.9330985915492958,0.2464788732394366,-3.186651236184804,0.6373239436619719,0.1161971830985915,2.9026022627105146,2026
669060,"Wilson, Bryse",2026,zMLB,R,1.987211437,0.0282685512367491,0.293286219081272,0.0671378091872791,-5.392129722809194,0.7561837455830389,0.1766784452296819,7.711501070688127,0.0883392226148409,12.091767108460518,0.7243816254416962,0.1872791519434629,-10.620059586163942,283,0.1837455830388692,0.939929328621908,0.0494699646643109,-2.8146053590657205,0.6819787985865724,0.2685512367491166,3.008243808837766,2026
679358,"Orze, Eric",2026,Twins,R,2.952678588,0.0821428571428571,0.2392857142857143,0.0428571428571428,-5.98097430071356,0.6678571428571428,0.2892857142857143,8.41305426988513,0.35,12.213972977886376,0.5857142857142857,0.0642857142857142,-10.469111595388163,280,0.2285714285714285,0.9392857142857144,0.1428571428571428,-3.050407350216956,0.7035714285714286,0.1535714285714285,2.832321302254865,2026
605447,"Romano, Jordan",2026,zMLB,R,4.138392543,0.1071428571428571,0.1928571428571428,0.0714285714285714,-5.721969726845599,0.6607142857142857,0.2678571428571428,8.74749138551687,0.2785714285714286,12.7701942212012,0.6178571428571429,0.1035714285714285,-12.588552453744628,280,0.2821428571428571,0.8821428571428571,0.2107142857142857,-4.665277659514688,0.5892857142857143,0.2,2.867557605511057,2026
682989,"Mederos, Victor",2026,Braves,R,1.826199785,0.050179211469534,0.2222222222222222,0.1003584229390681,-6.197271940164333,0.6236559139784946,0.2759856630824372,7.422094257434392,0.1863799283154122,10.358574735626313,0.7204301075268817,0.0931899641577061,-10.50863201736782,279,0.3082437275985663,0.899641577060932,0.1612903225806451,-3.5396559144566866,0.6200716845878136,0.2186379928315412,2.943101605444115,2026
703725,"Gastelum, Luis",2026,Cardinals,R,4.260491217,0.1294964028776978,0.1690647482014388,0.0539568345323741,-5.732107128489313,0.5935251798561151,0.3525179856115107,10.523697822491862,0.3597122302158273,14.439474589113804,0.4964028776978417,0.1438848920863309,-9.940312484042984,278,0.3525179856115107,0.9100719424460432,0.1798561151079136,-3.3906196361039336,0.6366906474820144,0.1834532374100719,2.945537501250324,2026
663992,"Lovelady, Richard",2026,zMLB,L,3.239767165,0.0797101449275362,0.1992753623188405,0.0978260869565217,-5.504602181029046,0.6231884057971014,0.2789855072463768,9.269413771553827,0.2391304347826087,12.793220539234571,0.5,0.2608695652173913,-11.839471975458846,276,0.217391304347826,0.8804347826086957,0.0942028985507246,-3.2237149966383787,0.7065217391304348,0.1992753623188405,2.8707981986647244,2026
656234,"Bird, Jake",2026,zMLB,R,2.433983014,0.0615942028985507,0.2717391304347826,0.0760869565217391,-7.207492792414937,0.6521739130434783,0.2717391304347826,8.342490435851817,0.1992753623188405,12.155979245121868,0.6920289855072463,0.108695652173913,-10.506291101892357,276,0.2717391304347826,0.9347826086956522,0.0978260869565217,-3.3428921031717684,0.6268115942028986,0.2753623188405797,3.148970677432972,2026
700249,"Povich, Cade",2026,Orioles,L,2.620292667,0.0581818181818181,0.2981818181818181,0.0254545454545454,-7.323346491411651,0.7527272727272727,0.2218181818181818,8.131898681106584,0.2,12.262500862486997,0.6618181818181819,0.1381818181818181,-9.634766802420494,275,0.2290909090909091,0.8945454545454545,0.0727272727272727,-4.341354463601773,0.6472727272727272,0.28,2.968701403106925,2026
681402,"Varland, Gus",2026,Nationals,R,2.219669837,0.069090909090909,0.2872727272727273,0.0509090909090909,-4.822630442575877,0.7636363636363637,0.1854545454545454,7.324168453923392,0.1563636363636363,10.830668365264136,0.7054545454545454,0.1381818181818181,-10.2638963583517,275,0.2254545454545454,0.9236363636363636,0.069090909090909,-3.995733854345525,0.6218181818181818,0.3090909090909091,3.007893811882296,2026
688158,"Morgan, David",2026,Padres,R,4.208659117,0.0985401459854014,0.1861313868613138,0.1204379562043795,-6.105360417254325,0.5948905109489051,0.2846715328467153,9.127868434368535,0.2080291970802919,13.145059305967305,0.6532846715328468,0.1386861313868613,-9.87444137264341,274,0.3248175182481752,0.8540145985401459,0.1897810218978102,-4.985335357248852,0.5912408759124088,0.218978102189781,3.0632237978512404,2026
683627,"Molina, Anthony",2026,zMLB,R,2.393447647,0.0766423357664233,0.2043795620437956,0.0583941605839416,-4.895297307306125,0.708029197080292,0.2335766423357664,7.842045483529567,0.1788321167883211,11.392304074438782,0.6642335766423357,0.156934306569343,-9.701068014379016,274,0.2372262773722627,0.9525547445255474,0.1094890510948905,-3.188448964773596,0.6094890510948905,0.2810218978102189,2.7507095338940624,2026
700363,"Smith-Shawver, AJ",2026,Braves,R,4.497093629,0.0802919708029197,0.1861313868613138,0.0766423357664233,-6.014180837941141,0.6204379562043796,0.3029197080291971,9.07434871294106,0.3430656934306569,14.426225397157786,0.5437956204379562,0.1131386861313868,-10.266244500292244,274,0.2408759124087591,0.8832116788321168,0.1313868613138686,-4.15948276577836,0.6970802919708029,0.1715328467153284,2.842519822504024,2026
686751,"Johnson, Seth",2026,zMLB,R,2.179291826,0.0695970695970696,0.2490842490842491,0.0915750915750915,-6.005332755531717,0.6959706959706959,0.2124542124542124,8.049174651904318,0.1611721611721611,11.752868039894183,0.6776556776556777,0.1611721611721611,-10.733376233385728,273,0.282051282051282,0.8901098901098901,0.0842490842490842,-3.904833941668967,0.6043956043956044,0.3113553113553113,3.1147630173316982,2026
668933,"Ashcraft, Graham",2026,Reds,R,3.642371793,0.0735294117647058,0.1875,0.1360294117647058,-6.2304247139633,0.6102941176470589,0.2536764705882353,9.073837185115384,0.1029411764705882,11.328366244333148,0.6801470588235294,0.2169117647058823,-10.779053962706648,272,0.3125,0.8419117647058824,0.2205882352941176,-4.401089872245037,0.5735294117647058,0.2058823529411764,3.3037924306177806,2026
601713,"Pivetta, Nick",2026,Padres,R,2.941132705,0.0661764705882353,0.1985294117647058,0.0735294117647058,-5.13395010167559,0.7095588235294118,0.2169117647058823,9.509945243352044,0.1875,13.400863438279696,0.6691176470588235,0.1433823529411764,-12.141077458565022,272,0.2316176470588235,0.9044117647058824,0.0735294117647058,-3.259299821121565,0.5514705882352942,0.375,3.0099559321723754,2026
691951,"Aldegheri, Sam",2026,Angels,L,3.662222214,0.03690036900369,0.2250922509225092,0.1328413284132841,-5.97323374984663,0.6014760147601476,0.2656826568265683,9.565441587526006,0.2952029520295203,14.44838317324588,0.5904059040590406,0.1143911439114391,-9.343482658918289,271,0.2066420664206642,0.9298892988929888,0.077490774907749,-2.884231724144912,0.7084870848708487,0.2140221402214022,2.7510784672827784,2026
664875,"Lawrence, Justin",2026,zMLB,R,5.466020376,0.07380073800738,0.2361623616236162,0.0996309963099631,-7.21585163583486,0.5608856088560885,0.3394833948339483,11.583608531736552,0.2214022140221402,13.98374676816722,0.6236162361623616,0.1549815498154981,-11.048406706004664,271,0.2656826568265683,0.8671586715867159,0.1107011070110701,-4.49244248035761,0.7084870848708487,0.1808118081180811,2.9343958973753472,2026
669854,"Blanco, Ronel",2026,Astros,R,3.640459309,0.1,0.2444444444444444,0.0555555555555555,-6.8204672168887095,0.6814814814814815,0.2629629629629629,8.41629918256327,0.3296296296296296,12.53544726869637,0.5962962962962963,0.074074074074074,-10.932191190637496,270,0.2666666666666666,0.9111111111111112,0.1333333333333333,-4.607504015854279,0.6370370370370371,0.2296296296296296,2.8839079716689,2026
696519,"Natera Jr., Samy",2026,Angels,L,2.424526571,0.0780669144981412,0.1635687732342007,0.0594795539033457,-5.834330496738961,0.7323420074349443,0.20817843866171,9.947121454942655,0.1226765799256505,13.68208217255779,0.7397769516728625,0.137546468401487,-9.9106576588097,269,0.3643122676579926,0.9368029739776952,0.0743494423791821,-4.664884534515879,0.4275092936802974,0.4981412639405204,3.1390182223022727,2026
476594,"Stock, Robert",2026,Mets,R,2.471461729,0.0783582089552238,0.2052238805970149,0.1231343283582089,-5.838693975232934,0.6417910447761194,0.2350746268656716,8.241244766347025,0.1753731343283582,12.693639759999993,0.6231343283582089,0.2014925373134328,-9.947787124290482,268,0.2462686567164179,0.917910447761194,0.1044776119402985,-3.47729464800215,0.6231343283582089,0.2723880597014925,2.9508154596615035,2026
607455,"Banda, Anthony",2026,Twins,L,3.530743604,0.0671641791044776,0.2388059701492537,0.0895522388059701,-6.0380077311037805,0.6492537313432836,0.2611940298507462,8.504400046790034,0.1940298507462686,12.87870858452462,0.6380597014925373,0.167910447761194,-10.129574825281695,268,0.2723880597014925,0.8619402985074627,0.1231343283582089,-4.259666452085529,0.6194029850746269,0.2574626865671642,2.8588418928409127,2026
682825,"Mey, Luis",2026,Reds,R,2.270727663,0.075187969924812,0.2218045112781954,0.112781954887218,-6.7387824899212765,0.5939849624060151,0.2932330827067669,7.9644595322018,0.1353383458646616,10.6898512697741,0.706766917293233,0.1578947368421052,-11.055626250321088,266,0.3082706766917293,0.8759398496240601,0.1353383458646616,-4.339649489708844,0.6616541353383458,0.2030075187969924,3.1119764645461254,2026
687931,"Whisenhunt, Carson",2026,Giants,L,5.012680531,0.1390977443609022,0.2894736842105263,0.0488721804511278,-5.320803281551744,0.6090225563909775,0.3421052631578947,10.583334206037726,0.3308270676691729,13.802706328856038,0.5939849624060151,0.075187969924812,-9.410936800051092,266,0.2894736842105263,0.943609022556391,0.1917293233082706,-3.5343989682639845,0.6240601503759399,0.1842105263157894,2.9793770688148835,2026
702474,"Paredes, Mike",2026,Twins,R,3.077024712,0.0566037735849056,0.3056603773584905,0.0792452830188679,-5.920019439788701,0.720754716981132,0.2,8.718804288428288,0.2226415094339622,12.990950218678211,0.7018867924528301,0.0754716981132075,-10.682282216580733,265,0.1962264150943396,0.9547169811320756,0.1094339622641509,-3.4959896860313955,0.690566037735849,0.2,2.76528872944298,2026
657571,"Ferguson, Caleb",2026,zMLB,L,2.024936665,0.053231939163498,0.2281368821292775,0.1292775665399239,-6.020830872607885,0.6768060836501901,0.1939163498098859,7.94763307581058,0.155893536121673,11.62116563365754,0.6349809885931559,0.2091254752851711,-10.938538358125122,263,0.2015209125475285,0.9049429657794676,0.1216730038022813,-3.1908015363733826,0.6692015209125475,0.2091254752851711,2.961558829242432,2026
814490,"Pecko, Ethan",2026,Astros,R,1.748289313,0.0459770114942528,0.2720306513409962,0.1226053639846743,-6.192928860270014,0.7318007662835249,0.1455938697318007,7.247418393382684,0.1724137931034483,11.658120373680704,0.7011494252873564,0.1264367816091954,-10.062834378688423,261,0.21455938697318,0.950191570881226,0.0957854406130268,-3.579200694678446,0.6168582375478927,0.2873563218390804,2.773728403346039,2026
671936,"Macko, Adam",2026,zMLB,L,4.56518427,0.1076923076923077,0.2230769230769231,0.0846153846153846,-6.507997729172743,0.676923076923077,0.2384615384615384,10.776274745136392,0.2961538461538461,13.466320048570893,0.6,0.1038461538461538,-9.855341403594776,260,0.2846153846153846,0.8923076923076924,0.1576923076923077,-3.9548599800984414,0.5923076923076923,0.25,2.8831352674831483,2026
663158,"Suarez, Robert",2026,Braves,R,2.65000934,0.0620155038759689,0.1937984496124031,0.0697674418604651,-5.331397542300881,0.6317829457364341,0.2984496124031007,8.276725786773646,0.1860465116279069,10.154800157828204,0.6356589147286822,0.1782945736434108,-10.251497528270685,258,0.2364341085271318,0.9031007751937984,0.1162790697674418,-2.961914070208723,0.6007751937984496,0.2829457364341085,2.822044460330944,2026
687606,"Schultz, Paxton",2026,Nationals,R,2.129133143,0.0387596899224806,0.2751937984496124,0.065891472868217,-5.639241843333377,0.7441860465116279,0.189922480620155,8.516947550219243,0.1085271317829457,11.312994075942646,0.7209302325581395,0.1705426356589147,-10.354773765906884,258,0.1937984496124031,0.9263565891472868,0.0581395348837209,-3.832808915291188,0.6472868217054264,0.2945736434108527,2.8678823012176884,2026
804636,"Tong, Jonah",2026,Mets,R,2.062326379,0.0984251968503937,0.2204724409448819,0.0905511811023622,-5.781138046507701,0.7244094488188977,0.1850393700787401,8.74004736791144,0.1889763779527559,11.540122013032672,0.6338582677165354,0.1771653543307086,-10.707006981715685,254,0.3070866141732283,0.8937007874015748,0.1102362204724409,-3.479498723136503,0.5393700787401575,0.3503937007874015,3.1572350067186328,2026
686580,"Slaten, Justin",2026,Red Sox,R,2.374635888,0.0511811023622047,0.2480314960629921,0.1141732283464567,-6.002015309720451,0.6692913385826772,0.2165354330708661,8.461627078783529,0.1299212598425196,12.499321213367242,0.6811023622047244,0.1889763779527559,-11.23959491195386,254,0.2519685039370078,0.8858267716535433,0.0905511811023622,-4.023872978874347,0.65748031496063,0.2519685039370078,2.9972910615204533,2026
656986,"Sousa, Bennett",2026,Astros,L,4.88057023,0.1507936507936507,0.242063492063492,0.0873015873015873,-6.610672805267828,0.6746031746031746,0.238095238095238,9.477591933183566,0.3095238095238095,12.275967278376534,0.623015873015873,0.0674603174603174,-11.384008836106084,252,0.3134920634920635,0.876984126984127,0.2579365079365079,-4.8273155958324345,0.5714285714285714,0.1706349206349206,3.050891055672392,2026
699823,"Davis, Tyler",2026,White Sox,R,2.60342901,0.056,0.236,0.064,-6.324760579538342,0.736,0.2,8.15821806503444,0.108,10.532815238603472,0.728,0.164,-10.28932124776254,250,0.232,0.9,0.064,-4.312817247737686,0.584,0.352,3.023828985525438,2026
676254,"Walker, Ryan",2026,Giants,R,3.26321044,0.06,0.24,0.1,-5.9647691741398505,0.644,0.256,9.313501398413962,0.136,12.523428900098184,0.624,0.24,-11.657974051450529,250,0.156,0.864,0.068,-2.6519018017581244,0.736,0.196,2.9989961662532303,2026
676571,"Poulin, PJ",2026,Nationals,L,3.591113746,0.0607287449392712,0.242914979757085,0.068825910931174,-6.385846515879114,0.6639676113360324,0.2672064777327935,8.207649025384622,0.2874493927125506,13.081618957687702,0.5748987854251012,0.1376518218623481,-10.364194793692102,247,0.1700404858299595,0.9109311740890688,0.1093117408906882,-3.645234158468421,0.7732793522267206,0.117408906882591,2.846014520063166,2026
676979,"Crochet, Garrett",2026,Red Sox,L,2.090462209,0.1020408163265306,0.2204081632653061,0.110204081632653,-6.058741616998002,0.6285714285714286,0.2612244897959184,8.039131423248387,0.1224489795918367,10.624981096399544,0.6489795918367347,0.2285714285714285,-10.582781857447635,245,0.2489795918367346,0.8816326530612245,0.1224489795918367,-3.355791612936816,0.5877551020408164,0.2897959183673469,3.093407511244917,2026
664208,"Maton, Phil",2026,Cubs,R,3.041010548,0.0905349794238683,0.1810699588477366,0.102880658436214,-5.866606874256981,0.6172839506172839,0.279835390946502,8.369784421723063,0.2962962962962963,15.055728836331186,0.5349794238683128,0.1687242798353909,-10.417912820999517,243,0.2716049382716049,0.897119341563786,0.1111111111111111,-3.441406124255396,0.6008230452674898,0.2880658436213992,3.1153214034452,2026
668881,"Greene, Hunter",2026,Reds,R,4.061114456,0.0912863070539419,0.2323651452282157,0.0705394190871369,-6.255719961723472,0.7095435684647303,0.2199170124481327,9.245447238150508,0.1908713692946058,12.79085113342478,0.6929460580912863,0.1161825726141078,-10.068402166426818,241,0.2738589211618257,0.9128630705394192,0.1369294605809128,-4.763742966237458,0.5809128630705395,0.2821576763485477,2.9985909034165883,2026
660604,"Rangel, Alan",2026,Phillies,R,4.593256699,0.0788381742738589,0.1825726141078838,0.0456431535269709,-6.479171433707025,0.6224066390041494,0.3319502074688796,8.904566618782884,0.4066390041493776,13.400663095369891,0.4813278008298755,0.1120331950207468,-9.834930682741795,241,0.2489626556016597,0.8879668049792531,0.1369294605809128,-4.386073774281079,0.6804979253112033,0.1825726141078838,2.7681122652556485,2026
693313,"Seymour, Carson",2026,Giants,R,3.281567265,0.0580912863070539,0.2489626556016597,0.1867219917012448,-6.069592062880998,0.6763485477178424,0.1369294605809128,8.250993461737266,0.0829875518672199,10.933552271310525,0.7012448132780082,0.2157676348547718,-9.817831160893412,241,0.2448132780082987,0.8962655601659751,0.2282157676348547,-3.971427667967566,0.6016597510373444,0.1701244813278008,2.863564852259875,2026
657424,"Gage, Matt",2026,Giants,L,2.859375949,0.0954356846473029,0.2157676348547718,0.0746887966804979,-5.674668935979804,0.6970954356846473,0.2282157676348547,8.240111195123028,0.1991701244813278,10.586503615025984,0.5726141078838174,0.2282157676348547,-10.736172297413392,241,0.2406639004149377,0.9045643153526972,0.1410788381742738,-3.701140673094256,0.5892116182572614,0.2697095435684647,3.0167102434949333,2026
676742,"Sanders, Cam",2026,zMLB,R,2.968316061,0.0836820083682008,0.1631799163179916,0.0962343096234309,-6.413036961456193,0.6485355648535565,0.2552301255230125,9.321521897869449,0.2175732217573222,12.320180542708522,0.6317991631799164,0.1506276150627615,-9.278383977236777,239,0.3765690376569037,0.8744769874476988,0.1799163179916318,-4.07357923499534,0.5355648535564853,0.2845188284518828,3.090231012637223,2026
592866,"Williams, Trevor",2026,zMLB,R,2.152639991,0.0836820083682008,0.1589958158995816,0.1380753138075313,-5.9545842847132615,0.5983263598326359,0.2635983263598326,8.371335709923962,0.2259414225941422,15.093162255508297,0.6150627615062761,0.1589958158995816,-11.234322055539517,239,0.2761506276150627,0.8828451882845189,0.1255230125523012,-2.900205430776171,0.6401673640167364,0.2343096234309623,2.986516445365964,2026
650960,"Duarte, Daniel",2026,Mets,R,3.244634412,0.0627615062761506,0.1757322175732217,0.1548117154811715,-7.923488729101104,0.6150627615062761,0.2301255230125523,8.131854778303353,0.2175732217573222,12.687470293299384,0.6820083682008368,0.100418410041841,-10.98386137264363,239,0.2301255230125523,0.895397489539749,0.1213389121338912,-5.079704241140098,0.606694560669456,0.2719665271966527,2.807951090553148,2026
687941,"Gamboa, Alec",2026,Red Sox,L,1.658699277,0.0295358649789029,0.2742616033755274,0.0970464135021097,-5.695886216516152,0.7763713080168776,0.1265822784810126,7.165653004669594,0.0421940928270042,10.021770854365547,0.7510548523206751,0.2067510548523206,-10.467516954424944,237,0.160337552742616,0.9324894514767932,0.0928270042194092,-3.380332722988959,0.6413502109704642,0.2658227848101265,2.87508328303942,2026
641745,"Keller, Brad",2026,Phillies,R,3.162704584,0.0635593220338983,0.173728813559322,0.1271186440677966,-6.660334111871894,0.5720338983050848,0.3008474576271186,8.357982261805228,0.1144067796610169,12.277279805992174,0.6398305084745762,0.2457627118644068,-9.699863207385723,236,0.2245762711864407,0.8940677966101694,0.097457627118644,-3.661583142753843,0.635593220338983,0.2669491525423729,2.985403999290945,2026
676664,"Sears, JP",2026,Padres,L,2.102024628,0.0805084745762711,0.2669491525423729,0.0805084745762711,-6.158207220820258,0.6228813559322034,0.2966101694915254,7.173990895396952,0.173728813559322,12.11728375712468,0.6652542372881356,0.1610169491525423,-11.20384001246773,236,0.211864406779661,0.8813559322033898,0.0805084745762711,-3.3522695152724302,0.6271186440677966,0.2923728813559322,2.958872710365353,2026
643410,"Leiter Jr., Mark",2026,Athletics,R,4.434891555,0.1574468085106383,0.1787234042553191,0.1106382978723404,-5.907425847538818,0.5063829787234042,0.3829787234042553,9.014157349981437,0.3957446808510638,13.933219533685923,0.5446808510638298,0.0595744680851063,-10.885839245957492,235,0.3106382978723404,0.8936170212765957,0.2382978723404255,-3.5729827501657785,0.6468085106382979,0.1148936170212766,3.25886944471112,2026
677020,"Walker, Josh",2026,Orioles,L,2.651500236,0.0905172413793103,0.2413793103448276,0.0775862068965517,-5.492186534597736,0.6206896551724138,0.3017241379310345,8.052516313849726,0.2370689655172413,13.200043623660598,0.625,0.1379310344827586,-10.636062501301549,232,0.2241379310344827,0.913793103448276,0.0948275862068965,-2.8794250529887213,0.6810344827586207,0.2241379310344827,2.853117272927293,2026
694037,"Palencia, Daniel",2026,Cubs,R,2.738131061,0.1077586206896551,0.2327586206896551,0.0818965517241379,-5.887885466022479,0.646551724137931,0.271551724137931,7.9873008708431055,0.0948275862068965,12.171897453427034,0.6896551724137931,0.2155172413793103,-10.902045530666436,232,0.2758620689655172,0.875,0.1163793103448275,-3.983353042279249,0.5646551724137931,0.3189655172413793,3.349103498299489,2026
683175,"Phillips, Connor",2026,Reds,R,6.332949148,0.0649350649350649,0.2251082251082251,0.0519480519480519,-6.630145037916423,0.6623376623376623,0.2857142857142857,11.400583634543176,0.2813852813852814,13.811229201739,0.6017316017316018,0.1168831168831168,-10.322028323756124,231,0.2554112554112554,0.9177489177489178,0.1082251082251082,-5.45989983312638,0.6406926406926406,0.2510822510822511,2.835376959883817,2026
669093,"Estrada, Jeremiah",2026,Padres,R,3.559619072,0.108695652173913,0.1826086956521739,0.1,-6.230973050924376,0.6826086956521739,0.217391304347826,11.441300697589396,0.2347826086956521,15.1565249763852,0.5826086956521739,0.1826086956521739,-10.303885793130473,230,0.3260869565217391,0.8391304347826087,0.108695652173913,-3.8527842221550825,0.4782608695652174,0.4130434782608695,3.119218360902261,2026
519141,"Pomeranz, Drew",2026,zMLB,L,1.961233614,0.0217391304347826,0.2565217391304348,0.0913043478260869,-5.311900709399032,0.6695652173913044,0.2391304347826087,6.263146231937699,0.0826086956521739,9.980246669447846,0.808695652173913,0.108695652173913,-10.276735119326135,230,0.1826086956521739,0.9391304347826088,0.0826086956521739,-4.430699566323684,0.6043478260869565,0.3130434782608696,2.852371241056986,2026
680802,"Weiss, Ryan",2026,Astros,R,4.121425758,0.0873362445414847,0.2314410480349345,0.0698689956331877,-6.767329622197368,0.6768558951965066,0.2532751091703056,9.087901484720218,0.1921397379912663,12.671721580495245,0.6593886462882096,0.148471615720524,-10.105542413911463,229,0.2401746724890829,0.9082969432314412,0.1222707423580786,-4.319154116021633,0.6331877729257642,0.2445414847161572,2.973196143374641,2026
702752,"Pintaro, Jonathan",2026,Mets,R,1.72575462,0.0524017467248908,0.222707423580786,0.1135371179039301,-6.06376403029395,0.6419213973799127,0.2445414847161572,7.5974075082253565,0.0960698689956331,11.512460618676291,0.7292576419213974,0.1746724890829694,-10.982971407352316,229,0.2620087336244541,0.9039301310043668,0.0698689956331877,-3.2721340232496425,0.5764192139737991,0.3537117903930131,3.1270906268577328,2026
595014,"Treinen, Blake",2026,Dodgers,R,4.086231931,0.0570175438596491,0.2061403508771929,0.1491228070175438,-5.538365336074627,0.6052631578947368,0.2456140350877192,10.605918949621548,0.1973684210526315,13.707310741509987,0.6710526315789473,0.131578947368421,-10.46269640971573,228,0.2587719298245614,0.9342105263157896,0.1491228070175438,-3.524305936308423,0.6403508771929824,0.2105263157894736,2.867274876437374,2026
663893,"Little, Brendon",2026,Blue Jays,L,3.526675131,0.1145374449339207,0.2070484581497797,0.0616740088105726,-7.067488173969648,0.6343612334801763,0.3039647577092511,8.076189877252297,0.2026431718061674,11.464007539062845,0.6519823788546255,0.145374449339207,-10.529524445152632,227,0.4185022026431718,0.8898678414096917,0.3568281938325991,-4.369254260410324,0.4845814977973568,0.158590308370044,3.60362417548156,2026
695534,"Petty, Chase",2026,Reds,R,3.768327356,0.0973451327433628,0.331858407079646,0.0575221238938053,-6.267273672384706,0.6460176991150443,0.2964601769911504,8.126946469596117,0.2699115044247787,12.47271633391448,0.6858407079646017,0.0442477876106194,-11.301844070815838,226,0.1858407079646017,0.9380530973451328,0.1283185840707964,-3.346028074273128,0.6946902654867256,0.1769911504424778,2.732033403319796,2026
696131,"Black, Mason",2026,Royals,R,1.991391967,0.0311111111111111,0.3377777777777778,0.1155555555555555,-5.585947036418804,0.7688888888888888,0.1155555555555555,8.832454634039168,0.0755555555555555,13.140685040812984,0.7377777777777778,0.1866666666666666,-10.929026992816,225,0.1822222222222222,0.9155555555555556,0.0711111111111111,-2.731077695039802,0.68,0.2488888888888888,2.89114899592289,2026
676684,"Vest, Will",2026,Tigers,R,2.327327719,0.0493273542600896,0.1928251121076233,0.0986547085201793,-6.10454878143732,0.6502242152466368,0.2511210762331838,7.791710180320282,0.1031390134529148,9.92749588870762,0.7040358744394619,0.1928251121076233,-10.39829874834634,223,0.2825112107623318,0.9013452914798208,0.1614349775784753,-3.72227474235922,0.5964125560538116,0.242152466367713,2.8655703856656927,2026
694795,"Ekness, Josh",2026,Marlins,R,3.292793615,0.0495495495495495,0.2252252252252252,0.0855855855855855,-7.113695099968641,0.6711711711711712,0.2432432432432432,8.658708419186526,0.1126126126126126,12.098007918531597,0.6306306306306306,0.2567567567567567,-10.208210929504686,222,0.2207207207207207,0.8558558558558559,0.063063063063063,-4.0668056062990825,0.5900900900900901,0.3468468468468468,2.9486244992678707,2026
678020,"Halvorsen, Seth",2026,zMLB,R,4.599482758,0.0814479638009049,0.2714932126696832,0.0814479638009049,-5.614929567193383,0.6515837104072398,0.2669683257918552,8.841283663894364,0.1945701357466063,12.579328447151743,0.6470588235294118,0.1583710407239819,-10.166128387491955,221,0.1990950226244343,0.9230769230769232,0.1493212669683258,-3.7251374788690814,0.6425339366515838,0.2081447963800905,2.6984571642770017,2026
657756,"Seabold, Connor",2026,zMLB,R,2.484879425,0.0452488687782805,0.2352941176470588,0.0542986425339366,-5.399287368905245,0.7058823529411765,0.2398190045248869,7.844250049661412,0.1855203619909502,10.796730736461436,0.6470588235294118,0.167420814479638,-10.178669774282094,221,0.1990950226244343,0.9049773755656108,0.0542986425339366,-2.3937394915055217,0.669683257918552,0.2760180995475113,2.9314687928427103,2026
696070,"Rojas, Kendry",2026,Twins,L,2.238093862,0.0596330275229357,0.1972477064220183,0.0688073394495412,-6.006011557660126,0.6697247706422018,0.2614678899082568,8.370513040023773,0.1238532110091743,9.949404798921584,0.6192660550458715,0.2568807339449541,-10.971164736353854,218,0.2889908256880734,0.9311926605504588,0.1146788990825688,-3.17347981770547,0.5504587155963303,0.3348623853211009,3.2245949303442174,2026
608337,"Giolito, Lucas",2026,Padres,R,3.08899837,0.0688073394495412,0.2247706422018348,0.0321100917431192,-5.645739872050378,0.7339449541284404,0.2339449541284403,8.756306691794906,0.3256880733944954,13.754427360981667,0.518348623853211,0.1559633027522936,-11.194688215941262,218,0.2477064220183486,0.8944954128440367,0.073394495412844,-4.431918049030493,0.7201834862385321,0.2064220183486238,3.181432371420334,2026
677961,"Wilcox, Cole",2026,Mariners,R,3.803432251,0.1152073732718894,0.1751152073732718,0.1428571428571428,-7.665233088632655,0.5714285714285714,0.2857142857142857,8.713884255730001,0.1935483870967742,12.199241529173069,0.6682027649769585,0.1382488479262673,-10.748680978410352,217,0.3225806451612903,0.9308755760368664,0.216589861751152,-4.477017374390823,0.5990783410138248,0.184331797235023,2.9616253974018623,2026
663765,"Woodford, Jake",2026,zMLB,R,2.524118949,0.064516129032258,0.3133640552995391,0.1152073732718894,-6.009931463444126,0.6451612903225806,0.2396313364055299,7.985486047972258,0.1566820276497695,11.986492115754306,0.7096774193548387,0.1336405529953917,-10.127255249690512,217,0.2119815668202765,0.9216589861751152,0.1198156682027649,-3.3309305880425355,0.7096774193548387,0.1705069124423963,3.013594908295884,2026
691946,"Klassen, George",2026,Angels,R,2.343274946,0.1023255813953488,0.227906976744186,0.0744186046511627,-5.920609381196357,0.6604651162790698,0.2651162790697674,7.12422383781256,0.2744186046511628,10.219149562687576,0.6372093023255814,0.0883720930232558,-10.566950714489224,215,0.3255813953488372,0.9302325581395348,0.2186046511627907,-3.4209601387947703,0.586046511627907,0.1953488372093023,3.0586690537528662,2026
690279,"Adams, Mason",2026,Rockies,R,3.578945807,0.0511627906976744,0.2604651162790697,0.1116279069767441,-6.420834639307511,0.7395348837209302,0.1488372093023255,8.733102370868135,0.1348837209302325,13.287282720421818,0.7767441860465116,0.0883720930232558,-10.432021743180211,215,0.227906976744186,0.9209302325581395,0.2232558139534883,-4.024993743365071,0.6139534883720931,0.1627906976744186,2.971993792115918,2026
621016,"Cuas, Jose",2026,Royals,R,2.966008146,0.0985915492957746,0.1455399061032863,0.136150234741784,-6.781998595759986,0.5633802816901409,0.3004694835680751,9.25002949098493,0.1690140845070422,13.65045082666856,0.5915492957746479,0.2394366197183098,-10.835429938548048,213,0.2816901408450704,0.8591549295774648,0.1032863849765258,-3.2677148811131853,0.6291079812206573,0.2676056338028169,3.295243549762936,2026
669211,"Akin, Keegan",2026,Orioles,L,2.376634932,0.0422535211267605,0.2394366197183098,0.0845070422535211,-5.442689595177981,0.6431924882629108,0.272300469483568,7.153110512871399,0.1596244131455399,10.803610560270563,0.6948356807511737,0.1455399061032863,-10.575653781971123,213,0.1924882629107981,0.92018779342723,0.0375586854460093,-3.04534578207883,0.704225352112676,0.2582159624413145,2.8917616290664703,2026
669622,"Bender, Anthony",2026,Marlins,R,4.799391823,0.0714285714285714,0.2904761904761905,0.0619047619047619,-5.677384839194993,0.6523809523809524,0.2857142857142857,10.245774613166304,0.2333333333333333,12.251282732442377,0.6047619047619047,0.1619047619047619,-10.861777128784947,210,0.238095238095238,0.8523809523809524,0.1523809523809524,-3.376927073959348,0.6857142857142857,0.1619047619047619,3.122477892438119,2026
676428,"Hurter, Brant",2026,Tigers,L,3.109786794,0.0574162679425837,0.2392344497607655,0.1483253588516746,-6.960939887784434,0.6028708133971292,0.2488038277511961,9.4961494270875,0.2105263157894736,12.961877620913436,0.6363636363636364,0.1531100478468899,-10.00163388769372,209,0.200956937799043,0.8755980861244019,0.1531100478468899,-3.2605239893214364,0.7272727272727273,0.1196172248803827,3.1626637302330955,2026
605130,"Barlow, Scott",2026,Athletics,R,5.146553588,0.1442307692307692,0.1826923076923076,0.0673076923076923,-6.957274375520361,0.5192307692307693,0.4134615384615384,11.244654733041031,0.5625,14.765202721793678,0.4038461538461538,0.0336538461538461,-9.68365578475968,208,0.3557692307692308,0.875,0.1923076923076923,-3.8581912916734233,0.7355769230769231,0.0721153846153846,2.665521051523988,2026
664129,"Hartlieb, Geoff",2026,Athletics,R,3.804323418,0.1170731707317073,0.2536585365853658,0.1073170731707317,-6.037215127833553,0.6634146341463415,0.2292682926829268,9.378341255460333,0.248780487804878,12.605230058199188,0.6292682926829268,0.1219512195121951,-10.408368314699338,205,0.2829268292682926,0.8975609756097561,0.1756097560975609,-3.9232354466414208,0.6341463414634146,0.1902439024390244,3.00226743764611,2026
623465,"Phillips, Evan",2026,Dodgers,R,3.257337853,0.0445544554455445,0.2227722772277227,0.1237623762376237,-5.717259548036036,0.6732673267326733,0.2029702970297029,9.254338734774304,0.0643564356435643,13.96395137022034,0.7475247524752475,0.1881188118811881,-10.09762799954026,202,0.2722772277227723,0.9257425742574258,0.1188118811881188,-4.416087145477355,0.5445544554455446,0.3366336633663366,3.055745646464193,2026
690978,"Fulton, Dax",2026,Marlins,L,2.68375413,0.0854271356783919,0.2412060301507537,0.1105527638190954,-6.304689921362178,0.592964824120603,0.2964824120603015,8.066690872451195,0.185929648241206,11.72417443427194,0.6633165829145728,0.1507537688442211,-10.15147561116082,199,0.2663316582914573,0.8693467336683417,0.1557788944723618,-3.51830035896781,0.6080402010050251,0.236180904522613,2.9131551769389428,2026
689546,"Davila, Nick",2026,Mariners,R,2.417321753,0.0402010050251256,0.3266331658291457,0.100502512562814,-5.906587293852622,0.7035175879396985,0.1959798994974874,7.200154335610145,0.1407035175879397,9.877480682480488,0.7638190954773869,0.0954773869346733,-11.426493966436569,199,0.1608040201005025,0.9045226130653268,0.1507537688442211,-3.452449061366777,0.6934673366834171,0.1557788944723618,2.8808205777229485,2026
696146,"Smith, Hagen",2026,White Sox,L,3.445962034,0.1212121212121212,0.1313131313131313,0.1515151515151515,-7.390987714227482,0.6212121212121212,0.2272727272727272,9.907955218913532,0.2222222222222222,12.641267228590385,0.601010101010101,0.1767676767676767,-10.988072351554964,198,0.3636363636363636,0.8535353535353535,0.2222222222222222,-4.58462634795661,0.494949494949495,0.2828282828282828,3.22047069774639,2026
689225,"Brieske, Beau",2026,Tigers,R,3.210814615,0.065989847715736,0.2436548223350254,0.0812182741116751,-5.338510923222513,0.6700507614213198,0.248730964467005,7.305711383089698,0.1573604060913705,10.110903844219354,0.7258883248730964,0.116751269035533,-10.12789752676317,197,0.2284263959390862,0.9238578680203046,0.1015228426395939,-4.443416075178136,0.6142131979695431,0.2842639593908629,3.075153060196117,2026
661563,"Gil, Luis",2026,Yankees,R,2.098171426,0.0358974358974358,0.3230769230769231,0.0512820512820512,-5.371552209768048,0.7846153846153846,0.1641025641025641,7.603652149173021,0.1179487179487179,10.549822728717505,0.7794871794871795,0.1025641025641025,-9.882823004406616,195,0.2,0.9435897435897436,0.0512820512820512,-3.1129256163208385,0.6410256410256411,0.3076923076923077,2.979815045756072,2026
680604,"Castaño, Blas",2026,Rockies,R,2.68507221,0.0358974358974358,0.282051282051282,0.0769230769230769,-6.493722023962038,0.7025641025641025,0.2205128205128205,8.669014159114978,0.1743589743589743,12.633431275846164,0.6923076923076923,0.1333333333333333,-10.294227711760763,195,0.2,0.9076923076923076,0.1179487179487179,-2.986270599068888,0.7487179487179487,0.1333333333333333,2.906099351442001,2026
671162,"Thomas, Connor",2026,zMLB,L,2.587531184,0.0670103092783505,0.2628865979381443,0.1030927835051546,-5.749793270445531,0.7010309278350515,0.1958762886597938,7.678103101843578,0.1030927835051546,11.617083875097304,0.6443298969072165,0.2525773195876288,-10.211894860898274,194,0.211340206185567,0.9123711340206184,0.1494845360824742,-3.3905876753818984,0.654639175257732,0.1958762886597938,2.906129475807578,2026
695684,"Rodríguez, Elmer",2026,Yankees,R,3.782959417,0.1308900523560209,0.2513089005235602,0.094240837696335,-5.305131736910296,0.5706806282722513,0.3350785340314136,9.178911061163651,0.2356020942408377,15.315519124154328,0.5602094240837696,0.2041884816753926,-9.128002997621913,191,0.2931937172774869,0.9267015706806284,0.1780104712041884,-3.337484371050484,0.6544502617801047,0.1675392670157068,3.1255369484608138,2026
671345,"Foley, Jason",2026,Giants,R,2.339092303,0.0423280423280423,0.2857142857142857,0.1058201058201058,-4.959743243735267,0.656084656084656,0.238095238095238,6.5927951460263285,0.1111111111111111,11.850659143276166,0.6825396825396826,0.2063492063492063,-9.336501346198132,189,0.1587301587301587,0.925925925925926,0.1322751322751322,-2.968264842849773,0.7195767195767195,0.1481481481481481,2.9854440020732413,2026
703615,"Cabrera, Jose",2026,Diamondbacks,R,3.618280961,0.0634920634920634,0.2592592592592592,0.0952380952380952,-6.388242659645368,0.6507936507936508,0.2539682539682539,8.066357474390438,0.2116402116402116,11.331948066721404,0.7142857142857143,0.074074074074074,-10.187605513510452,189,0.2063492063492063,0.8941798941798942,0.1216931216931216,-3.7791399247252335,0.671957671957672,0.2063492063492063,3.0258284478509343,2026
680916,"Aleman, Franco",2026,Guardians,R,2.626867223,0.0899470899470899,0.2116402116402116,0.0899470899470899,-7.332625286730388,0.7142857142857143,0.1957671957671957,9.132747912444636,0.1375661375661375,12.699867398725486,0.6878306878306878,0.1746031746031746,-9.809431950462193,189,0.2698412698412698,0.8941798941798942,0.1111111111111111,-3.5767438424309432,0.5343915343915344,0.3544973544973545,3.016252066392988,2026
656756,"Montgomery, Jordan",2026,Rangers,L,3.220027831,0.0744680851063829,0.2393617021276596,0.1063829787234042,-5.640709501912618,0.574468085106383,0.3191489361702128,7.974952694938197,0.2446808510638297,13.650926362062496,0.6648936170212766,0.0904255319148936,-11.435739564053272,188,0.2074468085106383,0.9148936170212766,0.1329787234042553,-3.325231833697451,0.7074468085106383,0.1595744680851064,2.6944908473985567,2026
592779,"Stewart, Brock",2026,Dodgers,R,2.449561311,0.0806451612903225,0.1827956989247312,0.1666666666666666,-6.911060997071402,0.5591397849462365,0.2741935483870967,9.070672947543398,0.1505376344086021,12.313636166092438,0.6451612903225806,0.2043010752688172,-10.76800413181928,186,0.2849462365591398,0.8870967741935484,0.064516129032258,-2.9270950275146705,0.6290322580645161,0.3064516129032258,3.27462680433347,2026
681799,"Roberts, Ethan",2026,Cubs,R,2.664938843,0.0648648648648648,0.2810810810810811,0.081081081081081,-5.575411438178064,0.6972972972972973,0.2216216216216216,8.741968026239821,0.1135135135135135,12.051044248828802,0.7513513513513513,0.1351351351351351,-10.798913205405391,185,0.2324324324324324,0.9297297297297298,0.0918918918918919,-4.131466201586234,0.6702702702702703,0.2378378378378378,3.2617184007983533,2026
592836,"Walker, Taijuan",2026,Phillies,R,3.430942255,0.0489130434782608,0.2228260869565217,0.0760869565217391,-6.005644917777227,0.5869565217391305,0.3369565217391304,7.231309498565533,0.2826086956521739,12.423263995253809,0.6086956521739131,0.108695652173913,-10.262977721202365,184,0.1739130434782608,0.9402173913043478,0.1467391304347826,-2.957418103475875,0.7554347826086957,0.0978260869565217,2.9569404709101503,2026
621366,"Borucki, Ryan",2026,Giants,L,4.145366367,0.0869565217391304,0.2608695652173913,0.0815217391304347,-5.473781835263028,0.625,0.2934782608695652,10.375702152046882,0.3641304347826087,13.028820968716952,0.532608695652174,0.1032608695652173,-8.893356562477386,184,0.2880434782608695,0.9130434782608696,0.1956521739130435,-3.491780598757944,0.6956521739130435,0.108695652173913,2.925634393103316,2026
681676,"Fernandez, Ryan",2026,Cardinals,R,4.165560302,0.1413043478260869,0.1847826086956521,0.0380434782608695,-6.500660167649982,0.592391304347826,0.3695652173913043,8.730286808033595,0.2826086956521739,12.336238680220095,0.5978260869565217,0.1195652173913043,-10.717579110168558,184,0.3369565217391304,0.875,0.217391304347826,-4.34032567860504,0.5706521739130435,0.2119565217391304,2.982397265344648,2026
683363,"Wilkinson, Matt",2026,Giants,L,2.338509483,0.0662983425414364,0.3204419889502762,0.0718232044198895,-5.397985756606355,0.7458563535911602,0.1823204419889502,8.039633490293827,0.1933701657458563,11.78132250867033,0.6850828729281768,0.1215469613259668,-10.724249826612809,181,0.1878453038674033,0.9060773480662984,0.0662983425414364,-3.425772811745176,0.6961325966850829,0.2375690607734806,3.02149134557414,2026
693308,"Frasso, Nick",2026,Rockies,R,4.317189488,0.1049723756906077,0.2707182320441988,0.0497237569060773,-5.212745428355363,0.6519337016574586,0.2983425414364641,9.127683753890215,0.2265193370165746,13.306789996194718,0.6243093922651933,0.149171270718232,-9.905359605007073,181,0.2486187845303867,0.9005524861878453,0.143646408839779,-3.8514602897781214,0.6243093922651933,0.2320441988950276,2.824874643175012,2026
702885,"Perdomo, Cesar",2026,Giants,L,2.645550426,0.0718232044198895,0.2983425414364641,0.0497237569060773,-5.23942472448269,0.7403314917127072,0.2099447513812154,8.072339382732586,0.1878453038674033,10.740496653310066,0.6961325966850829,0.1160220994475138,-11.605016955541233,181,0.2044198895027624,0.9171270718232044,0.1049723756906077,-4.020659866505608,0.6850828729281768,0.2099447513812154,3.025117797578853,2026
656222,"Beeks, Jalen",2026,Rangers,L,2.712312254,0.0607734806629834,0.287292817679558,0.0662983425414364,-5.428395234820868,0.6850828729281768,0.2486187845303867,8.527751951442541,0.2099447513812154,11.505486188774572,0.6353591160220995,0.154696132596685,-10.960988761057305,181,0.2430939226519337,0.9005524861878453,0.1270718232044199,-3.3521158023698763,0.6353591160220995,0.2375690607734806,3.030074379390107,2026
573009,"Mantiply, Joe",2026,Blue Jays,L,4.437885999,0.0614525139664804,0.2122905027932961,0.0726256983240223,-7.012145582292426,0.5698324022346368,0.3575418994413408,8.91996004475517,0.2960893854748603,12.15109780351174,0.6089385474860335,0.0949720670391061,-11.555336665520548,179,0.1675977653631284,0.888268156424581,0.1843575418994413,-2.804141851111731,0.7374301675977654,0.0782122905027933,2.6324796788313964,2026
686560,"Collyer, Gavin",2026,Rangers,R,1.629921173,0.0614525139664804,0.2122905027932961,0.1396648044692737,-6.552004130132321,0.7206703910614525,0.1396648044692737,7.952626709237023,0.1284916201117318,10.637128247762249,0.5977653631284916,0.2737430167597765,-10.30174624153086,179,0.2569832402234637,0.8994413407821229,0.1005586592178771,-3.9289648041525056,0.5865921787709497,0.3128491620111732,3.047088341620423,2026
642546,"Hernández, Jonathan",2026,Dodgers,R,3.491163805,0.0617977528089887,0.247191011235955,0.1067415730337078,-5.8636152731287945,0.6404494382022472,0.2528089887640449,8.044582714912465,0.2528089887640449,10.78828294914172,0.651685393258427,0.095505617977528,-10.130013690192913,178,0.196629213483146,0.904494382022472,0.1797752808988764,-3.533830387742133,0.7247191011235955,0.095505617977528,2.808974161045476,2026
690953,"Abel, Mick",2026,Twins,R,2.439436587,0.0685714285714285,0.1885714285714285,0.0514285714285714,-6.472651593611771,0.6857142857142857,0.2628571428571428,7.733813840415675,0.1828571428571428,11.75734065044816,0.6342857142857142,0.1828571428571428,-10.387514285200488,175,0.2914285714285714,0.92,0.08,-3.6701575642878455,0.6,0.32,3.183677036204662,2026
671111,"Peralta, Sammy",2026,zMLB,L,2.268483378,0.0402298850574712,0.2356321839080459,0.0977011494252873,-6.7757709299901006,0.6666666666666666,0.2356321839080459,7.419946304278756,0.2011494252873563,11.578080772415223,0.6264367816091954,0.1724137931034483,-10.744880157508984,174,0.1954022988505747,0.913793103448276,0.0919540229885057,-2.9412537946568675,0.6954022988505747,0.2126436781609195,2.809724025652764,2026
621242,"Díaz, Edwin",2026,Dodgers,R,3.373522941,0.0809248554913294,0.2080924855491329,0.0635838150289017,-8.382303413371098,0.7398843930635838,0.1965317919075144,8.378751157052658,0.1387283236994219,11.485268741456531,0.6820809248554913,0.1791907514450867,-10.350718168204066,173,0.2543352601156069,0.9190751445086706,0.1040462427745664,-5.66932174959518,0.5895953757225434,0.3063583815028902,3.000890670759067,2026
623437,"Topa, Justin",2026,zMLB,R,2.16567358,0.0404624277456647,0.2312138728323699,0.1213872832369942,-6.332086072920025,0.6242774566473989,0.2543352601156069,7.464213507011572,0.0867052023121387,11.624506937815376,0.7109826589595376,0.2023121387283237,-10.582064752748495,173,0.1734104046242774,0.9017341040462428,0.0867052023121387,-2.97155863007657,0.7052023121387283,0.2080924855491329,3.124252777572626,2026
677053,"Nardi, Andrew",2026,Marlins,L,3.036331768,0.127906976744186,0.2034883720930232,0.0581395348837209,-5.46793920733131,0.6802325581395349,0.2616279069767442,9.510498243693569,0.1860465116279069,12.535203154062824,0.5697674418604651,0.2441860465116279,-10.9510858424755,172,0.3081395348837209,0.9127906976744186,0.127906976744186,-3.895968374518361,0.5755813953488372,0.2965116279069767,3.321901436731806,2026
694360,"Way, Beck",2026,Royals,R,3.128670362,0.0584795321637426,0.2514619883040935,0.0701754385964912,-7.172073485209462,0.5964912280701754,0.3333333333333333,7.926938094747038,0.1695906432748538,9.40533965046286,0.6549707602339181,0.175438596491228,-10.370031023415622,171,0.2573099415204678,0.935672514619883,0.1812865497076023,-3.629804958838331,0.6608187134502924,0.1578947368421052,2.8230924164694144,2026
805074,"Marte, Yunior",2026,Giants,R,4.026490588,0.0647058823529411,0.2764705882352941,0.0411764705882352,-5.073417884937054,0.7352941176470589,0.2235294117647059,9.186189526227476,0.3176470588235294,12.232867584693338,0.6352941176470588,0.0470588235294117,-8.910170990361516,170,0.2058823529411764,0.9176470588235294,0.1588235294117647,-4.313666005635858,0.7294117647058823,0.1117647058823529,2.912617819503865,2026
684665,"Murphy, Luke",2026,Angels,R,1.432565119,0.0355029585798816,0.2307692307692307,0.1005917159763313,-5.863598396831115,0.6863905325443787,0.2130177514792899,7.265136535739979,0.0828402366863905,11.994344601125595,0.6863905325443787,0.2307692307692307,-10.314841445429831,169,0.2189349112426035,0.9112426035502958,0.029585798816568,-2.62912593716582,0.621301775147929,0.3491124260355029,3.0090544438740143,2026
688883,"Pallette, Peyton",2026,Guardians,R,3.522867583,0.0769230769230769,0.1775147928994082,0.0710059171597633,-6.228512596946471,0.7218934911242604,0.2071005917159763,8.900257076236487,0.1597633136094674,13.03057503573737,0.650887573964497,0.1893491124260355,-10.531354868525328,169,0.2958579881656805,0.8698224852071006,0.1420118343195266,-4.667743897861077,0.4911242603550296,0.3668639053254438,2.993490175985252,2026
642376,"Yan, Jefry",2026,Mets,L,4.205924557,0.103030303030303,0.2363636363636363,0.103030303030303,-6.919721302833584,0.6242424242424243,0.2727272727272727,10.586235128104104,0.1515151515151515,14.43984882520671,0.7515151515151515,0.0969696969696969,-9.243879381712896,165,0.3575757575757576,0.9030303030303032,0.2181818181818181,-4.158416282352941,0.593939393939394,0.1878787878787878,3.0546630827324712,2026
543056,"Coulombe, Danny",2026,Red Sox,L,2.202267701,0.0424242424242424,0.2303030303030303,0.1212121212121212,-6.058892150138588,0.6545454545454545,0.2242424242424242,7.120898671518197,0.2181818181818181,10.655512963259284,0.6303030303030303,0.1515151515151515,-12.552292639074748,165,0.1757575757575757,0.8787878787878788,0.1151515151515151,-3.5642565686870573,0.696969696969697,0.1878787878787878,2.878773813323089,2026
660787,"De los Santos, Yerry",2026,Yankees,R,2.282677007,0.0548780487804878,0.3231707317073171,0.0975609756097561,-5.964300614191054,0.7134146341463414,0.1890243902439024,7.478010014662973,0.1158536585365853,11.190734873824145,0.7012195121951219,0.1829268292682926,-9.656888546998797,164,0.1646341463414634,0.8963414634146342,0.0853658536585365,-3.441227478211621,0.725609756097561,0.1890243902439024,2.830470216262538,2026
694753,"Curtis, Khristian",2026,Pirates,R,2.508834249,0.0496894409937888,0.2236024844720497,0.0807453416149068,-7.030939185752308,0.639751552795031,0.2795031055900621,7.348612843481735,0.2111801242236025,11.239603505889855,0.6521739130434783,0.1366459627329192,-9.673457184928024,161,0.2360248447204969,0.8819875776397516,0.124223602484472,-4.0964966797531766,0.6459627329192547,0.2298136645962732,2.9117523567778614,2026
684442,"Drake, Kohl",2026,Diamondbacks,L,2.717295289,0.0434782608695652,0.2608695652173913,0.0683229813664596,-5.854513129355194,0.6708074534161491,0.2608695652173913,8.456575964453489,0.3043478260869565,12.73320440064629,0.6273291925465838,0.0683229813664596,-11.176679750903723,161,0.2298136645962732,0.9130434782608696,0.0745341614906832,-3.727718530012994,0.7267080745341615,0.1987577639751552,3.060358210950829,2026
668820,"Kranick, Max",2026,Nationals,R,3.279568071,0.04375,0.275,0.08125,-5.81840969663157,0.6375,0.28125,8.153600100288743,0.2625,12.479962397592995,0.625,0.1125,-9.557364860883306,160,0.2375,0.925,0.09375,-4.009791652566617,0.66875,0.2375,2.7740608950598364,2026
673929,"Leasure, Jordan",2026,White Sox,R,2.468168313,0.06875,0.25,0.04375,-4.782557786327437,0.74375,0.2125,8.85240325647069,0.1875,12.557262683230512,0.6875,0.125,-11.23954339066508,160,0.26875,0.85,0.10625,-3.4329788808509143,0.58125,0.3125,2.9897127182815284,2026
675989,"Bolton, Cody",2026,Astros,R,1.515371444,0.050314465408805,0.1886792452830188,0.0691823899371069,-5.37898912781253,0.660377358490566,0.270440251572327,7.163082894655004,0.0880503144654088,11.976448482608738,0.6981132075471698,0.2138364779874214,-11.401237584923292,159,0.1949685534591195,0.9119496855345912,0.0754716981132075,-2.7685917309033785,0.6352201257861635,0.2893081761006289,2.900251018156786,2026
807743,"Sullivan, Sean",2026,Rockies,L,1.524473514,0.0379746835443038,0.2531645569620253,0.0822784810126582,-5.694269089615295,0.6645569620253164,0.2531645569620253,7.085899530109886,0.2658227848101265,13.157699926471691,0.6139240506329114,0.120253164556962,-11.89822694972772,158,0.1518987341772152,0.930379746835443,0.0316455696202531,-2.466947928072587,0.7151898734177216,0.2531645569620253,2.8472607411231072,2026
675540,"Curry, Xzavion",2026,Mets,R,1.599044263,0.0445859872611464,0.3248407643312102,0.0445859872611464,-5.231548969851876,0.7388535031847133,0.2165605095541401,6.429088214138341,0.2229299363057325,11.045421586091434,0.7006369426751592,0.0764331210191082,-9.734482039568226,157,0.1719745222929936,0.9872611464968152,0.0509554140127388,-2.5344205060228355,0.7070063694267515,0.2420382165605095,2.798012366480669,2026
808825,"Sears, Andrew",2026,Tigers,L,3.7025172,0.10828025477707,0.2165605095541401,0.0700636942675159,-5.740526975615959,0.643312101910828,0.286624203821656,9.955623039879963,0.2547770700636942,13.608418333637452,0.643312101910828,0.1019108280254777,-9.796326630883478,157,0.2802547770700637,0.9044585987261148,0.1401273885350318,-3.478039395879017,0.5796178343949044,0.2802547770700637,3.0467075332216336,2026
684049,"Bidois, Brandan",2026,Pirates,R,3.24772912,0.1153846153846153,0.2179487179487179,0.0448717948717948,-6.303971167036009,0.6794871794871795,0.2756410256410256,8.605127834286842,0.1794871794871795,12.112550959815252,0.6730769230769231,0.1474358974358974,-10.79869310234319,156,0.3846153846153846,0.8333333333333334,0.1538461538461538,-4.820779908596575,0.4935897435897436,0.3525641025641026,3.2927885752487924,2026
669212,"Morgan, Eli",2026,Royals,R,3.500536389,0.0516129032258064,0.2967741935483871,0.0774193548387096,-7.070823801702676,0.6258064516129033,0.2967741935483871,8.247162588918238,0.2774193548387096,12.872517076540484,0.6451612903225806,0.0774193548387096,-10.399902922683376,155,0.2451612903225806,0.8516129032258064,0.1096774193548387,-4.744038348167464,0.6967741935483871,0.1935483870967742,2.7122260607369384,2026
642048,"Saucedo, Tayler",2026,Angels,L,4.011929607,0.0909090909090909,0.1623376623376623,0.0649350649350649,-9.495551088437532,0.525974025974026,0.4090909090909091,9.722800223147626,0.3441558441558441,12.729628597754203,0.5844155844155844,0.0714285714285714,-11.31311154913428,154,0.3701298701298701,0.8311688311688312,0.1948051948051948,-4.006912235291892,0.564935064935065,0.2402597402597402,2.9006148553385933,2026
695034,"Morris, Kade",2026,Athletics,R,3.049702661,0.0519480519480519,0.3051948051948052,0.0974025974025974,-9.258539688644383,0.6688311688311688,0.2337662337662337,7.801935955610589,0.1428571428571428,12.12605010519366,0.7337662337662337,0.1233766233766233,-9.898233923896116,154,0.1753246753246753,0.922077922077922,0.1168831168831168,-3.5436564553593297,0.7402597402597403,0.1428571428571428,2.7268757592276485,2026
671212,"Boyle, Joe",2026,Rays,R,2.681366622,0.0849673202614379,0.1895424836601307,0.1503267973856209,-5.886158003958487,0.6078431372549019,0.2418300653594771,7.960704120466764,0.1372549019607843,10.39948739864499,0.6928104575163399,0.1699346405228758,-10.87875856373872,153,0.2483660130718954,0.869281045751634,0.1503267973856209,-4.165052966173169,0.6143790849673203,0.2352941176470588,2.948021889172094,2026
641312,"Anderson, Shaun",2026,Angels,R,2.315729972,0.0596026490066225,0.23841059602649,0.086092715231788,-4.878397502457779,0.5960264900662252,0.3178807947019867,8.365486242184986,0.2052980132450331,11.1695498116085,0.6754966887417219,0.119205298013245,-9.26060535174763,151,0.2781456953642384,0.933774834437086,0.0993377483443708,-3.2554496892446365,0.6821192052980133,0.2185430463576159,3.080662543530808,2026
663941,"Beck, Tristan",2026,Giants,R,1.788588795,0.0331125827814569,0.304635761589404,0.0794701986754966,-5.79559730698543,0.6622516556291391,0.2582781456953642,7.330377160516794,0.1324503311258278,11.46659387225544,0.7284768211920529,0.1390728476821192,-9.778027276004774,151,0.1854304635761589,0.8940397350993378,0.0463576158940397,-3.1507377371855347,0.6556291390728477,0.2980132450331126,2.6659054858911486,2026
683742,"Franco, Jose",2026,Reds,R,3.96766332,0.06,0.2533333333333333,0.0666666666666666,-7.491029334042333,0.68,0.2533333333333333,7.845734045082117,0.2133333333333333,12.06493293397092,0.6866666666666666,0.1,-8.80079532248679,150,0.2,0.9333333333333332,0.0866666666666666,-5.617770400791012,0.6666666666666666,0.2466666666666666,2.6038915083486858,2026
671106,"Allen, Logan",2026,Guardians,L,1.702433561,0.046979865771812,0.2483221476510067,0.1073825503355704,-6.456703499386146,0.6845637583892618,0.2080536912751678,8.788482554499083,0.1409395973154362,11.88231808962995,0.6577181208053692,0.2013422818791946,-11.746651163050691,149,0.2013422818791946,0.8456375838926175,0.0805369127516778,-3.82807152320224,0.6912751677852349,0.2281879194630872,3.050422019291402,2026
607481,"Bummer, Aaron",2026,zMLB,L,4.227424841,0.0604026845637583,0.2550335570469799,0.087248322147651,-7.22100142259701,0.6644295302013423,0.2483221476510067,9.922546848408263,0.2147651006711409,13.101560622784294,0.5973154362416108,0.1879194630872483,-10.687635866583436,149,0.2013422818791946,0.8791946308724832,0.087248322147651,-3.885552569187303,0.7315436241610739,0.1812080536912751,2.7109341956769173,2026
806960,"Morales, Luis",2026,Athletics,R,5.752885562,0.046979865771812,0.2751677852348993,0.1208053691275167,-5.807400086896331,0.5973154362416108,0.2818791946308724,10.143622419607151,0.2080536912751678,13.572749669306516,0.697986577181208,0.0939597315436241,-10.3693346661671,149,0.1879194630872483,0.9463087248322148,0.1208053691275167,-4.13730783132747,0.6711409395973155,0.2080536912751678,2.766363454723515,2026
805345,"Harris, Trent",2026,Giants,R,1.957224237,0.0472972972972973,0.1891891891891892,0.1486486486486486,-5.496936765836357,0.6216216216216216,0.2297297297297297,7.475737197530216,0.2027027027027027,11.84718272662632,0.5743243243243243,0.2229729729729729,-10.448833289103936,148,0.2364864864864864,0.8716216216216216,0.1283783783783783,-3.717785103356497,0.6891891891891891,0.1824324324324324,2.996328964464071,2026
683232,"Mears, Nick",2026,Royals,R,3.75133805,0.1088435374149659,0.2653061224489796,0.1088435374149659,-5.589286144236121,0.7074829931972789,0.1836734693877551,8.691729407108575,0.1836734693877551,12.708815451395306,0.7210884353741497,0.0952380952380952,-10.137222335358729,147,0.1904761904761904,0.8775510204081632,0.1836734693877551,-3.479574011748708,0.6394557823129252,0.1768707482993197,2.877104085591295,2026
679775,"Backhus, Kyle",2026,Phillies,L,4.618819422,0.0952380952380952,0.2040816326530612,0.0884353741496598,-5.206919030146194,0.5918367346938775,0.3197278911564626,10.458440742989824,0.238095238095238,14.0461806098483,0.4897959183673469,0.272108843537415,-11.094882936573564,147,0.1972789115646258,0.8435374149659864,0.1020408163265306,-3.0461566590347315,0.7619047619047619,0.1360544217687075,3.227332740002205,2026
665665,"Sanmartin, Reiver",2026,Giants,L,3.101057327,0.0748299319727891,0.2789115646258503,0.0748299319727891,-6.797147010290846,0.5850340136054422,0.3401360544217687,8.237111785766707,0.2312925170068027,12.14473491830542,0.6530612244897959,0.1156462585034013,-12.21305929614008,147,0.2244897959183673,0.91156462585034,0.1836734693877551,-3.159380381254547,0.7006802721088435,0.1156462585034013,2.716469608084685,2026
670103,"Burgos, Raymond",2026,Red Sox,L,2.62434203,0.0544217687074829,0.2789115646258503,0.0952380952380952,-6.085068317233545,0.7074829931972789,0.1972789115646258,8.620491544672884,0.238095238095238,12.553248528185138,0.6870748299319728,0.0748299319727891,-12.973862755365175,147,0.1972789115646258,0.9455782312925172,0.1292517006802721,-3.2617362498908573,0.7142857142857143,0.1564625850340136,3.119808278749279,2026
687223,"Palmquist, Carson",2026,Nationals,L,4.080496472,0.0689655172413793,0.1655172413793103,0.0758620689655172,-6.04500136712361,0.5517241379310345,0.3724137931034483,10.220989660145955,0.4275862068965517,15.606477158838503,0.4137931034482758,0.1586206896551724,-12.301279855012814,145,0.2275862068965517,0.8551724137931035,0.0827586206896551,-2.8345755061296827,0.7310344827586207,0.1862068965517241,3.0934215738334303,2026
699008,"Kelly, Antwone",2026,Pirates,R,3.136982147,0.0482758620689655,0.2689655172413793,0.1448275862068965,-5.72576411271433,0.7034482758620689,0.1517241379310344,8.131096400917237,0.0620689655172413,12.915332084632244,0.7517241379310344,0.1862068965517241,-9.351376380284885,145,0.1655172413793103,0.9310344827586208,0.0620689655172413,-4.51785550168386,0.6551724137931034,0.2827586206896552,2.7092970769044205,2026
691769,"Abner, Philip",2026,zMLB,L,2.412011514,0.0275862068965517,0.3103448275862069,0.1172413793103448,-5.658588657442058,0.6689655172413793,0.2137931034482758,7.753630907272097,0.2137931034482758,12.356333777600426,0.6689655172413793,0.1172413793103448,-12.12068538968204,145,0.1862068965517241,0.9103448275862068,0.0482758620689655,-4.365168275371209,0.7103448275862069,0.2413793103448276,2.9044383004645886,2026
687239,"Peoples, Ben",2026,Rangers,R,3.13864994,0.0559440559440559,0.2027972027972027,0.1048951048951049,-5.96728510123808,0.6783216783216783,0.2167832167832167,8.113177466329002,0.1818181818181818,11.361973935076067,0.6573426573426573,0.1608391608391608,-10.928660542178584,143,0.2447552447552447,0.8811188811188811,0.1328671328671328,-3.72789669988105,0.5524475524475524,0.3146853146853147,3.149389339924874,2026
681151,"Murray, Jayden",2026,zMLB,R,2.203864533,0.0349650349650349,0.2377622377622377,0.0839160839160839,-5.793924599186166,0.7342657342657343,0.1818181818181818,7.008776412743928,0.1538461538461538,12.381184841626428,0.6783216783216783,0.1678321678321678,-9.716713654179078,143,0.2867132867132867,0.9370629370629372,0.0769230769230769,-3.695109038679546,0.5524475524475524,0.3706293706293706,3.2401548082726817,2026
669724,"Hanifee, Brenan",2026,Tigers,R,1.402560074,0.0139860139860139,0.3356643356643357,0.1748251748251748,-6.514965265958788,0.6853146853146853,0.1398601398601398,7.7974244127295265,0.0909090909090909,9.968769263539714,0.7482517482517482,0.1608391608391608,-11.523874602227773,143,0.1468531468531468,0.9230769230769232,0.1118881118881118,-2.6652059313272214,0.7552447552447552,0.1328671328671328,2.877286184143037,2026
686753,"Jameson, Drey",2026,Diamondbacks,R,4.23988848,0.0704225352112676,0.2323943661971831,0.0774647887323943,-5.776758133626662,0.5633802816901409,0.3591549295774648,9.074182525172192,0.2816901408450704,11.873952704968788,0.6126760563380281,0.1056338028169014,-10.151158506828702,142,0.2746478873239437,0.9507042253521126,0.1619718309859155,-3.4261696995588564,0.704225352112676,0.1338028169014084,2.7588083502259897,2026
681320,"Lavender, Nate",2026,Mets,L,1.711277581,0.0211267605633802,0.2253521126760563,0.056338028169014,-7.163785543444238,0.7253521126760564,0.2183098591549295,7.371572436988153,0.1549295774647887,12.353497047829071,0.7464788732394366,0.0985915492957746,-12.936749920028436,142,0.2676056338028169,0.9295774647887324,0.0140845070422535,-2.5318888284531926,0.5985915492957746,0.3873239436619718,3.2001788350853824,2026
672841,"Vargas, Carlos",2026,Mariners,R,2.517313576,0.0211267605633802,0.1971830985915492,0.1267605633802817,-6.167211114996748,0.5985915492957746,0.2746478873239437,7.584707786666569,0.1549295774647887,10.261851338290862,0.6549295774647887,0.1901408450704225,-10.35339532791585,142,0.1619718309859155,0.908450704225352,0.1056338028169014,-2.75522355593624,0.7112676056338029,0.1830985915492957,2.6842817578159144,2026
686934,"McFarlane, Alex",2026,Phillies,R,3.483560294,0.0915492957746478,0.2394366197183098,0.1197183098591549,-5.910392177830694,0.6549295774647887,0.2253521126760563,8.573275397645682,0.1126760563380281,12.487881577827068,0.6619718309859155,0.2253521126760563,-9.87567699959562,142,0.2816901408450704,0.8661971830985915,0.1197183098591549,-4.6666949461434095,0.6126760563380281,0.2676056338028169,2.9858171431208893,2026
680899,"Tolman, Erik",2026,Nationals,L,2.97342835,0.0774647887323943,0.1197183098591549,0.0704225352112676,-5.1525237398975525,0.5563380281690141,0.3732394366197183,8.698259926081283,0.2112676056338028,12.89291082107826,0.5985915492957746,0.1901408450704225,-10.822714470884089,142,0.3028169014084507,0.852112676056338,0.1056338028169014,-3.520470351732077,0.5774647887323944,0.3169014084507042,3.1537746468936843,2026
681544,"Olds, Wyatt",2026,Red Sox,R,3.009852999,0.0428571428571428,0.1642857142857142,0.1,-6.715920488655938,0.7571428571428571,0.1428571428571428,9.196125479084964,0.1,13.132626984694744,0.7857142857142857,0.1142857142857142,-10.021756420874286,140,0.3357142857142857,0.9285714285714286,0.15,-4.7448511117035705,0.4928571428571429,0.3571428571428571,2.945665425060933,2026
683409,"Chivilli, Angel",2026,Yankees,R,4.082364209,0.1214285714285714,0.2071428571428571,0.0857142857142857,-5.822639499621541,0.5642857142857143,0.35,9.528337838568914,0.3571428571428571,11.572837485555288,0.5428571428571428,0.1,-11.427542268881355,140,0.3357142857142857,0.8857142857142857,0.2357142857142857,-3.6618349923845455,0.6142857142857143,0.15,2.9263184352188065,2026
687849,"Kent, Zak",2026,zMLB,R,4.472362503,0.0863309352517985,0.2805755395683453,0.0863309352517985,-6.130889898112248,0.697841726618705,0.2158273381294964,8.351009424159585,0.2086330935251798,11.744800328888536,0.6834532374100719,0.1079136690647482,-9.34634330147512,139,0.2014388489208633,0.9136690647482014,0.2086330935251798,-3.882436994735559,0.6258992805755396,0.1654676258992805,3.0407118068628614,2026
621053,"Ferguson, Tyler",2026,zMLB,R,2.563543441,0.0863309352517985,0.2661870503597122,0.0863309352517985,-9.463551797238122,0.6906474820143885,0.2230215827338129,8.26525448928307,0.1223021582733813,12.854787046464269,0.6834532374100719,0.1942446043165467,-9.6743303831041,139,0.2877697841726618,0.8489208633093526,0.1079136690647482,-3.569775814311324,0.60431654676259,0.2877697841726618,2.984927755851744,2026
674370,"Bido, Osvaldo",2026,zMLB,R,3.872377982,0.0719424460431654,0.2446043165467626,0.1151079136690647,-6.058735786622398,0.6618705035971223,0.2230215827338129,10.699239813347628,0.2014388489208633,12.831293066361546,0.6834532374100719,0.1151079136690647,-10.900686301882454,139,0.2446043165467626,0.8489208633093526,0.1223021582733813,-3.2749432324439405,0.6834532374100719,0.1942446043165467,3.001417218784751,2026
685801,"Bigge, Hunter",2026,Rays,R,2.630333823,0.0875912408759124,0.2627737226277372,0.1240875912408759,-5.671079149268795,0.6861313868613139,0.1897810218978102,7.682999608871514,0.1386861313868613,10.172549308830249,0.6861313868613139,0.1751824817518248,-10.886366064818253,137,0.2627737226277372,0.9051094890510948,0.1532846715328467,-4.046523990378896,0.5182481751824818,0.3284671532846715,2.8575592941890164,2026
689441,"Crow, Coleman",2026,Brewers,R,2.12528595,0.0437956204379562,0.2481751824817518,0.1021897810218978,-5.932031136727187,0.6788321167883211,0.218978102189781,8.347854594104637,0.2773722627737226,12.74465796642863,0.6423357664233577,0.0802919708029197,-11.86751540253216,137,0.1824817518248175,0.948905109489051,0.0510948905109489,-2.522803910721161,0.7153284671532847,0.2335766423357664,2.965976989536524,2026
472610,"García, Luis",2026,zMLB,R,4.720878763,0.0962962962962963,0.2740740740740741,0.0666666666666666,-5.88310174682014,0.5333333333333333,0.4,8.453766434298188,0.2148148148148148,14.1257284631724,0.6888888888888889,0.0962962962962963,-10.415314952908007,135,0.2074074074074074,0.9111111111111112,0.1259259259259259,-3.3924836601756843,0.7185185185185186,0.1555555555555555,2.789874287429966,2026
689520,"Laweryson, Cody",2026,Twins,R,1.958346606,0.0746268656716417,0.2835820895522388,0.0895522388059701,-5.871551720833495,0.7985074626865671,0.1119402985074626,10.852840502501156,0.0597014925373134,12.10919655498386,0.746268656716418,0.1940298507462686,-11.365701292618532,134,0.208955223880597,0.8880597014925373,0.0895522388059701,-2.6629356768425336,0.5597014925373134,0.3507462686567164,2.9542546645583623,2026
676620,"Weiman, Blake",2026,Angels,L,2.75610852,0.075187969924812,0.1804511278195488,0.037593984962406,-7.033395560807769,0.6015037593984962,0.3609022556390977,8.076019255242374,0.4135338345864661,12.53261750276199,0.4511278195488721,0.1353383458646616,-9.578581776018996,133,0.2406015037593984,0.8721804511278195,0.112781954887218,-3.097332778783932,0.7142857142857143,0.1729323308270676,2.817190745164817,2026
682982,"Espino, Daniel",2026,Guardians,R,1.630437803,0.053030303030303,0.1590909090909091,0.0757575757575757,-5.721142162081805,0.7045454545454546,0.2196969696969697,7.14191371255026,0.1136363636363636,10.98559457614849,0.7272727272727273,0.1590909090909091,-9.829816572011527,132,0.3636363636363636,0.9318181818181818,0.0833333333333333,-3.948482010507147,0.4318181818181818,0.4848484848484848,3.3405264539756176,2026
682995,"Barco, Hunter",2026,Pirates,L,2.352919121,0.0227272727272727,0.2878787878787879,0.0757575757575757,-5.928214829194709,0.7575757575757576,0.1666666666666666,7.776031709844741,0.1287878787878787,10.96443862859572,0.6666666666666666,0.2045454545454545,-9.285160191976232,132,0.1590909090909091,0.9318181818181818,0.0303030303030303,-4.262670861420169,0.6666666666666666,0.303030303030303,2.82127920576778,2026
676680,"Cosgrove, Tom",2026,Nationals,L,2.153659852,0.0381679389312977,0.2137404580152671,0.0916030534351145,-5.445124266027513,0.6641221374045801,0.2442748091603053,7.852688748897736,0.4351145038167939,15.243290105933315,0.4732824427480916,0.0916030534351145,-10.072684853263056,131,0.1679389312977099,0.8931297709923665,0.0458015267175572,-2.380126339280359,0.7709923664122137,0.183206106870229,2.8671168322451224,2026
696522,"Juenger, Hayden",2026,zMLB,R,1.982040776,0.0381679389312977,0.2900763358778626,0.1068702290076335,-6.232317520586937,0.7099236641221374,0.183206106870229,6.778276693641683,0.0916030534351145,9.243511463730052,0.8015267175572519,0.1068702290076335,-10.437322761793952,131,0.1526717557251908,0.9083969465648856,0.0458015267175572,-2.748995483588963,0.7175572519083969,0.2366412213740458,2.966027897643561,2026
669920,"Alexander, Jason",2026,Astros,R,2.771335154,0.0687022900763358,0.2061068702290076,0.0458015267175572,-5.903730548227559,0.6564885496183206,0.2977099236641221,9.279755455052364,0.3282442748091603,13.051495258965124,0.5419847328244275,0.1297709923664122,-12.024930460599046,131,0.1984732824427481,0.900763358778626,0.1297709923664122,-2.897821573313806,0.6717557251908397,0.1984732824427481,2.7197170948151883,2026
641401,"Brogdon, Connor",2026,Guardians,R,2.441640924,0.0610687022900763,0.2442748091603053,0.0458015267175572,-5.1617190935776405,0.7251908396946565,0.2290076335877862,8.032806894399432,0.1908396946564885,12.499851231453585,0.648854961832061,0.1603053435114503,-9.608971612651692,131,0.2748091603053435,0.8702290076335878,0.0534351145038167,-3.533026875623252,0.5190839694656488,0.4274809160305343,3.0217807114643973,2026
455119,"Martin, Chris",2026,Rangers,R,1.328888281,0.0610687022900763,0.2824427480916031,0.1374045801526717,-6.986900347444412,0.6793893129770993,0.183206106870229,7.5255890329421025,0.0305343511450381,10.181440279033035,0.7099236641221374,0.2595419847328244,-10.963456411179566,131,0.1603053435114503,0.9236641221374046,0.015267175572519,-2.487868651899493,0.5954198473282443,0.3893129770992366,3.0458257839372727,2026
572143,"Smith, Burch",2026,Tigers,R,2.92882309,0.0610687022900763,0.2061068702290076,0.0381679389312977,-5.983269162840878,0.7022900763358778,0.2595419847328244,8.185137146292005,0.1450381679389313,12.635522480928929,0.6641221374045801,0.1908396946564885,-10.095046000807448,131,0.2290076335877862,0.931297709923664,0.1450381679389313,-3.0721208929634805,0.6106870229007634,0.2442748091603053,2.9656555250359697,2026
471911,"Carrasco, Carlos",2026,Braves,R,3.24424214,0.0153846153846153,0.2923076923076923,0.0923076923076923,-6.325678861894846,0.6153846153846154,0.2923076923076923,8.425206362541276,0.2230769230769231,10.948208307775806,0.7230769230769231,0.0538461538461538,-9.68793091464897,130,0.2,0.9307692307692308,0.1307692307692307,-2.8915321218384933,0.7384615384615385,0.1307692307692307,2.747576662644576,2026
669371,"Henry, Cole",2026,Nationals,R,1.704561352,0.0692307692307692,0.2153846153846154,0.1461538461538461,-7.076250284122343,0.6384615384615384,0.2153846153846154,7.32862429940516,0.2153846153846154,11.569772854048338,0.6846153846153846,0.1,-11.283107637851876,130,0.2384615384615384,0.9307692307692308,0.0923076923076923,-2.8278832027880934,0.6615384615384615,0.2461538461538461,2.938600456687173,2026
701719,"Samaniego, Tyler",2026,Red Sox,L,2.430412991,0.0542635658914728,0.3100775193798449,0.1007751937984496,-6.498345748282522,0.7054263565891473,0.1937984496124031,10.033484171141266,0.1085271317829457,14.031536099751005,0.6666666666666666,0.2248062015503876,-11.994357551136416,129,0.2325581395348837,0.875968992248062,0.0697674418604651,-2.930015550276153,0.7286821705426356,0.2015503875968992,3.38472740841377,2026
814305,"Tur, Yunior",2026,Athletics,R,2.416391243,0.078125,0.2734375,0.078125,-5.389727157205633,0.7109375,0.2109375,7.971932608811906,0.1953125,11.970526698519608,0.6796875,0.125,-9.3701229411399,128,0.3046875,0.8984375,0.125,-3.907227591274882,0.609375,0.265625,3.072254149174691,2026
676467,"Gordon, Colton",2026,zMLB,L,2.39465457,0.0390625,0.2421875,0.078125,-7.014669713578506,0.65625,0.265625,7.548692324756621,0.265625,12.200300287250109,0.6171875,0.1171875,-9.781782947767686,128,0.171875,0.9296875,0.0546875,-4.755244463872564,0.71875,0.2265625,2.760800607268132,2026
673380,"Núñez, Dedniel",2026,Mets,R,5.079156596,0.1171875,0.2890625,0.0546875,-7.131623068426686,0.65625,0.2890625,9.257667353824148,0.203125,12.86420079159739,0.71875,0.078125,-10.62476596397552,128,0.375,0.828125,0.2578125,-5.491659170356748,0.546875,0.1953125,3.190654023288955,2026
694680,"Martin, Trevor",2026,zMLB,R,1.844508117,0.0472440944881889,0.2677165354330709,0.0787401574803149,-5.533889813458777,0.7480314960629921,0.1732283464566929,8.740562566360898,0.1181102362204724,10.174593773302924,0.6850393700787402,0.1968503937007874,-10.803787656312966,127,0.2125984251968504,0.9212598425196852,0.0551181102362204,-3.010699646100009,0.6377952755905512,0.3070866141732283,3.4089729795724857,2026
608650,"Enns, Dietrich",2026,Orioles,L,1.627649233,0.0555555555555555,0.2698412698412698,0.0634920634920634,-5.951180703916554,0.7857142857142857,0.1507936507936507,6.677785039590258,0.0793650793650793,13.26782619094814,0.6984126984126984,0.2222222222222222,-10.738121152245103,126,0.238095238095238,0.9126984126984128,0.0714285714285714,-3.6909433210216087,0.5952380952380952,0.3333333333333333,2.994119248834206,2026
691384,"Perales, Luis",2026,Nationals,R,3.511572604,0.1370967741935483,0.2016129032258064,0.0564516129032258,-5.112934013094246,0.5564516129032258,0.3870967741935484,8.940044929160106,0.3790322580645161,11.810200372150703,0.5241935483870968,0.0967741935483871,-10.509553212003864,124,0.3306451612903225,0.8870967741935484,0.2177419354838709,-3.4027850385024943,0.5887096774193549,0.1935483870967742,2.918815712942756,2026
687209,"Maxwell, Zach",2026,Reds,R,3.992548503,0.065040650406504,0.2439024390243902,0.065040650406504,-8.549613915031347,0.7235772357723578,0.2113821138211382,7.795420731660604,0.1219512195121951,12.131688100732378,0.7317073170731707,0.1463414634146341,-10.571293843230716,123,0.1707317073170731,0.8536585365853658,0.089430894308943,-4.603146072972348,0.7073170731707317,0.2032520325203252,2.9093692630381374,2026
672629,"Carrillo, Gerardo",2026,Diamondbacks,R,5.361093556,0.1463414634146341,0.2032520325203252,0.048780487804878,-8.002270745094826,0.5609756097560976,0.3902439024390244,10.141277364913966,0.3495934959349593,15.315589025505831,0.5609756097560976,0.089430894308943,-10.954981884077377,123,0.2845528455284553,0.8780487804878049,0.1951219512195122,-3.698898227016484,0.6178861788617886,0.1869918699186991,3.1885912574976487,2026
802408,"Mautz, Brycen",2026,Cardinals,L,3.47138514,0.0909090909090909,0.2148760330578512,0.0661157024793388,-6.063000523088248,0.6859504132231405,0.2479338842975206,9.718733824784628,0.2396694214876033,13.005104349016625,0.6446280991735537,0.1157024793388429,-11.15633181248668,121,0.3223140495867768,0.9173553719008264,0.140495867768595,-3.5090771779396763,0.5867768595041323,0.2727272727272727,3.089002426551639,2026
815081,"Manfredi, Mark",2026,Rockies,L,2.412671916,0.0666666666666666,0.2833333333333333,0.1083333333333333,-5.700265863117491,0.75,0.1416666666666666,8.793309810680617,0.1,14.059886215906126,0.625,0.275,-10.85958604004748,120,0.25,0.9333333333333332,0.0916666666666666,-3.84403673643131,0.6166666666666667,0.2916666666666667,2.883589663575302,2026
677161,"Kelly, Zack",2026,Red Sox,R,2.681627733,0.0756302521008403,0.2184873949579832,0.0924369747899159,-5.472563486575835,0.6050420168067226,0.3025210084033613,7.973106345584337,0.2016806722689075,12.296339562621142,0.5966386554621849,0.2016806722689075,-9.769272691406194,119,0.2184873949579832,0.8487394957983193,0.0840336134453781,-3.084334121249513,0.6554621848739496,0.2605042016806723,3.009948380658958,2026
664854,"Helsley, Ryan",2026,Orioles,R,4.890581364,0.1428571428571428,0.1932773109243697,0.0252100840336134,-5.9496110501092,0.5966386554621849,0.3781512605042016,9.266326726182134,0.2941176470588235,12.984038868728872,0.6134453781512605,0.0924369747899159,-9.83695302047504,119,0.3865546218487395,0.8571428571428571,0.226890756302521,-5.079103614409436,0.5042016806722689,0.2689075630252101,3.2540157898559543,2026
676395,"Garcia, Robert",2026,Rangers,L,2.771578444,0.0847457627118644,0.1949152542372881,0.1016949152542373,-6.176281640169324,0.6271186440677966,0.2711864406779661,8.076297756705161,0.1440677966101695,12.344394633182112,0.6864406779661016,0.1694915254237288,-10.749828451320278,118,0.2542372881355932,0.9491525423728814,0.135593220338983,-3.423703127424557,0.5847457627118644,0.2796610169491525,3.284178449436036,2026
702566,"Murphy, Owen",2026,Braves,R,3.286244043,0.0341880341880341,0.2393162393162393,0.0598290598290598,-5.377344827735912,0.7350427350427351,0.2051282051282051,10.006679021179645,0.188034188034188,12.492557745563088,0.6923076923076923,0.1196581196581196,-11.22583454427504,117,0.188034188034188,0.8888888888888888,0.0598290598290598,-2.9408453944122632,0.6410256410256411,0.2991452991452991,3.1717579375644926,2026
689149,"Dallas, Chad",2026,Blue Jays,R,5.062186592,0.0695652173913043,0.208695652173913,0.0260869565217391,-6.8443631120419175,0.6173913043478261,0.3565217391304348,9.240531295871191,0.2869565217391304,11.80336262925513,0.5739130434782609,0.1391304347826087,-11.386438712921969,115,0.2869565217391304,0.8956521739130435,0.1565217391304348,-4.700995775779863,0.6347826086956522,0.208695652173913,3.078072843715396,2026
605242,"Fulmer, Michael",2026,zMLB,R,3.649523689,0.1228070175438596,0.1929824561403508,0.0614035087719298,-8.472060252564814,0.5526315789473685,0.3859649122807017,9.443808362340622,0.3333333333333333,12.757395432561884,0.5877192982456141,0.0789473684210526,-10.670300335657023,114,0.3508771929824561,0.8508771929824561,0.1929824561403508,-4.112363921807073,0.6228070175438597,0.1842105263157894,2.904908945324796,2026
672442,"Cruz, Yovanny",2026,zMLB,R,4.173265095,0.1160714285714285,0.2767857142857143,0.1428571428571428,-6.410385203711159,0.5982142857142857,0.2589285714285714,8.46018978394592,0.25,11.65711728812196,0.6964285714285714,0.0535714285714285,-9.725939595566036,112,0.2589285714285714,0.9375,0.2232142857142857,-3.9707306475752695,0.6517857142857143,0.125,2.576268265474132,2026
699044,"Ullola, Miguel",2026,Astros,R,3.482842073,0.0818181818181818,0.1636363636363636,0.0818181818181818,-6.43874580493905,0.6909090909090909,0.2272727272727272,9.383504549548537,0.2636363636363636,13.171518299688044,0.6454545454545455,0.0909090909090909,-10.334379699869157,110,0.2818181818181818,0.9545454545454546,0.109090909090909,-3.69630408641092,0.6,0.2909090909090909,3.037748610587793,2026
667652,"Ralston, Jack",2026,Marlins,R,1.770624699,0.0454545454545454,0.2636363636363636,0.1272727272727272,-5.445588745790967,0.7090909090909091,0.1636363636363636,6.963726024976581,0.2363636363636363,11.296154888280745,0.6454545454545455,0.1181818181818181,-10.171122159754386,110,0.1909090909090909,0.8636363636363636,0.1363636363636363,-3.172639249323463,0.7,0.1636363636363636,2.863855237464848,2026
669310,"Van Eyk, CJ",2026,Blue Jays,R,2.965237472,0.0363636363636363,0.2181818181818181,0.0636363636363636,-5.641522153156375,0.7181818181818181,0.2181818181818181,7.9444288376840255,0.2818181818181818,10.52111005472914,0.6272727272727273,0.0909090909090909,-9.482961581000064,110,0.1636363636363636,0.9636363636363636,0.1363636363636363,-3.390062535895902,0.7636363636363637,0.1,2.720304988539626,2026
685112,"McCambley, Zach",2026,Reds,R,3.52470212,0.036697247706422,0.2201834862385321,0.091743119266055,-5.388872673049956,0.6880733944954128,0.2201834862385321,9.838927120561817,0.091743119266055,12.249036029409682,0.7431192660550459,0.1651376146788991,-11.84425839815504,109,0.2935779816513761,0.8165137614678899,0.2110091743119266,-3.710621610415272,0.6422018348623854,0.146788990825688,3.232592815240378,2026
699151,"Paez, Jedixson",2026,zMLB,R,3.477171466,0.091743119266055,0.2660550458715596,0.073394495412844,-5.6692217139704,0.6513761467889908,0.2752293577981651,8.148241279967893,0.3394495412844037,13.28151479848167,0.6055045871559633,0.055045871559633,-9.56430492235972,109,0.2110091743119266,0.9541284403669724,0.128440366972477,-3.322233152238,0.6788990825688074,0.1926605504587156,2.718953459530002,2026
605452,"Ross, Joe",2026,zMLB,R,1.98816037,0.1018518518518518,0.2314814814814814,0.1018518518518518,-5.663038309328137,0.6111111111111112,0.287037037037037,7.177663068650475,0.2037037037037037,10.718549958608376,0.6944444444444444,0.1018518518518518,-9.876725640906445,108,0.3055555555555556,0.8981481481481481,0.1481481481481481,-3.216462867348294,0.6388888888888888,0.2129629629629629,3.199416892994116,2026
695001,"Santa, Alimber",2026,Astros,R,3.77181537,0.0833333333333333,0.2407407407407407,0.1481481481481481,-6.208282523956848,0.6203703703703703,0.2314814814814814,9.674199253751445,0.2222222222222222,12.709015082471062,0.6388888888888888,0.1388888888888889,-11.445381917031323,108,0.1851851851851851,0.8981481481481481,0.1481481481481481,-3.016341428613278,0.6666666666666666,0.1851851851851851,2.636751947679129,2026
680723,"Rom, Drew",2026,zMLB,L,1.015302829,0.0654205607476635,0.3457943925233644,0.0467289719626168,-6.197132927255916,0.8411214953271028,0.1121495327102803,6.195854984254914,0.0186915887850467,7.501423326138559,0.7850467289719626,0.1962616822429906,-10.608191096997986,107,0.205607476635514,0.9439252336448598,0.0093457943925233,-2.1573512459324333,0.5607476635514018,0.4299065420560747,3.03382423633374,2026
694341,"Beck, Brendan",2026,Yankees,R,3.21357576,0.1142857142857142,0.2095238095238095,0.0571428571428571,-5.808137454933199,0.6666666666666666,0.2761904761904762,8.921288688413872,0.2571428571428571,13.296718724336596,0.638095238095238,0.1047619047619047,-10.830619153098356,105,0.3619047619047619,0.8857142857142857,0.1428571428571428,-3.893860206630362,0.5619047619047619,0.2952380952380952,2.857981603845074,2026
668970,"Hollowell, Gavin",2026,Cubs,R,2.516339557,0.0865384615384615,0.2403846153846154,0.0961538461538461,-6.846507226459556,0.6153846153846154,0.2884615384615384,8.262346306383911,0.1442307692307692,12.017817720224146,0.7307692307692307,0.125,-12.07105792506873,104,0.2788461538461538,0.8942307692307693,0.1057692307692307,-3.1705154696987536,0.5769230769230769,0.3173076923076923,3.128167613018923,2026
690829,"Joyce, Ben",2026,Angels,R,2.109750608,0.048076923076923,0.1826923076923076,0.0865384615384615,-5.427397425621679,0.6442307692307693,0.2692307692307692,7.269290152075245,0.1057692307692307,10.005658876703787,0.6923076923076923,0.2019230769230769,-10.61918468487719,104,0.3076923076923077,0.8942307692307693,0.0865384615384615,-4.044588053354049,0.5673076923076923,0.3461538461538461,3.261131384741191,2026
668834,"McGee, Easton",2026,zMLB,R,1.364919403,0.0192307692307692,0.2211538461538461,0.1538461538461538,-6.846814290992235,0.75,0.0961538461538461,6.089221674918542,0.2019230769230769,9.965529134412463,0.6057692307692307,0.1923076923076923,-11.021281667949674,104,0.1826923076923076,0.9134615384615384,0.0576923076923076,-4.038669203302577,0.6538461538461539,0.2884615384615384,2.7946968880510314,2026
687134,"Blalock, Bradley",2026,Marlins,R,2.915220723,0.0679611650485436,0.2135922330097087,0.1262135922330097,-5.784408653231533,0.6796116504854369,0.1941747572815534,8.671075470997895,0.1553398058252427,10.81552090169925,0.6796116504854369,0.1650485436893204,-10.96437009669796,103,0.203883495145631,0.8640776699029126,0.145631067961165,-3.549989845552372,0.6116504854368932,0.2427184466019417,2.803258004423651,2026
678061,"Kerr, Ray",2026,Braves,L,4.995757694,0.0980392156862745,0.2745098039215686,0.0392156862745098,-6.465469529847487,0.6176470588235294,0.3431372549019608,10.157412499084147,0.2647058823529412,15.187753143890973,0.5980392156862745,0.1372549019607843,-11.28692554687376,102,0.2450980392156862,0.9117647058823528,0.088235294117647,-3.9302819056572686,0.7450980392156863,0.1666666666666666,3.6113878396136574,2026
701121,"VanWey, Logan",2026,Astros,R,2.733634799,0.0392156862745098,0.2254901960784313,0.1078431372549019,-6.914317065401653,0.696078431372549,0.196078431372549,8.575483687818677,0.1470588235294117,12.947599853021568,0.6470588235294118,0.2058823529411764,-10.203185658601235,102,0.2450980392156862,0.8333333333333334,0.0490196078431372,-4.619290978346264,0.6372549019607843,0.3137254901960784,3.297809863821635,2026
657265,"Strzelecki, Peter",2026,Cardinals,R,1.675943484,0.0294117647058823,0.2549019607843137,0.0784313725490196,-5.363430512457015,0.696078431372549,0.2254901960784313,7.245939237972975,0.2156862745098039,11.646491585139628,0.6372549019607843,0.1470588235294117,-10.110025602669042,102,0.1764705882352941,0.9019607843137256,0.1568627450980392,-2.7404517566088424,0.6764705882352942,0.1666666666666666,2.823715825093497,2026
666374,"Brash, Matt",2026,Mariners,R,3.158272054,0.0693069306930693,0.1881188118811881,0.0396039603960396,-10.43446900624869,0.6534653465346535,0.3069306930693069,8.567017575364737,0.1881188118811881,11.203626152116792,0.6039603960396039,0.2079207920792079,-9.367339152916228,101,0.3168316831683168,0.900990099009901,0.2277227722772277,-4.124773077995077,0.594059405940594,0.1782178217821782,2.788734410350312,2026
543238,"Gose, Anthony",2026,Royals,L,5.828402144,0.1188118811881188,0.2673267326732673,0.099009900990099,-6.493781972850581,0.6633663366336634,0.2376237623762376,13.801005982986547,0.2772277227722772,13.707037789273953,0.6336633663366337,0.0891089108910891,-9.84077229162062,101,0.2574257425742574,0.8316831683168316,0.1287128712871287,-4.662247097218268,0.6336633663366337,0.2376237623762376,2.822259405426029,2026
676510,"Hoffman, Nolan",2026,zMLB,R,2.213509005,0.0792079207920792,0.2277227722772277,0.1584158415841584,-5.8962183797808585,0.6039603960396039,0.2376237623762376,7.773602399332784,0.1386138613861386,13.32072850298089,0.6336633663366337,0.2277227722772277,-10.312673770811308,101,0.2376237623762376,0.8811881188118812,0.1089108910891089,-3.0004293041679686,0.6435643564356436,0.2475247524752475,3.133511734200699,2026
674073,"Weisenburger, Jack",2026,Mets,R,1.755494844,0.0396039603960396,0.1683168316831683,0.0693069306930693,-8.1621295315369,0.6831683168316832,0.2475247524752475,7.670835278833038,0.1683168316831683,11.81355620065051,0.594059405940594,0.2376237623762376,-10.50353307539016,101,0.2574257425742574,0.8811881188118812,0.099009900990099,-2.765233941528063,0.6138613861386139,0.2871287128712871,3.266587898867736,2026
685464,"Winquest, Cade",2026,Cardinals,R,2.704930857,0.08,0.18,0.1,-6.228492396162534,0.66,0.24,8.334478066386266,0.15,13.414582172436557,0.61,0.24,-12.49122221085656,100,0.27,0.88,0.2,-3.264349626536876,0.5,0.3,3.028314018349964,2026
687309,"Hjerpe, Cooper",2026,Cardinals,L,3.06006736,0.0909090909090909,0.1212121212121212,0.1414141414141414,-6.410637100650643,0.5959595959595959,0.2626262626262626,17.734285148066576,0.2323232323232323,14.01025398946262,0.5959595959595959,0.1717171717171717,-11.78253454689504,99,0.2626262626262626,0.8686868686868687,0.0606060606060606,-3.196505790397137,0.5858585858585859,0.3535353535353535,3.1623538119937864,2026
622694,"Hernández, Elieser",2026,Braves,R,3.874425341,0.0606060606060606,0.1818181818181818,0.0404040404040404,-5.361298770484772,0.6161616161616161,0.3434343434343434,10.161639404193664,0.4444444444444444,14.090682214318772,0.5151515151515151,0.0404040404040404,-8.736693843058488,99,0.2929292929292929,0.8686868686868687,0.0909090909090909,-3.176840086251336,0.6565656565656566,0.2525252525252525,2.834393265826409,2026
695049,"Kerry, Brett",2026,Angels,R,4.70155802,0.1122448979591836,0.2244897959183673,0.0612244897959183,-4.905477164532034,0.5612244897959183,0.3775510204081632,8.507400843225907,0.3163265306122449,13.260316211776445,0.6122448979591837,0.0714285714285714,-9.106240644790535,98,0.2755102040816326,0.9081632653061223,0.2244897959183673,-4.146568896959554,0.6428571428571429,0.1326530612244898,2.57505818616808,2026
663485,"Sands, Cole",2026,Twins,R,1.21214427,0.010204081632653,0.2959183673469387,0.0612244897959183,-6.311437632952894,0.7448979591836735,0.1938775510204081,7.559376347088091,0.1530612244897959,11.573612263113176,0.7448979591836735,0.1020408163265306,-8.600268168192743,98,0.2448979591836734,0.9591836734693876,0.0612244897959183,-2.79836286981482,0.5918367346938775,0.3469387755102041,3.0032778578057715,2026
663559,"Falter, Bailey",2026,zMLB,L,3.292174923,0.0721649484536082,0.4123711340206185,0.1030927835051546,-5.2437163098713375,0.7319587628865979,0.1649484536082474,8.34112485460842,0.134020618556701,13.96978801815344,0.7628865979381443,0.1030927835051546,-12.071340772043854,97,0.1958762886597938,0.9381443298969072,0.1030927835051546,-3.928916466969987,0.7525773195876289,0.1443298969072164,3.193778285825005,2026
681168,"Curvelo, Luis",2026,Rangers,R,4.7466766,0.03125,0.28125,0.1041666666666666,-5.6874505814724525,0.6875,0.2083333333333333,13.361642542515842,0.3020833333333333,14.953877325941264,0.6458333333333334,0.0520833333333333,-8.052970191831271,96,0.2291666666666666,0.9375,0.03125,-2.938872306310196,0.7083333333333334,0.2604166666666667,2.7809199344280087,2026
700842,"Rivera, Eduardo",2026,Red Sox,L,2.212185897,0.0631578947368421,0.2105263157894736,0.0526315789473684,-5.0154165940743365,0.5894736842105263,0.3578947368421052,7.296043128968387,0.2105263157894736,10.724773433544245,0.6736842105263158,0.1157894736842105,-10.28019585595707,95,0.2421052631578947,0.9157894736842104,0.1052631578947368,-3.413156137068053,0.6421052631578947,0.2526315789473684,2.9170962760036847,2026
681751,"Estrada, Lazaro",2026,Blue Jays,R,2.895188217,0.0842105263157894,0.231578947368421,0.0526315789473684,-6.639001052340549,0.6842105263157895,0.2631578947368421,9.061892845752183,0.231578947368421,13.223380569719522,0.6105263157894737,0.1578947368421052,-10.240169258590502,95,0.2421052631578947,0.9263157894736842,0.1052631578947368,-3.447204527487343,0.7052631578947368,0.1894736842105263,3.155423903468163,2026
624522,"Thompson, Keegan",2026,Rockies,R,2.271460334,0.0744680851063829,0.3191489361702128,0.0319148936170212,-6.112796964222041,0.7021276595744681,0.2659574468085106,8.590713280338125,0.1489361702127659,11.454729373035915,0.723404255319149,0.1276595744680851,-11.213228676350916,94,0.2234042553191489,0.8936170212765957,0.0638297872340425,-2.338774277512171,0.7127659574468085,0.2234042553191489,3.147074243133216,2026
669203,"Burnes, Corbin",2026,Diamondbacks,R,2.897946986,0.0319148936170212,0.2127659574468085,0.0319148936170212,-5.5667739624503865,0.6595744680851063,0.3085106382978723,9.412390069441264,0.2446808510638297,13.886679448753034,0.7021276595744681,0.0531914893617021,-12.931531381263865,94,0.2872340425531915,0.8936170212765957,0.0957446808510638,-2.8167628267237417,0.7021276595744681,0.202127659574468,2.634515995871588,2026
608723,"Voth, Austin",2026,zMLB,R,3.639318707,0.0425531914893617,0.3723404255319149,0.0744680851063829,-6.719684861786846,0.7340425531914894,0.1914893617021276,9.511860409236412,0.1489361702127659,14.161144029998647,0.776595744680851,0.0744680851063829,-9.927122580275327,94,0.1595744680851064,0.9574468085106383,0.1170212765957446,-2.8769595139939987,0.723404255319149,0.1595744680851064,2.7008367573352348,2026
681343,"Smith, Shane",2026,White Sox,R,3.377892403,0.0638297872340425,0.1702127659574468,0.0531914893617021,-6.364446079382286,0.6595744680851063,0.2872340425531915,7.636958060399485,0.1702127659574468,11.35148318223341,0.6276595744680851,0.202127659574468,-11.41722739211493,94,0.2659574468085106,0.7659574468085106,0.2553191489361702,-4.270631926630957,0.5531914893617021,0.1914893617021276,2.891368411959794,2026
682274,"Hiraldo, Yaramil",2026,Orioles,R,2.587568554,0.0967741935483871,0.1720430107526881,0.053763440860215,-5.651327669716662,0.6666666666666666,0.2795698924731182,8.977193061417685,0.3010752688172043,12.68395707718052,0.6236559139784946,0.075268817204301,-10.02845672669645,93,0.3870967741935484,0.8924731182795699,0.1505376344086021,-3.719805358192792,0.5376344086021505,0.3118279569892473,2.814985260261315,2026
681252,"Anderson, Jack",2026,zMLB,R,4.104945409,0.0967741935483871,0.1935483870967742,0.064516129032258,-5.495137165401221,0.5483870967741935,0.3870967741935484,8.597365761816791,0.3225806451612903,12.987723594713684,0.6344086021505376,0.043010752688172,-10.860345913684172,93,0.3010752688172043,0.8602150537634409,0.1612903225806451,-4.197950033843316,0.5806451612903226,0.2580645161290322,2.6709865127547383,2026
670183,"Acton, Garrett",2026,Twins,R,2.827731753,0.0978260869565217,0.2608695652173913,0.0543478260869565,-5.293318942853821,0.6956521739130435,0.25,8.627680364868437,0.1956521739130435,13.218363441894802,0.717391304347826,0.0869565217391304,-11.250752487632838,92,0.3695652173913043,0.8913043478260869,0.1413043478260869,-3.222981754250615,0.532608695652174,0.3260869565217391,2.7583724474093683,2026
687531,"Kempner, William",2026,Marlins,R,2.082820601,0.1098901098901098,0.1978021978021978,0.1208791208791208,-7.695499255041364,0.5604395604395604,0.3186813186813186,7.4704812409586845,0.1428571428571428,11.893496942935307,0.6923076923076923,0.1648351648351648,-11.352795120384824,91,0.3406593406593406,0.8901098901098901,0.1098901098901098,-5.286581333223129,0.5274725274725275,0.3626373626373626,3.3262271148032574,2026
696136,"Wicks, Jordan",2026,Cubs,L,3.294623444,0.1208791208791208,0.2197802197802197,0.1098901098901098,-5.685360450749436,0.6153846153846154,0.2747252747252747,8.969430745114227,0.1868131868131868,12.885684075392508,0.5934065934065934,0.2197802197802197,-10.817057616491784,91,0.2417582417582417,0.9010989010989012,0.1098901098901098,-3.0669718068934,0.7032967032967034,0.1868131868131868,3.093639403725761,2026
689017,"Knack, Landon",2026,Dodgers,R,1.89352521,0.0659340659340659,0.3296703296703296,0.0989010989010989,-5.502077039060981,0.7362637362637363,0.1648351648351648,7.340593423792838,0.1978021978021978,11.224593400897664,0.6813186813186813,0.1208791208791208,-10.07720865895574,91,0.2087912087912088,0.934065934065934,0.0659340659340659,-2.502368161615869,0.7142857142857143,0.2197802197802197,2.982169773568393,2026
666711,"Peguero, Joel",2026,Giants,R,1.843366758,0.0444444444444444,0.2333333333333333,0.0777777777777777,-5.968302244061204,0.6888888888888889,0.2333333333333333,7.609880229330033,0.0444444444444444,9.72620049732348,0.7777777777777778,0.1777777777777777,-9.80994712102271,90,0.1888888888888888,0.9,0.0555555555555555,-2.67598532923287,0.6444444444444445,0.3,3.066424331101156,2026
687765,"Spence, Mitch",2026,Royals,R,4.200295993,0.0555555555555555,0.2777777777777778,0.1,-5.505704221991767,0.7111111111111111,0.1888888888888888,7.949936701557267,0.2777777777777778,12.70737079859885,0.6111111111111112,0.1111111111111111,-8.854001792080586,90,0.2,0.9444444444444444,0.1666666666666666,-4.177732189707379,0.7555555555555555,0.0777777777777777,2.592065629559256,2026
663465,"Allard, Kolby",2026,Guardians,L,2.158476826,0.0786516853932584,0.146067415730337,0.1235955056179775,-6.215871809111836,0.6404494382022472,0.2359550561797752,6.861231472454592,0.1797752808988764,11.528429878555556,0.6067415730337079,0.2134831460674157,-11.771760308375995,89,0.1797752808988764,0.8426966292134831,0.0561797752808988,-3.63627230219576,0.6629213483146067,0.2808988764044944,3.1245452844860555,2026
672582,"Zerpa, Angel",2026,Brewers,L,2.260393026,0.0454545454545454,0.2272727272727272,0.0795454545454545,-5.13793816241071,0.5909090909090909,0.3295454545454545,7.088603802549656,0.0909090909090909,10.565439196434308,0.5681818181818182,0.3409090909090909,-9.97203278626437,88,0.1818181818181818,0.8522727272727273,0.0681818181818181,-3.5997548719293664,0.6704545454545454,0.2613636363636363,2.727219839140417,2026
692230,"Rodriguez, Carlos",2026,Brewers,R,3.833362709,0.1395348837209302,0.1162790697674418,0.0697674418604651,-5.262653989552657,0.5232558139534884,0.4069767441860465,8.124646869877164,0.4651162790697674,11.768044994776355,0.4883720930232558,0.0465116279069767,-9.244245725717358,86,0.2674418604651162,0.9069767441860463,0.1627906976744186,-3.6587716301638578,0.7093023255813954,0.127906976744186,2.381815132447869,2026
671382,"Foster, Cameron",2026,Orioles,R,3.886207442,0.0581395348837209,0.2674418604651162,0.0930232558139534,-5.529004612574653,0.7558139534883721,0.1511627906976744,10.178872973364614,0.1511627906976744,14.340183411041608,0.7093023255813954,0.1395348837209302,-10.318446395965486,86,0.2790697674418604,0.872093023255814,0.0930232558139534,-6.33035314918607,0.5813953488372093,0.3255813953488372,2.9003908017978213,2026
668831,"Stallings, Garrett",2026,Brewers,R,4.816040806,0.1162790697674418,0.1511627906976744,0.0930232558139534,-6.523707829569458,0.4883720930232558,0.4186046511627907,10.327641779526497,0.3255813953488372,15.437091406880766,0.5697674418604651,0.1046511627906976,-11.114333343876146,86,0.3372093023255814,0.9069767441860463,0.1511627906976744,-3.2016223377072777,0.6395348837209303,0.2093023255813953,2.9819920465488585,2026
664849,"Young, Danny",2026,Braves,L,5.318931139,0.0470588235294117,0.3058823529411765,0.0705882352941176,-6.808110695228123,0.6941176470588235,0.2352941176470588,12.845188039936389,0.2588235294117647,13.489068882163544,0.611764705882353,0.1294117647058823,-11.663139344717344,85,0.2470588235294117,0.8705882352941177,0.188235294117647,-3.613069968140061,0.7176470588235294,0.0941176470588235,2.608718976454122,2026
697812,"Rock, Joe",2026,zMLB,L,3.761637663,0.0952380952380952,0.2857142857142857,0.0476190476190476,-8.60416761323693,0.6904761904761905,0.2619047619047619,8.833543758246089,0.1071428571428571,13.81062918809273,0.6785714285714286,0.2142857142857142,-12.630396269237323,84,0.2738095238095238,0.8333333333333334,0.1547619047619047,-4.156303430017188,0.5714285714285714,0.2738095238095238,3.109265043239722,2026
676051,"Heuer, Codi",2026,Guardians,R,3.554947694,0.1325301204819277,0.2771084337349397,0.072289156626506,-5.751590565236398,0.6626506024096386,0.2650602409638554,9.387080618178627,0.253012048192771,13.705091171869574,0.5903614457831325,0.1566265060240964,-9.695557383826296,83,0.253012048192771,0.9518072289156626,0.1686746987951807,-3.516206948832835,0.6626506024096386,0.1686746987951807,2.908885603284551,2026
656212,"Barnes, Charlie",2026,zMLB,L,3.34634668,0.0481927710843373,0.3614457831325301,0.0602409638554216,-7.884647505091518,0.7108433734939759,0.2289156626506024,8.551536112604138,0.2289156626506024,10.160964663229125,0.6385542168674698,0.1325301204819277,-9.245187861518623,83,0.1566265060240964,0.963855421686747,0.1204819277108433,-3.004123300132904,0.7831325301204819,0.0963855421686747,2.7144260173662325,2026
694462,"Waldrep, Hurston",2026,Braves,R,2.94297941,0.108433734939759,0.2891566265060241,0.0602409638554216,-7.062712166677877,0.7228915662650602,0.216867469879518,7.64600929504932,0.2891566265060241,11.702177999929033,0.6506024096385542,0.0602409638554216,-12.643132594609057,83,0.2409638554216867,0.9518072289156626,0.2771084337349397,-3.5596219299267333,0.6746987951807228,0.0481927710843373,2.585795888830793,2026
679885,"Martinez, Justin",2026,Diamondbacks,R,4.886802684,0.1325301204819277,0.2048192771084337,0.1325301204819277,-5.736093889786243,0.6385542168674698,0.2289156626506024,12.74702594035782,0.1686746987951807,15.704285043640182,0.6024096385542169,0.2289156626506024,-9.529674400705437,83,0.3012048192771084,0.891566265060241,0.1927710843373494,-4.065869233626792,0.5301204819277109,0.2771084337349397,2.96088044828735,2026
434378,"Verlander, Justin",2026,Tigers,R,3.2944759,0.048780487804878,0.2439024390243902,0.024390243902439,-7.174848472370586,0.7804878048780488,0.1951219512195122,8.491583455552503,0.2926829268292683,12.269514592171292,0.6707317073170732,0.0365853658536585,-13.30649771699014,82,0.1707317073170731,0.9390243902439024,0.0853658536585365,-4.752985300797109,0.6951219512195121,0.2195121951219512,2.6737349456601267,2026
592454,"Kahnle, Tommy",2026,Red Sox,R,2.547046633,0.073170731707317,0.3048780487804878,0.0365853658536585,-4.8509555270635785,0.7560975609756098,0.2073170731707317,7.305021119884256,0.1585365853658536,10.34658204527767,0.7317073170731707,0.1097560975609756,-9.394759143354714,82,0.1829268292682926,0.951219512195122,0.2195121951219512,-2.8411168400942497,0.6341463414634146,0.1463414634146341,2.9170890671661875,2026
685005,"Roa, Christian",2026,Astros,R,2.078826159,0.0253164556962025,0.2278481012658227,0.1139240506329113,-6.069955999948407,0.7088607594936709,0.1772151898734177,7.415926583453973,0.0886075949367088,12.71248107018377,0.6835443037974683,0.2278481012658227,-10.282306954259695,79,0.240506329113924,0.9367088607594936,0.0632911392405063,-3.686851535592369,0.6582278481012658,0.2784810126582278,2.9640561131739784,2026
702352,"Bivens, Spencer",2026,zMLB,R,2.869140629,0.0769230769230769,0.1923076923076923,0.1282051282051282,-5.980034665474744,0.5897435897435898,0.282051282051282,8.511995061903306,0.1153846153846153,13.432086132035389,0.6410256410256411,0.2435897435897435,-11.07105223764856,78,0.2435897435897435,0.8205128205128205,0.1666666666666666,-3.149029941470642,0.6025641025641025,0.2307692307692307,3.458638675352403,2026
676661,"Lazar, Max",2026,Phillies,R,3.166031288,0.0909090909090909,0.3246753246753247,0.0779220779220779,-7.02174295678339,0.6623376623376623,0.2597402597402597,7.06504875672222,0.1688311688311688,11.018569072323636,0.5974025974025974,0.2337662337662337,-10.388788694593506,77,0.2077922077922078,0.9090909090909092,0.0909090909090909,-4.832262065672911,0.6753246753246753,0.2337662337662337,2.83923133263392,2026
678368,"Bellozo, Valente",2026,Rockies,R,4.611227783,0.0909090909090909,0.2467532467532467,0.0389610389610389,-7.938626794901558,0.6753246753246753,0.2857142857142857,10.940753175807943,0.3766233766233766,16.332806486868908,0.5584415584415584,0.0649350649350649,-12.64436580648778,77,0.2987012987012987,0.9090909090909092,0.0519480519480519,-4.390691760285202,0.7272727272727273,0.2207792207792207,2.8996470851294034,2026
666129,"Garrett, Braxton",2026,zMLB,L,2.461385637,0.0779220779220779,0.1428571428571428,0.1038961038961039,-5.573036504993464,0.6623376623376623,0.2337662337662337,6.504930045093908,0.2077922077922078,10.876348140380925,0.6363636363636364,0.1558441558441558,-11.5377257316359,77,0.2077922077922078,0.935064935064935,0.0909090909090909,-4.288782663499489,0.6493506493506493,0.2597402597402597,3.1603974812690936,2026
678868,"Yean, Eddy",2026,Nationals,R,0.875927742,0.0389610389610389,0.2727272727272727,0.0519480519480519,-5.606198219538808,0.7012987012987013,0.2467532467532467,6.302591939602436,0.1948051948051948,9.43742007416676,0.6233766233766234,0.1818181818181818,-9.29821597414603,77,0.1428571428571428,0.961038961038961,0.0259740259740259,-2.529700293860832,0.7922077922077922,0.1818181818181818,2.746322798667311,2026
695378,"Sinclair, Jack",2026,Nationals,R,4.09708074,0.0657894736842105,0.2105263157894736,0.0921052631578947,-5.439839737731899,0.6710526315789473,0.2368421052631578,10.997107999500916,0.2105263157894736,12.133649578934556,0.5526315789473685,0.2368421052631578,-11.068465312904696,76,0.1842105263157894,0.8289473684210527,0.0657894736842105,-2.950999538415384,0.7368421052631579,0.1973684210526315,2.9964429786495788,2026
694494,"Johnson, Ty",2026,Rays,R,2.66774384,0.1066666666666666,0.08,0.0666666666666666,-4.675375985813966,0.6666666666666666,0.2666666666666666,8.276912486093552,0.2266666666666666,11.959853247779709,0.68,0.0933333333333333,-11.718811006063904,75,0.3066666666666666,0.8666666666666667,0.08,-3.1249336839974657,0.5333333333333333,0.3866666666666666,2.90154260215568,2026
694851,"Hoffmann, Andrew",2026,Diamondbacks,R,1.928205876,0.027027027027027,0.2567567567567567,0.054054054054054,-6.176395849990979,0.7432432432432432,0.2027027027027027,6.458949529993345,0.2027027027027027,10.075509253067446,0.6891891891891891,0.1081081081081081,-9.594012590535003,74,0.1756756756756756,0.9054054054054054,0.081081081081081,-3.8829467072685344,0.6621621621621622,0.2567567567567567,2.629808502602088,2026
701552,"Granillo, Andre",2026,Nationals,R,2.947117529,0.0140845070422535,0.323943661971831,0.1126760563380281,-6.65253414207313,0.7323943661971831,0.1549295774647887,7.744217903129646,0.2816901408450704,11.72839454078427,0.5915492957746479,0.1267605633802817,-10.585474296832848,71,0.0985915492957746,0.943661971830986,0.028169014084507,-2.316439163061076,0.8732394366197183,0.0985915492957746,2.6530505290974418,2026
608371,"Sims, Lucas",2026,White Sox,R,4.040806751,0.0140845070422535,0.2394366197183098,0.056338028169014,-7.199744217626661,0.676056338028169,0.2676056338028169,9.445378994264791,0.323943661971831,12.089460018776885,0.5774647887323944,0.0985915492957746,-9.66273763901258,71,0.2112676056338028,0.9014084507042254,0.0704225352112676,-4.16616361887936,0.8309859154929577,0.0985915492957746,2.885892163530069,2026
694646,"McDermott, Chayce",2026,zMLB,R,2.675435715,0.0714285714285714,0.2714285714285714,0.0857142857142857,-5.362605484334791,0.6857142857142857,0.2285714285714285,10.374879776598377,0.2285714285714285,11.322694195713904,0.6428571428571429,0.1285714285714285,-13.00895103368448,70,0.2285714285714285,0.9142857142857144,0.1,-3.682098639220932,0.6142857142857143,0.2857142857142857,3.253329880110268,2026
640454,"Krook, Matt",2026,zMLB,L,6.932593431,0.1014492753623188,0.1594202898550724,0.144927536231884,-6.701879460146574,0.4057971014492754,0.4492753623188406,12.72308228341082,0.3623188405797101,14.013302607947326,0.5652173913043478,0.072463768115942,-13.21168660103038,69,0.2753623188405797,0.8985507246376812,0.1739130434782608,-3.4757452014973937,0.6666666666666666,0.1594202898550724,3.009532381270944,2026
804619,"Klein, John",2026,zMLB,R,1.458309338,0.0,0.1739130434782608,0.0869565217391304,-5.883510747654199,0.6521739130434783,0.2608695652173913,6.754520913831258,0.217391304347826,9.4738860226886,0.6086956521739131,0.1739130434782608,-10.675165388802316,69,0.1739130434782608,0.8840579710144928,0.0434782608695652,-2.828591207333488,0.6376811594202898,0.3188405797101449,2.988818601549762,2026
684320,"Rodríguez, Yariel",2026,Blue Jays,R,3.215660347,0.0298507462686567,0.2835820895522388,0.0895522388059701,-5.1122656262956445,0.6268656716417911,0.2835820895522388,7.4641066878758675,0.1492537313432835,10.385986104279066,0.6716417910447762,0.1791044776119403,-10.51105868198454,67,0.1492537313432835,0.9253731343283582,0.0895522388059701,-3.451559403223492,0.7164179104477612,0.1940298507462686,2.96982051701078,2026
687792,"Herz, DJ",2026,Nationals,L,2.854772081,0.0746268656716417,0.1940298507462686,0.0298507462686567,-6.186577694680562,0.6417910447761194,0.3283582089552239,8.371001618005417,0.1492537313432835,14.00831591846978,0.6268656716417911,0.2238805970149253,-10.893954132419674,67,0.2238805970149253,0.9402985074626866,0.044776119402985,-2.292769120206805,0.5522388059701493,0.4029850746268656,3.0785974238008817,2026
606303,"Payamps, Joel",2026,Braves,R,1.569328623,0.0746268656716417,0.1940298507462686,0.0895522388059701,-5.912642453432394,0.7611940298507462,0.1492537313432835,8.332006649238426,0.1940298507462686,10.108882272428396,0.6716417910447762,0.1343283582089552,-9.960396128657242,67,0.2238805970149253,0.9402985074626866,0.0597014925373134,-3.835500911173959,0.6268656716417911,0.3134328358208955,3.010538816886394,2026
606965,"Devenski, Chris",2026,zMLB,R,3.455836524,0.0597014925373134,0.3582089552238806,0.0149253731343283,-4.124263030520055,0.7164179104477612,0.2686567164179104,7.71487789859417,0.3283582089552239,11.495694747957836,0.6119402985074627,0.0597014925373134,-8.309816773000476,67,0.1791044776119403,0.8955223880597015,0.1641791044776119,-3.343112308116908,0.6716417910447762,0.1641791044776119,2.765573152308345,2026
676568,"Vanasco, Ricky",2026,Tigers,R,1.979417874,0.0606060606060606,0.2878787878787879,0.0757575757575757,-4.972883914772059,0.7121212121212122,0.2121212121212121,7.353181392639356,0.1969696969696969,9.994239555620789,0.696969696969697,0.106060606060606,-9.493537216253166,66,0.2121212121212121,0.9242424242424242,0.106060606060606,-3.0906004992942298,0.6818181818181818,0.2121212121212121,2.715523418771032,2026
666745,"Brito, Jhony",2026,Padres,R,2.70108895,0.106060606060606,0.3181818181818182,0.106060606060606,-5.136146275800937,0.5151515151515151,0.3787878787878788,8.37202642545937,0.2272727272727272,11.746425508013548,0.7121212121212122,0.0606060606060606,-12.01479166123454,66,0.2878787878787879,0.8787878787878788,0.1969696969696969,-2.9315431836919488,0.696969696969697,0.106060606060606,3.169711399650452,2026
694363,"Shuster, Jared",2026,Cardinals,L,3.168105074,0.0769230769230769,0.3384615384615385,0.123076923076923,-5.547749313569497,0.6923076923076923,0.1846153846153846,7.714709578507024,0.1384615384615384,11.881194949354311,0.7538461538461538,0.1076923076923077,-10.441093497627058,65,0.1384615384615384,0.953846153846154,0.1076923076923077,-3.484126487593866,0.7384615384615385,0.1538461538461538,2.7295667631452805,2026
657649,"Koenig, Jared",2026,Brewers,L,3.113378257,0.0461538461538461,0.3076923076923077,0.0769230769230769,-7.210351471740482,0.6923076923076923,0.2307692307692307,9.2994715159337,0.2153846153846154,13.94657902076178,0.6923076923076923,0.0923076923076923,-12.1394878360821,65,0.2,0.953846153846154,0.0615384615384615,-3.25599344777415,0.7384615384615385,0.2,2.765410276469452,2026
571882,"Law, Derek",2026,Diamondbacks,R,2.015472586,0.0769230769230769,0.2615384615384615,0.0769230769230769,-5.283234598070682,0.7076923076923077,0.2153846153846154,8.236994248871751,0.2153846153846154,10.92455572821849,0.676923076923077,0.1076923076923077,-9.253281214464469,65,0.2153846153846154,0.953846153846154,0.123076923076923,-3.309354840849314,0.6461538461538462,0.2307692307692307,2.819627397554744,2026
681006,"Simpson, Josh",2026,Mariners,L,3.436340238,0.078125,0.171875,0.0625,-6.3159191909223065,0.625,0.3125,8.895900297030899,0.375,12.5949274116423,0.53125,0.09375,-10.345491120066804,64,0.203125,0.890625,0.15625,-2.873160634142544,0.75,0.09375,2.721126180347816,2026
691008,"Rajcic, Max",2026,Cardinals,R,4.716893779,0.0625,0.296875,0.0625,-4.984185161893984,0.703125,0.234375,11.113781496763012,0.1875,14.962654631988022,0.734375,0.078125,-8.747923416108968,64,0.25,0.953125,0.15625,-3.2149567868910207,0.59375,0.25,2.5822176069257234,2026
669298,"Shook, TJ",2026,Rockies,R,1.118971107,0.0476190476190476,0.3174603174603174,0.0158730158730158,-7.101298626616391,0.7936507936507936,0.1904761904761904,7.729438660647063,0.1111111111111111,9.257382722883552,0.6825396825396826,0.2063492063492063,-12.020572316164388,63,0.2222222222222222,0.9206349206349206,0.0634920634920634,-2.7686105713144364,0.5396825396825397,0.3968253968253968,2.999781313882056,2026
700270,"Díaz, Yilber",2026,zMLB,R,3.093039304,0.0634920634920634,0.2539682539682539,0.0476190476190476,-5.922392792110756,0.746031746031746,0.2063492063492063,9.522933647642096,0.2063492063492063,12.22810852406304,0.6190476190476191,0.1746031746031746,-10.181494639798084,63,0.2222222222222222,0.9047619047619048,0.0952380952380952,-2.939972508689986,0.6190476190476191,0.2857142857142857,2.7095924809389245,2026
663795,"Hagenman, Justin",2026,Mets,R,3.900381073,0.0161290322580645,0.3064516129032258,0.0806451612903225,-6.226350092595519,0.6451612903225806,0.2741935483870967,8.742484178125936,0.3064516129032258,12.007720360228705,0.6774193548387096,0.0161290322580645,-9.08024619810142,62,0.1290322580645161,0.967741935483871,0.064516129032258,-3.558838618154453,0.7903225806451613,0.1451612903225806,2.814179414761832,2026
642152,"Trivino III, Lou",2026,zMLB,R,5.476591945,0.0967741935483871,0.1612903225806451,0.032258064516129,-7.4364538475502036,0.6129032258064516,0.3548387096774194,11.306922159151355,0.2741935483870967,14.53309416874285,0.6290322580645161,0.0967741935483871,-9.80718891186705,62,0.3225806451612903,0.8870967741935484,0.1451612903225806,-5.524926479702889,0.5967741935483871,0.2580645161290322,3.1869564158757746,2026
675916,"Karinchak, James",2026,Braves,R,4.22450266,0.0655737704918032,0.2950819672131147,0.0163934426229508,-5.345546674689466,0.7868852459016393,0.1967213114754098,10.027170917451926,0.1147540983606557,15.625008182880608,0.7377049180327869,0.1475409836065573,-11.474570172962688,61,0.2622950819672131,0.9016393442622952,0.0655737704918032,-6.016872821735742,0.5573770491803278,0.3770491803278688,3.145173604277519,2026
680704,"Sandlin, Nick",2026,Angels,R,3.428765269,0.1311475409836065,0.1639344262295081,0.0655737704918032,-5.70736079236489,0.5245901639344263,0.4098360655737705,8.807518132336554,0.5409836065573771,13.874757572143114,0.4426229508196721,0.0163934426229508,-7.251147220801261,61,0.3114754098360656,0.9344262295081968,0.0983606557377049,-2.9847438197084606,0.7377049180327869,0.1639344262295081,2.802747764250748,2026
682445,"Gonzalez, Domingo",2026,Mariners,R,3.427833826,0.0333333333333333,0.2666666666666666,0.1,-5.778539304239662,0.6333333333333333,0.2666666666666666,9.5346188672508,0.2166666666666666,11.311643134907138,0.6666666666666666,0.1166666666666666,-11.045810802366052,60,0.1833333333333333,0.9,0.05,-2.8662044833742364,0.7,0.25,2.776747398314735,2026
670090,"Mills, Wyatt",2026,Dodgers,R,0.778557059,0.0169491525423728,0.1694915254237288,0.0677966101694915,-5.86625102580511,0.7796610169491526,0.1525423728813559,6.756095164685845,0.1186440677966101,9.622635385992083,0.7457627118644068,0.135593220338983,-10.732352502397449,59,0.2372881355932203,0.9152542372881356,0.0338983050847457,-2.9440496007761494,0.5084745762711864,0.4576271186440678,2.651814859084604,2026
690440,"Hanner, Bradley",2026,Yankees,R,1.965862539,0.0,0.3389830508474576,0.1016949152542373,-7.289976404659209,0.7457627118644068,0.1525423728813559,8.76128663520702,0.2033898305084746,12.036393646914354,0.7457627118644068,0.0508474576271186,-9.403609377148172,59,0.1694915254237288,0.9152542372881356,0.0508474576271186,-2.316937463235221,0.6779661016949152,0.2711864406779661,2.7635089578901835,2026
801725,"De León, Luis",2026,Orioles,L,2.292110921,0.0344827586206896,0.2413793103448276,0.1034482758620689,-6.606599412325392,0.5689655172413793,0.3275862068965517,7.465188119373024,0.1896551724137931,10.97718497851148,0.6724137931034483,0.1379310344827586,-9.656627203922556,58,0.1551724137931034,0.8793103448275862,0.1206896551724138,-3.2716032599783422,0.8103448275862069,0.0689655172413793,2.6655870935000423,2026
656457,"Gilbert, Tyler",2026,White Sox,L,3.914609572,0.0344827586206896,0.3275862068965517,0.0517241379310344,-5.8766895076011805,0.7068965517241379,0.2413793103448276,8.943577894772707,0.2068965517241379,14.240630221774095,0.6896551724137931,0.1034482758620689,-10.816114806760869,58,0.1896551724137931,0.8620689655172413,0.1379310344827586,-3.804203446446426,0.8103448275862069,0.0517241379310344,3.0009552719356725,2026
693312,"Nicolas, Kyle",2026,Reds,R,3.969306812,0.0862068965517241,0.1896551724137931,0.0862068965517241,-4.445225680401618,0.603448275862069,0.3103448275862069,7.396175463273053,0.1551724137931034,11.76455116037939,0.7586206896551724,0.0862068965517241,-9.043353148530723,58,0.2241379310344827,0.8793103448275862,0.1206896551724138,-4.176323902613378,0.6551724137931034,0.2241379310344827,2.6283576464384653,2026
676272,"Miller, Bobby",2026,Dodgers,R,1.999449775,0.0701754385964912,0.2105263157894736,0.0701754385964912,-5.967967556712075,0.631578947368421,0.2982456140350877,6.963477337566495,0.2105263157894736,13.33700063842823,0.6491228070175439,0.1403508771929824,-10.328214978262997,57,0.2807017543859649,0.8421052631578947,0.1403508771929824,-4.165573019162817,0.543859649122807,0.3157894736842105,2.8974381647412217,2026
701474,"Davitt, Duncan",2026,zMLB,R,1.62751526,0.0701754385964912,0.3508771929824561,0.1228070175438596,-5.597877917282649,0.7719298245614035,0.1052631578947368,6.858293825916252,0.1403508771929824,8.557553966300219,0.7192982456140351,0.1403508771929824,-8.957638986856825,57,0.2105263157894736,0.9298245614035088,0.087719298245614,-3.1556244785146665,0.7017543859649122,0.2105263157894736,3.500282096700738,2026
686610,"Waldichuk, Ken",2026,Nationals,L,5.300422241,0.087719298245614,0.2456140350877192,0.087719298245614,-5.059978709538139,0.6842105263157895,0.2280701754385964,11.139267459276438,0.2631578947368421,14.646908959991782,0.5789473684210527,0.1578947368421052,-8.790170552288103,57,0.2982456140350877,0.8771929824561403,0.175438596491228,-5.658743941374514,0.631578947368421,0.1929824561403508,2.605678038805989,2026
702303,"Martin, Riley",2026,Cubs,L,1.824390921,0.0,0.25,0.0357142857142857,-5.663969337706167,0.75,0.2142857142857142,8.062518332059184,0.0714285714285714,10.73390191240073,0.7857142857142857,0.1428571428571428,-12.726400240360787,56,0.1964285714285714,0.9107142857142856,0.1071428571428571,-2.396216299563119,0.5892857142857143,0.3035714285714285,2.8005421897636578,2026
702153,"Fitzpatrick, Brian",2026,Brewers,L,1.878505356,0.0535714285714285,0.1607142857142857,0.0178571428571428,-5.344136809085544,0.7321428571428571,0.25,6.547976402823182,0.3392857142857143,12.871050388767308,0.5357142857142857,0.125,-10.221653703369569,56,0.2321428571428571,0.8571428571428571,0.0892857142857142,-3.52045227037876,0.5714285714285714,0.3392857142857143,2.929318141596171,2026
666201,"Manoah, Alek",2026,Angels,R,2.324211282,0.0545454545454545,0.2181818181818181,0.0727272727272727,-11.15992430680794,0.6545454545454545,0.2727272727272727,8.452227156771265,0.3818181818181818,10.385260611620476,0.5454545454545454,0.0727272727272727,-11.905905347987437,55,0.2181818181818181,0.8909090909090909,0.109090909090909,-2.550384910355009,0.8,0.0909090909090909,2.8446894809137606,2026
655889,"Rodríguez, Manuel",2026,Rays,R,2.457626787,0.0185185185185185,0.1481481481481481,0.1666666666666666,-7.05801078235952,0.5925925925925926,0.2407407407407407,7.243240408693611,0.0925925925925925,10.055705431508486,0.7592592592592593,0.1481481481481481,-9.09649964621025,54,0.2592592592592592,0.8888888888888888,0.2222222222222222,-3.9117034083298607,0.5925925925925926,0.1851851851851851,2.757633917863892,2026
695445,"Lee, Chase",2026,Blue Jays,R,5.453409394,0.0925925925925925,0.2592592592592592,0.0555555555555555,-11.39763957108833,0.6296296296296297,0.3148148148148148,10.528253093411768,0.1296296296296296,11.633088324858711,0.6111111111111112,0.2592592592592592,-10.917432018017823,54,0.2222222222222222,0.8888888888888888,0.0185185185185185,-8.589715505346954,0.6851851851851852,0.2962962962962963,3.1939113870024847,2026
656786,"Mushinski, Parker",2026,Rockies,L,3.23402669,0.037037037037037,0.3333333333333333,0.0555555555555555,-4.271552493507424,0.7407407407407407,0.2037037037037037,6.353102059018116,0.1851851851851851,10.556978157916834,0.6666666666666666,0.1481481481481481,-11.602506171244556,54,0.1111111111111111,0.925925925925926,0.0555555555555555,-5.91509523929197,0.7962962962962963,0.1481481481481481,2.951434577992999,2026
608344,"Irvin, Cole",2026,Dodgers,L,3.064305608,0.037037037037037,0.2777777777777778,0.0185185185185185,-5.630810685162288,0.8148148148148148,0.1666666666666666,8.254642233963713,0.2222222222222222,13.763383379590664,0.6481481481481481,0.1296296296296296,-10.140899983713831,54,0.1851851851851851,0.925925925925926,0.1111111111111111,-2.9270834800979024,0.6481481481481481,0.2407407407407407,2.794857993308256,2026
547184,"Kelly, Michael",2026,Athletics,R,1.489179436,0.0192307692307692,0.2115384615384615,0.0576923076923076,-7.113674578692969,0.7307692307692307,0.2115384615384615,8.764233149498947,0.1153846153846153,10.152033606436625,0.6538461538461539,0.2307692307692307,-10.249272888450957,52,0.25,0.8653846153846154,0.0576923076923076,-3.2985698439496423,0.6153846153846154,0.3269230769230769,2.793160254346515,2026
656686,"Martin, Corbin",2026,Cubs,R,3.608172137,0.1153846153846153,0.1923076923076923,0.0961538461538461,-5.735580007768428,0.6346153846153846,0.2692307692307692,8.499042995764896,0.1923076923076923,11.976393737472783,0.7307692307692307,0.0769230769230769,-9.991205793503855,52,0.3461538461538461,0.8653846153846154,0.2115384615384615,-4.037296148241964,0.4807692307692308,0.3076923076923077,3.154385854449988,2026
641585,"France, J.P.",2026,Astros,R,2.316988383,0.0192307692307692,0.1923076923076923,0.0769230769230769,-6.981259952139033,0.6923076923076923,0.2307692307692307,7.792141763506464,0.3269230769230769,12.173365144909535,0.5576923076923077,0.1153846153846153,-10.525491466056158,52,0.1538461538461538,0.9230769230769232,0.0769230769230769,-2.486609006637943,0.8076923076923077,0.1153846153846153,2.8139241118389138,2026
605154,"Brebbia, John",2026,Rockies,R,0.833905283,0.0192307692307692,0.2307692307692307,0.0,,0.8269230769230769,0.173076923076923,6.426290254260132,0.2692307692307692,11.7034672613744,0.6153846153846154,0.1153846153846153,-8.017700545927703,52,0.173076923076923,0.903846153846154,0.0192307692307692,-2.494930906691263,0.7307692307692307,0.25,2.971192423601947,2026
594835,"Gonzales, Marco",2026,Rangers,L,0.862652774,0.02,0.22,0.04,-4.557157547055953,0.7,0.26,6.459632747614358,0.34,9.37134682469456,0.54,0.12,-11.809321831341858,50,0.18,0.88,0.08,-2.459038567311956,0.74,0.18,2.69210498591429,2026
692030,"Corniell, Jose",2026,Rangers,R,3.004140264,0.12,0.24,0.08,-7.192322550666557,0.68,0.24,8.720793857245688,0.26,12.295597542152532,0.6,0.14,-9.224500448100876,50,0.28,0.94,0.12,-3.0951012593912925,0.7,0.18,2.5887921207533875,2026
680702,"Gerber, Joey",2026,Mets,R,1.759235486,0.02,0.32,0.08,-6.017101536123653,0.72,0.2,6.794518683103095,0.06,10.124861786368156,0.8,0.14,-8.519611729707668,50,0.24,0.94,0.02,-2.542173690617126,0.56,0.42,2.755801148780584,2026
691945,"Baumler, Carter",2026,Rangers,R,5.922100515,0.1836734693877551,0.2448979591836734,0.0,,0.6938775510204082,0.3061224489795918,9.755942418304713,0.2448979591836734,13.740796026601444,0.6530612244897959,0.1020408163265306,-11.211161779094878,49,0.3061224489795918,0.8367346938775511,0.2448979591836734,-4.3437202265635815,0.5306122448979592,0.2244897959183673,3.256040179955116,2026
686730,"Spiers, Carson",2026,Reds,R,4.828547872,0.0612244897959183,0.2448979591836734,0.1224489795918367,-7.263849134578276,0.5714285714285714,0.3061224489795918,8.61646178983919,0.4693877551020408,12.609697768833602,0.5102040816326531,0.0204081632653061,-18.60050932396958,49,0.1836734693877551,0.9387755102040816,0.0816326530612244,-4.215595070538831,0.8163265306122449,0.1020408163265306,2.779795362324749,2026
665645,"Castro, Kervin",2026,Yankees,R,0.546230312,0.0625,0.2083333333333333,0.1458333333333333,-5.815635840276703,0.6875,0.1666666666666666,5.702153576513089,0.0416666666666666,13.201857369664795,0.75,0.2083333333333333,-10.122626702122568,48,0.25,0.875,0.0625,-3.314411385670812,0.625,0.3125,2.782981374547911,2026
694820,"Roxby, Braxton",2026,Giants,R,1.2593156,0.0416666666666666,0.2708333333333333,0.0416666666666666,-6.251334790518532,0.75,0.2083333333333333,8.133571884723775,0.3125,12.93130165123175,0.6041666666666666,0.0833333333333333,-11.73539655665832,48,0.2708333333333333,0.9583333333333334,0.0625,-2.805402502427433,0.6458333333333334,0.2916666666666667,2.776858659478301,2026
801434,"Gervase, Paul",2026,Dodgers,R,2.83800816,0.0416666666666666,0.25,0.1458333333333333,-8.847516635872628,0.6458333333333334,0.2083333333333333,6.1283815452566905,0.2083333333333333,11.500774971996844,0.7083333333333334,0.0833333333333333,-9.90104357924418,48,0.2916666666666667,0.875,0.1041666666666666,-7.117851767469379,0.6458333333333334,0.25,2.9701434668680933,2026
690155,"Pushard, Matt",2026,Cardinals,R,2.151386385,0.0212765957446808,0.3191489361702128,0.0638297872340425,-5.287411489760063,0.7659574468085106,0.1702127659574468,6.30593857363692,0.0638297872340425,11.736542570738262,0.723404255319149,0.2127659574468085,-9.990591661149557,47,0.1489361702127659,0.9148936170212766,0.0638297872340425,-5.227560319960243,0.7021276595744681,0.2340425531914893,2.9691990753704083,2026
647315,"Pop, Zach",2026,Phillies,R,5.456837001,0.0212765957446808,0.3191489361702128,0.1063829787234042,-8.364120346203745,0.6808510638297872,0.2127659574468085,9.078489581072157,0.0425531914893617,16.508187440805376,0.7872340425531915,0.1702127659574468,-8.741735245399626,47,0.1489361702127659,0.9361702127659576,0.0851063829787234,-6.080177857402766,0.7021276595744681,0.2127659574468085,2.905189687012205,2026
676454,"Cellucci, Brendan",2026,Blue Jays,L,2.99266308,0.1304347826086956,0.2826086956521739,0.0869565217391304,-5.706117506779967,0.6739130434782609,0.2391304347826087,11.052855869708257,0.217391304347826,12.19515300651991,0.6304347826086957,0.1521739130434782,-12.529620773755516,46,0.3260869565217391,0.8913043478260869,0.1304347826086956,-3.361835598475837,0.5434782608695652,0.3260869565217391,3.683728655328241,2026
682610,"Muñoz, Roddery",2026,Astros,R,4.397907385,0.1555555555555555,0.2444444444444444,0.1111111111111111,-8.70742697432116,0.6444444444444445,0.2444444444444444,10.218886663684655,0.2666666666666666,11.820545890286876,0.7333333333333333,0.0,,45,0.4444444444444444,0.9111111111111112,0.3777777777777777,-4.542879271668713,0.4666666666666667,0.1555555555555555,2.8670188743041347,2026
808970,"Go, Woo-Suk",2026,Twins,R,1.676454473,0.0454545454545454,0.3409090909090909,0.0454545454545454,-6.852176695791817,0.7954545454545454,0.1590909090909091,7.806752585601802,0.1818181818181818,11.092806443946468,0.6818181818181818,0.1363636363636363,-10.566117939844233,44,0.25,0.9545454545454546,0.1818181818181818,-2.855603807830817,0.5681818181818182,0.25,2.7710447655954544,2026
675627,"Grove, Michael",2026,Rays,R,4.073609239,0.1136363636363636,0.3409090909090909,0.1363636363636363,-4.730467003633089,0.6363636363636364,0.2272727272727272,7.658231174752584,0.25,12.552513194257068,0.6590909090909091,0.0909090909090909,-8.616262852023016,44,0.2727272727272727,0.8636363636363636,0.2727272727272727,-4.899050973505197,0.7045454545454546,0.0227272727272727,2.82223103804108,2026
688497,"Rashi, Taylor",2026,zMLB,R,2.772497316,0.0454545454545454,0.2272727272727272,0.0454545454545454,-7.227578286313365,0.7045454545454546,0.25,7.751389344581594,0.1590909090909091,12.813032979197766,0.6818181818181818,0.1590909090909091,-9.04014119288258,44,0.3409090909090909,0.7954545454545454,0.2272727272727272,-4.661848138398752,0.5,0.2727272727272727,2.9692854522025707,2026
605218,"Edwards Jr., Carl",2026,Mets,R,1.908459095,0.0930232558139534,0.1627906976744186,0.0697674418604651,-6.511758842369376,0.627906976744186,0.3023255813953488,6.182365103227207,0.2558139534883721,10.136456636396607,0.627906976744186,0.1162790697674418,-9.352100806495772,43,0.5116279069767442,0.9302325581395348,0.2325581395348837,-4.176502030274378,0.3720930232558139,0.3953488372093023,3.4001753127371943,2026
592288,"Emanuel, Kent",2026,Reds,L,1.600403704,0.0232558139534883,0.2325581395348837,0.1860465116279069,-6.548484463371318,0.7209302325581395,0.0930232558139534,8.3475541762685,0.2325581395348837,10.922594089883018,0.6511627906976745,0.1162790697674418,-9.633863931890518,43,0.2093023255813953,0.9534883720930232,0.1395348837209302,-2.815514612252069,0.6976744186046512,0.1627906976744186,2.5781328263822325,2026
804926,"Peterson, Austin",2026,Guardians,R,4.429060149,0.1162790697674418,0.3023255813953488,0.0232558139534883,-6.77429353472165,0.6511627906976745,0.3255813953488372,11.085503885426576,0.3953488372093023,12.735982491984403,0.5116279069767442,0.0930232558139534,-9.05344494905274,43,0.3023255813953488,0.9069767441860463,0.1162790697674418,-2.983741733657408,0.6744186046511628,0.2093023255813953,3.4291010912691644,2026
681806,"Wantz, Andrew",2026,zMLB,R,2.969335143,0.0232558139534883,0.1395348837209302,0.1395348837209302,-5.32052221220279,0.6976744186046512,0.1627906976744186,7.651026079947177,0.1395348837209302,11.995784935795191,0.7674418604651163,0.0930232558139534,-10.262310928732871,43,0.1395348837209302,0.9534883720930232,0.0232558139534883,-4.6369041945193,0.6046511627906976,0.3720930232558139,2.92489348232008,2026
689690,"Jacob, Alek",2026,Padres,R,4.164001107,0.0930232558139534,0.1162790697674418,0.0930232558139534,-5.469730017737652,0.5348837209302325,0.3720930232558139,11.66441772456212,0.4186046511627907,17.283296577436403,0.4418604651162791,0.1395348837209302,-10.177083211309624,43,0.3953488372093023,0.8837209302325582,0.1395348837209302,-3.18637986548614,0.5116279069767442,0.3488372093023256,3.050039957501929,2026
690990,"Horton, Cade",2026,Cubs,R,2.575746573,0.0476190476190476,0.238095238095238,0.0476190476190476,-7.518439321410366,0.5476190476190477,0.4047619047619047,7.364470884986531,0.238095238095238,10.705966202647591,0.6190476190476191,0.1428571428571428,-8.640519344690144,42,0.238095238095238,0.9761904761904762,0.0952380952380952,-3.00039639593977,0.7142857142857143,0.1904761904761904,2.6761303534157097,2026
605335,"Leibrandt, Brandon",2026,Reds,L,3.590246678,0.0,0.2619047619047619,0.1428571428571428,-4.742068731927427,0.5714285714285714,0.2857142857142857,9.413112281248235,0.2857142857142857,13.606437223860658,0.5714285714285714,0.1428571428571428,-10.630016519049414,42,0.2619047619047619,0.8809523809523809,0.0238095238095238,-2.044097839994328,0.7857142857142857,0.1904761904761904,2.7809754359209435,2026
663432,"Rainey, Tanner",2026,Tigers,R,3.386594116,0.1666666666666666,0.2142857142857142,0.0476190476190476,-4.9087253164375575,0.6904761904761905,0.2619047619047619,10.315682973099616,0.2857142857142857,13.256550589154529,0.5952380952380952,0.119047619047619,-12.823737046783648,42,0.4047619047619047,0.9523809523809524,0.1904761904761904,-4.075718487897019,0.5238095238095238,0.2857142857142857,2.7488191289034027,2026
664192,"Lucchesi, Joey",2026,Angels,L,6.94036892,0.024390243902439,0.1951219512195122,0.1463414634146341,-6.790369942989846,0.6341463414634146,0.2195121951219512,9.446873989888676,0.048780487804878,21.078211434489347,0.5121951219512195,0.4390243902439024,-10.769778185536987,41,0.1707317073170731,0.7560975609756098,0.0975609756097561,-5.96348280268215,0.6341463414634146,0.2682926829268293,2.920989964290344,2026
641656,"Hamilton, Ian",2026,Braves,R,4.461636808,0.075,0.25,0.025,-4.304376979319141,0.675,0.3,10.81032516752134,0.325,11.603507156167792,0.55,0.125,-10.631261641955156,40,0.275,0.85,0.075,-3.462433085204736,0.75,0.175,2.8592763219243342,2026
694397,"Raya, Marco",2026,Twins,R,3.272161523,0.05,0.25,0.1,-5.527095813580779,0.575,0.325,8.319559726424421,0.225,13.607708622179178,0.725,0.05,-11.316118727386288,40,0.275,0.9,0.15,-3.6361909777642816,0.725,0.125,2.8951291191751154,2026
702047,"Cook, Alex",2026,Rays,R,2.691904905,0.0256410256410256,0.3333333333333333,0.0256410256410256,-5.594265438636793,0.7435897435897436,0.2307692307692307,7.595415831756063,0.1025641025641025,9.805365809922607,0.7948717948717948,0.1025641025641025,-11.273797238643091,39,0.2307692307692307,0.9230769230769232,0.0256410256410256,-3.649989641770132,0.6153846153846154,0.358974358974359,2.869728709337293,2026
702281,"Snelling, Robby",2026,Marlins,L,5.954228708,0.1538461538461538,0.2051282051282051,0.1282051282051282,-6.660075950218598,0.6410256410256411,0.2307692307692307,15.228955654890605,0.2564102564102564,12.552151981618216,0.6153846153846154,0.1282051282051282,-11.978238882110274,39,0.3076923076923077,0.8974358974358975,0.2307692307692307,-3.160581127940912,0.5897435897435898,0.1794871794871795,2.957194858735707,2026
686563,"Cannon, Jonathan",2026,White Sox,R,2.205743137,0.0526315789473684,0.1578947368421052,0.0526315789473684,-7.81056657548369,0.7368421052631579,0.2105263157894736,9.58873900804692,0.1578947368421052,13.132130768764124,0.7105263157894737,0.131578947368421,-9.375742188988042,38,0.2894736842105263,0.9210526315789472,0.0263157894736842,-2.788583666621568,0.5,0.4736842105263157,3.009302084447814,2026
676508,"Casparius, Ben",2026,Dodgers,R,1.458227676,0.027027027027027,0.2162162162162162,0.1621621621621621,-7.363458112965551,0.6486486486486487,0.1891891891891892,9.029536318831292,0.1891891891891892,11.645968378343529,0.7297297297297297,0.081081081081081,-8.756571618240585,37,0.3783783783783784,0.945945945945946,0.081081081081081,-3.1663549202048387,0.5945945945945946,0.3243243243243243,3.0289701919201595,2026
811315,"Hopkins, Brody",2026,Rays,R,3.85005003,0.081081081081081,0.2432432432432432,0.081081081081081,-7.218527440060326,0.7297297297297297,0.1891891891891892,7.5544453095109345,0.054054054054054,8.192236279664238,0.7837837837837838,0.1621621621621621,-11.418202853526717,37,0.2702702702702703,0.8648648648648649,0.2162162162162162,-6.270739887512827,0.5135135135135135,0.2702702702702703,3.232953707353078,2026
687287,"Monteverde, Patrick",2026,Marlins,L,1.118082189,0.054054054054054,0.1891891891891892,0.1351351351351351,-5.196336496523321,0.5675675675675675,0.2972972972972973,6.504075364576787,0.3513513513513513,12.49219864292225,0.6216216216216216,0.027027027027027,-19.48195665381333,37,0.1081081081081081,0.945945945945946,0.081081081081081,-2.741481681559928,0.7027027027027027,0.2162162162162162,2.6207754597306296,2026
669169,"Heasley, Jonathan",2026,Rays,R,1.115174857,0.027027027027027,0.2972972972972973,0.081081081081081,-4.979271355282229,0.7567567567567568,0.1621621621621621,5.840740806712431,0.1621621621621621,9.000440251067465,0.7567567567567568,0.081081081081081,-11.014133570609523,37,0.081081081081081,0.945945945945946,0.1621621621621621,-2.4896592191293405,0.7027027027027027,0.1351351351351351,2.5103661584068013,2026
672021,"Cerantola, Eric",2026,Royals,R,2.648865504,0.0555555555555555,0.1944444444444444,0.0,,0.5555555555555556,0.4444444444444444,9.300024685026504,0.3888888888888889,13.936814091596371,0.5277777777777778,0.0833333333333333,-10.205576008579792,36,0.3888888888888889,0.8888888888888888,0.1388888888888889,-3.134047021535584,0.6944444444444444,0.1666666666666666,2.765796368119817,2026
694357,"Tiedemann, Ricky",2026,Blue Jays,L,4.061569147,0.1388888888888889,0.1944444444444444,0.0555555555555555,-4.722939700606913,0.5555555555555556,0.3888888888888889,11.103848353201796,0.2777777777777778,11.905684873525455,0.5,0.2222222222222222,-13.599010092762448,36,0.3333333333333333,0.7222222222222222,0.1388888888888889,-2.771710936544724,0.5277777777777778,0.3333333333333333,3.358609116268485,2026
666619,"Santos, Gregory",2026,Giants,R,0.288722292,0.0,0.4166666666666667,0.0555555555555555,-6.101809608124141,0.8333333333333334,0.1111111111111111,5.664467058723107,0.0833333333333333,9.179096473548013,0.8055555555555556,0.1111111111111111,-10.486310795142456,36,0.0833333333333333,1.0,0.1388888888888889,-2.327773415588548,0.8333333333333334,0.0277777777777777,2.933656301915512,2026
670912,"Oviedo, Johan",2026,Red Sox,R,5.880244531,0.0571428571428571,0.2,0.0857142857142857,-5.43614524859899,0.6285714285714286,0.2857142857142857,10.026822100094442,0.2571428571428571,15.707965130688937,0.6285714285714286,0.1142857142857142,-9.154439005489603,35,0.1428571428571428,0.9142857142857144,0.0571428571428571,-3.659072368184264,0.6571428571428571,0.2857142857142857,3.073135519563139,2026
640451,"Harvey, Hunter",2026,Cubs,R,1.977419198,0.1142857142857142,0.2285714285714285,0.0,,0.6571428571428571,0.3428571428571428,6.142134140507936,0.2,8.602200878864444,0.6571428571428571,0.1428571428571428,-10.871434223021934,35,0.2,0.9428571428571428,0.1428571428571428,-3.1137673312107244,0.6285714285714286,0.2285714285714285,2.5856940868993146,2026
676596,"Fleming, Josh",2026,Blue Jays,L,4.023858778,0.0588235294117647,0.1764705882352941,0.088235294117647,-7.4942748532884575,0.4411764705882353,0.4705882352941176,7.600253672294198,0.3529411764705882,12.360309417386247,0.5588235294117647,0.088235294117647,-12.27034765887281,34,0.1470588235294117,0.8529411764705882,0.0588235294117647,-2.4688124825103306,0.8529411764705882,0.088235294117647,2.72699237629564,2026
621107,"Eflin, Zach",2026,Orioles,R,3.303463569,0.088235294117647,0.1764705882352941,0.0294117647058823,-4.027168310487514,0.6176470588235294,0.3529411764705882,8.832437274735415,0.3235294117647059,14.873588776423132,0.5294117647058824,0.1470588235294117,-10.070177916807587,34,0.3529411764705882,0.9705882352941176,0.2941176470588235,-3.144280846249404,0.6470588235294118,0.0588235294117647,2.3462656369331256,2026
671109,"Eder, Jake",2026,Dodgers,L,1.35930038,0.0606060606060606,0.3333333333333333,0.0606060606060606,-6.41760806182671,0.7575757575757576,0.1818181818181818,6.229261637263604,0.1212121212121212,10.032666148311844,0.7272727272727273,0.1515151515151515,-9.367715089303308,33,0.0909090909090909,0.9393939393939394,0.1515151515151515,-2.621332045806632,0.6363636363636364,0.2121212121212121,2.7330817532832805,2026
689981,"Ryan, River",2026,Tigers,R,3.291487472,0.125,0.25,0.125,-6.540616986027304,0.59375,0.28125,6.970412269887491,0.125,10.479301157754415,0.6875,0.1875,-9.436751766632192,32,0.3125,0.875,0.21875,-5.318725058823859,0.53125,0.25,2.778255011022767,2026
675919,"Raquet, Nick",2026,Orioles,L,0.75893751,0.0,0.28125,0.125,-4.716544746833979,0.71875,0.15625,6.124814240194406,0.15625,8.991068840643328,0.75,0.09375,-9.401792100844842,32,0.0625,0.84375,0.0625,-2.742984962655396,0.71875,0.21875,2.630618910360796,2026
688692,"Simpson, Jared",2026,Nationals,L,0.950645006,0.0666666666666666,0.2,0.1,-4.979371050629126,0.7333333333333333,0.1666666666666666,6.548469225929731,0.1,9.201544956703977,0.5666666666666667,0.3333333333333333,-9.211322149369895,30,0.1666666666666666,0.9333333333333332,0.0,,0.7666666666666667,0.2333333333333333,3.118534210087148,2026
676702,"Stratton, Hunter",2026,zMLB,R,1.441902561,0.0333333333333333,0.2666666666666666,0.2,-5.319784738962457,0.7333333333333333,0.0666666666666666,11.360695010936496,0.1333333333333333,11.831795887801348,0.7333333333333333,0.1333333333333333,-8.875032938523505,30,0.1666666666666666,0.9666666666666668,0.0666666666666666,-2.875022680814622,0.5666666666666667,0.3666666666666666,2.7567710553735734,2026
692064,"Rodríguez, José",2026,Blue Jays,R,5.040711891,0.2142857142857142,0.1428571428571428,0.0714285714285714,-7.063464012409451,0.4642857142857143,0.4642857142857143,10.255853310613633,0.2857142857142857,15.089381915864994,0.5714285714285714,0.1428571428571428,-12.305809599483128,28,0.3928571428571428,0.8214285714285714,0.3214285714285714,-3.813228542980189,0.5357142857142857,0.1428571428571428,3.529361191959886,2026
664074,"Ponce, Cody",2026,Blue Jays,R,3.33889456,0.2142857142857142,0.1785714285714285,0.0714285714285714,-5.1608685317417855,0.5,0.4285714285714285,9.394552519762245,0.3571428571428571,11.556311708150169,0.5,0.1428571428571428,-11.04329050575108,28,0.5357142857142857,0.8928571428571429,0.4285714285714285,-3.626298091752973,0.4642857142857143,0.1071428571428571,3.370808967610199,2026
642759,"Fernández, Julian",2026,Nationals,R,2.905258867,0.0357142857142857,0.2857142857142857,0.0714285714285714,-7.507561501820833,0.75,0.1785714285714285,10.428002341754478,0.2142857142857142,12.439097192819888,0.7142857142857143,0.0714285714285714,-12.028488553005346,28,0.2857142857142857,0.9642857142857144,0.0714285714285714,-4.643933686168764,0.7142857142857143,0.2142857142857142,2.769356954184636,2026
683155,"Estes, Joey",2026,Athletics,R,1.428723789,0.0,0.2592592592592592,0.0,,0.8888888888888888,0.1111111111111111,5.511497914015727,0.1851851851851851,10.901749779643096,0.7407407407407407,0.074074074074074,-8.41626889005386,27,0.1481481481481481,0.9629629629629628,0.074074074074074,-3.5729535319187224,0.6296296296296297,0.2962962962962963,2.855181505610099,2026
623381,"Pannone, Thomas",2026,Brewers,L,0.760852969,0.037037037037037,0.2222222222222222,0.1111111111111111,-5.756889281917382,0.7037037037037037,0.1851851851851851,7.988767473239474,0.2222222222222222,8.906637391197359,0.6296296296296297,0.1481481481481481,-11.468372327410826,27,0.1111111111111111,0.9629629629629628,0.1111111111111111,-2.261989589797302,0.5925925925925926,0.2962962962962963,2.970119653561303,2026
669145,"Zimmermann, Bruce",2026,Cardinals,L,2.287002068,0.1111111111111111,0.3703703703703703,0.1481481481481481,-6.2837459289281234,0.7037037037037037,0.1481481481481481,8.850890122674834,0.1851851851851851,9.499056288635291,0.7777777777777778,0.037037037037037,-14.250723868736385,27,0.1111111111111111,0.925925925925926,0.1111111111111111,-2.616897062148356,0.7407407407407407,0.1481481481481481,2.677958610438332,2026
680686,"Gray, Josiah",2026,Nationals,R,3.741978734,0.0769230769230769,0.3461538461538461,0.1153846153846153,-4.999288809625361,0.6153846153846154,0.2692307692307692,9.015023271274323,0.3076923076923077,14.154792006821657,0.6923076923076923,0.0,,26,0.2307692307692307,1.0,0.1153846153846153,-4.1021522531097165,0.7692307692307693,0.1153846153846153,2.308372538388748,2026
684516,"Rincon, Hancel",2026,Cardinals,R,2.843265529,0.0384615384615384,0.1923076923076923,0.0384615384615384,-7.387000168043915,0.7307692307692307,0.2307692307692307,7.494784275390063,0.1538461538461538,11.019739384018656,0.8076923076923077,0.0384615384615384,-7.085542650658119,26,0.2692307692307692,0.9615384615384616,0.1923076923076923,-3.7737858984381054,0.4230769230769231,0.3846153846153846,2.51897752461967,2026
672578,"Hernández, Carlos",2026,Guardians,R,2.170045474,0.0384615384615384,0.2692307692307692,0.0384615384615384,-5.195336863606748,0.7692307692307693,0.1923076923076923,6.239209970039496,0.1923076923076923,11.986435562091067,0.7307692307692307,0.0769230769230769,-8.162114842284442,26,0.2307692307692307,1.0,0.1923076923076923,-3.4998597352402605,0.5769230769230769,0.2307692307692307,2.8465886574376347,2026
686228,"Burgos, Juan",2026,Diamondbacks,R,0.46507408,0.0,0.2692307692307692,0.1538461538461538,-7.105170257107277,0.6538461538461539,0.1923076923076923,5.41788819217505,0.2307692307692307,10.53345101495146,0.7307692307692307,0.0384615384615384,-8.078560864074666,26,0.1153846153846153,0.9615384615384616,0.0384615384615384,-2.405931454677825,0.8076923076923077,0.1538461538461538,2.478589480678157,2026
687924,"Aguiar, Julian",2026,Reds,R,6.637500404,0.08,0.24,0.2,-5.150850406799377,0.52,0.28,10.098960397636075,0.24,16.06996047057629,0.64,0.12,-8.782524289275292,25,0.12,0.92,0.08,-2.876860343715557,0.72,0.2,2.456598395599946,2026
680689,"Richardson, Lyon",2026,zMLB,R,2.368168089,0.08,0.24,0.0,,0.76,0.24,9.427851373595075,0.44,10.853038866917467,0.44,0.12,-9.629259863767816,25,0.32,0.96,0.24,-3.152389579637417,0.64,0.12,2.489620879108753,2026
668716,"Murdock, Noah",2026,Pirates,R,1.764311154,0.08,0.24,0.04,-4.9618078243268045,0.64,0.32,6.328225804079378,0.16,9.790529892185738,0.68,0.16,-10.119362322470618,25,0.2,0.88,0.2,-2.825030037724601,0.56,0.24,2.6761918827466733,2026
676105,"Criswell, Jeff",2026,Rockies,R,1.264857218,0.12,0.28,0.16,-5.111015556991116,0.56,0.28,6.624762863407799,0.16,12.036807233511832,0.76,0.08,-9.579691778771998,25,0.36,0.92,0.16,-2.6333358843269346,0.64,0.2,3.166219437902649,2026
700413,"Uberstine, Tyler",2026,Red Sox,R,1.481474149,0.08,0.16,0.04,-4.115702614081517,0.68,0.28,7.034723810531611,0.24,9.992413242278245,0.68,0.08,-11.886050297529032,25,0.32,0.88,0.08,-4.322050975605442,0.48,0.44,2.6259968545831702,2026
676910,"Seelinger, Matt",2026,Mets,R,3.373216407,0.125,0.2083333333333333,0.0,,0.7083333333333334,0.2916666666666667,7.869484337407568,0.25,12.571160365860225,0.5416666666666666,0.2083333333333333,-12.78017435360588,24,0.2916666666666667,0.7916666666666666,0.125,-4.822696360825234,0.5416666666666666,0.3333333333333333,3.87272400479026,2026
662144,"Keller, Brian",2026,Phillies,R,3.832823844,0.125,0.25,0.0833333333333333,-9.456507880341483,0.75,0.1666666666666666,6.980201628645577,0.2083333333333333,12.448964595408109,0.625,0.1666666666666666,-11.96938977073787,24,0.1666666666666666,0.8333333333333334,0.1666666666666666,-4.125725485597422,0.5833333333333334,0.25,2.5925765071942344,2026
656557,"Houck, Tanner",2026,Red Sox,R,1.965700752,0.0,0.3333333333333333,0.1666666666666666,-5.769333152780682,0.625,0.2083333333333333,6.097801543124417,0.0416666666666666,15.086711778386665,0.8333333333333334,0.125,-11.214750487228937,24,0.0416666666666666,0.875,0.125,-2.7971467965223527,0.7916666666666666,0.0833333333333333,2.9754830226296898,2026
678576,"Ramos, Wilkin",2026,Giants,R,4.171307742,0.0869565217391304,0.217391304347826,0.1304347826086956,-8.592638154382433,0.6956521739130435,0.1739130434782608,8.924577021623866,0.1304347826086956,14.226203067189257,0.4347826086956521,0.4347826086956521,-12.069533277322511,23,0.2608695652173913,0.8260869565217391,0.217391304347826,-4.349071419697264,0.5652173913043478,0.217391304347826,3.5585704948980403,2026
671131,"Rutledge, Jackson",2026,Nationals,R,2.673551254,0.0869565217391304,0.1739130434782608,0.0869565217391304,-6.470344428550028,0.6521739130434783,0.2608695652173913,10.176426023250748,0.391304347826087,11.819836453098992,0.4782608695652174,0.1304347826086956,-10.420325572257733,23,0.3478260869565217,0.9130434782608696,0.1739130434782608,-2.5865994048836205,0.6521739130434783,0.1739130434782608,3.1690552433314223,2026
700187,"Taylor, Troy",2026,Mariners,R,6.264406707,0.2727272727272727,0.3636363636363636,0.0,,0.6363636363636364,0.3636363636363636,14.151544765436697,0.3181818181818182,14.942099610972493,0.5454545454545454,0.1363636363636363,-16.15700135632543,22,0.3636363636363636,0.7727272727272727,0.2727272727272727,-3.532235956526017,0.5909090909090909,0.1363636363636363,3.764694749956073,2026
664062,"Gonsolin, Tony",2026,Royals,R,4.848437134,0.1818181818181818,0.1818181818181818,0.0454545454545454,-4.354763376102255,0.5454545454545454,0.4090909090909091,8.882950428578033,0.4090909090909091,12.532402666488284,0.5909090909090909,0.0,,22,0.2727272727272727,0.9545454545454546,0.3181818181818182,-3.712879060051976,0.5909090909090909,0.0909090909090909,2.420981027074315,2026
686678,"Solesky, Chase",2026,Rays,R,0.1,0.0,0.3181818181818182,0.0909090909090909,-5.186561148030803,0.8636363636363636,0.0454545454545454,5.002918890924285,0.0909090909090909,10.72952665801845,0.5909090909090909,0.3181818181818182,-9.25049972459269,22,0.0909090909090909,0.9090909090909092,0.0909090909090909,-2.4796953049871293,0.7272727272727273,0.1818181818181818,2.3897394019386544,2026
592826,"Velasquez, Vince",2026,Cubs,R,2.752412124,0.0476190476190476,0.2857142857142857,0.0,,0.7142857142857143,0.2857142857142857,8.02859490124647,0.2857142857142857,11.35431479808261,0.6666666666666666,0.0476190476190476,-8.501067078929514,21,0.1428571428571428,0.9523809523809524,0.0,,0.7619047619047619,0.238095238095238,2.872962312034946,2026
691548,"Muñoz, Rolddy",2026,Braves,R,1.601401642,0.1904761904761904,0.3333333333333333,0.0,,0.6666666666666666,0.3333333333333333,6.333473754103485,0.3809523809523809,10.100166705144062,0.5238095238095238,0.0952380952380952,-9.8653143208081,21,0.3333333333333333,0.9523809523809524,0.1904761904761904,-3.297773215742147,0.7619047619047619,0.0476190476190476,3.207483038321491,2026
700327,"Herrera, Welinton",2026,Rockies,L,3.519150202,0.0476190476190476,0.2857142857142857,0.0,,0.8571428571428571,0.1428571428571428,9.48744416435196,0.1428571428571428,12.98810120670593,0.7619047619047619,0.0952380952380952,-7.911608581553171,21,0.1904761904761904,1.0,0.1428571428571428,-2.5465336219489934,0.5714285714285714,0.2857142857142857,2.686242277770325,2026
642585,"Bautista, Félix",2026,Orioles,R,6.742082618,0.3,0.3,0.05,-6.652590299921361,0.5,0.45,11.764325341143412,0.4,15.156652747340484,0.6,0.0,,20,0.5,0.95,0.45,-4.987277150117075,0.4,0.15,3.100988628954171,2026
676130,"Buttó, José",2026,Giants,R,2.614424651,0.1,0.15,0.15,-6.819255573967115,0.55,0.3,6.366601486545418,0.25,10.650512904828377,0.6,0.15,-10.06903428280567,20,0.4,0.75,0.15,-6.818800047470879,0.7,0.15,4.057914306717655,2026
693713,"Teodo, Emiliano",2026,Rangers,R,3.960036132,0.1052631578947368,0.2105263157894736,0.0,,0.7368421052631579,0.2631578947368421,10.00882941065812,0.3157894736842105,9.937110376899753,0.5789473684210527,0.1052631578947368,-9.243984967256154,19,0.2105263157894736,1.0,0.2105263157894736,-2.6952987876920926,0.4210526315789473,0.3684210526315789,2.932990408528068,2026
694350,"Brzykcy, Zach",2026,Marlins,R,3.176060801,0.0,0.3333333333333333,0.1111111111111111,-5.845023225196478,0.7222222222222222,0.1666666666666666,8.277238153269272,0.1666666666666666,13.309626730872,0.6666666666666666,0.1666666666666666,-9.950164712651867,18,0.1666666666666666,0.8333333333333334,0.1111111111111111,-3.0269666833349245,0.8333333333333334,0.0555555555555555,3.189258183445188,2026
675920,"Lonsway, Seth",2026,Giants,L,1.312380114,0.0,0.3888888888888889,0.1111111111111111,-6.255462500107528,0.7222222222222222,0.1666666666666666,9.876497209845349,0.1666666666666666,14.74488368903334,0.7222222222222222,0.1111111111111111,-11.50413480614851,18,0.2222222222222222,0.9444444444444444,0.1111111111111111,-2.4998838650670665,0.8333333333333334,0.0555555555555555,2.8807671871546705,2026
529017,"Cornielle, Alexander",2026,Yankees,R,2.916448345,0.1666666666666666,0.1666666666666666,0.0,,0.7222222222222222,0.2777777777777778,8.373344149978475,0.1666666666666666,12.730722120560632,0.7222222222222222,0.1111111111111111,-10.766771011107576,18,0.2222222222222222,1.0,0.0555555555555555,-3.2083028745735303,0.5,0.4444444444444444,2.809546032242763,2026
621139,"Kriske, Brooks",2026,Athletics,R,5.953492833,0.0555555555555555,0.3333333333333333,0.0,,0.6666666666666666,0.3333333333333333,12.312052082824096,0.5555555555555556,13.925972342996898,0.4444444444444444,0.0,,18,0.2222222222222222,0.8888888888888888,0.1111111111111111,-2.4417705140426813,0.7777777777777778,0.1111111111111111,2.588823646232304,2026
687859,"Johnston, Troy",2026,Rockies,L,0.407125194,0.0555555555555555,0.2222222222222222,0.0,,0.8333333333333334,0.1666666666666666,5.421486743251497,0.0555555555555555,8.598831830730482,0.5,0.4444444444444444,-12.695066684633638,18,0.1111111111111111,0.8333333333333334,0.0,,0.6666666666666666,0.3333333333333333,2.5837266590214747,2026
680880,"Holman, Grant",2026,Phillies,R,8.141647956,0.1176470588235294,0.2352941176470588,0.1764705882352941,-5.719519246815167,0.5882352941176471,0.2352941176470588,9.379262295722247,0.2352941176470588,14.165591223057811,0.7058823529411765,0.0588235294117647,-13.752133443420831,17,0.2352941176470588,0.8235294117647058,0.2941176470588235,-5.7804502366604265,0.5294117647058824,0.1764705882352941,2.8567162965593065,2026
687060,"Adams, Blake",2026,Rockies,R,3.599442228,0.1176470588235294,0.2352941176470588,0.1176470588235294,-5.685753743419125,0.7647058823529411,0.1176470588235294,5.859670007571172,0.0,,0.7058823529411765,0.2941176470588235,-11.434290066203609,17,0.1764705882352941,0.8235294117647058,0.0588235294117647,-10.164508579644773,0.7058823529411765,0.2352941176470588,3.689539974478712,2026
669704,"Strowd, Kade",2026,Diamondbacks,R,,0.0,0.1875,0.25,-4.819707730644076,0.625,0.125,8.334267687969124,0.1875,7.148185866913387,0.625,0.1875,-8.530851809593548,16,0.0,1.0,0.0,,0.875,0.125,2.5821132948078094,2026
624431,"Trevino, Jose",2026,Reds,R,0.237294252,0.0,0.25,0.0625,-11.06635358081336,0.6875,0.25,5.48028748753981,0.375,13.564500050736852,0.5,0.125,-19.650506659240296,16,0.0625,0.9375,0.0,,0.875,0.125,3.0023493649106223,2026
683734,"Vaughn, Andrew",2026,Brewers,R,1.315137531,0.0,0.375,0.0,,0.8125,0.1875,7.731694861778507,0.4375,21.66868676361856,0.5,0.0625,-8.525064966100217,16,0.3125,0.8125,0.0,,0.75,0.25,2.5186617845609804,2026
681084,"Andrews, Tanner",2026,Blue Jays,R,5.526813714,0.1333333333333333,0.2,0.2,-5.682347514143198,0.4666666666666667,0.3333333333333333,8.678134764488636,0.3333333333333333,12.141756966174777,0.6,0.0666666666666666,-7.244571676079477,15,0.2666666666666666,0.8666666666666667,0.2,-5.154681237943936,0.6666666666666666,0.1333333333333333,3.1603466925040715,2026
681973,"Hendrickson, Josh",2026,Astros,L,2.438688499,0.1333333333333333,0.4,0.0,,0.7333333333333333,0.2666666666666666,7.711583099437591,0.2,14.135350823141705,0.6,0.2,-13.195345393270951,15,0.4,0.8666666666666667,0.1333333333333333,-2.8023101191649986,0.5333333333333333,0.3333333333333333,3.755666598751584,2026
686796,"Walston, Blake",2026,Diamondbacks,L,0.729543601,0.0,0.2666666666666666,0.0,,0.6666666666666666,0.3333333333333333,5.515591906822374,0.3333333333333333,10.420446988411651,0.4666666666666667,0.2,-11.081659484688725,15,0.3333333333333333,0.8666666666666667,0.0666666666666666,-3.213827705845409,0.6666666666666666,0.2666666666666666,2.838822310493001,2026
621389,"Blach, Ty",2026,Cubs,L,2.974800928,0.1428571428571428,0.2142857142857142,0.0,,0.6428571428571429,0.3571428571428571,8.34482401512615,0.2142857142857142,10.491905859699632,0.4285714285714285,0.3571428571428571,-9.413438525054172,14,0.2857142857142857,0.9285714285714286,0.1428571428571428,-2.999795875588896,0.7857142857142857,0.0714285714285714,2.2643595991867427,2026
641386,"Bowden, Ben",2026,Athletics,L,0.801600522,0.0,0.2142857142857142,0.0714285714285714,-9.732713745270182,0.6428571428571429,0.2857142857142857,5.18605576930463,0.0714285714285714,10.931359653458438,0.9285714285714286,0.0,,14,0.1428571428571428,1.0,0.0,,0.6428571428571429,0.3571428571428571,2.687840954071479,2026
692437,"Santos, Winston",2026,Rangers,R,0.700266162,0.0769230769230769,0.3076923076923077,0.0,,0.6153846153846154,0.3846153846153846,5.458687590438478,0.3076923076923077,9.039176125356205,0.6153846153846154,0.0769230769230769,-8.635562973264411,13,0.1538461538461538,1.0,0.1538461538461538,-2.9094628962999343,0.6923076923076923,0.1538461538461538,3.0181600230229817,2026
687985,"White, Josh",2026,Marlins,R,,0.0,0.1666666666666666,0.0,,0.9166666666666666,0.0833333333333333,4.721143514090212,0.0,,0.6666666666666666,0.3333333333333333,-10.42977929703222,12,0.0833333333333333,0.8333333333333334,0.0833333333333333,-2.821465376456645,0.3333333333333333,0.5833333333333334,2.767764928756982,2026
628708,"Marte, Yunior",2026,Reds,R,2.892503799,0.1666666666666666,0.1666666666666666,0.1666666666666666,-6.805883761216842,0.4166666666666667,0.4166666666666667,8.625154775641564,0.5,12.262691249915196,0.5,0.0,,12,0.4166666666666667,0.75,0.4166666666666667,-3.2273826912722687,0.5,0.0833333333333333,3.2457943059623457,2026
680951,"Nikhazy, Doug",2026,White Sox,L,3.537874173,0.0,0.3333333333333333,0.0,,0.6666666666666666,0.3333333333333333,8.976959407547795,0.4166666666666667,13.394882410291036,0.5833333333333334,0.0,,12,0.3333333333333333,1.0,0.0833333333333333,-2.6250509951834093,0.75,0.1666666666666666,3.210836235915621,2026
661527,"Martinez, Seth",2026,Red Sox,R,2.565959368,0.0,0.1818181818181818,0.1818181818181818,-7.611000529587912,0.3636363636363636,0.4545454545454545,24.25651442111436,0.2727272727272727,12.65481101154879,0.4545454545454545,0.2727272727272727,-16.874449287504167,11,0.3636363636363636,0.7272727272727273,0.0909090909090909,-2.6658766399632534,0.8181818181818182,0.0909090909090909,3.4032983363610776,2026
681432,"Little, Luke",2026,Cubs,L,1.754183576,0.0,0.2,0.3,-4.344947162181632,0.6,0.1,12.581857904903137,0.2,13.195484873237731,0.4,0.4,-9.733010051791457,10,0.3,0.9,0.1,-2.5235697139018067,0.7,0.2,4.302351034693222,2026
682997,"Callihan, Tyler",2026,Pirates,R,,0.0,0.4,0.0,,0.9,0.1,5.79133891710158,0.2,11.571629742981894,0.6,0.2,-10.38131331726254,10,0.0,0.9,0.0,,0.9,0.1,2.756983847425532,2026
686780,"Pagés, Pedro",2026,Cardinals,R,,0.0,0.2,0.0,,1.0,0.0,,0.6,16.98270014117584,0.2,0.2,-9.111086294477667,10,0.0,1.0,0.0,,1.0,0.0,,2026
686628,"Burkhalter, Blake",2026,Braves,R,3.477325324,0.1,0.2,0.0,,0.7,0.3,8.394362925617633,0.2,13.92910836376338,0.6,0.2,-7.801235029555645,10,0.4,1.0,0.1,-6.56091360331032,0.7,0.2,3.7437784012833815,2026
679922,"Duran, Carlos",2026,Royals,R,0.157030022,0.1111111111111111,0.1111111111111111,0.1111111111111111,-9.48030934499896,0.5555555555555556,0.3333333333333333,7.836971454435507,0.1111111111111111,7.053793022481445,0.5555555555555556,0.3333333333333333,-8.84299683700448,9,0.2222222222222222,0.8888888888888888,0.1111111111111111,-2.6605882842270403,0.7777777777777778,0.1111111111111111,3.20912675969328,2026
657376,"Schmidt, Clarke",2026,Yankees,R,4.001565796,0.2222222222222222,0.0,0.1111111111111111,-4.366552195484001,0.3333333333333333,0.5555555555555556,9.012531429697797,0.2222222222222222,16.95384637958776,0.7777777777777778,0.0,,9,0.3333333333333333,0.8888888888888888,0.2222222222222222,-3.68406365157697,0.5555555555555556,0.2222222222222222,2.553541398948402,2026
645302,"Robles, Victor",2026,Mariners,R,,0.0,0.1111111111111111,0.2222222222222222,-4.923701023730576,0.5555555555555556,0.2222222222222222,4.395929172186502,0.3333333333333333,12.330910873104106,0.4444444444444444,0.2222222222222222,-14.611188434688437,9,0.0,1.0,0.0,,0.8888888888888888,0.1111111111111111,2.677682559274256,2026
608032,"Estévez, Carlos",2026,Royals,R,1.098379884,0.0,0.375,0.125,-4.950391563345878,0.875,0.0,,0.0,,0.75,0.25,-9.52262415217926,8,0.125,1.0,0.0,,0.625,0.375,3.044612267650773,2026
670871,"Zuñiga, Guillo",2026,Mets,R,4.830808188,0.0,0.0,0.25,-6.502161406861884,0.125,0.625,8.564040636352404,0.375,12.478752114756322,0.625,0.0,,8,0.25,1.0,0.0,,0.75,0.25,2.5032271999678457,2026
687721,"Weston, Cameron",2026,Orioles,R,3.299125404,0.0,0.125,0.0,,0.5,0.5,8.626677423798096,0.5,17.279521398770065,0.125,0.375,-9.058956224952125,8,0.125,0.875,0.125,-2.5347716496974284,0.75,0.125,2.507612138964078,2026
655316,"Monasterio, Andruw",2026,Red Sox,R,,0.0,0.25,0.0,,1.0,0.0,,0.375,20.41084045710874,0.25,0.375,-12.68322725732377,8,0.0,0.75,0.0,,0.875,0.125,2.237116343970932,2026
646242,"Díaz, Jhonathan",2026,Mariners,L,,0.0,0.5,0.0,,0.875,0.125,7.4159929934732,0.25,11.296695979722797,0.5,0.25,-9.600971545870198,8,0.0,0.75,0.0,,0.875,0.125,2.146040973999795,2026
686894,"Wiemer, Joey",2026,Nationals,R,,0.0,0.0,0.2857142857142857,-5.83552622276321,0.5714285714285714,0.1428571428571428,4.48474368803306,0.1428571428571428,7.742039280063916,0.8571428571428571,0.0,,7,0.0,1.0,0.0,,0.7142857142857143,0.2857142857142857,2.3967317839411337,2026
595978,"Hedges, Austin",2026,Guardians,R,,0.0,0.7142857142857143,0.1428571428571428,-4.889651910942135,0.7142857142857143,0.1428571428571428,4.170838365316541,0.1428571428571428,17.379028058983362,0.8571428571428571,0.0,,7,0.0,1.0,0.1428571428571428,-2.5683007032886818,0.8571428571428571,0.0,,2026
681520,"Kelly, Antoine",2026,Cubs,L,0.42937722,0.0,0.2857142857142857,0.1428571428571428,-5.87332069121393,0.4285714285714285,0.4285714285714285,6.642603153816679,0.2857142857142857,8.90783981187993,0.7142857142857143,0.0,,7,0.1428571428571428,1.0,0.1428571428571428,-2.092208024942514,0.5714285714285714,0.2857142857142857,2.4057643442352363,2026
664744,"Espada, Jose",2026,Orioles,R,0.1,0.0,0.5714285714285714,0.1428571428571428,-6.541173621333538,0.8571428571428571,0.0,,0.1428571428571428,7.027246422924913,0.8571428571428571,0.0,,7,0.1428571428571428,0.8571428571428571,0.0,,0.8571428571428571,0.1428571428571428,2.6659610889841088,2026
697811,"Ross, Dylan",2026,Mets,R,3.4536222,0.1666666666666666,0.1666666666666666,0.5,-5.632365594434773,0.3333333333333333,0.1666666666666666,7.434695120699235,0.1666666666666666,11.825828101952563,0.6666666666666666,0.1666666666666666,-8.019778114022893,6,0.1666666666666666,0.8333333333333334,0.1666666666666666,-4.806916964790911,0.8333333333333334,0.0,,2026
701780,"McDougal, Tanner",2026,White Sox,R,1.381426044,0.0,0.1666666666666666,0.0,,0.8333333333333334,0.1666666666666666,10.77610799240144,0.0,,0.6666666666666666,0.3333333333333333,-10.853561869517865,6,0.1666666666666666,0.6666666666666666,0.0,,0.6666666666666666,0.3333333333333333,3.157670523517888,2026
804668,"Flores Jr., Rafael",2026,Pirates,R,0.25715148,0.0,0.3333333333333333,0.0,,1.0,0.0,,0.3333333333333333,19.49637517482627,0.5,0.1666666666666666,-11.597665054861586,6,0.1666666666666666,1.0,0.0,,0.8333333333333334,0.1666666666666666,3.2594800454080404,2026
605441,"Ríos, Yacksel",2026,Cubs,R,2.093109288,0.1666666666666666,0.3333333333333333,0.1666666666666666,-5.302449296776626,0.6666666666666666,0.1666666666666666,8.727107639068212,0.1666666666666666,9.141830475684577,0.6666666666666666,0.1666666666666666,-7.146669682694706,6,0.3333333333333333,1.0,0.1666666666666666,-3.2307902822475296,0.6666666666666666,0.1666666666666666,2.759522957430569,2026
663884,"Kingham, Nolan",2026,Rangers,R,0.859952802,0.1666666666666666,0.3333333333333333,0.3333333333333333,-7.280688194011553,0.6666666666666666,0.0,,0.0,,0.8333333333333334,0.1666666666666666,-9.50009944583958,6,0.3333333333333333,1.0,0.1666666666666666,-3.1881770688145674,0.6666666666666666,0.1666666666666666,3.066091631039764,2026
664702,"Straw, Myles",2026,Blue Jays,R,,0.0,0.4,0.0,,1.0,0.0,,0.6,26.97319985561991,0.4,0.0,,5,0.0,1.0,0.0,,1.0,0.0,,2026
605156,"Brooks, Aaron",2026,Rays,R,3.686505648,0.2,0.0,0.2,-5.477602268073792,0.8,0.0,,0.2,8.6470165294849,0.4,0.4,-7.811610420967089,5,0.2,0.8,0.2,-5.68469849506836,0.4,0.4,2.406283906555741,2026
643361,"Herget, Kevin",2026,Mets,R,,0.0,0.6,0.0,,1.0,0.0,,0.0,,1.0,0.0,,5,0.0,1.0,0.0,,0.6,0.4,2.3709643432311527,2026
664731,"Higgins, P.J.",2026,Reds,R,0.804790704,0.2,0.2,0.0,,0.6,0.4,5.787521099197022,0.4,14.029673436277063,0.6,0.0,,5,0.4,1.0,0.0,,0.6,0.4,3.9525142602314367,2026
596142,"Sánchez, Gary",2026,Brewers,R,,0.0,0.3333333333333333,0.0,,1.0,0.0,,0.3333333333333333,7.458178387525153,0.6666666666666666,0.0,,3,0.0,1.0,0.0,,0.6666666666666666,0.3333333333333333,2.7136554106017226,2026
686747,"La Sorsa, Joe",2026,Red Sox,L,,0.0,0.5,0.0,,1.0,0.0,,0.0,,1.0,0.0,,2,0.0,1.0,0.0,,0.5,0.5,2.180883143402924,2026
545121,"Vargas, Ildemaro",2026,Diamondbacks,R,,0.0,0.0,0.0,,1.0,0.0,,1.0,13.381272663862884,0.0,0.0,,2,0.0,1.0,0.0,,1.0,0.0,,2026
668942,"Rojas, Josh",2026,Royals,R,,0.0,0.0,0.0,,1.0,0.0,,1.0,14.096991681912716,0.0,0.0,,2,0.0,1.0,0.0,,1.0,0.0,,2026
624428,"Frazier, Adam",2026,Angels,R,,0.0,0.0,0.0,,1.0,0.0,,1.0,29.28462405511012,0.0,0.0,,1,0.0,1.0,0.0,,1.0,0.0,,2026
640902,"Pereda, Jhonny",2026,Mariners,R,,0.0,0.0,0.0,,0.0,1.0,4.008425786423327,0.0,,1.0,0.0,,1,0.0,1.0,0.0,,1.0,0.0,,2026
682668,"Acuña, Luisangel",2026,White Sox,R,,0.0,0.0,0.0,,1.0,0.0,,1.0,12.695582753287558,0.0,0.0,,1,0.0,1.0,0.0,,1.0,0.0,,2026
668670,"Rogers, Jake",2026,Tigers,R,0.249056976,0.0,0.0,0.0,,0.0,1.0,5.696442222302661,1.0,21.06121222680789,0.0,0.0,,1,1.0,1.0,0.0,,1.0,0.0,,2026
660710,"Durán, Rodolfo",2026,Padres,R,,0.0,1.0,0.0,,1.0,0.0,,0.0,,1.0,0.0,,1,0.0,1.0,0.0,,1.0,0.0,,2026
543510,"McCann, James",2026,Diamondbacks,R,,0.0,1.0,0.0,,1.0,0.0,,0.0,,1.0,0.0,,1,0.0,1.0,0.0,,1.0,0.0,,2026
